0.004451425825967
0.006188881535093
0.006571129865671
0.005640815857135
0.003621294717245
0.000983674286747
-0.001680008736703
-0.003870737425587
-0.005236419512101
-0.005569076537557
-0.004870457096761
-0.003434968470394
-0.001697209862771
0.000041271055212
0.001644564438317
0.003014976557531
0.003955908737299
0.004163579875439
0.003550324703996
0.002495032910090
0.001497316284970
0.000657335886087
-0.000326684619646
-0.001683118472561
-0.003131194935466
-0.004036196707283
-0.004023715761603
-0.003200154223867
-0.001856286368768
-0.000258885717497
0.001296100097737
0.002481220017483
0.003126496158101
0.003309201455905
0.003280349650828
0.003301352694762
0.003344413341837
0.003058432358527
0.002163058013768
0.000739977979757
-0.000907503443621
-0.002554496521772
-0.004044080634002
-0.005099494470173
-0.005302453713701
-0.004269223871983
-0.002057697217657
0.000671541458633
0.003069448353766
0.004529705184109
0.004788507997366
0.003889185316549
0.002305956471528
0.000854101706924
0.000007310727950
-0.000351147091170
-0.000413928269847
-0.000294516626820
-0.000211710729533
-0.000337437319849
-0.000639178034744
-0.001091679100258
-0.001666878923249
-0.001982671489012
-0.001553226281806
-0.000336872872410
0.001300327016503
0.002738285282489
0.003275225182748
0.002653490323473
0.001230568593765
-0.000473313775106
-0.001989621820648
-0.002856137585251
-0.002875223835992
-0.002160287696344
-0.000718301479099
0.001493998083896
0.003962434112798
0.005681229759789
0.005952943198181
0.004652702053749
0.002006098236656
-0.001328861848048
-0.004359999171147
-0.006321123615720
-0.006875388366131
-0.005849160924163
-0.003327738283610
-0.000031166290341
0.003052651925669
0.005409608042726
0.006842795418413
0.007015651563587
0.005735379417985
0.003286961111191
0.000288376208983
-0.002524163033287
-0.004550021794272
-0.005541894822878
-0.005533840046303
-0.004755599777883
-0.003528893431264
-0.002029490576371
-0.000311066673400
0.001486404131365
0.003056928639213
0.004028803304606
0.004171897971919
0.003395932811804
0.001740590877276
-0.000339291270720
-0.001994717291633
-0.002587048362827
-0.002119356424725
-0.001063381608774
-0.000006459239250
0.000546660135229
0.000355314614290
-0.000392558235702
-0.001247954334680
-0.001787059785540
-0.001652380802526
-0.000692460297315
0.000938003725111
0.003007150657504
0.005097381556445
0.006297817942664
0.005683360415869
0.003192797344825
-0.000344129468882
-0.003955673382684
-0.006851783042450
-0.008245136215086
-0.007601604062208
-0.005090716460579
-0.001416978721568
0.002618713733380
0.006204166256945
0.008497946333782
0.008848759076269
0.007089459879395
0.003685696046474
-0.000346529154010
-0.003769008023473
-0.005621196427889
-0.005672047154202
-0.004450848447487
-0.002810293017849
-0.001368988908204
-0.000220592730648
0.000861840033982
0.002057406788089
0.003256603091362
0.003891341276840
0.003250357868135
0.001261021528555
-0.001266975165434
-0.003223586768842
-0.003862742215648
-0.003074409609322
-0.001340571313518
0.000496506561911
0.001615695718642
0.001625246673838
0.000732700792418
-0.000347400561884
-0.000665109746907
0.000239557684078
0.001678437253837
0.002381393561592
0.001719149728203
0.000023257049801
-0.002025490159653
-0.003764112883892
-0.004477216024150
-0.003721778276227
-0.001807738964974
0.000337183772531
0.001744335552211
0.002024257369367
0.001592271625573
0.001214030807676
0.001355747983757
0.001883313162148
0.002208181471886
0.001809321821661
0.000793084211720
-0.000269226722482
-0.001145400148777
-0.001960080535610
-0.002475639847720
-0.002248499268193
-0.001368171922557
-0.000393098709670
0.000298247401229
0.000719631472099
0.001037776378360
0.001418573390914
0.001880474131636
0.002206803906268
0.002153002551334
0.001687235529492
0.001082048344385
0.000679301729139
0.000447239248257
0.000024368326901
-0.000768157937743
-0.001702856138738
-0.002432755972380
-0.002791481366194
-0.002813855700136
-0.002574075514980
-0.001945611723510
-0.000694969842994
0.001016219827847
0.002445175894626
0.002772518664616
0.001838474977916
0.000308661852741
-0.000945909326802
-0.001478906139400
-0.001295198083704
-0.000687734416354
-0.000174316606820
-0.000060973119639
-0.000078891698875
0.000092505261360
0.000342980446335
0.000466241802940
0.000424120755326
0.000119615638309
-0.000624501995129
-0.001664665400346
-0.002465345996899
-0.002576192469714
-0.001931692211838
-0.000884060601905
-0.000072542868956
0.000151233047743
0.000086618167083
0.000255906913353
0.000933842449871
0.002042399418930
0.003100596347414
0.003438416051756
0.002701150747847
0.001026545086226
-0.001184413338906
-0.003439256437320
-0.005124616999200
-0.005570176535459
-0.004417070142972
-0.001947574157017
0.001010433175355
0.003526313796384
0.004978693324467
0.005067326478661
0.003874551813419
0.002137469119033
0.000592556920234
-0.000876374696613
-0.002522006531519
-0.003906134139463
-0.004488030759274
-0.004165815378814
-0.003000180734423
-0.001210255790107
0.000515110599612
0.001420397829963
0.001415696944405
0.001036378698230
0.000928565494501
0.001370326311723
0.002007294671996
0.002280183970820
0.001952033454448
0.000897443061422
-0.000968020293821
-0.003093365198839
-0.004362748788128
-0.004142568599103
-0.002771353623299
-0.001012489681891
0.000579450766914
0.001739377239519
0.002272316651053
0.002073535578358
0.001245128158180
0.000002225162944
-0.001372195480244
-0.002489251849983
-0.002975829195431
-0.002599477761898
-0.001298937089577
0.000583677343059
0.002139080235069
0.002583438775277
0.002109982239737
0.001508018277468
0.001199844645823
0.000894058948955
-0.000043329287529
-0.001790751354212
-0.003740237284480
-0.005002400919779
-0.004961883986808
-0.003461864490649
-0.000810828106778
0.002108431820845
0.004034050373530
0.004238499280603
0.003059228033214
0.001365083024833
-0.000075908921741
-0.000859874018176
-0.001104739055174
-0.001257894212085
-0.001577278232488
-0.002020980208993
-0.002502327613641
-0.002913775632397
-0.003083135752487
-0.002845103850160
-0.002106441092284
-0.000923681640741
0.000493859385455
0.001859994080275
0.002809166610938
0.002929798180187
0.002166684731493
0.001119331804317
0.000439287792633
0.000212966795156
0.000280093329630
0.000585857891004
0.000904348105264
0.000630194145589
-0.000611061589499
-0.002240219599899
-0.003292555129119
-0.003564714522593
-0.003493294859299
-0.003230531269038
-0.002616730319154
-0.001677403084109
-0.000433496601945
0.001257484675603
0.003185069005625
0.004644498523596
0.004962752273457
0.003910972559452
0.001787852017977
-0.000694697199677
-0.002684214506957
-0.003609264750555
-0.003519737161042
-0.002871519955132
-0.002050258095062
-0.001340634482141
-0.000963137543168
-0.000795266899271
-0.000401863681395
0.000527296099922
0.001877312029571
0.003099500499515
0.003555405915739
0.003009574356430
0.001690346587590
0.000010506088847
-0.001510071551652
-0.002365974330297
-0.002495593534062
-0.002245591230952
-0.001800233474095
-0.001148369934036
-0.000420061445294
0.000273708012926
0.001020613556705
0.001749497799266
0.002112433609230
0.002040650117690
0.001853386452385
0.001580323329178
0.000884552659874
-0.000243439455639
-0.001316821369787
-0.001856097515567
-0.001755382628752
-0.001186848905390
-0.000285603761175
0.000901493478447
0.002111839284800
0.002797533598088
0.002571173376354
0.001512862821663
-0.000015223361690
-0.001510804626347
-0.002375977580077
-0.002251381683122
-0.001346687275759
-0.000282402164316
0.000347051886013
0.000200462361457
-0.000671729030483
-0.001735395748619
-0.002330656532754
-0.002123211984950
-0.001058038375149
0.000830836831864
0.003266254168571
0.005508234343454
0.006569939752868
0.005796585290259
0.003340049183481
0.000111156145592
-0.002859475648161
-0.004996198041114
-0.006052898492114
-0.005814011089083
-0.004361265284613
-0.002291059239046
-0.000233093749011
0.001544161614967
0.003000807973644
0.004105037946528
0.004661026069132
0.004352510982228
0.003092530111266
0.001330154956171
-0.000193451847923
-0.001165893512140
-0.001870369262080
-0.002592461627532
-0.003239592231456
-0.003406345694401
-0.002614657027604
-0.000739907785693
0.001726292102783
0.003921517539107
0.005045363394929
0.004650176864756
0.002858433196377
0.000406700053646
-0.001779135798124
-0.003033539245026
-0.003012874289031
-0.001911549486723
-0.000522465353755
0.000465395202703
0.000857316362777
0.000515472274594
-0.000684983693729
-0.002253855765296
-0.003119013174510
-0.002595607359765
-0.000953542766953
0.001090074768438
0.002985150739103
0.004369452635888
0.004933607987878
0.004489785947578
0.003193459378834
0.001621075557483
0.000311518291349
-0.000753568597113
-0.001974595468975
-0.003588041775895
-0.005268284008320
-0.006029353039443
-0.004926768590238
-0.002239127664382
0.000547183853676
0.002169595717384
0.002589510883651
0.002559804102546
0.002625398300375
0.002847475548537
0.003207999213657
0.003633181472826
0.003676125571792
0.002678430076492
0.000381893664232
-0.002629279214373
-0.005095255013655
-0.005882087374683
-0.004824820434656
-0.002722733223778
-0.000578112039873
0.000835110050161
0.000992093443702
0.000028949475132
-0.000957632050787
-0.000628783306755
0.001500410058121
0.004662123164377
0.007394905833824
0.008559678124174
0.007820075264617
0.005210924356971
0.000721630937542
-0.005082567374000
-0.010226135418685
-0.012243635507990
-0.010369656748943
-0.006150373414351
-0.001729172270917
0.001793257798197
0.004291494305441
0.005844454389073
0.006344920971618
0.005596741277813
0.003761014984964
0.001518939270863
-0.000464001561804
-0.002084555326526
-0.003460713786029
-0.004271895898429
-0.004018547884762
-0.002680706208622
-0.000624697955322
0.001840595159199
0.004356696033146
0.006045962145181
0.005673323703868
0.002808839221858
-0.001269311748719
-0.004417344902200
-0.005443233587930
-0.004783822006819
-0.003505708865873
-0.002085735343313
-0.000346808509070
0.001790012144705
0.003800517096212
0.004800527491975
0.004319012899924
0.002616918964489
0.000187460046275
-0.002464367755272
-0.004376532343906
-0.004299975456297
-0.001805044739725
0.002150281350791
0.005865407008951
0.007863525383979
0.007412729486846
0.004660501845826
0.000497657617450
-0.003820825777464
-0.007033228011753
-0.008213524869069
-0.007196803483595
-0.004728367681385
-0.001945266542399
0.000488599961125
0.002587914010543
0.004424248851564
0.005698690523408
0.006022077617624
0.005337952342652
0.003883553425083
0.001894353213798
-0.000354446807772
-0.002175044134410
-0.002657961151922
-0.001739983788964
-0.000552013534802
-0.000240722448203
-0.000972315821067
-0.002165550407545
-0.003305787413336
-0.004427008063361
-0.005633278843051
-0.006321435202909
-0.005229849796562
-0.001431685338413
0.004415510420776
0.009964787463186
0.012748493311667
0.011812170779271
0.007851529705172
0.002330418112513
-0.003165439887679
-0.007200032598884
-0.008818146835240
-0.007880476193343
-0.005068212324163
-0.001634526943073
0.000973829447607
0.001966004231704
0.001750582110076
0.001159219012982
0.000521648570667
-0.000250051539378
-0.001104483071727
-0.001672762596226
-0.001659254166213
-0.001056468930755
0.000050654804636
0.001513325952950
0.003140499440263
0.004830802848114
0.006431146024167
0.007433565037413
0.007014450014116
0.004624579821197
0.000459270939524
-0.004686622735491
-0.009703144618149
-0.013395449043825
-0.014807682285701
-0.013447102630137
-0.009230228063001
-0.002426301228372
0.006014599382363
0.014115135500807
0.019378253766818
0.020006455339701
0.015540055468501
0.006763155318704
-0.004154945025339
-0.013771928232466
-0.018664098255103
-0.017226478690280
-0.010553698587545
-0.001689481714470
0.005981148091655
0.010091340816380
0.010042078445577
0.006864663677136
0.002339209175908
-0.001910188614004
-0.004988153007919
-0.006733080687668
-0.007083869251867
-0.005698854437201
-0.002414679121828
0.002261279904321
0.007102014190471
0.010334496847541
0.010357329473104
0.006777509502512
0.000643047643928
-0.006195927456180
-0.011678514801795
-0.013883648707243
-0.011738392970745
-0.005942713885669
0.001218596868299
0.007335250908967
0.010883019763299
0.011245893535534
0.008631070693099
0.004011476608011
-0.001164639570743
-0.005357878689553
-0.007299797697113
-0.006612345277103
-0.004231319725361
-0.001646752259806
0.000202761073320
0.001142147193762
0.001484510154468
0.001688894700508
0.001987711182922
0.002333567326905
0.002599028366059
0.002571113410047
0.001905699152753
0.000441496252279
-0.001436858727140
-0.002964589281880
-0.003647448628463
-0.003583657645671
-0.003065543587540
-0.002098102723341
-0.000363998843093
0.002217809833106
0.004796343967219
0.005899540548559
0.004679319447596
0.001568270824174
-0.002259613056431
-0.005568909915079
-0.007195942750542
-0.006380744215002
-0.003351813338002
0.000792995167147
0.004585776932882
0.006471039267991
0.005515556753285
0.002298076155278
-0.001497357410223
-0.004490255044401
-0.006071594443749
-0.005840047620492
-0.003700958956376
-0.000564741754645
0.002005246542760
0.003028674519286
0.002671933101500
0.001888173900648
0.001603472765195
0.001896890827569
0.002143883177505
0.001940519718168
0.001370610741318
0.000655392583516
-0.000079036275386
-0.000997474798097
-0.002359418372956
-0.003888943510022
-0.004795154095681
-0.004580093443987
-0.003339098303414
-0.001254375936459
0.001371181636916
0.003475250862580
0.003707673562691
0.001881560362988
-0.000785407257136
-0.002891875248148
-0.003621174780207
-0.002697876012529
-0.000465875318717
0.002197701865926
0.004368061213763
0.005343107961740
0.004738812737422
0.002761798523734
0.000253197336246
-0.001876008616223
-0.003256528917457
-0.004055944870459
-0.004444338018835
-0.004193655901180
-0.002988238302292
-0.001058715659280
0.000752313061133
0.001690084796139
0.001795770165517
0.001632370357514
0.001394994452238
0.000851971729217
0.000057500281630
-0.000587130316661
-0.000929123881701
-0.001041792068324
-0.000773394667129
0.000053431505959
0.001253678287775
0.002263260135895
0.002290342439457
0.000947555935297
-0.001200796900228
-0.003197211441987
-0.004476898619918
-0.004780820941252
-0.003820566974854
-0.001575607984073
0.001294760233331
0.003777061539664
0.005056990420807
0.004689562802231
0.002811299979894
0.000254389759163
-0.001956857958488
-0.003233252961258
-0.003623224566819
-0.003603666594544
-0.003562484873244
-0.003313490321628
-0.002250448041397
-0.000168545868214
0.002294015640348
0.004169281424052
0.004791821816850
0.004047260429727
0.002430311348916
0.000575697294245
-0.001420827715990
-0.003705627361449
-0.005876506656049
-0.007091492985802
-0.006709034264299
-0.004429370512526
-0.000349942641645
0.004555830028478
0.008501398035510
0.009950513645490
0.008474948809053
0.004661241232216
-0.000251744973959
-0.004597666990249
-0.006919626742220
-0.006799496217523
-0.004884054060589
-0.002224755916331
0.000225976826026
0.001727264700617
0.001795975469051
0.000417995625697
-0.001753913315976
-0.003467622437009
-0.003473180208073
-0.001506459410875
0.001459472206248
0.004047208917286
0.005317438513510
0.005161762380132
0.004276167250360
0.003447512792574
0.002768064732727
0.001762775212252
0.000155337153770
-0.001749935598656
-0.003422194450031
-0.004632462991120
-0.005430957945714
-0.005679385741870
-0.005049692436698
-0.003463697608078
-0.001074700068595
0.001929986853229
0.004995140470683
0.006950135656224
0.006729073634476
0.004443987771203
0.001397978274098
-0.001045584555871
-0.002352395578593
-0.002572610011041
-0.001738439693786
0.000109659451363
0.002657528900466
0.005175353534770
0.006316874303669
0.004675648199889
0.000228407828212
-0.005180238324450
-0.009012353459984
-0.009613365246843
-0.006971452407350
-0.002213803291929
0.003258369406426
0.007978904214410
0.010474032019395
0.009639718718954
0.005328240770315
-0.000965011205628
-0.006397827817721
-0.008590548721865
-0.007168201506458
-0.003575521554130
0.000257003546143
0.003108555886656
0.004723640633381
0.005365997244391
0.005331452489830
0.004682128567755
0.003298935472155
0.001142169514197
-0.001638872350316
-0.004680575667179
-0.007209586385316
-0.008093899361402
-0.006550674476383
-0.002896998190638
0.001607901202659
0.005634834450398
0.008283244377806
0.009096827856211
0.008133641808021
0.005898907816131
0.003040837651164
0.000095183135906
-0.002644720900486
-0.005048749521089
-0.006921642383216
-0.007853553775282
-0.007309136077563
-0.005025137406150
-0.001394100942041
0.002493308361720
0.005179525287532
0.005686250799466
0.004382941028268
0.002748431712526
0.002162115113154
0.003030655236164
0.004720746173185
0.005928281289015
0.005375035011190
0.002600608518323
-0.001725168512896
-0.006207690814187
-0.009494705943622
-0.010644166592970
-0.009058960198843
-0.004691616346228
0.001630310979519
0.008245109948343
0.013068744588669
0.014345725766509
0.011475474773285
0.005444154031676
-0.001539687378593
-0.007123851080701
-0.009847382881625
-0.009593838885205
-0.007294437075249
-0.004002989694237
-0.000332962403207
0.003139327524394
0.005494287284037
0.006015959574139
0.005154189097891
0.004482677283978
0.005147784526233
0.006656966696603
0.007382441626833
0.005743264138413
0.001160723749782
-0.005460831198690
-0.011982562514147
-0.015806888494764
-0.015025983322339
-0.009483833761753
-0.000927966854715
0.007681610630984
0.013377698254862
0.014578590249691
0.011557439271627
0.005714902340623
-0.001092605823810
-0.006719759921493
-0.009230052752546
-0.007892824679681
-0.003687165792073
0.001347616037379
0.005169389553656
0.006341009319673
0.004548343784720
0.000956468386364
-0.002527528918915
-0.004564767920649
-0.004848081236098
-0.003649627227099
-0.001416963903941
0.001116330867921
0.002959146890852
0.003459830722887
0.002734466385695
0.001480026928504
0.000429888282741
-0.000104763916547
-0.000002864521157
0.001019566506279
0.002731353488204
0.003664210074786
0.002010246519722
-0.002551798963714
-0.008086566541086
-0.011527644206964
-0.010639716811475
-0.005090784747770
0.003712341904755
0.013133582133121
0.019785265465250
0.020515163042746
0.014122414895816
0.002468674868231
-0.010383693164042
-0.020102970432600
-0.023614404801724
-0.020045250837919
-0.010883634194596
0.000894038628086
0.011996398730612
0.019535247608224
0.021447850904712
0.017093440039689
0.007780631370746
-0.003542505094096
-0.013391422898466
-0.018850133142248
-0.018433715137502
-0.012524460552271
-0.003023052841989
0.007294383134636
0.015362317548766
0.018618323706385
0.015865980868976
0.007873331317684
-0.002767546566460
-0.012675825227953
-0.018865350626373
-0.019493065906165
-0.014177334251263
-0.004081583808244
0.008169374630308
0.019154745817878
0.025786922010703
0.026147212013457
0.020064838246281
0.009196688502656
-0.004025880903308
-0.017352798368656
-0.028520199621941
-0.035110937841559
-0.035113777061215
-0.027490325490604
-0.012698842730070
0.006724630019189
0.026381184834263
0.041380615755767
0.047806415313627
0.043613449535042
0.029296427918840
0.008008197812865
-0.015446528743032
-0.035984027907327
-0.049155550293235
-0.051809006300166
-0.042811320137432
-0.023880456755606
0.000287927398317
0.023523129406149
0.040334802270217
0.047220755327297
0.043157631261356
0.029740026943913
0.010710025145642
-0.009258090204140
-0.025895029264102
-0.036115952938922
-0.038287509112886
-0.032399751713352
-0.019918473264711
-0.003317668229267
0.013944717463834
0.027635362188267
0.034134512657208
0.031875115766622
0.021724015850720
0.006557271706343
-0.009619769227539
-0.022767951819486
-0.029875740411484
-0.029494582392932
-0.021758831064978
-0.008506747209880
0.006869551697261
0.020284230471584
0.028108660288549
0.028391162622646
0.021566555202841
0.009888827667336
-0.003681044905956
-0.015989813219138
-0.023996179399073
-0.025605750448617
-0.020535967138251
-0.010382656315952
0.001963107943256
0.012993380443996
0.019485876321548
0.019711660472745
0.014106657119065
0.005054942865356
-0.003875083472010
-0.009379315840407
-0.009954168429083
-0.006346533016508
-0.000834712427468
0.004099264246212
0.006834689167619
0.006769447566216
0.003951129107174
-0.001082401546376
-0.007030028758879
-0.011765376250415
-0.013231488396084
-0.010717511035420
-0.005155658914322
0.001705477663461
0.008171577588699
0.012837373486408
0.014591724900981
0.013137772266856
0.009435750251666
0.004912411457806
0.000315819942835
-0.004321513672073
-0.008968855497706
-0.013038123959760
-0.015393434819202
-0.014967481125796
-0.011386531199468
-0.005133686738324
0.002563052852767
0.009994311924007
0.015399489392824
0.017417444423490
0.015482586649973
0.010076382566857
0.002595714101299
-0.005096780055987
-0.011101071580738
-0.013899708730004
-0.012898887645548
-0.008624458266338
-0.002374314656867
0.003966464055615
0.008176608113322
0.008904697757584
0.006667054073408
0.003091926075920
-0.000402426277965
-0.002915556993970
-0.003935817912765
-0.003411284170289
-0.001668270044683
0.000742709093797
0.003022971376356
0.004239292060420
0.003756175822704
0.001566590901194
-0.001738801990273
-0.005114916234116
-0.007300689962124
-0.007280209838743
-0.004802323836330
-0.000623629605043
0.003917847151637
0.007665817808500
0.009927475691822
0.010331230933662
0.008708056332872
0.005094127142059
-0.000067172386802
-0.005675697713957
-0.010159911542824
-0.012164754825076
-0.011243798537811
-0.008006947723824
-0.003545649917445
0.001101752193989
0.004900249185619
0.006972216236734
0.007069872767450
0.005612225916440
0.003344402392452
0.000927284078542
-0.001234262710122
-0.002734513423545
-0.003128283609191
-0.002421760701814
-0.001280521688340
-0.000399544207485
0.000278262729216
0.001344068730745
0.002844336978499
0.003868334432903
0.003380392237486
0.001215422689295
-0.001623504556420
-0.003530812152647
-0.003608642410797
-0.002603557935474
-0.002122168687866
-0.002794792786506
-0.003678835458025
-0.003443234416638
-0.001510191276968
0.001737491797777
0.005220613788309
0.007743260826102
0.008420702277109
0.006715864986454
0.002793470205714
-0.002054960241375
-0.005977867624500
-0.007845964862505
-0.007847613691921
-0.006788961145447
-0.005077026793254
-0.002573588547304
0.000741364969845
0.004254577885363
0.006947073548971
0.008119741312120
0.007864886485569
0.006678045711449
0.004792883174136
0.002202432280457
-0.000965361909373
-0.004305865252827
-0.007134588755310
-0.008718889848865
-0.008855228016141
-0.008162826290317
-0.007361232077762
-0.006242034964137
-0.003875489612945
0.000223090442799
0.005380277786998
0.009888729070447
0.011936382586537
0.010862928010764
0.007605538519984
0.003965887580334
0.001349818314292
-0.000000406878259
-0.000748607384703
-0.001701055278520
-0.003260064416645
-0.005327138667895
-0.007439999596254
-0.008935911804038
-0.009268148409220
-0.008352868157557
-0.006437838077666
-0.003568927311192
0.000469546271979
0.005575082246547
0.010859330188798
0.014616686746004
0.014973918056448
0.011171870404482
0.004379693680744
-0.002832822430935
-0.008005027012995
-0.009988715076109
-0.009103368991419
-0.006648304704744
-0.004066941652741
-0.002200208322083
-0.001292022501420
-0.001325865239312
-0.001989250867535
-0.002572443436956
-0.002194394675928
-0.000090822639208
0.004093414063167
0.009771789563044
0.015129447660886
0.017798004476228
0.016065373072017
0.009583956054343
-0.000538600734558
-0.012015485801797
-0.022184451927802
-0.028809988184516
-0.030342962058730
-0.026086003451158
-0.016399913039226
-0.002705263004112
0.012756525917959
0.027218069244643
0.037486811500423
0.040457267588890
0.034515729077428
0.020676048981120
0.002334548078473
-0.016004403725426
-0.030216378770574
-0.037645487479789
-0.037427424766701
-0.030256868793555
-0.018051343784946
-0.003449534630467
0.010875771651398
0.022633139318239
0.029972915736270
0.031608740999565
0.027249242405023
0.017878484306740
0.005404411573109
-0.007803426638859
-0.019184944977828
-0.026424365355441
-0.028005335432878
-0.023707710872000
-0.014709539730776
-0.003179214757354
0.008155450782396
0.016617226822156
0.020557986271797
0.019850479597387
0.015371198942587
0.008301606027415
0.000132649684599
-0.007218899701614
-0.011902720284366
-0.012754568460966
-0.009718320791904
-0.004118445378519
0.001750676742713
0.005815429562505
0.007009772441059
0.005207390771604
0.001078325770973
-0.004131985179186
-0.009013290227172
-0.012091335148782
-0.011929753823050
-0.007847461412108
-0.000638686085417
0.007710898834049
0.014922826812463
0.019107027250876
0.019297826499140
0.015636994945020
0.008925272204702
0.000176686969256
-0.009341771846186
-0.017827924877618
-0.023123584120412
-0.023565106834701
-0.018636864306942
-0.009153940602469
0.002672177033507
0.013733005613538
0.021231733385700
0.023615751709476
0.020630877579414
0.013156813401918
0.003290023037199
-0.006072432560863
-0.012477652172120
-0.014926543182994
-0.013815054110021
-0.010246563078372
-0.005442006343636
-0.000500281982638
0.003555579835690
0.005833925886993
0.006015111449374
0.004679050931549
0.002932045498456
0.001662112746358
0.001119285349813
0.001009834823392
0.000881325860455
0.000388471292352
-0.000788153339718
-0.002910588838787
-0.005630556184770
-0.007654981317206
-0.007521737083122
-0.004841919894786
-0.000571921817644
0.003845702947614
0.007235436671971
0.008822324130399
0.008351351823356
0.006064600552342
0.002335022158692
-0.002297545447659
-0.006716168296782
-0.009403203144172
-0.009332740563815
-0.006647419039392
-0.002452252521794
0.001885154937839
0.005221842438735
0.006825943004885
0.006523466674703
0.004660467989399
0.001784781176236
-0.001524822459746
-0.004536107638760
-0.006442387997111
-0.006886494265217
-0.006122421013835
-0.004488524594052
-0.002176694513007
0.000676035631881
0.004025980486191
0.007644628947375
0.010824073026021
0.012577542412769
0.011925228707792
0.008258498643376
0.001924092622468
-0.005580183337315
-0.012141013681915
-0.015847077551074
-0.015694357975015
-0.011995146251640
-0.006084847889951
0.000485139280455
0.006365629502409
0.010457334681841
0.012209382128738
0.011777019954403
0.009504282224404
0.005582790830408
0.000541598474656
-0.004474741113768
-0.008123374301223
-0.009365880036767
-0.008048470498869
-0.005131108546101
-0.001924450331796
0.000759396990783
0.002592902561101
0.003413295305194
0.003251306025798
0.002346695734857
0.001035564814848
-0.000078397855148
-0.000225155131925
0.000757320616466
0.002062702637728
0.002623912561621
0.002054188167430
0.000833320040693
-0.000306417538570
-0.001102399886686
-0.001890972766997
-0.003030110008570
-0.004240382699358
-0.004575725552714
-0.003136707064649
0.000110737973983
0.004163090773478
0.007454221952777
0.008611396137455
0.007210228482389
0.004005569202560
0.000316881686196
-0.002850352438126
-0.005038097504492
-0.005998505645013
-0.005548942229856
-0.003699517375609
-0.000867503466352
0.002026938658785
0.004089989739236
0.005073073198887
0.005122564892078
0.004208894023261
0.002135539368844
-0.001067548813433
-0.004874119159183
-0.008156767435089
-0.009422162528032
-0.007634672727150
-0.002975273285663
0.003146583342922
0.008608188566677
0.011320365998546
0.010181827274352
0.005787983517478
0.000052702579029
-0.004984905656388
-0.007973348304762
-0.008430501345340
-0.006667183050185
-0.003558968227706
-0.000232950944035
0.002299442271995
0.003432980627519
0.003077142082024
0.001706621093286
0.000176446813634
-0.000775805717588
-0.000908233385201
-0.000528063484871
-0.000139840386965
0.000091299007520
0.000307089127095
0.000516687404645
0.000659682497324
0.000927069160661
0.001651215012414
0.002985230146915
0.004412621042500
0.004339654682628
0.001092788475429
-0.005070900462500
-0.011510525016615
-0.015029723651071
-0.013887099969021
-0.008328706569109
-0.000001540108237
0.008863249057217
0.016034050568972
0.019617625189421
0.018411913151587
0.012208005762708
0.002138258936235
-0.008988936319657
-0.017409112856108
-0.020211752242589
-0.016758649505043
-0.008761541854688
0.000805498866626
0.009008992823145
0.013735709977209
0.014023430214169
0.010220550327019
0.003885816196901
-0.002868391257857
-0.008158098400703
-0.010689083170659
-0.009978166593509
-0.006436719655444
-0.001134301220081
0.004434056267384
0.008628293469957
0.010230432926466
0.008907667571575
0.005169226038979
0.000090495548909
-0.004862959987552
-0.008254495202663
-0.009450699886618
-0.008893516628695
-0.007338987316719
-0.004950036584018
-0.001413389192896
0.003203713515090
0.007958136318317
0.011317237196490
0.011956320370689
0.009420938162953
0.004242197066305
-0.002330312710970
-0.008641021037877
-0.012884865887209
-0.013633134966996
-0.010509014637312
-0.004424675502841
0.002668538970369
0.008396309603212
0.010872674539429
0.009519422518265
0.005229416394841
-0.000214878629978
-0.004977417499420
-0.007902703452006
-0.008682760931695
-0.007341922853331
-0.003996402124428
0.000724891356856
0.005510920724185
0.008865821204497
0.009548994879416
0.006894179589531
0.001498758937133
-0.004619114268239
-0.009099161632548
-0.010433416040867
-0.008474289889526
-0.004431403396585
-0.000150309461438
0.003142922157105
0.005322460943350
0.006697835998300
0.007390334113325
0.007217626297784
0.005752574171334
0.002721140859018
-0.001477718619983
-0.005853756514770
-0.009278290933962
-0.010651977853862
-0.009152700023401
-0.004875033484826
0.000902828542948
0.006182144089334
0.009067085561989
0.008646878847134
0.005367553423131
0.000568285660426
-0.004221422797305
-0.007651461101359
-0.008705693719289
-0.006892377809538
-0.002523631085093
0.003023496992501
0.007590371877877
0.009381143344691
0.007969535870482
0.004111866381529
-0.000938616540640
-0.005690360492020
-0.008655390502753
-0.008921652495750
-0.006593408137439
-0.002736961483367
0.001136085149810
0.003815740070417
0.004860704332620
0.004473792830783
0.003200731111463
0.001787878946997
0.001021527601319
0.001390365150152
0.002633563297306
0.003640517849513
0.003106081377597
0.000500420830207
-0.003486220377667
-0.007361284018779
-0.009652875608522
-0.009518669377021
-0.006865700251941
-0.002049701544604
0.004108424888652
0.009892517627173
0.013115087878396
0.012396247961650
0.007936424047216
0.001423610887699
-0.004665356580765
-0.008248792552347
-0.008650669492054
-0.006562193612791
-0.003254932168847
-0.000025046765758
0.002068155998378
0.002575150388493
0.001923208381539
0.001034777033239
0.000612036947764
0.000886994762661
0.001713784899844
0.002696279889184
0.003411254538896
0.003540780732507
0.002860834798678
0.001194662565889
-0.001520822418728
-0.004775907592224
-0.007162292566852
-0.007159258546408
-0.004439049478129
-0.000106505673396
0.004129780924242
0.006678429852885
0.006540605991717
0.003796682377300
-0.000407310421040
-0.004471161853430
-0.007003013817633
-0.007178419705221
-0.004821643631504
-0.000541080785242
0.004177828509319
0.007401071178023
0.007678504391065
0.004910250227797
0.000436103575594
-0.003730192747399
-0.005934397516571
-0.005599895407740
-0.003272692072268
-0.000197614183992
0.002232770322627
0.003088310523127
0.002279918857932
0.000508447705740
-0.001108640744059
-0.001690058753764
-0.001191282930664
-0.000261755999195
0.000494347933968
0.000913097891654
0.001111608130175
0.001116496581893
0.000661434893029
-0.000481600385096
-0.002005679487075
-0.003086277929302
-0.002989936655691
-0.001704048070461
0.000071610483743
0.001498501118425
0.002077999891222
0.001702942019639
0.000564706457399
-0.000900173037605
-0.002152232500174
-0.002657292523862
-0.002027908243540
-0.000358815198152
0.001672950674674
0.003080817557792
0.003053493845764
0.001546156868862
-0.000677904554838
-0.002610980584488
-0.003387575779549
-0.002521254096256
-0.000271599167657
0.002341705686408
0.004168509336340
0.004529842304447
0.003232338141699
0.000508206968866
-0.002806374387395
-0.005422146492463
-0.006250577186088
-0.005079321134132
-0.002702717456217
-0.000252434340733
0.001614970391728
0.002878106954711
0.003826405606236
0.004568758940642
0.004633395416042
0.003318305727261
0.000646101726180
-0.002224970920017
-0.003753375497971
-0.003312186885562
-0.001678847718348
-0.000243352071817
0.000071504472460
-0.000699921381148
-0.001691946565308
-0.001831267818428
-0.000710085463065
0.001128011342988
0.002825204628823
0.003819397088372
0.003893544281151
0.003060448234781
0.001468399495598
-0.000563254336024
-0.002444427005890
-0.003630132764016
-0.004042827203574
-0.003806618091009
-0.002848033019857
-0.001202323567900
0.000629893964716
0.002029226886099
0.002765873489123
0.002937637025984
0.002648669982171
0.002039969949835
0.001426184192381
0.001018535027955
0.000577700643658
-0.000345415416591
-0.001855699393951
-0.003478570855648
-0.004350051276296
-0.003765145748389
-0.001748944004429
0.000942585353392
0.003350637272298
0.004734323866993
0.004716995462111
0.003433975370878
0.001469776949140
-0.000586375342683
-0.002308235952524
-0.003210844594827
-0.002950757222146
-0.001695153919254
0.000097028739866
0.001929130317951
0.003220793509540
0.003537884759356
0.002878661489312
0.001574829414029
0.000047847141138
-0.001432137869387
-0.002804890619532
-0.003987354907184
-0.004716103794399
-0.004621099035070
-0.003429155877468
-0.001258436432338
0.001211607354809
0.003070935757752
0.003911958944985
0.004075830357442
0.004092761930028
0.004148274138893
0.003973156681257
0.003014859493471
0.000987023800895
-0.001613862974048
-0.003769320614526
-0.004726139303246
-0.004338694683522
-0.002788127618842
-0.000458881446959
0.001805548832227
0.002887709560421
0.002286837713207
0.000593338042317
-0.001075788920996
-0.001786607285179
-0.001124028641549
0.000646813414701
0.002700891041484
0.003998701846351
0.003764812848084
0.002040058546417
-0.000326506452509
-0.002348940514792
-0.003394723300055
-0.003222673699424
-0.001963574932749
-0.000192365947661
0.001205090229619
0.001641793242800
0.001294119021146
0.000709686085349
0.000192413492730
-0.000170308731303
-0.000170236465819
0.000412518684268
0.001328868636287
0.001826296323157
0.001312424772023
-0.000039719717788
-0.001454162614127
-0.002310198882536
-0.002538311254908
-0.002222235517978
-0.001270953799451
0.000229651736112
0.001674317916824
0.002353581645036
0.002087744456919
0.001150489243833
-0.000093171611353
-0.001118777602997
-0.001302563170903
-0.000432874221543
0.001034451754000
0.002262482337904
0.002593122537434
0.002052257585453
0.001204031268359
0.000322438287661
-0.000856724271810
-0.002270482719302
-0.003119570950294
-0.002768229813645
-0.001520783426610
-0.000173898742415
0.000835708529454
0.001498655720645
0.001791276991701
0.001694569673978
0.001451679942599
0.001336472938505
0.001261481816655
0.000846063767005
-0.000238176580597
-0.001898882440533
-0.003312548617440
-0.003359146720823
-0.001807274660463
0.000386768929544
0.002105882632638
0.002851860084042
0.002710849948807
0.002033060276700
0.000998548113617
-0.000484210405879
-0.002258545285982
-0.003594598110389
-0.003668296532747
-0.002220287917943
0.000262651698227
0.002766875461212
0.004201874738190
0.003947037354657
0.002183429994256
-0.000276955427763
-0.002557276884009
-0.004047398830624
-0.004310282957136
-0.003136786497275
-0.000870455328478
0.001512898060907
0.002931222331512
0.002968282551853
0.002089178827017
0.001142551523248
0.000685656257136
0.000634160816337
0.000447855785527
-0.000255448322210
-0.001234118675896
-0.001942319183919
-0.002195351444898
-0.002150022911549
-0.001802039206572
-0.001009658832335
0.000119545262305
0.001291943601385
0.002214050827676
0.002486373566143
0.001790803791949
0.000369855123211
-0.001014309710578
-0.001722458972055
-0.001686430316397
-0.001162091395906
-0.000370035281868
0.000459722600201
0.001078063909462
0.001368949307588
0.001352559547931
0.001191571912348
0.001191352406269
0.001456864810654
0.001507425703940
0.000564601143145
-0.001568395658398
-0.004073338790263
-0.005662122311154
-0.005483700062738
-0.003663587229199
-0.001058841891465
0.001505843698654
0.003559453840623
0.004778656178843
0.005013694890080
0.004384498577173
0.002998366677185
0.000927460532440
-0.001361250399920
-0.003044111084934
-0.003563982908114
-0.002986227460467
-0.001734035317123
-0.000237220823546
0.001105496955106
0.001941727874907
0.002020044103872
0.001127338198152
-0.000718125968967
-0.002828657456730
-0.004040227923933
-0.003608855977062
-0.001771140391400
0.000444925633714
0.001880423314661
0.002125543375520
0.001834424322866
0.001890119287097
0.002453929882160
0.003084310306355
0.003401931644524
0.003260823654410
0.002534890190770
0.001111586366212
-0.000947164162054
-0.003243630889989
-0.004896712903982
-0.004879043302450
-0.002983373236919
-0.000250358992682
0.001934827412925
0.002908755593150
0.002810800132821
0.002169144602209
0.001551379946755
0.001244622166923
0.001164437817399
0.001067923829111
0.000783518980021
0.000260351139162
-0.000533806627119
-0.001580095659988
-0.002628256953655
-0.003210696650862
-0.002869245468644
-0.001524057783025
0.000246655148635
0.001584524907396
0.002064878314102
0.001757177113434
0.000889470424849
-0.000122786746285
-0.000716149835433
-0.000623206227848
-0.000078087281658
0.000514981792214
0.000863838279690
0.000701067321424
-0.000059408057086
-0.000973465158129
-0.001392850963163
-0.001135822406443
-0.000515988504533
0.000167718651831
0.000802293424565
0.001262005345033
0.001548571923646
0.001877937839729
0.002174698711437
0.001881637517851
0.000615015355176
-0.001229370584359
-0.002649335477339
-0.002744779588267
-0.001390680773707
0.000678918929863
0.002456907311326
0.003125103913550
0.002236526122289
0.000166397620398
-0.001837748361190
-0.002587922005276
-0.001781724599584
0.000049174916780
0.001949785280049
0.003040012611463
0.003032673771481
0.002189989735831
0.000861058632024
-0.000631776370612
-0.001931203160200
-0.002775858470635
-0.003011756395069
-0.002491052605922
-0.001222344240977
0.000411829613721
0.001845320393577
0.002708385206915
0.002783497743258
0.001866378107178
0.000094540085375
-0.001820390761339
-0.003001071568321
-0.002971984102806
-0.001833088899022
-0.000097204962029
0.001559401423066
0.002541835057576
0.002588456658679
0.001874066569437
0.000744422438982
-0.000531472029370
-0.001604306422837
-0.001939757252145
-0.001182232943744
0.000333125145623
0.001658202985131
0.001994373710572
0.001260889539100
0.000020300309190
-0.000974242380503
-0.001254358048524
-0.000794410534935
0.000120276752238
0.001097546870874
0.001753975754954
0.001707395896411
0.000824709131429
-0.000366046988404
-0.001026957348118
-0.000927135650702
-0.000447941906392
0.000134268883038
0.000674117594768
0.000922047628305
0.000796059119317
0.000447710269688
-0.000008582447791
-0.000487337122329
-0.000809964721260
-0.000856883858921
-0.000754133731986
-0.000690413954937
-0.000629123237397
-0.000394641519099
0.000093865909198
0.000749112348083
0.001312568319723
0.001499106588646
0.001242635459640
0.000633254039748
-0.000261756834929
-0.001262437153112
-0.001988393460929
-0.002015156686011
-0.001091040119863
0.000498608262730
0.001842844301876
0.002032744560758
0.000902903612949
-0.000838774109196
-0.002154394671511
-0.002355654278991
-0.001477221800255
-0.000324132220943
0.000155575402109
-0.000167988619630
-0.000630100252316
-0.000579340431565
0.000219437497678
0.001550297402677
0.002729640851732
0.002943204363683
0.001947744559054
0.000344461642559
-0.000881905287486
-0.000951156162582
0.000223269814302
0.001775617445311
0.002460983111185
0.001727990449277
0.000052352598191
-0.001741346261226
-0.003082232920467
-0.003556667792743
-0.002850969480113
-0.001093811421588
0.001057045971789
0.002855710328306
0.003940048600637
0.004407529000920
0.004410279407824
0.003619242166338
0.001553625652912
-0.001383548649795
-0.003927252469267
-0.005136090624394
-0.004942771620756
-0.003631665171825
-0.001507511967869
0.000842897514676
0.002578319272798
0.003142889040676
0.002674861158292
0.001809619273682
0.001097925345498
0.000726490298434
0.000604547906933
0.000443378084735
-0.000108529054450
-0.001141708016682
-0.002337415723605
-0.003234688358234
-0.003370457555965
-0.002338230767735
-0.000208241256455
0.002423921513327
0.004810613816793
0.006064608753527
0.005379664723738
0.002765558736119
-0.000774813160280
-0.003983406939997
-0.006022736246511
-0.006492200841111
-0.005317023811637
-0.002834067564119
0.000242585000582
0.003087614787991
0.005053891444831
0.005760632990287
0.005071152199020
0.003212115737504
0.000833739478321
-0.001309217763215
-0.002744338849113
-0.003275976691943
-0.002821852781146
-0.001482125139930
0.000313755801989
0.001865436272611
0.002522236019199
0.002079817665495
0.000930080300706
-0.000212012389380
-0.000843032512164
-0.000886174156435
-0.000435762119473
0.000359276789317
0.001191164109239
0.001595158004531
0.001178902487577
0.000099315957162
-0.000937079663036
-0.001470764066098
-0.001615434572686
-0.001440289750734
-0.000709348376235
0.000554014507912
0.001831022313196
0.002567670667825
0.002451459946202
0.001471838078027
0.000044652407484
-0.001246137156524
-0.002017894927692
-0.002076494993570
-0.001455003287155
-0.000556989842496
0.000137655499563
0.000531199574858
0.000769257822214
0.000810812105671
0.000506576338747
-0.000040255289208
-0.000512612323060
-0.000702724140443
-0.000551510107804
-0.000086193164582
0.000421962178931
0.000592609843396
0.000457947991760
0.000524768623314
0.001041464769166
0.001467027264680
0.001044214725901
-0.000375028355194
-0.002320789934462
-0.004055383341916
-0.004781738669484
-0.004071909198732
-0.002204095813322
0.000280168340414
0.002903691866177
0.004816327466261
0.005016570881362
0.003383595069409
0.000809159690807
-0.001582122322780
-0.002964991841696
-0.002948734429969
-0.001678567518187
0.000174386708246
0.001763896214420
0.002447909296205
0.002033484756043
0.000917134449442
-0.000281604172293
-0.001228185497362
-0.001768035997500
-0.001726864893684
-0.001193633718701
-0.000629965242379
-0.000366107737403
-0.000245884806189
0.000040844535831
0.000490420145793
0.000788564964644
0.000717418291398
0.000438907792199
0.000240189211685
0.000126407941589
-0.000050159173839
-0.000281308113548
-0.000596530535919
-0.001201033606335
-0.002062818202334
-0.002689971508733
-0.002503067110244
-0.001288192202256
0.000656488026030
0.002599297462069
0.003673588801638
0.003371421596741
0.001720341884554
-0.000768409847779
-0.003018902688494
-0.003892783677181
-0.003141886471659
-0.001464896708028
0.000254474260291
0.001459694048810
0.002024333035571
0.002213598245031
0.002368652036131
0.002507588639544
0.002394487531391
0.001764580698444
0.000365696746017
-0.001690068711723
-0.003605007698525
-0.004421225630456
-0.003795965713078
-0.002046874916154
0.000311854548413
0.002725398198692
0.004460727931973
0.004822867037786
0.003615718345678
0.001277046554443
-0.001424961673486
-0.003767191663057
-0.005122227488534
-0.005027211992012
-0.003532084004360
-0.001212946291994
0.001235935543427
0.003228307903899
0.004266229521463
0.004048423081230
0.002645244963784
0.000404994104034
-0.002172648901158
-0.004339619532809
-0.005247244383161
-0.004516781636089
-0.002525523862678
-0.000120556166218
0.001833594342044
0.002886636870611
0.003061370253934
0.002502578023000
0.001431353130714
0.000315673734775
-0.000392292792988
-0.000695624395364
-0.000940439339475
-0.001387481986184
-0.002202512701456
-0.003376174838947
-0.004299434236473
-0.004041219296661
-0.002281116590091
0.000323478303632
0.002695925854573
0.004098598345305
0.004287442813690
0.003283555779620
0.001385377469653
-0.000765039827175
-0.002470774509512
-0.003439917896858
-0.003790926151227
-0.003584362885187
-0.002709852702696
-0.001233959763287
0.000489542211678
0.002041102697491
0.003093914958778
0.003401411045452
0.002834357690431
0.001519670489217
-0.000176993540865
-0.001750703918450
-0.002651175708390
-0.002625614452254
-0.001969634585757
-0.001213714318567
-0.000578549523692
0.000109285513312
0.000884060856745
0.001395230506822
0.001352357303803
0.000748626842214
-0.000316067748779
-0.001584107680034
-0.002547992702188
-0.002775780094494
-0.002327793320075
-0.001618553256380
-0.000894575463521
-0.000169623095242
0.000485733684209
0.000970536751231
0.001263446578016
0.001369611289476
0.001301223120820
0.001075231287588
0.000710359675857
0.000207619166736
-0.000472293075595
-0.001322641790180
-0.002149442231987
-0.002611052259244
-0.002595040414964
-0.002339598395558
-0.001919076821079
-0.001109181201872
0.000058684680458
0.001106570294655
0.001577042542761
0.001465069301151
0.001055188381495
0.000498644459296
-0.000181775659793
-0.000813564943860
-0.001129665862232
-0.001094125573482
-0.000899437765519
-0.000680619291473
-0.000532987919931
-0.000677337102669
-0.001190564672594
-0.001605909691235
-0.001187383817796
0.000286901236489
0.002271691477877
0.003987990270098
0.004843721455889
0.004437300914056
0.002691268220943
-0.000000177499901
-0.002915379521781
-0.005251999679386
-0.006473588321619
-0.006497730605865
-0.005378171199414
-0.003092164791322
0.000141208384026
0.003568154033896
0.006186865896956
0.007332506625744
0.006770156070848
0.004607543787875
0.001495506838557
-0.001550532062640
-0.003615277484785
-0.004163607416930
-0.003322674489711
-0.001851267299431
-0.000591936378605
0.000042747904409
0.000164977434617
0.000158284136300
0.000360213353516
0.000825684267763
0.001291439108122
0.001505614074031
0.001478964591960
0.001319755087995
0.001076154720544
0.000698113298905
0.000061185108785
-0.000777730229518
-0.001403553164447
-0.001291154009659
-0.000245768008223
0.001363187340988
0.002750975319692
0.003201689784370
0.002571908528723
0.001171266304255
-0.000763431362929
-0.002945944381690
-0.004635394060105
-0.005012823574176
-0.003887551038666
-0.001727275824184
0.000863265975442
0.003313422607067
0.004876590402926
0.004969217174762
0.003840474806144
0.002281846584928
0.000744165096746
-0.000644013955469
-0.001507317060336
-0.001439263348542
-0.000694412152989
-0.000046914078988
0.000072002382910
-0.000192499054802
-0.000568647770382
-0.000830657368626
-0.000784524558139
-0.000394465654147
0.000208317560479
0.000806821264278
0.001194524694585
0.001301894768015
0.001160208885937
0.000877739326740
0.000731222840518
0.000940480184076
0.001269698927244
0.001208239832545
0.000648231500472
-0.000001083788789
-0.000434799878194
-0.000702319204917
-0.000858792313990
-0.000828711986578
-0.000574000753316
-0.000076861588922
0.000757095368934
0.001799620607445
0.002409664131560
0.001950669065285
0.000615578949479
-0.000666564833504
-0.001226961268152
-0.001177730192389
-0.000811523725104
-0.000061671091030
0.001069896800887
0.002090343738985
0.002467149735360
0.002143617878457
0.001369525392872
0.000348848677214
-0.000759627946740
-0.001700453211208
-0.002148465395577
-0.001856972562297
-0.000838892124265
0.000517540366381
0.001560351692588
0.001701178146657
0.000838141488559
-0.000552878996673
-0.001942936758203
-0.003032076637882
-0.003351667584622
-0.002386467498097
-0.000382261410203
0.001756482518120
0.003389190136626
0.004172173037847
0.003594215686498
0.001439749321787
-0.001517436878028
-0.003865478686875
-0.004556958191706
-0.003368397078687
-0.000725749997172
0.002381778255472
0.004613794460841
0.005011480718323
0.003624078359175
0.001383162885706
-0.000674157831818
-0.002023432352283
-0.002498011076942
-0.002075724865249
-0.001118547458228
-0.000232245978582
0.000262813567828
0.000306578715076
-0.000231314803288
-0.001316398288956
-0.002331939490254
-0.002492317231737
-0.001540322326813
0.000368862019038
0.002928608007095
0.005421783297915
0.006711472191733
0.005810633124369
0.002528144097075
-0.002157142237518
-0.006345984296480
-0.008223047564158
-0.007105498637881
-0.003655590381201
0.000727227848014
0.004526625289399
0.006443674671800
0.005873944316533
0.003326550233428
0.000141431661772
-0.002352779040272
-0.003461938868992
-0.003169112049351
-0.001934672384942
-0.000445845580807
0.000692224861182
0.001186021012288
0.001096294046402
0.000583354714233
-0.000277537291069
-0.001289753328479
-0.002082365743943
-0.002286146133938
-0.001601995918652
0.000028462742745
0.002175335405523
0.003953801844702
0.004504099941746
0.003516859514209
0.001254076177796
-0.001593702353739
-0.003975484758870
-0.004952925159203
-0.004304052781788
-0.002475950115694
-0.000097358364635
0.002215670737896
0.003813373889292
0.004238268894002
0.003507205303613
0.001924172196378
-0.000110533548060
-0.001898450703875
-0.002664715161679
-0.002255160063828
-0.001216515433638
-0.000222677740670
0.000343877706314
0.000411991118468
0.000152443819290
-0.000007800913979
0.000336244555954
0.001001189416320
0.001240414363235
0.000546147652052
-0.000805943143477
-0.002097535029931
-0.002766482898046
-0.002545682497202
-0.001438201730061
0.000124548159726
0.001433601052000
0.002050854915157
0.002009466901850
0.001471496232921
0.000515509517358
-0.000621318978863
-0.001518916566181
-0.001987113080827
-0.002086336066417
-0.001821919140843
-0.001244348004090
-0.000585439422413
0.000041277851768
0.000774584402809
0.001650872766163
0.002430733648459
0.002773254240867
0.002330015122115
0.000835127039105
-0.001589798465784
-0.004117674213979
-0.005521557804304
-0.005074975067850
-0.002985810811696
-0.000092338259088
0.002601128067922
0.004222002004891
0.004215223867114
0.002645109234060
0.000285459156195
-0.001837514697755
-0.002999185000576
-0.002983702902069
-0.002009549310994
-0.000594456050403
0.000655955746821
0.001318865442948
0.001329729548484
0.000989004421678
0.000732344614697
0.000864708565513
0.001385680808390
0.001861268139556
0.001685577065837
0.000645682445915
-0.000854340969983
-0.002050773327452
-0.002337900339643
-0.001710487014666
-0.000726110760182
-0.000055362743219
-0.000058941039715
-0.000597317906080
-0.001103965410496
-0.000975944719733
0.000024457721398
0.001700886130823
0.003454362510325
0.004408160231801
0.003919177133914
0.002048227800917
-0.000480304658035
-0.002652022618708
-0.003720977886105
-0.003671760875814
-0.003083248745669
-0.002599410277030
-0.002535906650568
-0.002624176270410
-0.002164630006739
-0.000818868242893
0.000951710923480
0.002377598605773
0.002942487575682
0.002538102543195
0.001519381195966
0.000620591282016
0.000441748361682
0.000836604309328
0.000998387776582
0.000291279761333
-0.001163210418610
-0.002810384422019
-0.004163551785566
-0.004683608246063
-0.003762399954318
-0.001378528358992
0.001595654218573
0.004052841620856
0.005336540655730
0.005142762577032
0.003286845365654
0.000091482793506
-0.003314925457178
-0.005561037872352
-0.005840973053668
-0.004163768427354
-0.001149734522503
0.002196215674111
0.004701132964468
0.005388189798589
0.003937525850272
0.001010637525970
-0.001986191444417
-0.003795147486487
-0.004014909047912
-0.002948854078324
-0.001124614978341
0.000887349433288
0.002502847521700
0.003216860800234
0.002839279683292
0.001717300648721
0.000426558845527
-0.000748104011226
-0.001764049011045
-0.002512789528528
-0.002776863270750
-0.002355449448923
-0.001242453461180
0.000220736224661
0.001500032655339
0.002295578980593
0.002573900329641
0.002201942350456
0.001060263462546
-0.000515755315272
-0.001873315006684
-0.002539335924216
-0.002331653033278
-0.001290978685555
0.000197733517934
0.001472226395181
0.001940200075917
0.001382180963974
0.000110534014520
-0.001217622350725
-0.002047963231990
-0.002144005258175
-0.001525327328217
-0.000412886264727
0.000767955305591
0.001584931857452
0.001966288905944
0.002107158640848
0.001997033098916
0.001473764076719
0.000595115629208
-0.000431867670103
-0.001406614749879
-0.002079498788594
-0.002268158190232
-0.002026277371042
-0.001511405890608
-0.000863015402454
-0.000355519138571
-0.000226879218854
-0.000090829378104
0.000842206545957
0.002617785430433
0.004250742129996
0.004743502191098
0.003794149265784
0.001669671276458
-0.000971587262745
-0.003252182718103
-0.004467337176934
-0.004398932717410
-0.003291291372889
-0.001604819142689
0.000201828052694
0.001782233907341
0.002862804056999
0.003116307972420
0.002312104150446
0.000705929271629
-0.000917104385375
-0.001697294931730
-0.001252352162975
0.000016243659141
0.001201822914746
0.001653005188312
0.001257474809961
0.000163894511351
-0.001191646824079
-0.002117280423541
-0.002228496794503
-0.001742576264777
-0.001128667547584
-0.000682580767838
-0.000444472942023
-0.000313487464459
-0.000144839140065
0.000148150089295
0.000567371860530
0.001078511355697
0.001567191268975
0.001804349549251
0.001636407453967
0.001169787415124
0.000575714718125
-0.000107247307948
-0.000807229841971
-0.001352749376187
-0.001622776515796
-0.001536175262068
-0.001042849711885
-0.000365524112612
0.000023887216006
-0.000088284597780
-0.000479181576393
-0.000782707677178
-0.000675061506091
-0.000091261231492
0.000515272185375
0.000492617491734
-0.000230549596138
-0.000957871303356
-0.000870123053871
0.000287834812223
0.001919638905951
0.002967397348981
0.002822878749116
0.001660265398671
-0.000062602518477
-0.001947165948712
-0.003542288565756
-0.004375475585406
-0.004215561704931
-0.003056721972793
-0.000883169669420
0.002124488560027
0.005064025479557
0.006488209762066
0.005429400980199
0.002134898769430
-0.002086703906584
-0.005423133946857
-0.006354378126437
-0.004589381144053
-0.001215443482403
0.002216372415699
0.004580054418642
0.005333240186119
0.004425820695016
0.002369738920160
0.000097789256459
-0.001557021826505
-0.002277959721885
-0.002289548015585
-0.002097687278818
-0.002085081023365
-0.002233108917318
-0.002229486385464
-0.001788018480111
-0.000774609357933
0.000751879913043
0.002340283578635
0.003291789993468
0.003267865420056
0.002463029414585
0.001208714533276
-0.000134368014152
-0.001076601702726
-0.001306004908458
-0.000971928745994
-0.000505593692316
-0.000279532412789
-0.000428440727879
-0.000899386598228
-0.001478388996950
-0.001725743147545
-0.001196912794968
0.000006359777430
0.001114471899368
0.001424510062631
0.000951848735671
0.000259628450880
-0.000066871790960
0.000206750391361
0.000822534219268
0.001172458715383
0.000731216605252
-0.000584485246589
-0.002321296730490
-0.003522187678228
-0.003246504779839
-0.001457457000392
0.000880882971974
0.002665014023799
0.003430787824554
0.003350513381063
0.002594319042298
0.001048613890530
-0.001109744736300
-0.003013456557106
-0.003736006450797
-0.003131799695570
-0.001720371335555
-0.000056912784251
0.001499232159045
0.002746174988458
0.003531142850914
0.003651535620850
0.002970381442357
0.001588497967968
-0.000145693688917
-0.001761393311402
-0.002822899907531
-0.003075135323493
-0.002568183366894
-0.001624964211852
-0.000548523748714
0.000667186941930
0.002188896531048
0.003821590519541
0.004764017421986
0.004126016874538
0.001808193701802
-0.001285098485379
-0.003897620293432
-0.005019376225214
-0.004109004663857
-0.001346696956395
0.002259625741604
0.005273964189563
0.006425382940884
0.005058779858327
0.001501280984162
-0.002929462392904
-0.006573177874031
-0.008155335968292
-0.007068116328024
-0.003513683396425
0.001385102682915
0.005930746612748
0.008641244468467
0.008888857572093
0.007003287301859
0.003930068411006
0.000707072453255
-0.001905627924876
-0.003504841960124
-0.004063219841692
-0.003901142789400
-0.003422817873426
-0.002812421574835
-0.001936547643251
-0.000546791834164
0.001296069122754
0.003070003317040
0.004125916578776
0.004089325437292
0.002980739563911
0.001163337785642
-0.000663716455215
-0.001635437369031
-0.001250706408380
0.000193588517865
0.001739765422044
0.002381514537579
0.001685323933796
-0.000056898243174
-0.002051935630840
-0.003265545958714
-0.002959321387711
-0.001343331838973
0.000598069216761
0.002019354837118
0.002716122383693
0.002864110390051
0.002625134384459
0.002060282382837
0.001206023025781
0.000119867291451
-0.001118258548961
-0.002406938936385
-0.003489873362608
-0.003844429684378
-0.002962218441724
-0.000840398108819
0.001925539589785
0.004572229221833
0.006414648441327
0.006776495549194
0.005307583834478
0.002392574196098
-0.000989061553961
-0.003774280257323
-0.005330659032936
-0.005582466684970
-0.004738559289534
-0.003046631678164
-0.000836707546487
0.001322393594072
0.002852966452583
0.003520923438677
0.003270178427369
0.002121210219906
0.000527773974281
-0.000737803210476
-0.001199115602030
-0.000791567909526
0.000417750638983
0.002110392217371
0.003423462025495
0.003392201910398
0.001776188885854
-0.000831636087704
-0.003426615949270
-0.004926871849556
-0.004598616206400
-0.002557711214582
0.000314799959054
0.002985757879745
0.004641645375604
0.004871316034713
0.003874058530430
0.002307344558619
0.000746698107431
-0.000692424403359
-0.002156723225894
-0.003594147826279
-0.004573385739805
-0.004496372885876
-0.003024530464644
-0.000413444284596
0.002502386800507
0.004741892288292
0.005588452309642
0.004634340788312
0.002013958992890
-0.001224729157096
-0.003524529440821
-0.003846240301656
-0.002310886054272
0.000014413154251
0.001795054091448
0.002075093826166
0.000745831921816
-0.001415656232295
-0.003183018201564
-0.003574949915797
-0.002472075456812
-0.000500697543300
0.001640207178642
0.003483033352411
0.004714424343958
0.005197379559021
0.004883472728746
0.003508209078555
0.000786917583891
-0.002893817681936
-0.006338989642109
-0.008215729894856
-0.007881365838308
-0.005717137552359
-0.002690168894459
0.000391405723727
0.003164094052983
0.005364072470667
0.006510241398502
0.006171063687963
0.004355635882978
0.001551056032803
-0.001390522230072
-0.003529486663602
-0.004357655412498
-0.004038275835867
-0.003049724763836
-0.001780272524486
-0.000511220679766
0.000515768887456
0.001153998772872
0.001348181770803
0.001039208172052
0.000228811773192
-0.000795962667518
-0.001493894306891
-0.001290358276132
0.000251910553094
0.003025811893775
0.006010415956784
0.007663943528314
0.006907816807511
0.003785499943838
-0.000770793261000
-0.005537523529832
-0.009237769082774
-0.010724133047095
-0.009474931486367
-0.005854346195812
-0.000805222395027
0.004450512705546
0.008536078375001
0.010368078953762
0.009593849071926
0.006483967445821
0.001867698363723
-0.002775875620842
-0.005923960598382
-0.007016350653497
-0.006526906653118
-0.005075913708034
-0.002917788806132
-0.000204540881374
0.002614492305085
0.004689971742776
0.005214918666014
0.004037753019114
0.001692579146885
-0.001056925439709
-0.003573650687779
-0.005415731499887
-0.006172888551819
-0.005287781556125
-0.002460239620419
0.001575937481417
0.005187548360326
0.006931662816239
0.006318682892048
0.003778142424798
0.000311243440265
-0.002879307019894
-0.004893475262645
-0.005484463330026
-0.004816837480641
-0.003136415884914
-0.000863389791180
0.001446689506454
0.003474094045484
0.005072499071493
0.005766734789686
0.004814890834423
0.002035549646138
-0.001676858402387
-0.004889102098050
-0.006475928175161
-0.005925005443559
-0.003410926674696
0.000172382400118
0.003622636671028
0.006016942133234
0.006838056690349
0.005868535417967
0.003382372489904
0.000203062847991
-0.002865626843328
-0.005417996970672
-0.006983883477151
-0.006755207527954
-0.004350680879998
-0.000589728604562
0.002991962783878
0.005291262005579
0.006022937683911
0.005359909173613
0.003701848479505
0.001610888802851
-0.000428886663159
-0.002177033019713
-0.003409621832127
-0.003800538967596
-0.003278229455817
-0.002181063961092
-0.000917660088039
0.000229171763244
0.000965762531109
0.001063381556381
0.000743156913681
0.000620249267451
0.001034757319355
0.001685265503022
0.002054042904553
0.002001955082372
0.001757329535070
0.001459400798151
0.000956551189140
0.000004904306298
-0.001429110742601
-0.002980517728119
-0.003937118278867
-0.003684808167941
-0.002266566664417
-0.000343159521808
0.001352084279817
0.002384344602879
0.002683243778728
0.002413914452632
0.001693480420424
0.000437784963220
-0.001336357604814
-0.003151208832815
-0.004318567029180
-0.004361702686073
-0.003036658850713
-0.000453594977065
0.002637405615411
0.005094237878866
0.006031347024274
0.005121398361634
0.002542097642035
-0.001024182397058
-0.004523826728900
-0.006909581156638
-0.007448419126054
-0.006009638871301
-0.003166951558996
0.000240502256237
0.003504260348473
0.005919555830735
0.006775702336052
0.005744018163942
0.003013756779715
-0.000840784444665
-0.004759218249100
-0.007271680874042
-0.007235899982471
-0.004640844548457
-0.000672327109231
0.003040282787339
0.005408300784415
0.006363141142504
0.006445538547678
0.005870629778950
0.004144998993850
0.000805176684804
-0.003660356668539
-0.007921074205973
-0.010607485177850
-0.010759370391951
-0.008065764766018
-0.003207480360926
0.002354666300757
0.007081191672336
0.009756467473349
0.009730746722407
0.007235188441450
0.003259521739258
-0.001046608664937
-0.004720287975285
-0.006891763280482
-0.006832907097607
-0.004464329599312
-0.000827918874701
0.002328499780800
0.003715583354157
0.003207315549029
0.001546556493835
-0.000378554372681
-0.001967076802528
-0.002911243928604
-0.003079905077539
-0.002431347944462
-0.001089976180424
0.000471350915745
0.001586358980731
0.001897608125460
0.001621169359352
0.001209675027220
0.000811744766310
0.000227053887463
-0.000642004304491
-0.001516229655232
-0.001992844478858
-0.001910413280360
-0.001308967503406
-0.000235177025134
0.001104800551982
0.002178849513717
0.002481143146774
0.002000368566110
0.001094713897741
0.000042941071209
-0.001027594623696
-0.001994961764259
-0.002715750697927
-0.002893109783013
-0.002059926569973
-0.000159048942486
0.002029903417445
0.003511381985419
0.003963275486403
0.003752100527514
0.003259120238101
0.002489106834502
0.001292011243482
-0.000288637561005
-0.001879096075680
-0.002988005820839
-0.003426409703452
-0.003332104402954
-0.002840424138646
-0.002009388759603
-0.000999631921613
-0.000084018263341
0.000611855688075
0.001200843068936
0.001816282481139
0.002490743001710
0.003178407817402
0.003726824766922
0.003853959895491
0.003316748851995
0.002106589552961
0.000280511966610
-0.002166270642858
-0.004853991034497
-0.006721437588674
-0.006671594642350
-0.004481192269654
-0.000949902415097
0.002616945992713
0.005024523305523
0.005701268331993
0.004922124509882
0.003424627790545
0.001710368557869
-0.000068294558347
-0.001594883097868
-0.002344290567027
-0.002267956761477
-0.002007761784534
-0.002168721245931
-0.002636045559321
-0.002717338062746
-0.001962414376379
-0.000637227183828
0.000796171717175
0.002139068254534
0.003205110410240
0.003777771350679
0.003834804073471
0.003336482169754
0.002123720360957
0.000289354323989
-0.001786592711446
-0.003736471945061
-0.005183390441734
-0.005611631744052
-0.004638477867831
-0.002426508999565
0.000366160684493
0.002975978007357
0.004775718517279
0.005350647059389
0.004634075686673
0.003021941834842
0.001141095368951
-0.000559317005878
-0.001885419657518
-0.002685650222907
-0.002768252825566
-0.002160767560336
-0.001283803769967
-0.000569863737242
-0.000132670293096
0.000075939581349
0.000183883303529
0.000432893197281
0.000952361322755
0.001544885901095
0.001870475375309
0.001702750681032
0.000880413781087
-0.000619627247574
-0.002358807632056
-0.003507832446109
-0.003441304165928
-0.002188165764701
-0.000280386217745
0.001608789859126
0.002922618535342
0.003510866376003
0.003577207851438
0.003174713598131
0.002066598465207
0.000237045455912
-0.001715564521073
-0.002946454286519
-0.003043822043049
-0.002205663313066
-0.000947845455783
0.000239979231765
0.001096857154629
0.001619471349150
0.001947027912486
0.002066145284527
0.001698223257563
0.000672118574041
-0.000727190287604
-0.001910430302407
-0.002447107667956
-0.002247686187488
-0.001382652943827
-0.000098207023148
0.001058092197919
0.001556769504644
0.001399651778188
0.001089391647195
0.001086538086008
0.001424550554135
0.001743181257367
0.001568756136005
0.000613620894995
-0.001060806358634
-0.002980102305291
-0.004399080479090
-0.004700149355981
-0.003666455440941
-0.001580771030054
0.000817400915491
0.002724967240800
0.003669540582153
0.003575624899562
0.002598102348418
0.000957720188543
-0.000964522598279
-0.002571190226513
-0.003330354270413
-0.003107797683376
-0.002236530449349
-0.001257517001417
-0.000574452222254
-0.000309491698769
-0.000274730181683
-0.000021613083959
0.000753804949021
0.001748945224604
0.002280709169021
0.001914935902007
0.000704367455529
-0.000891948554856
-0.002165843167587
-0.002519355783667
-0.001813621653215
-0.000416335428495
0.000966217129284
0.001665492626206
0.001532179387049
0.000947167399526
0.000277969816468
-0.000422022335091
-0.001223636754857
-0.002117955397739
-0.002851199588884
-0.002873748007506
-0.001846542961869
-0.000221628341094
0.001136140771519
0.001722537584538
0.001472506677774
0.000635528365300
-0.000208076326545
-0.000533015156458
-0.000372515300384
-0.000269991193634
-0.000718386365245
-0.001612936366108
-0.002270691964568
-0.002073945646621
-0.001027347510191
0.000387096310758
0.001638946160092
0.002295733062740
0.002064080217008
0.000940224864605
-0.000743033745843
-0.002523498253897
-0.003933088438622
-0.004409160401066
-0.003511125376913
-0.001408108896118
0.001092037017206
0.003087553890075
0.004036876828773
0.003747544893908
0.002354249206489
0.000489931604777
-0.000926489747021
-0.001381596501838
-0.001163070191538
-0.000961710118113
-0.001187540266607
-0.001751967276150
-0.002318681692704
-0.002559559596217
-0.002205751399580
-0.001099834501936
0.000624680375450
0.002472345559151
0.003751716688048
0.003951055492312
0.003134791598550
0.001873371112299
0.000687673603720
-0.000329393693075
-0.001311050252872
-0.002292262866387
-0.003243958516266
-0.004008181657214
-0.004096781797301
-0.003089949688983
-0.001196582608561
0.000870249586752
0.002350260995735
0.002794224927400
0.002355147829715
0.001674917671550
0.001235580580876
0.000966154737257
0.000573769263571
0.000001883092036
-0.000495771395088
-0.000639393634255
-0.000523069114058
-0.000612930021977
-0.001258029528116
-0.002288313595970
-0.003009872674826
-0.002702897776939
-0.001402180146354
0.000098956571372
0.001202409378801
0.001909474584948
0.002270570846081
0.002197002716497
0.001831446210867
0.001433887532237
0.000896144300747
-0.000075608065823
-0.001368281854954
-0.002520690729212
-0.003195120891549
-0.003307762869976
-0.002935085326689
-0.002238575482819
-0.001433073819031
-0.000726793793843
-0.000081447822549
0.000808891629904
0.002013483469527
0.003095220785016
0.003582306132220
0.003315206847310
0.002183475994675
0.000135571530286
-0.002420060801644
-0.004654415931176
-0.005743888848527
-0.005201579996355
-0.003053323809872
0.000042847679235
0.002921014292164
0.004524799825393
0.004490827226939
0.003125128910095
0.001091180979780
-0.000833792145861
-0.002036090953807
-0.002352542346043
-0.002065115365468
-0.001562606933754
-0.001066275966883
-0.000644537431990
-0.000310796932367
-0.000066478004336
0.000091040515368
0.000197698846212
0.000285815763292
0.000284514727217
0.000122703792375
0.000015500123642
0.000415259808417
0.001483643507179
0.002733501127878
0.003335642880545
0.002780531748205
0.001159249337281
-0.001084471048362
-0.003321865291722
-0.004790354798427
-0.004928886386857
-0.003695340259171
-0.001461421276815
0.001257369123157
0.003846822410566
0.005599844075959
0.005932324921641
0.004615381210574
0.001865324651640
-0.001682873237528
-0.004997576672874
-0.006847950652498
-0.006442092050959
-0.003932788267845
-0.000329533203490
0.002897927502927
0.004502954526784
0.004164421491307
0.002488714901308
0.000402637276076
-0.001405354276908
-0.002627659745078
-0.003142151266743
-0.002850627805898
-0.001731603762358
0.000023213367174
0.001980518271413
0.003584284734788
0.004366300070877
0.004115208240702
0.002834014996074
0.000649014749372
-0.002119212014761
-0.004793160446531
-0.006356376870263
-0.005996119350426
-0.003823500421789
-0.000860617420346
0.001762249668912
0.003467525203538
0.004245990082655
0.004406436740449
0.004270816664733
0.003836758307893
0.002800314150319
0.000962282753275
-0.001461958348436
-0.003892130781111
-0.005707644446758
-0.006515588921113
-0.006152693262638
-0.004610972208333
-0.002082959316926
0.001024069099245
0.004134214182973
0.006458250402686
0.007225785152664
0.006295240560158
0.004334469010506
0.002243948848069
0.000472741321410
-0.001069491232687
-0.002520687413178
-0.003718427818506
-0.004341928035890
-0.004176667126696
-0.003249017060890
-0.001865202508098
-0.000500462472500
0.000510319258262
0.001164529067742
0.001622633545700
0.001999557987065
0.002330703204542
0.002533908731577
0.002395769338746
0.001745019020997
0.000665834206243
-0.000547493248564
-0.001654237204093
-0.002565915197734
-0.003184951679026
-0.003353644449640
-0.003034845481467
-0.002325699453581
-0.001261163195101
0.000192300812727
0.001947472227115
0.003685981632791
0.004985839325206
0.005522555703388
0.005091969889431
0.003623759312008
0.001358451509570
-0.001043070993043
-0.002792898115861
-0.003493888923981
-0.003382935270037
-0.003199364432986
-0.003532012776269
-0.004000025857950
-0.003575064900443
-0.001812505016330
0.000760515119909
0.003295321788451
0.005162430534263
0.006028289173691
0.005911850214198
0.005136067331436
0.003931042358012
0.002287355411078
0.000266537792614
-0.001815484402326
-0.003507794295424
-0.004461060949501
-0.004550196352807
-0.003818154804796
-0.002472381539196
-0.000912531262879
0.000442685067966
0.001441841131629
0.002220242519179
0.002839369243906
0.003105840394084
0.002910949016243
0.002435720197913
0.001830997423754
0.001052988376612
0.000140266889850
-0.000686632194041
-0.001263869384190
-0.001639178463335
-0.001937236764995
-0.002124371047315
-0.001991836530986
-0.001336692738644
-0.000177339187561
0.001110699858712
0.001996319980517
0.002246902256532
0.002122267478952
0.002104456358408
0.002427708550442
0.002813038295451
0.002657277350736
0.001538522414630
-0.000391986701780
-0.002506451119127
-0.004154096724782
-0.004925454858169
-0.004614823111151
-0.003246848348361
-0.001094239800984
0.001502065272065
0.004108852634084
0.006067831254134
0.006804538518662
0.006149360881353
0.004214445972069
0.001356937428731
-0.001646225616126
-0.003842834037863
-0.004735461099571
-0.004534885621173
-0.003751315389961
-0.002732611621031
-0.001673149297820
-0.000790424291507
-0.000291718495021
-0.000132778294089
0.000088869203002
0.000791497849027
0.001997318290514
0.003309262119515
0.004260934531184
0.004669502209160
0.004532250775621
0.003718089409948
0.002055937959222
-0.000289765039632
-0.002747113125483
-0.004678061930243
-0.005656453919073
-0.005503496638171
-0.004264225148878
-0.002186071367165
0.000364685332009
0.003051828202153
0.005527319055485
0.007231879034960
0.007484867628917
0.005920463432661
0.002926395680355
-0.000389446882433
-0.002895396185245
-0.004122531514340
-0.004224984236690
-0.003579816285168
-0.002581928738047
-0.001473344680119
-0.000250273161205
0.001135613471913
0.002555431094722
0.003658818193905
0.004074324836783
0.003724390002305
0.002780159284540
0.001412426906954
-0.000143546777147
-0.001438996869926
-0.001994821326558
-0.001656660112850
-0.000750970027726
0.000064720450070
0.000221377043985
-0.000295948449907
-0.000964799817117
-0.001232360904795
-0.000920473421639
-0.000303107950728
0.000163144695073
0.000385229486144
0.000802985865300
0.001750034786330
0.002853116289763
0.003364906177252
0.002831065590428
0.001316527641657
-0.000668906499971
-0.002404363722909
-0.003343758226775
-0.003357826706516
-0.002566723642604
-0.001142697799649
0.000514631895238
0.001740154021951
0.002065675817127
0.001615519258936
0.000930511660267
0.000491045341300
0.000503669274053
0.000957007184483
0.001649111678125
0.002204827055409
0.002158919833868
0.001172042667982
-0.000649703585451
-0.002635907847812
-0.003836069072189
-0.003624642701074
-0.002103104711251
0.000133162029560
0.002392589318033
0.004045927920614
0.004700794204744
0.004347996997499
0.003215063337781
0.001626999039872
0.000082065658679
-0.000960494375769
-0.001536279854935
-0.002083130237943
-0.002850983821571
-0.003572566561660
-0.003675157860436
-0.002724201848289
-0.000720726710362
0.001747864881425
0.003624367484005
0.004042678608195
0.002967597966674
0.001110695687575
-0.000586237562908
-0.001333110575035
-0.000765275713603
0.000722516409318
0.002089005521245
0.002460889415902
0.001762486573965
0.000536879286725
-0.000602409246399
-0.001286768189630
-0.001379502356927
-0.000931943319261
-0.000247911546178
0.000208019553363
0.000173565969530
-0.000263976673961
-0.000950050529071
-0.001742922913519
-0.002240380202453
-0.001918639650700
-0.000693474324545
0.001028242063769
0.002768756782742
0.004109964481985
0.004738760526543
0.004606657114473
0.003769327500668
0.002175309243916
-0.000127889398383
-0.002667646911343
-0.004639516571120
-0.005512899367362
-0.005443847206217
-0.004918510431707
-0.004176701119708
-0.003121964253491
-0.001596161998777
0.000403372840840
0.002700484355659
0.005016946938173
0.006955625303731
0.007922281295555
0.007380958306049
0.005343070224096
0.002361475386280
-0.001004221873642
-0.004406495564883
-0.007347917171755
-0.009093721875207
-0.009145317042475
-0.007436923161953
-0.004229274646487
-0.000253971590638
0.003270489604725
0.005212292324965
0.005225095422867
0.003834791878941
0.002069731830008
0.001118804095489
0.001726261178990
0.003483238414047
0.005058260458770
0.005254115675311
0.003534548895092
-0.000153977092039
-0.005212243403824
-0.010076493365462
-0.012856043571155
-0.012507749420041
-0.009269201315196
-0.004191005491673
0.001474972171824
0.006662030536667
0.010686963471397
0.013025596904732
0.012939890686949
0.009839445984887
0.004123888323395
-0.002640162555530
-0.008494900912504
-0.012027448074020
-0.012707981274465
-0.010709708743886
-0.006676026760803
-0.001692312952324
0.002828669372104
0.005718633792705
0.006656673695568
0.006252893965368
0.005515898377228
0.005071874239434
0.004916636390011
0.004760588890814
0.004270448064233
0.003056927788655
0.000743462062551
-0.002777378489756
-0.007016810496751
-0.010769453751061
-0.012593972891239
-0.011733004997737
-0.008476845710976
-0.003577992247667
0.002266980499596
0.008206611004146
0.013000957745335
0.015378451327197
0.014662216576142
0.011128801654877
0.005768614080912
-0.000348980551167
-0.006343936123331
-0.011324956920891
-0.014336351285558
-0.014641784551430
-0.012186889501842
-0.007843407258047
-0.002946197809649
0.001573869225231
0.005520569265124
0.008846675210080
0.011008836125216
0.011217756226673
0.009221791434002
0.005615509854105
0.001387705833293
-0.002600536134215
-0.005772083599842
-0.007881118353212
-0.008932167839603
-0.009003075958184
-0.008210683364080
-0.006708695778009
-0.004594392625481
-0.001863449679789
0.001370682140951
0.004631436084242
0.007236810752819
0.008684250107767
0.008927754678510
0.008353536095668
0.007332584698934
0.005714589467058
0.002885029011974
-0.001455264582413
-0.006553810889515
-0.010900164560616
-0.013204872665193
-0.012940158788482
-0.010324728028290
-0.006142943442612
-0.001373117665821
0.003069932240831
0.006329860352334
0.007987436651506
0.008413643719860
0.008108323507787
0.006977892387588
0.004794221923891
0.001927189764878
-0.000936693477131
-0.003436235867197
-0.005382585402522
-0.006409901740602
-0.006239104596218
-0.004988522466684
-0.003090387944287
-0.001131046374817
0.000257807743043
0.000745137647018
0.000661648155444
0.000659040335543
0.001118027315929
0.002191759978852
0.003928415610122
0.005923876747114
0.007239659987963
0.006979878150654
0.004803779277214
0.001006794990573
-0.003520572264586
-0.007607484988902
-0.010404236698563
-0.011540033375123
-0.010793444303784
-0.008096908968172
-0.003829878521891
0.001315986091583
0.006541097676117
0.010729881832415
0.012595169672988
0.011492031634094
0.007910755441918
0.003051850874128
-0.001815607145738
-0.005588530465998
-0.007523578676647
-0.007512381855447
-0.006062424306506
-0.003941619581141
-0.001781874940574
-0.000086889855715
0.000521490824111
-0.000384212954305
-0.002308625674242
-0.003833414430573
-0.003638503212484
-0.001403653243736
0.002209447121651
0.005964460179772
0.008497041753249
0.008993940822843
0.007503873221976
0.004450114243896
0.000325046768215
-0.003988542103304
-0.007281115646497
-0.008810405627949
-0.008751923515448
-0.007660262206748
-0.005747272133467
-0.002901554635880
0.000720470935949
0.004355858925561
0.006969628520562
0.007872801360645
0.007039094309785
0.004932148971002
0.002097056169509
-0.001034971649089
-0.003955014970138
-0.005867949667065
-0.006014494372207
-0.004332273090638
-0.001564171537934
0.001316134259288
0.003587106905899
0.004865288034040
0.005082677332610
0.004411196760862
0.003082781592850
0.001356784094109
-0.000461277206625
-0.002220902345488
-0.003932425285199
-0.005420366650648
-0.006150011173211
-0.005499004881412
-0.003267003719443
0.000011196534698
0.003211721515509
0.005181053483381
0.005358454966741
0.004009113231404
0.002033315687632
0.000524934316272
0.000169663941400
0.000824208113104
0.001723760163150
0.001997152520352
0.000944001542962
-0.001609984265067
-0.004913970799305
-0.007544423024651
-0.008184875122519
-0.006282400709253
-0.002318801146162
0.002330829131389
0.006033139414037
0.007783909919415
0.007546442759677
0.005798151634436
0.003111045266930
0.000173978940116
-0.002244606651507
-0.003619955437056
-0.003938371328547
-0.003586740867991
-0.003053128725456
-0.002734015067675
-0.002641710514013
-0.002186506282891
-0.000622777938019
0.002085106126190
0.004882320514101
0.006367049670750
0.006000254324840
0.004251169737428
0.001784807473369
-0.000889772248808
-0.003252763252378
-0.004867510152927
-0.005583268736414
-0.005414012303842
-0.004356321657684
-0.002481632090702
-0.000153929207182
0.001899323428015
0.002885704485146
0.002536760838173
0.001362087489204
0.000177028537333
-0.000516970418645
-0.000668875762778
-0.000470118257723
-0.000007216164386
0.000878234600360
0.002142023570328
0.003173599823471
0.003225283933944
0.002024357618466
-0.000196751312353
-0.002870936296947
-0.005032154045395
-0.005621821472981
-0.004302595611665
-0.001748411770421
0.000946109138784
0.002904610168677
0.003601919057095
0.002839489622626
0.000928151184041
-0.001206753383026
-0.002403350626547
-0.002015525652055
-0.000331249563774
0.001744299405697
0.003154426123352
0.003056063088117
0.001424938749567
-0.000745092113894
-0.002334200514470
-0.002969835829300
-0.002795551975047
-0.001895403099274
-0.000337238461351
0.001370352189789
0.002309416806645
0.001987866793481
0.000920336613173
0.000109316412866
0.000164385374753
0.000975177458402
0.001940025362979
0.002387840281930
0.001815886291881
-0.000066247525385
-0.003078286538730
-0.006193325733938
-0.007803080646231
-0.006732400564628
-0.003044068089867
0.001923956413574
0.006156002712127
0.008054511411948
0.007367194212721
0.005139243086709
0.002843151022805
0.001403029016758
0.000714398636317
-0.000008162980095
-0.001344222914700
-0.003201747806704
-0.005152069884878
-0.006709142088671
-0.007188676791325
-0.005922270660310
-0.002864826105029
0.001188176440149
0.004884956348902
0.006884304895388
0.006625216874928
0.004748051049738
0.002625638228097
0.001508630447783
0.001965276100314
0.003517725002227
0.004662352542329
0.003778299389221
0.000314673196954
-0.004868609183293
-0.009931807165084
-0.012764146787186
-0.012094395084647
-0.008280650329127
-0.002836958297797
0.002480570743345
0.006234764280586
0.007840362383971
0.007785312159700
0.007079682563388
0.006479753627371
0.006094460675427
0.005419404859835
0.003754327769583
0.000793902976859
-0.003090178774113
-0.007012759382255
-0.009885856215305
-0.010795291588756
-0.009493500218054
-0.006643771011809
-0.003382731599152
-0.000509011185573
0.001933759811330
0.004384114963372
0.007051610883646
0.009423518386929
0.010549008806312
0.009785504115023
0.007253963795161
0.003638540394318
-0.000299382019649
-0.003975304260159
-0.006990598543194
-0.009037388314277
-0.009910418079269
-0.009617190353662
-0.008296125589806
-0.005997297393727
-0.002639792281080
0.001654821753359
0.006228418950680
0.010060716263831
0.012209531734758
0.012137002067923
0.009866703149025
0.005950118004375
0.001295769400435
-0.003084068261775
-0.006481635346638
-0.008833880344446
-0.010444848815326
-0.011251197322988
-0.010595617893562
-0.007845679386512
-0.003120566725485
0.002574411744043
0.007776656887543
0.011161882208517
0.012005659536136
0.010398823313599
0.007135632812354
0.003302468448205
-0.000108880961183
-0.002428808728329
-0.003504200589082
-0.003674136003017
-0.003541524410444
-0.003763058671648
-0.004586423535394
-0.005501919178363
-0.005864726465353
-0.005575845457773
-0.004638338015635
-0.002685242868118
0.000534812345564
0.004600574328144
0.008496424095903
0.011157750154098
0.012037667705457
0.011156195745441
0.008676887528797
0.004674489221091
-0.000574359586864
-0.006244908180705
-0.011138945388901
-0.014149871442553
-0.014440527044206
-0.011582798680110
-0.006072371252301
0.000505139363590
0.006186458133588
0.009530709685556
0.010148005420862
0.008771221958280
0.006783300700500
0.005327307237003
0.004616298997275
0.003998045622379
0.002575340206950
-0.000034516816536
-0.003345515314702
-0.006460746182913
-0.008599601985026
-0.009173627696896
-0.008026995908863
-0.005720798817128
-0.003136251541213
-0.000803415535927
0.001231144410188
0.003175398802859
0.005349764073578
0.007875806424006
0.010265993502931
0.011571469539743
0.010911520651393
0.007795737325432
0.002374518069622
-0.004266165478343
-0.010378792408282
-0.014365866741017
-0.015262807297387
-0.012995452744699
-0.008494999177911
-0.003105685142318
0.002144908599112
0.006613083346147
0.009810776535886
0.011382344680068
0.011203815132246
0.009493461507347
0.006807969991008
0.003650354209437
0.000153169096207
-0.003518269919822
-0.006663637889641
-0.008343963326889
-0.008186584182180
-0.006757052504238
-0.005092370278952
-0.003827244112452
-0.002720700638517
-0.001077526303271
0.001433713947954
0.004482751624169
0.007377871243963
0.009448890687812
0.010200868618636
0.009358193306452
0.007024961576788
0.003742141635288
0.000116558702739
-0.003636277037726
-0.007534127577949
-0.011225166711525
-0.013749217290469
-0.013931956665239
-0.011142521419307
-0.005805798528282
0.000750229458312
0.006900011198748
0.011332261201410
0.013300315681876
0.012635333547042
0.009826539399648
0.005942416040101
0.002091926754434
-0.001190977332190
-0.004011919726292
-0.006687521277674
-0.009126950458134
-0.010440988312152
-0.009517116675056
-0.006128368269653
-0.001229211889237
0.003620294399746
0.006983959927397
0.008174934051220
0.007371432172445
0.005167036759027
0.002294478242388
-0.000384576382863
-0.002136182192482
-0.002741398282949
-0.002588131186024
-0.002422233594542
-0.002779850967001
-0.003396589923522
-0.003432928517970
-0.002405958858753
-0.000593873156303
0.001326636349547
0.002647665295459
0.002891854787243
0.002145058839781
0.001039245552774
0.000309872654969
0.000490134910230
0.001641080541621
0.002977993696381
0.003251331193778
0.001845314991470
-0.000756428529393
-0.003466323115564
-0.005196261009593
-0.005175849118699
-0.003212987222970
0.000091535977215
0.003395162186072
0.005115415412220
0.004437394323592
0.002047711944974
-0.000482628937173
-0.002069976306779
-0.002617031906613
-0.002457095895366
-0.001867825631922
-0.001070101001977
-0.000280604154446
0.000207529155178
0.000012820902419
-0.000840970016682
-0.001567633952235
-0.001307246187771
-0.000007700552749
0.001708034444117
0.003146294451484
0.003815413049942
0.003529520543162
0.002389292570674
0.000698112264369
-0.001048322414669
-0.002379606338685
-0.003147033529950
-0.003483682549669
-0.003618737883335
-0.003760669646970
-0.003828806949674
-0.003304099523763
-0.001784931249846
0.000417685269537
0.002611424799704
0.004346506666439
0.005410178304305
0.005557174136086
0.004644672128198
0.002902022421452
0.000764275034834
-0.001473333376024
-0.003633829971461
-0.005311854557827
-0.005855260142335
-0.004934132011967
-0.002811105820524
-0.000133758755163
0.002004954807951
0.002343353191880
0.000572040990135
-0.002131083839097
-0.004042968081872
-0.004208617974737
-0.002847257248323
-0.000794512584719
0.001239638095263
0.003005561385939
0.004487525448029
0.005431599374615
0.005304597212414
0.003715990957986
0.000766795697093
-0.002936082630128
-0.006512533619856
-0.008991255175122
-0.009409013613933
-0.007211392197059
-0.002914016776270
0.001885735358053
0.005501304544577
0.007032875246867
0.006357143182777
0.003864368511659
0.000499754321631
-0.002389972132118
-0.003814328027047
-0.003753962729792
-0.002921631994697
-0.002054916213176
-0.001413324561092
-0.000790143810636
0.000005412329479
0.000682248008537
0.000620869345220
-0.000441702153131
-0.002011286713572
-0.003195426699672
-0.003361120106914
-0.002419080615866
-0.000686695536471
0.001397189352264
0.003493299917890
0.005227721161639
0.006050152943097
0.005631036499627
0.004054315519217
0.001418486501444
-0.002108872773820
-0.005777614376596
-0.008413947921793
-0.009085130658188
-0.007403898057395
-0.003706981865690
0.000831984287401
0.004788075785881
0.007199104186945
0.007679423049427
0.006428834283369
0.004144650796476
0.001561709152464
-0.000789446342403
-0.002431912718505
-0.003043135136363
-0.002793526078855
-0.002209427269445
-0.001775486073841
-0.001905936315815
-0.002782172407936
-0.003913774342023
-0.004380032650976
-0.003634399073736
-0.001770583562654
0.000808752559809
0.003664969715267
0.006331756904130
0.008130131189490
0.008220135973404
0.006259595319561
0.002897452816754
-0.000589064460810
-0.003083845755007
-0.004305554924795
-0.004802400962952
-0.005170846404270
-0.005468721796832
-0.005378393586032
-0.004625915445232
-0.003145600507340
-0.001032563783245
0.001507412332486
0.004159555950933
0.006386888775744
0.007457625318451
0.006923768772747
0.005033055971269
0.002473545045617
-0.000126324825165
-0.002333012423917
-0.003885909711951
-0.004702188764830
-0.004809026549738
-0.004356788573611
-0.003551636399190
-0.002405320746104
-0.000792621283496
0.001233320629643
0.003350980597852
0.005077389444696
0.005932705121351
0.005620178108675
0.004143333685242
0.001775764603246
-0.001106389732286
-0.003986576734456
-0.006041123710378
-0.006395653512795
-0.004585982534399
-0.000828314276958
0.003723405117801
0.007136319545838
0.007784021610986
0.005391237118036
0.001026918236410
-0.003567702575614
-0.006785990168492
-0.007786767525539
-0.006558636959271
-0.003597071000360
0.000309862781940
0.004159504410333
0.006916761679425
0.007784972000719
0.006472700916343
0.003395172688402
-0.000510460676948
-0.004254871212574
-0.006970028531967
-0.007992393072270
-0.007207418017108
-0.005039452612814
-0.001890841490530
0.001948760698507
0.005711958545404
0.008110114579926
0.008145454262223
0.005811559454957
0.002068982216262
-0.001776936136271
-0.004635686497493
-0.005798208635535
-0.005047217613545
-0.002743122780409
0.000289356743609
0.003000483824423
0.004419718476535
0.004005583444161
0.001945653206317
-0.000892102675749
-0.003468945609890
-0.005076768446759
-0.005416467482959
-0.004353175082619
-0.001833001801779
0.001705760261144
0.005065097972586
0.006977136973809
0.007115333871402
0.006082630396126
0.004517709587448
0.002699363466122
0.000840886283408
-0.000839320214457
-0.002344658727198
-0.003920889917827
-0.005690636278723
-0.007170437298695
-0.007383352648780
-0.005722378383195
-0.002579366672187
0.000996724886499
0.004072841569206
0.006164347646488
0.007057198783250
0.006691635176384
0.005370934286212
0.003804511283272
0.002642331329536
0.002009595289146
0.001535582489474
0.000698720698684
-0.000954497871610
-0.003669202411744
-0.007067429568709
-0.009997069636824
-0.011148242969520
-0.009731833563171
-0.005702826763410
0.000227747419718
0.006593891801735
0.011469020571158
0.013270536302222
0.011562576432806
0.007311580768113
0.002402823469312
-0.001429043608058
-0.003544318614293
-0.004487587549314
-0.005115485897350
-0.005660917929441
-0.005763935444696
-0.005164997729573
-0.004011254757256
-0.002497651155862
-0.000567732128756
0.001822954822052
0.004336413920059
0.006294064096436
0.007102066705558
0.006674625929818
0.005370272563053
0.003502955375063
0.001186220266719
-0.001324150765061
-0.003521634007984
-0.004927938589448
-0.005286209844753
-0.004640676224665
-0.003398011900766
-0.002085002628877
-0.000917303404725
0.000182878059114
0.001222119149339
0.002073861864941
0.002654315695137
0.002945222138277
0.002963829514491
0.002834326604052
0.002654800286405
0.002219591258581
0.001234218911978
-0.000214454190696
-0.001653301031540
-0.002604623713678
-0.002970962317813
-0.003137411481580
-0.003618452933406
-0.004408064481978
-0.004718033932829
-0.003591621097691
-0.000752268710367
0.003122450245074
0.006781671602020
0.009035889151074
0.009153965102822
0.006939706253703
0.002829422859365
-0.001941606502360
-0.005688261735843
-0.007221554592370
-0.006470838442616
-0.004232482602181
-0.001583232841146
0.000480283219779
0.001369668619859
0.001206404771180
0.000689655909445
0.000549777271506
0.000950824901812
0.001349804962945
0.001056002838777
-0.000062572798635
-0.001453502910033
-0.002344354482256
-0.002172992057285
-0.000690164216720
0.001942702306475
0.004956964683034
0.007054297514949
0.007036082239389
0.004604026116057
0.000516042680266
-0.003978302269530
-0.007614969730973
-0.009313508469081
-0.008611311917912
-0.005963565353689
-0.002327523968105
0.001303949471694
0.004030855536987
0.005355047659645
0.005379901844688
0.004489595604077
0.003117354932476
0.001712903925109
0.000497725548172
-0.000605879421755
-0.001619534196734
-0.002339055834715
-0.002620888894626
-0.002584014773599
-0.002522201598133
-0.002717462283586
-0.003075791263391
-0.002967378279659
-0.001752262842900
0.000573566437235
0.003320477909049
0.005497247428735
0.006272429987927
0.005385359363706
0.003296490560332
0.000868065311789
-0.001189939377256
-0.002637624467345
-0.003582663862558
-0.004158898076537
-0.004374313345051
-0.004149405332574
-0.003428305469296
-0.002318469496987
-0.000996353782031
0.000551456928457
0.002444684001141
0.004532862104241
0.006292747118660
0.007189647451223
0.006948007791744
0.005386711293839
0.002388321513521
-0.001692075946171
-0.005825289404791
-0.008734451004342
-0.009463577055391
-0.007736871238811
-0.004203905496734
-0.000283012696732
0.002624345793386
0.003972375487434
0.004162840567793
0.003922016534206
0.003720027971812
0.003582859492033
0.003278032890764
0.002729737717728
0.002125751518798
0.001558375520297
0.000801252600010
-0.000373739003430
-0.001784381482895
-0.002919632229077
-0.003401836789155
-0.003266265912561
-0.002682863590316
-0.001608842253043
-0.000101920409411
0.001346842255017
0.002253382117500
0.002551270264716
0.002350262830764
0.001714560547128
0.000837601142990
0.000101771824201
-0.000245579500772
-0.000240214143008
0.000083950767607
0.000830960101063
0.001966087104654
0.002957131732605
0.002846813949131
0.001078752312813
-0.001713716445726
-0.004069447239689
-0.004788423680334
-0.003641414239464
-0.001477942318342
0.000255696845821
0.000556451418044
-0.000402685067943
-0.001592621069208
-0.001985143480400
-0.001133521878192
0.000745211983439
0.003039047353385
0.005110165586866
0.006624305698326
0.007535259472615
0.007465064227473
0.005446515385292
0.001036933467080
-0.004497692702159
-0.008732890832125
-0.009831152981332
-0.007741457082409
-0.003918549875575
-0.000107288030412
0.002526736522278
0.003615224813535
0.003442980678838
0.002551847964149
0.001442148238428
0.000522602590942
0.000127025009207
0.000445307907053
0.001249708467850
0.001672392550836
0.000681186255651
-0.001796707106787
-0.004453958985630
-0.005684272740833
-0.004819593252332
-0.002287201298418
0.000794133675912
0.003249984841189
0.004564339341724
0.004830151590821
0.004104058962344
0.002266937723752
-0.000403390877310
-0.002903843788988
-0.004102526810332
-0.003606564860651
-0.002006154103626
-0.000387191010129
0.000400628837687
0.000190620791643
-0.000481072044886
-0.000774402072769
-0.000233326675219
0.000830146853410
0.001795872745582
0.002492154415730
0.003170253479566
0.003849496593494
0.004105594612004
0.003485953642408
0.001856727222783
-0.000607664708900
-0.003499043866891
-0.006161220495794
-0.007789844020510
-0.007791102256794
-0.006107140013955
-0.003168277448492
0.000385574534162
0.003957583057637
0.007021894928108
0.008960606272224
0.009229707888123
0.007811079562987
0.005251579034537
0.002177300211395
-0.001140766617579
-0.004610514541304
-0.007811127426847
-0.009873846183848
-0.009935153513603
-0.007863972851609
-0.004390266688459
-0.000391755953137
0.003430614086730
0.006251275045202
0.007307034116203
0.006485255022189
0.004358787849757
0.001803150702009
-0.000235194088504
-0.001029637220899
-0.000491253553366
0.000738524287783
0.001610304356870
0.001160044396179
-0.000978559580030
-0.004232251670290
-0.007259343133118
-0.008633639985492
-0.007559075410159
-0.004267368165186
0.000055192311589
0.003885170503609
0.006179283263802
0.006828108863449
0.006418900051185
0.005527800864767
0.004280815039331
0.002449002725907
-0.000135623153602
-0.003017158178332
-0.005186788861801
-0.005990743689038
-0.005595553164457
-0.004571812128891
-0.003405791837895
-0.002283048698916
-0.001068810560664
0.000525478118577
0.002603940553478
0.004742556509747
0.006128427482639
0.006295610813489
0.005500112429997
0.004127532192660
0.002084051316578
-0.000945856573409
-0.004724743782735
-0.008078162803945
-0.009472950359374
-0.008035355433250
-0.004111792540145
0.000872878700550
0.005173360355086
0.007602138515746
0.007750316521186
0.005704769871241
0.002024156135974
-0.002162638929303
-0.005426157997615
-0.006529800231742
-0.005055258997877
-0.001879426081722
0.001296796654100
0.003094799758799
0.003135456298892
0.001985457533299
0.000555731967177
-0.000735424897759
-0.002052350363421
-0.003367858318854
-0.004163107543048
-0.003950685559363
-0.002610284100618
-0.000320756243164
0.002385140263867
0.004624133913093
0.005597200298014
0.004947295749694
0.002656666589570
-0.000943502079524
-0.004906333145844
-0.007803278180755
-0.008403910166425
-0.006390832184930
-0.002530947777993
0.001823039154961
0.005328291997476
0.007038312087943
0.006678965050989
0.004531510568161
0.001073474385436
-0.003010754097011
-0.006653765142090
-0.008586303093481
-0.008028735767264
-0.005397803864976
-0.001935887786438
0.001378496144007
0.004075563619034
0.005777890308407
0.006157031594048
0.005025920728134
0.002411321362648
-0.001060249521239
-0.004083948873749
-0.005424544312407
-0.004690999169560
-0.002415792839160
0.000336741680302
0.002466588276305
0.003357910230776
0.003062248943398
0.001865099545449
-0.000010418078033
-0.002118119982579
-0.003701088734290
-0.004095425989931
-0.003053781339959
-0.000828081592545
0.001788132384557
0.003734497662684
0.004302942392406
0.003393457754313
0.001327738693140
-0.001274307661515
-0.003554701639901
-0.004735091414998
-0.004556976661056
-0.003317848800483
-0.001616964722307
-0.000147437588349
0.000648888031655
0.000930662898677
0.001268923603465
0.001993132422328
0.002858047719590
0.003307424398149
0.002942298528459
0.001880367328806
0.000569615513170
-0.000742499830039
-0.002036125597032
-0.003272225657151
-0.004297484252320
-0.004710906367271
-0.004048139503681
-0.002288145459428
0.000064500902907
0.002342054380680
0.003997095932050
0.004635380828127
0.004043760892673
0.002399684686795
0.000387166773703
-0.001057082241833
-0.001296721597294
-0.000480294633289
0.000540568674667
0.000839479790417
0.000076837463874
-0.001271633857264
-0.002361979638822
-0.002667699081499
-0.002184260391037
-0.001228503960807
-0.000181716126412
0.000809251366823
0.001823182756631
0.002675870532456
0.002792032741980
0.001805685481210
-0.000031587337293
-0.002140858567615
-0.003996126725414
-0.005158572100791
-0.005244458297093
-0.004043985202351
-0.001641626731747
0.001571720478061
0.004821271484955
0.006946713416756
0.007004441115882
0.004942149063966
0.001481566651699
-0.002295459939520
-0.005194816272808
-0.006339505024958
-0.005678391521542
-0.003930632802965
-0.001887260965679
0.000045724694780
0.001569463088099
0.002278854118981
0.002038255962925
0.001202347351016
0.000245357681186
-0.000599805572022
-0.001261943763632
-0.001565679084938
-0.001232181876743
-0.000147808394752
0.001455223905713
0.003043509944626
0.004039101229331
0.004015031294064
0.002727638408703
0.000421376367673
-0.002010345546736
-0.003733881985843
-0.004628031430137
-0.004948950275666
-0.004770910855561
-0.003936478876853
-0.002312201125482
-0.000056733195724
0.002343752609408
0.004458424687032
0.006237257190518
0.007601865294441
0.007914476419379
0.006388559223478
0.002921408216569
-0.001723498780304
-0.006327664956495
-0.009699964595667
-0.010963575322972
-0.009741258111414
-0.006400827772339
-0.001926045623635
0.002645888162452
0.006437763315163
0.008608684431249
0.008562818984793
0.006410772443605
0.003136392053443
0.000194445740798
-0.001316467467921
-0.001314576598603
-0.000647119579981
-0.000305121042653
-0.000721210970813
-0.001841655026409
-0.003440568964218
-0.005044476907786
-0.005962780340417
-0.005571100080176
-0.003550313068556
-0.000216364174710
0.003370202663355
0.005934977099804
0.006698748828455
0.005671944948543
0.003572381125629
0.001458675918834
0.000066723163226
-0.000559494155590
-0.000807599143132
-0.001165078399620
-0.001974842716756
-0.003148570667939
-0.004277359907562
-0.005043308178787
-0.005110146168297
-0.003909586344330
-0.001231009361515
0.002313752430769
0.005831091124707
0.008596275133347
0.009792299407549
0.008521122619246
0.004562822074632
-0.001021711149038
-0.006366912034216
-0.009833796613833
-0.010524821618825
-0.008386775983020
-0.004328278556286
0.000042456155659
0.003374235896876
0.005339723006591
0.006215807644261
0.006053469770297
0.004679855804397
0.002353419314657
0.000140874349872
-0.000720027417025
-0.000003146863742
0.001227597893343
0.001545634628683
0.000289501739375
-0.002082422336299
-0.004602289779818
-0.006479496767725
-0.007146024833133
-0.006141919094374
-0.003375084280135
0.000608734981497
0.004769426895126
0.007919984387247
0.009159406828524
0.008267579301979
0.005692849348081
0.002295342615069
-0.001006281175598
-0.003694210518413
-0.005686964108421
-0.006820526667472
-0.006634281961008
-0.004956176580061
-0.002437745088091
-0.000199240170043
0.001092080024624
0.001720414400657
0.002329995805431
0.003113140244227
0.003827742329610
0.004106924830455
0.003662340975540
0.002563302724407
0.001235913713059
0.000075692500685
-0.000908114880062
-0.001999914894020
-0.003193748985696
-0.003905496275231
-0.003569330831036
-0.002316475787574
-0.000818434036427
0.000329331677447
0.000983305063154
0.001389939124890
0.001725138931800
0.001775573391646
0.001293766988898
0.000539046857270
0.000059225697684
-0.000023332156243
0.000034570322314
0.000148227362172
0.000373246618471
0.000720039607141
0.001274314023790
0.002113815443219
0.003015740761634
0.003481766529153
0.003112982362193
0.001854775291214
-0.000045883833739
-0.002108190702597
-0.003721928455312
-0.004439559393849
-0.004211320313158
-0.003259103879493
-0.001855701621686
-0.000329116836161
0.001011034408732
0.002013423575393
0.002629449856530
0.003044080165047
0.003643794405610
0.004257962782297
0.003973976539374
0.002312018674320
0.000027362600309
-0.001679480728714
-0.002274123061340
-0.001993545689902
-0.001364067892407
-0.000860927547758
-0.000766405369538
-0.001104291385566
-0.001618007632264
-0.001868854720540
-0.001447249260375
-0.000204912496292
0.001586422459726
0.003333272855353
0.004412560279498
0.004459117417100
0.003622798081732
0.002562391681996
0.001961836122056
0.001863601737856
0.001547972648136
0.000322104231230
-0.001735141078362
-0.003998397184928
-0.005864092784709
-0.006907737413228
-0.006873947733589
-0.005715150046856
-0.003503219755927
-0.000438157061519
0.002922160938643
0.005778139011267
0.007606577931796
0.008358019569793
0.008124829368298
0.006897268570444
0.004711970118866
0.001722756629737
-0.001907607801802
-0.005830697661703
-0.009164881286190
-0.010720165601243
-0.009840321759262
-0.006899644640510
-0.002956321632752
0.000977552539275
0.004417229449510
0.007246849683701
0.009152761577899
0.009469979629953
0.007766654204473
0.004439024870319
0.000604753257888
-0.002649807376873
-0.005021582229583
-0.006787370579955
-0.007846389504569
-0.007489731467869
-0.005131819709073
-0.000946117027370
0.004040291905373
0.008232944888057
0.010116462453120
0.009077615204889
0.005557302872157
0.000485611229161
-0.004824322566526
-0.008563756924284
-0.009297331162083
-0.007049140657634
-0.003156266379783
0.000766094169070
0.003715615511801
0.005652858348309
0.007039013909172
0.007858570426325
0.007495570612236
0.005698733583482
0.002984611617366
0.000066131473931
-0.002496212407825
-0.004249898795706
-0.004976546844727
-0.004821850403578
-0.004152974346514
-0.003484419308047
-0.003427126834946
-0.004058986749864
-0.004394360449480
-0.003178623423460
-0.000099644712586
0.004137210332899
0.008342460451429
0.011085241192459
0.011126413249475
0.008192420089256
0.003249122687305
-0.002080496165736
-0.006397586891829
-0.008956545043917
-0.009601155411661
-0.008674863891334
-0.006764854329316
-0.004319293574035
-0.001646854687136
0.001052835797171
0.003722861660360
0.006047753707385
0.007328454113046
0.007180467944282
0.005935864865466
0.004186702465885
0.002391085955732
0.000867812244317
-0.000295142784216
-0.001203150527807
-0.001823284318482
-0.002070018463086
-0.002310378825111
-0.003157175299644
-0.004620794452211
-0.006006183866665
-0.006495937781350
-0.005470652905145
-0.002740779686968
0.001196500231801
0.005367349198549
0.008884888145658
0.011179123468692
0.011810870292278
0.010509818795452
0.007420259843529
0.003088107275407
-0.001710363649842
-0.006168510233805
-0.009703145012270
-0.012051544303854
-0.012972362955212
-0.012008811951223
-0.008953285366994
-0.004292767045027
0.001150962422234
0.006632096781062
0.011331456008119
0.014212009150524
0.014447630096625
0.012019359280338
0.007734523438042
0.002713524786232
-0.002218231977887
-0.006715298895913
-0.010391270293976
-0.012449118361082
-0.012143308150714
-0.009318953765771
-0.004354170814255
0.002002189709563
0.008454439627640
0.013231741731476
0.014746481910146
0.012272447192152
0.006306243122276
-0.001397169987522
-0.008341587457057
-0.012368030467090
-0.012615318299781
-0.009731910023659
-0.005362027982475
-0.001085086705761
0.002499467237648
0.005490697460740
0.007752095965225
0.008855319404304
0.008725962695997
0.007670337161394
0.005835678268738
0.003165515203680
-0.000227335563244
-0.003936487430978
-0.007238461584063
-0.009257623031656
-0.009632811230787
-0.008839338329588
-0.007424375230002
-0.005161585034914
-0.001463954029583
0.003554669083943
0.008932253778398
0.013396110215165
0.015634321673810
0.014642794078123
0.010301155274544
0.003486187538307
-0.004261266209643
-0.011055333592993
-0.015180834137363
-0.015775636067725
-0.013043298846640
-0.007948351416074
-0.001916464232840
0.003381692904962
0.006676571856658
0.007816684233927
0.007523906106283
0.006625626671070
0.005638877651479
0.004676731134350
0.003606766593216
0.002326670812071
0.000900032911495
-0.000539090550261
-0.001940169370138
-0.003299226432749
-0.004552142425625
-0.005564072118177
-0.006174644708626
-0.006187765248136
-0.005288034254561
-0.003185097961902
-0.000055229943405
0.003320160863453
0.006044391257623
0.007627204819756
0.007978760535425
0.007090205229936
0.005007020490502
0.002239934340496
-0.000263874422020
-0.001962789870683
-0.003161774602625
-0.004455815563092
-0.006009009776688
-0.007322600097429
-0.007614087151222
-0.006401904773521
-0.003663649201325
0.000333869204213
0.005092403782725
0.009735409718578
0.012919788560095
0.013265742646969
0.010169131993388
0.004285088048085
-0.002670213888272
-0.008692620663821
-0.012330702240221
-0.013006220648189
-0.010819013423635
-0.006320112303333
-0.000510417701522
0.005279696150283
0.009742582674547
0.011858338920653
0.011236864517873
0.008339415645612
0.003994645033365
-0.001076752130425
-0.006053403693386
-0.009974585342586
-0.012186415063506
-0.012366666344112
-0.010208758281866
-0.005747727267837
0.000057230758942
0.005658676496259
0.009837370107249
0.012014148095919
0.012117453721343
0.010712013171041
0.008738363812286
0.006512438645713
0.003405549224666
-0.001189729743714
-0.006921988639444
-0.012477334828875
-0.016240443020026
-0.017161364391404
-0.015235380251376
-0.011049822679548
-0.004967171437589
0.002759327128166
0.011050455894724
0.017839690851798
0.021082340228818
0.019749428203863
0.014310522897869
0.006683185113588
-0.000794062083349
-0.006671349125910
-0.010607312291943
-0.012708084476252
-0.013051577815283
-0.011684533003554
-0.008872219405413
-0.005314090699491
-0.001867996428426
0.001107359169277
0.003857418116107
0.006584736286403
0.008970691196851
0.010415968865305
0.010546847241510
0.009360851298055
0.007013540506605
0.003607891143396
-0.000750514140597
-0.005656164020294
-0.010160451493124
-0.012868545170751
-0.012610898942542
-0.009312930969041
-0.004139276573123
0.001136376990496
0.005042944910792
0.007239723796690
0.008403221223133
0.009031204176831
0.008665391840762
0.006541502515833
0.002688804632654
-0.001916627142570
-0.005977075975375
-0.008378138300508
-0.008532054483761
-0.006673284489281
-0.003768517147777
-0.000968301090510
0.000940698320328
0.001815666114877
0.002212723929341
0.002914842885464
0.004171520347067
0.005518478299143
0.006173807656567
0.005433496868919
0.002890018270868
-0.001288107342098
-0.006139406243570
-0.010224138177999
-0.012257545099743
-0.011552012590089
-0.008169241305414
-0.002857756864295
0.003214258666794
0.008918741085001
0.013450168444309
0.016095447453214
0.016060725663668
0.012888202221981
0.006911911873293
-0.000762954405672
-0.008651833155860
-0.015281484416178
-0.019303747392907
-0.019722540946416
-0.016429039646973
-0.010391239976664
-0.003216437691255
0.003471685294266
0.008583726002244
0.011881586881885
0.013767501341075
0.014725276937681
0.014884075361910
0.013954628630371
0.011432522456301
0.006781004310849
-0.000279484613248
-0.009249980226421
-0.018479329021059
-0.025395230202832
-0.027528159181999
-0.023734571256599
-0.014695612931665
-0.002624430895422
0.009512506994752
0.019137251681120
0.024911691389672
0.026601742325186
0.024409727026073
0.018672847389842
0.010050761151824
-0.000267775227243
-0.010628508293930
-0.019219038787467
-0.024529925790621
-0.025685552646922
-0.022498870236205
-0.015552996634625
-0.006327191430280
0.003103583772677
0.010901884437265
0.016187990845627
0.018964811330805
0.019463647853684
0.017794544365381
0.014026859329062
0.008222335974714
0.000693587332396
-0.007507630555599
-0.014756681920356
-0.019637457872182
-0.021368843674805
-0.019741096922195
-0.015043583889577
-0.007937036286549
0.000657366392800
0.009362325946575
0.016448543857909
0.020638810296921
0.021647805366997
0.019746735913499
0.015081982985251
0.007791389262561
-0.001264873935203
-0.010289333570647
-0.017170243855064
-0.020318199219238
-0.019408385680911
-0.015622995068322
-0.010751234471580
-0.005941562337810
-0.001435728887614
0.003045378482909
0.007946897089686
0.013370829637253
0.018545591918913
0.021822278192645
0.021382431769952
0.016334243319327
0.007453703861234
-0.003114903489660
-0.012998531433144
-0.020472826322456
-0.024618542784272
-0.025245970756071
-0.022627881702213
-0.017017850731585
-0.008531770239605
0.002338567786015
0.014137695165287
0.024478270811043
0.030813526957226
0.031587431331913
0.026918377236363
0.018214387638209
0.007328124229427
-0.004050616624790
-0.014607697662439
-0.023117517104415
-0.028301320135806
-0.029351397760036
-0.026218892618834
-0.019297879429927
-0.009347740566921
0.002231166817346
0.013513900757371
0.022650448257469
0.028209005828237
0.029227886014277
0.025468347958090
0.017642952512885
0.007351065852275
-0.003293638753143
-0.012426429510692
-0.019089502910787
-0.023052140472983
-0.024240953879915
-0.022647889316826
-0.018302212629631
-0.011095770134326
-0.001319797032024
0.009546375338655
0.019141619075084
0.025323643355760
0.026874575983769
0.023619128570627
0.016419833864390
0.006980330811776
-0.002717405563577
-0.011029590570164
-0.017042821085551
-0.020520467026007
-0.021454847391902
-0.019681504470480
-0.014935751152281
-0.007404717293353
0.001831852325121
0.010955376380750
0.017926168413694
0.021169671485601
0.020192216657302
0.015680132246102
0.008964906657761
0.001472653843493
-0.005363152044477
-0.010295085880142
-0.012718091003049
-0.012654617093831
-0.010376767213463
-0.006411363728192
-0.001765521273923
0.002272524080571
0.004701207287291
0.005275118205359
0.004553886247716
0.003436374496406
0.002559004955748
0.002097700717161
0.002011058995523
0.002245530776886
0.002541471922213
0.002359810093759
0.001333767261767
-0.000551901028130
-0.003142759098003
-0.005918551003753
-0.007941257333300
-0.008446554647237
-0.007277163993389
-0.004647859094834
-0.000873836230590
0.003511684643228
0.007785976790941
0.011210384391089
0.012961932844224
0.012284951099573
0.008834101545826
0.002723344294754
-0.005224159882425
-0.013174342886722
-0.018955137308486
-0.021049837185480
-0.018807226202557
-0.012462520767689
-0.003374632534818
0.006277660261444
0.014419765813694
0.019703486531094
0.021521906035617
0.019857857656146
0.015146616523938
0.008169213157209
-0.000090707704325
-0.008634971224949
-0.016361638957322
-0.021925033266898
-0.024100815273192
-0.022270535785931
-0.016569819121055
-0.007915312905056
0.002179030870805
0.011962494881183
0.019584857217540
0.023365609864833
0.022523144280059
0.017669111447112
0.010438861446155
0.002602698953243
-0.004592511964361
-0.010526865820552
-0.014896831588907
-0.017398251555978
-0.017711943274372
-0.015605458855210
-0.011073959123790
-0.004735099954114
0.002067053698754
0.007991216778047
0.012284915273070
0.014532656671425
0.014448973820202
0.012118765062148
0.008121334866074
0.003294891327833
-0.001634713093273
-0.006146205035271
-0.009664541567440
-0.011489070064068
-0.011163422385317
-0.008828159719870
-0.005180790378047
-0.001189143582357
0.002241482438107
0.004571165001832
0.005688042329215
0.005706881722274
0.004914750448594
0.003820678568199
0.002788315140819
0.001645626609587
-0.000020782153502
-0.002299784706711
-0.004706969317699
-0.006285019893740
-0.006080850718867
-0.003763780001902
0.000077237735961
0.004060141989746
0.006597433831951
0.006697429989837
0.004291744953427
0.000154296252888
-0.004188562358362
-0.007010889205130
-0.007438672962058
-0.005842979873554
-0.003144888543074
-0.000161600847788
0.002367515459720
0.003812488627056
0.004038421879727
0.003472826878315
0.002725802278526
0.002228733044513
0.001894572090398
0.000976003410297
-0.001260934825879
-0.004542015475110
-0.007428913380872
-0.008074078944937
-0.005410903671142
-0.000106769730680
0.005750951551754
0.009946328049532
0.010999992855804
0.008458387506494
0.003116068913876
-0.003289393522412
-0.009025236097994
-0.012945487992713
-0.014379618964842
-0.013007550535465
-0.009002000132272
-0.003117077577670
0.003482991380346
0.009503284063937
0.013792623244185
0.015543148392960
0.014318962237141
0.010078921317134
0.003283203163215
-0.004940467790225
-0.012741402217273
-0.018062199470427
-0.019422047094446
-0.016303243602383
-0.009400204288194
-0.000696601419281
0.007342692291196
0.012884749545656
0.015014080395706
0.013651054715257
0.009625751022258
0.004379955688508
-0.000655640818979
-0.004503451282999
-0.006908136495665
-0.008237457819605
-0.008826934453573
-0.008601545203430
-0.007366692396049
-0.005085521419167
-0.001969628438736
0.001458630247015
0.004452347215902
0.006335648123355
0.006822441937531
0.006115785350459
0.004772837586664
0.003283882855770
0.001630361939231
-0.000513354825920
-0.003150130590829
-0.005801154503240
-0.007851932005533
-0.008735439191538
-0.007967597860473
-0.005431465393732
-0.001521661804331
0.003097394447645
0.007498065921143
0.010367017152412
0.010534529840348
0.007746238902911
0.002820218533128
-0.002740661378613
-0.007402398619322
-0.010197193105201
-0.010836028315758
-0.009472183720388
-0.006448931580351
-0.002228236130390
0.002437433403579
0.006524046314591
0.009123661185773
0.009739805543088
0.008342431711124
0.005290977364428
0.001136169011826
-0.003484418978749
-0.007720610345541
-0.010536547872536
-0.011104017849060
-0.009134409197273
-0.005035419840350
0.000046004253783
0.004678163435695
0.007863395428768
0.009185890682839
0.008528281587212
0.006109425670461
0.002568144806042
-0.001350276785388
-0.004991748747612
-0.007654688226520
-0.008572048787533
-0.007356675990918
-0.004537381331812
-0.001269384693735
0.001561744496369
0.003597666082857
0.004556564174482
0.004127039582406
0.002464268581347
0.000349649886115
-0.001396437271108
-0.002436598559154
-0.002856073737094
-0.002833982102970
-0.002439157992073
-0.001673140261935
-0.000638593535270
0.000406521203172
0.001248605641773
0.001866198881115
0.002230837655272
0.002061543463403
0.000909815838331
-0.001408435097332
-0.004408193464239
-0.006971894934100
-0.007837112866481
-0.006365126134476
-0.003113206750635
0.000436389996200
0.002714250598284
0.002687017360984
0.000189570768670
-0.003948706119824
-0.008218328891344
-0.011113331628803
-0.011730963345671
-0.009962410168163
-0.006416940010756
-0.002313175468717
0.000942872742571
0.002478528694434
0.002175634053971
0.000362456599271
-0.002319679654957
-0.005043985747448
-0.007103589650731
-0.007945575434568
-0.007232624726684
-0.005289736376823
-0.003167260697373
-0.001879189342303
-0.001693802375467
-0.002346067726425
-0.003699009149103
-0.005882009399259
-0.008875043678964
-0.012137312642804
-0.014699423085912
-0.015706784666930
-0.014936569736382
-0.012754558082103
-0.009677294338255
-0.006191452115929
-0.002759545465936
0.000306457701199
0.002737672119779
0.004018423289239
0.003539932747951
0.001136227444892
-0.002578255994008
-0.006256082128849
-0.008181366285504
-0.006981941712600
-0.002339564140690
0.004834116068078
0.012769599152379
0.019567552257340
0.024007945161049
0.025896792057693
0.025735871658508
0.024111961380849
0.021331349421089
0.017643482534762
0.013720240752321
0.010509404507827
0.008531213437129
0.007707441431657
0.007882261165020
0.008994245372826
0.010790573399629
0.012943117679051
0.015332800991246
0.017881959727894
0.020357242709847
0.022505873100330
0.024080708196685
0.024657654950551
0.023844870766594
0.021673470825297
0.018604673223090
0.015512117466511
0.013527712633016
0.013390211713137
0.015014707182185
0.017728532720843
0.020684392781929
0.023118306730643
0.024535674740256
0.024831690514574
0.024336989463308
0.023638622735440
0.023005229276521
0.022099021404502
0.020323093652446
0.017126095749361
0.012356843195507
0.006710226795173
0.001352020093227
-0.002787773977319
-0.004943360186837
-0.004561300199102
-0.002166709184880
0.000388551293643
0.001045764843007
-0.001316840653736
-0.006646882497759
-0.013863272141666
-0.021146249788429
-0.026682143601123
-0.029409791508101
-0.029041608274583
-0.025742070995525
-0.020103041653253
-0.013109537672778
-0.005833471930417
0.000817447316299
0.006142357397911
0.009646284186136
0.011040340238849
0.010199610363154
0.007226884948783
0.002513149800792
-0.003403823699176
-0.009915107698247
-0.016246782453114
-0.021446703830503
-0.024624131561471
-0.025347438694362
-0.023942525046919
-0.021524149173954
-0.019560737819355
-0.019200303429770
-0.020963567025158
-0.024888857132250
-0.030849865072726
-0.038634831438140
-0.047771502946606
-0.057545236316316
-0.066958595965810
-0.074409394675042
-0.077848674450919
-0.075665710012286
-0.067318663063172
-0.053278367544652
-0.034972745851615
-0.014814586562847
0.004220356799797
0.019314624634502
0.028359764108337
0.030209341723903
0.024810376063532
0.013343918176693
-0.001897498745471
-0.017907730937320
-0.031442171455254
-0.039857058940480
-0.041884087317018
-0.037581591834295
-0.028069563548102
-0.015514012294807
-0.002690238053435
0.008097526834452
0.015918299802063
0.021203481080894
0.025099863358003
0.028803263724943
0.033081355175696
0.037999265292868
0.042857898702049
0.046333754529349
0.046937964901993
0.043868415999674
0.037454534184528
0.028599611851600
0.018228140466144
0.007309113767012
-0.003174527707349
-0.012389861036106
-0.019676482037505
-0.024582263492784
-0.027024921039032
-0.027227887073524
-0.025365335954112
-0.021453476728454
-0.015406503963707
-0.006823521499518
0.005050492698523
0.020670020163115
0.039265502324029
0.058459112626259
0.074650423881665
0.083833519342201
0.082644923058908
0.069505576731376
0.045222227002640
0.012578847642096
-0.024368331494948
-0.060675759900824
-0.091176595899369
-0.111390500273392
-0.117953984253106
-0.108982228314822
-0.084677264284699
-0.047484026458560
-0.001794575886183
0.046287371475301
0.089618798732952
0.121528565709072
0.137240546207900
0.134550254557695
0.114116635272959
0.079387554732635
0.035787268361013
-0.010478664530001
-0.053217201559381
-0.086778926839775
-0.106820015258420
-0.110821297569458
-0.098008515329828
-0.069224685944373
-0.027170043509663
0.023278717061411
0.075368195158206
0.121683530147745
0.155734225924261
0.173001745931597
0.171059905100011
0.149458026427259
0.109923249662105
0.056401280215252
-0.005224309014708
-0.067552544920782
-0.122555054817507
-0.162817761259089
-0.182610654740653
-0.178770085772007
-0.151328557555324
-0.103552632197243
-0.041434917980476
0.027039527455072
0.092836770724577
0.147123654072120
0.182619146588758
0.194727213085402
0.182144607716476
0.146875313287853
0.093941880707246
0.030751909210348
-0.034059909648845
-0.091861059429812
-0.135071353774058
-0.158386110580470
-0.159867878737124
-0.141065766393394
-0.106168595527207
-0.060846262878854
-0.011334151038584
0.035986255478103
0.075011008138485
0.100919719196529
0.111247167595336
0.106063266338407
0.087298678291395
0.058203650080087
0.023188049722247
-0.012565558039604
-0.043834910591047
-0.066466019751739
-0.078555990883146
-0.080518785082918
-0.073999632692776
-0.061113144940914
-0.044409353808419
-0.026562746040519
-0.009602888894428
0.005354097238854
0.017684651232088
0.026858785780071
0.032379987698791
0.033942905971730
0.031633500076088
0.025929546161003
0.017470003434356
0.006928764313782
-0.004896166440348
-0.017033350346887
-0.028371240351933
-0.037640640356089
-0.043524505866381
-0.045063556539880
-0.041896191886575
-0.034101566157327
-0.022317613381746
-0.008129379873559
0.006207710949776
0.018509316036104
0.027120601461722
0.031315415775408
0.031459129755182
0.028358446961051
0.022479985433207
0.013939138695151
0.002806699608294
-0.010851805053031
-0.026821837247685
-0.044344066674434
-0.061824937431587
-0.076804366326475
-0.086453460194420
-0.088503296883655
-0.081883340999191
-0.066737437024054
-0.044027907484989
-0.015177774005927
0.017769485210826
0.051706264023991
0.082567895705313
0.106275764426680
0.119907502955524
0.122387469805111
0.114476996788374
0.098185200482596
0.075949885218512
0.049967694407973
0.021961283654935
-0.006499730326383
-0.033522484050186
-0.056713491462337
-0.073480720351572
-0.081881609181339
-0.081463505991981
-0.073282897462973
-0.059197961529472
-0.041216380791906
-0.021160861058918
-0.000449971464368
0.019809139553304
0.038312024444618
0.053136769536759
0.061841711329296
0.061912008492745
0.051328859811784
0.029455097139413
-0.002156146045307
-0.039811592130457
-0.078324396752728
-0.111893963655352
-0.135284177439696
-0.144672394687448
-0.137821978580584
-0.114355912592909
-0.076241196570913
-0.027570029439935
0.026267103052974
0.079116504596407
0.124552487958666
0.156934636376255
0.172454709298804
0.169402379211657
0.148009147105484
0.110561967690910
0.061423960821932
0.006466856154155
-0.047677156817926
-0.094288958682541
-0.127423273661434
-0.143015921076232
-0.139766676422615
-0.119285511049945
-0.085655940062127
-0.044716983590705
-0.003010333173408
0.033435198572905
0.060076034763642
0.074381002882176
0.075888053409130
0.066035495338195
0.047994211815895
0.026195793090297
0.005360903913352
-0.010478349694295
-0.018550583461360
-0.017641942616554
-0.008178322008706
0.008001309395282
0.028084781952172
0.048790562205042
0.066760620349534
0.078819676605689
0.082436641758340
0.076426368559445
0.061312662227978
0.039163966241818
0.013431840403738
-0.011437416580192
-0.031323730430688
-0.043780110784355
-0.048178698157930
-0.045253748479736
-0.036869802440798
-0.025619948914234
-0.014041765697633
-0.004118029793638
0.002818468661962
0.006171998171745
0.005937375228750
0.002272643293387
-0.004655723093001
-0.014366182896641
-0.025660423507363
-0.036585590040394
-0.044738803540742
-0.047598967222035
-0.043047311868157
-0.030204303552501
-0.010118574650797
0.014149270802804
0.038239128303350
0.057904144659798
0.070403415066394
0.074903991630934
0.071863161759093
0.062382919627996
0.048071998477198
0.030879344157909
0.012566019134850
-0.005518831741559
-0.022039523288601
-0.035243820224829
-0.042913883063503
-0.042933347461969
-0.034382924197447
-0.018301822563992
0.002401407838786
0.023510537420375
0.040319603325215
0.048889197882252
0.047257985742176
0.035822123254015
0.017023981511959
-0.005396692242011
-0.027574277559353
-0.046399672892126
-0.059597967795436
-0.065645558108931
-0.064193515463285
-0.056484893825471
-0.045091385009299
-0.033227011829659
-0.023785066859056
-0.018195640482925
-0.015923513602543
-0.015088915168713
-0.013687751185462
-0.010475794505044
-0.005118774735035
0.002075463207752
0.010485340541193
0.019359715838124
0.027857288647313
0.034936407321935
0.039114567734604
0.038672515089105
0.032572937797254
0.021297852453191
0.006763973738325
-0.008584752054295
-0.022707394954887
-0.034347498052210
-0.042775771801562
-0.047279932901453
-0.047123131631661
-0.041938367025963
-0.031831861622924
-0.017133844952084
0.001525753085131
0.022656844961988
0.043606338063964
0.060902516843932
0.070958819313002
0.071098769274528
0.060587278729716
0.040803372058669
0.014710655053141
-0.013590080314641
-0.039493416382978
-0.059100150152064
-0.070327674904665
-0.073073002000214
-0.068473162935506
-0.057953110170386
-0.042783826657233
-0.024320340740870
-0.004220841167521
0.015732721771177
0.033865865541464
0.048900646411941
0.060200437560761
0.067514464404465
0.070551609903128
0.069020160207662
0.062802250783836
0.051795519981989
0.035980936318373
0.016052956898025
-0.006093556967327
-0.027567214831987
-0.045324133714175
-0.057133667458402
-0.062035712177277
-0.060332020244525
-0.053446616042309
-0.043401100619144
-0.031758722946339
-0.019088493878481
-0.005536442707434
0.008572174197920
0.022659884627381
0.035841216498092
0.046887080309187
0.054672271726354
0.058677115037487
0.058737212422861
0.054733413470109
0.046905480693673
0.035940895518064
0.022644941254509
0.007876455983652
-0.007299110576097
-0.021650317071060
-0.034009595159044
-0.043363096634810
-0.048838629445016
-0.049934858002694
-0.046818444749966
-0.040237974496680
-0.031108631746137
-0.020343450947736
-0.009011541742265
0.001744034755900
0.010934444128712
0.017737607217151
0.021629417160612
0.022588574706937
0.020842459981993
0.016587853628686
0.010288079502896
0.002867169858276
-0.004672098837040
-0.011539979340741
-0.017127138246609
-0.021094823997824
-0.023542889393006
-0.024916594456431
-0.025891221231017
-0.027393415365320
-0.030221889830057
-0.034432556719748
-0.039351455031828
-0.043903363844899
-0.046598220257763
-0.045708693862557
-0.040074458962112
-0.029709486589319
-0.015510708543018
0.001187256493508
0.018638099158825
0.034869065730627
0.048156581104833
0.057447256764930
0.062549667180693
0.063959000411466
0.062485144872951
0.058898537655623
0.053793008677826
0.047746770600665
0.041329551979713
0.034893183286099
0.028641489167459
0.022821887656723
0.017501670367376
0.012290302047152
0.006634527319414
0.000099275653204
-0.007753044623663
-0.017139031210729
-0.027645396117565
-0.038335506219812
-0.048128566648014
-0.056056063081635
-0.061298366455188
-0.063127967841865
-0.060968445392507
-0.054436784149500
-0.043218781047510
-0.026923202316001
-0.005143776922384
0.022077958249558
0.053397209018506
0.085432596477511
0.113091052969882
0.131215890858144
0.136358623887393
0.127383728625864
0.105198731984335
0.072549273210064
0.033700415255711
-0.006501829297907
-0.043686258969008
-0.074515767825782
-0.096738523613874
-0.108934515248569
-0.110343600310864
-0.101059847289364
-0.082343820896775
-0.056531798586769
-0.026558418291496
0.004261995058131
0.032088205708992
0.052816638858597
0.063197627112559
0.062112953058453
0.050957491697467
0.032782250961107
0.010853402598466
-0.012261165648464
-0.034504969094743
-0.053492876472249
-0.066220684967633
-0.070064449691779
-0.064220236040451
-0.050140850570376
-0.030655630488987
-0.008802118315803
0.012647453795881
0.031120405658561
0.044280910301977
0.050450303814566
0.049150256241639
0.041143876886885
0.027930629458039
0.011458159574849
-0.005835152660894
-0.021277737492394
-0.032616125209797
-0.038768364600176
-0.040197999042599
-0.038355811261425
-0.034575465049358
-0.029356896555651
-0.022257694447657
-0.012260018129982
0.001265016789620
0.017540644235523
0.034413715707775
0.049328097700980
0.060252173182108
0.066064684703321
0.066306159514577
0.060623663584908
0.048658264566070
0.030566694139202
0.007613001934641
-0.017728153322993
-0.042339051573060
-0.063221997656141
-0.077803809245306
-0.084136888165610
-0.081439260395337
-0.070185204113347
-0.051496158088208
-0.026966313446056
0.000887854022410
0.028556404392517
0.051886712034030
0.066456717341347
0.068764939606006
0.058222730973929
0.037751293936641
0.012233216219467
-0.013245348698043
-0.034523194908163
-0.049423775296300
-0.057995414553454
-0.061256755235729
-0.059849812205653
-0.053848929986115
-0.043218222433315
-0.028335046444896
-0.010481159847270
0.008190123345074
0.025392104884951
0.039442131898643
0.049462976204757
0.055206650516994
0.056902364435197
0.055137350948797
0.050293768801886
0.041923284062609
0.029247829943111
0.012434216233119
-0.006960147686334
-0.026612002509479
-0.044078030735947
-0.057091584463885
-0.063784275729540
-0.062738312978449
-0.053176985153691
-0.035773496401459
-0.013126777446136
0.011063180557236
0.033330127731264
0.051041341756998
0.062150664264014
0.065092850492228
0.059378240737419
0.046130770682682
0.027767333710505
0.007269278685800
-0.012148496488586
-0.027535876948046
-0.037386333968894
-0.042126068542601
-0.043212873770158
-0.042141296160336
-0.039913555203633
-0.036514518676334
-0.030935176036843
-0.022146024123469
-0.009899770940914
0.005010174140260
0.020364553623776
0.032816749840949
0.039590414243697
0.039908275287854
0.034955751816173
0.027152708195520
0.019160713675053
0.012890673052786
0.009288999406953
0.008698832532456
0.011189084130427
0.016865146135171
0.025802184917965
0.037381122005838
0.049960709042351
0.061361515354146
0.069312517984487
0.071656459210822
0.066868359201320
0.054298638082691
0.033843817011880
0.006353044135195
-0.025211107947801
-0.055671033618030
-0.079051880207900
-0.090484525217493
-0.087794438860739
-0.071985920250457
-0.046438069325034
-0.015653185919959
0.015987174012404
0.045015353702388
0.068613805811014
0.084085831737585
0.089172863461363
0.082758279516960
0.065307133796343
0.039176230209926
0.008318760996123
-0.023024406355811
-0.051584431197630
-0.075411246745853
-0.093655445756059
-0.106079968704102
-0.112517245444610
-0.112784450518874
-0.106840684907080
-0.094606424665665
-0.075956022308248
-0.051295178302327
-0.021873611698170
0.010435561103206
0.043189987553136
0.073398405909803
0.097912878899447
0.113803558654757
0.118743359628711
0.111746729149578
0.093665356187374
0.067032150315085
0.035731094014095
0.004433497115641
-0.022552582241060
-0.042354188339725
-0.053699967835350
-0.056377530176899
-0.050776176602434
-0.038064062053459
-0.020545964172419
-0.001232790149095
0.017089831595515
0.032258224489457
0.042746244814439
0.047581606077815
0.045795516123253
0.036331516022994
0.019255031028332
-0.003273157729475
-0.027458395218626
-0.049106300118944
-0.065025044553706
-0.073964562512762
-0.076244225029379
-0.072575403514742
-0.063352842311977
-0.048774813144801
-0.029456383008532
-0.006975604776217
0.016078903977405
0.036415462570050
0.050558588058502
0.055709550344132
0.050598867997254
0.035670960418936
0.012713478463057
-0.015397984209918
-0.044878914757092
-0.071613379088549
-0.091914046859281
-0.103083549593483
-0.103753316363348
-0.093957045272130
-0.075109163928514
-0.049907594999357
-0.021745739763569
0.006055240603780
0.030472579712185
0.048722403703092
0.058537806178391
0.058777415160458
0.049939535304679
0.034264171408925
0.015397021802880
-0.002299469773263
-0.014621260211145
-0.018512130023956
-0.013092535026344
-0.000125119005358
0.016504788449982
0.031887602983396
0.041403210298520
0.042049246201372
0.033091359501474
0.015729555525662
-0.007411102703897
-0.032521073333414
-0.055179487048487
-0.071415635938370
-0.078530061403200
-0.075300676586400
-0.061997417096780
-0.040534422954883
-0.014347961895230
0.012406912445801
0.035826901225977
0.052846771911796
0.061729012227879
0.062413176707187
0.056243934494568
0.045343108300398
0.032059654101744
0.018545523922886
0.006398863100179
-0.003614510340371
-0.011502630008391
-0.017640001182570
-0.022240736049744
-0.024997895422547
-0.025327023470669
-0.022932162189908
-0.018070668972601
-0.011665957929567
-0.005287559118723
-0.000549860624635
0.001661722659732
0.001271154016484
-0.001248112534235
-0.004852290240865
-0.008211064612358
-0.010378950948758
-0.010707223185110
-0.008012191940601
-0.000429597277104
0.013663331675853
0.034514409438960
0.060227045056647
0.086831945467000
0.109491301258858
0.124082476447136
0.128188981356498
0.121182422892682
0.103619849699527
0.076659239161492
0.042137471460657
0.003276510115854
-0.034820701441838
-0.065840511847802
-0.083933777872039
-0.085390596385109
-0.069599246419010
-0.039155404590978
0.000628792170330
0.042573226568616
0.078891373970828
0.103025104760641
0.111427766227008
0.104152091224197
0.084197286319125
0.056271770254067
0.025321162964937
-0.004538359405720
-0.030148191648988
-0.048999546185213
-0.059159670106020
-0.059486815173306
-0.050045061714694
-0.032588677835100
-0.010582200448575
0.011684882172546
0.030501691628506
0.043875132864988
0.051798532238606
0.055527742485551
0.056379834242111
0.054639208644719
0.049157125101123
0.038056730212541
0.020144243679191
-0.003836178767393
-0.030903413340315
-0.056727031976034
-0.077145607782805
-0.089344675331516
-0.092102386151412
-0.085634404300779
-0.071384419906097
-0.051461165823684
-0.028234324686623
-0.004517553903180
0.016370454952176
0.031238403176979
0.037841213734100
0.035275053852888
0.024117869251709
0.006299336133935
-0.015504877027525
-0.038431001544033
-0.059564277978639
-0.076009457225642
-0.085193057897986
-0.085456726295418
-0.076782980949727
-0.061016347056017
-0.041221463337113
-0.020770265560185
-0.002644520858931
0.011036117086111
0.018979914106889
0.020363817231741
0.014903162729873
0.003284278402823
-0.012590712604169
-0.029747177933671
-0.044891802323718
-0.055621681145029
-0.060960288396404
-0.060710410825101
-0.054805488344307
-0.043376656945320
-0.026983008178598
-0.006860256554825
0.014764612291770
0.034861521057297
0.050541373577715
0.060023601584906
0.062969225267971
0.060392656227504
0.054304007946578
0.046935928253488
0.039851604792113
0.033462050845437
0.027153802354928
0.019949565679534
0.011492812312010
0.002677226110547
-0.004718484639652
-0.008987363931778
-0.009285851603617
-0.005973200950137
-0.000429886122870
0.005486073046950
0.010018932500491
0.011938968083305
0.010677207501972
0.006218720172640
-0.000946481594031
-0.009639040256975
-0.017760060568128
-0.022513594007178
-0.021382840862412
-0.013466036148098
-0.000103011742994
0.015855446494077
0.031201208298254
0.042883404912019
0.048190709125792
0.045203136158982
0.033391080532340
0.013825573455738
-0.011110655983572
-0.038130361314817
-0.063306312645835
-0.082357782428556
-0.091416682305978
-0.088116738019083
-0.072333324377382
-0.046389143976553
-0.014681201290049
0.017348991788666
0.044640058573744
0.063668113437877
0.072668539198527
0.071216026109772
0.059911756659455
0.040334909717165
0.015196876447640
-0.011488452555889
-0.034776369710924
-0.050028996053227
-0.054393349105235
-0.047615992411755
-0.031977832835802
-0.011399196868300
0.009896740695048
0.028295095623206
0.041049440715642
0.046245311687421
0.042825233097353
0.030962030627331
0.012354947759822
-0.010018651606006
-0.032324436166594
-0.050395806320361
-0.060785392109707
-0.061877902939403
-0.054027745716660
-0.038755974292053
-0.017960950277373
0.006343582746701
0.031980091200350
0.056533750982446
0.077150048379884
0.090404974604213
0.092927718036026
0.082655422168241
0.059853175193856
0.027371274278048
-0.009886981471399
-0.046169982287688
-0.076455059663076
-0.097333596498520
-0.106756211000988
-0.103860640189668
-0.089107915340524
-0.063903187288471
-0.030336079835210
0.008230592479958
0.046663683086466
0.078818556635925
0.099212953087903
0.104455362833111
0.094008039640118
0.070302889068301
0.038173748682265
0.003826502388775
-0.026453877530910
-0.047643876383577
-0.056888635441232
-0.053755126556166
-0.040101683895457
-0.019771614191063
0.002131635494408
0.020464242022772
0.031178424518744
0.031991863227832
0.022758988371853
0.005437579807619
-0.016548109449010
-0.039183280915321
-0.058589474607643
-0.071475759909260
-0.075317538921105
-0.068656870066362
-0.051686113051763
-0.026518484141908
0.003124951765699
0.032438396942795
0.056322120005705
0.070740720034716
0.074018434996313
0.066997883510425
0.052215715233459
0.032956602483745
0.012337036125424
-0.007285028073128
-0.024012135767071
-0.035779404467417
-0.040548035185289
-0.037327521054360
-0.026871727921020
-0.011347680388983
0.006621394476000
0.024704648844358
0.041082240869590
0.054550518145337
0.064633758008035
0.071357624693633
0.074736847072038
0.074382015800124
0.069433630956246
0.058939393444884
0.042735153789305
0.022107428995688
-0.000529185465716
-0.022366724365506
-0.040586231622936
-0.052567742512709
-0.056272569614375
-0.050691058515975
-0.036110135744675
-0.014290186408645
0.011547260475144
0.037313213413086
0.058970770956726
0.073304251277068
0.078520754203329
0.074608536290692
0.063111296118012
0.046338308670964
0.026566057392631
0.005503795040457
-0.015907171010336
-0.037127228559231
-0.057486452743961
-0.076107411594971
-0.092012664479210
-0.103945157638089
-0.110152235774588
-0.108711836408415
-0.098446854109047
-0.079839404802973
-0.055299643737546
-0.028545260279524
-0.003513854141983
0.016600432856062
0.029939266696926
0.036032430085537
0.035437787198527
0.029318337761252
0.019161458467592
0.006860794086707
-0.005140772662157
-0.014251219604271
-0.018524653336479
-0.017268611812671
-0.011084467821879
-0.001438849522385
0.009847030175274
0.021035669753829
0.030819299421493
0.038488955567085
0.043739029338092
0.046146751489361
0.044933811028501
0.039373599576904
0.029371260250941
0.015662816286702
-0.000329357464411
-0.016716120488623
-0.031461047191019
-0.042747432094916
-0.049139183420666
-0.049642442897620
-0.043858907038778
-0.032133904154557
-0.015684650120395
0.003306704689729
0.022030356015664
0.037741349467204
0.048094253489905
0.051367452181367
0.046958128700869
0.035502781168289
0.018561958235169
-0.001666020834836
-0.022654622990126
-0.041940018445790
-0.057310193071709
-0.066761647515900
-0.068855510019100
-0.063529637128705
-0.052513481466292
-0.038969562425782
-0.026542403909914
-0.018173562445527
-0.015131603540954
-0.016565846743722
-0.019871936703714
-0.021895063717696
-0.020319197958049
-0.014377222333532
-0.004696689056846
0.007267240801978
0.019802129496595
0.031343019994960
0.040720763532831
0.047184180383921
0.050142697833456
0.049142568563826
0.044456280158251
0.037486306639601
0.030161771427937
0.023977684683234
0.019592796028221
0.016812025227297
0.014705296953096
0.012097078655664
0.008335624058284
0.003841836684629
-0.000079223653354
-0.002218314385752
-0.002283713784707
-0.000686179671608
0.002056615784813
0.005476617360373
0.009246775195854
0.013244282161876
0.017147497462005
0.020014375695746
0.020362206165165
0.016752873712745
0.008746419263288
-0.002373152528850
-0.013793647870228
-0.022290958019844
-0.025487287348801
-0.022433939095570
-0.013589250419546
-0.000688186611991
0.013443255031391
0.025342279628062
0.031855877736359
0.031388325567098
0.024572984921581
0.013784297503713
0.002021000521859
-0.007964289843388
-0.014179184466046
-0.015766211502553
-0.013165288451982
-0.007964755628854
-0.002277243794596
0.002138692450807
0.004433121950528
0.004767573392548
0.003858331550481
0.002253591449914
0.000280195129008
-0.001523579399585
-0.002304638339279
-0.001020641828447
0.003360348985882
0.011371949864535
0.022436089063740
0.034730853778503
0.045811389486339
0.053454036306855
0.056147418787951
0.053270585798090
0.045157234449782
0.032790706010947
0.017135906462801
-0.001077398328733
-0.020902769848794
-0.040794538217281
-0.058663705430641
-0.072190471098530
-0.079183329351467
-0.077918511038108
-0.067537348601135
-0.048431157896598
-0.022327083798572
0.007892084744570
0.038209780583891
0.063586074318249
0.079006394270604
0.081156694682010
0.069479821607929
0.046176859670708
0.015618635422308
-0.016554116568356
-0.044891148749981
-0.065728964700035
-0.077841892516841
-0.082036185236838
-0.080269206262747
-0.074588332478311
-0.066351823282855
-0.056408658764583
-0.045852033174694
-0.036163830183564
-0.028813098390225
-0.024953119832161
-0.024880592937309
-0.027430591788449
-0.030316691889084
-0.031182203141628
-0.028239779362609
-0.020412625672038
-0.007479937375516
0.009762578395807
0.029400969364427
0.048542899874275
0.064008196258587
0.073164338841410
0.074340793595779
0.067081005210113
0.052430994021600
0.032852703076242
0.011598379142149
-0.008207326196437
-0.024365025590965
-0.035875216277521
-0.042795719277691
-0.045985662390108
-0.046615429313550
-0.045494389167323
-0.042855552401440
-0.038741666951785
-0.033424118838745
-0.027554758669220
-0.022018155014523
-0.017446534811421
-0.013660461023636
-0.009612230937138
-0.004007431201198
0.003804293941567
0.013224225502544
0.022631034354103
0.030263381792190
0.034891262289640
0.035958763165128
0.033454713798249
0.027647290008547
0.018823212696602
0.007346571925406
-0.006156597121748
-0.021085449120957
-0.037143144374282
-0.053641153759613
-0.068389372524819
-0.077577382734769
-0.076968292743115
-0.063462068904935
-0.036332013044259
0.001902640003338
0.045592005663552
0.087439264227342
0.120522288052014
0.139967406222077
0.143752867851498
0.132543841084552
0.108968832282481
0.076890442157366
0.040885141659870
0.005623891075849
-0.024762637127836
-0.046973378009751
-0.058794062724778
-0.059579963714979
-0.050515416342347
-0.034187665198426
-0.013722908756185
0.007752839706886
0.027068530380987
0.041067184647663
0.047360560643078
0.045168916429954
0.035298282375092
0.019525358882084
0.000289933305675
-0.019389746653029
-0.036414392448659
-0.048244925861413
-0.053076564544053
-0.049891074876622
-0.038850139164475
-0.021527761556984
-0.000609583050705
0.020578222255708
0.038688950137594
0.051300564553022
0.057643495498496
0.058500012865003
0.055523413097549
0.050456547927408
0.044462266087956
0.038012475488012
0.031467784028006
0.025664078263755
0.021935624084502
0.021554996173236
0.024882320276881
0.030843026229977
0.037301784996731
0.041984866191253
0.043166892916251
0.040045028300952
0.032871590346208
0.022600179934359
0.010229967355787
-0.003532553074467
-0.018121598070762
-0.032831458435268
-0.046566651182711
-0.057800499610598
-0.065009731303322
-0.067197917282605
-0.064164786861260
-0.056713101988594
-0.046588636879181
-0.035881299586107
-0.026339035414776
-0.019113626270978
-0.014803515020694
-0.013544357717019
-0.015238884158103
-0.019608232142203
-0.025741610265448
-0.031939052694276
-0.036373806836938
-0.037763733352677
-0.035623797098967
-0.030505559872395
-0.023918119450751
-0.017421925124128
-0.011806646222162
-0.007308872088765
-0.004056322951452
-0.002139548784115
-0.001915342071788
-0.004114532685284
-0.009064627156205
-0.015964187310114
-0.022953236729066
-0.027467568854214
-0.026825537723279
-0.019351579415671
-0.005366961770140
0.012600045344528
0.030385144297003
0.043510466018315
0.048739025705592
0.045028187838398
0.033573941748925
0.017044474738825
-0.001512803559159
-0.019347340898094
-0.034171305701649
-0.044278964869281
-0.048659524716835
-0.046975343435020
-0.039665179007639
-0.028153375709738
-0.014651225637803
-0.001685858957895
0.008179679379459
0.012875493623780
0.011752672927141
0.005889191257519
-0.002765850283958
-0.012505952561117
-0.022189699595773
-0.030879090958845
-0.037386576263580
-0.040072641947769
-0.037293988947827
-0.028446535959085
-0.014686861492335
0.001211905438921
0.015538289087551
0.024690705567347
0.026452200788363
0.020855620633219
0.010214281097987
-0.001846198296781
-0.011983551193941
-0.018175771057807
-0.019866863537129
-0.017793548976661
-0.013372070072506
-0.007716796715875
-0.001188768381882
0.006348600308377
0.015008301943442
0.024250819206679
0.032736893217473
0.039140163765642
0.043006760747916
0.044587358485382
0.044039123824823
0.041290994226189
0.036748112934150
0.031394050767313
0.025853094697048
0.019986821979475
0.013676842800990
0.007612593497338
0.003344346513088
0.002733427830334
0.006865052465225
0.015049494905716
0.024865587616951
0.032965502426812
0.036074080122670
0.032233400239571
0.021605510979954
0.006026088381401
-0.012098636411427
-0.030419323484783
-0.046619488980748
-0.058425619462408
-0.063922835099001
-0.061941441804980
-0.052421600345281
-0.036567650275651
-0.016665157187829
0.004345653955509
0.023576506305989
0.038888903763894
0.049074657834421
0.053720531609975
0.053241544257540
0.048877065113117
0.042251573165108
0.034912016624886
0.028263012032116
0.023421172126698
0.020836646706427
0.020300027661539
0.021354245732375
0.023426281422220
0.025648151383929
0.027014308156573
0.026757928599014
0.024320787501715
0.019190096532548
0.011175924656254
0.000901900481098
-0.010074235715944
-0.019631810509288
-0.025621242860226
-0.026518523694209
-0.022168121136245
-0.013920974587481
-0.003914596748941
0.005833170547050
0.014074509225702
0.020565872616807
0.025667644515960
0.029579840220161
0.031793039931509
0.031067186529911
0.026085235705247
0.016441046349038
0.003033558895389
-0.012359493256228
-0.027513820342032
-0.039938709175984
-0.047327466913230
-0.048186677709262
-0.042246008951494
-0.030726924637206
-0.016229542156409
-0.001862188955347
0.009770536617105
0.016908792745697
0.018453886939323
0.013870877527551
0.003421267695567
-0.011459425083693
-0.027996576216181
-0.042559781132299
-0.051666576282920
-0.052880949467257
-0.045474020843154
-0.030733221648432
-0.011660001547857
0.007863077765699
0.024221080967224
0.035063422558625
0.039757445490085
0.039231244108850
0.035404766643040
0.030605022508767
0.026952443390575
0.025715443712962
0.026958595265916
0.029563898849940
0.031634186336319
0.031320933809159
0.027603647976025
0.020388176368817
0.010341337955944
-0.001031054716343
-0.011707850437445
-0.019970144060789
-0.024882228342548
-0.026238171848318
-0.024303289105513
-0.019598855815161
-0.012850028596126
-0.005031347727673
0.002662731271524
0.008907894568252
0.012371376374004
0.012073340151935
0.007850258886889
0.000492928667450
-0.008496422563112
-0.017409143615603
-0.024927469701127
-0.030403062870651
-0.033560408699491
-0.034048036810047
-0.031551853783136
-0.026480355427635
-0.020331362196515
-0.015130297265165
-0.012520767644880
-0.013159801976630
-0.016365344941403
-0.020321525755188
-0.023187855042206
-0.024225075462239
-0.023888166450689
-0.023123088047603
-0.022612991150276
-0.022349776372513
-0.021702781023831
-0.019861577413096
-0.016155999818731
-0.009933852906415
-0.000467490216926
0.012482247287684
0.027955817978853
0.043911350970281
0.057938267081963
0.067765171963831
0.071668438234292
0.068903120285957
0.059609006997340
0.044416625629934
0.024453900149770
0.001464122678308
-0.022432462177925
-0.044966261804682
-0.063652020752120
-0.076003645077282
-0.080372705323036
-0.076507127133288
-0.065113083753771
-0.047324284481054
-0.024896461385720
-0.000419888719865
0.023018969237736
0.042243570800289
0.054344025732649
0.057434058533766
0.051458600238278
0.038176461728941
0.020285618087878
0.000487132443867
-0.018952196139116
-0.036269341426196
-0.049982930843043
-0.058440441037360
-0.059839085248424
-0.052998606069866
-0.038192858755516
-0.017496482330069
0.005554814136220
0.027023255104723
0.043774668828421
0.054155797924800
0.058037509257325
0.056236603775899
0.049755973990651
0.039712272286956
0.027644653711064
0.015251234282457
0.003806671014464
-0.005966213120302
-0.013744803905043
-0.019752963322129
-0.024796659958571
-0.029532859424994
-0.033675321933050
-0.036126889478146
-0.035651765879483
-0.031361513250704
-0.023144322587562
-0.011925072263685
0.000772707837843
0.013420193429498
0.024574661767175
0.033049272094157
0.038353570644259
0.040661633780339
0.040286995377341
0.037468165692722
0.032605505181349
0.026164066622569
0.018115690643682
0.007855450519479
-0.005150015067878
-0.020818722268693
-0.038356209443116
-0.056158587366641
-0.071854667606035
-0.083013432876094
-0.088025308771530
-0.086292654348131
-0.077925965716282
-0.063546841772034
-0.044098991454877
-0.020564070390582
0.005990566779911
0.033966735701251
0.060819065848166
0.082971115304967
0.096418283541274
0.098158674137408
0.087649349884113
0.067295039782685
0.041723035672745
0.016284555098892
-0.004284517397123
-0.016623747127723
-0.019346335357166
-0.013305231250197
-0.000925892136068
0.014874299324171
0.031147631206632
0.044937426024307
0.053558864095496
0.054993652661586
0.048176895091056
0.033318104112182
0.012137828663347
-0.012367210521943
-0.036789052391550
-0.058179348991157
-0.074369906368600
-0.084163274312012
-0.087495624888610
-0.085102598922178
-0.077977725306769
-0.067209485187027
-0.054057986441423
-0.039872376607520
-0.025835520395371
-0.012769541887898
-0.001202213431303
0.008448081922117
0.015911867996888
0.021075059940031
0.023662691518396
0.023204383467753
0.019615755343697
0.013688071890854
0.006939400237171
0.001058998835522
-0.002671963424894
-0.003791112871350
-0.002866056555682
-0.001405497188100
-0.001311974677217
-0.004066840755022
-0.009942826144107
-0.017633226833625
-0.024910105990947
-0.029875548544348
-0.031375023301561
-0.028616956678851
-0.021216707911123
-0.009515940516895
0.005509245026217
0.022428562440434
0.039316148424994
0.053856895606783
0.063916611973132
0.068264862448600
0.066890327174496
0.060740123006378
0.051054191632763
0.038718447947968
0.024385551072985
0.009281950006512
-0.004524833476645
-0.014764746660541
-0.019833740355176
-0.019320562709807
-0.013865958851593
-0.004788972556952
0.006062597727311
0.016760934603411
0.026127793264025
0.033879715371304
0.039827200509289
0.043414118941581
0.044002184600366
0.041004667246178
0.033875778404468
0.022357304672245
0.006645283662261
-0.012641620320222
-0.034313008912952
-0.056340169527755
-0.076104136912386
-0.091118110279317
-0.099398015444006
-0.099567520455327
-0.091320408822741
-0.075731723714516
-0.054898032415474
-0.031410078868372
-0.007956711809880
0.013054929123878
0.029715646668038
0.040662231611420
0.045196537745011
0.043403688610512
0.036318769265138
0.026242734056469
0.016482624089545
0.010069665954325
0.008513820086228
0.011617533640110
0.017882417472918
0.025042748355754
0.031136657868783
0.035458001216999
0.038114392445469
0.038975111180495
0.037494510258607
0.033036950408829
0.024993046075506
0.013193130984602
-0.001395848511305
-0.016714370098594
-0.030411940343526
-0.040477572123698
-0.045400565369730
-0.044195150539639
-0.036500812887745
-0.022712532688604
-0.004149080301901
0.016936281496327
0.037817879645102
0.056011732981218
0.069870675896013
0.078806262939976
0.082920662972267
0.082493113784922
0.077940098962595
0.069950062154300
0.059389524696622
0.047247782215204
0.034645967171453
0.022673554918802
0.012239018396601
0.003945289693793
-0.002064857608361
-0.005983643493572
-0.008146681865311
-0.009123832843721
-0.009829908798585
-0.011410396866495
-0.014888106365287
-0.020814774554338
-0.029187625628243
-0.039450950928892
-0.050424417473348
-0.060230377527587
-0.066490208388049
-0.067141547202034
-0.061370400042815
-0.049720770344240
-0.033618670970176
-0.015029713779998
0.003969431316522
0.021685936711585
0.036741990026065
0.047935907928031
0.054500319928092
0.056055023268102
0.052376494619984
0.043571496601727
0.030344066141107
0.014155136274941
-0.002744590198771
-0.017755473957805
-0.028706993781332
-0.034381023557228
-0.034710008127977
-0.030649822073026
-0.023494289218492
-0.014300663309525
-0.004185216508581
0.005196058635885
0.011797931814852
0.013757776214348
0.010029632643601
0.000953190998284
-0.011623860783892
-0.025040560120044
-0.036889975142411
-0.045610739240400
-0.050423328947951
-0.051010384832931
-0.047254071915914
-0.039205919032563
-0.027441910341336
-0.013478518606199
0.000328276010144
0.011291636129735
0.017010050004051
0.015987623941136
0.008022159027098
-0.005576336495482
-0.021998841117958
-0.037568035537765
-0.048837088347803
-0.053568895144646
-0.051100403904190
-0.042082741936213
-0.028046726611620
-0.011149444364710
0.006069965706048
0.021277656278166
0.032843114076967
0.039707145341352
0.041136581179317
0.036845848166900
0.027199834198108
0.013322389377258
-0.002965177026665
-0.019519608478570
-0.034266733279012
-0.045356382538623
-0.051359093454790
-0.051514014422667
-0.045722040110089
-0.034397323892458
-0.018397069919162
0.000874293216738
0.021206259123630
0.039702765131439
0.053505202845287
0.060490162595413
0.059642220984601
0.051267339757318
0.036852198938175
0.018516940896919
-0.001343213639908
-0.020093430462628
-0.035171428703251
-0.044657411523220
-0.047652191997445
-0.044528558976711
-0.036961170055365
-0.027332554275249
-0.017785473071409
-0.009727247326917
-0.004022739116317
-0.001224516585205
-0.001449763371259
-0.004398001572351
-0.009656114001151
-0.016681612502571
-0.024385402077314
-0.030964824147834
-0.034306985425025
-0.032846479022569
-0.026501204620191
-0.016638717106607
-0.004629093981703
0.009297799703474
0.025368241620671
0.042975620831703
0.060271050194093
0.074293018702854
0.081550123235616
0.079395246729783
0.067352721516455
0.047504982732053
0.023856512370828
0.000889068787954
-0.017953929349521
-0.030837579403647
-0.036939703456829
-0.035691272013093
-0.026814684022017
-0.010782763353794
0.010815764405121
0.034920324643512
0.057074906123802
0.072424194857795
0.077328592334377
0.070706836983312
0.054163232324010
0.031012793256665
0.005101786687020
-0.020157006760909
-0.042371953342896
-0.060138735284855
-0.072459764850948
-0.078152490234567
-0.075870157092009
-0.064699543461983
-0.044738710531452
-0.017453393769973
0.014269440781181
0.046734579433892
0.076269405446633
0.099378163020080
0.112625713395195
0.113199384768023
0.099912610050193
0.073703431924301
0.037364483266936
-0.004894795987819
-0.047769248447894
-0.085491240373036
-0.112840660925992
-0.126074208888183
-0.123428488499053
-0.105169746697140
-0.073570391894934
-0.032893736901012
0.011136498961839
0.052503332981814
0.086226821378164
0.109223045892199
0.120345771627056
0.119986012824717
0.109667878998879
0.091656455516168
0.068655173457179
0.043675342319955
0.019802085643683
-0.000257105602621
-0.014549120690985
-0.022207675612761
-0.023830571779870
-0.021382787716619
-0.017350913493714
-0.013741626468078
-0.011597937657636
-0.011057896109755
-0.011656829874146
-0.012842564435603
-0.014388177652080
-0.016219704114639
-0.018215462350427
-0.020427819316014
-0.023056176986698
-0.026183663132556
-0.029941057042498
-0.034623819417833
-0.040206514015151
-0.045922231390045
-0.050380096986967
-0.052052937614097
-0.049998656352372
-0.044217764255269
-0.035259170606273
-0.023731490497387
-0.010204122274784
0.004650439473715
0.019788858974679
0.033703292687136
0.044755751452752
0.051555465767004
0.053143596871654
0.049023890650165
0.039041415898895
0.023544155209063
0.003852327900161
-0.017656011962060
-0.038057206578748
-0.054595022486195
-0.065257401274899
-0.069078956393113
-0.065996272859115
-0.056521867686674
-0.041799678086448
-0.023709038947225
-0.004425968172804
0.014058324237136
0.029959306481438
0.041942592190237
0.049694435773378
0.053649236867515
0.054043545204923
0.050718240283490
0.043534950287691
0.032543727330244
0.018226053356190
0.001973973282873
-0.013936099891755
-0.027147514389469
-0.036190555827659
-0.040738309402644
-0.041033215198042
-0.037318378105502
-0.029631073806716
-0.017788957146224
-0.001926266866992
0.016517510558371
0.034550439627992
0.048580313939322
0.055646470711975
0.054286499845623
0.044964730566491
0.029831379589254
0.011804004688295
-0.006488553788015
-0.023103848951499
-0.036360376508738
-0.044527904833346
-0.046272542275441
-0.041229581927016
-0.030103137551182
-0.014596349157652
0.002833993562041
0.019880777414377
0.035307811809596
0.048694457820411
0.059277474465688
0.065392096094654
0.065080036557349
0.056983349220269
0.041031769578239
0.018858864288947
-0.006537833955040
-0.031726212352670
-0.053775881631730
-0.070930837543045
-0.082529236358605
-0.088207811666842
-0.087299660281007
-0.079006422326896
-0.063117117421287
-0.040752070308077
-0.014655596077437
0.011421713724197
0.033897198158566
0.050105586960625
0.058586649114920
0.059205304727340
0.052730989758541
0.039956789375311
0.021405770686680
-0.001852340587363
-0.027211029017996
-0.050437797659545
-0.066667373165175
-0.072015781889213
-0.064887858920001
-0.046312166954464
-0.019495435457410
0.010983337003885
0.040138824773275
0.063499844130184
0.077931905704678
0.082220137957273
0.076887191626324
0.063482921982391
0.044111889670890
0.021149271527177
-0.003031689141064
-0.026197092524738
-0.046321613816277
-0.061639635832059
-0.070603228692383
-0.071847578724963
-0.064506198645692
-0.048780473417532
-0.026190211639900
0.000553641971504
0.027989235326498
0.052807686067124
0.072605181986287
0.085922627439800
0.092142159362166
0.091592007415849
0.085419898408789
0.075124316859183
0.062053533939968
0.047030942967000
0.030257331018405
0.011606495893556
-0.008824080919179
-0.030035524562616
-0.049752110242867
-0.065001452712813
-0.073183707035254
-0.072798571802141
-0.063972481952631
-0.048602237980029
-0.029762115671984
-0.010970329198547
0.004401508927513
0.013800186000892
0.015976124312321
0.011074866710871
0.000442941162656
-0.013939915760758
-0.030180200253634
-0.046706394818778
-0.061865949190377
-0.073354135382230
-0.078270763206684
-0.074156451436581
-0.060251493179674
-0.038023797066114
-0.010777844310403
0.017295147046828
0.042240327036866
0.061158385990961
0.072344680267528
0.075140164495871
0.069815034416130
0.057224119214965
0.038574733826746
0.015719340573902
-0.008561075782380
-0.030760136774555
-0.047313822601839
-0.055559562063040
-0.054511285341840
-0.044895020308696
-0.028470580238876
-0.007475288248893
0.015434281899514
0.037475105398127
0.056353386161977
0.070373973514192
0.077977520865348
0.077663609015397
0.068783076821372
0.052169737382453
0.029762026943347
0.003896553903963
-0.022987577487589
-0.048286412712717
-0.069250358212251
-0.083457946765312
-0.089367187457617
-0.086311047844514
-0.074270749675732
-0.054076678907845
-0.027682742689354
0.002050997827089
0.031730740639697
0.057698456480023
0.076590834439300
0.086136817138633
0.085742568155951
0.076583560677044
0.061021772289732
0.041689197013639
0.020796107626507
-0.000106367964853
-0.019793396752481
-0.036882352549303
-0.049903305894945
-0.057806671281544
-0.060285735176867
-0.057810570709730
-0.051706157144128
-0.044014327745705
-0.036610994539470
-0.030328460675251
-0.025019683141241
-0.020088453393500
-0.014989223035349
-0.009649854109431
-0.004550509224885
-0.000550961605354
0.001448828804908
0.001196794372121
-0.000412086388484
-0.001814310066464
-0.001873249751052
-0.000409868050188
0.002146553511212
0.005275389796710
0.008590935342017
0.011815796970053
0.014737895647962
0.017274020479601
0.019430166255968
0.021178434103868
0.022414165682494
0.022925734370591
0.022527458217288
0.021407103943630
0.020038205544511
0.018428540862575
0.015914132780536
0.011975982529236
0.006554085535162
-0.000444334775550
-0.009111340972536
-0.019188343527795
-0.030039362200057
-0.040422299620586
-0.048358468421339
-0.051841060948535
-0.049617797766018
-0.041223941960282
-0.026883013663411
-0.007806093939336
0.013656548225942
0.034508203647269
0.052036994774205
0.064486223269760
0.070947478431401
0.070996026422872
0.064765339987479
0.053247358906767
0.038322655309927
0.022261289496681
0.006940622999598
-0.006499978111017
-0.017502426023789
-0.026024562081054
-0.032573271416356
-0.037861047490826
-0.042121985723384
-0.044784983853269
-0.044905594573937
-0.041709558251382
-0.034667810182219
-0.023462261339930
-0.008160716708024
0.010420518204067
0.030391185014747
0.048918580016214
0.062752126249622
0.069008313457416
0.066250115795390
0.055241060541037
0.038849779634404
0.021183433512160
0.006137213525603
-0.003893473596856
-0.008267784352864
-0.007516575976521
-0.002842159768785
0.004081346806491
0.011487024638815
0.017709147246171
0.020921106768125
0.019457349086662
0.012741911740994
0.001630029632275
-0.011732057155850
-0.024112564246005
-0.032084803448308
-0.033335870921761
-0.027193507205063
-0.014492134212145
0.002483238785489
0.020313408363802
0.035286902987618
0.044276027115942
0.045570993478927
0.039640655344458
0.028931908206450
0.016560201777955
0.005286781109429
-0.002860218124850
-0.007187223263273
-0.008664363698793
-0.009187599116498
-0.010486568861379
-0.013582304582371
-0.018806037681805
-0.025813148112861
-0.033415214500321
-0.039844039138739
-0.043557919676167
-0.043717557020690
-0.039976597868995
-0.032299249332833
-0.021090384169490
-0.007172966438111
0.008215413942490
0.023031641246160
0.034237583353124
0.038562734611944
0.033760079305515
0.019260741632040
-0.003656676881359
-0.031654475323281
-0.059702225832184
-0.082382155928936
-0.095349173094936
-0.096176965219127
-0.084614908362175
-0.062508952455948
-0.033333538027397
-0.001588163430005
0.027706453091011
0.049860780944630
0.061750544080941
0.062537242626958
0.053397703774139
0.036772138009851
0.015628030560716
-0.007070281270789
-0.028497088366031
-0.045931630776877
-0.057108509691331
-0.060871843517173
-0.057342315411353
-0.047513605638405
-0.033098397574573
-0.016533947970064
-0.000456745062622
0.013015290699632
0.022596072836832
0.027848246976598
0.029237924348855
0.028120737434952
0.026152518654983
0.024397505387487
0.023159142251760
0.022411636831614
0.021863059233727
0.020783269128385
0.018384646201519
0.014613295572899
0.010422017565745
0.007311914476090
0.006720813508232
0.009383186672864
0.014658761105588
0.020459517583218
0.024314086999012
0.024760913441230
0.021615213669816
0.015341824330801
0.006719048435898
-0.003324705976123
-0.014075537412272
-0.024969547223076
-0.034938804078756
-0.042183099316216
-0.044797958519883
-0.041436693896729
-0.031498273987439
-0.015224613041936
0.006024900422212
0.029806380086776
0.053334604921999
0.074069622925165
0.089497663437105
0.097194079633418
0.095724903046535
0.085241375033109
0.067117840375341
0.043434087764697
0.016967731063922
-0.008948404526344
-0.031230403475638
-0.047827514108558
-0.057949440348719
-0.061740675795274
-0.059691076942915
-0.052536192451286
-0.041594341134141
-0.028660215969133
-0.015498422845735
-0.003436839945215
0.006942573784953
0.015753924570877
0.023172660950684
0.028917013336178
0.032480162702463
0.033549968483551
0.031864058498524
0.027102686460102
0.019390303450051
0.009601620828385
-0.000851303609332
-0.010356372648099
-0.017485543841100
-0.021173703909418
-0.020710868326553
-0.015910747618857
-0.007287418411953
0.003987523703409
0.016265069652396
0.027700121172586
0.036569880435732
0.041403919039317
0.040962876809579
0.034473875605051
0.022157178513344
0.005539757592779
-0.012873795971575
-0.030327932362838
-0.044313180905471
-0.052844640883489
-0.054821980505907
-0.050269714040950
-0.040216318146233
-0.026368736987036
-0.010821834760127
0.004218395245823
0.016642690750560
0.024464177540810
0.026152520270684
0.021335107246538
0.010832895813207
-0.003969041770565
-0.021327071463427
-0.038917972894726
-0.053988655420422
-0.063971331751258
-0.067001608480562
-0.062339353524417
-0.050857957883311
-0.034835245506575
-0.016882430056261
0.000859810735438
0.016859593483022
0.030221222498574
0.040577816048262
0.047587471604126
0.050555560708281
0.048634669419549
0.041289871278323
0.028687528044329
0.011851929909249
-0.007502903805478
-0.027366216104352
-0.045850419904309
-0.061411524013796
-0.072729047538765
-0.078388156112411
-0.076917981503495
-0.067493871884723
-0.050606507720369
-0.028128741800067
-0.003202769351429
0.019994422843538
0.037365823273225
0.046560065400781
0.047568376093077
0.042048832008291
0.032614941788669
0.022233904172821
0.013229954654509
0.006515828904280
0.002021499253711
-0.000373037105596
-0.000837197992559
0.000097603880756
0.001894963569380
0.004031480441747
0.005548621057430
0.005395561409856
0.003073898977762
-0.001448141567989
-0.007829091373690
-0.014995920427137
-0.021227581534062
-0.024725065828933
-0.023990693046597
-0.018171271731631
-0.007641300737104
0.005491884207904
0.017734975116641
0.025656620501322
0.027255986166104
0.022184177821232
0.011258589072259
-0.003847204022857
-0.020706161409278
-0.036527931525082
-0.048817294303024
-0.055925291033768
-0.057259599798164
-0.053066915810049
-0.044126460892851
-0.031758753062146
-0.017934609173469
-0.004896514225724
0.005723861970883
0.013357676944086
0.018067033845618
0.019918507673893
0.018702998252696
0.014154408001780
0.006478974101579
-0.003427327628431
-0.014017535477574
-0.023126013717569
-0.028518545595763
-0.028781859498307
-0.023533653009307
-0.013014604155681
0.002184354909203
0.021117162063856
0.042262297156273
0.063410143786136
0.082065444471912
0.095930848848472
0.103108441881508
0.102425877276340
0.094025593664505
0.079382320079963
0.060380139182369
0.038742119564007
0.016266679891891
-0.005070413774698
-0.023175674989737
-0.036015065114189
-0.042263106305303
-0.041908272569999
-0.036149419919367
-0.026829917147634
-0.016032425827019
-0.005607346591155
0.003598438973198
0.011790995177349
0.019351381315267
0.026275306796404
0.032268415940410
0.036933046085178
0.039831886139204
0.040504922083572
0.038486901093021
0.033306302736134
0.024655137426603
0.012775205166325
-0.001435784522434
-0.016685431011104
-0.031409540337460
-0.043796335276588
-0.052184402076960
-0.055644756739233
-0.054105666628645
-0.048207241512766
-0.039444186323370
-0.030017707446702
-0.021941090922098
-0.016344005411359
-0.013401238728424
-0.012415109060517
-0.012075326520191
-0.010974521040189
-0.008265083339962
-0.004175169995252
0.000165649688097
0.003434693250617
0.004813389876488
0.004524563130572
0.003869499176584
0.004539322812067
0.007811315814254
0.014269724281069
0.023665138905100
0.034548559992308
0.044511117558784
0.051156808195505
0.052744428652479
0.048540569325225
0.039154998984592
0.026178898168307
0.011441769208002
-0.003167206435335
-0.015778465090710
-0.025181148695755
-0.031168003276758
-0.034013764233364
-0.033994211652428
-0.031238607573184
-0.025720966209089
-0.017687106727723
-0.007819500753962
0.003234479001522
0.014828000775254
0.025890938245240
0.035186234107345
0.041714528685697
0.044552723282640
0.042825686808871
0.036190128281890
0.025205237614593
0.011272823871522
-0.003756051444819
-0.018120222551922
-0.030406949889835
-0.039377014778311
-0.043880528513500
-0.043137987601182
-0.036960064772272
-0.025729600104060
-0.010331186624380
0.007751855410271
0.026169453958412
0.041914530285710
0.052312082010058
0.056053148917879
0.053436944161220
0.045667139829424
0.034061363829102
0.020060784476101
0.005514465365265
-0.007618843480267
-0.017771047752164
-0.023871716769606
-0.025423322690741
-0.022914241988206
-0.017919542000410
-0.012299986950036
-0.007194502499963
-0.002695694747902
0.001709247971826
0.006321385171408
0.010684631507113
0.013746861606990
0.014560841027341
0.012864162107025
0.009021473273426
0.003653380126545
-0.002602723983857
-0.009158943231039
-0.015311215364376
-0.020109686976440
-0.022618729354096
-0.022111059691826
-0.017992190589875
-0.010151051880672
0.000488981460719
0.012231824652654
0.023345520595945
0.032230184705665
0.037207996142072
0.036687861156912
0.029675623561323
0.016387556921915
-0.001329656809715
-0.020354161569085
-0.037119076579644
-0.048290110399774
-0.051557939785667
-0.046293597700712
-0.033455872540871
-0.015210586382932
0.005407105297577
0.025112900027734
0.041086107078589
0.051123050390755
0.053395259063447
0.046688002231034
0.031033840138346
0.008205836178387
-0.018118798115743
-0.043121720089035
-0.062365415436174
-0.073047987530958
-0.074577622445862
-0.068261844825348
-0.056417314920919
-0.041693394286987
-0.026656383118579
-0.013398761646578
-0.003351030173608
0.002618838253474
0.004127839296903
0.001293346998645
-0.005182701586516
-0.013747090491013
-0.022239103101262
-0.028766447631804
-0.031987258118104
-0.031002479729798
-0.025824148191740
-0.017560448662819
-0.007648606791700
0.002794701352435
0.013042107525331
0.022766087183878
0.031776175944200
0.039503352189661
0.044994740497582
0.047272456184076
0.045617145788623
0.039901302335216
0.030707411983574
0.019108031347369
0.006605135793657
-0.005021013463625
-0.014355625693107
-0.020660174190676
-0.023698251663961
-0.023914105738766
-0.022434478873536
-0.020363787878304
-0.018289611026925
-0.016441441267477
-0.014970497997754
-0.013994570886852
-0.013622133798149
-0.014007578078644
-0.015189432497914
-0.016850820758066
-0.018206438896683
-0.018309987110623
-0.016810553794448
-0.014216331018919
-0.011324362479926
-0.008576315819437
-0.005813403963297
-0.002522487007603
0.001503954370604
0.005628875732736
0.008679443701919
0.009801070215493
0.008879549480637
0.006625233003779
0.004395062588820
0.003335245291263
0.003659525828047
0.004605579137824
0.004460178797437
0.001049751745945
-0.006984114573836
-0.019283678146009
-0.033838367211499
-0.047543468590119
-0.057085743322550
-0.060148229083599
-0.056220437409864
-0.046395826231238
-0.032632059804779
-0.016930868675078
-0.000640324738258
0.015551239062485
0.031033230246520
0.044771261903045
0.055128813622028
0.060320546774189
0.059494143467680
0.053498434731667
0.044611432463655
0.035507513100191
0.028346062227632
0.024473022227453
0.024409333803174
0.027859621490146
0.033816687681708
0.040944054071163
0.048141055035213
0.054620441838016
0.059550810939863
0.062051697449618
0.061482985978044
0.057649604092787
0.050908291358121
0.042059479353626
0.032012443754037
0.021475281705036
0.010795961392435
0.000091814012980
-0.010181303510486
-0.018890904721748
-0.024874382823250
-0.027750131612375
-0.027965020637863
-0.026678765756153
-0.025604324833356
-0.026148322355248
-0.028632045380238
-0.032418828067191
-0.036381742861284
-0.039397673621110
-0.040802757286941
-0.040349258795343
-0.037837999942027
-0.033111518232295
-0.026203272451538
-0.017257184336000
-0.006682486004581
0.004494562614161
0.014744280591260
0.022466032040862
0.026177895121038
0.024687801074126
0.017638565513051
0.005795235228559
-0.009415135916508
-0.026361811404850
-0.043233642147296
-0.058122015645937
-0.069140321101823
-0.074347745545753
-0.072184968040164
-0.062561315393746
-0.047395528805466
-0.030196897890165
-0.015105039263639
-0.005420226171366
-0.002276380068652
-0.004329231883020
-0.008352652056050
-0.010634804391624
-0.008714278278765
-0.002030840885151
0.008654709070076
0.021706520844722
0.034838035367886
0.045868170853304
0.053491931059808
0.057363262616287
0.057721030957923
0.055075553788538
0.050252889874814
0.044413706155781
0.038642262239851
0.033668312506839
0.029994039024883
0.027783302284048
0.026670460961907
0.026138179698561
0.025915632527385
0.025919974563932
0.026225381803507
0.026967545213811
0.027999757043175
0.028835853684365
0.028774616724780
0.026857291324580
0.022106397052690
0.014143008982797
0.003584625096370
-0.008077452809947
-0.018869122682644
-0.026809505216731
-0.030483704022893
-0.029424140652144
-0.024360557195035
-0.017288111540212
-0.010528217436951
-0.005423832011769
-0.002150448511420
-0.000286360820342
0.000852171100340
0.002057657623992
0.003777832277753
0.005808465699442
0.007614991252245
0.008527432531829
0.007623362797500
0.003849940364336
-0.003616580634105
-0.014697745004602
-0.027828032457400
-0.040479956234421
-0.050430160899729
-0.056402209519072
-0.057932372131154
-0.055204625731705
-0.048966536208390
-0.040232047816980
-0.029994998879045
-0.019249490657107
-0.009075313971308
-0.000509142954012
0.005818078827188
0.009898587727808
0.012031092628720
0.012461718350168
0.011332435677957
0.008626284579462
0.004232599177712
-0.001842751292776
-0.009398225319072
-0.017930895136978
-0.026519886532805
-0.033941851459967
-0.038891063474736
-0.040347548740792
-0.038061603765393
-0.032474417639928
-0.024136794702793
-0.013583344373630
-0.001727710791898
0.009954340895953
0.019729461771975
0.026163160730632
0.028679235115440
0.027832611477594
0.025131379244905
0.022461102089171
0.021252440417061
0.022086207923588
0.025006907451470
0.029733797029972
0.035710376683862
0.042501548506477
0.050155872669240
0.058975924621321
0.068654186464028
0.077448741828252
0.082506022390353
0.081158240670282
0.072011790539969
0.055547223521458
0.034147381693060
0.011222670674917
-0.009931575549826
-0.026817113583471
-0.038166951139520
-0.044150448022035
-0.045799906323881
-0.044062561830255
-0.039734204797130
-0.034091312311116
-0.028938641886941
-0.025950467113302
-0.026000794960819
-0.028806130172808
-0.032997139767450
-0.036751742308976
-0.038689879973799
-0.038115623247442
-0.034556380584098
-0.027616051471544
-0.017135407899569
-0.003250003048169
0.013352049288358
0.031160796174227
0.048017654926599
0.061686129658326
0.070406170491929
0.073170987884306
0.069958160787275
0.061705384277765
0.049726745378441
0.035114671813920
0.018640941739475
0.001151020241825
-0.016009781861027
-0.031050717971941
-0.042196872950445
-0.048270220699194
-0.049003551339818
-0.044827630929473
-0.036617680574711
-0.025800939102721
-0.014316927284007
-0.003994831846967
0.004025291625792
0.009143221059085
0.011008291047648
0.009814913730789
0.006528444389994
0.002438650341876
-0.001250386357024
-0.003544534654265
-0.004017370997067
-0.002905193133881
-0.000523653406262
0.003011010959610
0.007507167253695
0.012710543326149
0.018401504132676
0.024088312709067
0.028810109287737
0.031431631583250
0.031005632428956
0.026817977489956
0.018632390687405
0.007237722157414
-0.005875734731388
-0.019608463956013
-0.033531966882196
-0.047196961247295
-0.059691290197996
-0.069936471800010
-0.077118207724222
-0.080760210400247
-0.080542803936581
-0.076129062468756
-0.067179051473940
-0.053519603348357
-0.035512157060066
-0.014695471181960
0.006065797663891
0.023556622453006
0.035277320068738
0.039878257852780
0.037515996162369
0.029737896829762
0.018528874448333
0.005704887696560
-0.007011731805265
-0.018125631805933
-0.026549556528567
-0.031392482431742
-0.032049360006783
-0.028694053602472
-0.022289475717582
-0.014180533741467
-0.005859419103612
0.001097896913678
0.005140022644310
0.005068346024718
0.000373961123475
-0.008693350871270
-0.021009849683335
-0.034552906544835
-0.047043334387901
-0.056596000564557
-0.061691196554324
-0.061202315836512
-0.054668410584088
-0.042089383854922
-0.023579993828394
0.000108178356519
0.026692716649333
0.052626059566707
0.074205955391772
0.088307878015765
0.093061093445966
0.088586971543137
0.076921957169694
0.060986771887058
0.043312333572050
0.025376176794963
0.007940422311975
-0.008181472081233
-0.021857208160152
-0.032077236774463
-0.038481102940251
-0.041409557327145
-0.041538268901914
-0.039409727983110
-0.035241361573364
-0.029188269851031
-0.021715558259219
-0.013608427013008
-0.005666992352247
0.001450862979558
0.007430935120015
0.012728171883772
0.018340242153380
0.024920797618904
0.032295562452953
0.039570054372932
0.045472614197833
0.048800913126062
0.048876298152672
0.045650854957483
0.039356000038590
0.030606673031511
0.021023131647505
0.012818591592325
0.007531292230853
0.005555025872119
0.006305636064975
0.008454263798941
0.010636234129592
0.012111170952188
0.012627775128276
0.012113496145462
0.010826470130229
0.009531686699228
0.009066986143452
0.009645914608742
0.010849363138555
0.012253522804960
0.013643431509303
0.014661115792918
0.014767549580435
0.013523721333959
0.010695955622135
0.006537303817268
0.002199350652920
-0.000591545030631
-0.000460229060697
0.003126728117659
0.009860937246060
0.018594225137821
0.027617756515157
0.035155014572225
0.039651167207392
0.040107817975223
0.036276824011762
0.028387129065362
0.017060297395890
0.003531839263825
-0.010651101431249
-0.024165043537033
-0.035881431549637
-0.044940335573055
-0.051145414045706
-0.054632741155253
-0.055116305247722
-0.051993437861231
-0.045231056255897
-0.035785544088432
-0.025158335564417
-0.014861405115720
-0.006074164022194
0.000664218490910
0.005492077351037
0.008863305976935
0.011084903045118
0.012114774168631
0.011601731082700
0.009073077482057
0.004331287795483
-0.002185884176591
-0.009364118088290
-0.015771684115484
-0.020338724597836
-0.022638933643140
-0.022414408686494
-0.019291978555177
-0.013124789855001
-0.004229934000588
0.006650386066362
0.018254854224137
0.028715745523537
0.035904930676296
0.038031573810932
0.034115371654332
0.024431628515523
0.010555998093152
-0.005298581533881
-0.020688738394542
-0.033014997647926
-0.040179938650239
-0.041234530472160
-0.036400445942241
-0.027080434702907
-0.015799484343883
-0.005468634348504
0.001775800453244
0.005344123741698
0.006112059496725
0.005676561672508
0.005500853985172
0.006342997696747
0.008136224951923
0.010364582978699
0.012620339969884
0.014743858473282
0.016402064899812
0.016869275918703
0.015368733802384
0.011294058062935
0.004382044315348
-0.004780726841452
-0.014598927000697
-0.023003633259048
-0.028312297126558
-0.029971276001358
-0.028588709739613
-0.025192802587263
-0.020490203674550
-0.014798076057546
-0.008375607243807
-0.001616763236852
0.004750868775139
0.009563061239097
0.011815779855127
0.011429287903261
0.009079627437145
0.005585744220873
0.001805435298580
-0.001370679300057
-0.003226606048165
-0.003160870030891
-0.000603727065563
0.004658776214014
0.012231198531739
0.021305979283839
0.030921826436982
0.040107709597426
0.048143297009224
0.054619792874258
0.058962255069473
0.059905886475324
0.055546440955545
0.044179253506743
0.025619665351959
0.001963103049892
-0.023043392403157
-0.045318986830825
-0.061375682646022
-0.068928166531096
-0.067196625911287
-0.056485579174649
-0.037547674908158
-0.011698384331769
0.018348299099068
0.048064852789443
0.071924669246629
0.085169841948325
0.085615085791676
0.074221654596004
0.054198972558170
0.029702924134873
0.004682017544143
-0.017829352676369
-0.035498262508571
-0.046343357503251
-0.049170271674968
-0.043927139677771
-0.031342430120640
-0.012944335056570
0.008322549583958
0.028385939681156
0.043433730453835
0.050898078039718
0.049647445309084
0.040001741227482
0.023509942039030
0.002553778436521
-0.019842023415580
-0.040411798575159
-0.056402412072610
-0.065765547720332
-0.066849750425696
-0.058665055414088
-0.041493973537724
-0.017049227029698
0.011596139680404
0.040355625421550
0.065219726184073
0.083317138629275
0.092950019783971
0.093174828213032
0.083954999163361
0.066652085894667
0.043991224730358
0.019338132890424
-0.004148862918211
-0.023911800319308
-0.038104588553321
-0.045988703380873
-0.048280543100656
-0.046620374766547
-0.042531016185996
-0.036965152228123
-0.030461664661732
-0.023399706869011
-0.016350097480678
-0.010212404574197
-0.005638951003437
-0.002469898391643
-0.000249212777145
0.000947618745234
0.000572831460342
-0.002100230708940
-0.007790410642814
-0.016333483344171
-0.025986449150003
-0.034267513570970
-0.039575395529262
-0.042115593320956
-0.043304458064232
-0.043980119999173
-0.043332663175940
-0.039726510081375
-0.032152325834248
-0.020895451628682
-0.007482889074456
0.005672787474240
0.015815302733120
0.020348487269117
0.017301470399748
0.006336436195541
-0.010236131244270
-0.028137611322801
-0.042905984874375
-0.050983646426069
-0.050562331149550
-0.042253455921795
-0.028379354608968
-0.011864611754146
0.004072654914656
0.016644987589933
0.024616910503555
0.027933791074801
0.026644048738649
0.021197929820787
0.012943765265375
0.003379924376660
-0.006431207790357
-0.015893815023432
-0.025210248337515
-0.035125510134202
-0.045757611520591
-0.055846227880875
-0.062886069580143
-0.063769213320373
-0.056100546759522
-0.039883433543283
-0.017907826085750
0.005552262951852
0.026247072240025
0.041115936088568
0.048867405811569
0.049380927750824
0.043017169943873
0.031040618678185
0.015944444980097
0.000587657242511
-0.012774950774610
-0.022933282251804
-0.029903960926888
-0.034356845320754
-0.036667052923265
-0.036737621265691
-0.034243276776926
-0.028833233614579
-0.020793908018435
-0.011770005220068
-0.004268639610682
-0.000329048197201
-0.000827921416632
-0.005228018011265
-0.011587489661023
-0.017898274612448
-0.023427186207950
-0.027942715406564
-0.030604444807103
-0.030242433738371
-0.025815550757728
-0.016720414932484
-0.003315609368778
0.013198524800284
0.031706449764560
0.051653724033261
0.072701014250019
0.094357790856593
0.115509671277916
0.133647784727028
0.145224806767442
0.147527584330119
0.139808837787114
0.123037559042358
0.099773972306039
0.073757015690108
0.048612967002859
0.027060501793760
0.010853609508734
0.000185174099000
-0.007018403707212
-0.014185402504066
-0.024034131840942
-0.037345056945621
-0.052928506163127
-0.068238192784830
-0.080399217285240
-0.086995109407823
-0.086402901227257
-0.078497751575991
-0.065504239470029
-0.051461156107545
-0.040269337735173
-0.034112444126757
-0.033316716396268
-0.037162258368795
-0.044581199551478
-0.054181579450736
-0.063915037616219
-0.070964457045431
-0.072212455607334
-0.065233836280024
-0.049126166809297
-0.024643202226192
0.006022612984164
0.039487379129115
0.071669923592102
0.098564986765371
0.116966049073004
0.124833029147927
0.121443092399217
0.107661482219623
0.085995333837388
0.059896125652858
0.032845003314465
0.007815628508063
-0.013402649967138
-0.030699203059283
-0.045088722073166
-0.058090880585733
-0.071402925978734
-0.085700117841418
-0.099501423944876
-0.109791144151161
-0.113526066917466
-0.108708675960112
-0.095164043424303
-0.074871766685775
-0.051231319373717
-0.027865985405685
-0.007944305764441
0.006514411041200
0.015711577323169
0.022057828036012
0.028785112835926
0.038886022711205
0.054530983797857
0.076016545156634
0.101069518245412
0.125542853661142
0.144687241649060
0.154387748735118
0.152812348195905
0.141338286290547
0.123227438535016
0.101445661504417
0.077858758204966
0.053760107876488
0.030344029989216
0.008651200905499
-0.010564319576658
-0.026923443495592
-0.040392292413866
-0.051213911980756
-0.060021593299744
-0.067545350012495
-0.073839588083564
-0.077966909698174
-0.078389390026351
-0.073723993098599
-0.063457461712828
-0.048130015465903
-0.028919829939716
-0.007333076677709
0.014562865746749
0.034404900264823
0.050520294367213
0.061939036215297
0.067698340689401
0.067228884544195
0.060984799544968
0.050068267020794
0.036171328503707
0.022175138225415
0.011504296872519
0.006407196159032
0.007209223810122
0.012459079203396
0.019087891023277
0.023424360582320
0.022967581824422
0.017107670515129
0.006725948060358
-0.006142220085483
-0.018753133426725
-0.028498658438301
-0.033545274079760
-0.033242866213802
-0.028564628010763
-0.021877120546344
-0.015846133381046
-0.012559458038345
-0.012978980052459
-0.016210376859048
-0.019586312507857
-0.020063090543148
-0.015305133902727
-0.003800814364729
0.014525917876309
0.037256886531083
0.059927126277043
0.077653185356921
0.086119826214054
0.082373728066313
0.065977715701143
0.039126600032514
0.005637521528476
-0.029767280345678
-0.062215532528784
-0.088098789066223
-0.105751249558269
-0.114821236976904
-0.115973715697210
-0.111077393677474
-0.102348689403323
-0.091260958838058
-0.078696241124618
-0.065306511729922
-0.051438839094057
-0.037472091798005
-0.024133979303014
-0.012001067225045
-0.001086041431584
0.009003281133415
0.019096533930094
0.030250708016900
0.042797121029975
0.055891258037915
0.067966196053353
0.077059796526480
0.081125361072926
0.078637135003795
0.068743352309382
0.051534418198646
0.028944104838169
0.004206558317225
-0.020102957994519
-0.042288064898019
-0.060382496711035
-0.072545488261333
-0.078196201969077
-0.077637934492043
-0.071044328229878
-0.058290059282210
-0.039288840516153
-0.014616667168958
0.013602756836133
0.041761714087220
0.066206769642064
0.084364567687173
0.094747222651184
0.096926460734599
0.091623340374470
0.080207786870789
0.064361133482974
0.046567799450579
0.030207847210745
0.018677560232857
0.014586646228556
0.019152904091460
0.031361677772816
0.047935759605991
0.064783890770718
0.078346386123585
0.085666141926395
0.084282060763809
0.072763444344983
0.050950881668898
0.019635052727194
-0.019219913654146
-0.061976016017654
-0.103874052944630
-0.140210206217723
-0.167092697731776
-0.182023754839855
-0.184285166348533
-0.174473400662887
-0.153929712177239
-0.125198901092857
-0.092332454571095
-0.059694238028971
-0.030624255934989
-0.007189682585915
0.009739788293080
0.020435661159192
0.025869265904308
0.027264154993987
0.026044181268229
0.023508599648334
0.020207674435255
0.016308329247803
0.012642738533456
0.010777811512801
0.012137603884344
0.017085652473398
0.024505010154875
0.032327332597039
0.038537964788731
0.041689829057842
0.040814620659201
0.035332011903259
0.025207954990408
0.010886697200139
-0.006917786904610
-0.027047498754166
-0.047752464227102
-0.066995308134789
-0.082796225984156
-0.093285921260151
-0.096790068884655
-0.092201621663679
-0.079345797825705
-0.059119805557158
-0.033342999799287
-0.004408307551836
0.024938790749313
0.051763090872318
0.073269855681781
0.087206413444544
0.092061011016990
0.087024785652459
0.072340981386534
0.049916649637141
0.022872885750214
-0.005807574265774
-0.033903790169442
-0.059656803383017
-0.081522900638820
-0.098123542874574
-0.108192869988365
-0.110832910745779
-0.106011798142673
-0.094880036080817
-0.079865345440967
-0.064278694558183
-0.051205886074258
-0.042430895780930
-0.038125017712273
-0.037192773627915
-0.037974781901424
-0.039063888207193
-0.039643150510682
-0.039067113350925
-0.036441756888725
-0.030707773347589
-0.020908235306986
-0.006557735653540
0.011980263117138
0.033549624693180
0.056644730324963
0.079664706677496
0.100813796912383
0.118238356367901
0.130571950673269
0.137133139040712
0.137650289804147
0.132268923712925
0.121845801522951
0.107791101979605
0.091649261476729
0.075022900309241
0.059275523519787
0.044910921768435
0.031739039534379
0.019784970050154
0.009836233830593
0.003292143358429
0.001600258331589
0.005424896082265
0.013967880079924
0.025112113508406
0.036104085233079
0.044349394734158
0.048611287719760
0.049694537918885
0.049395419719116
0.048922112894561
0.048373851937663
0.047029629366740
0.043989045471861
0.039026556040411
0.032957433865274
0.027109694322418
0.022457418026331
0.019158814312823
0.016731469266009
0.014442508932303
0.011694432907207
0.008768928409263
0.007314341156054
0.009378796095882
0.015773948484952
0.025467703503538
0.035990415097702
0.044155147425855
0.047169129272857
0.043933976690438
0.035375193913009
0.023379890139784
0.009643023900623
-0.004565612259610
-0.018080704599186
-0.029564879453837
-0.037566720895884
-0.040874349671726
-0.038824673080062
-0.031367412610771
-0.019100329886788
-0.003260463690907
0.014657437249024
0.033150517484639
0.050388039217208
0.064051743754484
0.071763467402527
0.071754470520633
0.063312109872380
0.046770027082933
0.023328470563829
-0.005108809318211
-0.036129010079179
-0.067005285797604
-0.095037512521340
-0.118025776575929
-0.134663631157267
-0.144657771459966
-0.148383959145319
-0.146535271598860
-0.140195426724623
-0.130667750780965
-0.118761290261548
-0.104406308221121
-0.087081059286401
-0.066477238886165
-0.042805292371721
-0.016970061138220
0.009276407431607
0.033816570853500
0.054886861411584
0.071067258869575
0.081177874117593
0.084726645267998
0.082060283734452
0.074153049295279
0.063011734981375
0.051976473583567
0.044505749443213
0.042444365239181
0.045214219238894
0.049990157334987
0.053356267921356
0.053499055515433
0.050308549015255
0.044158636556663
0.035880240535982
0.027057072922289
0.019017059547415
0.011783571363618
0.004657022424150
-0.002586608302809
-0.009586839042250
-0.015781119182658
-0.020283776067464
-0.022051410120248
-0.020503990070863
-0.015450911808909
-0.006660989215907
0.005845550294137
0.021176117993534
0.037324120357093
0.051485481453470
0.060854885900374
0.063276126673435
0.057238484584920
0.041797176144912
0.017149991821609
-0.014779054877775
-0.050781950609962
-0.087277299891225
-0.120742813489533
-0.148249807123213
-0.168352586033609
-0.180991381603180
-0.186478482760614
-0.185289757947851
-0.178360251984967
-0.166486810794810
-0.149650579504802
-0.127601041752881
-0.100934411001732
-0.071428686244926
-0.041876426420342
-0.015939830269885
0.002275184335262
0.009408609985078
0.004523021179176
-0.009952393401060
-0.028889708960053
-0.046179693328749
-0.056356366668987
-0.055843408111169
-0.043902802063994
-0.022643531471599
0.003969695053674
0.031231005462501
0.054915895272260
0.072665026205522
0.084357753285139
0.091068315645261
0.094017735478823
0.094098606076544
0.091152498862296
0.083824965162063
0.071179788794736
0.054219690307615
0.035355607292391
0.016993018453446
0.001002368048415
-0.011046993337985
-0.017973158507426
-0.019535382402421
-0.016654484897431
-0.011091658716133
-0.004863424649334
0.000313269100609
0.002995722287853
0.001791739817634
-0.003923424892858
-0.012761461596613
-0.021270511668782
-0.025555685295381
-0.023146793048539
-0.013866242523250
0.000241714375848
0.015726065211682
0.029050154490798
0.037601793904510
0.039992532976748
0.036131382533075
0.027452499180132
0.016785296117218
0.007455955743459
0.002285039091902
0.003035167203630
0.010114017127706
0.022538668526694
0.038454269599597
0.055921548046551
0.073333660625850
0.089460938824472
0.103620148599439
0.115890350674795
0.126503269812369
0.134680704757668
0.138585642206615
0.136380304722877
0.126980476599508
0.110328294647121
0.087505783962915
0.060468520970279
0.031562655610740
0.003160136722547
-0.022911279988795
-0.045843854834088
-0.065427879946158
-0.081636748048545
-0.095147180012581
-0.107618455784560
-0.120926649463843
-0.136216693467976
-0.153355786563422
-0.170689110724416
-0.185428128714638
-0.194643137888044
-0.195759584125444
-0.186397048387034
-0.164649379748843
-0.129900292309075
-0.083417421171811
-0.028472430052190
0.030086552579285
0.086831325183082
0.136735509869287
0.175547148994438
0.199867103117411
0.207500125088975
0.198022280346743
0.173124330344119
0.136509467039700
0.093556100658709
0.050659780192286
0.013986183457999
-0.011816220820647
-0.024487488711438
-0.024655105393866
-0.015470314600856
-0.001315612760809
0.013304236130606
0.024131770053944
0.027696617240500
0.022484336208803
0.009581800936053
-0.007755634120714
-0.024975924761134
-0.037608981922159
-0.043125683425777
-0.042034687876867
-0.037405667625075
-0.033446630334104
-0.033929835396101
-0.040563312488327
-0.051887435560381
-0.063879648993967
-0.071960865237125
-0.072682657493160
-0.064324757476090
-0.046961264763655
-0.022465044006374
0.005706833901109
0.033009419362931
0.054400769618803
0.065249225234553
0.062634808061360
0.046306617016778
0.018647458739644
-0.016094379961995
-0.052611407854875
-0.085247892244164
-0.109022333862409
-0.120704877915636
-0.119123459794918
-0.104987186738395
-0.081034268610709
-0.051687820906315
-0.021468094441553
0.006216758837552
0.028848024623949
0.044596973025679
0.052828795483198
0.054252485878909
0.050520316138690
0.044042275660401
0.037969365429494
0.035525510850969
0.038609170736581
0.046825971415208
0.057648814523135
0.067106748810286
0.070873843484044
0.065948897653935
0.051848514056561
0.030414201647640
0.004962914398873
-0.020249180800947
-0.040607663949896
-0.052426159042485
-0.054073734209038
-0.046105035713177
-0.030976297369840
-0.012566250062640
0.004806529022233
0.017456970542294
0.023036646226346
0.021131572816356
0.013653835770992
0.004161000973874
-0.003724486297081
-0.007399647192589
-0.005440403382123
0.002267063991861
0.014329182241080
0.028527819344612
0.042904757408719
0.055998755544089
0.066701660517467
0.074259122823881
0.077891106517282
0.076314541865375
0.067892130620967
0.051297434055406
0.026264034554151
-0.005659492666758
-0.040635037030993
-0.073316666261840
-0.098892912658462
-0.114659984128777
-0.120101919847543
-0.116308005883649
-0.105457970433760
-0.090233126084066
-0.073329887088319
-0.057152807177255
-0.043255765350074
-0.032032056695566
-0.023279025546201
-0.016779267864156
-0.012166691842905
-0.008782017018557
-0.006253082085369
-0.005088665088977
-0.006328237312381
-0.010771836103280
-0.018276861420935
-0.027061059062848
-0.034010145210467
-0.036494938002320
-0.034073849492949
-0.028436759627473
-0.022281856462948
-0.018579531035250
-0.019727365741620
-0.026192924696614
-0.036242343538263
-0.047190210899382
-0.056248961210799
-0.060334971529901
-0.056436588368616
-0.042891564785844
-0.020093063107949
0.009624128567981
0.042083875883754
0.071899518490636
0.094196459117251
0.106121583383000
0.107164640328692
0.098818671084932
0.084012190283386
0.066294523627422
0.048887457398871
0.033877693369765
0.021956059761144
0.012783388442476
0.005461261435623
-0.001174695882948
-0.008245810583385
-0.016364476428703
-0.025256436150264
-0.033950440070320
-0.041419409970116
-0.046983716191733
-0.050099216888652
-0.049899061234500
-0.045177633501612
-0.034963317893847
-0.019203398966260
0.000998895913298
0.023760937572457
0.047107175731812
0.069507633676907
0.089962505935626
0.107705030741191
0.121807162668986
0.130950902113609
0.133645384245853
0.129004122241378
0.117571367353150
0.101371289502228
0.083223075117990
0.065911411982591
0.051343947978498
0.040029033514268
0.031379330746346
0.024480060800073
0.018524644465057
0.012832725739928
0.007020605354093
0.001316862212730
-0.003573007585841
-0.006904357654375
-0.008103543827099
-0.006912419396345
-0.003638930843908
0.000847326879292
0.005530426383090
0.009651670743554
0.012805235281892
0.015130836965805
0.017537479811378
0.021122113454702
0.026173487466962
0.031935254791633
0.037043342408064
0.039938115304298
0.039328163774450
0.034936209463340
0.027764934112225
0.019391196411215
0.011172318547569
0.003905513346923
-0.002461831240834
-0.008970533560496
-0.017059556285153
-0.027648058178343
-0.040731540280543
-0.055313606681148
-0.069398438227630
-0.080343142498380
-0.085733156778761
-0.084333032748266
-0.076242392813199
-0.062358903694143
-0.043989842490185
-0.022865977619297
-0.001374926351522
0.017592422731286
0.031486645328717
0.039026508797409
0.040663309849831
0.038343762693015
0.034578025138983
0.031379660225173
0.029684542141953
0.029219536104278
0.028637243372222
0.026176285193206
0.020747477562811
0.012667127425407
0.003575183329503
-0.004485601981458
-0.010334584979317
-0.014092263655771
-0.016448492875273
-0.017794236883945
-0.018223040480289
-0.018068747120994
-0.017860058640337
-0.018023865848875
-0.019151968981354
-0.021916694288456
-0.026180328829223
-0.030582301826577
-0.033144154768199
-0.032181483093617
-0.027101584020139
-0.018822722659244
-0.009361028976161
-0.000750893405111
0.005902407301410
0.010735991057206
0.014950916651562
0.020226000157357
0.027585997254856
0.036499191964227
0.045244199791109
0.051991991751206
0.055463128544291
0.055041461460646
0.050661303555695
0.042590645956774
0.031301816213265
0.017448291575089
0.001672425439122
-0.015534099787384
-0.033732000420888
-0.052442591816211
-0.070910066779641
-0.087867805370362
-0.101644973320486
-0.110340180825857
-0.112093883313399
-0.105833840565391
-0.092401844488345
-0.075057936741511
-0.058352569895081
-0.046220120079339
-0.040837225954902
-0.042435848708747
-0.049613395169575
-0.059898306050361
-0.070506277286985
-0.079065065459797
-0.083932062839616
-0.084187887893990
-0.079689030233654
-0.071211377166178
-0.060132502869711
-0.047569606170578
-0.034083595025755
-0.020210030081220
-0.006699582963537
0.005737214421763
0.016296201205021
0.023577420253733
0.025919008015745
0.022632884158667
0.014701833879705
0.004600518695692
-0.004136057852045
-0.008043314517724
-0.005388984478462
0.003490351637928
0.017161063727680
0.033552495549586
0.050235963968154
0.065486240155458
0.078759566347068
0.089568146323745
0.096370701153517
0.097006127821306
0.090122358970643
0.076371180281334
0.058426791089123
0.039720950081673
0.023093949321398
0.010331105198064
0.002260263713178
-0.000948840261253
0.000729280070906
0.007335267996889
0.018284068605849
0.031741824825150
0.044890217489639
0.054893634887173
0.059953537766334
0.059880222140061
0.055876637323309
0.049701949416934
0.042712434641087
0.035255739969319
0.026713291897922
0.016348538530046
0.004431342485428
-0.007587050168845
-0.018144191708217
-0.026527201897048
-0.032663876883891
-0.036496079452768
-0.037797367908320
-0.036072483994937
-0.030660943624812
-0.021533759098707
-0.009558798428700
0.004479166530044
0.020369058550364
0.037711219115305
0.055266631029313
0.071181807588238
0.083406964878160
0.089895373572078
0.089291683278789
0.081772772322100
0.068679785913749
0.051536602674118
0.031759586886629
0.010722557143770
-0.010339667139066
-0.030296616875907
-0.047931760071510
-0.062308648671142
-0.073603520118701
-0.083008971832609
-0.091551582452161
-0.099376845485771
-0.106084955763846
-0.111111104281245
-0.113725568240148
-0.113365675018739
-0.110140337832096
-0.104482902972187
-0.096280081599486
-0.085036592054033
-0.071016543280744
-0.055475774309329
-0.039881115810237
-0.025431278390376
-0.012643252270176
-0.000775282614784
0.012052144778331
0.027795997075105
0.047249249253267
0.069486502692790
0.092063439407808
0.111650431304437
0.124992945114021
0.129814537783957
0.125217037387161
0.111681177698340
0.090920581936916
0.065575606084578
0.038834707108721
0.013921532840680
-0.006778042065992
-0.022380365786352
-0.033243863383518
-0.040217923431503
-0.044161303721690
-0.045561116798326
-0.044238693118027
-0.039940237547880
-0.033348774102145
-0.026099898115041
-0.020079490346244
-0.016875534324275
-0.017098076238452
-0.019896345038708
-0.023659464300264
-0.027216664745813
-0.030129467205073
-0.032245483999560
-0.033302304721017
-0.032753833270041
-0.030300802061838
-0.026914506011178
-0.024605255358387
-0.024985870524037
-0.028687554327346
-0.035646946658212
-0.044969314954186
-0.054996291127185
-0.064432764862707
-0.072999916073458
-0.080439689192870
-0.085603071835587
-0.086919376905797
-0.083194549431411
-0.074040648785113
-0.060119996437421
-0.042893016064270
-0.023911397566636
-0.004701424696812
0.012725635698717
0.026192310130983
0.034682854733828
0.038964707938110
0.040561229340348
0.040483048187271
0.039376922387915
0.038230439880918
0.038014628159064
0.039003972913764
0.041182486714208
0.044745355277369
0.049226715939015
0.052853583642295
0.053899416355899
0.052099070881271
0.048382800841298
0.044113463018693
0.040626084096938
0.038670215250233
0.038024826925554
0.038002239072442
0.038114278152357
0.037731304637865
0.035811258435475
0.031744588525482
0.025910626974433
0.019126033240057
0.012364084257366
0.007143010445522
0.004995406736107
0.006029469935660
0.008819004184753
0.012076367916977
0.015866377846154
0.021005962063488
0.027612444086698
0.034212670306124
0.038104825891150
0.036693029766602
0.028895393220136
0.015762355238405
-0.000255199290550
-0.016586677242618
-0.030889333710938
-0.041070268372794
-0.046131826132637
-0.046358589235801
-0.041969117891505
-0.032664452505650
-0.019030536899183
-0.003154067947638
0.012648778457339
0.026637966399711
0.037061182121914
0.042198995190919
0.041470722485301
0.035865185345273
0.027376903362026
0.018552118286672
0.012270354502557
0.010781133865450
0.014349918701696
0.021331655570438
0.029550091757289
0.036882102208889
0.041026463391562
0.040316856110422
0.034807502344121
0.025460880461385
0.012778954256251
-0.002961824645351
-0.021115090095104
-0.040982366247215
-0.061814134831014
-0.081903055370795
-0.098375411923300
-0.108450641265497
-0.110478647280160
-0.103925720152684
-0.089540003576275
-0.069601488770962
-0.047158282735210
-0.025146772729903
-0.006520245537330
0.005798099700238
0.010436759788394
0.008910811462913
0.004384723684948
-0.000500646941480
-0.003865653028983
-0.004044684723384
0.000028164687062
0.008833811211119
0.023194119507337
0.043993513392166
0.070476625687661
0.099689300559439
0.127588212556690
0.150026566888113
0.163221416130873
0.164476729689627
0.152981175854088
0.129855371925919
0.097585714397559
0.059762922391390
0.020811604778939
-0.015114393205360
-0.045054822827257
-0.067124259945119
-0.080637945889347
-0.086850988166139
-0.088522233492350
-0.088030735070128
-0.086212626654444
-0.082655967759350
-0.076281974675880
-0.066129844659967
-0.052464549900814
-0.037065336075016
-0.022266340842732
-0.009892965454992
-0.000957021129376
0.004393637145931
0.006962616763661
0.007900818226001
0.007619999164954
0.005671593875821
0.001815855882354
-0.003367402820929
-0.009187701839578
-0.015432981557644
-0.021911464074587
-0.028127144982287
-0.033509642269590
-0.037275689482769
-0.038168563431914
-0.035005883148650
-0.027475744957002
-0.016167506030614
-0.002328406684437
0.012329781631284
0.026413856687926
0.039415963602572
0.050959828263997
0.059893876168207
0.064520710631033
0.063338473086492
0.055705447199383
0.042629222220761
0.026913897439585
0.011949599652372
0.000390007966633
-0.006081851450774
-0.006636727620057
-0.001703786854944
0.006746705996830
0.015777643470179
0.022188104885022
0.022772080291859
0.015119379926107
-0.001018050842497
-0.023508885604399
-0.048927409779313
-0.073540378102096
-0.093958734855574
-0.107969852349751
-0.115129405157615
-0.116194199317482
-0.111915217458751
-0.102644052002588
-0.088511700129906
-0.069413608547837
-0.045527106637420
-0.018252883256775
0.009897577622681
0.036291052957506
0.058408113693167
0.073364877128877
0.078340276904673
0.071674143029844
0.053088173393918
0.023807677827080
-0.012422159904354
-0.049166934530137
-0.078872575415423
-0.094391857045735
-0.090173348683728
-0.064477121443425
-0.020976306367620
0.032663718820430
0.087440166668020
0.134429615498896
0.165684842028434
0.175834461577559
0.163460731779238
0.130754854300114
0.082296756527691
0.024650230095534
-0.034026357993731
-0.085716542576023
-0.124585968865442
-0.147578576317840
-0.154044688075652
-0.145875233027674
-0.127223245960396
-0.102777485174530
-0.076702576711575
-0.052942060996154
-0.034455489210965
-0.021866886727108
-0.014191883619533
-0.010629020916142
-0.010937956474056
-0.014827055213829
-0.021562328556090
-0.029763222451555
-0.037446588674194
-0.042446755181152
-0.042808639724760
-0.037100059197868
-0.024751462418063
-0.005956445844522
0.018803383209255
0.048679783273861
0.081985479281652
0.116274024130267
0.148661942691058
0.175975532646482
0.195173330800970
0.203915518584410
0.200923399066905
0.186449435283137
0.162632757441981
0.132796055396344
0.100242771323847
0.068024557024857
0.038865540873586
0.014123550069647
-0.006663962822168
-0.024752686328560
-0.041186122047650
-0.056392878342337
-0.069638882608275
-0.078966836696507
-0.082522672250156
-0.079743095062129
-0.071086037793794
-0.057674712597683
-0.041595758169980
-0.025697138549300
-0.012818933247163
-0.005403944148085
-0.005323270466757
-0.013349289726737
-0.028503930641037
-0.047752911010416
-0.066350580699765
-0.078870184485034
-0.080544978496424
-0.068414494795648
-0.042014100383510
-0.003745047750537
0.041150632210036
0.085586292868542
0.122662468778622
0.147657901310295
0.158592016859466
0.155544392591244
0.140168409071292
0.115139861866677
0.082828070740327
0.045011390774493
0.004500203993105
-0.034192442296379
-0.066610003708810
-0.089881130593622
-0.102672323824651
-0.105430207204246
-0.100776726275735
-0.092160938329949
-0.082124010950517
-0.072722432277249
-0.066687063075666
-0.066614014249719
-0.073492972005210
-0.087078393803458
-0.106813447600291
-0.131067388193339
-0.156086197105080
-0.176752955054487
-0.187937048662512
-0.185028473429255
-0.164819742586052
-0.127281058430639
-0.076345582716531
-0.018400658579175
0.039919894430636
0.092737355434022
0.135344134619462
0.164733353661433
0.179246021091238
0.177820554442249
0.160613906606245
0.130190713621135
0.091462674838769
0.050598221022122
0.013591403028117
-0.015287791176905
-0.034390684841356
-0.044316274859504
-0.046674375426959
-0.042916518987602
-0.034091043016051
-0.021352486636204
-0.006111766806107
0.010156591742411
0.025675644722754
0.038214424760861
0.045803873523279
0.047739105591480
0.044785045864456
0.038632054808773
0.031389154136657
0.025254354056437
0.022266234052566
0.024120049987987
0.031689167359860
0.044287205399405
0.059385331921371
0.073099672309610
0.081170886995186
0.080349712537739
0.069730624769859
0.050952110203358
0.027260777873961
0.002574717447393
-0.019075874111726
-0.034299828081010
-0.041280698196925
-0.040110411705532
-0.032423200117867
-0.020795730825095
-0.007826760075519
0.004790968308289
0.016256298934680
0.025898900626516
0.032852758545264
0.036678255923793
0.038103952951123
0.038482601801707
0.038365101236447
0.037081986836464
0.033367801883977
0.026070831360507
0.015370166927395
0.003883777925638
-0.004404726344001
-0.006535680748459
-0.001541864283992
0.009796938031599
0.025035728990822
0.040570784703012
0.053040084228148
0.060400188758431
0.061774960999220
0.056788800451749
0.045480901558187
0.028610632821350
0.007421325496392
-0.016652022074889
-0.041376370699749
-0.063334172551915
-0.079277606938561
-0.087978869988404
-0.090122093919899
-0.086938484137221
-0.080093742929912
-0.071937123453464
-0.064208001661652
-0.057193979778146
-0.050979959169774
-0.046223279548638
-0.043143670567798
-0.041202831297883
-0.040151126099332
-0.040245946576080
-0.041509507895543
-0.043597398095967
-0.046024016222839
-0.047907802400631
-0.047778322515691
-0.044121973013961
-0.036194528700987
-0.024057595101400
-0.007917963767767
0.011738650764957
0.033103259125818
0.053010638274476
0.068125920546602
0.075750448142996
0.074369896411889
0.064559032375588
0.049015268891176
0.031244933430282
0.014461699892568
0.001296799389709
-0.006635072360446
-0.009377397336008
-0.008533730883514
-0.006290992842458
-0.004297395930674
-0.002845098974476
-0.000599091835469
0.004667592051217
0.014581966948740
0.029079958178525
0.046272337408096
0.063020321457799
0.076150237145676
0.083953640048382
0.086627305652537
0.084976032192640
0.078925092022557
0.067436495371425
0.049456650224686
0.025086850005543
-0.003469170090017
-0.032178244280709
-0.056960597378880
-0.075329104641616
-0.086501573789958
-0.090709068908879
-0.088885907891788
-0.082477616481832
-0.072896194070148
-0.061217428231464
-0.048376537172157
-0.035257514986669
-0.022206402224190
-0.008625523118140
0.006219862911638
0.022056973374849
0.037723544309786
0.051926785204624
0.063407123681326
0.070782356470836
0.072869823078589
0.069120232116611
0.059559940392305
0.044985219603349
0.027365628172814
0.009235986290653
-0.007141808564309
-0.019592331466662
-0.025902656909454
-0.024765510827049
-0.016789212053124
-0.004296345909405
0.009943000775051
0.023731896886171
0.035269185962069
0.042524219573860
0.043580588089239
0.037402219735767
0.023884367689866
0.003998041170036
-0.019726518894493
-0.043673208398847
-0.064327435030129
-0.078853894788885
-0.085311919809780
-0.083171924760696
-0.073531334578002
-0.058681180746395
-0.041610287553988
-0.025535609280459
-0.012983886314755
-0.004759040992919
0.000111402427783
0.003299232224948
0.005936145066029
0.008049969162223
0.008925160690044
0.007781042136688
0.004116687685902
-0.001866553048432
-0.008855255738869
-0.014999711876877
-0.018913348953246
-0.019882801481465
-0.017904809405528
-0.013902301063298
-0.008975124727688
-0.003492569651032
0.002287920172262
0.007619674879654
0.012016802486671
0.015556666239831
0.018295993205842
0.020196657594689
0.021295173369757
0.021540522819602
0.020759819976401
0.018723999374809
0.015099525293635
0.009589433821628
0.002134793306711
-0.007026773439320
-0.016929996552300
-0.025549300216488
-0.030583432733179
-0.030339930111213
-0.023950751497151
-0.011915924951265
0.003616855446088
0.020044892894541
0.035502893402985
0.048612289570424
0.058167848967671
0.063655471874853
0.065066592283002
0.061798375504460
0.052569901507498
0.036722047274847
0.015453014176695
-0.007994350174318
-0.029332357041913
-0.044862352405353
-0.052817985434407
-0.053812596641320
-0.050063059702928
-0.043776103280392
-0.036219052423310
-0.028316278294129
-0.021446763811683
-0.017135023042573
-0.016633756282046
-0.021232545775058
-0.031966088695673
-0.048626244453469
-0.069648097875938
-0.092418148247463
-0.113070811469093
-0.126819889318762
-0.129393068151960
-0.118689531496819
-0.095762695606585
-0.064298765784354
-0.028854588553176
0.006175188930559
0.036509072250646
0.058559537192224
0.070325706895362
0.071459040731445
0.063372531281621
0.049405163634124
0.033721914025183
0.019652211641490
0.009249010252606
0.003869877714170
0.004395728799664
0.010768734709283
0.021609244803613
0.034756034663066
0.048417793515119
0.061472628669636
0.072829137948647
0.081269352138857
0.085954405132662
0.086549498383993
0.082755053521472
0.074051955441480
0.060060412632316
0.041155528733081
0.018910925256457
-0.003975872052475
-0.024268327084598
-0.039034749247189
-0.046662378634487
-0.047446058755877
-0.043049898127113
-0.035535816056940
-0.027062363958264
-0.019703233977725
-0.014650583475754
-0.012066577042486
-0.011939971357512
-0.014041258909065
-0.017201811206915
-0.019924286230653
-0.021636415887428
-0.022693383140459
-0.023620576660699
-0.024767938287089
-0.026114918683429
-0.027217941894856
-0.027563749189309
-0.026916051020805
-0.025462363884833
-0.023471728631927
-0.020623769505884
-0.016257269464084
-0.010316258789143
-0.003345156827100
0.004174504982698
0.011707332643787
0.018326929241725
0.023261710986152
0.026516730548152
0.028753215822229
0.030915545988647
0.033830563981729
0.037780811443399
0.042445636770110
0.047143829281605
0.050920176946705
0.052545058992026
0.050784402342658
0.044723741484396
0.033910716535721
0.018742124701195
0.000963196895069
-0.016404427687934
-0.029860002976832
-0.036908608955390
-0.037216595419379
-0.032166166441442
-0.023972162644274
-0.015555450443290
-0.009863136289782
-0.008486406380132
-0.011673986808105
-0.019312988332850
-0.030510915613521
-0.042958038309338
-0.053978080172607
-0.061412418207038
-0.063469588474184
-0.059332885712516
-0.050037815346758
-0.037836863241009
-0.024789194365222
-0.012182212379748
-0.000863282292242
0.008296724319382
0.014446156683953
0.017084577517406
0.015949353349738
0.011003019110791
0.003133598861361
-0.005723915077281
-0.013460211401206
-0.018212836594041
-0.018434117548279
-0.013460718252111
-0.003566092967575
0.010861231565713
0.029549226107534
0.051779594265911
0.076202940854152
0.101202750541677
0.124883805081319
0.144636489772863
0.157436896756470
0.160946640166654
0.154282045829723
0.138136843474274
0.114487337659138
0.086040332080093
0.055880874535235
0.027375581273889
0.003907392540067
-0.011673238023432
-0.017956612118189
-0.015794814004880
-0.007724809048088
0.003653489920635
0.016041919649463
0.026753396692600
0.033177243245637
0.033756231621307
0.028147536031862
0.017322688336097
0.003485806081327
-0.010817822687564
-0.023447606498076
-0.032686370427883
-0.037141657686040
-0.035864464070422
-0.028726767491000
-0.016745015998307
-0.001584254466201
0.015302113884338
0.032622275455661
0.048702625384167
0.061506124895444
0.068925386122956
0.069195292343730
0.061590848746783
0.046448975540404
0.024453113350979
-0.003160749192106
-0.033684693549956
-0.063256948338682
-0.088151713415382
-0.105395407414401
-0.112918018109873
-0.109999647473692
-0.097485662423827
-0.077604983840002
-0.053819374344380
-0.030192759736048
-0.010152967537490
0.004200816253217
0.012013380378420
0.013594494372959
0.010224754533598
0.003560939923203
-0.004864913291214
-0.014035353576814
-0.023713091767025
-0.033752381645863
-0.043219554334127
-0.050954628995710
-0.056331044434657
-0.058821909474007
-0.057835906256175
-0.053115591175815
-0.044445505621802
-0.031690329326613
-0.016019031714728
-0.000396593151525
0.011615827470647
0.017240576651432
0.015139792314350
0.005589681986765
-0.009737789081227
-0.028031682434985
-0.045595178612208
-0.058785074053574
-0.065251610525096
-0.064264950735821
-0.056197822132983
-0.042081440962759
-0.023371671626250
-0.001863872827971
0.020091886160516
0.039689085062163
0.054365945740360
0.062433357023115
0.063523983047338
0.058747895454112
0.049812254216776
0.037720799179515
0.022831272975946
0.005940309578674
-0.011597297032691
-0.028369346292855
-0.042689611312885
-0.052668746155255
-0.057105624760444
-0.055853036958905
-0.049364687052826
-0.038073015263686
-0.022184201944891
-0.002432582351070
0.019073065729173
0.039242798515309
0.054938992112169
0.063526968972685
0.063766033476515
0.056609534961281
0.044388699019514
0.029523972229755
0.014484045088186
0.001788930271535
-0.006890722755480
-0.011140646771989
-0.011191315502889
-0.007455638983190
-0.000484304233403
0.009188248622067
0.021112109643546
0.034670753852020
0.048584335851423
0.060508895614290
0.067469789346544
0.066860307407951
0.057047016805421
0.037883936684300
0.011453454495312
-0.018168681354737
-0.046476146513513
-0.069771566257329
-0.085548719059145
-0.092937543870714
-0.092697891261207
-0.086084165022199
-0.073934047447815
-0.056993801544933
-0.036414865914460
-0.013683920493500
0.009369991266764
0.030468653696861
0.047159162750285
0.057359153582555
0.059964657506504
0.055013884124526
0.043175957777923
0.025491454161352
0.003623164328986
-0.020297934634261
-0.043962135801642
-0.064702436673621
-0.080041835946769
-0.089032150471750
-0.092255085023079
-0.090707906668907
-0.085591597289757
-0.078277737882717
-0.069271231005006
-0.057604698242160
-0.041656884517895
-0.020682826046853
0.003912477312207
0.028737962541943
0.049978036135579
0.064735670051323
0.071584182011971
0.070758441603647
0.063779799640520
0.052695626875211
0.039611837131898
0.026314824395729
0.013926124463148
0.003107024187523
-0.005511025695348
-0.011242775122344
-0.013297990056116
-0.010577135976014
-0.002125304020822
0.011749016192950
0.029241704161622
0.047897702361088
0.065021141487246
0.077716247349711
0.083742728203824
0.082455563735643
0.074542812254063
0.061393875602638
0.045088722858357
0.028280862237204
0.013284695677899
0.000970525409605
-0.009159961534760
-0.017585234601184
-0.023995347446927
-0.027719702902789
-0.027734764615105
-0.022541836901389
-0.011489276770390
0.003885162849273
0.020562416522647
0.035409049296134
0.045568663277334
0.048614291302938
0.042898825769138
0.027935174236774
0.005066485941450
-0.022031068114784
-0.047885853007752
-0.066715257491885
-0.074194321895278
-0.068811968078542
-0.051913849176639
-0.026560304841005
0.003286143896928
0.033056848409845
0.058493128034668
0.076691975899852
0.086133592766810
0.086231888263937
0.077173846023242
0.059689547245313
0.034932468714744
0.004916854555694
-0.027574207589068
-0.059818504769939
-0.089100537504763
-0.112298480151040
-0.126786128999902
-0.131483559167777
-0.126650719180161
-0.113350614078490
-0.093129168250531
-0.067580789989939
-0.038286308951578
-0.007234356580126
0.023002778648256
0.049392461348952
0.068824997906863
0.079012003300650
0.079140981783792
0.069695622903800
0.052265248968082
0.029497721168130
0.004518838884711
-0.019753123310117
-0.040908768497401
-0.057427978040301
-0.069100300121894
-0.076851341029483
-0.081947620981050
-0.085288294352917
-0.087404406126968
-0.088673028726240
-0.089039624157382
-0.087821734355074
-0.084135297722116
-0.077527051368694
-0.068403094820042
-0.058036617868775
-0.048131385276028
-0.040153531105468
-0.034802908788385
-0.032038994779419
-0.031288237155995
-0.031118882966994
-0.029168485607814
-0.023264535677749
-0.012251068277660
0.004422081584564
0.026581434645593
0.052624145205949
0.079984206631434
0.105894882013364
0.127046230271354
0.139521204868863
0.140116203925373
0.127870911326038
0.104672050242205
0.074647381876268
0.042719054478691
0.013407147573098
-0.009810352104890
-0.024882198263124
-0.030988218267360
-0.028184064908021
-0.017697711227122
-0.002002399338591
0.016024569448620
0.033718417560599
0.048597196326470
0.058597563453526
0.062641006899409
0.060949644571511
0.054994826719346
0.046971568667890
0.038889454563326
0.032100052215801
0.027592139988231
0.026224799065129
0.028458850998208
0.034159480035328
0.042636664910817
0.052533911642812
0.061947108580195
0.069074453069401
0.072640686341318
0.072032057760124
0.067514193455228
0.059943986581368
0.050224510499609
0.039398536793806
0.028640895027776
0.018649208944071
0.009604617127306
0.001743346157723
-0.004657633563849
-0.009458044870541
-0.012162336106737
-0.011823658029447
-0.008011968173733
-0.001603646650353
0.005473455646678
0.011030513872446
0.013214699014514
0.010906763945643
0.004147562235230
-0.005791312974918
-0.016973054272402
-0.027459909741501
-0.035489686216837
-0.039581684270460
-0.039198860174406
-0.035203189604266
-0.029263885733429
-0.023113440515796
-0.018462007218867
-0.016762760363215
-0.018567220921937
-0.023354782678931
-0.029734956527134
-0.035633339396415
-0.038843930702511
-0.037788857623266
-0.032045276862915
-0.022409714577805
-0.010167693461883
0.003647466270920
0.017941738185918
0.031152294439812
0.041731508163301
0.048544217449811
0.050577754043172
0.046980380915883
0.037886921413191
0.024823385959563
0.010074149251011
-0.004050701592833
-0.015713588477455
-0.023962950725318
-0.028597977228734
-0.029707346514224
-0.027675972159684
-0.023402377977801
-0.018078732990778
-0.012800359312030
-0.008361670090418
-0.005179581681862
-0.003413431612843
-0.003134827572808
-0.004397947272041
-0.007238384848844
-0.011395905122843
-0.016127294811999
-0.020652334445576
-0.024563499683127
-0.027388167366957
-0.027998082893445
-0.025110165423369
-0.018369222191849
-0.008504819953454
0.003107474545862
0.014337700560207
0.022399737886615
0.025032486134523
0.021371840711448
0.011586899705112
-0.003375876074423
-0.021543273130139
-0.040378598193019
-0.057737811370674
-0.071923370581709
-0.081160317379586
-0.083955588942340
-0.080072316954698
-0.070668235244360
-0.057576552948590
-0.042916306581018
-0.028970589443463
-0.017436748856567
-0.008978168334214
-0.003927361995807
-0.002601177700486
-0.004729372414706
-0.009474078494058
-0.016113671880100
-0.024199895750740
-0.033121010573516
-0.041997324039027
-0.049961177064883
-0.056098509200563
-0.059273004062751
-0.058523163567384
-0.053807035622914
-0.046191638757301
-0.037174909148991
-0.028047509467846
-0.019740015243219
-0.012567762484326
-0.006160746786318
-0.000028171768723
0.006011800987534
0.011894640087262
0.017143731372518
0.020605998799078
0.021202452252525
0.019086398864287
0.015506113253930
0.011945612308562
0.009937046743721
0.011026900659275
0.016179620372773
0.025203101695663
0.036797822308784
0.048997418960789
0.059739284174600
0.067589375503333
0.072091027174335
0.073309432629341
0.071294038563547
0.066200656523942
0.058698127349687
0.049765432481628
0.039994957139594
0.029595976620312
0.019042017658291
0.009056517579081
0.000241250912717
-0.006640660266521
-0.010458773405932
-0.010348213268412
-0.006371678260603
0.000686288653294
0.009863064943821
0.019876402565651
0.028816574927711
0.034701655579583
0.036463907667652
0.034392196665311
0.029791125233138
0.024312831463534
0.019277829960440
0.015045269669888
0.011033906096022
0.006639747298939
0.002062964728741
-0.001772043961180
-0.003802515693505
-0.003203375961639
0.000377545867893
0.006554652187335
0.014364600300220
0.022680506861818
0.030239456494759
0.035732350928615
0.038373497676017
0.038212913758573
0.035673028344078
0.031069024898419
0.024895488948887
0.018040064587479
0.011135135614829
0.004030832575144
-0.003760723569846
-0.012329096745574
-0.021196403650414
-0.029350181726593
-0.035086178183589
-0.036527431025388
-0.032945438495259
-0.025232818389469
-0.014796740554577
-0.002606125647120
0.010253920453390
0.022103203694019
0.031604160647180
0.038401042422538
0.042513607722675
0.044178950998991
0.044274772760059
0.043554750229595
0.041381760944902
0.036167078559088
0.026874792601983
0.013461671953085
-0.003547528136744
-0.023062157855381
-0.043423132135427
-0.063083918297731
-0.081140595737769
-0.097118732451295
-0.110630724545279
-0.121266332066026
-0.128437637570232
-0.131183884748219
-0.128592266424199
-0.120777905875351
-0.108969347088542
-0.094527378587506
-0.078474445375786
-0.061720023307697
-0.045040373232844
-0.028813191452833
-0.013082972088030
0.002062986519392
0.016409260270221
0.029643518684686
0.041063548897747
0.049557174415894
0.054150722737975
0.054541482532098
0.051256588965245
0.045563715556904
0.039269735654921
0.034159370591653
0.031150468403096
0.029921767855546
0.029375617855016
0.028305420905732
0.025514438858702
0.019967036863629
0.011665360828804
0.002000813610134
-0.007187989902335
-0.014356515381716
-0.018320321940782
-0.018608904093353
-0.015553698098805
-0.009664265891966
-0.001488665956268
0.007890738902222
0.016874033328276
0.023999558997476
0.028359055990274
0.029661944925115
0.028509543042860
0.026516395569645
0.025494049697553
0.026233637195686
0.028162581363227
0.029986941691448
0.030377255572141
0.028306998089371
0.023494356790453
0.016753346862796
0.009510324769003
0.003236626550513
-0.000304490465771
0.000736418359746
0.006981679046186
0.017087752256415
0.028309471314900
0.037389457453764
0.041503549168433
0.039441104272425
0.032303775134725
0.022728705285359
0.012964068276183
0.003724793808270
-0.005202912959615
-0.013954975249028
-0.022391925873938
-0.030176266604105
-0.036475630239179
-0.040067149348226
-0.040209727629767
-0.036951659419867
-0.030591358381816
-0.021591251145586
-0.010955830291719
-0.000142036148971
0.009239587318740
0.015497870757588
0.017332045795104
0.014784621197026
0.009533305676991
0.003932290640348
-0.000289011079809
-0.002383444687318
-0.002143494448706
0.000238390736990
0.004210029777368
0.009388072800077
0.015658178331316
0.022415014088575
0.028407742370233
0.032688962050145
0.035114823730323
0.035899415198463
0.035228175080106
0.033135680894586
0.029241316186070
0.022728045127008
0.013203280986726
0.001640884252267
-0.009962873775182
-0.019724909321327
-0.026378560271452
-0.029220856887631
-0.028342399722206
-0.024638847824212
-0.018957403355094
-0.011616606748823
-0.003159156183785
0.005113667821552
0.011740464253892
0.015599441919157
0.015711036161807
0.011438392079669
0.003190723197837
-0.007556060297135
-0.018874128341006
-0.028644355952283
-0.034589142221220
-0.034882401561783
-0.029057980608289
-0.018110521292709
-0.003936882921114
0.010735813718035
0.022422247987067
0.028101292329689
0.026499607457921
0.017980967911153
0.004035903442603
-0.012538476097104
-0.027903855626897
-0.038588662107990
-0.042682590417402
-0.039868481763185
-0.031010037379772
-0.018085503040254
-0.003989257342942
0.008399842175666
0.017202830547691
0.021870016443462
0.023100453748675
0.022356652196061
0.020693843071883
0.017699058146557
0.011961408701741
0.002815264057456
-0.008713266772145
-0.020512592015142
-0.030240321677969
-0.035854749162112
-0.036367844524355
-0.032501705619147
-0.026270595611374
-0.019764082214579
-0.014446846222640
-0.011088939044521
-0.009592322534993
-0.009120761440862
-0.008994178995656
-0.009261623823541
-0.010215265891210
-0.012009801777801
-0.014953888161391
-0.019512640771319
-0.025991965378794
-0.034531719977155
-0.045059953056879
-0.056742605174048
-0.067611191884183
-0.075274813430058
-0.078027696605218
-0.075092536759026
-0.066367289427773
-0.052770640243058
-0.036653773163362
-0.020954539688897
-0.007851980465509
0.001446704888137
0.006239427827283
0.006217121388091
0.001562357537218
-0.006929051689417
-0.017761464007624
-0.028873782110129
-0.037954331627583
-0.042878128281834
-0.042212417389872
-0.035550081034322
-0.023471669278650
-0.007461063024217
0.010177333349332
0.027066157049837
0.041636723813137
0.052951809717240
0.060077050440979
0.062221218494432
0.059277424391071
0.051891642619274
0.041302621480863
0.029268862328602
0.017776859385617
0.008695393537116
0.003642782841163
0.003664276528228
0.008651433556073
0.017077100653893
0.026444696489522
0.034385427105435
0.039539697862033
0.041401159442693
0.039871141157374
0.035338455616550
0.028758444166164
0.021560977115344
0.015640864491415
0.012968375087398
0.014776736720960
0.021019992040375
0.030413513815620
0.041082393342590
0.051467834794693
0.060525946997532
0.067300054788689
0.071202814271860
0.072510782113084
0.071582116007287
0.068075480790706
0.061411033648598
0.051202981008129
0.037511894590133
0.021527871895092
0.005593702963407
-0.007892746604542
-0.017497894740960
-0.023038561461251
-0.025285890573448
-0.025338983801935
-0.024296723272108
-0.023258299123471
-0.023025527287119
-0.023990149676678
-0.026505289331137
-0.030628249256010
-0.035326860620250
-0.038667030800458
-0.039129688356275
-0.036718684154508
-0.032879753851953
-0.029362170984043
-0.027020875100510
-0.025606085845829
-0.024264941298692
-0.021865901874632
-0.017567520026294
-0.011759992250446
-0.006160320345402
-0.002852797821258
-0.003215062679355
-0.007334437994309
-0.014082623388135
-0.021619391143882
-0.027842515931574
-0.030602192314270
-0.028044109359625
-0.019361111768614
-0.005480625206570
0.010959228770606
0.026403815732442
0.037541152173177
0.042274175973172
0.040059342742948
0.031721270180672
0.019276381462598
0.005694197169921
-0.005843566267084
-0.012910590444511
-0.014604093659986
-0.011877814207096
-0.006989401545021
-0.002297262798701
0.000544248590762
0.000567791038954
-0.002831442951246
-0.009779079688479
-0.019247736551939
-0.028795841080022
-0.035325663113178
-0.036199684421018
-0.030189338795681
-0.018121459888897
-0.002858406427197
0.011535654915168
0.021305368249295
0.024443830035504
0.021072394681694
0.013089695681179
0.003642600031873
-0.003916364131740
-0.007241916555218
-0.005398606370231
0.001511770301354
0.012406790220527
0.024591249642978
0.033664498242380
0.034960031201476
0.025774372396363
0.006863905569052
-0.017400570883583
-0.039934904936383
-0.053132886982068
-0.052060234796173
-0.036591875901661
-0.011099371189493
0.017578050902438
0.042583789857644
0.059074033505302
0.065113435726968
0.061203855462385
0.049474150599804
0.033382107034745
0.017391849364626
0.006075751840346
0.002555587639181
0.007000334390544
0.016737029362921
0.027616279438792
0.035216077710882
0.036241471681402
0.029889935951985
0.017928661665764
0.003696160792959
-0.009285191012875
-0.018666532485766
-0.023802583339471
-0.025483694820672
-0.025639777550373
-0.026731788625021
-0.030674568703111
-0.038312729197280
-0.049471652464924
-0.062761757820577
-0.075620485215273
-0.085248079591581
-0.089587350363640
-0.087461135030479
-0.078381453669249
-0.062839758796283
-0.042751043290955
-0.021127470218049
-0.001004322194474
0.015419464187227
0.026871027311674
0.032855867225365
0.033917734113537
0.031749776727465
0.028431115302439
0.025533938885126
0.024010025743184
0.024250909112511
0.025772792663935
0.027278837556951
0.027369200524365
0.025229126709598
0.021073638640967
0.016314561466680
0.013000467667097
0.012597978336778
0.015108350159073
0.019239243762816
0.023358809474154
0.026457691169182
0.028457180670511
0.029755655161453
0.030595461822958
0.030866068407198
0.030347040114763
0.029152951443784
0.028045923282485
0.028170757870983
0.030322821773534
0.034363169484155
0.039224489198902
0.043475392270063
0.045961541805645
0.046072653929202
0.043759891305789
0.039547667910287
0.034291763582889
0.028741097555328
0.023304578461300
0.017969829806327
0.012407749351883
0.006198806543696
-0.001180895919282
-0.010166175934324
-0.020471283315118
-0.031026373111797
-0.040518398474456
-0.047646889846640
-0.051497375663632
-0.052198527630299
-0.050930245058411
-0.049346641659872
-0.049006207287827
-0.050833876617377
-0.054756070304996
-0.059712571891297
-0.063969062475191
-0.065645890281526
-0.063451759410194
-0.057281124979045
-0.048059652020183
-0.037027015164137
-0.025437591055388
-0.014683152433008
-0.005998314405749
0.000034225348432
0.003547396985616
0.005164282749991
0.005648495703960
0.005564339292764
0.005142879257306
0.004269086804764
0.002682553623135
0.000339182481003
-0.002609260013488
-0.006070643104294
-0.009865584264609
-0.013492005764340
-0.016362865997440
-0.018220294334741
-0.019264995901253
-0.020005200134786
-0.021050744607411
-0.022930167760315
-0.025839612098258
-0.029503240743170
-0.033346229945331
-0.036784811241187
-0.039568653354876
-0.041826334254765
-0.043309153153518
-0.042906441612980
-0.039463877258616
-0.032660196436382
-0.023027964872575
-0.011873397325140
-0.001057360604929
0.007828270147480
0.013962343678567
0.016958597647236
0.016595286633428
0.013063145567923
0.007391040444833
0.001463453644632
-0.002611867400830
-0.003124965338737
0.000961360740870
0.009683795058100
0.021793958347260
0.035030460832113
0.046901603547194
0.055349517209595
0.059017376085659
0.057506887025750
0.051560956930377
0.042495077538246
0.031348310224644
0.018860752327579
0.005942188719497
-0.006191772596916
-0.016243752786859
-0.023223212880073
-0.026823870278535
-0.027442467528129
-0.025690332726246
-0.021897650738773
-0.016093501360433
-0.008274005689806
0.001351277854769
0.012226098984033
0.023446172686122
0.033723434450153
0.041424229549046
0.045186789274363
0.044664576356948
0.040408344652181
0.033436129025387
0.025304302159759
0.017806328197250
0.012055170193763
0.008337297084979
0.006804842516048
0.007700776448706
0.010948609772171
0.015953808043893
0.021948049046967
0.028380730070268
0.034931732886062
0.041327390569015
0.047105211151182
0.051422800020469
0.053331247125129
0.052398555063125
0.048975224436157
0.043922908729617
0.038181176010003
0.032474299516120
0.027218484650605
0.022507888545593
0.018176911200293
0.014142855260700
0.010761104305353
0.008658777490314
0.008277564635568
0.009544225681126
0.011720123501643
0.013647901097732
0.014270902707131
0.013004240804556
0.009951791541875
0.005694522978780
0.000628332083854
-0.005270898363019
-0.012115524835019
-0.019682993241418
-0.027092767366483
-0.033130978887849
-0.037046431506968
-0.038756557807852
-0.038577338251381
-0.037095023009403
-0.034981996020554
-0.032625513120670
-0.029987507760684
-0.027004769954916
-0.023973087753210
-0.021243722415681
-0.018912518924231
-0.017184664522637
-0.016492038081019
-0.017003362274126
-0.018603549977972
-0.021332173516408
-0.025373409878073
-0.030707623544110
-0.036883262909156
-0.042866890851803
-0.047055938527681
-0.047733212443808
-0.043873504777128
-0.035765617198190
-0.024845542809390
-0.012905045384272
-0.001434474730047
0.008540555457220
0.016123649558688
0.020305974324982
0.020483950729984
0.017007506036901
0.011010127664644
0.004029200553138
-0.002381858861608
-0.007263508220277
-0.010601914344712
-0.013032730010905
-0.015382389917778
-0.018373081480197
-0.022156644017791
-0.025928561059270
-0.028285170572264
-0.028004811589730
-0.024522781443138
-0.017952028366879
-0.008950505316816
0.001345519660359
0.011507300117555
0.020182944035659
0.026449953993043
0.030018341967870
0.031099820656306
0.030170919081268
0.027972159126492
0.025304396321926
0.022610595671186
0.020019156852259
0.017683270784397
0.015866825924467
0.014797889314363
0.014556542627775
0.015016867034986
0.015697347682272
0.015824801578249
0.014791228142403
0.012445187857035
0.009038569521189
0.005151533658178
0.001521942305851
-0.001244301385191
-0.002733237517213
-0.002570332723117
-0.000413355550129
0.003718582115150
0.008977397441951
0.013774800280200
0.016679647477691
0.017290668358888
0.016202816436916
0.014305742204399
0.012386886161816
0.011094350449854
0.010642666433913
0.010603234841302
0.010410930062046
0.010072575890438
0.010227314073236
0.011678089766076
0.014897032346144
0.019780379191349
0.025816963644038
0.032415354532772
0.039097205382633
0.045436453496770
0.050633106448857
0.053389863085466
0.052635201099171
0.048137937361245
0.040316446376459
0.029956554873324
0.018194092048348
0.006347370625237
-0.004372389974452
-0.013152855761369
-0.019726348343613
-0.024037716479419
-0.026037093830951
-0.025989587195385
-0.024459788425574
-0.021878229651421
-0.018429582360438
-0.014256816630529
-0.009541526764594
-0.004520065495072
0.000412833052189
0.004785949266978
0.008218471691521
0.010344872663734
0.010898212545364
0.010047345344358
0.008346644364424
0.006450350160576
0.005065402466664
0.004734624370911
0.005378829597700
0.006311754731803
0.006771739461886
0.006329722321526
0.005026347475193
0.003371210920672
0.002072952028019
0.001692282040135
0.002598921717165
0.005012785685382
0.008708095437752
0.012602356756563
0.014952480949140
0.014365265712054
0.010787541653802
0.005409914990213
-0.000263782593679
-0.005014672985865
-0.008112175845854
-0.009511983049078
-0.009754574891424
-0.009653507260473
-0.010135204905034
-0.011903382116302
-0.014881837414787
-0.018284965530621
-0.021359123220067
-0.023885884027733
-0.026120044001745
-0.028352152476026
-0.030628722615124
-0.032965144373577
-0.035456829468280
-0.038011385454116
-0.040202226824965
-0.041521640702288
-0.041737878368208
-0.040821879097854
-0.038743912975038
-0.035741127048414
-0.032538267064888
-0.030028747709943
-0.028698956742803
-0.028276858829453
-0.028050322771066
-0.027488614466467
-0.026425058973634
-0.024866198399624
-0.022805652977848
-0.020197773303643
-0.017147568810635
-0.014094597771255
-0.011635220209992
-0.010087603562960
-0.009213491040782
-0.008241502953748
-0.006117509163833
-0.001960969140838
0.004396595536595
0.012228243829471
0.020216380438619
0.026853423857871
0.030869901652119
0.031673844060636
0.029374547478334
0.024480057785936
0.017818884012328
0.010446017510173
0.003153102500141
-0.003626720355124
-0.009291272900604
-0.013114148667364
-0.014890634434005
-0.015142808007876
-0.014855762903405
-0.015075396595619
-0.016399014390523
-0.018697422361342
-0.021406436315857
-0.024080389150269
-0.026617084519599
-0.029082077679460
-0.031412698625259
-0.033128948448601
-0.033405892302052
-0.031688642116864
-0.028103913908477
-0.023282459833988
-0.018072385841849
-0.013201989852310
-0.008856271134935
-0.004652923406306
-0.000102295336410
0.005008526441133
0.010497587354083
0.015688746209995
0.019544136432767
0.021217133491364
0.020457701158349
0.017571103342983
0.013333258232614
0.008851649613436
0.005156340474676
0.002895953820142
0.002320514102240
0.003402383788524
0.006066316325727
0.010199792566695
0.015378049498343
0.020813402143826
0.025575733216566
0.028923553238849
0.030632889631822
0.030859667624337
0.029692861645139
0.027093578093095
0.023160785243368
0.018313496299640
0.013369551758467
0.009450816797565
0.007482702254880
0.007695263058870
0.009705408620411
0.012794755120591
0.016006755167903
0.018380351015524
0.019201488735351
0.017980423282396
0.014512705624965
0.009084618036267
0.002412775909599
-0.004612895759452
-0.011287154482704
-0.017406180498501
-0.022968556301906
-0.027585342128386
-0.030441097621486
-0.030736139610985
-0.028222277717510
-0.023501375295843
-0.017838930242670
-0.012558544985309
-0.008439454968314
-0.005693775636665
-0.004354905662923
-0.004440521988955
-0.005861793841594
-0.008291178605209
-0.010983674358610
-0.012850980179555
-0.013026525643716
-0.011265752995999
-0.007836060948380
-0.003390587286539
0.001212228259512
0.005297008776540
0.008564900142450
0.010973657908992
0.012534064841151
0.013166810238321
0.012738226514175
0.011236228377642
0.008777417873957
0.005560655650487
0.002173470889037
-0.000303379269559
-0.000920384189284
0.000678801777800
0.004553026075509
0.010710958669189
0.018956506869328
0.028959136965015
0.040376121375089
0.052423254335315
0.063509438052208
0.071740762015066
0.075802438817447
0.075441039170281
0.071472518560761
0.065370616819138
0.058700160314654
0.052822256341268
0.048717686571737
0.046685997382289
0.046250975432166
0.046584175398535
0.047015029611874
0.047157437412697
0.046783641501212
0.045640832788715
0.043403885609226
0.039784391708458
0.034674804016301
0.028314214033504
0.021211652492600
0.013970769215755
0.007289756968253
0.001636917895573
-0.003254500115660
-0.008236375993191
-0.014103113202451
-0.021122823249936
-0.028800466654130
-0.035867192483747
-0.040829027159697
-0.042827540491359
-0.042005355071035
-0.039108189468389
-0.034723093911724
-0.028854641140308
-0.021235426286176
-0.011971508602089
-0.001804863806191
0.008191403718041
0.016941822263500
0.023595253313133
0.027885108018472
0.030107664563207
0.030591706161111
0.029326429196782
0.026077569182378
0.020835863947143
0.013990123441392
0.006071259293728
-0.002409798900366
-0.011035970467543
-0.019436266263694
-0.026942596833868
-0.032609304406434
-0.035899413571819
-0.037263784422765
-0.037979240739580
-0.039347811701922
-0.041872877377981
-0.045124215613950
-0.048363315435947
-0.051117350963625
-0.053227933101309
-0.054760568129238
-0.055826458980739
-0.056260910009101
-0.055638432702646
-0.053644948992549
-0.050379289509019
-0.046422962903101
-0.042573339690545
-0.039375680860690
-0.036848112580869
-0.034581791531590
-0.032153409375979
-0.029382879456044
-0.026224155563656
-0.022878884128393
-0.019982054848529
-0.018169446684310
-0.017675216688701
-0.018493007171131
-0.020315349941480
-0.022303693945553
-0.023446245172365
-0.023145205256369
-0.021456718702274
-0.018952769242695
-0.016271902171053
-0.013666812360408
-0.011062189159186
-0.008606451570735
-0.006943014831363
-0.006786996981522
-0.008177056572066
-0.010013000289781
-0.010566614339504
-0.008785155159922
-0.004982273073913
-0.000218656166658
0.004542446567669
0.008527549200578
0.011002613904389
0.011538959429023
0.010402366643850
0.008394307882753
0.006260935659601
0.004525663232426
0.003793151912189
0.004813201449645
0.008150668151228
0.013863650747329
0.021493821296857
0.030221614739087
0.038856595048743
0.045862504544152
0.049913515466571
0.050559681774119
0.048138467760102
0.043332482934428
0.037165361901463
0.030921102290622
0.025507628459045
0.021160318249032
0.017824286364665
0.015367326873210
0.013526470319469
0.011934498059798
0.010092448460086
0.007422041371928
0.003729238210072
-0.000343350255364
-0.003685605008027
-0.005612317435360
-0.006181300756759
-0.005752776081390
-0.004557929761563
-0.002709713349753
-0.000304320251735
0.002633772731482
0.006173775602284
0.010432511994930
0.015428560257542
0.020766003102654
0.025595153149409
0.029227598906591
0.031729069565875
0.033709563435260
0.035621631541972
0.037194542379757
0.037430558066901
0.035300190967894
0.030420902228019
0.023105980860235
0.014151189122953
0.004773307022450
-0.003503163606255
-0.009331497543544
-0.012202052244196
-0.012787293235204
-0.012560424511731
-0.012853987108150
-0.014344384200738
-0.017227539030725
-0.021393452611249
-0.026490106380557
-0.031980915164638
-0.037168790622993
-0.041302498090999
-0.043541349492930
-0.042963153234367
-0.039121073522075
-0.032484853858845
-0.024038481811652
-0.014849869744357
-0.006295608222033
0.000117022077529
0.003791238176637
0.005379296124586
0.005827170262125
0.005509312972372
0.004105198542045
0.000765230575751
-0.005377028360209
-0.014291492574467
-0.024512947918112
-0.033733520663843
-0.040196517952253
-0.043486767564899
-0.044137190202934
-0.043161409432463
-0.041956794680906
-0.041792903798281
-0.043109696633412
-0.045565878456773
-0.048659777367934
-0.052152660767943
-0.055986643550011
-0.059817601295611
-0.062752824380287
-0.063768820611635
-0.062369390598636
-0.058797485055860
-0.053701760435195
-0.047637896849624
-0.040706484389242
-0.032464238829219
-0.022393182675202
-0.010687402892256
0.001598424341566
0.013205145908128
0.023146053155472
0.030614996611460
0.034950292210584
0.035852775776278
0.033599691345330
0.029060754784036
0.023277930186949
0.017035132322985
0.011029316232704
0.006050714776924
0.002634312670477
0.000824666033469
0.000400725847333
0.001180909507799
0.003207486537150
0.006701757303951
0.011651946794720
0.017404187560682
0.022959469480694
0.027744000733851
0.031803292142144
0.035316406097703
0.038226349804908
0.040390684245988
0.041907040660734
0.042960582419320
0.043407864492600
0.042940748356829
0.041533596362289
0.039299466405871
0.036161436979425
0.032107334607007
0.027590653474010
0.023471645195242
0.020601342069299
0.019321302034924
0.019279110839526
0.019685081926276
0.019563914276629
0.018100790603749
0.015425380213147
0.012850237246836
0.011800723467413
0.012754663687487
0.015164746212245
0.017696821821865
0.018805520108854
0.017842180416901
0.015360329334466
0.012153276602710
0.008546478618687
0.004653472924890
0.000701873939106
-0.003094531409967
-0.006529423968889
-0.009095778695653
-0.010150392962412
-0.009492560296206
-0.007494437081159
-0.004714726737980
-0.001573902680527
0.001672355979457
0.004934655782354
0.008213753759989
0.011225218999627
0.013304524355537
0.013842894847701
0.012523207276318
0.009234383523272
0.004226032381491
-0.001586241133677
-0.006696596666175
-0.009453695813554
-0.008626234390998
-0.003982920836062
0.003512419663920
0.012083149425083
0.019711826398525
0.024767439569429
0.026641078175929
0.025811092061505
0.023167151206300
0.019411010284763
0.014998255542326
0.010097159143397
0.004492062994792
-0.001990721583757
-0.008839552733275
-0.014768098534328
-0.018234318129399
-0.018320313841488
-0.015352301182558
-0.010394983583506
-0.004370906677183
0.001901093891639
0.007696922164821
0.013070831031701
0.018570088892208
0.023846127585367
0.027461638403002
0.028129498084717
0.025464566110058
0.020125807147252
0.013677855776240
0.007557981807795
0.002247747735983
-0.002326991081833
-0.006230149962378
-0.009302996834811
-0.011156156571775
-0.011530658837086
-0.010581262547524
-0.008662627918725
-0.006202336604271
-0.003901368388409
-0.002374024759239
-0.001428320534973
-0.000331737429718
0.001444693082490
0.004113877545857
0.007530592335307
0.011066807609650
0.014031274865132
0.016098475400242
0.017154393757799
0.017174289384432
0.016378361476587
0.015161510773922
0.013924715987156
0.013042735378470
0.012623776979438
0.012200603995707
0.010864055256498
0.007809143913254
0.002938043881889
-0.003030449643663
-0.009241450000827
-0.015309085352150
-0.021010734161530
-0.025896193920586
-0.029536822158803
-0.031614820266961
-0.031645011872647
-0.029132876134361
-0.024083798591415
-0.017171242498167
-0.009556994856028
-0.002748645409660
0.001723096072644
0.003120089844386
0.002045023025132
-0.000171266776503
-0.002661936510480
-0.005432344468910
-0.008813558853492
-0.012844394959826
-0.016950653993341
-0.019996195870031
-0.020909494536153
-0.019398663803018
-0.015984086378232
-0.011593438731795
-0.007289677195539
-0.003922261027052
-0.001772851679226
-0.000731107434632
-0.000676494898040
-0.001590200574148
-0.003647604479752
-0.007259682315758
-0.012687599455840
-0.019621056615031
-0.027423419833803
-0.035455507196426
-0.042537397213222
-0.046666684115025
-0.046170502156841
-0.040749126385856
-0.031147998142626
-0.018678884629764
-0.005313831420720
0.006754685770959
0.016270306549522
0.023087495187789
0.027099947232453
0.027770525019446
0.024657509157421
0.017879546001607
0.008426285998842
-0.001540275570099
-0.009110456208834
-0.011996944266760
-0.009590857193998
-0.002818625056478
0.006519719358723
0.016405794322771
0.025221892393585
0.031869342690762
0.035572545344225
0.036112340983154
0.034004791870917
0.029982810815877
0.024568697617315
0.018305569394885
0.011999643770593
0.006486662276041
0.002182970991968
-0.000996369713339
-0.003344958114905
-0.005235904772054
-0.006966778788407
-0.008337333400082
-0.008518672781221
-0.006636563458511
-0.002696503211648
0.002256987453130
0.006997131873967
0.010617579260986
0.012299132294796
0.011621534402717
0.009242618483803
0.006468197795791
0.004302319542796
0.003286026703130
0.003656957014605
0.005423674949631
0.008415321911948
0.012069998412185
0.015401470097970
0.017438278105496
0.017452999363794
0.014892827947222
0.009755375952875
0.002989728061705
-0.004232690918679
-0.011417190958652
-0.018224975850229
-0.023726633701105
-0.026963443561755
-0.027776993721507
-0.026728077134033
-0.024564694898459
-0.021861023855978
-0.018948959936047
-0.016137955634843
-0.013846577925902
-0.012359280443557
-0.011573445301093
-0.011048375683219
-0.010393803242011
-0.009661791087032
-0.009256497730308
-0.009617699556551
-0.010923491265169
-0.012853502907449
-0.014776614937342
-0.016172356079464
-0.016839735318877
-0.016839112589863
-0.016238792044325
-0.014921661183909
-0.012671701584589
-0.009478829028630
-0.005715480738023
-0.001990536572050
0.001150559408316
0.003678092833512
0.006198921848176
0.009108283401588
0.011871330314585
0.013562929289682
0.013739265129726
0.012665945529569
0.011130108908889
0.010202467695187
0.010809672294936
0.013195956899052
0.017079671934942
0.022256074850475
0.028322359170883
0.034101394920827
0.038201574608923
0.039955264251685
0.039510589349065
0.037295363235946
0.033638881304834
0.029031417108560
0.024348370514900
0.020402033444244
0.017600060889161
0.016022081536446
0.015362155585353
0.014947649625504
0.014102799554302
0.012395539434531
0.009837445512222
0.007406407590440
0.006973467914010
0.009918902091367
0.015824034209989
0.022598381241709
0.027664058486448
0.029293370578602
0.027324199916602
0.022893992216718
0.017553808917932
0.012354015090478
0.007542114016111
0.003045540467973
-0.001014464514221
-0.004344104237607
-0.006669382489659
-0.007772191319712
-0.007635427049832
-0.006665026286001
-0.005491851052899
-0.004459016196257
-0.003526084501362
-0.002727717143838
-0.002484409464647
-0.003304609526380
-0.005155872126047
-0.007286364307829
-0.008911501928954
-0.009842826387418
-0.010284735671412
-0.010537684540468
-0.011166580223965
-0.013085793352200
-0.017078524689325
-0.022935012166107
-0.028945340853358
-0.032659206082131
-0.032627761078439
-0.029421602993009
-0.025049073948996
-0.021608527371096
-0.020289241707231
-0.021182887016414
-0.023612799946926
-0.026453813191692
-0.028425787481684
-0.028521479465994
-0.026378067651022
-0.022344651838851
-0.017194311300526
-0.011746423101590
-0.006805594446759
-0.003307838486536
-0.002168196006267
-0.003673216528660
-0.006985202498782
-0.010505676797658
-0.012789126904961
-0.013111693228731
-0.011552456497556
-0.008912702371907
-0.006520136772958
-0.005498902701459
-0.005801446031777
-0.006408759723296
-0.006582020062369
-0.006335272627240
-0.005850839288524
-0.005202440190679
-0.004624463252517
-0.004408474508073
-0.004633435871166
-0.005439636119027
-0.007080014885851
-0.009227009679985
-0.010882085639175
-0.011527473465692
-0.011726662273483
-0.012127022913114
-0.012717570958871
-0.013504822598843
-0.015007617187055
-0.017581022082439
-0.020818669630701
-0.023885816563777
-0.026026326791671
-0.026722228092792
-0.025786387737434
-0.023492093704918
-0.020553112383690
-0.017782918796589
-0.015669539285307
-0.014259326392063
-0.013249812667763
-0.012042820865545
-0.009847512916658
-0.006075522831853
-0.000838719591988
0.004942160816927
0.009880996660435
0.012628597902503
0.012270439658897
0.008681571267151
0.002827083831732
-0.003490865266644
-0.008311859544652
-0.010021255740178
-0.007732778657476
-0.001647578551728
0.006774163488506
0.015146095078655
0.021153108870973
0.023475057918396
0.021979403483188
0.017483956331234
0.011480001575708
0.005720749489597
0.001557547025966
-0.000428664435643
-0.000154574770574
0.002098802161754
0.005499042983660
0.008972867620033
0.011659510345273
0.012740092563219
0.011406073254482
0.007633615988973
0.002714136854718
-0.001398075125639
-0.003198768077286
-0.002298878583256
0.000589745565678
0.004406463968448
0.008474308987813
0.012423273248030
0.015902960843396
0.018636714769422
0.020517844014781
0.021554136454640
0.021645499632169
0.020419779412867
0.017496516168112
0.012890051612991
0.007009410634518
0.000415050337919
-0.006210990741605
-0.012041210876294
-0.016526837852299
-0.019688903926912
-0.021516639122000
-0.021649779440439
-0.020049689934132
-0.017204855778154
-0.013455575374372
-0.008629015865913
-0.002445913555410
0.004964937843515
0.013063928891221
0.021075129214612
0.027975168971769
0.032643416691891
0.034280072888235
0.032686775880646
0.028231322213326
0.021896475264330
0.015303817044225
0.010086565336868
0.007215491966207
0.006898388721170
0.008597483714893
0.011239780957894
0.013704336117784
0.015159493836682
0.015321362679292
0.014576338632271
0.013696394634327
0.013597095216742
0.015142379763690
0.018375999699357
0.021997000430149
0.024101373246535
0.023348773250476
0.019522554574495
0.013496415818467
0.006749875165870
0.000554490503474
-0.004468034960488
-0.008034497506401
-0.009914437868549
-0.010023429312832
-0.008433235202383
-0.005434327265372
-0.001719049379272
0.001746268363257
0.004030729815784
0.004420922904399
0.002529058280189
-0.001551994751286
-0.007066739152361
-0.012660102324729
-0.016867547834528
-0.018763409796577
-0.018264701685974
-0.016038422403637
-0.013162455508552
-0.010479317801560
-0.008426603368174
-0.007627056926675
-0.008681262771887
-0.011275116134341
-0.014404830495518
-0.017168757400797
-0.018757201622234
-0.018418194489239
-0.016228942018473
-0.013478697192316
-0.011753698223295
-0.011928042457624
-0.013949554115444
-0.016914019286807
-0.019316916470779
-0.019678970458521
-0.017267292904224
-0.012363545800840
-0.005753437425540
0.001807931859584
0.009326996001262
0.015266801090851
0.018113339617807
0.017237289664744
0.013227608875438
0.007669803585924
0.002513286876770
-0.000794412336086
-0.001802352612017
-0.000837955713027
0.001454399953370
0.004530992951738
0.008276265122178
0.012741184975652
0.017572547058108
0.022026461619740
0.025313737154923
0.026783961955377
0.026096973407941
0.023381157018745
0.019041991476684
0.013241200988766
0.005921159072960
-0.002384128913003
-0.010136307692801
-0.015489224142192
-0.017396807123228
-0.015965094575218
-0.011941534894003
-0.006410668894878
-0.000844274818016
0.003441351723568
0.006082593549479
0.007547806607782
0.008524976647024
0.009563540404932
0.010711476552600
0.011467227972917
0.011244408759431
0.009661132731230
0.006601437107408
0.002270621916207
-0.002856211988350
-0.008133698778266
-0.012869500711149
-0.016294979461883
-0.017532101127480
-0.016190678077108
-0.012972742507962
-0.009208891188555
-0.005894447388743
-0.003291902983298
-0.001286573470867
0.000063788952801
0.000480093922623
-0.000231950763348
-0.002048555378677
-0.004700487663231
-0.007691665438230
-0.010570793378777
-0.013153688725548
-0.015258009507265
-0.016468535446071
-0.016428766103432
-0.015144125441574
-0.012986844896646
-0.010522070106620
-0.008297544064415
-0.006881459502773
-0.006894186484126
-0.008526930926991
-0.011105728014186
-0.013658026291629
-0.015865481954478
-0.017958755791070
-0.019815918057409
-0.020760883438309
-0.020183244190730
-0.017863336170006
-0.013846726549943
-0.008334129388078
-0.001705983554685
0.005166164603177
0.010730785427570
0.013335516424321
0.012151991418114
0.007528281067563
0.000630502978723
-0.007071757110278
-0.014268756604465
-0.020185760768188
-0.024530227623585
-0.027211730610744
-0.028350833534646
-0.028260044955173
-0.026916332028420
-0.023583916301387
-0.017622376564503
-0.009779973183691
-0.002030719969750
0.003994141515817
0.007930665151516
0.010240349924639
0.011499566361105
0.012093511926174
0.012139428446151
0.011666173076855
0.010777364316661
0.009438847035495
0.007647498592264
0.006067661059026
0.005876971167436
0.007843937920039
0.011889688350166
0.017379718405317
0.023354386315925
0.028609275840986
0.032212461693926
0.033992134745433
0.034201647791196
0.032846781099826
0.029502928957529
0.023714454054873
0.015595877722508
0.006140503263739
-0.003044284500134
-0.010392155034397
-0.015031191068113
-0.017002104121592
-0.016841755412167
-0.015060221606623
-0.012013916901469
-0.007969304992414
-0.003198015183986
0.001866905715686
0.006624709816276
0.010510128631200
0.013084892098852
0.013898392599036
0.012533690973969
0.009066581628671
0.004297415967631
-0.000670149494813
-0.004938853101249
-0.008005013034654
-0.009624107009378
-0.009480713921047
-0.007128378073725
-0.002384378632700
0.004155651910609
0.010998302735074
0.016291980458504
0.018548991973967
0.017108877010031
0.012442997565155
0.006224388382574
0.000882126748079
-0.001406425646089
0.000237109571528
0.005191211337740
0.011999346917304
0.019128239802453
0.025517584188779
0.030727923975630
0.034548451131328
0.036759176520197
0.037341522495678
0.036504221611827
0.034399966745743
0.031000922818181
0.026320406600062
0.020644212299846
0.014514223142492
0.008553773911067
0.003298565449548
-0.000798312575539
-0.003597347069014
-0.005739093901821
-0.008207230033221
-0.011234296297059
-0.014049209518076
-0.015500686502530
-0.014694705878536
-0.011479468255811
-0.006715878714224
-0.001755936352471
0.002543266950194
0.005895298400374
0.007992794439430
0.008591355242371
0.007888899739306
0.006444140785312
0.005071149922822
0.004733096970676
0.006119286673482
0.009330454338567
0.014000282754612
0.019565610221661
0.025197203217546
0.029483232876218
0.030682121566367
0.027644268740375
0.020619010441424
0.011371979788557
0.002364077026418
-0.004506308365949
-0.008519342795157
-0.009892588549203
-0.009266421747868
-0.007405481770936
-0.005186275468780
-0.003450228232270
-0.002714200661381
-0.003268947339205
-0.005415982150624
-0.009223982660735
-0.014193399419491
-0.019408302554593
-0.023872710548574
-0.026694237212772
-0.027224163437966
-0.025230125910127
-0.021094785794536
-0.015867005189234
-0.010872855029399
-0.007107115326494
-0.004853580600133
-0.003613605415355
-0.002517685479867
-0.001102889868536
0.000382285414330
0.001408037885583
0.001639853090921
0.000981119813750
-0.000614856971869
-0.003017827361987
-0.005538215206509
-0.007189868142366
-0.007516147288680
-0.006834215007605
-0.005757412655501
-0.004665448246878
-0.003574813721967
-0.002477864919433
-0.001695990465923
-0.001860858385287
-0.003525154634347
-0.006713744946109
-0.010947611492829
-0.015485274279042
-0.019339061136902
-0.021591586969946
-0.021763645881559
-0.019500791213487
-0.014551776622955
-0.007496070030127
0.000185871376484
0.006942559545862
0.011709374282301
0.013826896570512
0.012852656158357
0.008800764450729
0.002626035850702
-0.003866784286101
-0.008897518765416
-0.011630623942931
-0.012436239062023
-0.012264569812047
-0.011749607364423
-0.011006341496700
-0.009854866579229
-0.007929558786418
-0.004900217320298
-0.000688190539658
0.004509921287390
0.010201713302273
0.015568347380898
0.019533389550932
0.021093119404299
0.019847278741756
0.016058469533074
0.010101521510791
0.002308411957807
-0.006572941188557
-0.015117750687671
-0.021521256311203
-0.024546989997473
-0.024352749488962
-0.022016958916704
-0.018508232785977
-0.014287556870327
-0.009552186753405
-0.004868834139744
-0.001386808946103
-0.000129175680533
-0.001249997624264
-0.004062173986512
-0.007586948517385
-0.010866616644470
-0.012877910507934
-0.012624175709943
-0.009608977678837
-0.004254983038898
0.002176763935025
0.008137252192378
0.012332933188330
0.013868632798338
0.012211050950059
0.007473321544905
0.000834299376807
-0.005576223194996
-0.009576055925812
-0.010111578368095
-0.007629799615199
-0.003345168369863
0.001509376565624
0.005936968958098
0.009413244684315
0.011984611948004
0.013995866225007
0.015780359934943
0.017359118395222
0.018236662965980
0.017780051528226
0.015961725811644
0.013595735441497
0.011785331431030
0.011120881379668
0.011450015859845
0.012365955218605
0.013538909200577
0.014626744525198
0.015390030737049
0.015796718363721
0.015650812459675
0.014386115566716
0.011635713266815
0.007885938544797
0.004316486798691
0.002057963422217
0.001582798374495
0.002572863884620
0.004287263333731
0.006105020526959
0.007644929250830
0.008538440822615
0.008618326463099
0.008286841766594
0.008193420704741
0.008592964006326
0.009308347135747
0.010262291095894
0.011756837448918
0.013975455793020
0.016382217973060
0.018009040744567
0.018216682433056
0.016911225347364
0.014347491609169
0.010982842373679
0.007265327816567
0.003498893206676
-0.000190229876366
-0.004117868815212
-0.009027714081712
-0.015294657058109
-0.022117405026805
-0.027747838376013
-0.030696556697377
-0.030693213603364
-0.028620231284936
-0.025826434794967
-0.023393437770974
-0.021819210930712
-0.021209962434483
-0.021422399060600
-0.022111002624894
-0.022979303326097
-0.023857915864327
-0.024571313629355
-0.024993519164850
-0.025139310421114
-0.025209403792110
-0.025626631112826
-0.026766856098350
-0.028516256026535
-0.030180473121530
-0.030876518062286
-0.030158524612194
-0.028352870258123
-0.026242008692776
-0.024577239589208
-0.023763208859635
-0.023601371786344
-0.023586073990625
-0.023551647183636
-0.023655476843969
-0.024057640283012
-0.024902917754330
-0.026178969568052
-0.027494008007041
-0.028312102168017
-0.028356937408641
-0.027452460034840
-0.024981166958956
-0.019859380904669
-0.011296482376197
0.000338454490279
0.013301911005567
0.025051375080685
0.033185037804851
0.036190695932649
0.033714912662606
0.026363464463768
0.015442822471683
0.003124655970292
-0.007764611880949
-0.015044381796150
-0.018077570013807
-0.017402254680065
-0.014238380916617
-0.010222382076476
-0.006945076695092
-0.005465266870307
-0.006112008477433
-0.008499876850671
-0.011566392251136
-0.013890797977616
-0.014386396688303
-0.012699886158356
-0.009079069647600
-0.004138959507586
0.001488459733890
0.007517803300140
0.013742246557039
0.019524188924065
0.024069129875994
0.027014712337957
0.028325855388792
0.027985885361252
0.026252936724122
0.023956572666487
0.022412948507909
0.023103411305987
0.026855025204069
0.033093700480075
0.040253914553461
0.046672096238924
0.051016162774568
0.052592975669537
0.051446056184270
0.048102776064606
0.043704792403897
0.040110644168705
0.039031647867540
0.041003154045901
0.045159438921171
0.049604684461886
0.052164177532753
0.051426845375157
0.047353506895532
0.040904143630366
0.033396037508542
0.026352218746183
0.021445747622770
0.020087918060271
0.022998058385746
0.029878590564325
0.039207060376353
0.048693387039256
0.056102288902028
0.059718539497728
0.058619603390098
0.052738055835993
0.042718306944758
0.029938560186392
0.016340569324101
0.003780303183247
-0.006531176466716
-0.014115009168222
-0.018889606836886
-0.020805401032671
-0.020044712283938
-0.017351678688310
-0.013708054297597
-0.009942284483930
-0.006779443249240
-0.004820223803835
-0.004355103445662
-0.005291995004876
-0.007345933852055
-0.010292484124767
-0.013889237205867
-0.017743287511486
-0.021289281666171
-0.023839686525596
-0.024961212091854
-0.024703806904341
-0.023435277954708
-0.021794656486267
-0.020559365764893
-0.020187779991121
-0.020600150872583
-0.021423156452479
-0.022259580028422
-0.022838152121425
-0.023172420527292
-0.023571834096121
-0.024477901021952
-0.026219491960211
-0.028745592169399
-0.031676201491845
-0.034655472499147
-0.037438122841193
-0.039514451011749
-0.039848103216480
-0.037433012483105
-0.032271789130048
-0.025574430297838
-0.019055825103069
-0.014211064522880
-0.011899542385241
-0.012222201218464
-0.014724967980367
-0.018512433337369
-0.022286893977421
-0.024820850014267
-0.025428351300951
-0.024085105436114
-0.021474795379351
-0.018573412790364
-0.015819156031376
-0.012897222360191
-0.009393871215608
-0.005411362818956
-0.001520168133002
0.001537870102825
0.003254516494257
0.003829502977818
0.003809403795377
0.003149996946866
0.001253166828623
-0.002038719717882
-0.005973391199745
-0.009411740496187
-0.011456910812346
-0.011665446146842
-0.010067674433527
-0.007165338642169
-0.003775574269919
-0.000612706521162
0.001942088479648
0.003689507040253
0.004702563024173
0.005474678166449
0.006520056772236
0.007946437798352
0.009431087101621
0.010489993391594
0.010871446715449
0.010630209060853
0.010103408357207
0.010061710721141
0.011363134047107
0.014277662970971
0.018436261935768
0.023226169216240
0.027981472289532
0.032115661009478
0.035300682461308
0.037328716819893
0.037897897990748
0.036811983732890
0.034228858377943
0.030494819206665
0.026021213978077
0.021511228172945
0.017808100228156
0.015319182802155
0.013909220088492
0.013140133596369
0.012469122256975
0.011663474111121
0.011035365164045
0.011124021296933
0.012383351929985
0.014899692598951
0.017976573409688
0.020390692016778
0.021323447073581
0.020686458398036
0.018659085984306
0.015519941905716
0.011917710469154
0.008738023760108
0.006663590586042
0.006024140907941
0.006618280565666
0.007552312133265
0.007824939691418
0.007193771644512
0.006264010089061
0.005915644514096
0.006689218741703
0.008438678095383
0.010511656163311
0.012257515550705
0.013249594454799
0.013199750254320
0.011968596963814
0.009636805878799
0.006404822545270
0.002382753482605
-0.002445059144698
-0.007931588546124
-0.013550031369436
-0.018607279035925
-0.022635411772664
-0.025653168586008
-0.028062350750502
-0.030188153715108
-0.031968656863759
-0.032977149506236
-0.032605692997847
-0.030440045929048
-0.026707811756883
-0.022451191259161
-0.019060443537430
-0.017314855222321
-0.016975402988743
-0.017346268050922
-0.017826137627718
-0.018068779059263
-0.018257495019077
-0.019081552193502
-0.021063809368229
-0.024198828596137
-0.028350494009035
-0.033605329048282
-0.039921333864047
-0.046530514529366
-0.052037594860157
-0.055035337287741
-0.054594247539871
-0.050804091297532
-0.045003402868465
-0.038986566475156
-0.034093024043067
-0.031117371079934
-0.030292579815511
-0.030950697149428
-0.031621561939016
-0.030753368107424
-0.027453501756772
-0.021870363571186
-0.015202316567014
-0.009259495747771
-0.005530295886217
-0.004371842508525
-0.004963197392551
-0.005828873156256
-0.005678650771450
-0.004027153283618
-0.001027535839808
0.002779482720291
0.006494634345812
0.009299803304069
0.010922509985670
0.011464372616053
0.011084834968667
0.010257957526238
0.009955338959972
0.010850364492761
0.012636221562566
0.014531349267807
0.015927165114603
0.016369151312726
0.015603889164753
0.014020991290467
0.012637168599792
0.012331408187780
0.013215950725708
0.014812178699969
0.016606449859576
0.018038945196198
0.018212913397083
0.016495949923220
0.013393565881963
0.010275579780601
0.008480516075230
0.008892224620921
0.011692829215199
0.016019314032416
0.020309122073445
0.023292981007653
0.024471694042487
0.023921262992962
0.022105499208982
0.019780812814810
0.017727025798864
0.016413165077263
0.015894773469312
0.015910490227976
0.016011044477070
0.015675537120823
0.014443402285774
0.012192470225176
0.009367592202600
0.006687474224008
0.004597468529863
0.003165936337404
0.002408841015645
0.002529238615685
0.003800036998928
0.006259041150400
0.009556282608978
0.013134248519977
0.016542201009982
0.019553766854946
0.022109761087835
0.024099086413065
0.025118633569152
0.024671867900181
0.022524038196126
0.018680418399225
0.013279120866750
0.006760963428248
-0.000004665405881
-0.006026295266801
-0.010451774393342
-0.012636635796142
-0.012620338632128
-0.011356772339809
-0.009941351046733
-0.008811124637979
-0.007827691778660
-0.006748390389926
-0.005373327045744
-0.003631874262143
-0.001859841221017
-0.000681132065047
-0.000485180804181
-0.001323773017331
-0.003181688508524
-0.005829210782431
-0.008513488695846
-0.010341258792500
-0.011014879593863
-0.010820626064337
-0.009911837489060
-0.008241852156901
-0.006221239897097
-0.004511166484257
-0.003256266233719
-0.002403738378217
-0.002345261775890
-0.003499035645080
-0.005638339080826
-0.007987798942911
-0.009725669085435
-0.010367444452833
-0.010020936718158
-0.009312732953647
-0.008918338961753
-0.009200117766128
-0.010084385802001
-0.011175933884815
-0.012243212857117
-0.013430119273339
-0.014773495829313
-0.015900484132474
-0.016476653417804
-0.016591127485114
-0.016518561637104
-0.016530790190850
-0.016973520336694
-0.018040831149718
-0.019499369975164
-0.020888515033843
-0.021885503249452
-0.022359380081830
-0.022090027846379
-0.020644143836778
-0.017753486790253
-0.013688968324527
-0.009272471678191
-0.005780995539775
-0.004518626926404
-0.005989670956026
-0.009626188879999
-0.014184141602374
-0.018018726300336
-0.019615385678779
-0.018532552555375
-0.015512525256100
-0.011588761324463
-0.007516947931101
-0.003873203518437
-0.001035679828879
0.000987512791810
0.002447486190937
0.003584059435088
0.004463200637854
0.005041018486342
0.005359640274642
0.005548317253502
0.005565757619901
0.005146853582783
0.004138318354694
0.002629891781481
0.000783841287165
-0.001083186809032
-0.002333367038134
-0.002263476151592
-0.000650875416160
0.002064213538192
0.005238257133302
0.008386546233616
0.011069626239714
0.012979077149468
0.014240290819223
0.015238341165375
0.016130202103050
0.016772783989868
0.016980368267341
0.016575852274313
0.015406143434670
0.013603052865953
0.011755043741262
0.010662503491917
0.010882944012994
0.012517754910647
0.015311017313723
0.018756105679353
0.022122860872747
0.024646078211028
0.025851022856004
0.025492725445237
0.023270323886209
0.019122750099216
0.013646340748760
0.007796211534337
0.002398746837112
-0.001906943753462
-0.004594167101060
-0.005411882780945
-0.004562748841400
-0.002588954813807
-0.000187292898040
0.001896176786693
0.003162923900820
0.003676357803808
0.003921780869717
0.004522065595586
0.006064699703848
0.008685963419037
0.011832553723887
0.014662278003181
0.016364085010225
0.016205068960068
0.013910476377133
0.009980858680167
0.005397873781782
0.001207815583690
-0.001715612213997
-0.002839315634166
-0.002007948992735
0.000421443324037
0.003290858385363
0.004983333730748
0.004501018803100
0.001924670846001
-0.002111674775292
-0.006800858054374
-0.011322202910218
-0.015263839843313
-0.018697887535249
-0.021662985544779
-0.023905041078246
-0.025191945867579
-0.025672595700874
-0.025865428843375
-0.026256451459202
-0.027071760676713
-0.028467533367089
-0.030480275629590
-0.032832154480621
-0.035096952481724
-0.036886786384444
-0.037874319595634
-0.037843735771945
-0.036729899905797
-0.034511169633646
-0.031142294452802
-0.026804050546366
-0.022038399138167
-0.017375966780101
-0.013085552792750
-0.009506177431086
-0.007340463058207
-0.007324298597869
-0.009525473745845
-0.012889053579644
-0.015707558493703
-0.016853686777497
-0.016313759766693
-0.014632658943389
-0.012507702492762
-0.010724019584537
-0.009785600407628
-0.009650849220489
-0.009985181802341
-0.010250735530688
-0.009562660277874
-0.007143263709717
-0.002987567029865
0.002216708483284
0.007642786615149
0.012718298414147
0.017253454100588
0.021431496157399
0.025672090560364
0.030231429966404
0.034783031537799
0.038684319929791
0.041798995997472
0.044511377870864
0.046923484095135
0.048852830854653
0.050385579671148
0.051661790865058
0.052474702739056
0.052569997551148
0.051997853395008
0.050836596373893
0.048904908619416
0.046113676477029
0.042803244966104
0.039406349622243
0.036056382304031
0.032758819092287
0.029580967941459
0.026384086706797
0.022730958371715
0.018307618491743
0.013202648040926
0.007831314384356
0.002815662614086
-0.001204829822616
-0.003821846339280
-0.005032027991043
-0.005388083952538
-0.005929057511797
-0.007534859657939
-0.010245634715026
-0.013381350094480
-0.016051653501892
-0.017525103187834
-0.017683361939576
-0.017081095193069
-0.016282031389408
-0.015562692503985
-0.015236021563510
-0.015528092832840
-0.016205000301507
-0.016848418734241
-0.017271816925373
-0.017381346580346
-0.016833369719250
-0.015089345015224
-0.012002942230571
-0.008060148787270
-0.003772864143283
0.000455434654805
0.003731569537429
0.004986913755025
0.003965372028213
0.001260656141291
-0.002313049616148
-0.006023356279036
-0.009276924329172
-0.011609725299411
-0.012647579956692
-0.012287359579843
-0.010782184745380
-0.008427535812564
-0.005405590238023
-0.001827965592735
0.002320985082739
0.006892103224092
0.011188387296177
0.014353833721585
0.015959278523395
0.015993548209972
0.014817608727105
0.013177249962381
0.011755511415102
0.010765215090666
0.010078991687013
0.009580931485249
0.009420175095709
0.009948468439080
0.011465064882612
0.014093403389636
0.017594868459752
0.021182017382170
0.023881015553229
0.025010595795406
0.024069758405704
0.020764764662074
0.015621674090062
0.010036735409671
0.005346651950448
0.002063705941899
0.000044367571291
-0.000964620386222
-0.001215294145786
-0.001109024323175
-0.001046836909047
-0.001055619322211
-0.000677974879585
0.000493645211268
0.002153242357191
0.003492477857300
0.003890870250896
0.003069104502665
0.000937595522503
-0.002417651323802
-0.006768113354627
-0.011655558144247
-0.016080828430497
-0.018609002007106
-0.018120414552918
-0.014436116145317
-0.008385705382398
-0.001429865179051
0.004946398263083
0.009497376704079
0.011254334160856
0.010060362319256
0.006964382725081
0.003590958184049
0.001219826482884
0.000449997331055
0.001194325611287
0.002670208316431
0.003713210425447
0.003349662154986
0.001006898006397
-0.003464629174371
-0.009503027201560
-0.015706923030458
-0.020263540799570
-0.021575877272652
-0.018763807943053
-0.012014603786007
-0.002750445757642
0.006527419312925
0.013054218115111
0.014998643020751
0.011975950596538
0.004736464285166
-0.005055885831338
-0.014870899429869
-0.022061220143881
-0.025112606203561
-0.023910170868375
-0.018916439473224
-0.010777263968582
-0.000662181917716
0.009653240351337
0.018222859416226
0.023452730550688
0.024546644902742
0.021800151609870
0.016553008538031
0.010700204584845
0.005852207754916
0.002797630602018
0.001601322048932
0.001672578185310
0.001963854226207
0.001766172482354
0.001122819311400
0.000311460996728
-0.000684064497755
-0.002043589938894
-0.003767295798220
-0.005651778423390
-0.007424845655549
-0.008976578054586
-0.010544688649992
-0.012348400769373
-0.014091762050374
-0.015154886204261
-0.015151143796965
-0.014068019531923
-0.012129678708502
-0.009935145345909
-0.008554600668907
-0.008950716643128
-0.011075104898998
-0.013881296215498
-0.016337814478288
-0.017780905143396
-0.017434235199047
-0.014538837677100
-0.008936728167341
-0.001289687005637
0.006785483056761
0.012848002250266
0.014790168777831
0.012164198702675
0.006155937284280
-0.001314125117637
-0.008120503181604
-0.012318279741849
-0.012913917484084
-0.010321199511893
-0.005850971369963
-0.000954489708201
0.003002446872249
0.004803377947210
0.003756110355055
0.000080867542994
-0.005132617925128
-0.010396262903986
-0.014346581441096
-0.016161551236466
-0.015868274511310
-0.014141072110219
-0.011691549581108
-0.009031539764435
-0.006631516468870
-0.004899444967755
-0.003972358232372
-0.003610638078276
-0.003254132112901
-0.002390155720756
-0.001049983201483
0.000289610840437
0.001222165796207
0.001534153608482
0.001214090407344
0.000758946450028
0.001150649838534
0.003178683554988
0.006848050623763
0.011506616803311
0.016310569751008
0.020452414856047
0.023191903719163
0.023982010276762
0.022752815791270
0.019959188523982
0.016258064942853
0.012326750536134
0.008977948091948
0.007021859572450
0.006646819921028
0.007227569545398
0.007946755302750
0.008222227970953
0.007743233490622
0.006570127246471
0.005073349271641
0.003702622481901
0.002810364674000
0.002486048317629
0.002559629015939
0.002900060562140
0.003621489525888
0.004972440269803
0.007217576387680
0.010602892211172
0.015204394610041
0.020687297775626
0.026242632326388
0.030899597571673
0.033965951424702
0.035191387016067
0.034616857833797
0.032374703646036
0.028671944950451
0.023827326959751
0.018245911057886
0.012519077338813
0.007571016965042
0.004492935813724
0.003938390422141
0.005518359018626
0.007919925997905
0.009665120197320
0.009696313465551
0.007555847472164
0.003584696351557
-0.000917509112797
-0.004311662881780
-0.005748029344307
-0.005433460084196
-0.004121650480746
-0.002849731258777
-0.002657285661873
-0.004023216061977
-0.006689213342999
-0.009937596008810
-0.012877726753642
-0.014822398729080
-0.015586451347076
-0.015332386598895
-0.014464634652732
-0.013777476347561
-0.014148890469878
-0.015784613093334
-0.017946442110136
-0.019487983980789
-0.019440183824902
-0.017313756194721
-0.013483875570690
-0.009352210601263
-0.006798626638051
-0.007096486059315
-0.010044256876436
-0.014293577487288
-0.018434100691870
-0.021421606653188
-0.022470075602498
-0.021209663235657
-0.017891070473218
-0.013243422575367
-0.008223034142765
-0.004038480153711
-0.002167682245179
-0.003727327234260
-0.008581128247481
-0.015353624892919
-0.022356920397921
-0.028217025514845
-0.031874602177248
-0.032772044875317
-0.031242700383418
-0.028228156044072
-0.024455911681499
-0.020185110033179
-0.015617465073378
-0.011159825867324
-0.007367842147050
-0.004806865263395
-0.003770324133414
-0.003988306665384
-0.004800613210108
-0.005550361066726
-0.005608399460488
-0.004485654343206
-0.002282436457181
0.000319661829887
0.002654123292944
0.004457103192577
0.005657956250718
0.006105580473884
0.005692849833774
0.004463324547373
0.002415962138168
-0.000491833398029
-0.003896116147781
-0.006912354424985
-0.008848180582429
-0.009743604777821
-0.009997146275337
-0.009839227472372
-0.009381099372324
-0.008894718315404
-0.008688567594451
-0.008702719816274
-0.008486300038648
-0.007595597937991
-0.005841242806532
-0.003228297180642
0.000175940685283
0.004251653256845
0.008679423132197
0.012885892634628
0.016188999991140
0.017976626784261
0.017843224136206
0.015719454167677
0.012016669971813
0.007654418129531
0.003802008903597
0.001321797195252
0.000317782620939
0.000375426761711
0.001110312997516
0.002185032021826
0.003061616898145
0.003260378541391
0.002860941539276
0.002302363907382
0.001750467277262
0.001121154317964
0.000561905371626
0.000463381168636
0.000984776930101
0.001842033583476
0.002617864306710
0.002989013785179
0.002626534354802
0.001280232703499
-0.000807948768995
-0.002890738635387
-0.004415091974587
-0.005425701345421
-0.006147601881929
-0.006649396478255
-0.007135219206102
-0.008066104044024
-0.009448949542472
-0.010363020191061
-0.009748643277456
-0.007417619698431
-0.003956825582715
0.000001331867127
0.003904223443966
0.007012146772638
0.008589526843998
0.008234929396321
0.005929058185543
0.002032417395969
-0.002684941088844
-0.007228476285260
-0.010793452380834
-0.012871249926050
-0.013019042321300
-0.010910304912650
-0.006679373271303
-0.001242066184710
0.003900101084420
0.007621361354103
0.009688024026676
0.010198715513224
0.009341074306224
0.007711200641779
0.005961711086704
0.004322402935261
0.002901848948955
0.001887096927968
0.001342725759808
0.001145667838689
0.001024184196996
0.000864147387526
0.001068159799626
0.002123374288657
0.003832420800254
0.005462508330742
0.006407368229857
0.006264404018507
0.004777372823792
0.002142046733526
-0.001023098927702
-0.004125653284607
-0.006669132219279
-0.008082867532120
-0.008043252090616
-0.006889896184141
-0.005431944268224
-0.004432210894198
-0.004310801040424
-0.005085097663634
-0.006257537586121
-0.006734132785216
-0.005346354896682
-0.001808368697481
0.003167530547743
0.008663869547571
0.013803075355650
0.017480057397521
0.018771498796510
0.017691829145768
0.015171259776063
0.012347321775854
0.010058910447654
0.008757796665415
0.008489525157129
0.008861175177543
0.009260614048056
0.009405881874447
0.009569794826441
0.010026608715451
0.010576958500349
0.010889924627200
0.010812738299989
0.010096560017771
0.008602392006845
0.006913442689749
0.005843128406349
0.005309243224217
0.004357971408422
0.002249924455069
-0.000943871115264
-0.004687535329704
-0.008362371872180
-0.011328316094103
-0.013064869289275
-0.013508819482977
-0.013254650159331
-0.013169373241977
-0.013676523067954
-0.014541454749038
-0.015286742400460
-0.015647855450745
-0.015678140068327
-0.015614336371048
-0.015720078359633
-0.016148761114552
-0.016825309840006
-0.017408905006328
-0.017458406670884
-0.016669794477891
-0.014934357154192
-0.012342696200945
-0.009273596217546
-0.006244317082182
-0.003441839312305
-0.000663131223157
0.002234463399411
0.005109992376106
0.007499459431493
0.008616419221386
0.007788534370672
0.005067793593397
0.001321414584241
-0.002240389681801
-0.004593895849075
-0.005115893535739
-0.003734712562321
-0.001306389020360
0.000533077834871
0.000586167366507
-0.000928212460408
-0.002817495874700
-0.003959413001749
-0.003806057916962
-0.002306837180765
0.000093430760985
0.002425266355355
0.003829643553901
0.004180113821393
0.003893971504419
0.003481457008650
0.003115304545902
0.002552244387263
0.001783234203555
0.001431131578427
0.002302813327548
0.004925097468520
0.009151826980556
0.013823829108385
0.017503366276688
0.019601608776777
0.020181759904480
0.019355183102467
0.017611128575867
0.015897676015414
0.014795626142593
0.014106585322595
0.013232487321759
0.011604190366464
0.008882858031188
0.005030811153131
0.000430570858159
-0.004161794957587
-0.007968152388503
-0.010395395297955
-0.011072549233651
-0.009922209972080
-0.007250625192454
-0.003767600991952
-0.000180015860323
0.003295192395911
0.006753925454344
0.010180789267052
0.013350855415475
0.015860375929254
0.017199470307605
0.017029435753734
0.015582281483062
0.013761688244967
0.012562192264769
0.012297984428072
0.012634206168005
0.013131461298195
0.013407333687788
0.013196326260446
0.012678359383783
0.012524183857511
0.013238903401206
0.014570272718318
0.015899697029757
0.016847683148083
0.017063925936130
0.016005911758951
0.013533654462309
0.010276346031696
0.007029592230101
0.004274037115123
0.002303460750063
0.001184384261646
0.000625912183711
0.000271940252856
-0.000020742316601
-0.000258063602410
-0.000416737258289
-0.000526449316777
-0.000707775375158
-0.000941082195854
-0.000888604743069
-0.000290254398333
0.000539943301684
0.001055641095678
0.001048848798439
0.000302106947506
-0.001688909683706
-0.005010175162940
-0.008985877970784
-0.012791304083853
-0.015870885523333
-0.017722834067067
-0.017788706307821
-0.015875444638489
-0.012476835544396
-0.008454012996786
-0.004492998896294
-0.000839500007307
0.002501245412020
0.005299843969467
0.007181569148800
0.008289177453183
0.009212791942258
0.010107843872166
0.010610489256523
0.010581252090348
0.010228215096183
0.009703174371772
0.009182226006163
0.009069755849369
0.009703562229241
0.011045467215630
0.012660145034985
0.013878955033853
0.014276552949571
0.014089627927523
0.013888745404051
0.013900462718461
0.013930317366451
0.013587804201934
0.012340725961812
0.009859810128102
0.006420317290224
0.002813421696286
-0.000085978742339
-0.001785592327438
-0.002173460044661
-0.001252442859758
0.000726245170894
0.003159659352216
0.005394544865406
0.007055432460765
0.008185957230487
0.009054436247075
0.009731950824801
0.010013650574925
0.009740808070125
0.009026591887347
0.008247496708158
0.007827947675187
0.007847503117510
0.007845839156736
0.007075733280960
0.005002202504028
0.001652059927778
-0.002418217816119
-0.006303903007357
-0.008973533730934
-0.009702605082717
-0.008438075223726
-0.005830912483482
-0.003023073523697
-0.001131477078233
-0.000621170357765
-0.001096826143926
-0.001668630239592
-0.001598188939622
-0.000882901190463
-0.000321968385778
-0.000837049056815
-0.002707024633844
-0.005378893317046
-0.007885733315915
-0.009529744000617
-0.010183526512648
-0.010238875350099
-0.010546239558058
-0.011947454761206
-0.014668274325442
-0.018322687171427
-0.022117870202345
-0.024909640716415
-0.025694354285817
-0.024437373231007
-0.022201277854719
-0.020370914766083
-0.019748311489283
-0.020131724818525
-0.020640891421663
-0.020422342526708
-0.019113010347928
-0.017011002294335
-0.014920510638874
-0.013513937505201
-0.012734578673153
-0.012081455906426
-0.011251000898022
-0.009994225237970
-0.008035916781342
-0.005764918840053
-0.004232749811711
-0.004134326352936
-0.005185004396217
-0.006494878058141
-0.007352383201577
-0.007618328466783
-0.007609412493195
-0.007752220976312
-0.008212079828704
-0.008770038003797
-0.009013776378265
-0.008615723360767
-0.007494147336225
-0.005849560221524
-0.004080765987706
-0.002530749012898
-0.001321992162020
-0.000413972197601
0.000314924487453
0.000877736163892
0.001014547686730
0.000418138274755
-0.000920442144046
-0.002703706835529
-0.004571074496550
-0.006210121835662
-0.007351212868344
-0.007845245456218
-0.007699650209617
-0.007060577853731
-0.006226600759005
-0.005555325629899
-0.005164045663192
-0.004752146802112
-0.003890824375922
-0.002429591529763
-0.000610554718741
0.001112695563871
0.002305865867177
0.002575512468288
0.001686586498290
-0.000137115946191
-0.002228852142454
-0.003901345987081
-0.004893553543907
-0.005414915415098
-0.005819421891712
-0.006264216436141
-0.006567728151491
-0.006435138874622
-0.005767595564424
-0.004594503006861
-0.002854992615773
-0.000505556102930
0.002137506644621
0.004383356898658
0.005629150550672
0.005763944371201
0.005174767175389
0.004517193252942
0.004367016367210
0.004962915542151
0.006266757251112
0.008097263357806
0.010227393383971
0.012517597720418
0.014846838746456
0.016908146362474
0.018297932704089
0.018833257131570
0.018648353951943
0.018104867288066
0.017716393464172
0.017920881791999
0.018750792725397
0.019669287242948
0.019804027243873
0.018594282802310
0.016174050355620
0.013066341942760
0.009796308614946
0.006866605711468
0.004752353183218
0.003699285630540
0.003616172772154
0.004159628276874
0.004858336730402
0.005260232076280
0.005056358113754
0.004173427034655
0.002842284839223
0.001450986954911
0.000232831961311
-0.000727619007769
-0.001193200721760
-0.000879786316832
0.000129986114340
0.001444128050915
0.002779981860825
0.004049635242862
0.005088921306131
0.005707754572695
0.006045115781394
0.006458762388627
0.007134862984295
0.008020538662635
0.008945890245261
0.009651683328038
0.009684241576905
0.008533955684574
0.006145898092068
0.003105185476821
0.000152165868385
-0.002345115738996
-0.004325140704478
-0.005775456268462
-0.006848101311405
-0.007810312870384
-0.008586556823394
-0.008660622244569
-0.007566254521232
-0.005365402081130
-0.002601481946565
0.000226720710354
0.003064498607939
0.006076313322875
0.009146638113941
0.011732892960531
0.013148700135264
0.013026901225042
0.011533699546968
0.009099497115418
0.006075376545426
0.002693861709656
-0.000736197123088
-0.003728453572649
-0.005844843067003
-0.006912758549977
-0.006920628792652
-0.005917063314326
-0.004203657806073
-0.002451640521785
-0.001272994833733
-0.000745245526489
-0.000644614929892
-0.000897390905535
-0.001591179137725
-0.002863697044227
-0.004870697400980
-0.007602911193574
-0.010681869317427
-0.013484266014547
-0.015445220335972
-0.016223745087527
-0.015754336092637
-0.014142573740759
-0.011561829977731
-0.008332852580756
-0.004891282496907
-0.001665685308820
0.000996137720943
0.002926641428047
0.004182275892499
0.005034580785286
0.005816259975860
0.006747004906055
0.008039272569881
0.009804769404622
0.011573126507423
0.012341504426970
0.011474226780682
0.009382038726035
0.007155512846018
0.005748774868100
0.005592833810739
0.006574657141925
0.007936732022145
0.008447698208940
0.007296400661893
0.004808227318248
0.002143777907741
0.000498007315163
0.000494786394017
0.002037791495920
0.004465333788193
0.006796555337324
0.008184004502478
0.008383951888400
0.007615319450221
0.005945180140657
0.003308117079108
0.000128096904723
-0.002756185513120
-0.004812621330796
-0.006043079252973
-0.006650974868608
-0.006872335495766
-0.007062450762348
-0.007574471987254
-0.008449773225463
-0.009379957625703
-0.009998318087968
-0.010126606963621
-0.009679604922985
-0.008457119993570
-0.006351122296352
-0.003714850780622
-0.001223330388361
0.000522282616027
0.001114640149239
0.000369982101833
-0.001471904368198
-0.003712643447567
-0.005625824136780
-0.006917879940869
-0.007716891943831
-0.008233717260675
-0.008673887925882
-0.009495842093197
-0.011214563963675
-0.013769461982615
-0.016610837027423
-0.019347092197030
-0.021730893637902
-0.023232921666601
-0.023379224784837
-0.022466216002505
-0.021306492542303
-0.020348645928584
-0.019577428821993
-0.019039136248725
-0.018832298063683
-0.018693184717902
-0.018079875567471
-0.016638310132891
-0.014416124092202
-0.011692509174935
-0.008797474370966
-0.006294269859830
-0.004999210314308
-0.005349826324260
-0.006947879620912
-0.008949798588738
-0.010734345208510
-0.012123840786195
-0.013150445225943
-0.013827239311147
-0.014203883523152
-0.014430492359500
-0.014559161735024
-0.014470913924580
-0.014176490063758
-0.013879657828303
-0.013558924755342
-0.012972995586537
-0.012280963288014
-0.012052434217693
-0.012484604615739
-0.013143614027584
-0.013547989694194
-0.013500110835712
-0.012773297360543
-0.011012248627952
-0.008222649895487
-0.004933850541984
-0.001508487439588
0.002237546904095
0.006408816141182
0.010626187564325
0.014450098230781
0.017713968640337
0.020398534375401
0.022571267051481
0.024504220935229
0.026503859917254
0.028489997465938
0.029897074297598
0.030064985968448
0.028741740111823
0.026238779138172
0.023167965389040
0.020080110970647
0.017297400774271
0.014913289188320
0.012823230349802
0.010840865570763
0.008913577981275
0.007209059187774
0.005872743648889
0.004799121491465
0.003902431087548
0.003406205682768
0.003483905507171
0.003894513069484
0.004315727634171
0.004730095388569
0.005294628701004
0.006029670237422
0.006708469873100
0.007024785552815
0.006850176589043
0.006307483876614
0.005602960636752
0.004828515134697
0.003921306124250
0.002777555324179
0.001453094523919
0.000236172666549
-0.000515102975968
-0.000583800746151
-0.000087026764965
0.000508103366811
0.000718156615992
0.000376587779277
-0.000323710037033
-0.001057243473344
-0.001669990435316
-0.002121172444484
-0.002231900658589
-0.001856001023140
-0.001120129132531
-0.000131618336313
0.001277039616958
0.003225528792206
0.005515509158129
0.007845573010686
0.009994408737192
0.011709035820861
0.012745565854468
0.013162418203242
0.013293157643936
0.013270023949205
0.012731751416287
0.011210215276551
0.008834670337308
0.006421086024215
0.004877022502885
0.004720095482651
0.005917949559752
0.007903192078675
0.009894986597936
0.011364818187613
0.012177319403056
0.012471787145864
0.012597179094651
0.012974187534828
0.013862778693083
0.015230108463118
0.016802706662787
0.018261708121638
0.019310628251386
0.019582405623699
0.018691661964207
0.016510306898273
0.013444424363553
0.010281955654981
0.007584896006902
0.005429438623389
0.003768433196912
0.002630164413531
0.001906786495668
0.001366561388280
0.000974237345919
0.000917276948721
0.001346661878810
0.002215615547302
0.003171158431741
0.003706198032514
0.003690523814067
0.003484629885802
0.003363098002877
0.003206059144604
0.002760751230665
0.001850035581452
0.000484330772929
-0.001043128943408
-0.002320329338473
-0.002997423259006
-0.002791938249610
-0.001636190818868
0.000156998747503
0.002055529204563
0.003501298855821
0.004011323697891
0.003469489123890
0.002255787581699
0.000884585257666
-0.000322820999589
-0.001204599849601
-0.001663126394052
-0.001745150463111
-0.001757810912853
-0.002094391833128
-0.002887446470774
-0.004039759768584
-0.005570496536130
-0.007591630166601
-0.009886645564168
-0.011889161667595
-0.013196749788412
-0.013802324309334
-0.013913083485964
-0.013869077905874
-0.014043276033714
-0.014488043260215
-0.014835151420152
-0.014804868873272
-0.014460592579473
-0.013818770661359
-0.012766306054548
-0.011354789113829
-0.009882518284542
-0.008822323536025
-0.008661982108004
-0.009709807961668
-0.011877704913873
-0.014569159136380
-0.017040638831175
-0.018808699321744
-0.019594492404380
-0.019296284651098
-0.018170726098803
-0.016668244513070
-0.015031683154173
-0.013347675626995
-0.011937912639984
-0.011268863403549
-0.011267859404709
-0.011207767583933
-0.010577448875884
-0.009477255857740
-0.008187699502048
-0.007148733472359
-0.007115776654461
-0.008611852805364
-0.011355368185485
-0.014480251984928
-0.017083896616040
-0.018568240725042
-0.018874043330862
-0.018488315821709
-0.018034819177671
-0.017855165359676
-0.018016895639245
-0.018542235765594
-0.019376892060138
-0.020268895988592
-0.021026811072153
-0.021714425867090
-0.022307431145747
-0.022409745063738
-0.021615597025632
-0.020087117456640
-0.018422047411771
-0.016991806541455
-0.015857393247792
-0.015090701508994
-0.014598651104603
-0.013819767871987
-0.012112185812065
-0.009394928718984
-0.006076086857705
-0.002533981163044
0.001009104432514
0.004189922285022
0.006335617249092
0.006919847710932
0.006177153763527
0.004853633102130
0.003477773865919
0.002338251040974
0.001865453168496
0.002332758201922
0.003304007897338
0.003993678658697
0.004091634005943
0.003840876144422
0.003513830974971
0.003133347752407
0.002638216426423
0.002012491101412
0.001058144553851
-0.000609406717766
-0.003030918932242
-0.005674670153865
-0.007944809688170
-0.009596169102055
-0.010470210143864
-0.010288148842792
-0.009052265948032
-0.007306273978609
-0.005746439360127
-0.004808686067642
-0.004732570995415
-0.005770165692585
-0.008089364745583
-0.011494572472839
-0.015392171783413
-0.018984905303807
-0.021538258247600
-0.022783091239599
-0.022985310119687
-0.022453296133524
-0.021369154758549
-0.020043882494207
-0.018783105955818
-0.017574803957387
-0.016097392418464
-0.013933400608839
-0.010859136115877
-0.007012898610321
-0.002827017305972
0.001085685593110
0.004009438915437
0.005373064015956
0.005162115743802
0.004001066248027
0.002792663848338
0.002292324521621
0.002793744197746
0.004076999522874
0.005652129288576
0.007078240672103
0.008292021619637
0.009798797493091
0.012303844693539
0.016031693047911
0.020551593754687
0.025070600779547
0.028725752221969
0.030867026162341
0.031345613009074
0.030632552707422
0.029503188201924
0.028408992495733
0.027157263064833
0.025228785503919
0.022443432038364
0.019259678651454
0.016391717771494
0.014399748261242
0.013671976986776
0.014411703590209
0.016475456480499
0.019237220656225
0.021699845452454
0.023086903490324
0.023423989677003
0.023206971568418
0.022548945706667
0.021209754918384
0.019367564656919
0.017562237426500
0.015953395829620
0.014405589347311
0.013121189332823
0.012483635212079
0.012381959438670
0.012192175532701
0.011404746741618
0.009925883753086
0.007864324665955
0.005540012544692
0.003704066393739
0.003166771165216
0.004035113021189
0.005645703601579
0.007201140444678
0.008131337148790
0.008126562597267
0.007341455702887
0.006361590181442
0.005727551851213
0.005713995684132
0.006431860792132
0.007740853918117
0.009156946935981
0.010161348297083
0.010642105276056
0.010946710411772
0.011492388109376
0.012358853069542
0.013248251353630
0.013775824476383
0.013759269780230
0.013263391305643
0.012494597555895
0.011769696883535
0.011447557252905
0.011534267143793
0.011395178281338
0.010298981880629
0.008187855736905
0.005645340428545
0.003387508998972
0.001934782084569
0.001413201009194
0.001441956916452
0.001412071462206
0.001096900223529
0.000807610328436
0.000808434681239
0.000942356203752
0.001020253805120
0.001235932480828
0.001936308517113
0.003106084679225
0.004289691735295
0.004894856501414
0.004401322228300
0.002555598519924
-0.000427764657803
-0.003906481860718
-0.006941508580758
-0.008579697498464
-0.008394585618441
-0.006621041444104
-0.003712898112079
-0.000080610061455
0.003815848448015
0.007501996295845
0.010703774062612
0.013318743246076
0.015145341972945
0.015808985356364
0.014917341712117
0.012301123636099
0.008315507862120
0.003834908041760
-0.000274261485891
-0.003642054085763
-0.006326269868326
-0.008437061415738
-0.009858158919440
-0.010236998843166
-0.009299268763618
-0.007165124214099
-0.004337213441172
-0.001460308115559
0.000944350455710
0.002631012725518
0.003550803213425
0.003626077910228
0.002703993666622
0.000742604901305
-0.001990560517951
-0.004867908799791
-0.007135428885139
-0.008299622743776
-0.008371222573926
-0.007788294073817
-0.007039169023004
-0.006272861402641
-0.005285457840356
-0.003896585096797
-0.002135831019567
-0.000130221076465
0.001998160435766
0.004354205257929
0.007252946187426
0.010672871122774
0.013896481993118
0.015789468530277
0.015412638298928
0.012451960385328
0.007321033583359
0.001143959768221
-0.004495363562715
-0.008193134274996
-0.009258416787943
-0.007744642224855
-0.004424208804375
-0.000667026181898
0.002266412244055
0.003909778923258
0.004527079352492
0.004571056880900
0.004253699172642
0.003513390639182
0.002271746590551
0.000700261431140
-0.000826631025468
-0.002097286079192
-0.003227141134035
-0.004352714664266
-0.005270313340554
-0.005475842582478
-0.004550519038563
-0.002477083653745
0.000365855382507
0.003435343142452
0.006203054448767
0.008122745152081
0.008694337602407
0.007823121162145
0.005959826869392
0.003707459281623
0.001496317877994
-0.000239181053053
-0.000988470344165
-0.000618569594496
0.000308998754153
0.000933116753934
0.000742846118196
-0.000248118683469
-0.001775459852247
-0.003574630439670
-0.005477510335473
-0.007422287018862
-0.009325248705503
-0.011014068176151
-0.012433643443754
-0.013746922988984
-0.015161715085418
-0.016828904011658
-0.018799231420941
-0.020853518540005
-0.022482129817841
-0.023259591251886
-0.023139163505046
-0.022243046534777
-0.020591960512294
-0.018324147885288
-0.016043115409979
-0.014499842933388
-0.013973606683911
-0.014208102527425
-0.014665369616386
-0.014794247917792
-0.014412754032515
-0.013860343652943
-0.013603741501493
-0.013698090598217
-0.013762994308346
-0.013429763089294
-0.012583570486058
-0.011198676281130
-0.009256896872434
-0.006867414633758
-0.004198671723923
-0.001422257232788
0.001058418740911
0.002657974409837
0.003049185041328
0.002339743465063
0.000826651630766
-0.001278394196955
-0.003778424578530
-0.006420387371296
-0.009137714151292
-0.011894555425529
-0.014244676451478
-0.015556705057166
-0.015559254502236
-0.014383951503639
-0.012313786398748
-0.009690725632333
-0.006874920991073
-0.004151381625694
-0.001679273813267
0.000424333771696
0.002032551415574
0.003201254099230
0.004176226088746
0.005054026637132
0.005589129262694
0.005396378973132
0.004398226527711
0.002967176985256
0.001578588233551
0.000505888044051
-0.000195004051156
-0.000559606250204
-0.000549987494757
-0.000007762454840
0.001131489468830
0.002562444775741
0.003667063580284
0.003930592022806
0.003343570435337
0.002504610511913
0.002319720890148
0.003379169129618
0.005482210077842
0.007742581542247
0.009182284893161
0.009383075008619
0.008722095492436
0.007957884699030
0.007549944392543
0.007526946430815
0.007992778695725
0.009299695572357
0.011490049293940
0.013957009952797
0.015951679101773
0.017167068873012
0.017658030825315
0.017512026337536
0.016837081129582
0.015905122103705
0.015032311866212
0.014312715700875
0.013679778987824
0.013129720114249
0.012657680033341
0.012082094962074
0.011148133481934
0.009933940633487
0.008955076000168
0.008611119121426
0.008740659641833
0.008730328791505
0.007886324072537
0.005991377494513
0.003690617620785
0.002138474193004
0.002060621726537
0.003179174778928
0.004617666505120
0.005684129330610
0.006221086714069
0.006449415052013
0.006631683867067
0.006791083742078
0.006646986646738
0.005889617427089
0.004541037545560
0.003011966609393
0.001817561184074
0.001237003823668
0.001150245448642
0.001144823130137
0.000876390004937
0.000258493968924
-0.000683853768831
-0.001812920518355
-0.002753844654833
-0.003102890489223
-0.002773750428012
-0.002043619374999
-0.001390365160671
-0.001426965904555
-0.002706207191026
-0.005143124031679
-0.007876650187787
-0.010012253138621
-0.011163026011224
-0.011196753750932
-0.009985704397172
-0.007766594866350
-0.005382635110915
-0.003670267515522
-0.002794262321544
-0.002415345597366
-0.002178514118100
-0.001840006597329
-0.001221032321209
-0.000181531536270
0.001475930181866
0.003932119964743
0.007066346303444
0.010412615443337
0.013385210682159
0.015354071212439
0.015694853473533
0.014182896677701
0.011279407093124
0.007818604148401
0.004509661458263
0.001646017876262
-0.000926786341511
-0.003445793078695
-0.005848194994394
-0.007918918754448
-0.009557222042416
-0.010662444333757
-0.011013870767900
-0.010532862819811
-0.009581318307881
-0.008742542245341
-0.008307554421587
-0.008210858429021
-0.008350600564881
-0.008637705053911
-0.008812860706236
-0.008567779606738
-0.007941491719833
-0.007394559751265
-0.007370621926107
-0.007854106736443
-0.008411842276975
-0.008623055843373
-0.008441824084388
-0.008093109805764
-0.007589440117409
-0.006650985439181
-0.005195831989882
-0.003655630455851
-0.002887189347199
-0.003662121316748
-0.005985829709758
-0.009120404822598
-0.012247444846349
-0.014889914266552
-0.016910851651287
-0.018379748936155
-0.019409671245603
-0.020046337514470
-0.020240934870738
-0.019758869934369
-0.018263189339004
-0.015843953978884
-0.013333473274841
-0.011666818375294
-0.010893375410797
-0.010269885944016
-0.009329977977038
-0.008198419973238
-0.006950764371368
-0.005422522604259
-0.003632128015342
-0.001967120190371
-0.000891376704598
-0.000543493416848
-0.000732494116023
-0.001289169825558
-0.002152951829713
-0.003189500172539
-0.004272652424911
-0.005413441660649
-0.006624267823584
-0.007968041561223
-0.009590053341918
-0.011259390237389
-0.012287841440499
-0.012240479499877
-0.011323251514414
-0.009950037039578
-0.008290757781085
-0.006405142234505
-0.004525308579330
-0.002855792592238
-0.001220542487795
0.000689255652397
0.002728329612404
0.004295102969719
0.004918405272396
0.004594710803685
0.003599208683792
0.002314612852673
0.001233991992702
0.000774318437798
0.001094027229556
0.002170236751887
0.003885467280985
0.006042860286656
0.008353397592838
0.010383815963088
0.011649889423202
0.011968674999111
0.011602550826076
0.010894918726215
0.010090423904521
0.009469626119510
0.009120618416368
0.008785760082050
0.008299935736680
0.007865977724009
0.007789593555490
0.008250295962431
0.009370142290741
0.011244703476853
0.013814007476735
0.016815290128344
0.019869733957376
0.022647830666337
0.024971031371929
0.026644725269969
0.027388285469737
0.027150712158764
0.026186350577495
0.024687833539418
0.022723005529563
0.020494793730089
0.018310706518801
0.016439447099263
0.015098324380330
0.014357529391351
0.014134729157417
0.014398987671299
0.015251803995734
0.016833215479073
0.019149885933502
0.021766349802024
0.023813505999419
0.024725864892071
0.024679348135322
0.023961383365612
0.022551220317429
0.020589630968494
0.018568940772123
0.016877558982162
0.015558069351959
0.014561976319261
0.013902842976098
0.013418310200009
0.012734073855819
0.011668254906990
0.010439051825751
0.009411682086232
0.008966998827500
0.009587637895066
0.011424237488528
0.013769823130040
0.015521140078249
0.016014372174616
0.015142570328638
0.012961440460733
0.009641330161951
0.005780803622318
0.002223000985510
-0.000478695523983
-0.002089720597865
-0.002467284344870
-0.001710948793616
-0.000331177062541
0.001156457383350
0.002534681896603
0.003537711339009
0.003850258525627
0.003545091828255
0.002955232881986
0.002259918332642
0.001417954278942
0.000205993459743
-0.001787014669240
-0.004850065703271
-0.008706818430729
-0.012630553562317
-0.015806395815689
-0.017460818755217
-0.017187041883399
-0.015333461718156
-0.012807264487450
-0.010454379692415
-0.008714783249346
-0.007827943779901
-0.008009743342850
-0.009218275093850
-0.011095129937403
-0.013292545257357
-0.015578410569575
-0.017587706288854
-0.018790926844787
-0.018881700594694
-0.018025784332143
-0.016663750094251
-0.015271173988195
-0.014245326668567
-0.013703143203151
-0.013431405365822
-0.013136646264927
-0.012569757508062
-0.011586527106289
-0.010277520115966
-0.008852651380461
-0.007473428785151
-0.006289738537446
-0.005457431283228
-0.005030382112602
-0.004962153206952
-0.005241390320959
-0.005758682748673
-0.006188639936347
-0.006310330182557
-0.006157165377665
-0.005768371095061
-0.005041959810563
-0.003913519064684
-0.002597038262293
-0.001409053809105
-0.000511661391846
-0.000113249143942
-0.000486887680785
-0.001496187803931
-0.002651972051826
-0.003796561795807
-0.005140593148187
-0.006667809780077
-0.007988105762472
-0.008642825630165
-0.008400472969197
-0.007425974760653
-0.006186069253952
-0.005121565884054
-0.004387170112566
-0.003884464803098
-0.003523127850596
-0.003320907134199
-0.003142145905444
-0.002669416328506
-0.001972502843150
-0.001724640196806
-0.002475610234726
-0.004106256866874
-0.006217005819027
-0.008486900388375
-0.010489361701266
-0.011779981447708
-0.012288369828478
-0.012264963656161
-0.012034636326895
-0.011927993629339
-0.012157517433553
-0.012836419224411
-0.014186655915758
-0.016453497459306
-0.019448395310812
-0.022238418949055
-0.023722722248373
-0.023605893344297
-0.022221514145682
-0.019698243243444
-0.016177334578335
-0.012472563223129
-0.009668647506530
-0.008280776350234
-0.008266668365112
-0.009326049848699
-0.010708862035979
-0.011376163128493
-0.010793909424282
-0.009239608129949
-0.007411323672107
-0.006151185511524
-0.006248570008554
-0.007860821606730
-0.010188911397323
-0.012133363637777
-0.013195003494797
-0.013540963928198
-0.013389665187215
-0.012675771579480
-0.011355153487821
-0.009688084382712
-0.008022485454399
-0.006527041063547
-0.005271476069596
-0.004380379651978
-0.003954245000171
-0.003870511531644
-0.003760094941111
-0.003266125404510
-0.002320820386227
-0.001148488716067
-0.000099083612557
0.000470356699539
0.000294533240823
-0.000581593959826
-0.001691000059609
-0.002484748457874
-0.002718623605632
-0.002389626005040
-0.001455903155655
0.000215856165800
0.002618999570939
0.005567179730078
0.008825806336290
0.011939197910642
0.014223906182900
0.015216575498604
0.014906961894868
0.013581233116818
0.011632003366971
0.009423844176649
0.007122676681081
0.004775988543953
0.002712807975933
0.001500790717129
0.001471632056148
0.002582434938134
0.004523692375621
0.006838053873866
0.009115868836520
0.011051788112672
0.012402824437600
0.013122886450774
0.013441384968869
0.013602881771821
0.013547713187096
0.012925476101522
0.011409460435250
0.009007550301977
0.006165740001905
0.003712139978255
0.002670315328797
0.003823862619195
0.007293471286339
0.012466644520498
0.018188171234803
0.023116791602024
0.026111570498792
0.026519332248440
0.024437875608042
0.020754037004458
0.016758957619826
0.013662991299326
0.012211682244995
0.012439826101428
0.013929999474676
0.016312307841812
0.019167410062327
0.021742198135548
0.023346064977023
0.023813241188869
0.023330262668692
0.022241544335725
0.021161259253760
0.020722534711218
0.020940837378941
0.021184019057473
0.020892478182174
0.020033674360715
0.018937245600995
0.018042859691648
0.017864786051467
0.018908879923248
0.021189688170199
0.023873707611259
0.025757211544001
0.026037699774153
0.024622414331656
0.021946964249552
0.018584332727834
0.015113817708814
0.012284802337024
0.010854902828801
0.011007250645790
0.012193268711075
0.013665719305203
0.014805054573770
0.014993201107840
0.013668715314264
0.010665019034722
0.006505346006817
0.002336077023398
-0.000587728609353
-0.001502668702498
-0.000424015302055
0.001982867956723
0.004731976912756
0.006806151805372
0.007440634860989
0.006436483292392
0.004187839413930
0.001266936874622
-0.001856996184155
-0.004687052921373
-0.006726947730388
-0.007780271241964
-0.007995457222209
-0.007686920504403
-0.007306509709038
-0.007260075079163
-0.007484786100133
-0.007584392572627
-0.007405223956635
-0.007140699834905
-0.007074400051126
-0.007403776229014
-0.008183300222732
-0.009433220954272
-0.011251848448266
-0.013738441093700
-0.016914784732534
-0.020768667724606
-0.025114784083690
-0.029276555743149
-0.032158228452750
-0.032814857226336
-0.030928316740245
-0.026719852495781
-0.020681145040088
-0.013730767027734
-0.007354608020118
-0.003142562419626
-0.002153350268980
-0.004622747852088
-0.009898744557352
-0.016500315335818
-0.022611903957295
-0.026879698005538
-0.028680693302649
-0.027816607615988
-0.024475828228022
-0.019483671744059
-0.014125917714171
-0.009621446986984
-0.006834377314307
-0.006115588076554
-0.007080061843861
-0.008699531454726
-0.009763256350517
-0.009511427497840
-0.008199658600239
-0.006937705650496
-0.006838074645479
-0.008393434455787
-0.011408362183262
-0.015141232712447
-0.018575417503205
-0.020836607723405
-0.021387649259253
-0.019964729370508
-0.016689564374952
-0.012245206197827
-0.007684517326289
-0.004043350343080
-0.002080661976163
-0.002037200699191
-0.003527486390181
-0.005768513160522
-0.007837479478678
-0.008979276068455
-0.009066684773207
-0.008518391463443
-0.007647056417291
-0.006507358561150
-0.005364062720056
-0.004726657536740
-0.004823048182296
-0.005514355046497
-0.006616744196874
-0.007896008697634
-0.009007512340258
-0.009681669364470
-0.009760465116291
-0.009036721366717
-0.007460971485685
-0.005580678455284
-0.004280909229240
-0.004069073411072
-0.004876913056841
-0.006313167575848
-0.007814258695489
-0.008666552545898
-0.008406301455180
-0.007365955096949
-0.006320051568483
-0.005658388044978
-0.005251983496003
-0.004612834617908
-0.003006548980999
-0.000051380467503
0.003773122573368
0.007530008505683
0.010416849017810
0.011856811713891
0.011546987145565
0.009653392090063
0.006793614087342
0.003785567665441
0.001397714948170
0.000258007951868
0.000809929324866
0.003094849606059
0.006650839415538
0.010879311518427
0.015375425045849
0.019631507295234
0.022656222340110
0.023293008371181
0.020952898871002
0.016148160525679
0.010416463371457
0.005390755709989
0.001872752278182
-0.000156503670763
-0.001178218285386
-0.001797102811277
-0.002088398319112
-0.001387888025913
0.000866469236054
0.004355901867813
0.008059466073170
0.010809667242754
0.011719978191630
0.010526435656894
0.007641887464576
0.003832348570685
-0.000195036339506
-0.004042319044803
-0.007584382823836
-0.010657907253978
-0.012861648325784
-0.013716907908017
-0.012832547783797
-0.010149222233744
-0.006353079635222
-0.002683691379678
-0.000269427472543
0.000210136626623
-0.001278942805764
-0.003968509654596
-0.006612990990911
-0.008324293388308
-0.009150879951424
-0.009693719019324
-0.010379212953115
-0.011317312211617
-0.012512878113131
-0.013779358173970
-0.014581270058641
-0.014480540397457
-0.013722066666691
-0.012956928318016
-0.012436693532677
-0.011858827490801
-0.010886094334773
-0.009317443194825
-0.006965146811992
-0.003907702505648
-0.000719526923323
0.001869694127659
0.003545557523626
0.004407678260912
0.004397906817864
0.003202686672808
0.000778487684298
-0.002467530910043
-0.006021023881059
-0.009437189999665
-0.012156579881322
-0.013492319038258
-0.012884271871432
-0.010014219447148
-0.004953882501922
0.001537979606791
0.008159431681151
0.013733217889491
0.017623886903638
0.019581799486643
0.019568657644996
0.017878129526697
0.015166580320174
0.012175268452032
0.009411443510350
0.007051178057512
0.005156577866051
0.003931111393156
0.003619667079680
0.004353427503333
0.006252094724553
0.009297454020487
0.012899550167803
0.015998389895749
0.017910500693483
0.018871311994987
0.019568102604048
0.020497200150713
0.021892019689545
0.023666888943727
0.025277373698029
0.025949538943502
0.025021716626185
0.022202728863566
0.017679134512714
0.011939501167514
0.005624883393596
-0.000418272403900
-0.005073078463729
-0.007196743617950
-0.006163799062642
-0.002103437320312
0.004230320364297
0.011579479671866
0.018409048329878
0.023272566338728
0.025140163785973
0.023766249467181
0.019957069545645
0.015161988573828
0.010582940187635
0.006840200963542
0.004203450262399
0.002639731617973
0.001840177841256
0.001551625356622
0.001770281313951
0.002490242539694
0.003445275777714
0.004247650136451
0.004627843040906
0.004507402419919
0.004010684422211
0.003414920773324
0.003070000892716
0.003277550615849
0.004050854629889
0.004993030184271
0.005535389312444
0.005286161991674
0.004109419623490
0.002049450022875
-0.000666508724042
-0.003614689443261
-0.006163410702122
-0.007567122049018
-0.007379439468441
-0.005789822120167
-0.003281330833741
-0.000054733699395
0.003786296886465
0.007607673474453
0.010376609247133
0.011413704598086
0.010661845635056
0.008364842281155
0.004957270907315
0.001244300923589
-0.001872882154186
-0.004010737014067
-0.005410133342367
-0.006526925857973
-0.007685167976877
-0.008907401793605
-0.009873048770984
-0.010230699492236
-0.010001733212700
-0.009461111574548
-0.008699050048036
-0.007562199105233
-0.006056428268972
-0.004562177174898
-0.003528048158316
-0.003188066140357
-0.003631392035256
-0.004891100995423
-0.006868575512734
-0.009253676126329
-0.011654358638031
-0.013786883508470
-0.015427621010378
-0.016377623817142
-0.016648909387364
-0.016518438751561
-0.016240531771053
-0.015862341287090
-0.015516153342844
-0.015507395260960
-0.015889430825567
-0.016419789092244
-0.016921886845431
-0.017387693815009
-0.017871301395461
-0.018339689141774
-0.018580123482018
-0.018330956189072
-0.017555338758746
-0.016505558571487
-0.015548707738797
-0.015156459419269
-0.015786864004056
-0.017406041081910
-0.019408222438193
-0.021063339299488
-0.021833498823888
-0.021498615762817
-0.020232923824742
-0.018480532708809
-0.016659472215241
-0.014954318668077
-0.013239142787491
-0.011170539338741
-0.008612463129538
-0.005949043007399
-0.003825441259510
-0.002795841079389
-0.003188248633905
-0.004947685693062
-0.007678982235218
-0.010953653208980
-0.014411220342332
-0.017593407805105
-0.019748585322704
-0.019959745557128
-0.017752295635202
-0.013461634134828
-0.007872098695042
-0.001845865671204
0.003571055874006
0.007323307554864
0.009066321134750
0.009298512016572
0.008601062837134
0.007218770801765
0.005428387850757
0.003751987537020
0.002646376586761
0.002264068126009
0.002416707893615
0.002563563139618
0.002121640680276
0.001000301524852
-0.000324610889799
-0.001225376890649
-0.001289347132408
-0.000464258214752
0.000998391280267
0.002829563125955
0.005038038952747
0.007835298403983
0.011194604024112
0.014600149842312
0.017289600273154
0.018594905456472
0.018106726003942
0.015779961625239
0.012019473666017
0.007629456497291
0.003571475201412
0.000709314747978
-0.000393813395257
0.000429215814733
0.003111406372331
0.007350017994788
0.012360823674827
0.017040822728638
0.020453999335431
0.022237099761559
0.022824703290958
0.023114357527959
0.023690684191912
0.024548053523374
0.025357386853181
0.025545203091073
0.024485141786918
0.021990518762472
0.018378178955960
0.014212071360373
0.010140761226153
0.006743435026227
0.004586550467209
0.004313705656726
0.006300552089651
0.010264213965712
0.015341639557952
0.020439894689746
0.024537676034567
0.026966718080238
0.027627327507769
0.027020521220028
0.026093914257963
0.025643808500693
0.025536345308929
0.024790469104342
0.022567546620303
0.018883817301061
0.014494850639887
0.010389780191978
0.007404429729727
0.006124451156050
0.006672887211267
0.008502281057899
0.010924988145569
0.013749523713747
0.017069921353643
0.020722557193576
0.024194643781082
0.026862642573342
0.028122779403163
0.027553607410614
0.025188723287782
0.021530322550302
0.017341524065110
0.013387300520271
0.010114103751591
0.007549282385207
0.005551916443828
0.004067894287119
0.003161374348553
0.003074613920518
0.004436313571457
0.007976428157031
0.013636423770206
0.020184588146312
0.025785116237620
0.028879595205742
0.028795104964573
0.025813802550855
0.020803656185190
0.014705038263126
0.008193067255128
0.001786936586271
-0.003774800120519
-0.007539618381666
-0.008889365083714
-0.007866426605417
-0.004979712220327
-0.000895025201619
0.003794868852826
0.008477469341344
0.012332287546845
0.014577670657043
0.014868023057238
0.013362210393499
0.010448025901578
0.006502451499329
0.001851118921323
-0.003295932703790
-0.008690553797610
-0.013706443376495
-0.017453402683248
-0.019232753618092
-0.018863089539256
-0.016816244256465
-0.014096911151926
-0.011821688602577
-0.010732750212832
-0.010957624830396
-0.012046702206323
-0.013182572787910
-0.013540153012025
-0.012717942800632
-0.010930372786359
-0.008635138282379
-0.006095005971237
-0.003641436477457
-0.001979900585678
-0.001687568404563
-0.002797381546157
-0.005221891008739
-0.009044747978770
-0.014011312068100
-0.019098818274840
-0.022856395808500
-0.024051509471098
-0.022080350289599
-0.017044157077269
-0.009791848292936
-0.001952304615530
0.004580345591384
0.008359553548292
0.008574515549965
0.005131315353127
-0.001058887929114
-0.008285922052562
-0.014848713458219
-0.019471028066081
-0.021194970738571
-0.019667896402052
-0.015617709313530
-0.010463778739428
-0.005497520786891
-0.001736084078434
-0.000008075526618
-0.000620160589239
-0.003117743732888
-0.006549117352561
-0.009912600562215
-0.012340145246692
-0.013124453015350
-0.012106907007826
-0.010196673636875
-0.009027526251572
-0.009755474517873
-0.012276083265237
-0.015374946470453
-0.017375711152459
-0.017180803032792
-0.015145793781252
-0.012716283239256
-0.011219525528192
-0.011229328329907
-0.012687646405606
-0.015028784863969
-0.017247971631764
-0.018357095222532
-0.017922696517954
-0.015986377696829
-0.012645453771547
-0.008052603211002
-0.002824020802377
0.001798171505617
0.004459394823576
0.004506797368666
0.002259356031598
-0.001494438809724
-0.005937032905820
-0.010122351238095
-0.012970441084667
-0.013606080332377
-0.011671808385815
-0.007520834150548
-0.002209717024865
0.002720161777163
0.005662240733991
0.005711447311355
0.003240933246591
-0.000349616169196
-0.003454501459347
-0.005079039911211
-0.005219314365893
-0.004699811747042
-0.004504308054732
-0.004937248808119
-0.005481537228188
-0.005447082487509
-0.004576250419983
-0.003229025664650
-0.002281758616615
-0.002645946521994
-0.004552818674729
-0.007414732358264
-0.010390917898336
-0.012791770409518
-0.013945545447251
-0.013130374411410
-0.010179801178476
-0.005994965608417
-0.001901782857297
0.001317006331336
0.003479820093661
0.004479286512888
0.004041925904638
0.001933715437113
-0.001790459478788
-0.006730032579223
-0.012248002510591
-0.017569234664312
-0.021748409912517
-0.023873247420209
-0.023559179223170
-0.021143907505021
-0.017449628631150
-0.013380206029551
-0.009538996325868
-0.006193023813599
-0.003642937397079
-0.002419083243376
-0.002910515867620
-0.004957217416683
-0.007949171704635
-0.011111731812858
-0.013707790035079
-0.015263589517975
-0.015629981245009
-0.014856855261546
-0.013077640797858
-0.010438363182864
-0.007306965766781
-0.004601636821906
-0.003476692807455
-0.004446270488772
-0.006997302473732
-0.010030552835005
-0.012344165444533
-0.012811247983189
-0.010809620628054
-0.006800494322591
-0.002093163745111
0.002058690670233
0.004850682645912
0.005717355551842
0.004346168676851
0.000981110630487
-0.003615364604559
-0.008503458132368
-0.012651196018098
-0.014963508915378
-0.014756360953775
-0.012279856166140
-0.008498436439048
-0.004379819260636
-0.000634970804212
0.002170174981709
0.003783938715766
0.004430047752697
0.004400814803893
0.003571404574870
0.001776969837664
-0.000399020382974
-0.001932684486890
-0.002264176562429
-0.001214163150364
0.001274397047343
0.004774493434400
0.008490896147846
0.011861719217948
0.014614354422754
0.016327119083906
0.016446013497045
0.014949711801558
0.012503296170137
0.009801652401458
0.007291054222808
0.005454159597202
0.004706866861560
0.004902156930235
0.005416574806730
0.005857647578121
0.006360001869303
0.007198383167292
0.008266547302391
0.008948360711250
0.008621572973275
0.007225809682957
0.005231315770688
0.003311636435632
0.002105527437392
0.001934418410795
0.002658136454204
0.003877784133035
0.005197528650807
0.006464635099257
0.007902305032121
0.009807959198626
0.012117625707652
0.014437406958815
0.016386065689990
0.017707195510747
0.018196858144406
0.017734992206345
0.016345264472818
0.014325153493602
0.012241633281457
0.010399777413371
0.008622384957266
0.006860724203233
0.005436109367931
0.004544068471847
0.004020579436528
0.003654149480915
0.003426698033460
0.003354369523736
0.003371017820419
0.003439316895863
0.003496188646473
0.003353159718009
0.002823692313595
0.001970692583324
0.001237032170926
0.001129262549230
0.001793948407732
0.003026263749455
0.004432689840420
0.005624669440441
0.006453699506899
0.006933486859629
0.007040589140238
0.006743277131682
0.006157089175625
0.005566261344466
0.005077211754184
0.004487840468487
0.003788347919311
0.003319742477192
0.003215199748176
0.003032057751841
0.002153339807454
0.000467201934055
-0.001574676904564
-0.003367039370039
-0.004441353185459
-0.004734535034051
-0.004616947750286
-0.004492772550388
-0.004514734278384
-0.004577291016198
-0.004391908937705
-0.003656125699941
-0.002314944128397
-0.000772647363839
0.000283396995377
0.000409219168274
-0.000309224918512
-0.001489101410674
-0.002913353162533
-0.004550655608106
-0.006013606517981
-0.006447567262410
-0.005272912458975
-0.002786196691130
0.000102047821638
0.002362962084631
0.003150242896040
0.002194170761034
-0.000126168096717
-0.003163324610618
-0.006256010349004
-0.008934134370407
-0.011027103892568
-0.012347917573933
-0.012361436293238
-0.010485892226910
-0.006793739304325
-0.002129878449565
0.002344612409112
0.005506920487861
0.006635010263531
0.005707857872205
0.003320839761250
0.000453843291697
-0.001787616777736
-0.002569749178574
-0.001687612758734
0.000485615387454
0.003418420914228
0.006666351061624
0.009808810334018
0.012369972060005
0.013945298809153
0.014547065068130
0.014545041724550
0.014118745085336
0.013234504944608
0.012167378969290
0.011529840799673
0.011775590538830
0.012955494181642
0.014722495977084
0.016465849933792
0.017815386279909
0.018915502023910
0.020020762623017
0.021072227361898
0.021725176455895
0.021645641513419
0.020707726398294
0.019016662012599
0.016936769408752
0.015105126309763
0.014288662369103
0.014923349408047
0.016620206071420
0.018393351090754
0.019493406473002
0.019799824398376
0.019452570081582
0.018566215030537
0.017423192010500
0.016413465245079
0.015534198934108
0.014450846696074
0.013362030474771
0.013181985715090
0.014459512099038
0.016650598986932
0.018556801051974
0.019092658556138
0.017754366126102
0.014698326785200
0.010590101577480
0.006279335121322
0.002387724123835
-0.000814135025619
-0.003244105796856
-0.004961443921590
-0.006283000368410
-0.007486031897069
-0.008287592852966
-0.008212756439885
-0.007353534288746
-0.006306109072310
-0.005600546902888
-0.005422063023859
-0.005857730943681
-0.007064709525791
-0.008974165106043
-0.011207079918032
-0.013398146090285
-0.015324316861909
-0.016677454206864
-0.017108312306666
-0.016787940333413
-0.016459816318955
-0.016560137643303
-0.016726836190357
-0.016398494478606
-0.015445969350130
-0.014162419691498
-0.013118934373241
-0.012958465364601
-0.013776682890168
-0.014710950804949
-0.014684505510527
-0.013598951598826
-0.012293302370836
-0.011551682933299
-0.011714524852586
-0.012803595520362
-0.014490369957542
-0.016226906835223
-0.017722031797456
-0.019193164797504
-0.020845641059158
-0.022307809642074
-0.023000317438098
-0.022701082530948
-0.021513661817542
-0.019682486205989
-0.017561558796836
-0.015589881166103
-0.014146884497446
-0.013369397273989
-0.013167228342203
-0.013480268423055
-0.014404917133510
-0.015801813559135
-0.017007451723107
-0.017459897389081
-0.017317000597087
-0.016992066195950
-0.016439157339726
-0.015249370085257
-0.013177498722035
-0.010260999193854
-0.006729010851713
-0.003076736033086
0.000234730305833
0.003243957404976
0.006096755156148
0.008263436776952
0.008798523729026
0.007398549504166
0.004616364325025
0.001150244344075
-0.002459539783704
-0.005523996859479
-0.007140832685614
-0.006731110299237
-0.004468946726640
-0.000980653380132
0.003069033296696
0.006852689094465
0.009324119595363
0.009910435606770
0.009070870638279
0.007805372495465
0.006925697267542
0.006822727123563
0.007372206573910
0.007974827917405
0.008193160583699
0.008318032995529
0.008773250132518
0.009349757940077
0.009592738066290
0.009574891639044
0.010007827369877
0.011549103195889
0.014031339926013
0.016701103586957
0.018994906877307
0.020576749509950
0.021059973495307
0.020394723904325
0.019198300262578
0.018157949755501
0.017459875295587
0.017016617666183
0.016668239107184
0.015987769650393
0.014351257218433
0.011424906349195
0.007564559386058
0.003685320886512
0.000724237252697
-0.000791527751587
-0.000867392356738
0.000157808665958
0.001919453240384
0.004101427606839
0.006394733607516
0.008348233193922
0.009124087329099
0.007894094752470
0.004848542557382
0.001290102107574
-0.001545981165615
-0.003245344140652
-0.003846669193662
-0.003510874222397
-0.002663108500841
-0.001806667135955
-0.000964781436424
0.000338350937388
0.002369654278269
0.004721895180197
0.006823073435570
0.008530424331717
0.009770233235097
0.010150689676448
0.009464143103943
0.008170809821110
0.006976523961769
0.005942147969833
0.004428091780139
0.002090554600130
-0.000729210535222
-0.003509902583722
-0.005620809041172
-0.006209998444848
-0.004647111440487
-0.000972456746355
0.004114435810685
0.009348272388000
0.013016792142051
0.013658790805893
0.010948090870004
0.005765191692661
-0.000460599324899
-0.006331826671641
-0.010625864839936
-0.012557602083141
-0.012390607332998
-0.011331913576128
-0.010394262671273
-0.009606067818807
-0.008562297713589
-0.007422073274650
-0.006760746717778
-0.006686118861583
-0.006924268897188
-0.007547499462183
-0.008891658584035
-0.010962747071153
-0.013391590678998
-0.015784555351522
-0.017750024643380
-0.018650918351324
-0.017895568459747
-0.015636518745732
-0.012567205188795
-0.009144181202289
-0.005732515852772
-0.003222615682677
-0.002743255325728
-0.004652569069889
-0.008144453550981
-0.011778909892588
-0.014077756326703
-0.014095144598253
-0.012071519822947
-0.009385594983104
-0.007613908322753
-0.007603311987480
-0.009275789267267
-0.012036900826514
-0.015092586661532
-0.017530729573585
-0.018676728101439
-0.018516725259501
-0.017463272225451
-0.015692165490791
-0.013141637372063
-0.010171444951073
-0.007666458704441
-0.006424827622346
-0.006707227770156
-0.008306128691263
-0.010757122630316
-0.013376032677195
-0.015455039006783
-0.016710279421475
-0.017309315878729
-0.017283993503956
-0.016275551537496
-0.014079817385109
-0.011051852600355
-0.007804527597491
-0.004842131642745
-0.002730227211272
-0.002186553589801
-0.003309136684295
-0.005128626159091
-0.006487348783917
-0.006791452395103
-0.005838244682506
-0.003686231062176
-0.000908240564760
0.001464725314875
0.002895017408459
0.004049762925230
0.005702448610007
0.007429925799242
0.008369300282877
0.008529707377807
0.008461669429284
0.008335782668260
0.008056477621181
0.007711632649906
0.007485778861469
0.007479227725179
0.007747503225639
0.008373492303239
0.009335709281773
0.010312361652122
0.010928490551043
0.011158085827206
0.011129135217832
0.010771932913285
0.010049839821588
0.009178046803765
0.008316302673495
0.007455709157158
0.006807724069250
0.007003041402642
0.008642079396156
0.011528453802465
0.014563609173918
0.016616765784471
0.017172383293019
0.016250357782847
0.014479151646192
0.013170916500181
0.013527726801599
0.015588208283226
0.018307479335086
0.020675495417838
0.022270228732423
0.022853188002584
0.022372953587018
0.021399623270751
0.020717680879928
0.020397219720099
0.019730869352343
0.018175144962954
0.015980864215001
0.013837812950817
0.012348378363103
0.011781187347453
0.011910004131648
0.012185629194824
0.012318860509225
0.012518321767402
0.012994650829030
0.013576318842357
0.013943385985345
0.013961665205706
0.013778500161003
0.013616804309917
0.013373113501155
0.012490472861227
0.010350255120137
0.006938268082166
0.003143941629659
0.000193686429557
-0.001049943583822
-0.000172260696992
0.002697793552826
0.006547451964036
0.009772355434694
0.011250997703272
0.010910696490321
0.009116691244584
0.006134315083609
0.002350434141108
-0.001579585558345
-0.004903670633659
-0.006869035556964
-0.006877928999819
-0.004957899790089
-0.002080064277123
0.000371494469220
0.001574470027869
0.001565968889553
0.000744156119286
-0.000546676647022
-0.001961528954330
-0.003302194224807
-0.004907271883162
-0.007238030933911
-0.010169529299661
-0.013189516485697
-0.015840617966297
-0.017690137663431
-0.018304993576922
-0.017538060118733
-0.015718930797962
-0.013412389127050
-0.011049160780541
-0.008915891967330
-0.007465499946986
-0.007217058735763
-0.008026252782108
-0.008870652629842
-0.008878438195537
-0.008290330791220
-0.008005809015907
-0.008580014248040
-0.009910126836271
-0.011353637745808
-0.012019973739510
-0.011596009137310
-0.010975697741395
-0.011430250925486
-0.013149442826151
-0.015066245665484
-0.016010170243416
-0.015764586647714
-0.015002764809757
-0.014478415457945
-0.014626924431325
-0.015544696644315
-0.016794247540114
-0.017600771988067
-0.017681613893756
-0.017573083721072
-0.017754373222137
-0.018010261302016
-0.018219060772597
-0.018794702442787
-0.019812866660184
-0.020708277374938
-0.020947324944762
-0.020433780196979
-0.019402805667330
-0.017864430016391
-0.015325725430626
-0.011639545667045
-0.007620970510875
-0.004381677370654
-0.002763275054397
-0.003340496892675
-0.005965095295680
-0.009434765503612
-0.012379159479222
-0.014246292585210
-0.015146324297218
-0.015149094413845
-0.014094427339411
-0.012183002762505
-0.010211561384681
-0.008623243791637
-0.006941068396979
-0.004721678662957
-0.002247404664644
0.000202033321735
0.002664083306453
0.004669152393985
0.005319902441401
0.004519340399135
0.003120537031805
0.001754527378145
0.000376109285250
-0.001030303333336
-0.002040844420052
-0.002120843612057
-0.000932185165654
0.001628923571921
0.005277551756792
0.009081155237861
0.011698275717522
0.012241412108692
0.010862399198739
0.008355843898867
0.005456780816468
0.002730793055453
0.000681694334159
-0.000496238311582
-0.001039763192262
-0.001164470629076
-0.000679732776462
0.000582992913576
0.002262434546878
0.003878670194240
0.005288836919635
0.006427454813743
0.007044562933163
0.006859876120361
0.005909776629399
0.004521354552217
0.002899876518837
0.001158664229994
-0.000305856736455
-0.000844976351763
0.000002914145282
0.002039385710582
0.004310204073072
0.005701077243469
0.005764699824271
0.004914636732670
0.003822229684917
0.002751847402245
0.001569545455142
0.000133599506300
-0.001406692717485
-0.002506724762977
-0.002692968981636
-0.002112547772636
-0.001126404782818
0.000350552302409
0.002563473044347
0.005240509186989
0.007593819647156
0.009009579046146
0.009403404567288
0.008638879569424
0.006283715278611
0.002356449321687
-0.002347183808654
-0.006722540699633
-0.009769555045868
-0.010889671185028
-0.010121544141777
-0.007976393090625
-0.005086246477628
-0.002026883695571
0.000834024450100
0.003287266127681
0.005109766425018
0.006285986526414
0.007022207114802
0.007210249692981
0.006343892094024
0.004167874206957
0.001160812007019
-0.001728670979575
-0.003693150181052
-0.004394804751627
-0.003877914143147
-0.002366061060828
-0.000238960137206
0.002020961736405
0.004075184331411
0.005827495553349
0.007199696173828
0.007899111272462
0.007610337074357
0.006424448543482
0.004882104255683
0.003622042327794
0.003065878959372
0.003309449796768
0.004087783580502
0.004827323806853
0.005036066211290
0.004667475314579
0.003943213585371
0.002979042634247
0.001702690316275
0.000155224443571
-0.001146952464361
-0.001315165261184
0.000287746988703
0.003482272720440
0.007348866850850
0.010728963447999
0.012663909461393
0.012655159325354
0.010679076375176
0.007145015250372
0.002883122180813
-0.001089949508346
-0.003841396228020
-0.004700193549395
-0.003543045817330
-0.000929282489845
0.002173523606223
0.004860147908632
0.006658791348405
0.007624186073661
0.008144458580035
0.008448315561017
0.008235370471493
0.007128531223385
0.005339618825821
0.003533503548578
0.002329132552790
0.002136183037428
0.003097307714345
0.004946581353665
0.007094414419285
0.008905780401557
0.009999547687795
0.010442521624647
0.010461662397312
0.010103871806659
0.009399124091004
0.008517113996657
0.007578851011501
0.006459619132694
0.005006129853111
0.003453401639368
0.002401089545658
0.002341507185511
0.003280677703922
0.004948558521823
0.007206081724394
0.009896667281838
0.012548361492527
0.014558966160012
0.015575909902101
0.015569953407259
0.014712164978949
0.013400530352627
0.012148421081814
0.011205010327864
0.010426547550880
0.009530294501961
0.008432515617635
0.007291042561598
0.006211066078734
0.005103320792885
0.003852634244073
0.002430317631173
0.000779233228132
-0.001068038631798
-0.002663052422173
-0.003439846696484
-0.003207285413948
-0.001975820550151
0.000163939633755
0.002686248389470
0.004676793975601
0.005486719434267
0.005098167585484
0.003876187468253
0.002269757687961
0.000727724874952
-0.000300032960416
-0.000456026980974
0.000289280284920
0.001747644279352
0.003919005146423
0.006732568170614
0.009467719319564
0.011142442892592
0.011337419015896
0.010194083371766
0.007946572992926
0.004852503503433
0.001493029809635
-0.001242061794725
-0.002764167074045
-0.003106461637988
-0.002431934457907
-0.000664807978341
0.002021920997111
0.004654299233460
0.005986202814934
0.005564035295674
0.003808872693934
0.001344479144539
-0.001185281678560
-0.003038068770961
-0.003637662265662
-0.002907366126559
-0.001401163250336
-0.000000487696082
0.000770248840323
0.001014795362775
0.001004398623007
0.000877489628086
0.000791487277714
0.000753528936167
0.000492494019262
-0.000128761767609
-0.000941741097224
-0.001722137696252
-0.002314248694395
-0.002479789513928
-0.001976757290385
-0.001023393750555
-0.000203128858258
0.000178212341280
0.000286495524716
0.000439318811599
0.000752520582928
0.001133411473811
0.001487959968947
0.001571332206912
0.000776151074292
-0.001259704313482
-0.003829210437278
-0.005583128950197
-0.005793932765203
-0.004785076174114
-0.003282968578515
-0.001869259893826
-0.001114986552495
-0.001636613180712
-0.003445118237171
-0.005541384188937
-0.006727416466045
-0.006558461929820
-0.005244298261037
-0.003222388469691
-0.001202148364651
-0.000115521149586
-0.000584009385807
-0.002508563520216
-0.005218001758080
-0.007955342431671
-0.010116405631657
-0.011110207733561
-0.010568081094195
-0.008821609472658
-0.006652037767508
-0.004543513416175
-0.002598668025562
-0.001130555755886
-0.000785046410299
-0.001928669577940
-0.004269255904407
-0.007118065580778
-0.009898646750668
-0.012283428472319
-0.013828709224552
-0.014023777852803
-0.012808813221914
-0.010490484555828
-0.007317101022757
-0.003698418367304
-0.000527293553588
0.001417461792973
0.002170411537257
0.002131180529162
0.001425745858839
0.000310349762831
-0.000464143265644
-0.000340426726732
0.000445130503806
0.001288089997339
0.001970815255826
0.002773125405029
0.003753832464198
0.004298338565503
0.003833219826140
0.002555708831380
0.001136741272645
0.000172363794144
0.000079399395535
0.000957073272148
0.002226699074647
0.003038484022878
0.003251649577514
0.003555995377886
0.004774337613448
0.007059746516676
0.009641829358125
0.011538265532228
0.012182004522337
0.011177443651114
0.008176532916927
0.003572749822766
-0.001203404856112
-0.004609253900946
-0.005689277513721
-0.003948517460658
0.000328001769385
0.005615043918691
0.009884239335540
0.011878606824507
0.011445265105045
0.009008649803700
0.005226615677233
0.000981129140423
-0.002762423149452
-0.005205259181623
-0.006021528127639
-0.005454455885391
-0.003978827829420
-0.002174984478869
-0.000794435863828
-0.000326990533511
-0.000556390416639
-0.000942008063318
-0.001332230382700
-0.001900317044329
-0.002572416103362
-0.003128266857997
-0.003792601382515
-0.005118893490429
-0.007189609280122
-0.009339054250851
-0.010749910417397
-0.011097872962122
-0.010529724362586
-0.009262215082369
-0.007592651914032
-0.006069015776162
-0.005215429333143
-0.005245715500189
-0.006090099601025
-0.007404960720664
-0.008592902643968
-0.009146668682471
-0.009033643056471
-0.008640318295215
-0.008438843451514
-0.008724282416643
-0.009541039547677
-0.010803817518390
-0.012330443746747
-0.013570726240059
-0.013631415691992
-0.012098429648542
-0.009581109747258
-0.006998050676628
-0.004841071966160
-0.003418550413586
-0.003016946420671
-0.003558490938006
-0.004456268986297
-0.004865111234203
-0.004317487467375
-0.003247816466716
-0.002678140233679
-0.003355490050100
-0.005166478826844
-0.007188941318499
-0.008124551184653
-0.006962307035946
-0.003823781110238
-0.000084346582858
0.002770833349351
0.004142802175782
0.003991795346298
0.002309778790244
-0.000545544274230
-0.003528575519153
-0.005469654959511
-0.005866234401888
-0.004998392074685
-0.003539476323700
-0.002253477470569
-0.001891528726149
-0.003044148965905
-0.005738776217854
-0.009053905854254
-0.011538647428009
-0.012169515016376
-0.010551064325010
-0.006624975639341
-0.000931834524741
0.005049051729702
0.009427278561921
0.010990536133146
0.009721349435378
0.006462008017926
0.002345199468145
-0.001545172794056
-0.004212383703275
-0.004853174857302
-0.003252100307521
0.000006175523987
0.003881487117834
0.007336613758382
0.009440022989881
0.009457099774951
0.007212074097685
0.003260515948844
-0.001342821379781
-0.005327347763981
-0.007639979221590
-0.008123909304943
-0.007507970648901
-0.006449832873309
-0.005089688697943
-0.003652902788087
-0.002754842873129
-0.002846814540060
-0.003853186368661
-0.005471620655441
-0.007437017466397
-0.009435461499257
-0.010960489373061
-0.011395064934537
-0.010422482200654
-0.008326811276537
-0.005748402241391
-0.003254754956048
-0.001316966571855
-0.000410401628475
-0.000689487922035
-0.001898847504602
-0.003870612626957
-0.006530230659205
-0.009244226358581
-0.010803057162692
-0.010397950285775
-0.008268783719249
-0.005325859663727
-0.002488970720357
-0.000253706730401
0.001386045140089
0.002513970983331
0.002842996451945
0.001969714470106
0.000041260969996
-0.002104072912143
-0.003482802256128
-0.003594667070890
-0.002638925640940
-0.001290256718396
-0.000321101618252
-0.000313994003112
-0.001473940825653
-0.003536780589508
-0.005870677949687
-0.007714557934865
-0.008501476442028
-0.008150672977076
-0.006885156042197
-0.004713519148756
-0.001404251160043
0.002855753297343
0.006934548246148
0.009280197167218
0.009058462553694
0.006454340073959
0.002076926367524
-0.003296533539422
-0.008423990658177
-0.011750887745616
-0.012262048671048
-0.009970129911080
-0.005629737613716
-0.000458761587349
0.003913228916894
0.005878141119740
0.004711962481141
0.001078170792008
-0.003396719835101
-0.007241207317443
-0.009851393297712
-0.011120509354341
-0.010957335776681
-0.009444620750957
-0.007084300125673
-0.004634239024362
-0.002755689812805
-0.001940297167606
-0.002604137709511
-0.004733341828427
-0.007353379509096
-0.009078065502268
-0.009371493869543
-0.008577857616688
-0.007007879219499
-0.004863658513160
-0.002546401663920
-0.000368320205204
0.001525935515285
0.002737167988838
0.002597366723055
0.000760542240000
-0.002375531168604
-0.005831848915758
-0.008404237541249
-0.009073978453495
-0.007480045406185
-0.004235201324777
-0.000724521077417
0.001919040945097
0.003567871415365
0.004520055230287
0.004632318717491
0.003435909899881
0.001014800250916
-0.001763996820179
-0.004245136785407
-0.006533790218621
-0.008620485455416
-0.009818049264509
-0.009544383975975
-0.007934773562286
-0.005583432695757
-0.003337844789583
-0.001972845449080
-0.001535259716277
-0.001391809778770
-0.000867252465165
0.000568007335951
0.003302206838435
0.007122400248144
0.010983774350106
0.013703627464411
0.014520298219086
0.012947760420751
0.009077138505916
0.004177784450256
0.000208049276932
-0.001311101344175
0.000237202962615
0.004585708160560
0.010570934245775
0.016411052286676
0.020568734583924
0.022506234902721
0.022424193401964
0.020614631199043
0.017639378352602
0.014685485551375
0.012970976273810
0.012989120826836
0.014573709205608
0.017260104003523
0.020320952019220
0.022752929581849
0.023587214129757
0.022372915705496
0.019480531952309
0.015847948737214
0.012315033361786
0.009445910166817
0.007898046692591
0.008327859488894
0.010716277602950
0.014246646831101
0.018041503448928
0.021511870006071
0.024081686474492
0.025354278563626
0.025462208582208
0.024857298120078
0.023896878695167
0.022579540906078
0.020574375724739
0.017739651258194
0.014649866902760
0.012349048353847
0.011543417341446
0.012161881962716
0.013553801170315
0.014908267536536
0.015602907621437
0.015467174027369
0.014871053854493
0.014411855333437
0.014370965913189
0.014454041047949
0.014035868989105
0.012663566564315
0.010359863126715
0.007509640765540
0.004533850512404
0.001752571782959
-0.000525515510141
-0.001911096972115
-0.001978780830991
-0.000670404053502
0.001395413803493
0.003377722891906
0.004840470347480
0.005748424320887
0.006130836100866
0.006109186641942
0.006102260531759
0.006492320779989
0.007121211146230
0.007400873946516
0.006745342584664
0.004967082233385
0.002580493181548
0.000575639138374
-0.000295407858516
-0.000056033793604
0.000645468724308
0.001138003900268
0.000907298885480
-0.000508441884937
-0.003092802160038
-0.005935724589993
-0.007887432159841
-0.008624734853590
-0.008556286261274
-0.007962993140014
-0.006957479134670
-0.005916513702627
-0.005205454404523
-0.004757957433738
-0.004324775002451
-0.003785324825381
-0.003129672836518
-0.002537768293751
-0.002442305937666
-0.003157070049832
-0.004540033935157
-0.006265231497162
-0.008142913371030
-0.009962983206291
-0.011293209685054
-0.011673268107394
-0.011042149511958
-0.009773057494245
-0.008193209817095
-0.006334277264440
-0.004215824863410
-0.002148059418069
-0.000671539348829
-0.000251727932148
-0.001003002640598
-0.002625976462759
-0.004678157435974
-0.006849927808116
-0.008718564909967
-0.009625540736536
-0.009382146626214
-0.008572979362698
-0.007776245800648
-0.007179553363375
-0.006970138590654
-0.007209065804264
-0.007351520763550
-0.006741706818574
-0.005572430980363
-0.004694563069287
-0.004602057766919
-0.005025953077339
-0.005276203159747
-0.004752844981636
-0.003328706698817
-0.001397787568292
0.000394980246207
0.001504521503563
0.001677930377142
0.000925158232586
-0.000488041557375
-0.002073805273841
-0.003399104188820
-0.004243217305623
-0.004474049782989
-0.003984837368290
-0.002816362621435
-0.001413270088944
-0.000662368125278
-0.001277258537338
-0.002968152004607
-0.004458449706635
-0.004560052727422
-0.003199168033541
-0.001276929562747
0.000358524918229
0.001460212572498
0.002017043348649
0.001978731479966
0.001515442166489
0.001116869278982
0.000991334811253
0.000554965606625
-0.000785621420517
-0.002556180733065
-0.003654750695385
-0.003616826495417
-0.002964952911799
-0.002496210645587
-0.002597440055789
-0.003208230242421
-0.004087410825225
-0.005020013645529
-0.005832178885486
-0.006293482302858
-0.006170196137732
-0.005357491567617
-0.004058018411129
-0.002874831063115
-0.002323415610683
-0.002331625193530
-0.002614989707257
-0.003119630623555
-0.003674439035685
-0.003694298861885
-0.002715557137196
-0.000973404660496
0.000858990790634
0.002314184274466
0.003371294392827
0.004193224382610
0.004779974930580
0.005107262690920
0.005555083535078
0.006731317887676
0.008787898070854
0.011116311788273
0.012758366526282
0.013278939186025
0.013181378456585
0.013201004844255
0.013378610836020
0.013126779895500
0.011988834338818
0.010029069293216
0.007806328848770
0.006290703086841
0.006388624707495
0.008164764223521
0.010746249844222
0.013123982842779
0.014776375433097
0.015576960887957
0.015507008488833
0.014597219947095
0.013160024692787
0.011814236419152
0.010834837740605
0.009722214149007
0.007910705022682
0.005637291506215
0.003729327821665
0.002884399546112
0.003340947814976
0.004828014771259
0.006758685831221
0.008620679643493
0.010051818250587
0.010702734332802
0.010491289198794
0.009910246322329
0.009616273395564
0.009721314434490
0.009725780833533
0.008963188426906
0.006933607590060
0.003574617501878
-0.000468626713731
-0.003955594395915
-0.005585358649054
-0.004602553404795
-0.001119486047856
0.003904280019101
0.008833094860073
0.011862296903264
0.011976009035441
0.009598390783432
0.006116655900831
0.002660202489065
-0.000434174343086
-0.002976505448890
-0.004500471788314
-0.004869456231369
-0.004628777041951
-0.004325110089259
-0.003929890990320
-0.003170483913896
-0.002020464093846
-0.000672331632479
0.000683099684125
0.001887340544444
0.002728094775821
0.002888556059691
0.001938752681679
-0.000486676720379
-0.004137346058384
-0.007865759328336
-0.010461100761758
-0.011794042900066
-0.012631703179449
-0.013444689535384
-0.013971726777126
-0.013725688364147
-0.012516587239093
-0.010611262539068
-0.008415400902098
-0.006288684347238
-0.004861019113552
-0.004871201022392
-0.006429757714095
-0.008822453686019
-0.011004332472117
-0.012131213113626
-0.011915310884574
-0.010665259194584
-0.008934093087555
-0.007246706314385
-0.006038102529767
-0.005591761619803
-0.005954080104925
-0.006866467665551
-0.007936154436704
-0.008789200055752
-0.008966381756558
-0.008127986853256
-0.006565997339738
-0.005129067311786
-0.004359219699797
-0.004055838927890
-0.003907124957644
-0.004043312204171
-0.004898115040635
-0.006860954463572
-0.009788882083347
-0.012552081989950
-0.013340627062320
-0.010959816691220
-0.006086393696184
-0.001053657948857
0.001770049708401
0.001461033539037
-0.001301773781588
-0.005066247736432
-0.008310006528784
-0.009905767128145
-0.009590746145834
-0.007898851465710
-0.005635601615380
-0.003597548587767
-0.002481206893928
-0.002580690019347
-0.003669889376015
-0.005413242999260
-0.007563324690466
-0.009828009412271
-0.011874922744556
-0.013285126362657
-0.013570594157837
-0.012402578906719
-0.009902724263528
-0.006836849755491
-0.004317510588364
-0.003188144113949
-0.003685627873559
-0.005528915699002
-0.008115970129945
-0.010483121376349
-0.011541580653810
-0.010944573457461
-0.009385897251920
-0.007780635422743
-0.006608617083573
-0.006070787796528
-0.006294609269574
-0.007063158316376
-0.007621977471808
-0.007202759418169
-0.005739102133069
-0.003836460362098
-0.002118298738557
-0.000818615798531
0.000045457216496
0.000279632036840
-0.000548098824157
-0.002552897239837
-0.005031474418879
-0.006920586771270
-0.007816599876203
-0.008165859847879
-0.008417133276680
-0.008577096915875
-0.008597973967632
-0.008548126120802
-0.008324124884224
-0.007557974139236
-0.005933969010060
-0.003472127091723
-0.000615627460423
0.001744949515164
0.002569273953276
0.001197599322280
-0.002179474843942
-0.006280173711958
-0.009343462371417
-0.010269020469541
-0.008927845748926
-0.005683731079998
-0.001273110278326
0.003010436957199
0.005846977354247
0.006767751315198
0.006113402626306
0.004583304876109
0.003286232471409
0.003291506287293
0.004432161607501
0.005254301059430
0.004540463394226
0.002395500570394
-0.000232962959740
-0.002706197948948
-0.005191112904199
-0.007887375241042
-0.010043449619613
-0.010362184508683
-0.008119040082820
-0.003442580437285
0.002850209893797
0.009153869839748
0.013353193912533
0.013814830043842
0.010317470752749
0.004287857596294
-0.001750876866244
-0.005402561743632
-0.005665255161085
-0.003198709545314
0.000497741095021
0.003986728340005
0.006389718945801
0.007644787282535
0.008463435916184
0.009796387252118
0.012022982197290
0.014627128137541
0.016779640194779
0.018069739115099
0.018507880745038
0.018200427578847
0.017358531895037
0.016187298344806
0.014419569738711
0.011407649703172
0.006895778453819
0.001438065388361
-0.003782906039836
-0.007430752068286
-0.008646556096925
-0.007386786802185
-0.004337697115901
-0.000609218585870
0.002816909741670
0.005566969325488
0.007780359681337
0.009451711109900
0.009893962646020
0.008114086506926
0.003847498820218
-0.001864295917957
-0.007122380393256
-0.010209610050424
-0.010438000220017
-0.008316180584873
-0.005051080772898
-0.001893417755198
0.000141909015183
0.000357077657676
-0.001193540953926
-0.003274468209765
-0.004083969983385
-0.002673274844740
0.000344258735012
0.003432424456847
0.005351648677816
0.005862030780599
0.005412939594539
0.004433918341090
0.002990279751837
0.000919038001844
-0.001688611854240
-0.004308999676663
-0.006398401156983
-0.007518905697683
-0.007039217856433
-0.004448821800854
-0.000208081604245
0.004227845232176
0.007365141588246
0.008462154669731
0.007651320521322
0.005634654120245
0.003197510081443
0.000798021493209
-0.001399472111156
-0.003238707187893
-0.004652637349902
-0.005821374772850
-0.006836354195635
-0.007336966020565
-0.006672759868416
-0.004335064451121
-0.000310736338599
0.004677140961267
0.009264003016988
0.012042552801925
0.012257351367786
0.010050627811293
0.006091963871823
0.001258619004306
-0.003240473712953
-0.006248402377728
-0.007291226010282
-0.006346293399014
-0.003628962178030
0.000189440021055
0.004153244973707
0.007309306829917
0.008882569793299
0.008585161977767
0.006909632645018
0.005063083653460
0.004238486991187
0.004756441669483
0.006014701575348
0.007168182432465
0.007664331733007
0.007329586695988
0.006400399188528
0.005469058786333
0.005177183844690
0.005772564841010
0.006672558859625
0.006722815630131
0.005354899828353
0.003183245009605
0.001203780764431
-0.000133004103405
-0.000781742630408
-0.000535171178700
0.000840735883062
0.003126694035237
0.005667187811487
0.007672775025907
0.008457691879425
0.007684592110593
0.005482882432976
0.002154525867092
-0.002239977359173
-0.007649195110813
-0.013318182795231
-0.017708075687905
-0.019295125771969
-0.017482609834657
-0.012993831651327
-0.007451732637520
-0.002403167377873
0.001350173980479
0.003660445124968
0.004496350529843
0.003501297103816
0.000320728782845
-0.004482914331545
-0.009379065953356
-0.012931574674890
-0.014514172293220
-0.014057087431536
-0.011684874814245
-0.007835848029495
-0.003356832258712
0.000677558266123
0.003192139208046
0.003560218041675
0.002126676337384
0.000016240575865
-0.001846230547759
-0.003239595567593
-0.004141100390542
-0.004374062307198
-0.003878549512540
-0.002924422034675
-0.001928412308986
-0.001066526605591
-0.000094743226093
0.001394338116489
0.003477989519823
0.005659414292028
0.007196196126374
0.007695682955266
0.007232453179984
0.005811785400488
0.003203672731910
-0.000407162560440
-0.004097347572686
-0.006660927922017
-0.007173178404184
-0.005323046970374
-0.001422995818981
0.003667258416717
0.008633933284897
0.012169297204145
0.013337940687011
0.011713732976123
0.007814533603689
0.003267933957602
0.000015076872246
-0.000895903577880
0.000405290469918
0.003378463850046
0.007384682742517
0.011368467191401
0.014132980970062
0.015139602019497
0.014765745924508
0.013747954618415
0.012446472229914
0.010649598146098
0.008115927252668
0.005272930526207
0.003249527304935
0.003028655975565
0.004609005208960
0.007228129753622
0.010077479864568
0.012380277232759
0.013449049174734
0.013285565690296
0.012376784804758
0.010799212482986
0.008485137502050
0.005982967963437
0.004092558498710
0.003178114696536
0.003262930614854
0.004417035718762
0.006716863942892
0.009781920229388
0.012569280820288
0.013986098081586
0.013686594889475
0.012264326943500
0.010753267240992
0.009781379246794
0.009245063363717
0.008765004990589
0.008308614528507
0.008280558659384
0.008939444746773
0.010057505033165
0.011093378349697
0.011402735780706
0.010590521235563
0.008822387142348
0.006838314605482
0.005519471253068
0.005056809960535
0.004835416653633
0.004218991576991
0.003032156002264
0.001502230450407
0.000082793211055
-0.000724522399064
-0.000722548097518
-0.000355995264363
-0.000381096701191
-0.001287142064480
-0.003073541653241
-0.005146164700682
-0.006673908103682
-0.007355025416161
-0.007535825118653
-0.007624307126518
-0.007653350602145
-0.007395093604908
-0.006801516957604
-0.006268002424768
-0.006358508779861
-0.007191357279644
-0.008310986496373
-0.009297549821080
-0.010159395707863
-0.011099992418193
-0.012299461561781
-0.013790548270015
-0.015273491828066
-0.016222105288540
-0.016158784629065
-0.014807802628511
-0.012275038063222
-0.009198697271884
-0.006652905486170
-0.005698511038846
-0.006714433134602
-0.008967243990731
-0.011047663773669
-0.012097312378085
-0.012363198718391
-0.012518836915632
-0.013031828086247
-0.014043553167894
-0.015315674629677
-0.016292294295462
-0.016339697547362
-0.014972592523617
-0.012003283809345
-0.007801156720467
-0.003451945107637
-0.000250568806616
0.000974757897452
-0.000040545529052
-0.003110636876161
-0.007585480824552
-0.012316635408815
-0.015797658809776
-0.016753592264269
-0.014891051037087
-0.011074697473828
-0.006740729884218
-0.003140579919261
-0.001032977950873
-0.000782536468616
-0.002408150242475
-0.005414281979037
-0.008830070721092
-0.011722493937918
-0.013639891526794
-0.014522362869204
-0.014368897577128
-0.013195874742915
-0.011395707150558
-0.009873459128049
-0.009424660618863
-0.009943372676797
-0.010501062278307
-0.010268269864900
-0.009222222659155
-0.007896647559464
-0.006580293389774
-0.005076275372573
-0.003256534775919
-0.001480916927984
-0.000497689987956
-0.001069395166024
-0.003429491228704
-0.007130713178430
-0.011333637776010
-0.014795214111404
-0.015996544787401
-0.014083251905143
-0.009730067692020
-0.004721886293572
-0.000716574062878
0.001408868868238
0.001586425384804
0.000402872967499
-0.001471124019666
-0.003820961596030
-0.006534839830364
-0.008854212927684
-0.009627274641024
-0.008429836036524
-0.005934016070099
-0.003204991603933
-0.001155713772863
-0.000567490720760
-0.001826088685204
-0.004336311137572
-0.006661443230207
-0.007376220955562
-0.005823515452903
-0.002474909788048
0.001344669201125
0.004269402639480
0.005665292059584
0.005813852427809
0.005412242690551
0.005098064625489
0.005255291729915
0.005806110114117
0.006244016105519
0.006116539550061
0.005558277541686
0.005193752931894
0.005474010163666
0.006239198275175
0.006911354058241
0.007159596379903
0.007216720591673
0.007399666718777
0.007578784593471
0.007260583976996
0.006316781826387
0.005507953265981
0.005831369654323
0.007532270832667
0.010044477539345
0.012577404629001
0.014656006548121
0.016199706250646
0.017098383438290
0.017040973513733
0.015868437239414
0.013769553823299
0.011146439683108
0.008489074507977
0.006244460821342
0.004660487961522
0.003848613255412
0.003946053640552
0.005075180603932
0.007110113915344
0.009502201272380
0.011516024402007
0.012615856572609
0.012494875339389
0.011048132451174
0.008619865476984
0.005963145581857
0.003627124843564
0.001833786131223
0.001178376508420
0.002645572932188
0.006347108117728
0.010600218055883
0.012821286050358
0.011401706066149
0.006725988690104
0.000786535189657
-0.003977688977236
-0.005790198292343
-0.004123777879819
0.000236658709788
0.005495538084369
0.009416584031158
0.010332339258178
0.008204428027163
0.004486951575419
0.000799779546709
-0.002012284057009
-0.003769721347994
-0.004542681240384
-0.004438521783620
-0.003460378643797
-0.001521420891994
0.001182546466394
0.003926792088361
0.005870740693153
0.006497321677247
0.005486622907583
0.002823317417875
-0.000625818956652
-0.003280939907871
-0.003897004906239
-0.002209475454543
0.001208087156771
0.005354663794721
0.009158676072314
0.011683233673936
0.012363894405608
0.011339338806412
0.009433606507359
0.007584267176019
0.006279802784870
0.005507596495900
0.005024252069056
0.004618775372640
0.004121816352506
0.003406138033068
0.002801992049372
0.003291005031385
0.005743647253901
0.009802200514255
0.013692583473321
0.015299639802348
0.013665023645929
0.009777089954816
0.005765405384762
0.003263832233579
0.002693228514791
0.003512302044474
0.004649454136657
0.005161993133523
0.004929400609516
0.004537282096790
0.004471549248849
0.004770609401034
0.005292920797366
0.005822223742082
0.005974878191646
0.005447002578435
0.004474486741214
0.003729136832324
0.003612854033906
0.003872088744748
0.003827414779939
0.002783370322923
0.000547442254738
-0.002180808413637
-0.004215391343317
-0.004839942580107
-0.004166344499993
-0.002667129302666
-0.000795605079906
0.000991237654487
0.002207074551041
0.002446769116096
0.001635203022710
0.000160569462698
-0.001440337956066
-0.002919442269861
-0.004326775588445
-0.005690764217570
-0.006993296915248
-0.008329498830304
-0.009626589879976
-0.010425653984780
-0.010293158968968
-0.009174652239842
-0.007249972202177
-0.004877121998973
-0.002812704392788
-0.001878586374520
-0.002140244468082
-0.002911052662602
-0.003680099146879
-0.004697405782630
-0.006549694572455
-0.009386151180372
-0.012613719824218
-0.015047831628746
-0.015613254219190
-0.014334349343413
-0.012361768995430
-0.010945467856430
-0.010584149956579
-0.010879176405936
-0.010799037120452
-0.009301434334016
-0.006332509090776
-0.003180717243064
-0.001498469817403
-0.002166584331509
-0.004976531869623
-0.008940014881711
-0.012863040017237
-0.015775606519471
-0.017023127907819
-0.016162864724174
-0.013046342667216
-0.008210561209503
-0.002953398243800
0.001260493538572
0.003540021264837
0.003811030611779
0.002581518007683
0.000591076537630
-0.001551953910449
-0.003463201499918
-0.004804419103192
-0.005304686835144
-0.004893028128816
-0.003692749428863
-0.001836029801078
0.000733238709750
0.003930184944073
0.006943437402890
0.008438759468933
0.007488911190619
0.004214410645090
-0.000285301485035
-0.004516476317332
-0.007304196141792
-0.008080092986028
-0.006683990412619
-0.003236516945334
0.001653888791791
0.006762680907621
0.010727614155040
0.012633448110378
0.011955978373398
0.008543664108430
0.003100542362076
-0.002674518526098
-0.006839733228775
-0.008318494062524
-0.007294992427347
-0.004667555909158
-0.001403223864584
0.001623841728082
0.003708272239604
0.004694065647918
0.004963877720115
0.004869557240191
0.004514511518527
0.003783212994315
0.002280853484099
-0.000229360058014
-0.003207181459593
-0.005547961436707
-0.006348685006078
-0.005308003418323
-0.002795671389917
0.000131086474688
0.002162124035580
0.002394967541929
0.000525108943857
-0.003136838322961
-0.007505249220999
-0.010930290056852
-0.012070812714098
-0.010643196773292
-0.007316750815838
-0.003233275647751
0.000348105812061
0.002373246156022
0.002460396261970
0.001261977486097
0.000010627899436
-0.000526288929817
-0.000520961490823
-0.000578185114422
-0.001051888397512
-0.001972756059571
-0.003313012343893
-0.005029785718323
-0.006863273728359
-0.008268177479738
-0.008703819856500
-0.007920759340913
-0.005965022382986
-0.003079797345516
0.000297595905724
0.003496433597985
0.005809871874117
0.006843463338141
0.006631378553332
0.005451173031896
0.003481275078873
0.000738089661469
-0.002511714271667
-0.005605230505096
-0.007967456201065
-0.009373733366855
-0.009562470451739
-0.008112106386999
-0.004975724287428
-0.000678039030367
0.004132038209812
0.008898759615043
0.012947671314947
0.015459884590853
0.015741193441620
0.013438256013208
0.008734803891608
0.002520868070039
-0.003891618238538
-0.009290136053073
-0.012677858815430
-0.013232878121092
-0.010528595696414
-0.004876938657424
0.002502945240644
0.009822524775119
0.015292566952823
0.017426053783241
0.015479479862645
0.010078345654339
0.003020941074457
-0.003750688505499
-0.008807173991872
-0.011238783845149
-0.010691462332277
-0.007481794749360
-0.002388803449354
0.003610416668397
0.009252060665282
0.013020797551719
0.013773173972146
0.011402222196942
0.006869513863835
0.001594634830964
-0.003242356032826
-0.006763284853023
-0.008139210734800
-0.006976335137156
-0.003863527523060
-0.000112107086675
0.003013538892288
0.004823893068814
0.005180359878742
0.004299467847121
0.002778547872376
0.001341850829789
0.000224963848505
-0.000836581186312
-0.001943370260433
-0.002779188383264
-0.003059134651652
-0.002893241895788
-0.002618754352350
-0.002519775551309
-0.002856466588020
-0.003839097284814
-0.005263267817879
-0.006396217974820
-0.006529007388626
-0.005663634155001
-0.004520355403504
-0.003884963865194
-0.003990599945552
-0.004353615529685
-0.004332268369604
-0.003993954665014
-0.004148833043527
-0.005550020152564
-0.008189023414823
-0.011219926963611
-0.013603794818634
-0.014837337156180
-0.015009956793352
-0.014348108467440
-0.012932608932185
-0.010907753803276
-0.008680764881475
-0.006735575718285
-0.005421603326020
-0.004902763684261
-0.005250200059266
-0.006543032014823
-0.008671649468711
-0.011085974305111
-0.012902215024703
-0.013371513859924
-0.012363838598181
-0.010331543778607
-0.007905852710620
-0.005752162587526
-0.004482024534683
-0.004239564370309
-0.004542370467828
-0.004691544336870
-0.004220307168103
-0.003254973439426
-0.002550142042365
-0.002825561166366
-0.004189950276755
-0.006290883540661
-0.008671620254336
-0.010859311784740
-0.012279713538407
-0.012360317035831
-0.010878172303464
-0.008125527406129
-0.004651359306820
-0.000911907978371
0.002726357925528
0.005788455897746
0.007820230941062
0.008691684915207
0.008370420166200
0.006460780421492
0.002627139180516
-0.002520440691916
-0.007498296050898
-0.010755675323601
-0.011213408273309
-0.008406911368693
-0.002610909118319
0.004830766311480
0.011618142379947
0.015580057804663
0.015831400817425
0.013038215423423
0.008789389654874
0.004587767509841
0.001241034003983
-0.000928086721201
-0.001606498802878
-0.000567394669678
0.001963994233317
0.005449729983563
0.009328234157626
0.012955695136037
0.015672042510185
0.016984526327041
0.016524102695351
0.014208777255269
0.010618444567574
0.006835854371795
0.003960228858865
0.002970548696766
0.004607996306908
0.008894466796889
0.014813439413814
0.020649253231608
0.024707387668642
0.026033113733577
0.024725199381183
0.021429581563353
0.016789457749443
0.011641325616734
0.007195209850431
0.004669374297802
0.004718575902661
0.007012207437937
0.010457431038721
0.014006771312555
0.017207824150514
0.019970122824025
0.022011230341515
0.022898767360800
0.022519975874226
0.021133132850422
0.019075032335369
0.016619840055899
0.014121486358889
0.012048677442673
0.010620033538561
0.009743327903050
0.009445573329339
0.009913623862074
0.011220657393930
0.013254902129589
0.015568496123585
0.017296440928034
0.017666688949192
0.016515920692833
0.014139231177330
0.011060089977819
0.008033702929991
0.005827056614847
0.004877405804336
0.005097367825422
0.005925392133771
0.006730678758781
0.007121275151587
0.006842195873907
0.005796469503804
0.004359935127902
0.003353541781599
0.003507525649719
0.004923011209639
0.006846837882945
0.008021228235349
0.007581322078949
0.005750014535408
0.003683259764062
0.002541445021660
0.002721607976338
0.003903360077886
0.005349566239686
0.006195069421555
0.005841355503514
0.004182834057507
0.001622856819151
-0.001061485748306
-0.003025625260198
-0.003711804322626
-0.003074537944333
-0.001569702491735
0.000083587369221
0.001296445872124
0.001927030000382
0.002238271721820
0.002416659249017
0.002152613443819
0.000968066560360
-0.001143354366778
-0.003618978365324
-0.005787755358678
-0.007362665468569
-0.008299179543570
-0.008357262336705
-0.007355990908222
-0.005656955513852
-0.003955828639605
-0.002718215710746
-0.002083568069337
-0.002220388921563
-0.003293749351472
-0.005048370775692
-0.006798962568443
-0.007848272116028
-0.007884428312017
-0.007089086268830
-0.005899772983121
-0.004769676573350
-0.004192891146945
-0.004590695770231
-0.005862974612655
-0.007323745024049
-0.008284564188413
-0.008494249318755
-0.008085596494927
-0.007483250353668
-0.007277509100216
-0.007747217106921
-0.008513986350289
-0.008843704978737
-0.008174620655941
-0.006463423056805
-0.004362031169788
-0.003014293746740
-0.003337524052563
-0.005398748961364
-0.008559379203745
-0.012021995183542
-0.015046737469178
-0.016868855951708
-0.016782533619867
-0.014545607300549
-0.010751343669692
-0.006689290555758
-0.003638673636977
-0.002147744832684
-0.001974981808822
-0.002617065201637
-0.003730925858257
-0.005184611572719
-0.006962649262683
-0.008961359971466
-0.010696730961870
-0.011316830434655
-0.010150707010178
-0.007258816356076
-0.003427745852667
0.000198219546851
0.002618448056464
0.003328679601462
0.002183181307664
-0.000716203913380
-0.004832629624497
-0.009289517395843
-0.013187173491871
-0.015619261172785
-0.015523024397200
-0.012049098359611
-0.005499266679837
0.002274046296013
0.008644715319399
0.011519982597427
0.010251946122849
0.005682010864353
-0.000413156504753
-0.005976569243471
-0.009332466255679
-0.009773015778993
-0.007699585734568
-0.004157333343415
-0.000166879175610
0.003503595244770
0.006088699948071
0.006980289770762
0.006328573568572
0.004941694878305
0.003623335100685
0.002901389503237
0.002962057684596
0.003463029154227
0.003692252939427
0.003166590560867
0.001858097765936
-0.000081591134420
-0.002367213444253
-0.004424793654134
-0.005476880530001
-0.004876909461047
-0.002510686081496
0.001107064294420
0.005153318076351
0.008773258102961
0.011134360259854
0.011460004452962
0.009114575169147
0.003896077942536
-0.003468784279122
-0.011113141989569
-0.016496005388344
-0.017507460490867
-0.013730401600524
-0.006841925654054
0.000525323852958
0.006457125811751
0.010192523821027
0.011334035508985
0.009559206941760
0.005288370187779
-0.000189142863289
-0.005516678143244
-0.009698133202866
-0.011939358226168
-0.011708829767836
-0.009085375319392
-0.004892616906344
-0.000426040670717
0.002900446754683
0.004016635153504
0.002834380585406
0.000281735025559
-0.002394155884386
-0.004325201290217
-0.005394703633703
-0.005995077921519
-0.006399882396172
-0.006653700724418
-0.006885866204468
-0.007222682208347
-0.007420219060595
-0.006970844825925
-0.005598542100324
-0.003396910359137
-0.000716358603278
0.001674108132533
0.002777961345444
0.002296351846352
0.000953252615207
-0.000400765881312
-0.001590022341518
-0.002874057489418
-0.004142884510678
-0.004555268629536
-0.003099033252497
0.000435060095021
0.004978128920886
0.008704035922986
0.010024748331995
0.008273201526421
0.003974427079094
-0.001420232060595
-0.006311348273531
-0.009630921394614
-0.010998075332280
-0.010381823013369
-0.007862170289193
-0.003900664538099
0.000445245667537
0.003922030193569
0.005871685250776
0.006501943524470
0.006203862858491
0.004956680555049
0.002622158890139
-0.000537654347127
-0.003837327985355
-0.006426294346664
-0.007536092901392
-0.006731894839616
-0.003990354617924
0.000238986506554
0.004836379107471
0.008371642745724
0.010062213139054
0.010190747557794
0.009490693412623
0.008406091965252
0.007058977982760
0.005595121829078
0.004417713654564
0.004087096547076
0.004873358780033
0.006479421054073
0.008168592185645
0.009115466487312
0.008989735523125
0.008339904420183
0.008063272329635
0.008441745715564
0.008848549732829
0.008298475007589
0.006365224648853
0.003750842551318
0.001821044609122
0.001408024091467
0.002182326145198
0.003295487868179
0.004351172492179
0.005491846942783
0.006778771639706
0.007854341163564
0.008188108124236
0.007440138539992
0.005641918960773
0.003303117052939
0.001323869371816
0.000456552993103
0.000844390305186
0.002180680084900
0.004069221054634
0.006171756586591
0.008127098949601
0.009413032190282
0.009471530504840
0.008044907118095
0.005459747535204
0.002599748095695
0.000448654908996
-0.000310472242292
0.000602561598568
0.002965352868580
0.005976347206372
0.008376128539910
0.009051418680538
0.007974947875282
0.006291826077181
0.005193650865469
0.004941977735770
0.005046763895573
0.005028352257542
0.004766577481881
0.004312997771274
0.003560230696270
0.002173187684937
0.000042869038294
-0.002264166929223
-0.003776666650097
-0.003898545055988
-0.002929270072888
-0.001819423499635
-0.001347472616289
-0.001519270638148
-0.001809773078194
-0.001853196390437
-0.001737967971667
-0.001723949581314
-0.001832949153161
-0.001843384334581
-0.001721306534285
-0.001957703167111
-0.003325423066623
-0.006142367608700
-0.009753177441904
-0.012751612785469
-0.013770027854326
-0.012324863825961
-0.009109724599090
-0.005489687165920
-0.002662372557593
-0.001144608814153
-0.000857685872715
-0.001452066740230
-0.002373841139072
-0.002999836190237
-0.003147800373149
-0.003217436343198
-0.003625410631122
-0.004399846324640
-0.005396218551219
-0.006481224232979
-0.007435706183603
-0.008069955169183
-0.008361941409036
-0.008262773504395
-0.007647874033304
-0.006581963595575
-0.005431363948067
-0.004715442200353
-0.004772812739499
-0.005486276143916
-0.006581022796174
-0.008075640495888
-0.010056643113551
-0.012253186948353
-0.014121625830263
-0.015059348866379
-0.014505196323879
-0.012401949005407
-0.009692185524844
-0.007834549799486
-0.007756429306485
-0.009462050581031
-0.012192644895863
-0.014666505873758
-0.015703411415158
-0.015023245045006
-0.013338399738531
-0.011688835338231
-0.010753482304341
-0.010503232560848
-0.010270489701029
-0.009341799136937
-0.007598065961755
-0.005614071879023
-0.004345406548254
-0.004529895388692
-0.006013733327577
-0.007686193453074
-0.008309844059140
-0.007673824197484
-0.006732532966622
-0.006354405354445
-0.006466567583934
-0.006559096293163
-0.006350082930459
-0.005806003151657
-0.004910232041353
-0.003733124357578
-0.002664833216497
-0.002209949660584
-0.002647013421486
-0.004079108812269
-0.006266769531305
-0.008274611321401
-0.008935566287958
-0.007694655944748
-0.004839974985014
-0.001294030060827
0.001711029465312
0.003076858570458
0.002327160612983
-0.000110402742499
-0.003118747790269
-0.005474106708218
-0.006301809430894
-0.005268585029881
-0.002699266340908
0.000529430148627
0.003406204026667
0.005207760851962
0.005656684380215
0.004723247184386
0.002434414176875
-0.000841941767595
-0.004049115759008
-0.005836112700140
-0.005503092923502
-0.003409068956476
-0.000388696295520
0.002996706538753
0.006401154511344
0.009165251570166
0.010359559283328
0.009430167451593
0.006759448531061
0.003568836905308
0.001096707060620
-0.000136602266380
-0.000281281359317
0.000366673403066
0.001639035696425
0.003378143022844
0.005308884525126
0.007017553006386
0.008039247302562
0.008066948367436
0.007221092461306
0.006129277367581
0.005468610320601
0.005363095070475
0.005290762491817
0.004577662708154
0.003144499763483
0.001712467312255
0.001190445466044
0.002052632636833
0.004130191092854
0.006670140959299
0.008845838722654
0.010396308801451
0.011536150943490
0.012419701492584
0.012898011230079
0.012498821051077
0.010599044969770
0.006905016908331
0.001959731670420
-0.002863162105836
-0.006039833371523
-0.006589308196545
-0.004265365225740
0.000575058486620
0.007069562562903
0.013729136627119
0.018554568577472
0.019912868588509
0.017634569437103
0.013174569880801
0.008547530641285
0.005072640991457
0.002901524722067
0.001420029622096
0.000230419929725
-0.000111020093684
0.001415509906858
0.005035439193238
0.009735352546662
0.013993054289277
0.016654062337686
0.017305087434418
0.016083992014449
0.013229217301074
0.009083589552115
0.004479756901277
0.000609073735734
-0.001652904528236
-0.002111761329869
-0.000956253185323
0.001668482265460
0.005630872554724
0.010400775354718
0.014728168206376
0.016926390367776
0.015772377681667
0.011261663620998
0.004698572718140
-0.001825391258991
-0.006413589612241
-0.008120389788181
-0.006829807220228
-0.003028156429632
0.001883284088326
0.005810338321515
0.007208074264315
0.006030578290673
0.003395832354918
0.000460112001916
-0.002314574714767
-0.004919198164010
-0.007097801479750
-0.008082323989449
-0.007078602886682
-0.004046689023824
-0.000050854920850
0.003290945089258
0.004715469469609
0.003629193252148
0.000143836531161
-0.004728884290703
-0.009171014383116
-0.011021382628385
-0.008629529804721
-0.002109879503739
0.006086244427584
0.012355420115257
0.014063194569109
0.010634076946788
0.003337255796904
-0.005184216466127
-0.011941146084529
-0.015072606809846
-0.014185564896448
-0.009754998770336
-0.002941372971578
0.004368833117143
0.010074643128875
0.012722567579173
0.011866685135838
0.007812079504784
0.001348883957558
-0.006247188382517
-0.013021747415361
-0.016520948068693
-0.014848748604946
-0.007911109975181
0.002256134873259
0.012241462352312
0.018498359937041
0.018715399901320
0.012879311775061
0.003141817625673
-0.007265621365053
-0.015030054801630
-0.017653833817221
-0.014341242220410
-0.006332892330431
0.003602439284687
0.012230764453094
0.016872844357812
0.016106976520663
0.010212778493404
0.001107911911954
-0.008405105203388
-0.015597962438197
-0.018485064887681
-0.016154597205877
-0.008902514738357
0.001503308549378
0.011763223045206
0.018186888497847
0.018489377339392
0.012638512066919
0.002688146797642
-0.007803572355722
-0.015052997182499
-0.016737943732102
-0.012795486722349
-0.005014286425576
0.003828986985678
0.010976658142335
0.014535092256756
0.013713325034560
0.008859678560388
0.001605419216558
-0.005449163162168
-0.009774778422176
-0.010088078379898
-0.006873437490197
-0.001870706897764
0.003074561293078
0.006732418710030
0.008433037113221
0.007906461211427
0.005335154706461
0.001474390668360
-0.002421483936817
-0.005015321209688
-0.005418646618584
-0.003601666881624
-0.000302386769302
0.003510667863122
0.006884981513977
0.008886530621193
0.008763434536703
0.006185467090969
0.001525864460247
-0.003961429468629
-0.008460608385768
-0.010498417616490
-0.009537110438910
-0.005658040845809
0.000540683762982
0.007496010678725
0.012965041692301
0.015137014073741
0.013425018972759
0.008587975002107
0.002569185249572
-0.002152088306114
-0.003688573158400
-0.001377343497584
0.004165322987100
0.010974103904198
0.016077073926170
0.016843827597945
0.012630109373000
0.005146191999691
-0.002668312573614
-0.008138495513131
-0.009987501076931
-0.008456102244104
-0.004456190543683
0.000920681777246
0.006191031516568
0.009672528513671
0.010346033858674
0.008340577797869
0.004765772030486
0.001323612700066
-0.000578736517222
-0.000755699300889
-0.000015028171934
0.000679578973755
0.000439196558677
-0.001405029134325
-0.004558521809847
-0.007464788086222
-0.008221551477871
-0.005833258051019
-0.000876623254291
0.004770315088151
0.009043155530239
0.010643909386476
0.009062005778578
0.004382864207387
-0.002434512908266
-0.009490476873657
-0.014690962979291
-0.016654583174786
-0.015150159008886
-0.011216691394001
-0.006781853834511
-0.003602720257513
-0.002504843626925
-0.003598596198833
-0.006465499566731
-0.009822600357740
-0.011958965478704
-0.011973593966234
-0.010217945720898
-0.007888995012067
-0.006448303611840
-0.006690631423027
-0.008099411990319
-0.009502813620896
-0.010204066556155
-0.010106647453649
-0.009171506984468
-0.007451607431167
-0.005549578372609
-0.004484664362038
-0.004907404467051
-0.006499151229818
-0.008138079879674
-0.008691741524375
-0.007858488771938
-0.006238326827378
-0.004499840692299
-0.002794317822400
-0.001080621219430
0.000299686755120
0.000642734280109
-0.000309786076836
-0.001817154709413
-0.002856097172943
-0.003173747333280
-0.003245743729019
-0.003502559177672
-0.003909176856264
-0.004049130458411
-0.003596953914393
-0.002816183195306
-0.002246728680146
-0.001872026816431
-0.000995496614050
0.000988857010344
0.003837308954922
0.006509441928413
0.008033316267586
0.008238134262311
0.007530129122721
0.006292987141858
0.004831707207089
0.003648290728690
0.003405953117069
0.004430276013081
0.006209303481608
0.007633463815119
0.007940473256654
0.007267310089060
0.006149526147758
0.004875115566500
0.003677008818296
0.003049283082838
0.003392641833745
0.004547670787160
0.005601311392052
0.005205054961418
0.002736215514984
-0.000873459909296
-0.003871054329158
-0.005061418430293
-0.004364233734274
-0.002396768052293
0.000185689481627
0.003098802778976
0.006196262196458
0.008649727124473
0.009073882704708
0.007075295318286
0.003880409364394
0.000966763294007
-0.001057565278270
-0.001934537553525
-0.001224014461435
0.000953092544514
0.003269993296946
0.004096589486338
0.002821011721666
0.000091295114170
-0.002666775196684
-0.004044676777759
-0.003639244083149
-0.002179719268716
-0.000513203506572
0.001048475358127
0.002315942795522
0.002896111584469
0.002507359531490
0.001249408418953
-0.000384188612060
-0.001726906507765
-0.002450397169726
-0.002706417352453
-0.002609419052673
-0.001913578036234
-0.000471988913630
0.001120705414141
0.001709207794668
0.000620090039952
-0.001506306484231
-0.003271243822641
-0.004046392234089
-0.004259079143884
-0.004148417573297
-0.003342030939008
-0.001725888876695
0.000133411771647
0.001586772730412
0.002518296968694
0.003250307477301
0.003988458836877
0.004289732513338
0.003197637527417
0.000319091277862
-0.003380998772874
-0.006167012747908
-0.006821283737871
-0.005430314994956
-0.003050383881382
-0.000551544901304
0.001885625238997
0.003929616226963
0.004662514274265
0.003555067455937
0.001216808917283
-0.001064632604416
-0.002250650123394
-0.002167664424112
-0.001364690729293
-0.000398881633290
0.000508736288790
0.001130596122518
0.001123529473939
0.000480617974704
-0.000342710740159
-0.000911283099704
-0.001257525469112
-0.001722177589400
-0.002307450621681
-0.002471347041571
-0.001732944541871
-0.000261989510026
0.001109906090991
0.001393717938542
0.000273371573657
-0.001493751066305
-0.002805238288703
-0.003234411775709
-0.003048113770869
-0.002591905135475
-0.002093265898458
-0.001768690142360
-0.001670258569646
-0.001573121119157
-0.001310885808371
-0.000954025131170
-0.000657218706898
-0.000745662349770
-0.001567957389245
-0.002908349790919
-0.004031551160785
-0.004425099447859
-0.004101339270742
-0.003280274316535
-0.002199150242366
-0.001098011400458
-0.000175880694787
0.000264295156153
-0.000153555063791
-0.001367457816423
-0.002707337251646
-0.003528990324363
-0.003762924283317
-0.003592485617454
-0.002944477178586
-0.001724722498323
-0.000254989524562
0.000934849606619
0.001643353554141
0.002219837607317
0.003242662545869
0.004834205348843
0.006324355060729
0.006845570913978
0.006250717876917
0.005154539762381
0.004153111613094
0.003383422047178
0.002740924488517
0.002165353238121
0.001762066177698
0.001760352603328
0.002288121470345
0.003281655288949
0.004625470180604
0.006075160489971
0.007021380345865
0.006707232811893
0.004920201651706
0.002408523255424
0.000361831347645
-0.000587854230142
-0.000696483604845
-0.000428051781338
0.000276683695152
0.001598984797053
0.003060224246555
0.003936083112107
0.004074473246150
0.003740653285008
0.003109712260756
0.002249971608592
0.001297181854444
0.000515082406598
0.000269590817968
0.000640724383367
0.000983228802291
0.000467069624727
-0.000861499221909
-0.002064004056673
-0.002254318852308
-0.001196845542810
0.000716582767101
0.002661526647763
0.003873374538987
0.004130649293711
0.003445076175574
0.001735016433589
-0.000739044561270
-0.003221169954829
-0.005017986186087
-0.005919956277305
-0.006069806097015
-0.005641803479245
-0.004841034455872
-0.003947546067241
-0.003137397090555
-0.002526587462053
-0.002240760088967
-0.002201993484393
-0.002145361330013
-0.001930004402991
-0.001667702762580
-0.001635403565845
-0.002098579517028
-0.003077522277122
-0.004322837738394
-0.005531523978710
-0.006459084102944
-0.006903215724401
-0.006809790643575
-0.006436813376399
-0.006160770886113
-0.006032072537712
-0.005689112783741
-0.004772621542689
-0.003502229497702
-0.002676690940234
-0.002858874013961
-0.003856123572738
-0.005105468696652
-0.006150797980192
-0.006692034888538
-0.006605081999337
-0.006052870828951
-0.005335676863537
-0.004707734398340
-0.004389607020541
-0.004394038277116
-0.004387065548118
-0.004030842086039
-0.003283293539447
-0.002301475732641
-0.001326990978882
-0.000523430862307
0.000246197436511
0.001201758546760
0.002225573961407
0.002970934010385
0.003350536372204
0.003678929429032
0.004252372570375
0.005001247056427
0.005611104757203
0.005736757851630
0.005253265123326
0.004502939062380
0.004080684999450
0.004340260884621
0.005157418081839
0.006018305651708
0.006317221926314
0.005736144380759
0.004517575710436
0.003374031225841
0.002970815198983
0.003493995284524
0.004655406890234
0.005876829040419
0.006609935914765
0.006662620379450
0.006151328368270
0.005286635468477
0.004242415332019
0.003142636772167
0.002251020844756
0.001917812666953
0.002076894282463
0.002204363588460
0.002055915932532
0.002050786889556
0.002774772494566
0.004383775469002
0.006528930332850
0.008587229830998
0.009808162579465
0.009624351794158
0.008111066989114
0.005890310652002
0.003641336211529
0.001857132262746
0.000814528075539
0.000550006524113
0.000805739103353
0.001205745115782
0.001663255876545
0.002424905935535
0.003627701488799
0.004896558586577
0.005498579701619
0.004985211612109
0.003548882887683
0.001718966740791
-0.000073325168026
-0.001537259563663
-0.002370180981889
-0.002302021400112
-0.001297720584777
0.000237955748088
0.001605873130013
0.002437384168922
0.002988849915327
0.003581556522426
0.003961678543439
0.003524129511362
0.002043775435060
-0.000033047318912
-0.001888868465332
-0.002914278465569
-0.003009733328990
-0.002341608956266
-0.001121610032568
0.000406905626587
0.002004205610074
0.003408410227809
0.004334956029249
0.004519766748330
0.003782145798331
0.002234244843912
0.000294282798907
-0.001626635962868
-0.003229267584486
-0.004121729133102
-0.003908818523225
-0.002688065438213
-0.001047173541771
0.000547150010664
0.001861997429719
0.002479202188302
0.001870734798210
-0.000001854178560
-0.002485982982273
-0.004665949629734
-0.005832935005202
-0.005666033143165
-0.004294282688917
-0.002309642571829
-0.000457425707125
0.000721196964926
0.000815373312032
-0.000423097713974
-0.002674844194844
-0.005007202893820
-0.006476956250576
-0.006844421364994
-0.006634897400765
-0.006500045326972
-0.006704783122345
-0.007171671212059
-0.007707546252201
-0.008116180711498
-0.008406965723952
-0.008907561276448
-0.009781539103176
-0.010578860215919
-0.010642568331242
-0.009754491530898
-0.008187907960172
-0.006507020793736
-0.005486058513830
-0.005715158676532
-0.006980481216988
-0.008298142703136
-0.008719459162781
-0.007999961629079
-0.006530978428380
-0.004962992874230
-0.003942325598240
-0.003691979659246
-0.003788696601924
-0.003806991451193
-0.003996130940927
-0.004995149627768
-0.007087882683593
-0.009706097468617
-0.011537563624667
-0.011388067940786
-0.009064172492857
-0.005423671819535
-0.001764485794070
0.000830431622181
0.001938410701031
0.001826568497271
0.000934433581681
-0.000541995164188
-0.002473027269809
-0.004596645569834
-0.006601892538149
-0.008014688551653
-0.008075300081170
-0.006349035745179
-0.003475791175475
-0.000790639400508
0.000790107889559
0.001272364133451
0.001235749792988
0.001183637815194
0.001061373087526
0.000430335923497
-0.000741781060686
-0.001727031962930
-0.001753367870436
-0.000765578604526
0.000801043254849
0.002594571711022
0.004358685061867
0.005654844933107
0.005921637684826
0.004930598048355
0.003159210123787
0.001596000294869
0.001120488681774
0.001960932619283
0.003578086993374
0.005081400403833
0.005783774617021
0.005383031800195
0.003804072357372
0.001127926517298
-0.002119775733584
-0.004750588122107
-0.005428846670742
-0.003631255099853
-0.000030759618045
0.004046428003090
0.007332775469232
0.008790269680711
0.007658586645111
0.003951988167998
-0.001206424681259
-0.006040016267868
-0.008881424801239
-0.008803306165848
-0.006092307948114
-0.002094760403941
0.001675244059037
0.004168055882941
0.004848668005718
0.003745543742952
0.001341619920872
-0.001731652889258
-0.004722396210831
-0.006816164520589
-0.007554052132134
-0.007054363506799
-0.005749702224145
-0.004180520966642
-0.002963895870148
-0.002487441691064
-0.002548789512356
-0.002536878169404
-0.002084296119666
-0.001376355695447
-0.000765156149005
-0.000531978599632
-0.001009686018652
-0.002271475899517
-0.003682698853296
-0.004217089075228
-0.003297578808229
-0.001321558473901
0.000523750962904
0.001114315385154
0.000344285839085
-0.000897829666572
-0.001776321229537
-0.002097716135060
-0.001954867874963
-0.001490642393278
-0.000973596399258
-0.000602456892915
-0.000428494915234
-0.000597291095935
-0.001141462415900
-0.001672180528609
-0.001728353361905
-0.001090017990693
0.000293327762026
0.002154325381109
0.003646060043460
0.003694557222081
0.001883952901921
-0.001149884052667
-0.004142981079567
-0.005805523805036
-0.005323985988597
-0.002776485002295
0.000823305989897
0.004048991072278
0.005852712003609
0.006014569715897
0.004927286022986
0.003109396287438
0.001084329082267
-0.000434445968280
-0.000721807577784
0.000409515486335
0.002451552795191
0.004676125296012
0.006635252129160
0.008138517973500
0.008974104785811
0.008858638388320
0.007623236568107
0.005516072689618
0.003357790891047
0.002175427140889
0.002487330273012
0.004028643413831
0.006101368305865
0.007860795969581
0.008621932006695
0.008381240978650
0.007676129233606
0.006805139723699
0.005778571954088
0.005067246539292
0.005441087466202
0.006870657278192
0.008515652774554
0.009705113606599
0.010267783757107
0.010327487578973
0.010227873673625
0.010323152067496
0.010606406647299
0.010756692133029
0.010523406562237
0.009854739870527
0.008901792162584
0.008082100819144
0.007997151454905
0.009126699200876
0.011317294869002
0.013674451027685
0.015241136463518
0.015613648109815
0.015025988071147
0.014103881425827
0.013431113155779
0.013317521516279
0.013798944307534
0.014656421065041
0.015486311632542
0.015833401109502
0.015478522650945
0.014570009317848
0.013405804595635
0.012348983477278
0.011770315277608
0.011862966418605
0.012594529694471
0.013557944648612
0.014088262748041
0.013833904742941
0.012632083133640
0.010261260576246
0.007194816358965
0.004888348294045
0.004748861097171
0.007018090037955
0.010486034143553
0.013199818891935
0.013928297588200
0.012840492169030
0.010259503672772
0.006008298452439
0.000996925366464
-0.002116967089551
-0.001230711003485
0.002685778169313
0.006545711220000
0.008311352642396
0.007645463911931
0.004808525689480
0.000979556686841
-0.002235705534330
-0.004488986747076
-0.005857508391471
-0.005130599304156
-0.001274246690675
0.004007304047123
0.007157881331511
0.006219170248091
0.002155946573115
-0.002482777359971
-0.005210189816752
-0.005489980140657
-0.005217832198164
-0.005994359762643
-0.007459902041835
-0.009042471286676
-0.010500091811264
-0.010546683213336
-0.007839820043692
-0.003208893855557
0.001085959006285
0.003515001365612
0.003186207591590
-0.000621392710072
-0.006832443018445
-0.012396178744921
-0.015202364046661
-0.015358356185883
-0.013785630637400
-0.011664479708865
-0.010288705914475
-0.009975292424853
-0.009947161348468
-0.009419528541907
-0.007986751843645
-0.005518322457022
-0.002659025035015
-0.001101763703409
-0.002631422040167
-0.007864554341200
-0.015585074829918
-0.022536249203596
-0.024652220600733
-0.020203008584414
-0.011762217742332
-0.004286503663973
-0.001409288386240
-0.003424412248168
-0.007696074080951
-0.010888284931276
-0.011635489323197
-0.010962652678510
-0.010208886290557
-0.009648730637908
-0.009046913772651
-0.008263853394891
-0.007249337042502
-0.006204760748681
-0.005654819016871
-0.006158614978241
-0.008090368012575
-0.011382354853202
-0.015216170148177
-0.018182842879826
-0.018783108922292
-0.015866600593184
-0.009451874845272
-0.001757907071343
0.003406947924632
0.003324325138736
-0.001500238788552
-0.007788863947672
-0.011855240773640
-0.012108722160264
-0.009875594677434
-0.007734311882453
-0.007122506566913
-0.007690270529922
-0.008376902064380
-0.008509888813837
-0.008142140813761
-0.007799028215140
-0.007894358075691
-0.008255947901242
-0.008229993495490
-0.007273824133736
-0.005543647583912
-0.004064559816547
-0.004070265447941
-0.005831498354176
-0.008326513740352
-0.010165652535374
-0.010630481769045
-0.009855035419774
-0.008348567912759
-0.006641043440856
-0.005208732284075
-0.004466330443083
-0.004759755080144
-0.005964362194735
-0.007070520752243
-0.006873520175782
-0.005090564603148
-0.002463963658516
-0.000179553446018
0.000694674273732
-0.000133504223422
-0.001865934725511
-0.003316272758810
-0.003891795407076
-0.003661382342344
-0.002749442625594
-0.001098133364783
0.001247908027717
0.003883490255849
0.005996735565179
0.006590387166869
0.005086958025099
0.001895761233531
-0.001683794890894
-0.004221869137620
-0.004909884541293
-0.003818204232067
-0.001719955936226
0.000462512162622
0.002132860666629
0.003019383491550
0.003200860591150
0.003141989687147
0.003278567961014
0.003547931630494
0.003480928189424
0.002731359997550
0.001345956569568
-0.000205331749231
-0.001021094699590
-0.000443799674632
0.001093872419994
0.002509627189219
0.003144831624437
0.002934723847328
0.002074329519390
0.001088512214232
0.000754215237412
0.001442398524099
0.002711104288542
0.003743126844265
0.004120961769849
0.004102958905416
0.004250189819561
0.004874886523837
0.005735362903510
0.006174310423465
0.005551449765128
0.003660359906682
0.000919035911415
-0.001811057149583
-0.003672463367773
-0.004255567164806
-0.003784281578869
-0.002810024904385
-0.001662901250082
-0.000231801904439
0.001778277411828
0.004299250722255
0.006581606149045
0.007577719765051
0.006666835156885
0.004096956356108
0.000846132092692
-0.001959038530088
-0.003486621906825
-0.003239471837646
-0.001075491591174
0.002530978680967
0.006360968066871
0.008886432027532
0.009129282830035
0.007330701738790
0.004824266791808
0.003118469129467
0.002984567827029
0.004217123330653
0.005846156705648
0.006652014039319
0.006073114499920
0.004722676160260
0.003720052346736
0.003447668433717
0.003254359886322
0.002530362783033
0.001538821580340
0.000973347579799
0.001272929857608
0.002438845212037
0.004073080405264
0.005490876966397
0.006057971487309
0.005714185361351
0.005010388225317
0.004343159290191
0.003518761108688
0.002412609115735
0.001467280046457
0.001147234850735
0.001524177398400
0.002519563710193
0.003954866805546
0.005521395752288
0.007053231863726
0.008467396267310
0.009374925341509
0.009313336588362
0.008384943980178
0.007082042217979
0.005566345671134
0.003766546404373
0.001972876741065
0.000741611308213
0.000521975315720
0.001553267963675
0.003522889705304
0.005311177430942
0.005742022997199
0.004765250487309
0.003508655575875
0.003052066911728
0.003511985280554
0.004277451169316
0.004685245334605
0.004545145632187
0.004183131537378
0.003808118362181
0.003117404196876
0.001891255051147
0.000593829537018
-0.000010370490938
0.000499504294711
0.002192783683670
0.004774971412167
0.007189687223048
0.008105142044169
0.007261250886666
0.005603637765198
0.004083379397927
0.002984389945625
0.002152928173983
0.001428926221124
0.000969412841958
0.001166078575168
0.002235659011562
0.004026441097803
0.006023907317751
0.007381064703093
0.007307385791057
0.005562780073049
0.002542282904158
-0.000732942323409
-0.002864138881451
-0.002947860130663
-0.001187613781617
0.001528465950054
0.004341334898898
0.006510364880555
0.007346447715031
0.006492133300657
0.004083748030188
0.000774894003643
-0.002421273283891
-0.004647059439808
-0.005453614050697
-0.004748193004463
-0.002945689414226
-0.000951714821124
0.000426617571108
0.000926975851199
0.000616694204093
-0.000327694487405
-0.001560355460336
-0.002611111738213
-0.003065073890627
-0.002831837948890
-0.002412669788984
-0.002658108857136
-0.004009138285282
-0.006095482035935
-0.008066868899822
-0.009140446832592
-0.008877382187468
-0.007232647002143
-0.004747089726986
-0.002622651187449
-0.001999581834725
-0.003014790854385
-0.004835299935910
-0.006408735774365
-0.006999135421318
-0.006440186429343
-0.005228677545038
-0.004161063293466
-0.003647954530195
-0.003513215769381
-0.003481358169881
-0.003538236592159
-0.003685443688012
-0.003568774098971
-0.002654447488728
-0.000965817869611
0.000537237350145
0.000671597634542
-0.000868177106622
-0.003225006087538
-0.005026815575499
-0.005275243451157
-0.003875363193159
-0.001469674384625
0.001149232796067
0.003248661688659
0.003999224337275
0.002801552758596
-0.000071906662691
-0.003544367433150
-0.006422394626912
-0.007894285448345
-0.007772576936420
-0.006502493462622
-0.004674599766277
-0.002635259399631
-0.000771696998974
0.000271476381686
0.000010277949300
-0.001358354983984
-0.003020267096985
-0.004225345268381
-0.004711202004587
-0.004332658551418
-0.002967103938416
-0.001267950518558
-0.000612970514327
-0.001695904292532
-0.003751781617068
-0.005320239361186
-0.005485902240545
-0.004451204133831
-0.003046060037276
-0.001925779426091
-0.001368094217531
-0.001497197093608
-0.002306787648788
-0.003423365285684
-0.004138909156873
-0.003956294188535
-0.003036156268804
-0.001922755116794
-0.000989544761976
-0.000340472168171
-0.000040331678228
-0.000270984272071
-0.001218656838646
-0.002656095971315
-0.003752679782331
-0.003643459324130
-0.002209606763820
-0.000126917609761
0.001747982770588
0.002855860445780
0.002986328247907
0.002271183160283
0.001246423627060
0.000643774760543
0.000939728359274
0.002093681070133
0.003677975915849
0.005208106833873
0.006243257556597
0.006259651545544
0.004841203648515
0.002259119667439
-0.000401488805825
-0.002070041532712
-0.002412649269386
-0.001533222954610
0.000409152009484
0.002879944803972
0.004832899296424
0.005449584359574
0.004827209994296
0.003673658640892
0.002582807779802
0.001746702208912
0.001087722497714
0.000484905545169
-0.000082437723814
-0.000430597447899
-0.000127026821795
0.001181563083335
0.003207773034497
0.005027809075645
0.005853146230465
0.005605795681285
0.004581323718012
0.002962430828360
0.001049345576104
-0.000585163619993
-0.001648461159190
-0.002212016307889
-0.002076502902637
-0.000853878997742
0.001240913717011
0.003311200768263
0.004514600505776
0.004475562868781
0.003117056033498
0.000645425683641
-0.002198035446146
-0.004425850022949
-0.005629075280108
-0.006024344154350
-0.005736571582232
-0.004764021494744
-0.003375859916017
-0.001928553359901
-0.000664215728301
0.000122476586054
0.000199174158149
-0.000348100700747
-0.001347284623787
-0.002786458785615
-0.004395646780576
-0.005425107243580
-0.005443876308984
-0.004941188766130
-0.004639013548333
-0.004588583553613
-0.004393454045482
-0.003976235596582
-0.003676181964724
-0.003714596766481
-0.003799883767717
-0.003505565228756
-0.002846749163738
-0.002040472857103
-0.001148707738486
-0.000383803476667
-0.000316083002817
-0.001376490624957
-0.003295335460828
-0.005308278789666
-0.006623499924714
-0.006521449390427
-0.004756710220399
-0.002070837198563
0.000307138432469
0.001555811703489
0.001474390326663
0.000495938347356
-0.000387742306776
-0.000447993689536
0.000056973745509
0.000375165284338
0.000122287947357
-0.000633250468451
-0.001766670518781
-0.003215825649419
-0.004825373139514
-0.006215836653103
-0.006707287392608
-0.005629923896685
-0.003036726407249
0.000106138899474
0.002530485467475
0.003305479674662
0.002168630780015
-0.000284688897328
-0.002813686376418
-0.004340204491140
-0.004539252517599
-0.003580101402056
-0.001817573618137
0.000117677303506
0.001502002236297
0.001888789094943
0.001208091884045
-0.000157081121854
-0.001443514391667
-0.002038326220686
-0.001795630595858
-0.000788745460714
0.000669992251484
0.001872172186419
0.002221075389864
0.001685055321088
0.000511417023886
-0.001130083919696
-0.003018629609053
-0.004617893276077
-0.005310585339662
-0.004956629979834
-0.003986990376779
-0.002937821723014
-0.002103146251542
-0.001607936463135
-0.001529397169100
-0.001851831092301
-0.002400517481297
-0.002943798156949
-0.003353049996903
-0.003529371386028
-0.003324914743429
-0.002738277275110
-0.002002680035306
-0.001262216126244
-0.000382148767242
0.000612973977170
0.001254810389677
0.001135263822844
0.000281673670914
-0.001076663899869
-0.002567878556691
-0.003571433307415
-0.003620711858444
-0.002842181272509
-0.001669006621659
-0.000425922285658
0.000560874190629
0.000923967760066
0.000581032615196
-0.000207659434839
-0.001137037987368
-0.002000158223509
-0.002696068022732
-0.003269752790925
-0.003753430738743
-0.004064227666314
-0.004245430697203
-0.004416292674696
-0.004464647486253
-0.004290259214540
-0.004125938428749
-0.004093604110744
-0.003756250870497
-0.002637938573533
-0.000899876113919
0.000807373116731
0.001855500396973
0.001994265252468
0.001464934393973
0.000716534416354
-0.000030271637444
-0.000802497487771
-0.001482678578048
-0.001661603658949
-0.000932923160442
0.000820022524592
0.003229402077176
0.005361054378772
0.006174367656021
0.005295786301657
0.003260777642726
0.001121398530564
-0.000058186117583
0.000293138688889
0.001866127367555
0.003807148028402
0.005486315516874
0.006671352682578
0.007283904637035
0.007436806027861
0.007416380381808
0.007265267037955
0.006700551300726
0.005617100001488
0.004272477603793
0.003096727007749
0.002653785414195
0.003332677823113
0.004882632101151
0.006653005023185
0.008077316106825
0.008646119050007
0.007963548575488
0.006219386980101
0.004165698090456
0.002376909904388
0.000950640162022
0.000053336412054
0.000189184467299
0.001538057327341
0.003407939487112
0.004676375994672
0.004580044823570
0.003247135469486
0.001734158700799
0.001213066731534
0.001908816850160
0.003006992844842
0.003537926640000
0.003154600777317
0.002266317633764
0.001582687425351
0.001352643552723
0.001230563850610
0.001043660187314
0.001212535407792
0.002178915613591
0.003763821275218
0.005187262792559
0.005539555398699
0.004351731623022
0.001970922025666
-0.000550634881437
-0.002034429515913
-0.001864464288809
-0.000413028767568
0.001144598219099
0.001782453360229
0.001555512263547
0.001315688403397
0.001482695961925
0.001609260192940
0.001310333419400
0.000942061691855
0.001049925062856
0.001674126054039
0.002403169073363
0.002784529550496
0.002715088754929
0.002578968469430
0.002854920111820
0.003609115188089
0.004361239806446
0.004371792336775
0.003257957603899
0.001433316997567
-0.000125251974177
-0.000575428827681
0.000343821447809
0.002350211829972
0.004773708236310
0.006744496541145
0.007369761494794
0.005996935153813
0.002818978309936
-0.000908997873742
-0.003594317159881
-0.004095042112234
-0.002005983089770
0.002250857008078
0.007433615664971
0.011807682944660
0.013875302110351
0.013071857303715
0.009886544340036
0.005383570044951
0.000703877457942
-0.002931706806727
-0.004379534745222
-0.003385426346547
-0.000864457839285
0.001902696866454
0.004016849477427
0.005011639542017
0.004747554531808
0.003550118481990
0.002098849046040
0.000874194756181
0.000041974368286
-0.000081867027085
0.000959750099310
0.003133668594774
0.005560322051031
0.006799668649556
0.005744210680519
0.002662780282561
-0.000922092480745
-0.003579439166921
-0.004722061521170
-0.004125061221599
-0.001586256476325
0.002456050543801
0.006565796620206
0.009167153351341
0.009417004482198
0.007194812943814
0.003002302057352
-0.001873692930663
-0.005666883051504
-0.007069843246016
-0.005860860488693
-0.002771445766936
0.000909260762011
0.003882135619126
0.005490024595228
0.005836075024776
0.005227127130674
0.003788228258532
0.001807665404409
0.000040122027096
-0.000782157189080
-0.000563801081851
0.000131917508636
0.000490270850130
0.000015774269856
-0.001063037635910
-0.001977664609467
-0.002032215362351
-0.001056704709847
0.000539089233297
0.002035202506786
0.002844977384351
0.002801828405733
0.002045994131918
0.000819514277117
-0.000476977925227
-0.001352992904382
-0.001632748101828
-0.001552067319778
-0.001370737814501
-0.001111876688712
-0.000670819866515
-0.000055864125281
0.000489687123205
0.000624576957391
0.000096596790935
-0.001187341047022
-0.003021749212029
-0.004897369268376
-0.006363799395324
-0.007170696537641
-0.006991919971573
-0.005489112642563
-0.002768425615067
0.000434428928508
0.003011680847830
0.004037744222876
0.003274047104880
0.001210478491647
-0.001261265395841
-0.003268348645216
-0.004361711770624
-0.004631393583139
-0.004361668967449
-0.003760148070265
-0.003177803375166
-0.003101333418804
-0.003584708116617
-0.004136660282785
-0.004313586198491
-0.004052608473395
-0.003460217429249
-0.002627158904057
-0.001649125019061
-0.000577888241987
0.000484184080286
0.001095156476867
0.000680349721162
-0.000785027722903
-0.002588577648472
-0.003998993947855
-0.004897645478670
-0.005397217979083
-0.005327329865784
-0.004436016311127
-0.002606233768100
0.000110376850490
0.003155089825392
0.005408290792167
0.005931782464861
0.004704118843837
0.002590236223581
0.000750495172427
0.000028830351495
0.000437670751496
0.001059036100427
0.000911902750450
-0.000075406136879
-0.001158971913948
-0.001524483518459
-0.000934824801459
0.000095633842189
0.000791383191122
0.000816475420230
0.000599442601636
0.000978097386661
0.002355014329040
0.004293265854000
0.005937201638717
0.006602940918992
0.006056661478402
0.004617402912171
0.003105377258219
0.002266720506837
0.002087562903520
0.002061701551914
0.002050053504789
0.002326704231521
0.002861588859000
0.003098030693109
0.002569295102433
0.001576884209226
0.001165319977585
0.002327617955881
0.005066307034427
0.008103664949879
0.009543969168172
0.008169821078185
0.004414369950710
-0.000037164298921
-0.003476993215701
-0.004814109431517
-0.003610321487090
-0.000280132726013
0.003722345387253
0.006484193996476
0.006750132966303
0.004563581365665
0.001144149501427
-0.001738079662237
-0.002629166172364
-0.001042840127939
0.002448109350829
0.006626638977318
0.010115656925865
0.011672144941470
0.010651922490488
0.007556816131965
0.003756135206424
0.000361465153280
-0.002303165959037
-0.004079728991966
-0.004509400474411
-0.003185204003352
-0.000198493039376
0.003766605257159
0.007622476616078
0.010217373198520
0.010650138149970
0.008611644965571
0.004782513451166
0.000705213837720
-0.002108807369008
-0.002933667655891
-0.001990852545191
-0.000399629379385
0.000305606976260
-0.000793145304233
-0.003387733070490
-0.006342158371839
-0.008372519475573
-0.008522733376119
-0.006667438797094
-0.003631547845037
-0.000660056930258
0.001062116787924
0.000698666270110
-0.001744467307371
-0.005247436196524
-0.008517448414495
-0.010785756724463
-0.011795092919020
-0.011481294807125
-0.009917621918544
-0.007475175778524
-0.004975386920478
-0.003427137284387
-0.003366879546352
-0.004557967788044
-0.006288422153674
-0.007721435340754
-0.008146268133574
-0.007338059876468
-0.005752118991569
-0.004197442540246
-0.003333576325958
-0.003464246233979
-0.004493585517969
-0.005778861257456
-0.006282513513387
-0.005437858103677
-0.003835223075046
-0.002680280229278
-0.002578888820576
-0.002980428278770
-0.002897492491183
-0.002132787224665
-0.001453423104802
-0.001518013708921
-0.002175212019820
-0.002923234857220
-0.003502528727704
-0.003887458581885
-0.003998964855918
-0.003593206252868
-0.002587959691636
-0.001438956385668
-0.000836464886571
-0.001034550067667
-0.001693035436357
-0.002279869547057
-0.002499586900638
-0.002373467747475
-0.002003169326377
-0.001376924697376
-0.000410583930930
0.000939574916517
0.002574348996927
0.004133504164486
0.005067183819394
0.004975768252568
0.003938061524449
0.002567823171589
0.001569852563588
0.000999352162090
0.000254446027649
-0.000973975899324
-0.002232797816219
-0.002887274325995
-0.002608708229756
-0.001418738186444
0.000266614722446
0.001935821094714
0.003466911108741
0.004893460091989
0.005919963703721
0.006097012925288
0.005247131822622
0.003649096867648
0.001944577176614
0.000709468582045
0.000042268190874
-0.000338587498811
-0.000669779689309
-0.000955427477025
-0.001058264824324
-0.000784838266810
-0.000036862053328
0.001033777896239
0.002204131025884
0.003347300107829
0.004172493843077
0.004218739723346
0.003360562533240
0.001883750899800
-0.000001681660199
-0.002350049236061
-0.005157853640697
-0.008081264525272
-0.010484300687184
-0.011555840266322
-0.010581277149608
-0.007615023336818
-0.003748942457938
-0.000361559213853
0.001680045503260
0.002131721692025
0.001339784342394
0.000111848469546
-0.000961822580641
-0.001921305792849
-0.002971045840928
-0.004195984087284
-0.005730587385949
-0.007529295060914
-0.009048129733448
-0.009629764465559
-0.009174149644550
-0.008179567414137
-0.007241485950770
-0.006657810647921
-0.006289509162633
-0.005796238993925
-0.005146308365538
-0.004648387060619
-0.004462753715637
-0.004356134703297
-0.003872986126590
-0.002665885520370
-0.000921574978351
0.000423452990768
0.000220524419511
-0.001978893338964
-0.005666703753970
-0.009787328007990
-0.013169213671052
-0.014868511560476
-0.014448730486460
-0.012044353981538
-0.008275677126049
-0.004062491116906
-0.000264098436818
0.002503580130370
0.003731778624979
0.003116284518958
0.000897810184208
-0.002188959937904
-0.005343460771704
-0.007941219697147
-0.009526486632611
-0.009929034487595
-0.009571701766152
-0.009461971923671
-0.010325193310970
-0.011591219529383
-0.011665188818261
-0.009269539987331
-0.004528638582074
0.000837624307194
0.004536926667522
0.005366350548529
0.003785861531447
0.001001416594966
-0.002067355827903
-0.004969202341756
-0.007454915979767
-0.009286129866203
-0.010032984818365
-0.009118473121444
-0.006348793833781
-0.002410485927309
0.001229987930526
0.003108147385878
0.002666310627073
0.000501273367833
-0.002176529440022
-0.004303269422369
-0.005323888560528
-0.005070038586180
-0.003554778542764
-0.001006160258970
0.001980816582112
0.004447219161916
0.005331191466568
0.003998851610144
0.000678130592494
-0.003659047719608
-0.007618657829005
-0.009725653853614
-0.009109028398945
-0.005978195946824
-0.001320222855675
0.003698641473149
0.008101635276139
0.011148337316953
0.012223743841282
0.011045143568468
0.008192341017653
0.004933851658561
0.002283028108754
0.000667110976496
0.000312812750204
0.001431542649771
0.004063422400699
0.007689925008838
0.010974366049494
0.012283806565440
0.010822025519347
0.007330831962116
0.003721740541374
0.001998891419962
0.003121781838124
0.006465155513570
0.010352196886783
0.013225173654360
0.014466776610236
0.014295201205662
0.013127337638037
0.011214696091217
0.008710325601097
0.006032638407645
0.004079838526310
0.003612529647305
0.004440058973514
0.005716798779710
0.007012507779877
0.008532340273408
0.010258078657400
0.011635175645825
0.012224963024996
0.012051759705754
0.011402681585217
0.010633419072582
0.009937099445372
0.009246665858844
0.008619472896565
0.008392504650251
0.008567894074558
0.008602855510340
0.008117590630838
0.007264961811746
0.006434087953391
0.006117237282805
0.006902068138872
0.009007140103813
0.011764501823773
0.013810767871270
0.013834891017448
0.011447520383507
0.007728783863356
0.004681627383950
0.003723027875939
0.004797161152463
0.006929792033814
0.009096294115954
0.010504032901607
0.010677803606233
0.009577778326101
0.007530922030276
0.005041551183051
0.002672091782220
0.000920374439103
0.000016324062670
-0.000086443037438
0.000487917832201
0.001577936709575
0.003043889344487
0.004816105289089
0.006556690768301
0.007515614268886
0.007017658357316
0.004950481629912
0.001690583777732
-0.002243764347537
-0.006149835677183
-0.008921453089018
-0.009390737502133
-0.007175944405376
-0.003161841327530
0.001007619318486
0.003913026782362
0.004999244661454
0.004535543532431
0.003003485221601
0.000627819657500
-0.002440509143760
-0.005714433055224
-0.008357036115049
-0.009648499427515
-0.009431000046254
-0.007989219915138
-0.005653582412599
-0.002918768027895
-0.000855917758647
-0.000697159028921
-0.002700786971878
-0.005790482652885
-0.008404471598196
-0.009521725105058
-0.008971276271233
-0.007074929884838
-0.004369954180493
-0.001656584615980
0.000089534447358
0.000156076993931
-0.001376328022227
-0.003552553353778
-0.005282835504707
-0.006303566239841
-0.007119294696690
-0.007937055467558
-0.007999659265931
-0.006171882254637
-0.002249691062937
0.002277981651598
0.004936114254331
0.004075995384171
0.000111915186267
-0.005012074590519
-0.009263995036671
-0.011434502127189
-0.011171288945795
-0.008624408067000
-0.004298729285943
0.000828945142131
0.005293057657194
0.007557825999911
0.006856798222510
0.003630233037012
-0.000976597444829
-0.005710339482346
-0.009300767270274
-0.010711789959419
-0.009801414297236
-0.007372533498287
-0.004235597086169
-0.000692207368681
0.002829095544817
0.005274071155955
0.005448754151985
0.002993127928250
-0.001065976262352
-0.004966931521837
-0.007469962014243
-0.008255641245478
-0.007449099185107
-0.005437398768130
-0.003124433331456
-0.001782156182597
-0.002386324897997
-0.004883804131803
-0.007950062063188
-0.009860958849868
-0.009749893481471
-0.007791617559751
-0.004592817107140
-0.000970081833249
0.002004135605346
0.003351814926227
0.002725941761781
0.000529832478187
-0.002581171980424
-0.006175471208062
-0.009663364586795
-0.011766357257789
-0.011080279828673
-0.007288354473714
-0.001774683093521
0.003048076961288
0.005267566455198
0.004415435614092
0.001188450876749
-0.003218825277404
-0.007397665446758
-0.009875322390895
-0.009596778150464
-0.006490483959833
-0.001650065702490
0.003084686613773
0.006010741548336
0.006206747610810
0.003612899789683
-0.000967555881049
-0.005934387491156
-0.009528486205147
-0.010676500273017
-0.009191431662973
-0.005528879758776
-0.000712035542157
0.003823295961936
0.006892479516490
0.008204774881118
0.007988971761464
0.006184245223514
0.002710672368669
-0.001710999914017
-0.005646966671055
-0.007697090531771
-0.007150264475424
-0.004390268366749
-0.000641988925629
0.002809764033180
0.004987759348861
0.005339189532206
0.004264091999766
0.003082208499014
0.002756286343082
0.003129824918843
0.003694000227459
0.004328782071432
0.005027392362413
0.005342160638895
0.004358095487218
0.001408995172465
-0.002954948236950
-0.006888263708262
-0.008463155790967
-0.007015340250226
-0.003283224713553
0.001615741808462
0.006919677020885
0.011732096167214
0.014395196694681
0.013236489796596
0.008190111970900
0.001254759831170
-0.004838312524481
-0.008201046135886
-0.008308301873334
-0.005609692264192
-0.000993405257974
0.004338689209096
0.008806879581868
0.010839139084250
0.009694026728682
0.006001993283662
0.001355387770479
-0.002638019224910
-0.004737418002091
-0.004013159010905
-0.000234260018261
0.005562897759945
0.011250989532789
0.014636752474113
0.014608451668994
0.011581348138343
0.006948301967431
0.002184223851200
-0.001604027585335
-0.003642348361994
-0.003340283784706
-0.000396163956399
0.004876326456884
0.011306571451899
0.016826418409145
0.019105394842113
0.016884984128150
0.010749045377165
0.002670928097171
-0.004965937108441
-0.010090857047335
-0.011394610700920
-0.008672205516100
-0.002673715379161
0.005419844313552
0.014130219847449
0.021524669228652
0.025586145181978
0.025101896037828
0.020138914938481
0.011869292630857
0.002375026628197
-0.005763424873777
-0.010573170559138
-0.011397464913738
-0.008418613174439
-0.002316432631483
0.005440023881265
0.012846046218619
0.018115532230229
0.020164968290363
0.018937709088435
0.015406575945408
0.010819699443300
0.005960429313693
0.001399762665850
-0.002038379537153
-0.003544197076249
-0.002766560391592
0.000025637386524
0.003897154418779
0.007382547505189
0.008994473706069
0.007978909088323
0.004864013153103
0.001243114106928
-0.001279132018501
-0.001943484491268
-0.000735557296108
0.001841771876980
0.004645045351542
0.006372908241068
0.006603841280444
0.005903636343187
0.004833433553980
0.003197484216346
0.000374331577145
-0.003669113610302
-0.007824217471643
-0.010386870580670
-0.010211209755728
-0.007425004268264
-0.003166010203297
0.001241733545428
0.004967224005519
0.007662799743574
0.008928945752951
0.008190441032163
0.005136420988974
0.000008702825231
-0.006389895809632
-0.012702835766138
-0.017327539613097
-0.019151774133023
-0.017965661820842
-0.014317515292824
-0.009287469197941
-0.004092426510543
0.000369499178799
0.003549804269326
0.004989701612218
0.004201287129456
0.000927022904317
-0.004399869438582
-0.010478276640329
-0.015473200933966
-0.017817191142390
-0.017124485742333
-0.014336662235768
-0.010811867404134
-0.007507126552609
-0.005017394014892
-0.003747762721708
-0.003704872493797
-0.004433270932571
-0.005359599620575
-0.005954199131267
-0.005671411359309
-0.004298267752255
-0.002336666443736
-0.000680232566109
0.000006771990565
-0.000582182569463
-0.002670917789881
-0.006224070583457
-0.010335226295340
-0.013479464171845
-0.014697284974738
-0.014064455502729
-0.012006631190990
-0.008817415161596
-0.005031286593568
-0.001645012307471
0.000403222577762
0.000781456054998
-0.000126214442625
-0.001555928026416
-0.003001095650896
-0.004492780129982
-0.006142866273934
-0.007658435384324
-0.008599049702737
-0.008833556635739
-0.008545294593452
-0.008024293462662
-0.007416867778746
-0.006710431255728
-0.005953012985251
-0.005095451733941
-0.003782305724530
-0.001752211257705
0.000704535458170
0.002754281409801
0.003308949062720
0.001701473331159
-0.001553827734167
-0.005036192573007
-0.007679468045549
-0.009411356219041
-0.010474700184175
-0.010667949501349
-0.009585315486857
-0.007237288131264
-0.004146508838505
-0.001004781452050
0.001746814226076
0.004074303634670
0.005991480691494
0.007120651345648
0.006842188612986
0.004766921577961
0.000937124261537
-0.003909392326096
-0.008214279569056
-0.010415690434457
-0.009836792862111
-0.006766243168910
-0.002356211895726
0.001759522309491
0.004534994327192
0.006103753849638
0.007016535896231
0.007172917995528
0.005765408502461
0.002269004123088
-0.002627938588380
-0.007205114322537
-0.009882411187640
-0.010156215489800
-0.008440208351980
-0.005471517699015
-0.002105423095713
0.000809033947309
0.002769599341886
0.003781659538847
0.004122720021388
0.003969417417955
0.003212818425309
0.001676481251498
-0.000548431563783
-0.003124532066581
-0.005621141044994
-0.007555896636089
-0.008424982953908
-0.007774413245532
-0.005586032557501
-0.002614104519813
0.000085019263458
0.001889235502843
0.002727627609074
0.002777638469026
0.002346488962412
0.001883559878659
0.001753857602908
0.001947939700966
0.001973125732088
0.001096706900852
-0.000803521372226
-0.002535718586230
-0.002383941283914
0.000080966550469
0.003454712950452
0.005901066838573
0.006465807794113
0.005031684150818
0.001933160543034
-0.001947625130207
-0.005141854351250
-0.006177531404159
-0.004413416184779
-0.000416265591188
0.004422934144997
0.008761060085271
0.011823681314438
0.013183575828228
0.012490313739991
0.009714971830809
0.005512254280308
0.001104763517306
-0.002335228229589
-0.004339675731271
-0.005217546869577
-0.005396641018424
-0.004742273307600
-0.002749915436440
0.000486040360233
0.003847418372143
0.006076500345329
0.006844133809822
0.006632793707053
0.005870526174798
0.004617842975274
0.002863398242678
0.000758132801206
-0.001190692713633
-0.002128921870519
-0.001581449399664
-0.000006577334886
0.001820422037588
0.003530497144615
0.004959290699740
0.005753552968464
0.005542015217971
0.004282726205706
0.002273592375546
-0.000032297016253
-0.002147105990666
-0.003548056703729
-0.003711981294237
-0.002500974655749
-0.000555248151786
0.001059178138597
0.001675432377970
0.001466915403695
0.001164027859457
0.001364870849704
0.002148560603656
0.003199542804433
0.004124883520139
0.004620637398105
0.004389727001610
0.003247512403136
0.001446519619756
-0.000368101550508
-0.001601637951602
-0.002059004233800
-0.001977349384375
-0.001740056800108
-0.001476713381173
-0.001100288805999
-0.000568182737548
0.000305346875936
0.001910511064511
0.004198473192208
0.006256350476875
0.006879780361880
0.005460808010645
0.002350177094839
-0.001348724139595
-0.004319087638833
-0.005652637859021
-0.005280566564239
-0.003830049170434
-0.001973299627770
-0.000151964495528
0.001246337491636
0.002006340813649
0.002149238321294
0.001646162005607
0.000551358772809
-0.000604703443530
-0.001038199702646
-0.000357883809353
0.001181653782646
0.002982412583113
0.004400097647112
0.004889762850064
0.004243931318598
0.002691078475541
0.000764397096318
-0.000849264435436
-0.001548389868793
-0.001127204133057
0.000058683992088
0.001299407250779
0.002070052103737
0.002342923425365
0.002469169391035
0.002868065131906
0.003624749559024
0.004440864436182
0.005030897647562
0.005269201451685
0.005014914903920
0.004146804566143
0.002837468064252
0.001575857436053
0.000825100420728
0.000806111643162
0.001462554533488
0.002398219172062
0.003099151869751
0.003323079309021
0.003136903331808
0.002827612344764
0.002819147404979
0.003248313108422
0.003629776349948
0.003320023451097
0.002216819952445
0.000746132768317
-0.000464556019369
-0.000744235668699
0.000176810366752
0.001883072529201
0.003745139939166
0.005109079151223
0.005066911857459
0.003095388078479
-0.000030937916108
-0.002599266876920
-0.003111980918701
-0.001083390956850
0.002641317821388
0.006279393307222
0.008287873775463
0.008111683567759
0.005922335691046
0.002331378137362
-0.001594584429596
-0.004709849978138
-0.006437132205786
-0.006793977114401
-0.005948447728796
-0.004029984353025
-0.001090368823445
0.002654632385667
0.006261594868368
0.008240498889293
0.007658072276567
0.004897909821936
0.001312721958772
-0.001726520287980
-0.003471337644870
-0.003851704228313
-0.003110791567966
-0.001496975928924
0.000526915490406
0.002221085057778
0.003093903328215
0.003158522660359
0.002641947545780
0.001765184806396
0.000756873684372
-0.000128558463722
-0.000624913183814
-0.000560792614763
-0.000043331766305
0.000600284417027
0.001117945305704
0.001483736184584
0.001741683829399
0.001702005447325
0.000886829423230
-0.001031681715244
-0.003693628910624
-0.006054596577158
-0.006993096651440
-0.005990325403404
-0.003399879852250
-0.000172780917395
0.002713266554471
0.004607926460610
0.005213948678167
0.004576446213673
0.003042140964562
0.001029805354512
-0.001263269450436
-0.003761812200583
-0.005967885274478
-0.006869922972230
-0.005786882148172
-0.003137458552355
-0.000119115101545
0.002252699830878
0.003620428924348
0.004048993186468
0.003779509137672
0.003111877783968
0.002135618849021
0.000806692317419
-0.000601756594923
-0.001569585627718
-0.001783712913211
-0.001270029843073
-0.000368579582824
0.000430560562768
0.000973643631855
0.001526975410467
0.002161945916352
0.002557455531519
0.002589590283291
0.002538899755457
0.002684240903407
0.003148766899740
0.003874185706259
0.004537025728522
0.004850088634444
0.004832656647403
0.004502976228555
0.003654395695657
0.002218784737276
0.000428393115031
-0.001362117165412
-0.002428330986634
-0.001833312542221
0.000425687001199
0.003161382449570
0.005266174686845
0.006404844779977
0.006511416196555
0.005615154002372
0.004012389843787
0.001933168853964
-0.000546411048832
-0.002960068458208
-0.004444498335805
-0.004454768487640
-0.003165512103317
-0.001313440121135
0.000299778586260
0.001401314702873
0.002161236857218
0.002500137410570
0.002092008844437
0.001070037780932
0.000117151064833
-0.000137919521340
0.000401609979052
0.001223500162934
0.001608883224612
0.001260011033325
0.000447636015876
-0.000459811276334
-0.001361914292210
-0.002236491697505
-0.002954428338935
-0.003439737314612
-0.003724269211886
-0.003857577846885
-0.003867076333743
-0.003654323418203
-0.003069488839238
-0.002269947035150
-0.001741857725326
-0.001829435819077
-0.002397880073035
-0.002986124459994
-0.003230728644054
-0.003118134215700
-0.002915372729837
-0.002958506086082
-0.003389844317203
-0.004026407277840
-0.004625295879876
-0.005267204956881
-0.006210302283498
-0.007306979007369
-0.007954605738838
-0.007787103597900
-0.006989391952806
-0.005885767430492
-0.004748369541767
-0.003940546691262
-0.003754788491293
-0.004199087429192
-0.005104793229225
-0.006140945577879
-0.006845096506664
-0.007154043649778
-0.007616960988650
-0.008634812585746
-0.009912756913390
-0.010959890815429
-0.011706074658963
-0.012352475427540
-0.012873478096369
-0.012985880398492
-0.012559214977275
-0.011846260896134
-0.011225979522758
-0.010702149798789
-0.009852174506365
-0.008473034945101
-0.007020740416623
-0.006231262058537
-0.006549730387600
-0.007848490279533
-0.009432604999738
-0.010503348515198
-0.010723240797211
-0.010253849694644
-0.009464756231657
-0.008693945597118
-0.008112811837545
-0.007813985943892
-0.007852968239459
-0.007945075500409
-0.007504182574887
-0.006340652824658
-0.005021227724712
-0.004343346617299
-0.004566892549622
-0.005181494753259
-0.005443538114938
-0.005066906745089
-0.004211683000618
-0.003054017322129
-0.001771846678069
-0.000763215211805
-0.000373982677209
-0.000423489072818
-0.000424209779297
-0.000091912239060
0.000596331715724
0.001395310486551
0.001919870469170
0.002215774113496
0.002827805577518
0.004014191527810
0.005395065506091
0.006553984268648
0.007384770543971
0.007734758873233
0.007315370454810
0.006094473676142
0.004473055545324
0.003031730632922
0.002311801285202
0.002777792589783
0.004533347966417
0.007123358949515
0.009925195566817
0.012345316710803
0.013603718340672
0.013224887647490
0.011853004845940
0.010758903565132
0.010534464757159
0.010793159727513
0.010881787075539
0.010404047197985
0.009323836495341
0.008014436080229
0.007099568493717
0.007011645195115
0.007742787240252
0.009046460414388
0.010728711149813
0.012599912156545
0.014277196621424
0.015343813791341
0.015644966910072
0.015188087060188
0.014030777428320
0.012449491317443
0.010863974856205
0.009596828947897
0.008870515490977
0.008774029103468
0.009071222498457
0.009254472758147
0.008990088587733
0.008405917507637
0.007830870348437
0.007494120022379
0.007645160907296
0.008624768438264
0.010440252767096
0.012463177381064
0.013808673596823
0.013886002057876
0.012614447092075
0.010380623939718
0.007858917624958
0.005698571983205
0.004192115695383
0.003268851807261
0.002813931659643
0.002773793524595
0.003066297572481
0.003749861178410
0.005042110963971
0.006825689106455
0.008498048962130
0.009588640199430
0.010073436835474
0.009904970245885
0.008797384142996
0.006661812478327
0.003894162747878
0.001178004712640
-0.000844342199299
-0.001818680903912
-0.001830274504638
-0.001210766895053
-0.000137729610403
0.001243720654492
0.002483031152365
0.003118108011501
0.003137042155881
0.002852753244142
0.002472709443178
0.001908589716124
0.000934019868907
-0.000491233601111
-0.002171017177383
-0.003911407022357
-0.005441313864310
-0.006214153845988
-0.005740711258477
-0.004107957062717
-0.002063878597141
-0.000576965453377
-0.000138238667246
-0.000409232565923
-0.000635475409575
-0.000490852133983
-0.000453919328814
-0.001269456864095
-0.003236982498379
-0.005957967002478
-0.008416799376490
-0.009538162908040
-0.008997098690503
-0.007306062270286
-0.005198900826352
-0.003336254465623
-0.002387028988532
-0.002777897499231
-0.004308810258332
-0.006317764701847
-0.008156774740416
-0.009346059626207
-0.009601236577695
-0.008959832554155
-0.007696409431042
-0.006138475708103
-0.004525525924205
-0.002895620534435
-0.001319665055626
-0.000188506774799
-0.000082531333318
-0.001480871337969
-0.004344403170379
-0.007740334225215
-0.010137476550895
-0.010220511181472
-0.007623672268151
-0.003272709395806
0.001013505718402
0.003532801740970
0.003489721012042
0.001189093055943
-0.002212505558945
-0.005368060604950
-0.007377810485650
-0.007930550530764
-0.007293437717769
-0.006226902309957
-0.005405112437838
-0.004827681869536
-0.004143050806446
-0.003379337273339
-0.002869797409295
-0.002767997859955
-0.003076455818162
-0.003732157356528
-0.004440395413414
-0.004861576460713
-0.005006210580857
-0.005066949239570
-0.004951474414554
-0.004428884644319
-0.003695336001924
-0.003241272475334
-0.003030218299974
-0.002416037757138
-0.001066740721011
0.000592773048108
0.001845695912315
0.002109246995437
0.001094836553432
-0.001047746162322
-0.003728684955975
-0.006195346901128
-0.007847685900137
-0.008190693082107
-0.006774175468955
-0.003693779793566
0.000018241126173
0.002919890904539
0.004021564327518
0.003096054799317
0.000550031878788
-0.002677021842747
-0.005372890234429
-0.006654120564105
-0.006464435712495
-0.005488227248103
-0.004444201904366
-0.003549376425608
-0.002777097584719
-0.002186850108587
-0.001899143482429
-0.002169626142827
-0.003249091747350
-0.004767209928714
-0.005704257938166
-0.005317650671101
-0.003768976716730
-0.001908422004268
-0.000737614112197
-0.000798984607236
-0.001867752676384
-0.003335253026664
-0.004686360077298
-0.005479249579752
-0.005398797587193
-0.004683260629603
-0.004082122371118
-0.004066176731890
-0.004326267378651
-0.004197672338475
-0.003339261714135
-0.002082920697491
-0.001309041226338
-0.001625570655712
-0.002653622012399
-0.003524727831278
-0.003820005580547
-0.003629667857496
-0.003002752378505
-0.001877369614541
-0.000538962705348
0.000396416144696
0.000579682252258
0.000175937157175
-0.000418857240846
-0.000841833418729
-0.000894956384913
-0.000680169169192
-0.000477668230071
-0.000393845073513
-0.000342649891840
-0.000294478294383
-0.000324962622721
-0.000494684716469
-0.000710896486929
-0.000694680135763
-0.000192050242272
0.000737980529851
0.001688948652031
0.002212752279582
0.002194161714805
0.001878084622155
0.001567119433550
0.001505353875781
0.001908228498029
0.002752998360511
0.003666507216379
0.004208872662344
0.004209657828306
0.003815505726571
0.003332390523535
0.003076762813367
0.003207451850879
0.003612126359289
0.004040406847528
0.004395288747363
0.004805590957565
0.005283021280257
0.005507056827798
0.005188739666482
0.004423901330527
0.003521713359230
0.002772821864309
0.002558474657689
0.003400977040615
0.005527279866059
0.008434573967586
0.011154458517638
0.012820651499445
0.012940512443794
0.011473116139214
0.008797526284250
0.005529078657544
0.002339994468683
-0.000022958785350
-0.000719152537477
0.000729040488099
0.003784753492876
0.007137906763673
0.009733272086202
0.011062219097058
0.010735874714964
0.008735294388375
0.005948900795640
0.003677575563486
0.002624758646264
0.002683527403317
0.003365945449145
0.004112168626416
0.004505099530382
0.004528320010661
0.004497686710586
0.004536766888589
0.004328471179363
0.003542146754471
0.002308551468565
0.001190643577396
0.000719151642060
0.001054856668232
0.002072878396593
0.003535081207478
0.005083671241817
0.006149669980512
0.006195795486974
0.005264364578793
0.004018925508126
0.003005575094888
0.002112604578432
0.001023049042133
-0.000187862587046
-0.001185181460979
-0.001662559543185
-0.001393215833931
-0.000417410467592
0.000853833500755
0.002065353556054
0.003255078316215
0.004505183685270
0.005539623696102
0.005836486064931
0.005062371157356
0.003481483753105
0.001839077901847
0.000707186537836
0.000177581319193
0.000123339124561
0.000326895946378
0.000444201807634
0.000270237582345
0.000059761288910
0.000294158846878
0.001029346272971
0.001668445823894
0.001579271772309
0.000834882782016
0.000046073201485
-0.000405321703879
-0.000517791396979
-0.000255453933495
0.000440808243511
0.001332142995084
0.002093114085132
0.002744680940814
0.003417091165737
0.003904991178344
0.003879191707569
0.003309584715730
0.002416654637790
0.001413434524556
0.000438042431028
-0.000453828763059
-0.001239842399545
-0.001725421416510
-0.001572369512818
-0.000676615991925
0.000602673836856
0.001628689076311
0.001925652111697
0.001514785207205
0.000846603340345
0.000379270118625
0.000141241084989
-0.000318084671224
-0.001503419197499
-0.003441389012856
-0.005483604913237
-0.006703192642868
-0.006515020278045
-0.004950291368689
-0.002662180237906
-0.000609931354454
0.000577415851114
0.000874074680730
0.000577313153671
0.000001374529537
-0.000585382186811
-0.001030898137501
-0.001448364367127
-0.002094018866419
-0.003058840050989
-0.004127191186019
-0.004908469369960
-0.005295962882419
-0.005650925838972
-0.006177708223878
-0.006520812527077
-0.006251377730578
-0.005328121732673
-0.004073911614719
-0.002987117047741
-0.002474813437411
-0.002572700612774
-0.002995294652989
-0.003640166898270
-0.004828059160376
-0.006750976264359
-0.009029923505377
-0.010972995326242
-0.011839800948513
-0.011097760312400
-0.008950317132782
-0.006405098453541
-0.004583104308028
-0.003978032184330
-0.004274712690659
-0.004804640445318
-0.005160900813459
-0.005336980936594
-0.005495786298044
-0.005818576716415
-0.006403610157827
-0.007223400536976
-0.008070874903316
-0.008427985803618
-0.007805813766372
-0.006406629461836
-0.005138506513930
-0.004833655516753
-0.005455204956351
-0.006211707164286
-0.006439899302498
-0.006098196394545
-0.005485161703206
-0.004790664004051
-0.004057816816317
-0.003530470890602
-0.003691056311495
-0.004840795602081
-0.006874901477931
-0.009215376007439
-0.010809492986504
-0.010758998349645
-0.009066183444727
-0.006451258412765
-0.003784006485567
-0.001906972778958
-0.001356142904681
-0.002008527836597
-0.003358554946539
-0.004990537600943
-0.006612805624172
-0.007892435998560
-0.008405658369684
-0.007765750161757
-0.005891047966959
-0.003249412605395
-0.000710011715167
0.000980146915606
0.001512558147954
0.000910901357468
-0.000668473873195
-0.002869173470228
-0.005012998699052
-0.006372025561819
-0.006586387016682
-0.005794432943759
-0.004423760178124
-0.002917792158561
-0.001683933254552
-0.001032543881666
-0.000958456906171
-0.001118918306757
-0.001127739960198
-0.000937493424712
-0.000962051528897
-0.001671570407654
-0.002996857635309
-0.004156397631335
-0.004117357611978
-0.002282106401493
0.001164141394175
0.005120978742977
0.007716279111930
0.007376516160004
0.004216041356153
0.000046417303758
-0.003109960480941
-0.004242654564581
-0.003365377016814
-0.001023013181902
0.001976374877078
0.004628393402082
0.006020277267992
0.005857787473970
0.004622139180814
0.003133104083044
0.001985921831516
0.001322192246804
0.001105788005562
0.001530397026966
0.002793816753743
0.004474183525370
0.005679425522783
0.005873155284042
0.005226216489590
0.004322276640716
0.003637894041140
0.003171758308186
0.002762796039816
0.002633998921580
0.003050582823448
0.003658505214119
0.003791693901520
0.003232160889550
0.002297013845413
0.001454752029189
0.001097188370534
0.001511749303566
0.002721475457353
0.004202578220387
0.005108750444327
0.005007888372731
0.004173232075944
0.003017132865093
0.001630224050323
0.000189600324708
-0.000737633800234
-0.000663170912111
0.000430509496388
0.002172663125161
0.004019255347390
0.005363722410596
0.005627160994985
0.004621959326933
0.002849076907235
0.001185977299245
0.000299369736819
0.000377029594477
0.001210555131783
0.002346836144493
0.003252082498612
0.003518653334332
0.003077275192995
0.002385422313927
0.002242963883127
0.003116528747848
0.004720443280261
0.006359100652060
0.007441610926230
0.007676423222831
0.007150399836486
0.006152666311596
0.004788731903312
0.003055093413074
0.001169278852146
-0.000471169951817
-0.001447743342249
-0.001430341426695
-0.000408092206086
0.001350799202960
0.003566743864462
0.005787034685641
0.007256583190793
0.007466287234277
0.006616020782642
0.005328888546970
0.004176312605448
0.003554991662017
0.003705550958253
0.004588141684449
0.005765999264741
0.006584649193306
0.006541140515602
0.005540696959957
0.003938423814212
0.002367068560719
0.001481692439662
0.001765503070057
0.003293453363455
0.005514024940461
0.007531200203741
0.008773005003914
0.009163452651156
0.008790800114527
0.007767949941139
0.006331846250054
0.004925650268659
0.004012335581453
0.003688372704202
0.003656014931582
0.003626645984305
0.003638041461419
0.003894991494725
0.004373043521859
0.004734824786498
0.004606770848189
0.003980881541195
0.003363035245846
0.003330017279972
0.003924470911007
0.004560639034006
0.004532077451938
0.003660639454876
0.002349653611322
0.001053336640567
0.000058858526911
-0.000321222290835
0.000176744330829
0.001424139500071
0.002861014838885
0.003855838233384
0.003939812514811
0.002818421721609
0.000480193404076
-0.002650466329444
-0.005740678449225
-0.007826375163214
-0.008198076534378
-0.006765863930445
-0.004196126159421
-0.001520388267058
0.000467034983814
0.001392488284910
0.001124527213021
-0.000189767165550
-0.001974022813764
-0.003477553515101
-0.004205644391879
-0.004202853631883
-0.003996419528745
-0.004056199003476
-0.004472500049521
-0.005176342235592
-0.006024087719519
-0.006742787952031
-0.007131873185221
-0.007205087294670
-0.006974827694573
-0.006294460387222
-0.005160218764579
-0.003951361751523
-0.003179975082302
-0.003248792155529
-0.004330633453810
-0.006094262001125
-0.007712898750388
-0.008483160343225
-0.008310788498623
-0.007520322262389
-0.006573141270870
-0.005938984237451
-0.005760459385186
-0.005673547413352
-0.005250917421119
-0.004534104968477
-0.003967755667069
-0.003870870317393
-0.004046164166287
-0.003996750500961
-0.003488113418303
-0.002553481003018
-0.001175880514344
0.000376553613988
0.001349865317329
0.001305764376370
0.000590851611978
-0.000284954559540
-0.001034237967822
-0.001346655620420
-0.001073720876278
-0.000533743514092
-0.000006448353825
0.000710038162422
0.001805464699910
0.002943998029609
0.003507448754986
0.003075765218901
0.001670509104243
-0.000130615050699
-0.001398168990434
-0.001502418671023
-0.000492645774227
0.001127478375803
0.002727388640519
0.003873567017729
0.004651636642746
0.005458637771569
0.006327825750557
0.006807920953434
0.006428994599731
0.004909303075659
0.002432356538545
0.000028134688402
-0.001053176432598
-0.000518579293255
0.000887606061624
0.002270031185596
0.003073728998580
0.003157003778541
0.002892696985986
0.002784059426984
0.002969602520787
0.003445972755745
0.004291380125740
0.005369096926845
0.006263947146456
0.006656167527005
0.006495396111665
0.005850092867408
0.004795483461106
0.003452234996919
0.002067497350182
0.001014087680293
0.000733914672946
0.001558693756956
0.003341193086803
0.005410363831290
0.007031342622926
0.007772470335181
0.007557970591744
0.006581728777101
0.005187736086626
0.003743640111972
0.002461315576669
0.001295728641216
0.000183268887279
-0.000531790576055
-0.000287556242859
0.000872743449477
0.002168017733000
0.002847904507385
0.002665069381628
0.001776788768716
0.000680017132269
0.000065363472393
0.000295747458505
0.001156802502673
0.002056259503150
0.002178357453168
0.000950183161060
-0.001340610788572
-0.003735135095609
-0.005212565318190
-0.005029339895291
-0.003127378325731
-0.000377633609824
0.002051770185553
0.003471145766000
0.003657766646423
0.002792680641594
0.001596961080530
0.000752180855541
0.000198258514012
-0.000486087161104
-0.001370084896882
-0.002235131677597
-0.002859368440557
-0.002998060025886
-0.002585790932466
-0.001908801204084
-0.001207327428866
-0.000443498179191
0.000401967569378
0.001249699688122
0.002085106867506
0.002799804360118
0.003081443857309
0.002754864612882
0.001937310054918
0.000876778146192
-0.000053731935507
-0.000553197121644
-0.000714468360569
-0.000711754863640
-0.000439253874598
0.000100078220033
0.000476781351239
0.000239883738330
-0.000587922944107
-0.001434427960124
-0.001488221727029
-0.000343235888600
0.001534020204245
0.003201443334350
0.004024984911736
0.003893563570898
0.002925156596214
0.001283133236101
-0.000711522808951
-0.002591129306890
-0.003997146948017
-0.004641079094220
-0.004184036417127
-0.002623156629786
-0.000555312741116
0.001193096326909
0.001964592728582
0.001483186934716
0.000078489716572
-0.001472488131850
-0.002551063951729
-0.003022690839944
-0.003040492079197
-0.002794438829086
-0.002478436558947
-0.002266895826831
-0.002186782500886
-0.002110620327882
-0.001883371907053
-0.001449781043020
-0.000958938302267
-0.000693456382615
-0.000825135686035
-0.001349927790021
-0.002217259857641
-0.003242140742349
-0.004015446304198
-0.004343188920811
-0.004629774178790
-0.005333833779013
-0.006197281691220
-0.006532773623061
-0.006111388079169
-0.005356671584089
-0.004864525376751
-0.004953504514602
-0.005519984687115
-0.006152858481318
-0.006387136053812
-0.005948161449392
-0.004808260141925
-0.003142580451412
-0.001374327999231
-0.000149464368597
-0.000069985117852
-0.001270650443397
-0.003248355698845
-0.005284699164676
-0.006830441439860
-0.007464198882547
-0.007122422494800
-0.006393208791515
-0.006088598367916
-0.006547023456898
-0.007422444920876
-0.007978558112889
-0.007574726408846
-0.006106429114815
-0.004142937597938
-0.002541857937757
-0.001854883901412
-0.002072801959832
-0.002811215546366
-0.003690167506294
-0.004600703668308
-0.005651230027119
-0.006856551056314
-0.007964445758482
-0.008643410118487
-0.008692365613608
-0.008028406578356
-0.006643079668632
-0.004716850956455
-0.002723025715860
-0.001199952793782
-0.000437254640134
-0.000494139744882
-0.001247629071452
-0.002284656549422
-0.003121772896819
-0.003587060959739
-0.003710047680131
-0.003457623541025
-0.002864514768758
-0.002257686683039
-0.002178311115151
-0.002989025769986
-0.004472840016967
-0.005919828106716
-0.006645914557180
-0.006367525255267
-0.005227118478955
-0.003597789180700
-0.001922797832522
-0.000702631616723
-0.000282179378192
-0.000499341674273
-0.000798785016245
-0.000776341959171
-0.000516871923918
-0.000457012500397
-0.000938732397382
-0.001837760279695
-0.002710256860129
-0.003222711008670
-0.003329347758995
-0.003168277392775
-0.002783989095277
-0.001976879502670
-0.000546064805759
0.001377304702942
0.003325511819819
0.004776876252448
0.005294695927623
0.004632697617531
0.003070153175467
0.001381680822803
0.000248845285714
-0.000120978960169
0.000181974702716
0.001030443056994
0.002245177933001
0.003622893789332
0.005106732692335
0.006645377716107
0.007927510653421
0.008560958306868
0.008374276891886
0.007443404658671
0.006186791509480
0.005318590690765
0.005178068599313
0.005366732212271
0.005422681833778
0.005344460240727
0.005236205358252
0.005101526865105
0.005132590319791
0.005609541469478
0.006511956321359
0.007544868247774
0.008249454234182
0.008087935605580
0.007057490137188
0.006062958262693
0.006056751395065
0.007095964731997
0.008436858455153
0.009152770159812
0.008777668635932
0.007631866280329
0.006494720848161
0.005963982325235
0.006149945707189
0.006762394974442
0.007249436754758
0.007120835302116
0.006335081978171
0.005263119724887
0.004354007019048
0.003826479714258
0.003644181223648
0.003720400606072
0.003977954533599
0.004298187943056
0.004522845396926
0.004550507063514
0.004439286110228
0.004265868201183
0.003995962563486
0.003700694090666
0.003604002200467
0.003677478582990
0.003545980478305
0.002990859387139
0.002236361502419
0.001667256345523
0.001512584715698
0.001787722479267
0.002307667002147
0.002677498137806
0.002400091712046
0.001161291311109
-0.000834221402547
-0.002747091786631
-0.003577058170201
-0.002959602031606
-0.001318010617268
0.000727097249809
0.002699941116777
0.004094424944464
0.004361422393534
0.003222925236481
0.000955793777066
-0.001624261436765
-0.003670817014758
-0.004923652592435
-0.005645388609752
-0.005988101422425
-0.005792031158306
-0.005027463627500
-0.003988624978290
-0.002964883704820
-0.002076172985760
-0.001440873393891
-0.001169272874882
-0.001181083838394
-0.001237006834838
-0.001199706975095
-0.001237217194781
-0.001670922421584
-0.002587205116186
-0.003695817540337
-0.004621472038131
-0.005262823903295
-0.005713502898945
-0.005928489701508
-0.005707248812773
-0.004883345573499
-0.003404922588578
-0.001453123830719
0.000497696091907
0.001900226908027
0.002359377212634
0.001796224114911
0.000536562779317
-0.000989284847476
-0.002549276524144
-0.003980774344962
-0.005029261561269
-0.005419415666909
-0.005031563143636
-0.004028484599665
-0.002804884291254
-0.001727476103192
-0.000851041471089
-0.000075786954255
0.000394505688100
0.000167584307213
-0.000713950618939
-0.001702469782313
-0.002385132028394
-0.002803721085791
-0.003098883662737
-0.003270532796172
-0.003268083272067
-0.002980976159101
-0.002307144074887
-0.001334992260901
-0.000218824691493
0.000947036022142
0.001985678335645
0.002650760669162
0.002819158671638
0.002565236800347
0.002018273078837
0.001160157183828
-0.000111317484940
-0.001702432841262
-0.003145766474753
-0.003741242782661
-0.003080795565932
-0.001478751052703
0.000330691931357
0.001813331909993
0.002733714157026
0.002938291265426
0.002383533571255
0.001352779713747
0.000456622207869
0.000174194146090
0.000340694673270
0.000276537065840
-0.000493699050308
-0.001772686531322
-0.002907561409252
-0.003244312574352
-0.002420490097760
-0.000553494059312
0.001756951675005
0.003777008583799
0.004985506622379
0.005087876133594
0.003960472929555
0.001781103617654
-0.000817279551408
-0.002946013166655
-0.003955374915718
-0.003728391721116
-0.002641017518491
-0.001312747962531
-0.000308632397368
0.000009191916214
-0.000365540993834
-0.000937951088515
-0.001035702626750
-0.000369235538846
0.000831869415009
0.002040355290626
0.002726606324649
0.002637307786067
0.001938800904948
0.001053983433876
0.000238537124639
-0.000528730339337
-0.001259025134693
-0.001891606104895
-0.002378395066079
-0.002568218427906
-0.002201725774614
-0.001216622242422
-0.000015946045996
0.000673127457978
0.000366270096598
-0.000712476265373
-0.001862315792892
-0.002426188803248
-0.002043894662889
-0.000973625885018
-0.000146013795227
-0.000337270466791
-0.001326695767225
-0.002043274232731
-0.001574648200997
-0.000074884673365
0.001430287530909
0.002093390140643
0.001902027913513
0.001411398919817
0.001135727538273
0.001185733997941
0.001309864115528
0.001215857094481
0.000823784569688
0.000273717957944
-0.000216260144135
-0.000478180084483
-0.000464071444240
-0.000250039436656
0.000115028890006
0.000661863300352
0.001326371098045
0.002001075316697
0.002727724495882
0.003581862599559
0.004480042414112
0.005135221999091
0.005088533118482
0.003920896094142
0.001635120264387
-0.001104564210050
-0.003243470044056
-0.004015242136204
-0.003348023311057
-0.001639619554637
0.000610263551433
0.002870494344920
0.004567094536650
0.005168877808382
0.004417225400169
0.002656908380818
0.000780368062105
-0.000385547059658
-0.000636686852436
-0.000333735867602
0.000014896674088
0.000024344414017
-0.000381853451004
-0.000906764477638
-0.001070582825534
-0.000439502435289
0.001028005128165
0.002778435492919
0.004153477278045
0.004856936387291
0.004816435374411
0.004107153706170
0.003090540365459
0.002306766815388
0.002021961927658
0.001851490360778
0.001081990287166
-0.000542616089590
-0.002458312401520
-0.003684622235476
-0.003560188425807
-0.002082981433861
0.000243917259910
0.002688676196425
0.004586389741002
0.005524998408559
0.005349570252970
0.004166963106543
0.002377578249339
0.000611142321848
-0.000496958672943
-0.000651493977094
-0.000046893134525
0.000894288246289
0.001756178985564
0.002238023036059
0.002414652609622
0.002646419921794
0.003077552912590
0.003520010222505
0.003714428133109
0.003504187082817
0.002947342536286
0.002368943880346
0.002171390146963
0.002563447638738
0.003480057007224
0.004534475463442
0.005027938424946
0.004382577094290
0.002675526077251
0.000697683131053
-0.000477697198871
-0.000239436523650
0.001041777578325
0.002345312272032
0.002862595963313
0.002409151353965
0.001217985316709
-0.000222001624526
-0.001344590980930
-0.001836757060778
-0.001641481987694
-0.000863748258854
0.000161159516675
0.000983329311802
0.001241540609355
0.000776479967151
-0.000205252575281
-0.001202492028584
-0.001847400271987
-0.002009510864084
-0.001643718135320
-0.000963417244496
-0.000387916650840
-0.000028662556388
0.000325604393607
0.000664624006735
0.000743161310620
0.000505812869057
-0.000068740246988
-0.001196888493346
-0.002788588396055
-0.004149817799403
-0.004511949734035
-0.003631286182713
-0.001941642394045
-0.000311422415686
0.000452117962515
0.000123202036322
-0.000847303005107
-0.001813134562076
-0.002347353043875
-0.002249915458534
-0.001568217066485
-0.000709639536030
-0.000266018698913
-0.000530220799168
-0.001205839614671
-0.001718687182316
-0.001852054320249
-0.001947116292408
-0.002404144815199
-0.003166245042613
-0.003778193266779
-0.003746925163803
-0.002917803394777
-0.001708399566310
-0.000758867027796
-0.000362721079193
-0.000469311753154
-0.000882983389799
-0.001279089425882
-0.001434272036820
-0.001416519844432
-0.001372978547714
-0.001381583227652
-0.001450940680822
-0.001462424618212
-0.001315021548974
-0.001161411690975
-0.001316623400566
-0.001927736655206
-0.002814640433930
-0.003591940133484
-0.003818691276588
-0.003227685447546
-0.001999764513746
-0.000588820048378
0.000655502251186
0.001492547048143
0.001768360271230
0.001602197338524
0.001231300362049
0.000546309908258
-0.000762694494405
-0.002551655643084
-0.004184264946762
-0.005048262844720
-0.004868806544820
-0.003789606153494
-0.002347831182897
-0.001216336593712
-0.000745563780765
-0.000798178408286
-0.001011808426914
-0.001040500882709
-0.000740444172535
-0.000252727619898
0.000156510361184
0.000221985977874
-0.000215747075202
-0.001056722507701
-0.002060993873413
-0.003137064888335
-0.004326264588701
-0.005587876034247
-0.006712384563150
-0.007295576446167
-0.006842199007463
-0.005106712958481
-0.002377895172096
0.000539824531182
0.002628441892627
0.003117549844621
0.001909994039267
-0.000333284155755
-0.002646509419220
-0.004338512323175
-0.005137280554172
-0.005102599147830
-0.004638160511746
-0.004311670151001
-0.004393016150620
-0.004657769894421
-0.004657185595685
-0.003976455415138
-0.002374172781058
-0.000079873171900
0.002043741063999
0.002970545820447
0.002341291063088
0.000635629382973
-0.001425066305290
-0.003193497434913
-0.004114045076821
-0.003910665863758
-0.002688356765937
-0.000997330495510
0.000231199905886
0.000262891190075
-0.000852857993458
-0.002400087863127
-0.003604062304776
-0.004094483753891
-0.003926210212508
-0.003311011828458
-0.002484456228199
-0.001740887537313
-0.001293938108942
-0.001118631497033
-0.001018928720361
-0.000752125653335
-0.000211468552762
0.000406852397097
0.000816819318758
0.001022840785478
0.001262153638428
0.001636957134401
0.001988279497917
0.002031982588954
0.001496464900548
0.000258205661226
-0.001427752217923
-0.002898064511212
-0.003584229984528
-0.003444550343950
-0.002752367481993
-0.001711790940667
-0.000342669466718
0.001333111130155
0.003072512014364
0.004484600761686
0.005184436291570
0.004920629438909
0.003727538847194
0.001928073750996
0.000032157424189
-0.001516304154770
-0.002652833259795
-0.003548021747307
-0.004201300725869
-0.004386133586773
-0.003869011240457
-0.002608457640873
-0.000868942461079
0.000809377283913
0.001854255909875
0.001975475342712
0.001340848955510
0.000574125747826
0.000386298911055
0.000942881365468
0.001716125323284
0.002022757277191
0.001534301201371
0.000335001562191
-0.001107187294620
-0.001975395563881
-0.001705307499334
-0.000702613379110
0.000085001490566
0.000218872497328
-0.000145765837992
-0.000866611596757
-0.001811448719996
-0.002489582539475
-0.002351701342262
-0.001358502252204
0.000070230725930
0.001364294350987
0.001959703713014
0.001536831291353
0.000232743193458
-0.001422217791286
-0.002780767244527
-0.003416717597478
-0.003258168467874
-0.002400355530668
-0.001063427925596
0.000232702336531
0.000991201366876
0.001261783296584
0.001418601322544
0.001566564500088
0.001461472497038
0.000928840776005
0.000061743636245
-0.000917081987176
-0.001561378169716
-0.001286183401648
-0.000074894749622
0.001265343945239
0.001847957873730
0.001307814871944
-0.000282917548996
-0.002465773810714
-0.004408276710572
-0.005290327347237
-0.004710310885817
-0.002898809471824
-0.000613169525927
0.001465636621023
0.003077952567193
0.004097693876741
0.004423872232983
0.004114722183779
0.003193787107622
0.001558537758923
-0.000558434720907
-0.002420833310652
-0.003436293343568
-0.003607725026204
-0.003163470259517
-0.002221829595802
-0.001019220551398
-0.000026299364044
0.000439922883095
0.000599700107751
0.001026112708688
0.001910273957081
0.002691298821146
0.002678185068435
0.001823283678326
0.000720689078249
-0.000068127118898
-0.000496344736288
-0.000655140120950
-0.000375241112744
0.000306826927670
0.000828352170942
0.000758149751817
0.000347732140184
0.000111935548147
0.000237977097166
0.000651116063596
0.001355783912148
0.002450632332382
0.003906254066998
0.005425799976269
0.006512321698031
0.006700289176709
0.005824829901117
0.004224656509456
0.002660150917671
0.001803246736467
0.001806475508251
0.002529882025014
0.003867989621831
0.005519710784207
0.006900227584510
0.007633210876243
0.007828980478066
0.007714203785007
0.007222141287645
0.006239923541690
0.005095320908605
0.004426106775842
0.004645873042655
0.005651417407078
0.007002642839297
0.008418327258439
0.009886110074596
0.011212194774511
0.011969063639393
0.012058090401867
0.011840858003667
0.011592731933459
0.011221809356604
0.010516251120140
0.009430163131141
0.008270375285868
0.007523813656930
0.007325872406776
0.007467445970660
0.007963759532239
0.009055096266631
0.010628472990537
0.012093778340034
0.012846197376044
0.012640392433966
0.011635729520133
0.010318905260799
0.009281318105670
0.008838288140659
0.008930937579174
0.009329711272552
0.009694130087219
0.009691587512191
0.009292499676778
0.008787958165791
0.008493412020883
0.008502717677714
0.008676886040021
0.008684070132490
0.008152597296956
0.007038197117723
0.005681380291126
0.004535649289016
0.003934141406316
0.003942224559806
0.004461296091121
0.005310985832951
0.006037651010104
0.006085669083229
0.005397043151810
0.004477435665037
0.003832514431840
0.003672402590527
0.004009480096125
0.004616070340441
0.004960258965290
0.004532359457615
0.003285318945838
0.001649827255952
0.000230294211469
-0.000465315732751
-0.000362394438827
0.000085157057644
0.000445884956951
0.000578481221722
0.000280138222711
-0.000579766696058
-0.001584870019862
-0.002025463285676
-0.001630337149468
-0.000737876728538
0.000117390730298
0.000469188237432
0.000104811009267
-0.000713234556001
-0.001515024069347
-0.002083163198740
-0.002422533409770
-0.002581314609069
-0.002757290077314
-0.003271356690705
-0.004203443702854
-0.005191384782052
-0.005686138641982
-0.005478630681051
-0.004894280711695
-0.004375077181886
-0.004124834062918
-0.004171301985775
-0.004452035386154
-0.004801277981810
-0.005085458833241
-0.005409593277429
-0.005996067071037
-0.006859659624867
-0.007734794896771
-0.008236624776509
-0.008083109784869
-0.007381759429905
-0.006750881281146
-0.006874888616847
-0.007752201384432
-0.008644668569819
-0.008845463783770
-0.008178305310005
-0.006920543372130
-0.005565104540280
-0.004498632047395
-0.003847989012581
-0.003673107978439
-0.004003504349590
-0.004571036716757
-0.004962350894844
-0.005120920223052
-0.005307984872038
-0.005774103114999
-0.006700234228728
-0.008045273570486
-0.009405455820829
-0.010360814644566
-0.010779817149190
-0.010554369211169
-0.009469105317842
-0.007688827229608
-0.005910466893659
-0.004720706816582
-0.004192960914853
-0.004130256542090
-0.004334218547827
-0.004709088794588
-0.005253898367617
-0.005898958857964
-0.006522149647832
-0.007262132247480
-0.008405601693949
-0.009775070654124
-0.010751078870701
-0.010970418178734
-0.010514025264612
-0.009576701575008
-0.008390466407311
-0.007097738943651
-0.005425925132477
-0.003096643350633
-0.000497693402148
0.001644252189095
0.002777471301667
0.002399254458591
0.000196836093829
-0.003328943842218
-0.006855600106019
-0.009073182812069
-0.009395539958178
-0.008161372869350
-0.006424563751420
-0.005122963273650
-0.004330411051034
-0.003696069692829
-0.003222052271574
-0.003082413113559
-0.003193273823609
-0.003397044277751
-0.003621100658967
-0.003647615642521
-0.003178193089808
-0.002227887813511
-0.001147074819045
-0.000344819337308
-0.000123295756087
-0.000514745545796
-0.001261999711153
-0.002110613234178
-0.002884883320170
-0.003337211311354
-0.003334466832456
-0.003067386228175
-0.002836541165579
-0.002761031467328
-0.002801135198279
-0.002862023307425
-0.002658886681911
-0.001871204967356
-0.000655449566664
0.000475757775558
0.001260539800462
0.001715240722659
0.001716952416474
0.001000571996625
-0.000480198032197
-0.002430847698169
-0.004373124483899
-0.005854280411027
-0.006610023373533
-0.006596003663368
-0.005978342362837
-0.005108726087456
-0.004321825649594
-0.003682474092972
-0.002892716575093
-0.001582484540862
0.000066086259463
0.001264711770428
0.001381976654234
0.000458677173181
-0.000995201862972
-0.002374948086697
-0.003324891803078
-0.004072879332859
-0.005180018226749
-0.006719456287009
-0.008101911580572
-0.008850274748148
-0.008912727398552
-0.008175216655218
-0.006564232057905
-0.004663654079971
-0.003339344561571
-0.002706857201553
-0.002221567863383
-0.001648311823965
-0.001228527655126
-0.001129850022156
-0.001211056198807
-0.001205200368412
-0.001033783613504
-0.001012179472566
-0.001617033110782
-0.002985604446646
-0.004796988471827
-0.006557609169556
-0.007806879321284
-0.008138023899795
-0.007325808429771
-0.005538267650541
-0.003254410326531
-0.001036121485579
0.000659097415517
0.001757871662249
0.002507200444942
0.002965334687573
0.002928325675102
0.002359169128758
0.001365354603173
-0.000144464367314
-0.002099151356223
-0.003795082852992
-0.004494474564638
-0.004144036434388
-0.003237516517121
-0.002448346751491
-0.002289548369629
-0.002747681472628
-0.003293673818800
-0.003279511616012
-0.002258310676620
-0.000154363345378
0.002518609947767
0.004808556796593
0.006021929854671
0.006082235218859
0.005243311187361
0.003873437956294
0.002463407098561
0.001360483809374
0.000414286623957
-0.000716220068115
-0.001867144601583
-0.002397276775168
-0.001915368983893
-0.000538022288164
0.001438101558631
0.003571095207747
0.005201137146764
0.005867899240685
0.005730837020700
0.005301470364181
0.004857551829277
0.004371346449561
0.003816225165438
0.003269026560517
0.002754955669252
0.002080002363825
0.001030671133893
-0.000244128233881
-0.001312483467577
-0.001769279091981
-0.001345635609565
-0.000104328162951
0.001456382217645
0.002778380878330
0.003561178332332
0.003765306388886
0.003604314204437
0.003377435420026
0.003176946456969
0.002888387169373
0.002470984933872
0.002049978840985
0.001695323303214
0.001375189621216
0.001154410299035
0.001152920061814
0.001333735245164
0.001456233998021
0.001185399149829
0.000416890113332
-0.000493705597110
-0.001041948085135
-0.000918413686059
-0.000076197742778
0.001243346988826
0.002745423746379
0.004290378476498
0.005583841221290
0.006049508738804
0.005335491323526
0.003624837182717
0.001320121068997
-0.001176103945240
-0.003274005608802
-0.004330632264459
-0.004154418833723
-0.003058443232206
-0.001473851939084
0.000232193311778
0.001726569181832
0.002849634753493
0.003736037431020
0.004597722407910
0.005458087228667
0.006126649999881
0.006305984428404
0.005753397089298
0.004496242121752
0.002872542661651
0.001325831877790
0.000269909287961
0.000029816648743
0.000599186761997
0.001478304102308
0.002067650906886
0.002209767138141
0.002107240531264
0.001943865999458
0.001830579781314
0.001832691878713
0.001960339672249
0.002272008851324
0.002829969359644
0.003530723270016
0.004182225552221
0.004678943830568
0.004916264268588
0.004636101335860
0.003607439960588
0.002048491592944
0.000720338311221
0.000382971375352
0.001132844890080
0.002403276839130
0.003558272362216
0.004284601907810
0.004534510118834
0.004330633521607
0.003635531331008
0.002433824761091
0.000941433134204
-0.000280832455007
-0.000510985864775
0.000637709306659
0.002853437576757
0.005201519949583
0.006631539699045
0.006630552488645
0.005399803386567
0.003435168896142
0.001132982536462
-0.001127706189843
-0.002809944666469
-0.003441056576046
-0.003025043946550
-0.002142575799691
-0.001434738040065
-0.001021289789961
-0.000686594046182
-0.000346957366946
0.000009990536477
0.000553133154664
0.001351528860384
0.002013613950143
0.002041228765587
0.001323217296372
-0.000056729892251
-0.001926309453066
-0.003716351885914
-0.004699065903854
-0.004662824032598
-0.003902018726719
-0.002741804790450
-0.001526709686490
-0.000669073253959
-0.000295702223370
-0.000154544967173
-0.000063237975291
-0.000182953534363
-0.000638064442321
-0.001082908781618
-0.000937493735377
-0.000073517981995
0.000899737799411
0.001220671609213
0.000606615074079
-0.000869089474650
-0.002916286893968
-0.004887508040105
-0.006102404598327
-0.006294305583660
-0.005509054577152
-0.003900217853906
-0.001807245073636
0.000232817691764
0.001735459983947
0.002527064845788
0.002828958466454
0.002944035297291
0.002769412936011
0.002064239406837
0.001127725002749
0.000619947585232
0.000796341642949
0.001277370028688
0.001512504482459
0.001208705153831
0.000321479943964
-0.001026646883990
-0.002480078728122
-0.003538329292366
-0.003878514933055
-0.003477584999545
-0.002368643188235
-0.000468721205833
0.002236970175146
0.005348282228173
0.007932318573160
0.008977544056778
0.008124966263761
0.005878437330039
0.003164454056373
0.000862418676286
-0.000487751022537
-0.000982522679638
-0.001195012475854
-0.001474179528526
-0.001690229562796
-0.001588556683539
-0.000979719157860
0.000296482311324
0.002207031175100
0.004341398305723
0.006061456312224
0.006811273208477
0.006470591342198
0.005534343720861
0.004652673046084
0.003997567684008
0.003324085426177
0.002515843139320
0.001732399726145
0.001064037587139
0.000459465248713
-0.000070875364544
-0.000474588823057
-0.000645972096304
-0.000375414681918
0.000399818338430
0.001498584912183
0.002762237415633
0.004015926002656
0.004780038949081
0.004538495504352
0.003417545357588
0.002182777218283
0.001434608781506
0.001221875899646
0.001404249361744
0.001825856949576
0.002183649783474
0.002211787732702
0.001971075445177
0.001753573801095
0.001773126376081
0.001939923603264
0.001875469796774
0.001249379784150
0.000176492354802
-0.000761718246035
-0.000898493745210
0.000101459790693
0.002012981853897
0.004114159069597
0.005631578529756
0.006187938234324
0.005794878348826
0.004746435095680
0.003673491380706
0.003139180028412
0.003011258504693
0.002778740597487
0.002324943993834
0.001878138419910
0.001621264927213
0.001657258662734
0.001946847067926
0.002318959088242
0.002794710894433
0.003523985891043
0.004294365357823
0.004719506912735
0.004841145147644
0.004865911819136
0.004645469107450
0.004065041700240
0.003505182895254
0.003317790020122
0.003260196442191
0.002923162459186
0.002192628167038
0.001149429668820
0.000164664264480
-0.000180056923622
0.000252340335699
0.001043345201439
0.001819298174039
0.002453515225301
0.002896963964284
0.003289526209579
0.003910690053586
0.004780190619517
0.005602460629571
0.005878409137836
0.005001845452312
0.002880570471146
0.000442342709796
-0.001090574449176
-0.001403890015927
-0.001063385495288
-0.000607980397375
-0.000365270114813
-0.000542136359003
-0.000810244607361
-0.000424705380277
0.000988646091814
0.003168006183369
0.005423465088008
0.006722334592630
0.006198603296739
0.004082805189798
0.001571136111221
-0.000345478969650
-0.001356514143533
-0.001549856637161
-0.001384678917479
-0.001482510336729
-0.001920457181428
-0.002235326750374
-0.002167873115894
-0.001792189029721
-0.001245419727050
-0.000778474090170
-0.000668093547141
-0.000821744959717
-0.000731387736461
-0.000044851609180
0.001068612753137
0.002238312979481
0.003144289183796
0.003507217547160
0.003173848216939
0.002077070913283
0.000217438717552
-0.002013109804124
-0.003774393911534
-0.004460910685310
-0.004226029648907
-0.003571022359491
-0.002838440679380
-0.002223546219279
-0.001742655060261
-0.001251856440516
-0.000826423257667
-0.000704993951964
-0.000704491803117
-0.000313738729105
0.000501359651336
0.001085028768063
0.000821847921441
-0.000222446971835
-0.001486173591960
-0.002498759771839
-0.003203258715379
-0.003816763984585
-0.004468088189104
-0.005004315431053
-0.005035598999252
-0.004167750527853
-0.002418938670569
-0.000380142081636
0.001134500185710
0.001469518179880
0.000422640673009
-0.001457242611006
-0.003069831308178
-0.003582156892136
-0.003082420654591
-0.002346926885689
-0.002076081110198
-0.002532545714970
-0.003603196127243
-0.004786046858426
-0.005326037330837
-0.004817012933740
-0.003624964954924
-0.002427780249480
-0.001517206450658
-0.000835932019260
-0.000385276465253
-0.000234460513768
-0.000341160686032
-0.000593084332936
-0.000897691575565
-0.001149765659281
-0.001226493524765
-0.001143953840021
-0.001176230225373
-0.001610237642236
-0.002342906200145
-0.002908671750539
-0.002923552497227
-0.002347007740088
-0.001421848560120
-0.000563172558459
-0.000079405566132
0.000160586735641
0.000511387672338
0.001061392975844
0.001648540529783
0.002130980822743
0.002300616161122
0.001806710558635
0.000593409286844
-0.000913013643234
-0.002301829788321
-0.003311390972536
-0.003522931162408
-0.002636646283482
-0.000977544777458
0.000722655558235
0.001913696089053
0.002369304859030
0.002005069067361
0.000925332995347
-0.000387235210430
-0.001281062500567
-0.001488712605863
-0.001205218949832
-0.000578339078328
0.000362854150693
0.001287578053200
0.001733156641249
0.001588474237106
0.000975993878220
0.000088435102318
-0.000650484980806
-0.000836543050558
-0.000631886273844
-0.000690735170505
-0.001425586872902
-0.002587831369369
-0.003584202940377
-0.003914743208248
-0.003421443016037
-0.002351186763361
-0.001094911857013
0.000125272138557
0.001259343116576
0.002261580567525
0.002955545515696
0.002985136664284
0.002003673417407
0.000004177545568
-0.002556609434260
-0.004911093359599
-0.006320107908330
-0.006415094800775
-0.005244619199739
-0.003161525470073
-0.000836020452257
0.000905695228779
0.001559563459850
0.001240216239124
0.000472288697063
-0.000245615673881
-0.000684850581150
-0.000909681266991
-0.001140486588983
-0.001455227625034
-0.001649011484169
-0.001498437607229
-0.001078937174120
-0.000705325745880
-0.000600142175715
-0.000607163189162
-0.000290872559777
0.000489383337093
0.001333644128084
0.001774166632150
0.001620890261605
0.000951464025631
0.000160698003623
-0.000170498642104
0.000276802787622
0.001288326597227
0.002291003455903
0.002700494603270
0.002252973880381
0.001262871743167
0.000379325760861
-0.000103632048463
-0.000352462188737
-0.000401935278138
-0.000024184853200
0.000791783773653
0.001660403845640
0.002160851010370
0.002234538685910
0.002118011732528
0.001971540393345
0.001826200690213
0.001777093703049
0.001892240824488
0.001965238781216
0.001625571809904
0.000763412957074
-0.000301267004716
-0.001095301629273
-0.001313387759735
-0.000917099661664
-0.000131177866548
0.000575683669414
0.000672200096668
0.000006894888197
-0.000929265804536
-0.001432798443226
-0.001191634141481
-0.000341486928491
0.000769077092914
0.001722450068586
0.002166033337285
0.001929838578735
0.001036621454597
-0.000284342152343
-0.001701417281724
-0.003051403513592
-0.004262785026602
-0.005057666529841
-0.005063447311701
-0.004003485107353
-0.001803768297654
0.000942191385726
0.002973348025645
0.003388258775674
0.002245682189688
0.000153582123701
-0.002117045374275
-0.003878812932091
-0.004867118524906
-0.005112169934110
-0.004584612636542
-0.003367145729714
-0.001911628584118
-0.000771597124998
-0.000260135576167
-0.000507005770964
-0.001486314000287
-0.002804436435378
-0.003796929298214
-0.003973685625358
-0.003282613632761
-0.002034069646404
-0.000713803681276
0.000224910973429
0.000566844350750
0.000331866900434
-0.000351543782085
-0.001282029223164
-0.002285087244698
-0.003310695775955
-0.004255062326680
-0.004903152444282
-0.005263899466832
-0.005516740620215
-0.005574133953854
-0.005334948761714
-0.005060193252558
-0.004811144018054
-0.004112132653490
-0.002675762403384
-0.000787543015914
0.001144580821350
0.002599844311733
0.002698971254217
0.000958125073208
-0.001948054933085
-0.004947825989804
-0.007616328239658
-0.009893607060252
-0.011426033561502
-0.011788763517172
-0.010962476259480
-0.009212054197041
-0.006778229438220
-0.003934983128017
-0.001147153052905
0.001062521279482
0.002382712355118
0.002751382908997
0.002265073198953
0.001153630973950
-0.000433145063798
-0.002610598674910
-0.005354474998802
-0.008067506875748
-0.009984311122337
-0.010783807759634
-0.010428609963781
-0.008831464366970
-0.006136533845433
-0.002965818278907
-0.000106930153955
0.001890453124783
0.002869896414256
0.002933622834160
0.002182562152081
0.000744666011453
-0.000982029796655
-0.002448685720086
-0.003398653897951
-0.003923833772945
-0.004118242307478
-0.004010782049139
-0.003795827392705
-0.003799244804973
-0.004027757811045
-0.003912116594622
-0.002849609274131
-0.000901683747058
0.001338979865105
0.003349250051108
0.004883965249542
0.005803690978119
0.005887911988529
0.004776610396152
0.002370545415682
-0.000576816293310
-0.002830907349814
-0.003725322312630
-0.003393518723505
-0.002323561738247
-0.001201584149267
-0.000742644178362
-0.001153900914908
-0.001964252149079
-0.002559252160288
-0.002622597079328
-0.002040256002433
-0.000802891483433
0.000876623250497
0.002641311298353
0.004210532831137
0.005402904299900
0.006007150340980
0.005727861880873
0.004495984479588
0.002756612206674
0.001001742067776
-0.000657609427256
-0.002106607057944
-0.003072374473326
-0.003503016002418
-0.003484402339186
-0.002933693159695
-0.001845510490198
-0.000482302499190
0.000986476270870
0.002583625309278
0.004155616410657
0.005332994349285
0.005816356822012
0.005466165135710
0.004298988135595
0.002551557388089
0.000626529419183
-0.001070556581197
-0.002187457989825
-0.002487078771014
-0.002042854788862
-0.001195866016980
-0.000262026758737
0.000533904864091
0.001034904797839
0.001193768368852
0.000937445904255
0.000211508471317
-0.000642899146753
-0.000906304667059
-0.000008962128074
0.002044474877699
0.004576310630631
0.006512516379903
0.007003019411061
0.005859922702821
0.003558845556165
0.001029641443376
-0.000811322830600
-0.001645871652961
-0.001853419337015
-0.002028231131771
-0.002367558141265
-0.002338003663562
-0.001189693724708
0.000999985901485
0.003332827028594
0.005001153805018
0.005588483599226
0.005051356297371
0.003980996843579
0.003324244352135
0.003441757123478
0.003786618273894
0.003646808276209
0.002907627076003
0.002066795327602
0.001634943039591
0.001660282310006
0.001937411079758
0.002195127624265
0.002007479559589
0.001242709935249
0.000497268500389
0.000621438674383
0.002043759859787
0.004562556017116
0.007343084556750
0.009152268111855
0.009127298651433
0.007429764818131
0.005000996679406
0.002916609520027
0.001913885720329
0.002000814589764
0.002518466827973
0.002812679892739
0.002672963172231
0.002278528645305
0.002150179566308
0.002833889151397
0.004204299743140
0.005470348323930
0.005992004689758
0.005748315851436
0.005128382916707
0.004461783007941
0.003842400546187
0.003365129054123
0.003122659236473
0.003041924730933
0.003117232127060
0.003554903975867
0.004498848912028
0.005783662425081
0.006810678886951
0.006659848847467
0.004700854077090
0.001156275826441
-0.002979453655311
-0.006343013777116
-0.007717018711061
-0.006608467111059
-0.003365005438690
0.001065387628325
0.005328601558564
0.008242199280464
0.009537670519344
0.009617945554381
0.008712882722803
0.006893860216965
0.004485703087020
0.001762775437476
-0.001161636981740
-0.003794928273684
-0.005455727905092
-0.005981676393480
-0.005583993204030
-0.004486515056587
-0.003103444241072
-0.001961068843574
-0.001260435017535
-0.000859346232398
-0.000519747147157
0.000060406652486
0.001169749540718
0.002774463635656
0.004229279865922
0.004510482206381
0.003071354409930
0.000256643855583
-0.003121679037706
-0.006154445965371
-0.008117029022226
-0.008828447697579
-0.008433697037547
-0.006964274994021
-0.004632088529015
-0.002160727192267
-0.000276457233098
0.000768729979579
0.000990204640848
0.000475996093585
-0.000415327455205
-0.001048766141101
-0.000962758876960
-0.000251842003098
0.000403968337655
0.000222152573839
-0.000982741985618
-0.002800417613625
-0.004591414112763
-0.005662459057451
-0.005716908551341
-0.005105570770836
-0.004327753446183
-0.003610036510268
-0.002939853185112
-0.002130261251720
-0.000939463142990
0.000592445159946
0.001941765234865
0.002389203894213
0.001574382607930
-0.000182583193326
-0.002117571580000
-0.003556131946792
-0.004183659952197
-0.004062214450255
-0.003582628816821
-0.003176064511742
-0.002907297244134
-0.002539211991941
-0.002015601489420
-0.001480308982565
-0.000847419034871
0.000126964102560
0.001399883151080
0.002625866136121
0.003430624453886
0.003479403849157
0.002503891899992
0.000630132431575
-0.001366913046072
-0.002517362276186
-0.002447253361065
-0.001535570624305
-0.000479533104583
0.000082331078266
-0.000081893896071
-0.000595914459900
-0.000852896769542
-0.000507772178891
0.000384347832352
0.001346952311939
0.001739513989379
0.001334747870743
0.000499835213572
-0.000118700766657
0.000084945926943
0.001250685260268
0.002743306522208
0.003662487334685
0.003522384647508
0.002242086008475
0.000142978270571
-0.001824569699155
-0.002510809750526
-0.001536785553934
0.000370581287911
0.002097506167013
0.002999851746589
0.003128173504912
0.002976125941394
0.003005699293497
0.003278929586880
0.003506650740580
0.003263201779696
0.002252414818054
0.000686205346811
-0.000707562418592
-0.001171369760657
-0.000374572577064
0.001340777774880
0.003093736928970
0.004006596179368
0.003545870357978
0.001688596415351
-0.000792613602534
-0.002597188897713
-0.002761859362622
-0.001153311330866
0.001651015585162
0.004665636387380
0.006830230201495
0.007444085168193
0.006548792199706
0.004923532639189
0.003516820015273
0.002669714570586
0.002009585989312
0.001125973410936
-0.000002694844108
-0.001140598261872
-0.001841777412916
-0.001589742353180
-0.000389926086700
0.001143023751784
0.002534438711586
0.003649929872370
0.004263266795285
0.004193535764508
0.003621524029372
0.002956814490114
0.002626958981726
0.002662677274034
0.002350024042445
0.000935857478959
-0.001359950776468
-0.003548304999177
-0.004693415572671
-0.004304406816299
-0.002608000806024
-0.000493535017968
0.001246068534454
0.002392050897193
0.003017041089188
0.003220377450045
0.003107659272207
0.002621033321316
0.001467509496510
-0.000496892852048
-0.002981207467452
-0.005411820286621
-0.007120870439124
-0.007503229834950
-0.006232376647104
-0.003446854406778
0.000167264931470
0.003554122972740
0.005662748791813
0.005793926046677
0.003938417883509
0.000961572564368
-0.001825664903451
-0.003441764114002
-0.003545470697290
-0.002413814645194
-0.000889186084199
-0.000000321648803
-0.000431564408019
-0.002106474208700
-0.004071990198815
-0.005085267137016
-0.004362364140553
-0.001839303980682
0.001687002485492
0.004721911807610
0.006104583810951
0.005938807453538
0.005019753971729
0.003753981353911
0.002363404444793
0.001361825006789
0.000976541843139
0.000798453525391
0.000481932648207
0.000186177374620
0.000075838105762
-0.000073307171925
-0.000465963816461
-0.000806737242386
-0.000523623898303
0.000631314232734
0.002389874089946
0.004266056510963
0.005776478755056
0.006476086207531
0.006152280563138
0.004977763920442
0.003378639612867
0.001833022816252
0.000677946641668
-0.000005356642437
-0.000396915219698
-0.000810632477965
-0.001286299154065
-0.001462330187397
-0.001050885580136
-0.000016964333312
0.001618096011557
0.003550751929383
0.005017632343072
0.005384637777074
0.004691957992281
0.003347658504240
0.001756846539797
0.000504263592670
0.000274396356805
0.001246968770202
0.002895685460697
0.004366833389429
0.004809229406825
0.003766327861356
0.001688976954655
-0.000353876620585
-0.001606252131599
-0.001844032586425
-0.001036039672965
0.000636886778445
0.002656671404652
0.004312469915002
0.005019950499310
0.004599886983703
0.003203495036045
0.001147020571662
-0.000957198921497
-0.002316323745170
-0.002588725559363
-0.002119512626372
-0.001379565517744
-0.000528845213387
0.000426638450399
0.001466999628254
0.002484310877260
0.003127927802526
0.003059502166664
0.002458721486430
0.001858855702305
0.001492470804129
0.001120572190642
0.000496073629284
-0.000312256663811
-0.001237418493883
-0.002482143023801
-0.004027396398173
-0.005209797763117
-0.005208330032809
-0.003750496652656
-0.001318546566624
0.001110305895161
0.002628102727918
0.002887235689852
0.002082104542213
0.000595110619406
-0.001113071907710
-0.002453295359741
-0.002990071129837
-0.002820135645355
-0.002490057342785
-0.002509586359514
-0.003069383901294
-0.004206590881746
-0.005833354577883
-0.007432606222435
-0.008256173686673
-0.008042985415382
-0.007097683115876
-0.005771221791669
-0.004298869457836
-0.002880998104436
-0.001632555469794
-0.000722815252582
-0.000649130459879
-0.001962298645601
-0.004623715671411
-0.007928780600805
-0.010921302922653
-0.012696145603139
-0.012701478126397
-0.011063880690056
-0.008575581828426
-0.006345314100936
-0.005278078636678
-0.005555090427196
-0.006564207182380
-0.007401628788617
-0.007438804404241
-0.006652279822526
-0.005600689205678
-0.004954092868694
-0.005039923240874
-0.005815026677271
-0.007009304621771
-0.008198854312535
-0.009021568577636
-0.009498549975968
-0.009892664062341
-0.010215947540370
-0.010074305144033
-0.009027943611203
-0.007121420428459
-0.004876074763535
-0.002816187864607
-0.001389993556804
-0.001035442232592
-0.001841143326310
-0.003396760418279
-0.005176213475709
-0.006833763641368
-0.008170872916847
-0.009025647873540
-0.009099052503091
-0.008115535096922
-0.006399959683446
-0.004805522500128
-0.003952053632763
-0.003879413226937
-0.004188176374924
-0.004285534717910
-0.003781302670917
-0.002747278660484
-0.001502799365275
-0.000300514263052
0.000674733345822
0.001210682300410
0.001145242731744
0.000435238104509
-0.000868420703702
-0.002543478594867
-0.004138345880701
-0.005107982581528
-0.005088766141516
-0.004145676624995
-0.002664027926742
-0.001037478293486
0.000364476029421
0.001236426856885
0.001681866141793
0.002215416283139
0.003171927120324
0.004284048037622
0.004952642602542
0.004827523864638
0.003992620889023
0.002711016836316
0.001262091822674
0.000039852264372
-0.000568567191730
-0.000592136369396
-0.000311787756128
0.000245289440488
0.001070538946936
0.001894119451034
0.002524871704345
0.002929681844096
0.003091851354877
0.003216471539171
0.003740718501166
0.004878619367681
0.006382264596854
0.007792536027112
0.008670223294246
0.008585175953119
0.007250142858586
0.004807662347751
0.001819464671761
-0.000938101970190
-0.002680997461445
-0.002958664741518
-0.001891007467341
-0.000141876661235
0.001387136505152
0.002190380027136
0.002530868092461
0.003063262476468
0.004167705075446
0.005681239228197
0.007095299956594
0.007854598392326
0.007601142359630
0.006350523637502
0.004513894781345
0.002696344202142
0.001458771839655
0.001209175065057
0.001947292339893
0.003083899674142
0.003909547905173
0.004146056379284
0.003873882108654
0.003340487608843
0.002925409980412
0.002884752021070
0.003296699593871
0.004273458663810
0.005624754435427
0.006618086173236
0.006663852214611
0.005842990196999
0.004540286643493
0.003008292262523
0.001477428714843
0.000331372759456
-0.000086531677442
0.000289512742338
0.001177803149785
0.002052431645915
0.002482572558072
0.002351826581244
0.001783148753799
0.001055930105994
0.000449622622732
0.000112277104374
0.000254788855737
0.001115033183412
0.002422926431283
0.003397093181094
0.003526431893376
0.002860444620003
0.001524778884848
-0.000368489518759
-0.002239177462047
-0.003118109375567
-0.002485321810032
-0.000650581725472
0.001697541744068
0.003868705029503
0.005279364547519
0.005646885308179
0.005046785530531
0.003735314143505
0.002025878428740
0.000209429917014
-0.001488906168105
-0.002712675482644
-0.002943638578027
-0.001970071447561
-0.000169616937529
0.001727816546523
0.003077195845246
0.003617578365591
0.003304790446696
0.002185129780536
0.000706274215038
-0.000374891483762
-0.000619116637701
-0.000089832006748
0.000933124662319
0.001949754394114
0.002189642910810
0.001180669764137
-0.000668936816954
-0.002346289437468
-0.002886253155854
-0.001737874207881
0.000849667672463
0.003673762021870
0.005477970254196
0.005993700862024
0.005688648470861
0.004916717739259
0.003750858435083
0.002231033659504
0.000342540717923
-0.001918503170604
-0.004039163175751
-0.004958669671007
-0.004055724758817
-0.001862439943696
0.000541209394670
0.002474869203207
0.003773314572038
0.004440484999083
0.004536520634684
0.004200297377554
0.003555088190269
0.002695183309846
0.001848960992679
0.001241761496380
0.000741248819317
-0.000046944488764
-0.001404145193645
-0.003266868554680
-0.005088426660199
-0.005930996401877
-0.004942930893299
-0.002001821352687
0.001983855380373
0.005600452590971
0.007837927199321
0.008338848463856
0.007121241759675
0.004592103334907
0.001450119386078
-0.001776872949598
-0.004649520818574
-0.006524746570591
-0.006932991814433
-0.005903384618637
-0.003749143749123
-0.000932233954283
0.001900722620190
0.004158965083277
0.005580459984781
0.006045978918998
0.005485415278664
0.004201142414368
0.002683891915925
0.001031587441769
-0.000852045091800
-0.002679963104114
-0.003954471834195
-0.004514580695763
-0.004536347319300
-0.004161724054930
-0.003337280521988
-0.001948041360521
-0.000165584762154
0.001369532691301
0.001964295582285
0.001482544894569
0.000417821395268
-0.000604989364160
-0.001303008461873
-0.001776538455384
-0.002251356260471
-0.002743991725075
-0.002952067460774
-0.002616229381217
-0.001845844084531
-0.000947720877611
-0.000277744332483
-0.000247278092226
-0.000915831095245
-0.001634049382591
-0.001566985053833
-0.000480909594752
0.001130135724654
0.002370334794992
0.002418948508780
0.001211896761197
-0.000406159262180
-0.001617564211966
-0.002347707178253
-0.002820410263756
-0.003054444122263
-0.002935182735678
-0.002361919726824
-0.001372257680467
-0.000293336826936
0.000379843640067
0.000414836742235
0.000041610050785
-0.000286554263307
-0.000196091381747
0.000391001523807
0.001205747982243
0.001838807424492
0.001978427872844
0.001592220061501
0.001062084611244
0.000940494803585
0.001388234304077
0.001972735486775
0.002080941222241
0.001476609164189
0.000462200122946
-0.000413022554144
-0.000834506961438
-0.000974084015643
-0.001127446392095
-0.001232811282767
-0.000950667269865
0.000006187019716
0.001712420354082
0.004034341005842
0.006642039525320
0.008934858544998
0.010148239174830
0.009727183813298
0.007666826582363
0.004560243999886
0.001185297718933
-0.002017097777603
-0.004828024492379
-0.006679450150536
-0.006716596773588
-0.004550696623126
-0.000662547655733
0.003811244483887
0.007562989234300
0.009726630670580
0.010282313786625
0.009791913938404
0.008684127492778
0.006996178702435
0.004724687812468
0.002107278885986
-0.000307734150182
-0.001821472466042
-0.002110826579943
-0.001520047399482
-0.000561775755590
0.000616859335066
0.001962336374995
0.003244007597661
0.004386792222012
0.005484952536327
0.006396984547495
0.006722792201556
0.006246040058425
0.005325963294117
0.004575477841920
0.004087192575968
0.003358304926228
0.002099743196481
0.000778820557222
0.000165150401538
0.000623356845123
0.001945930413357
0.003572467637318
0.004877532559635
0.005434026172186
0.005042820071309
0.003480954297378
0.000683982253972
-0.002664778958175
-0.005338386147678
-0.006322460117851
-0.005156856421040
-0.002119823526967
0.001770204388329
0.005256384368126
0.007342609911882
0.007552668553794
0.006179186060923
0.004140538804298
0.002185552098140
0.000437254893226
-0.001176353656795
-0.002641654663116
-0.003961169406236
-0.004900178462649
-0.004929274314883
-0.003838644830849
-0.001956678652733
0.000357041154960
0.002841218443623
0.004966534934025
0.006041964231737
0.005669872806606
0.003764532756866
0.000471323633961
-0.003493914585905
-0.006834108192370
-0.008376342451005
-0.007630232908755
-0.004998959403538
-0.001717438347537
0.000874999942483
0.002104757941175
0.002023266156611
0.001090108241975
-0.000146467700847
-0.001242133160268
-0.001897973619964
-0.001990039112358
-0.001587439401428
-0.000987597058285
-0.000755563845406
-0.001541873645229
-0.003673714731622
-0.006676530848038
-0.009094436675884
-0.009173839381255
-0.006169925174762
-0.001073647500986
0.003994023879655
0.007072124242081
0.007278025804916
0.004924216547320
0.000975161519981
-0.003541578562566
-0.007638386938052
-0.010148148720602
-0.010088450311788
-0.007690163659638
-0.004371008435255
-0.001504772104523
0.000081375608642
-0.000056717355394
-0.001686706723968
-0.003739891966055
-0.004900864856087
-0.004339758014558
-0.002175501405703
0.000462977094246
0.002200432082600
0.002363095896111
0.001008746815158
-0.001438869154327
-0.004320864803199
-0.006971971391709
-0.008813357901840
-0.009222709356644
-0.007899873533815
-0.005437750029251
-0.003021717024650
-0.001377213352698
-0.000293187094476
0.000688130075778
0.001573583772198
0.002019542047745
0.001576420977308
-0.000112576224559
-0.002920969723606
-0.006114696055968
-0.008618241333553
-0.009302734250878
-0.007496782741599
-0.003808462980738
-0.000226180668446
0.001331219716831
0.000679488241518
-0.000734571865578
-0.001369687812938
-0.000940792896985
-0.000607430943585
-0.001713751368800
-0.004259608494539
-0.006881552960552
-0.008221184814124
-0.007961987186799
-0.006571910430280
-0.004582648504156
-0.002384722781186
-0.000414142105989
0.000715889686500
0.000623932587748
-0.000232759527571
-0.001023128923815
-0.001687280168623
-0.002976737377885
-0.005293186768444
-0.007904203805574
-0.009404960656976
-0.008905657828131
-0.006948480549992
-0.005118847804180
-0.004461615949963
-0.004569858776227
-0.004306751395882
-0.002991676861713
-0.000875012591530
0.001148058539133
0.002082966258698
0.001329012836116
-0.000973251165185
-0.003912673810759
-0.006289437197888
-0.007467249945355
-0.007858005804086
-0.008326737249920
-0.008870930159674
-0.008238801484865
-0.005271693323284
-0.000315206388430
0.004708846489708
0.007367225724338
0.006256608316689
0.001874678677976
-0.003826342647862
-0.008473220593888
-0.010335811653883
-0.009257326626167
-0.006526324108759
-0.003579116699856
-0.001207491940594
0.000171385916214
0.000383306613652
-0.000342677027420
-0.001493186806811
-0.002348418319798
-0.002132008413071
-0.000637510356641
0.001566899012119
0.003791027049473
0.005443497654016
0.005519620362836
0.002884721275341
-0.002471219108529
-0.008948216700961
-0.014109586067344
-0.015657817896165
-0.012417418787094
-0.005257691993848
0.003282356831102
0.010521462262886
0.014525752943102
0.014254201794417
0.009812331617125
0.002572066279267
-0.005101746544814
-0.010467429729153
-0.011503179631733
-0.008025347182979
-0.001684507967690
0.005128584773828
0.010064297726606
0.011141078851832
0.007547075386870
0.000348939106420
-0.007865159059055
-0.013950407270757
-0.015313591134615
-0.011108244322858
-0.002714830014997
0.007155740048245
0.015870192835071
0.021452031899148
0.022575104278334
0.018859168323156
0.011065828762552
0.000918243307997
-0.008989992765623
-0.015769977872446
-0.017658937887799
-0.014928788065499
-0.009424503948469
-0.003476649690146
0.001027950981928
0.003331731759395
0.003957913982299
0.003983707008660
0.004269024963412
0.005352922504813
0.007382523428520
0.009848130595990
0.011638928546735
0.011362935531682
0.007987851045527
0.001890640124398
-0.004879599826330
-0.009850323201118
-0.011610780528955
-0.010232501342802
-0.006793166910869
-0.002690160289510
0.000970002324668
0.003559967621977
0.004765426680317
0.004795028445862
0.004532783169974
0.004735361876004
0.005297398339504
0.005786808586267
0.006093353804701
0.005941251967309
0.004485052229467
0.001071346101903
-0.004028813612406
-0.009714511902572
-0.014305546140701
-0.015930072243094
-0.013282003506992
-0.006154237154875
0.004385940434763
0.015938051155024
0.025172009580178
0.028881122938018
0.025278053840424
0.014895888106445
0.000575695658041
-0.013579854286589
-0.023813111375618
-0.027857215005482
-0.025220072248425
-0.017096903204406
-0.005896412799310
0.005667022666740
0.015220742421074
0.021000394300580
0.022207058180585
0.019256124110479
0.013394427538286
0.006090261796913
-0.001077791524287
-0.006668042149504
-0.010140951396951
-0.011889967404494
-0.012313544273556
-0.011305568501931
-0.008707857723573
-0.004865336128005
-0.000623596605960
0.003053668802565
0.005652713643754
0.007320342145937
0.008291047444900
0.008431009261386
0.007490883821644
0.005485376414331
0.002881316346121
0.000482271343121
-0.001182063863882
-0.002445576252042
-0.004172022093538
-0.006743439040189
-0.009685930074427
-0.012078125331558
-0.012926007493147
-0.011485365770816
-0.007458929424546
-0.000982142824923
0.007094798016641
0.014933106396478
0.020225964160458
0.021261877661646
0.017665874572496
0.010419668887397
0.001246907069177
-0.008198477791219
-0.016570963252590
-0.022513852347515
-0.024659475613682
-0.022182090639955
-0.015288280298093
-0.005273154346098
0.005653167812076
0.014822605217145
0.019968806726981
0.019996164603034
0.015234757079855
0.007202680748826
-0.001876344085393
-0.009612135157162
-0.014097257815466
-0.014525051368467
-0.011432112922720
-0.006234327703472
-0.000280789012254
0.005359803964344
0.009312141077632
0.010165266730913
0.007599472920920
0.002696569936408
-0.002688861726832
-0.006595057620735
-0.007668824891507
-0.005778723075022
-0.001781508252886
0.003185529216118
0.007952396697998
0.011242503533687
0.011918990990447
0.009633736699728
0.005261196166869
0.000543554192376
-0.002773473932122
-0.003595641904152
-0.001754618144956
0.001882600159837
0.005769336427464
0.008584207294700
0.009770282216279
0.009333063275850
0.007539367495611
0.004889080562766
0.002133487456811
-0.000037161849034
-0.001313752401444
-0.001482156661529
-0.000139741630525
0.002794150853925
0.006597571136588
0.010196341148152
0.012731079244568
0.013656290598604
0.013021433906285
0.011508273184533
0.009558329571430
0.006962653619801
0.003669974981044
0.000197561192929
-0.002932320723415
-0.005282397905966
-0.006009367818013
-0.004213651964789
0.000166943369356
0.006271753636544
0.012659909889842
0.017457181171336
0.018910850358969
0.016304324965308
0.010298943044445
0.002558140240713
-0.004738326857640
-0.009366306150977
-0.009852061314631
-0.006242356152679
0.000012553625234
0.006907341826902
0.012480548038657
0.015116484367622
0.014086317354853
0.009985923183542
0.004436600628383
-0.000791882220395
-0.004542274109914
-0.006394546181502
-0.006326970714604
-0.004540559772803
-0.001533236502067
0.001957949975151
0.005094145343877
0.007054116386027
0.007437284527552
0.006542170317896
0.004862965209044
0.002652767123844
0.000226938852878
-0.001914634805635
-0.003399788231410
-0.003984465916240
-0.003446723939926
-0.001935687409914
-0.000019885362644
0.002011379654971
0.004234432055045
0.006274493695846
0.007118951969422
0.005897964791373
0.002751295419968
-0.000954660670954
-0.003478895498151
-0.003954106945212
-0.002711279089483
-0.000545096054732
0.001954337660928
0.004305005146324
0.005843291894906
0.005995751506479
0.004801510273742
0.002887893017147
0.000893780897151
-0.000920717340084
-0.002411631888171
-0.003186340130284
-0.002813554090384
-0.001272579096969
0.000860324157506
0.002659860609380
0.003471816101150
0.003206677577444
0.002011650379901
0.000053536459898
-0.002224306162353
-0.003972024887225
-0.004371838074104
-0.003104524157935
-0.000436050686987
0.002827339564692
0.005608689272818
0.007007110428533
0.006539385246650
0.004226284316175
0.000535396199377
-0.003780349139312
-0.007729815718296
-0.010259151581655
-0.010641068702024
-0.008698644475796
-0.004862976943485
-0.000188359580810
0.003983625470741
0.006692883449282
0.007684031444653
0.007268060770166
0.006011956600422
0.004176117005364
0.001456169807772
-0.002379631049288
-0.006696088584867
-0.010066544500789
-0.011230340684038
-0.009965795626164
-0.007145451369618
-0.004121124342728
-0.001930397221997
-0.000871694677815
-0.000688368825285
-0.001069456556305
-0.001875438172619
-0.002837662650769
-0.003355578661419
-0.002793658914671
-0.000945657288142
0.001610210837644
0.003626677609539
0.003805792170031
0.001515152931324
-0.002632460853163
-0.006938022484651
-0.009779467824203
-0.010797232411458
-0.010836490888307
-0.010596520876666
-0.009776122072351
-0.007758581537246
-0.004528336943557
-0.000854978322656
0.001952579722047
0.002661938176085
0.001042788111991
-0.001843396129108
-0.004582664483961
-0.006423203348562
-0.007258232596313
-0.007108232331453
-0.006017413283287
-0.004462036133504
-0.003346720069388
-0.003144975680046
-0.003516036727400
-0.004053950180965
-0.004801744197398
-0.005839585612936
-0.006921672502607
-0.007603647853923
-0.007313806408404
-0.005684657531909
-0.003253410170293
-0.001099638246943
0.000287400244026
0.000953097287900
0.000811845735389
-0.000124103136555
-0.001434915720692
-0.002658858954579
-0.003474306573097
-0.003619010022596
-0.003108501771730
-0.002257402376096
-0.001348873444035
-0.000609313214564
-0.000362255187773
-0.000766501712521
-0.001469291964107
-0.001904701098047
-0.001860984484197
-0.001580920858761
-0.001418691432724
-0.001390918798025
-0.001111390996344
-0.000122957817877
0.001852505977455
0.004582561214524
0.007034918482777
0.007930510130174
0.006705790936874
0.003701408678709
-0.000269369759424
-0.004144889557874
-0.006735029526670
-0.007196148840140
-0.005537507095274
-0.002495603007428
0.001051884639887
0.004355193659900
0.006816108849555
0.008170317479940
0.008332194175857
0.007047395402481
0.004334994071206
0.001056892686973
-0.001572926658950
-0.002762341988913
-0.002316563972217
-0.000571529931372
0.001855356217212
0.004342678587689
0.006091942126737
0.006174011068616
0.004251914279599
0.000948273869231
-0.002531553170249
-0.004974696465944
-0.005754588221625
-0.005071042726409
-0.003509951468661
-0.001446294688216
0.000985909683164
0.003495576248853
0.005639194078302
0.007091921010482
0.007533980933766
0.006550165867543
0.003905677730005
-0.000098486520845
-0.004510107115235
-0.008023143312666
-0.009490187661246
-0.008368317887202
-0.004979865263869
-0.000418240204510
0.003997871407632
0.007292844082718
0.008866504587624
0.008413895839396
0.006152046192505
0.002801996781979
-0.000736388953006
-0.003651097668826
-0.005474737133113
-0.006153035286133
-0.005788312526254
-0.004386723963191
-0.001919499452214
0.001361064592080
0.004806040414803
0.007612445803386
0.009067275389554
0.008713264611164
0.006584401311473
0.003277101076241
-0.000278505716421
-0.003088884454923
-0.004519605286278
-0.004762854750554
-0.004598324564404
-0.004511111950712
-0.004178505074113
-0.002927305370025
-0.000578937706989
0.002230604280581
0.004427750530243
0.005221571746138
0.004557828775840
0.003126819722476
0.001923237063808
0.001351442591552
0.001010167833405
0.000460601297878
-0.000338690514432
-0.001180100664037
-0.001833652314242
-0.002194628082581
-0.002281345821798
-0.002170187057005
-0.001966232991532
-0.001789504813156
-0.001583922263683
-0.000993694756641
0.000247470238422
0.001990815851627
0.003845155627193
0.005360462931532
0.006141351388205
0.006005255846322
0.004947221140247
0.002983804764621
0.000250331454463
-0.002664844207357
-0.004746235497555
-0.005203444409315
-0.004059060360708
-0.002002812926738
0.000210712142965
0.002054292563362
0.003150225194913
0.003379981191117
0.003039172726300
0.002533188673314
0.001987339924077
0.001360464267273
0.000746290766447
0.000359158389619
0.000313872891522
0.000531444602112
0.000884844608246
0.001308842947448
0.001631777921114
0.001496793032631
0.000729990157795
-0.000348331634904
-0.001156850954932
-0.001270567109579
-0.000743823727455
-0.000182883107960
-0.000166958638897
-0.000561205662152
-0.000733898559486
-0.000172050981116
0.001361126761194
0.003713869858845
0.006189385986024
0.007843494459814
0.007984513927290
0.006445474285790
0.003515131653209
-0.000314646087730
-0.004391550399401
-0.007788853239998
-0.009454326025900
-0.008742073468616
-0.005840600017067
-0.001653615547767
0.002524879016045
0.005418791906878
0.006389470795297
0.005697808659166
0.004080488043271
0.002230620355924
0.000662459023997
-0.000322492833417
-0.000753878759787
-0.001014050530861
-0.001682267391934
-0.003153557458176
-0.005234710098738
-0.007054474917984
-0.007499930418675
-0.005979776544865
-0.002820524721477
0.000929190456196
0.004036981218034
0.005680204098556
0.005695392788803
0.004443775250403
0.002473556681545
0.000119011081457
-0.002538061104718
-0.005221526338051
-0.007239174564632
-0.007961541700508
-0.007282390570023
-0.005436327273664
-0.002845694259268
-0.000289933095298
0.001360359355393
0.001789797954552
0.001372449240905
0.000628456883286
-0.000226691444192
-0.001184948719949
-0.002192828701107
-0.003055216225255
-0.003545789806518
-0.003668987994638
-0.003697234005022
-0.003924562020100
-0.004422319648857
-0.004888437548182
-0.004794703921778
-0.003761847543072
-0.001798775415329
0.000546379034832
0.002327064152396
0.002847517416261
0.002195421440487
0.001118190757250
0.000405975194158
0.000304365965127
0.000410549900598
0.000052343552553
-0.001196199891271
-0.003212774799319
-0.005316521206093
-0.006538390423380
-0.006167827751753
-0.004141019937044
-0.001021986328213
0.002098808540401
0.003950741918150
0.003911756512693
0.002521095303691
0.000934713752388
-0.000014731127152
-0.000112657122702
0.000370209385373
0.000710907828230
0.000229123194939
-0.000885290758583
-0.001750011682430
-0.001726050782636
-0.000786488436855
0.000717006889887
0.002273938766162
0.003299225549570
0.003482404985176
0.003070061037688
0.002364250856228
0.001346508974092
0.000112177637664
-0.000869106922096
-0.001130639811057
-0.000618206791180
0.000415744199393
0.001676611590939
0.002763841256989
0.003230569300863
0.002863625931179
0.001760957344242
0.000274838909405
-0.001082798721227
-0.001755267192723
-0.001322689968613
0.000199348089152
0.002317187887060
0.004362431003271
0.005657174566589
0.005568773216131
0.003892159184907
0.001185583028488
-0.001550499728720
-0.003443637185565
-0.004001869698547
-0.003189329738475
-0.001452245881107
0.000469672413554
0.001940992857453
0.002663550994259
0.002543766442753
0.001638137888951
0.000309098182694
-0.000854141652098
-0.001358242062091
-0.001133894467451
-0.000588094916715
-0.000128608477238
0.000248980057754
0.000706304602887
0.001153225518650
0.001247836265763
0.000640554367663
-0.000777430616182
-0.002705836749620
-0.004408231193503
-0.004983691183258
-0.004019863495576
-0.001902884749219
0.000641937080326
0.002840708924331
0.003868099418619
0.003370266134323
0.001943905154323
0.000617447307612
-0.000134951406876
-0.000583524824336
-0.001019267872879
-0.001438241717710
-0.001896873922816
-0.002435418185313
-0.002843498809453
-0.002964894600548
-0.002851211024061
-0.002555146511273
-0.002145948023100
-0.001833717105817
-0.001785748192067
-0.001782397233377
-0.001323433988186
-0.000243509599516
0.001062355211624
0.002127450886646
0.002725545574316
0.002728279924340
0.002173019537315
0.001397600071547
0.000674970740243
-0.000061676271452
-0.000811843631768
-0.001354783711871
-0.001753548121592
-0.002355119486463
-0.003226483003010
-0.004047121153848
-0.004408082326207
-0.004044139825845
-0.002973042420378
-0.001428379593268
0.000367696256868
0.002185464421816
0.003682284996910
0.004622827529037
0.005019964261297
0.004939440850476
0.004408587740374
0.003469606225740
0.002204947657646
0.000809815022615
-0.000481719798953
-0.001626845737200
-0.002653590912693
-0.003302962034609
-0.003221187031336
-0.002549311822300
-0.001727800152590
-0.000688458489765
0.001051931329574
0.003557564213959
0.006186404895853
0.007910438323620
0.007761777941909
0.005377097967303
0.001491968120191
-0.002321269913508
-0.004683986558571
-0.005048653112177
-0.003573919392642
-0.000951481791856
0.001739722310545
0.003553937466999
0.004180457751728
0.003849063855429
0.002902667608544
0.001525996928978
-0.000130291844169
-0.001621631788872
-0.002350408752730
-0.002118225582763
-0.001240420936690
-0.000144922651510
0.000871630701256
0.001612177313489
0.002040383836943
0.002273817786969
0.002341972797486
0.002175059415650
0.001773438521216
0.000995108949579
-0.000593015892654
-0.003014104895643
-0.005346255239599
-0.006599469153018
-0.006546819425497
-0.005223501390882
-0.002580116945258
0.000967696896016
0.004401456161475
0.006770005861013
0.007630220064259
0.006941704706836
0.004962349153578
0.002163741366873
-0.000953369415407
-0.003936199751915
-0.006274387317357
-0.007320396428492
-0.006582547125005
-0.004132044700850
-0.000601910313990
0.002950405843288
0.005204589196932
0.005235781528943
0.003259211972502
0.000393824091176
-0.002270101242551
-0.004006409542806
-0.004306635052377
-0.003048176889038
-0.000608414089937
0.002306832870731
0.004832736482304
0.006219539968723
0.006097720318902
0.004462415933243
0.001567329625476
-0.001964263073268
-0.005022282483886
-0.006463115277643
-0.005895518369863
-0.003877973569944
-0.001396463360500
0.000729059483934
0.002130592765206
0.002924965173729
0.003510978638233
0.004194037574279
0.004932337578800
0.005368493099149
0.005090125950959
0.003909422787446
0.001939797118385
-0.000470061309936
-0.002877240501993
-0.004915574883429
-0.006261436451556
-0.006496855937223
-0.005258896111646
-0.002607823882604
0.000816116342696
0.004039489180382
0.006136623758542
0.006461266772103
0.004855727574297
0.001886858263108
-0.001316869937071
-0.003718020592576
-0.004791011860053
-0.004500219154737
-0.003300550321799
-0.001889574254299
-0.000645877183669
0.000429908162582
0.001315489527511
0.001816751205238
0.001695403646651
0.000863812608214
-0.000430431961674
-0.001656934858827
-0.002345399521258
-0.002336741967666
-0.001721413727376
-0.000701800122751
0.000400731583274
0.001061916711265
0.000771210786833
-0.000491391855189
-0.002277606906978
-0.004159828800412
-0.005796132529029
-0.006637000097775
-0.006141517973151
-0.004321281010484
-0.001773653826368
0.000671074432251
0.002288552182247
0.002777812994427
0.002354869726387
0.001390313607760
0.000043486033385
-0.001520921108298
-0.002908011082718
-0.003787819691904
-0.004033442932396
-0.003554125709316
-0.002477140337466
-0.001362135468384
-0.000772700077212
-0.000799911654196
-0.001132531285910
-0.001326281716905
-0.001090167977975
-0.000500556420733
-0.000003062825861
-0.000115326919197
-0.000776499916532
-0.001211259872065
-0.000766010658864
0.000519478576073
0.002114077350153
0.003343197739998
0.003669722960949
0.002828712315936
0.000931182854212
-0.001468208655512
-0.003656380004971
-0.005076183320860
-0.005417325503209
-0.004711031996340
-0.003300270496702
-0.001505650125429
0.000641404287190
0.003074283690679
0.005287043296547
0.006593080199556
0.006432396064580
0.004399930238558
0.000700477225933
-0.003405626469099
-0.006270409814704
-0.006970204910988
-0.005594010967207
-0.003003534874614
-0.000477816844975
0.001043108253781
0.001441345936417
0.000949287309259
-0.000229185838710
-0.001642832595402
-0.002692172839257
-0.003143350910633
-0.003028859583355
-0.002240959037217
-0.000804462346914
0.000764045608161
0.001809456185348
0.001934525990358
0.001105005313842
-0.000221433498227
-0.001287783525070
-0.001648036137238
-0.001359980421108
-0.000626019908887
0.000201545409421
0.000447434401832
-0.000389476213991
-0.002134372161808
-0.004137196599866
-0.005605495427172
-0.005793565362043
-0.004333858456857
-0.001437391118573
0.002245988568516
0.005683066759882
0.007549082471538
0.006848627434398
0.003720428967142
-0.000537689088717
-0.004355976398860
-0.006580613246567
-0.006586040349648
-0.004382441643074
-0.000752784861561
0.002869573332259
0.004945169020534
0.004551607134287
0.001832537526062
-0.001956762135029
-0.004839838799609
-0.004981252805095
-0.001667393237886
0.004254994580475
0.010747096555277
0.015478331572966
0.016724442448288
0.013875759194988
0.007504825852803
-0.000984901045507
-0.009765485212827
-0.016688009771049
-0.019493216841406
-0.016645705071617
-0.008354177642138
0.003240810251687
0.014858534918531
0.023161054746291
0.025728159631261
0.021854570692425
0.012901654400269
0.001788518308154
-0.008147588672855
-0.014277640385069
-0.015501790996242
-0.012386135683763
-0.006475745320042
0.000481048551036
0.006826034677581
0.011175618671023
0.012809322195834
0.011817684152404
0.008770694590346
0.004333933748556
-0.000726634887886
-0.005284871098636
-0.007971244957475
-0.007755870695429
-0.004432987790607
0.001215131277272
0.007578649591291
0.012797416453253
0.015435145192874
0.014781044679991
0.010952322963874
0.005065171902680
-0.001077898256375
-0.005973161620677
-0.008938885366125
-0.009688874017918
-0.008001896424528
-0.004009879057095
0.001616638689776
0.007856171501045
0.013324650351621
0.016270858678138
0.015251316648984
0.010055683518110
0.002000902876918
-0.006688801446184
-0.013890916584409
-0.018020763835814
-0.017902853366669
-0.013000537790405
-0.004000116988937
0.007085448729092
0.017369830493192
0.023809879360253
0.024337665973731
0.018893560015685
0.009308284303714
-0.001794709597961
-0.011882820516324
-0.018713979031715
-0.020658852141774
-0.017398812333462
-0.009991091899930
-0.000252816778934
0.009657858192360
0.017427836712084
0.020920657129841
0.018908818795485
0.012003087927285
0.002649579229344
-0.006234793098410
-0.012528053295668
-0.015061602973534
-0.013601196306602
-0.009017123880871
-0.002772986603608
0.003774260608154
0.009317131645924
0.012553921382656
0.012674684802987
0.009625119006674
0.004041217347404
-0.002718485098276
-0.008796932619388
-0.012549702511894
-0.013148933215953
-0.010755710948365
-0.006357406325751
-0.001356422708718
0.002929894134079
0.005678006639716
0.006678374740846
0.006095334295047
0.004100452955128
0.000897515889088
-0.002829108227048
-0.005940633602189
-0.007593869080453
-0.007706999369758
-0.006589992756959
-0.004526515392696
-0.001990015529719
0.000235444581706
0.001507678086963
0.001557724999287
0.000372441874252
-0.001685447757964
-0.003852008579156
-0.005457580736930
-0.006193078290639
-0.005812327436375
-0.004276079243454
-0.002163680180992
-0.000222632092394
0.001160760785915
0.001695293254358
0.001110307477509
-0.000444139960794
-0.002473976574602
-0.004571470048058
-0.006423760175087
-0.007693834108360
-0.008228578563287
-0.008095975191518
-0.007282328169929
-0.005725781861444
-0.003644439277016
-0.001479051900205
0.000423775758197
0.001863713485137
0.002641745923339
0.002541088159392
0.001417901861746
-0.000688934910784
-0.003441667336462
-0.006255948333048
-0.008483051119479
-0.009483127437203
-0.008810864009915
-0.006649018192303
-0.003811538051218
-0.001145376045506
0.000747569236387
0.001388280742952
0.000640824400612
-0.001010708009133
-0.002764339908138
-0.004017276123820
-0.004485788543804
-0.004130717048532
-0.003161478444267
-0.001822385373369
-0.000310789496286
0.000817466706005
0.000752676157000
-0.000721735309915
-0.002982492807563
-0.005212882955758
-0.006804952923185
-0.007265831835495
-0.006392138505884
-0.004551051836283
-0.002338368496628
-0.000072520377333
0.002072391195188
0.003809624578598
0.004925717885920
0.005278499785004
0.004505922995350
0.002304601346646
-0.000924144266626
-0.004091974534923
-0.006039137170995
-0.006067276283375
-0.004240567180779
-0.001358623500675
0.001486423037625
0.003452613852793
0.004198632650635
0.003805764552141
0.002707061984522
0.001651506442216
0.001308369209093
0.001819376532739
0.002889601788754
0.004082281423795
0.005022680063711
0.005540508634035
0.005448402755793
0.004232205407552
0.001439314134186
-0.002502275734401
-0.006297134541920
-0.008721787879855
-0.009112395974449
-0.007273100607266
-0.003647530473155
0.000783291829993
0.005127300741955
0.008696201163560
0.010740339772369
0.010788065404692
0.009071542816040
0.006122330996637
0.002386980236358
-0.001453525112142
-0.004554678032935
-0.006484519080955
-0.007204234839454
-0.006705115756395
-0.005098776232910
-0.002828711914162
-0.000371073945926
0.002055008963517
0.004156685049903
0.005401370488038
0.005430486636963
0.004363437552571
0.002738213926933
0.001314789623449
0.000695329221624
0.000773969209040
0.000875360953031
0.000654140190979
0.000267788379790
-0.000162512492120
-0.000569931299666
-0.000718989547100
-0.000361261533961
0.000542002421604
0.001762890007515
0.002793666106701
0.003043887091137
0.002350878652966
0.001100616719619
-0.000283067036752
-0.001555160951872
-0.002408021294538
-0.002504431746104
-0.001742651409380
-0.000281363220790
0.001552654081883
0.003350379917274
0.004860482238513
0.005938044049546
0.006146319935549
0.005006706674771
0.002688084511468
0.000017614834815
-0.002028486435715
-0.002756721708775
-0.002013476738310
-0.000277153509752
0.001499315881070
0.002407581580791
0.002123591287151
0.000989947762257
-0.000314107697874
-0.001142620764580
-0.001151499581666
-0.000507898945593
0.000266983826736
0.000802008478100
0.001114828022873
0.001403563782844
0.001786168624721
0.002242587762310
0.002521916085322
0.002187357388156
0.001132791075067
-0.000235430378689
-0.001540508636361
-0.002663037278535
-0.003418495423981
-0.003629078382787
-0.003427705340524
-0.002950155378657
-0.002007266216199
-0.000420350464660
0.001626241314338
0.003696004646036
0.005312580280160
0.005983764522506
0.005324044687399
0.003375498415464
0.000622632899360
-0.002288109247406
-0.004656131931526
-0.005864393409963
-0.005753120273521
-0.004671132285644
-0.003022955362159
-0.001125679170163
0.000549577090816
0.001715400814964
0.002681471067098
0.003744821554859
0.004527638727577
0.004400052816121
0.003235417986118
0.001471755473641
-0.000318588815088
-0.001751575958154
-0.002668545077469
-0.002919000798176
-0.002332521383093
-0.001054005290659
0.000404167536564
0.001617666942556
0.002580609584260
0.003447219787013
0.004166230726194
0.004455201866976
0.003851919706917
0.001951668792118
-0.001120021556550
-0.004574004209041
-0.007193756059202
-0.007693191920808
-0.005336305575736
-0.000515202862165
0.005275313408323
0.010052784702895
0.012233527910578
0.011322560978018
0.007961084768664
0.003433260541956
-0.000934710340035
-0.004233227296082
-0.006186541999365
-0.006996511118523
-0.006986331794758
-0.006391597687305
-0.005226096901638
-0.003264318112052
-0.000408572640846
0.002881827094724
0.005707268696125
0.007287510485749
0.007316253349483
0.005950532094106
0.003664441840787
0.001045847534716
-0.001390590876978
-0.003194683058075
-0.003837489612154
-0.003010488613570
-0.001222406368127
0.000396014589482
0.000984459358116
0.000394562271401
-0.001032765776065
-0.002712730763617
-0.003981186551415
-0.004449688826078
-0.004110535547177
-0.003020232545505
-0.001255333726975
0.000866914248828
0.002841828073530
0.004203315880286
0.004537404857655
0.003418153392184
0.000811264846943
-0.002427636814334
-0.004926071886461
-0.005764749797586
-0.004930679387849
-0.002946451120209
-0.000535613757695
0.001327524156831
0.001813722310983
0.000883923811133
-0.000824267088454
-0.002530799203900
-0.003528930595173
-0.003355226964929
-0.002143779687316
-0.000487317930510
0.001227431432785
0.002874102470352
0.004105710380330
0.004496439671530
0.003974859873234
0.002658146581771
0.000629516155437
-0.001794710260327
-0.004002115731687
-0.005527788648996
-0.006154098754671
-0.005528894366417
-0.003301818744757
0.000259758464153
0.004262483377019
0.007712575875697
0.009842066522406
0.010344939510784
0.009440447680947
0.007488279569462
0.004810676597955
0.001915655043502
-0.000689087794596
-0.002943870640223
-0.004918681667720
-0.006201678999704
-0.006254274371495
-0.005004536930205
-0.002679532314053
0.000410091549769
0.003806261124009
0.006962775097917
0.009382686077765
0.010757453557855
0.011042794714064
0.010325074132574
0.008639030787890
0.005973525866749
0.002444210807416
-0.001502931665431
-0.005009705610314
-0.007081583562693
-0.007195977522007
-0.005639019830729
-0.003181892908109
-0.000572307478355
0.001633662282568
0.003164764308341
0.004266114426456
0.005411011482512
0.006599675921583
0.007363510344039
0.007311952571788
0.006380579429853
0.004841274573148
0.003268116669455
0.002334219271830
0.002359092051718
0.002863478562644
0.002688123171706
0.000807031240921
-0.002843020091489
-0.007142787515149
-0.010225011801470
-0.010465002643855
-0.007408864614401
-0.001868936910238
0.004550001717618
0.010123813059938
0.013780979315588
0.015294083633462
0.014700654965184
0.011926759391451
0.007094393893573
0.000808141841906
-0.005876376230517
-0.011487622899066
-0.014480422929674
-0.013976195284539
-0.010241278527821
-0.004619039638164
0.000984573031564
0.004965770163873
0.006760417614992
0.006742066398776
0.005585319135021
0.004001349767195
0.002563242619592
0.001425330756107
0.000586869015792
0.000157899911523
0.000013462661173
-0.000175366824401
-0.000338864057349
-0.000098874499323
0.000464048463381
0.000697478953197
0.000059723069674
-0.001499117806121
-0.003732220983066
-0.006173496827533
-0.007963738228810
-0.007987101896956
-0.005544788117616
-0.000952352505458
0.004529559883983
0.009299508949997
0.012161942093028
0.012597200683252
0.010518661303224
0.006253781392238
0.000585353576353
-0.005458191941644
-0.010642554842053
-0.013643578092369
-0.013591724384365
-0.010456615855811
-0.004935512791693
0.001678618377130
0.007542367340479
0.010892319627640
0.011048651557547
0.008574412768421
0.004719579898001
0.000969019788547
-0.001548570662165
-0.002615204478660
-0.002635355452286
-0.002011337504678
-0.001072721847150
-0.000050609059917
0.001166374721679
0.002736660370535
0.004318733524244
0.005246161611598
0.005130462539488
0.004124261839376
0.002805986251588
0.001778695028673
0.001233491746189
0.000963695075437
0.000716810628453
0.000342041603970
-0.000270881261542
-0.000894398531225
-0.000656257666786
0.001287693286239
0.004770158407240
0.008603054107611
0.011354256520372
0.012076932464240
0.010550896688436
0.007173328837722
0.002774391131854
-0.001676623324866
-0.005369233800242
-0.007739450057341
-0.008428916952851
-0.007208221571360
-0.003959006880960
0.001001590665689
0.006549161943271
0.011097898860778
0.013374954749400
0.012776187636174
0.009385988252070
0.003997434785264
-0.002064156444756
-0.007378097329240
-0.010786931615991
-0.011562109237757
-0.009496357564296
-0.004920814155049
0.001266533668594
0.007562812806948
0.012071501848227
0.013075340995299
0.009861744125975
0.003281673004595
-0.004591534605408
-0.011408902588410
-0.015347565668816
-0.015580511325584
-0.012389301103131
-0.006878100605932
-0.000546777803303
0.005141470448409
0.009120518317563
0.010702582043787
0.009438520716890
0.005376403670024
-0.000599740396095
-0.006964446906272
-0.012279597553203
-0.015725334098243
-0.016990435911268
-0.016083563376213
-0.013237609831188
-0.008722361945684
-0.003075878325429
0.002516432568248
0.006616017765152
0.008272670786294
0.007283706201957
0.004087106323323
-0.000364147290483
-0.004852134719698
-0.008485061127105
-0.011035275718171
-0.012446083134218
-0.012457315477148
-0.011024303955300
-0.008584119875317
-0.005657118376776
-0.002556821507661
0.000295378765440
0.002151013764544
0.002332376956725
0.000663881963057
-0.002393920118293
-0.005772210401741
-0.008212139895471
-0.009024911306946
-0.008412925922627
-0.006911725128082
-0.004747922769185
-0.002018624270103
0.000727632185752
0.002513745514354
0.002628929199728
0.001032389167358
-0.001920149978255
-0.005592404714973
-0.008912044070382
-0.010882044277160
-0.011356559113534
-0.010780264906291
-0.009451200753938
-0.007470137124575
-0.004938463151285
-0.002024626745734
0.000920182267951
0.003391158898540
0.004836006628398
0.004771745221624
0.003057958604228
0.000137153881444
-0.003053957994071
-0.005636612525482
-0.007309626802333
-0.008223576695096
-0.008654121738005
-0.008908530294235
-0.009081027960844
-0.008767979516956
-0.007393907027087
-0.004906166138533
-0.001878867351519
0.000894135220142
0.002560057643497
0.002486321226811
0.000883867692709
-0.001233816833867
-0.002919901985208
-0.003877683170588
-0.004280963320327
-0.004373194293958
-0.004161596544142
-0.003379989309462
-0.002033759184758
-0.000731313185078
-0.000121186894743
-0.000422850582398
-0.001529485133420
-0.003058452188915
-0.004349509825389
-0.004757638174922
-0.004034976936456
-0.002466833926591
-0.000648195848749
0.000936174807526
0.001946405160941
0.001956070423405
0.000842173400184
-0.000751660401458
-0.001992528648490
-0.002615443180188
-0.002748825151527
-0.002460349779301
-0.001785876742383
-0.000903328734988
-0.000050805066719
0.000673476546928
0.001449307476086
0.002635076305458
0.004318887850326
0.006019896177848
0.007039739683454
0.006900611373780
0.005304813249244
0.002187387018753
-0.001962106764531
-0.006164344720060
-0.009382831122376
-0.010916884646806
-0.010558139537332
-0.008417772605553
-0.004744682624038
0.000085661651379
0.005540352244281
0.010723388858763
0.014371412702137
0.015436758295138
0.013543854835690
0.009087201791065
0.003330932460180
-0.002100392119616
-0.006239491989017
-0.008741768882992
-0.009228389185225
-0.007774324835747
-0.005436030299493
-0.003348372238007
-0.001899963295973
-0.001026211335606
-0.000443355260609
0.000501058687644
0.002395867009409
0.005092620386084
0.007837312700829
0.009772332831162
0.010188753226580
0.008846019487282
0.006254822374272
0.003419394419657
0.001113205825517
-0.000660143687973
-0.002358456072498
-0.004117476111368
-0.005583067222012
-0.006333506472761
-0.006075090263340
-0.004670310058513
-0.002259787696400
0.000771875369149
0.003921079877669
0.006642055614292
0.008434055470839
0.008966260125713
0.008306504131345
0.006887036655011
0.005054683348909
0.002899707273431
0.000540517276273
-0.001642535139379
-0.003097661950654
-0.003414410033314
-0.002503111086904
-0.000542404697644
0.002140915433018
0.005011111866498
0.007188317634198
0.007942678427419
0.007359896142361
0.006062875373107
0.004606899159967
0.003429691408478
0.002825689347863
0.002649748410334
0.002497611540669
0.002273329335162
0.002038840978893
0.001574119618062
0.000855883068119
0.000554966839936
0.001301902717515
0.002878310668763
0.004617510354663
0.005939167316428
0.006284352003153
0.005459830119102
0.004028695151502
0.002799330749234
0.002429628591722
0.003537634458657
0.006200662343456
0.009316137349181
0.011149701175786
0.010458299502026
0.007071565269234
0.001908726011153
-0.003575832792337
-0.008178426695953
-0.011038886715695
-0.011305776372537
-0.008457744681711
-0.002942640017172
0.004031277066418
0.011221586284844
0.017449121170452
0.021338451950293
0.021669667964169
0.018115347140620
0.011398860574967
0.002871798264446
-0.005646221436626
-0.011985642602196
-0.014535741464533
-0.013138182884443
-0.008757260118077
-0.002795671239201
0.002986336943930
0.006969318786809
0.008682425013920
0.008729832122941
0.007782056401224
0.006166042634572
0.004143642643631
0.001998278638529
-0.000030299254382
-0.001540465826790
-0.001969488537093
-0.001109856918351
0.000527028974820
0.002006788089067
0.002644559991553
0.002300998415808
0.001162649080740
-0.000327479298235
-0.001505804454526
-0.001940564643348
-0.001701247568824
-0.001040001873884
-0.000059726199399
0.001209199329612
0.002586870662743
0.003766787658550
0.004448885969234
0.004320336056343
0.003081815438686
0.000750296139356
-0.001983781849877
-0.003984130469486
-0.004472465449290
-0.003458511415898
-0.001499953034577
0.000680039710196
0.002397075477139
0.003127410952003
0.002715891116494
0.001472803407746
-0.000052437697870
-0.001485115359663
-0.002823181843761
-0.004125089383871
-0.005155146959145
-0.005460857542592
-0.004718429120910
-0.003038452168637
-0.000858104969362
0.001427955255988
0.003623808494680
0.005636501953248
0.007142734096765
0.007454702471656
0.006019380773942
0.002939846644394
-0.001023587816552
-0.004791620335116
-0.007488443105550
-0.008821077140491
-0.008901266529288
-0.007943911839363
-0.006190775417642
-0.003709034330324
-0.000482661794189
0.002991805467294
0.005688382885439
0.006693243338273
0.005620509260224
0.002798886162425
-0.000744251026246
-0.003745970957784
-0.005383779943409
-0.005676904992476
-0.005182685032770
-0.004367732754934
-0.003503084054503
-0.002758792613834
-0.002023220600033
-0.001044738500676
0.000134832435543
0.001151212121129
0.001603628546257
0.001300988031018
0.000418678967580
-0.000508402655272
-0.000945737422479
-0.000858063376359
-0.000679256894674
-0.000803513035476
-0.001296032824231
-0.001884487549918
-0.002039639299158
-0.001326438317351
0.000124510829609
0.001635410074767
0.002538598802217
0.002501870678061
0.001477095705217
-0.000193286016255
-0.001841790740995
-0.002986266800490
-0.003583941236441
-0.003792617432419
-0.003643973863046
-0.002879556728891
-0.001144984070091
0.001486681137719
0.004233235995298
0.005971743786171
0.005835508054315
0.003661273694403
0.000236622649007
-0.003046696420551
-0.005019236920174
-0.005261933585534
-0.004063703059052
-0.002086549080521
-0.000058497717464
0.001462140336930
0.002225706741805
0.002218665042329
0.001516768051510
0.000214256850504
-0.001524865742200
-0.003321096419617
-0.004544037359193
-0.004584081437454
-0.003339379706191
-0.001426794563513
0.000241453404603
0.001075755361226
0.000992192810593
0.000218752451727
-0.000927666094115
-0.002139422410775
-0.003155993309510
-0.003846062263956
-0.004130248316519
-0.003815215923641
-0.002846972165590
-0.001671514042438
-0.000987238712173
-0.001283388721013
-0.002687815221039
-0.004792204000933
-0.006637767878166
-0.007292818955279
-0.006387921530050
-0.004145326710942
-0.001169335938856
0.001846910697537
0.004313665634313
0.005838274072687
0.006188980879320
0.004932587194759
0.001525343657740
-0.003751936405807
-0.009452436166590
-0.013834237003867
-0.015734743366384
-0.014740416021512
-0.011020007944346
-0.005324955713492
0.001004291384189
0.006505301958451
0.010020235188694
0.010762840732017
0.008586996274851
0.004099022344744
-0.001666545399371
-0.007429883139352
-0.011857668935959
-0.013951501014034
-0.013281260175921
-0.010097975795981
-0.005364321572489
-0.000389392066937
0.003757071529833
0.006354044749747
0.006864971485282
0.005235771085582
0.002138393570479
-0.001434135121618
-0.004555005371884
-0.006399025706486
-0.006402433039677
-0.004570876869641
-0.001459952979386
0.002109946260936
0.005070614280558
0.006179243816287
0.004719086950158
0.001185964385294
-0.002939136159096
-0.006144916725295
-0.007574755235308
-0.007081000453587
-0.005063697722194
-0.002178869408729
0.001004419864216
0.004162515821516
0.007130014169890
0.009582488128017
0.010839692108755
0.010150337985659
0.007251660754988
0.002717502230514
-0.002178644373123
-0.006001710109491
-0.007786359919072
-0.007416454539030
-0.005509742388313
-0.002889271808602
-0.000085504366460
0.002701115033791
0.005257033421001
0.007199539376121
0.008198968515428
0.008156815420861
0.007211183033614
0.005751425044208
0.004258359204460
0.002961034525365
0.001799741651925
0.000704279802017
-0.000256287889037
-0.000944625470472
-0.001239812029619
-0.001010241581924
-0.000150725275489
0.001323252148117
0.003372331665385
0.005852656505513
0.008183830254501
0.009594445681870
0.009678721419762
0.008339155802475
0.005664551699549
0.002263780359977
-0.000755020765628
-0.002429611174685
-0.002376851015101
-0.000726366521151
0.002020652316527
0.005139736137212
0.007825812189691
0.009232077606571
0.008670772275379
0.006056402630105
0.002187702374170
-0.001495908465649
-0.003611883631346
-0.003544305426474
-0.001670730702881
0.001037852903491
0.003659702363579
0.005679646260898
0.006858354731937
0.007053713888526
0.006327984489303
0.004896156381618
0.003059163268084
0.001454510283396
0.000839578456061
0.001442867573748
0.002847295723543
0.004227739630518
0.004531874524994
0.003074111431830
0.000424510738112
-0.001884054496956
-0.002843208817035
-0.002449830998177
-0.000992156898434
0.001187393157386
0.003611941201241
0.005949598569364
0.008023864960288
0.009487493056431
0.009973203609508
0.009383536376630
0.007688626452354
0.004879096430875
0.001259961785373
-0.002491241078376
-0.005504484613265
-0.006983136448657
-0.006417562203933
-0.003814376207826
0.000097013691992
0.004188638776179
0.007421157667931
0.009047407498123
0.008826525421938
0.007045748134063
0.004333434273091
0.001526846012480
-0.000673443082567
-0.002065691391670
-0.002771255767478
-0.002844124598142
-0.002241911519261
-0.001014591927939
0.000521624744681
0.001749249068827
0.002163564045575
0.001903350795450
0.001620974670084
0.001835213353268
0.002594402438637
0.003583113883192
0.004206498483582
0.003784733257135
0.002046359647653
-0.000526243271551
-0.002902578570173
-0.004313839062127
-0.004878179175526
-0.005208651459882
-0.005620782023981
-0.005769492268125
-0.004902906950631
-0.002603460698789
0.000698478357561
0.003893308957558
0.005791737301142
0.005772663998969
0.003998052005992
0.001059626835784
-0.002386214234068
-0.005610406478624
-0.007804251973457
-0.008332421996896
-0.006941152128506
-0.003891395430433
-0.000122296779111
0.002938613041164
0.004066532491815
0.002861071338047
-0.000188467731410
-0.004014220424897
-0.007333066240771
-0.009219579414525
-0.009584610637936
-0.008753874126748
-0.006854318100910
-0.004013242947997
-0.000702529828861
0.002331039173862
0.004192670218367
0.004048142274068
0.001722531471815
-0.002007852073543
-0.006008940537699
-0.009334553440583
-0.011325802000717
-0.011680371979706
-0.010355634710442
-0.007505040473870
-0.003707778345805
0.000105878815449
0.003117836185883
0.004770265629699
0.004747955902724
0.003186806927708
0.000696993339352
-0.001956118673869
-0.004184272017198
-0.005767799346935
-0.006869511081901
-0.007635214432970
-0.007694140494678
-0.006480044681051
-0.003976438399974
-0.000894719775814
0.001642385133285
0.002669425564935
0.001912906714967
-0.000140675310565
-0.002706134699787
-0.005174534457514
-0.006905421241565
-0.007002198492680
-0.005059981907562
-0.001817297950998
0.001337526843801
0.003210180298780
0.003268785196410
0.001743442912572
-0.000577484939698
-0.002777804857730
-0.004256847942862
-0.004905150934226
-0.004981905199199
-0.004679907930097
-0.003709170223430
-0.001647462864531
0.001356300068184
0.004556706856827
0.007056099391861
0.008056632851421
0.007030857210807
0.004073873106029
-0.000005692817808
-0.004110655011081
-0.007264608820748
-0.008852637442399
-0.008782279641930
-0.007341075190615
-0.004918981676668
-0.002014719825888
0.000653908861007
0.002479693158421
0.003398478566827
0.003677011576287
0.003538838215928
0.003269241280386
0.003268155416234
0.003680388914843
0.004151777499799
0.004137415020983
0.003430463727569
0.002371250989571
0.001453949819406
0.000570003748634
-0.001051858125014
-0.003879033412641
-0.007365616490512
-0.010210026185603
-0.011021240529396
-0.008986131280052
-0.004356942180710
0.001657807069899
0.007518130745554
0.011853189477750
0.013656601650888
0.012364871475007
0.008123201038766
0.002134608839905
-0.003764657986756
-0.008123849394102
-0.010256170595122
-0.010011559644351
-0.007755445390200
-0.004409288232337
-0.001202020970643
0.000814238039345
0.001366894003327
0.001062525770515
0.000766741847567
0.001058271659211
0.001876942249150
0.002356796413807
0.001564288165470
-0.000460834526949
-0.002726312616310
-0.004039729608551
-0.003479831388216
-0.000769373023262
0.003157279114872
0.006368191048405
0.007214347518215
0.005256466394972
0.001184275629909
-0.003689606847507
-0.008044047589552
-0.011060128445930
-0.012360570627680
-0.011668597837731
-0.008963478325971
-0.004666542591550
0.000613512890151
0.006055092397854
0.010497895981732
0.012902604806253
0.012813161796696
0.010313859394854
0.005845359464650
0.000167764690436
-0.005608211120290
-0.010237277052127
-0.012843898695015
-0.013146596534712
-0.011256529240305
-0.007720032317301
-0.003733434850760
-0.000640582235521
0.001054562463428
0.001929329435533
0.002879046202804
0.004374700962832
0.006321291183855
0.008194659624019
0.009342261264835
0.009280210938508
0.007807450285294
0.005098556097060
0.001605422033506
-0.002206778213594
-0.005937541502425
-0.009264990528869
-0.011929088564210
-0.013501320354779
-0.013306900393295
-0.010782287331660
-0.005892098747111
0.000661683717131
0.007504037498863
0.013010983835516
0.015921773715256
0.015730390661688
0.012647011600260
0.007466393939169
0.001482004817547
-0.003871240941666
-0.007445369398098
-0.008652608268747
-0.007670238562312
-0.005265731137041
-0.002370421073200
0.000167290124729
0.001843854387759
0.002628910746421
0.002751305317639
0.002609878912006
0.002725311164015
0.003302843490867
0.004018753835093
0.004599047030301
0.005124185317339
0.005326658679286
0.004493197453917
0.002612392328483
0.000610995675035
-0.000750143222774
-0.001384132312612
-0.001536251168899
-0.001434432142484
-0.001085806900627
-0.000445497936128
0.000258007629090
0.000746128850791
0.001158454828163
0.001934818577105
0.003241476363969
0.004760449097419
0.005898903160252
0.005987082576230
0.004724033903924
0.002547972117163
0.000169461487169
-0.001926811614476
-0.003390636622557
-0.004035575956358
-0.003872750607556
-0.002727336073101
-0.000267108021564
0.003222951867566
0.006562582815787
0.008430175690215
0.008158769127259
0.006011063502620
0.003046043676338
0.000509155573053
-0.000885300797125
-0.001090562607521
-0.000539874591259
-0.000071727169519
-0.000577214501807
-0.002326650258022
-0.004532179192132
-0.005727857591411
-0.004867408269692
-0.001930863784683
0.002249852331734
0.006302010855202
0.008891444758996
0.009271250639337
0.007292277262761
0.003375935799370
-0.001500716364038
-0.006256811907575
-0.010054597548297
-0.012099981322718
-0.011615311606243
-0.008192405594277
-0.002046111679037
0.005691960089338
0.012833712124865
0.016906871377283
0.016460186005612
0.011561065580436
0.003343721133117
-0.006219655951518
-0.014397862301547
-0.018599537658380
-0.017584581883039
-0.011953550303514
-0.003779522046416
0.004246896593026
0.009761332433910
0.011419049790216
0.009175442060542
0.004347100877346
-0.000836657155859
-0.004554214223463
-0.006322067540323
-0.006496423440278
-0.005398398120736
-0.003118851527229
0.000061426038236
0.003209735889563
0.005004553460797
0.004600105542698
0.002121194432219
-0.001516524510316
-0.005131100300254
-0.007774337778230
-0.008955146803333
-0.008578820301847
-0.006630057548172
-0.003101867164561
0.001486356650767
0.005860334680807
0.008525904700720
0.008479216525434
0.005664345618174
0.001010529352809
-0.003992980726870
-0.007972666255468
-0.010028509370830
-0.009561498564309
-0.006408409580928
-0.001358274010907
0.004050251766531
0.008155538908167
0.009428345670350
0.007102160169627
0.002025995933682
-0.003790997842984
-0.008452534391569
-0.010678659671917
-0.009905735508997
-0.006527680352440
-0.001528757969592
0.004223966242662
0.009889901108701
0.014060256520833
0.014813795966896
0.010695489492162
0.001922049720127
-0.009087775684821
-0.018532742247708
-0.022984316995361
-0.020668880592819
-0.011958702095725
0.000528435275080
0.012714325551753
0.020684130534718
0.022120370517005
0.017071415616596
0.007841654105982
-0.002207019371185
-0.010233383673352
-0.014692741142668
-0.015110062782652
-0.011769604836955
-0.005752224132955
0.001170905581535
0.007041748490413
0.010343976756755
0.010303136058866
0.007008557865386
0.001630460554638
-0.003910322833335
-0.007815746983775
-0.008918824773215
-0.006924950728483
-0.002844698448804
0.001175629278788
0.003129866860094
0.002229735177627
-0.000919373468300
-0.004446814164483
-0.006011625135035
-0.004385649225689
-0.000333928766351
0.003860208737745
0.005467407251679
0.002816478959260
-0.003275574459949
-0.009784657532682
-0.013317516376054
-0.011811616353283
-0.005590370677949
0.002654615354966
0.009444354638801
0.012352844934992
0.010719655170284
0.005600483453424
-0.000858748331938
-0.006813213230627
-0.011440691409315
-0.014172696907471
-0.014106161336075
-0.010569351019634
-0.003955540523462
0.003951289400205
0.010387881994951
0.012763006077698
0.009964534385868
0.002922138232429
-0.005600162553058
-0.011804387618056
-0.012733485511656
-0.008182581261624
-0.000619022774189
0.006478230397022
0.010197315446179
0.009241438911869
0.004349795583184
-0.002151615111200
-0.007422591120831
-0.009345296724171
-0.007426447721414
-0.002830959888106
0.002269629264775
0.005612668653568
0.006058527464078
0.004268588386831
0.001826519170011
-0.000056015046288
-0.000862037996289
-0.000758178700866
-0.000629123219819
-0.001308022905011
-0.002422533153562
-0.002659772609669
-0.001268745865787
0.001256019753435
0.003557777044980
0.004311163629057
0.003484019217870
0.002393466155290
0.002143874484808
0.002675878652112
0.003377208343754
0.003902968455718
0.004086731479904
0.003426605383163
0.001329344968836
-0.001925572726755
-0.004975438050850
-0.006378940992806
-0.005429530771676
-0.002233813565697
0.002304170481101
0.006892275623987
0.010587491845758
0.012691917738558
0.012370825695821
0.009250578807519
0.003860312927496
-0.002751071736303
-0.008984893473967
-0.012701599301739
-0.012256289058297
-0.007461203077080
0.000371540495322
0.008874397187972
0.015331335100290
0.017649973925232
0.015211446768343
0.009104258465537
0.001681456863655
-0.004550372836838
-0.008173463823913
-0.008966417740045
-0.007295689010816
-0.004012722595716
-0.000071361065249
0.004221779314589
0.008788289195293
0.012872104485696
0.015270247670413
0.014901231765590
0.011002940767404
0.003779125585023
-0.005086900210119
-0.013079954869247
-0.017885576561989
-0.018163992626723
-0.014027997743062
-0.006760634067549
0.001967883852499
0.010384101702000
0.016605161211206
0.019197409946889
0.017707126607468
0.012609551275304
0.005180301592183
-0.002875145660838
-0.009876625696184
-0.014212165142285
-0.014788492585336
-0.011729681233317
-0.006133552080541
0.000457730576526
0.006208143820260
0.009514786572576
0.009685429165102
0.006940795671300
0.002221736245747
-0.002859842855975
-0.006530479637913
-0.007657565955041
-0.006262147204751
-0.003570367542163
-0.001185174428154
0.000122231152400
0.000412045069869
-0.000233013221514
-0.001567348163636
-0.002791549634642
-0.003150019344069
-0.002417362724616
-0.000780155355163
0.001073536502024
0.002150494821134
0.001983830913717
0.000885708680404
-0.000597128152523
-0.002016491177211
-0.003087813527906
-0.003690371259703
-0.003604777547267
-0.002511344572836
-0.000549742981555
0.001513437167688
0.002780233310596
0.002710922085566
0.001517312726080
-0.000018354994389
-0.001456909447912
-0.002882222438649
-0.004190679591522
-0.005005012418605
-0.005089864943302
-0.004252164145870
-0.002265094273843
0.000701151847460
0.003938365468700
0.006409964648909
0.007076918463085
0.005628424062306
0.002786917883642
-0.000359637882892
-0.002985595668051
-0.004596990335208
-0.004909746740373
-0.003924304387100
-0.002120169699875
-0.000241010387040
0.001210789833453
0.002092336548710
0.002375406304802
0.002072094282266
0.001371136374162
0.000581099797896
-0.000055662207981
-0.000374012986066
-0.000446826279854
-0.000675002220876
-0.001235207543626
-0.001815856078349
-0.002109806979326
-0.002035881272439
-0.001651590945421
-0.001179166295788
-0.000746874052701
-0.000168589798904
0.000723721962871
0.001899917459302
0.003287388942417
0.004712304557588
0.005822298199730
0.006171996756784
0.005296505908632
0.002875522625702
-0.000970114701131
-0.005510194564019
-0.009475089358029
-0.011384843984043
-0.010221648430290
-0.005975994944712
0.000390789473970
0.007255515442820
0.012763823103137
0.015511487039759
0.015040777378838
0.011640734005159
0.005947807219639
-0.000987646271884
-0.007565778362670
-0.012000298799899
-0.013177895664520
-0.011361069758319
-0.007812670872595
-0.003714999415960
0.000330252099225
0.004104865522267
0.007493879930795
0.010114334400114
0.011163991296812
0.010029494281050
0.006952828681405
0.003100967782042
0.000151532981550
-0.000791913308371
-0.000195519066220
0.000451791668815
0.000043222469257
-0.001620782408367
-0.004077897018463
-0.006318981073744
-0.007048401016273
-0.005397596150439
-0.001456945854793
0.003689646101365
0.008384807536467
0.011163209847627
0.011266363704536
0.008836252275389
0.004901339278225
0.000724766503363
-0.002907831052780
-0.005575025118056
-0.006842101330101
-0.006297537026905
-0.003870724236394
-0.000058590669023
0.004296982776634
0.008254878607659
0.010557327161619
0.009897708023995
0.006027956180963
0.000256887261175
-0.005221714803353
-0.008327119372438
-0.007956054651282
-0.004502258855411
0.000395950301964
0.004863991823570
0.007788239406451
0.009088841959899
0.009179657600858
0.008077310844544
0.005316217650326
0.000886112163038
-0.004295805257556
-0.008646175073693
-0.010277983795098
-0.008028104363938
-0.002618208186595
0.003752977364093
0.008913351922956
0.011552543084851
0.011299457864691
0.008668837091325
0.004776243853813
0.000967117456189
-0.001659267542632
-0.002846547059804
-0.003051474840430
-0.002707301572971
-0.001884295107004
-0.000573432141532
0.000887198321632
0.001856611760593
0.001868917893922
0.001117845313684
0.000425349877072
0.000540182701847
0.001609603263594
0.003120456667223
0.004181416154026
0.004326990411962
0.003870113632306
0.003325176361384
0.002979552277850
0.002650041645591
0.001659159902844
-0.000317728731881
-0.002725303124103
-0.004582777658160
-0.004763294473440
-0.002470270583222
0.001718169996855
0.005852477427229
0.007917182244582
0.006953095247148
0.003509047685031
-0.000640587606891
-0.003655520477545
-0.004661573305640
-0.003837176663115
-0.002006686536570
-0.000007351745513
0.001833280928360
0.003323611220066
0.003934492811696
0.003389326541963
0.001980731020581
-0.000044030502858
-0.002552079087227
-0.005276837227341
-0.007833864315873
-0.009384047611805
-0.008717311188686
-0.005213848541075
0.000545221329629
0.006910425884189
0.011764656938092
0.013454644727022
0.011424552487356
0.006134608102774
-0.001296318329684
-0.009276024334227
-0.015969581159299
-0.019657243223898
-0.019011049584865
-0.013591555073666
-0.004433266883492
0.006039094822350
0.014675408945345
0.018487820919044
0.015853466140978
0.007465437917183
-0.003852824396127
-0.014343486386957
-0.020742567255452
-0.021193032019634
-0.015463932418954
-0.004997209160329
0.007148915595620
0.016866246455982
0.020299113500294
0.015718256699126
0.004720925882903
-0.008502009388300
-0.019307363837249
-0.024481431728412
-0.022982088246721
-0.015825813243536
-0.005365451797648
0.005660289722993
0.014663354836051
0.019560872001810
0.019252562069822
0.013872473924180
0.004818366015877
-0.005498398639467
-0.014492549811881
-0.020361533316449
-0.022446348535262
-0.020827643967182
-0.015713303370128
-0.007506304506973
0.002655175398271
0.012745136147834
0.020396112278479
0.023797075189395
0.022000720129818
0.014840914495198
0.003459240322714
-0.009443332766238
-0.020502067599276
-0.026707726961646
-0.026145914016368
-0.018870004324099
-0.007056222579089
0.006134092147191
0.017567494568396
0.024290188424731
0.023978407774677
0.016130863788850
0.002838550255337
-0.011749496676844
-0.022794779505443
-0.026456506604794
-0.021443203366872
-0.009424452164813
0.005661221435297
0.018848004898102
0.025901552334178
0.024701727204418
0.015698572878599
0.001871873210825
-0.012265667060100
-0.022518172668297
-0.026313475417445
-0.023058984012066
-0.013974836290629
-0.001683088268561
0.010479324629840
0.019585900934056
0.023965686054767
0.023106610424578
0.017341565158737
0.007851365643592
-0.003545114498400
-0.014785296207813
-0.023514653094565
-0.027204912356789
-0.024345468644001
-0.015537045149350
-0.003083789372592
0.010002865058730
0.020714254527449
0.026801553007941
0.027148318702511
0.021626014995494
0.011084376666494
-0.002727031270374
-0.017354436332790
-0.029528394528489
-0.035461088187138
-0.032367304600429
-0.020051574618785
-0.001174665225305
0.019268491061410
0.035090210505080
0.041238260513670
0.035957379690177
0.021190994353962
0.001444726356860
-0.018095367919396
-0.033109556150894
-0.040480842395636
-0.038237904971901
-0.026307192508379
-0.007372945006102
0.013470813287187
0.030281887308349
0.038295481235841
0.035498769291567
0.023042256432650
0.004537118150441
-0.015176867904538
-0.031222652356562
-0.039583805622680
-0.037838255860991
-0.025905344626087
-0.006480026954645
0.015291544675627
0.033090910253749
0.041642206139590
0.038757016579769
0.025768610836587
0.006504290139910
-0.014094745400055
-0.031113869761312
-0.040617392471432
-0.040488269031570
-0.030883046087685
-0.014095377255758
0.006105315180533
0.025375898962290
0.039502001269313
0.045082030140874
0.040489664879947
0.026490224542402
0.006194487708025
-0.015504894062635
-0.033251055157136
-0.042917322433877
-0.042595809997617
-0.032533857649080
-0.014833932976358
0.006707691954933
0.027286348625917
0.042207700994146
0.047846286732542
0.042598595148065
0.027688026593028
0.006993509386295
-0.014208626908466
-0.030669582243928
-0.038334153289377
-0.035634960025935
-0.024286924430875
-0.008298717315487
0.008134441286034
0.021923822361174
0.031083576461169
0.034286890688123
0.030727529820084
0.020577719615192
0.005663676031455
-0.010523931559329
-0.023681384693545
-0.029966791792177
-0.027469156622192
-0.017077717567952
-0.001861588741586
0.014169999677161
0.026838394829718
0.032696894221089
0.030203049032081
0.020136524226842
0.005337098125025
-0.009836462900265
-0.020845641278878
-0.024653670344173
-0.020543984835436
-0.010167318393084
0.002780217548263
0.013723823528759
0.019108255474101
0.017728200057772
0.010892564093582
0.001759431018064
-0.006151239575026
-0.010495890736881
-0.010553166103759
-0.006998461713397
-0.001468905608890
0.004169704239467
0.008264253962918
0.009415263053773
0.006922351300543
0.001565213678278
-0.004493786224880
-0.008883762379232
-0.010056542441164
-0.007740738823937
-0.003071033687791
0.001913680989625
0.005304359401144
0.006041155242485
0.004019699016287
0.000090302103055
-0.004077202284374
-0.006832548385584
-0.007462515134611
-0.006170729751453
-0.003627512688156
-0.000743354951338
0.001658804373801
0.003128863542474
0.003364998260266
0.002103291415107
-0.000358107579213
-0.002943456003698
-0.004563568139182
-0.004988494552602
-0.004826088017834
-0.004868730722882
-0.005658086330146
-0.007277800025645
-0.009150894747857
-0.010144966300873
-0.008990172845913
-0.004861572486723
0.001848568829601
0.009167468255352
0.014342307951105
0.015138747793558
0.010567490041616
0.001308638232602
-0.010216133215894
-0.020762323079302
-0.027375670971394
-0.027959768245286
-0.021845326881117
-0.010250632723554
0.003980837731874
0.017029071971455
0.024979760220688
0.025352412999082
0.018253285401037
0.005905319232605
-0.008431528169711
-0.021116213709006
-0.028867435741515
-0.029701769189410
-0.023550881828771
-0.012351549835440
0.000428422588085
0.010952241343254
0.016542463440607
0.016530138133356
0.011925486383947
0.004641665807250
-0.003064072424472
-0.009153138964284
-0.012466812338164
-0.012852218596376
-0.010694332372806
-0.006671501640675
-0.001758566340667
0.002955031543822
0.006320635020113
0.007226945906292
0.005305895460495
0.001470914370510
-0.002722806016935
-0.006121697816390
-0.008129744663188
-0.008402253097945
-0.007033659491973
-0.004685993479395
-0.002119148724414
0.000117281879603
0.001679135958269
0.002535682551093
0.002844131423826
0.002725151555381
0.002355492266428
0.001863491635876
0.001060793309166
-0.000325023760685
-0.002271913590280
-0.004448946592632
-0.006244933419326
-0.006770729908102
-0.005264769553080
-0.001801704797440
0.002479711314281
0.005985872327519
0.007611040280408
0.007290541140757
0.005672949795370
0.003365382669591
0.000656560471987
-0.002307345958604
-0.005218938676267
-0.007427497188522
-0.008239126681755
-0.007254591109722
-0.004322441873776
0.000283348776437
0.005494483102452
0.009739322949182
0.011702662254178
0.010816578010722
0.007531366065698
0.003304310383875
-0.000257409487628
-0.002503250342977
-0.003716392378626
-0.004303002429262
-0.004485154949394
-0.004289171327205
-0.003395406843616
-0.001424513716364
0.001544214137660
0.004968576106110
0.008086199816100
0.010037835226661
0.010128145272035
0.008163696628329
0.004423238181269
-0.000552902425979
-0.005770918587092
-0.009586375789619
-0.010482227291673
-0.008250497923328
-0.003935087682777
0.001244603712446
0.006353113767838
0.010409951928020
0.012316932712215
0.011318787144014
0.007464474243299
0.001754581230955
-0.004102164810759
-0.008387994557364
-0.010085550241690
-0.009040709417873
-0.005729701291119
-0.001036948734620
0.003824409197140
0.007573654982359
0.009505636402709
0.009666515664972
0.008265168126456
0.005429819179610
0.001457268570158
-0.003172501055997
-0.007823232291243
-0.011574850244995
-0.013488781629823
-0.013176419982812
-0.010742813162982
-0.006289669824961
-0.000028762694586
0.007258602793237
0.014136563071462
0.018634269972297
0.018734031494961
0.013657229642715
0.004947243029712
-0.004181528815784
-0.010844106283109
-0.013997687422517
-0.014350805828633
-0.013080595868138
-0.010682982671940
-0.006918291782112
-0.001688933669017
0.004248709246065
0.009448841658610
0.012422641477841
0.012361482749627
0.009587799781288
0.005263469193011
0.000675460020655
-0.003206089029460
-0.005794868544038
-0.006869109962842
-0.006552869887175
-0.005277756405912
-0.003752080512146
-0.002688277171357
-0.002284120056436
-0.002053184339335
-0.001209737237712
0.000844692117792
0.004110615653334
0.007668886347031
0.010028288855252
0.010160502732635
0.008111666423778
0.004691792998239
0.000909414728404
-0.002237603023826
-0.003994611311988
-0.004481063477334
-0.004647878995307
-0.005040727813810
-0.005099869566859
-0.003980190330097
-0.001531493311555
0.001597861584734
0.004376451053942
0.005912969393694
0.005821963561138
0.004195236733046
0.001579868726839
-0.000857490797639
-0.001681937895698
-0.000067628730333
0.003569150944922
0.007540939971567
0.009595815061998
0.008233528180054
0.003762420319577
-0.001956311279726
-0.006813033964164
-0.009426067794094
-0.009409961392120
-0.007157134175636
-0.003141885563730
0.002277643434366
0.008239667942684
0.013213106438013
0.015608066811251
0.014529477607940
0.010286283758834
0.004388096396396
-0.001111479731924
-0.004747474015173
-0.006276737865450
-0.006079676602097
-0.004503493293779
-0.002155680319321
-0.000084612255583
0.000762111719205
0.000062158932140
-0.001670406983128
-0.003043120403553
-0.002214109650826
0.001859274744919
0.008380227321032
0.015168357781522
0.019904914662675
0.020954311129174
0.017890348208733
0.011849497548579
0.004871900022420
-0.001576233376489
-0.007070705831238
-0.011299005789702
-0.013535467492737
-0.013092199659038
-0.009595797479824
-0.003159597700769
0.005050808155133
0.012707584679250
0.017136219396042
0.016643980779371
0.011744304085556
0.005070899736245
-0.000382558947398
-0.002976249090043
-0.002600386567464
-0.000020829884728
0.003475696979158
0.006458156799686
0.007894838970614
0.007159545752841
0.004064349175319
-0.000573899468438
-0.005088446624025
-0.007945230166861
-0.008120808585476
-0.005132794503962
0.000308373701476
0.006203368337434
0.010516140464081
0.012146268569912
0.010925035221716
0.007509875494921
0.003066602094159
-0.001467458105614
-0.005335560619129
-0.007262569248761
-0.006196596166852
-0.002799755675478
0.001002197386111
0.003667840333953
0.004542992590643
0.003775638814013
0.002516648347644
0.002086848568447
0.002569936227308
0.003100743921701
0.003115969809178
0.002483126391273
0.001257315009251
0.000164778951773
0.000319385320888
0.001881058362543
0.003929512627901
0.005362811796285
0.005020837248940
0.002164674299372
-0.002262811078983
-0.006138559878971
-0.007996050831445
-0.007368400900195
-0.004340847780997
0.000078535926306
0.004172800547895
0.006916898022412
0.008275905406201
0.008141989492881
0.006365745029147
0.003564230559791
0.000715303776088
-0.001631767326773
-0.003244486317270
-0.003979404201665
-0.003925370620114
-0.003252340785807
-0.001951433892258
-0.000098632469113
0.002071613506263
0.004518181118065
0.007061755459466
0.008918090398840
0.009327980006220
0.008195096474710
0.005678697480236
0.001868417534504
-0.002803735624796
-0.007449599126775
-0.011193401375900
-0.013320845176271
-0.013139221386372
-0.010375480056173
-0.005647411406445
-0.000108542135640
0.004979749878513
0.008321626548173
0.009167140031981
0.007943574092389
0.005817199041387
0.003736807578019
0.002171258354483
0.001318388388052
0.000836155627426
-0.000250532723667
-0.002467956691006
-0.005111333221068
-0.007260825818334
-0.008789261048704
-0.009734417229936
-0.009694702558856
-0.008416551445315
-0.006148957741990
-0.003112970124976
0.000503115087880
0.003951753562751
0.006308160271708
0.007224271214688
0.006708928825047
0.004863610026110
0.002163157743569
-0.000731928990520
-0.003565239110828
-0.006341389851466
-0.008865063735897
-0.010918785489960
-0.012236779857298
-0.012127020739121
-0.010163598822365
-0.006996718526172
-0.003565741059076
-0.000329124990828
0.002282438078182
0.003885566487758
0.004774738608860
0.005470901863083
0.005870809136161
0.005679158785004
0.004976762770708
0.003557967520100
0.000734640415025
-0.003554480555909
-0.008483949381942
-0.013250957642125
-0.017177858684900
-0.019225245448786
-0.018358962906511
-0.014254891897822
-0.007438411153410
0.000670275675342
0.007817340180900
0.011964407093484
0.012600039197951
0.010611899133594
0.007164333471852
0.003214126616184
-0.000527586281183
-0.003891217105585
-0.007057298383727
-0.009845256071394
-0.011765839718569
-0.012633995322466
-0.012443739488977
-0.010851182072966
-0.007515907140587
-0.002904974581443
0.001825799280145
0.005675279436757
0.008094933195212
0.008686529838449
0.007256035171381
0.004189735831366
0.000236588283132
-0.003897001543282
-0.007368151888254
-0.009233192874379
-0.009118226637861
-0.007541791923269
-0.005429994116896
-0.003572427983723
-0.002483809197082
-0.002128040421991
-0.001748004009518
-0.000742445507730
0.000428410463396
0.000822799976766
0.000108977033840
-0.001292429419215
-0.002599727530909
-0.002949697246226
-0.001908768778002
0.000035649972743
0.001849670967417
0.002719039175950
0.002225124634691
0.000352191465281
-0.002198626781731
-0.004332548981337
-0.005543600525645
-0.006026402491967
-0.006042085303079
-0.005827741558938
-0.005614335875707
-0.005092123805472
-0.003513851878985
-0.000902499601707
0.001599036582155
0.002967869017743
0.003156031729376
0.002665370243851
0.002031700987984
0.001699547476568
0.001711394129984
0.001409805018520
-0.000137287906060
-0.003243063231253
-0.007181755966078
-0.010606227873436
-0.012103067358313
-0.010574409271523
-0.006213666754683
-0.001092563208512
0.002417271034464
0.003496018308585
0.002541451090496
0.000167117705777
-0.002780599393820
-0.005292268196426
-0.006829739260383
-0.007282178882357
-0.006371174150742
-0.004041638682825
-0.001402074922828
-0.000118317866369
-0.000823295411671
-0.002982462832682
-0.005671329664503
-0.007530856125078
-0.007052254700300
-0.004006151528455
0.000213851973207
0.004047746340298
0.006530793166018
0.006863195891714
0.004752182409682
0.000957407522849
-0.003467332365155
-0.007839017829557
-0.011395285116607
-0.013059758382985
-0.012121304545956
-0.009003309626615
-0.004970331456440
-0.000936099074632
0.002888028100830
0.006139507229422
0.008010080677654
0.008040716565301
0.006483039181104
0.003817297998980
0.000539198828982
-0.002837282628870
-0.006080029482536
-0.009126088430577
-0.011472153966270
-0.012249100517857
-0.010970712088725
-0.007652757466624
-0.002450091795341
0.003859837286102
0.009276032443801
0.011638373483741
0.010332021312091
0.006319641568572
0.001067872805026
-0.003830175749432
-0.006924212312857
-0.007763656826579
-0.006896887926207
-0.004883052390532
-0.002237393772472
0.000029376593630
0.001016192883268
0.000732283872559
-0.000194475431254
-0.001095808350301
-0.001439187477174
-0.000828739751062
0.000770637423943
0.002812376533328
0.004554662958795
0.005593711787155
0.005826039767296
0.005257831038331
0.004090809018463
0.002666308118964
0.001184773535657
-0.000253561857352
-0.001422850558744
-0.002146010715553
-0.002434005600997
-0.002203035973961
-0.001415054502359
-0.000492296594204
0.000139432400305
0.000759655436685
0.002011983919677
0.003988290116572
0.006077881901677
0.007505711405492
0.007589962133212
0.006005615047574
0.003260359849190
0.000489368512066
-0.001148118547220
-0.000788071230522
0.001616575362985
0.004830070020599
0.006942194008805
0.006592474580204
0.003680792160389
-0.000465162507240
-0.003645067158228
-0.004326940012934
-0.002711793797343
-0.000156557107137
0.002149533830455
0.003977108728649
0.005664443636122
0.007141057349112
0.007834828016142
0.007431650730932
0.006222450848182
0.004875407503796
0.004046284129925
0.003851599435302
0.003795595252855
0.003352102979091
0.002234601827841
0.000400234329444
-0.001614298640359
-0.002831561442421
-0.002761461594420
-0.001755083022314
-0.000370543743963
0.001156327532865
0.003006937201392
0.005540245376030
0.008598145867246
0.011088358173062
0.011542454185711
0.009286855487445
0.005231886071182
0.001205981178090
-0.001584518745026
-0.002915521490324
-0.002825463145889
-0.001648876196436
-0.000298545450814
0.000591379036856
0.001339198372360
0.002325330347936
0.003131959590882
0.003111633511558
0.002266856600072
0.001266299844584
0.000878662748860
0.001539091078351
0.003212857890534
0.005383675479928
0.007411723032950
0.009084386953200
0.010255653382790
0.010071660980160
0.007661392266680
0.003512812163462
-0.000795218608709
-0.003952130014968
-0.005367848957267
-0.004929004805156
-0.002945492546023
0.000117591131436
0.003981742099802
0.008187984607062
0.011540962416361
0.012532039348557
0.010589761335696
0.006511572367021
0.001511874686909
-0.003281001619955
-0.006253123741733
-0.005744276569729
-0.001680109673881
0.004264880656492
0.010142760648212
0.014369280891098
0.015532519168798
0.013083327259124
0.008047705301185
0.002140151546256
-0.003388463372597
-0.007542755165429
-0.009218693948697
-0.007807555497018
-0.003719450379118
0.001887705270274
0.007427870303022
0.011187011682398
0.012157657755189
0.010529717745148
0.007101546286236
0.002784690595033
-0.001110465868648
-0.003060611185168
-0.002462678518889
0.000011245209303
0.003276483482449
0.006228938793459
0.007574287181339
0.006392865999387
0.003167774314473
-0.000354752281736
-0.002576861475103
-0.002977479190521
-0.001981444166237
-0.000501062949850
0.000580818083365
0.000898619180951
0.000720903003196
0.000592397564159
0.001023859029246
0.002426336490799
0.004693315886885
0.006631288262307
0.006406139510166
0.003048865682293
-0.002525544572150
-0.008090406309759
-0.011428643997912
-0.011103692233748
-0.006860366443543
0.000144306369371
0.007915934529434
0.014332307457874
0.017115141636751
0.014399369663402
0.006281194784682
-0.004828067562224
-0.015482812892424
-0.022455042724485
-0.023528755431879
-0.018137427741224
-0.007517268039414
0.005760108329533
0.018440946971570
0.027133388670054
0.029065864797132
0.023126704531162
0.010516727408548
-0.005365299754110
-0.019888564085487
-0.028817886591250
-0.029788935865917
-0.022955165916891
-0.010670944380462
0.003315423695615
0.014876461801109
0.020948519257859
0.020504250657812
0.014234863374050
0.004066246162195
-0.006773915212605
-0.014378011505143
-0.016086937105104
-0.011847602788410
-0.003637898847536
0.005645001709375
0.012837732867774
0.015395144450634
0.012379467521227
0.004679730136918
-0.005413707021258
-0.014803056134536
-0.020448230624937
-0.020314753204847
-0.013961939113598
-0.002869645709576
0.009630518465261
0.019410480486657
0.023210928204356
0.019783530036305
0.010341492732439
-0.001632036032079
-0.011877126096139
-0.017376537307579
-0.017132645128869
-0.011897111977933
-0.003820658129019
0.004168812723202
0.009481592100270
0.010876949914877
0.008714349527709
0.004458609963323
-0.000172257769490
-0.003905404275522
-0.006097380714574
-0.006634175067888
-0.005734191911972
-0.003748470723744
-0.001231992538407
0.001001140005778
0.002237362294735
0.002384384753138
0.002002790655783
0.001665602869394
0.001412017977030
0.000780958632628
-0.000765323175441
-0.003325934027075
-0.006237678691062
-0.008109853578427
-0.007567833922268
-0.004311267015568
0.000778165995092
0.006340014642084
0.010958796646465
0.013422617718793
0.013064787970788
0.009641145272975
0.003134068703324
-0.005689190951202
-0.014807215656921
-0.021516410304826
-0.023455902015888
-0.019415830218095
-0.009889775984807
0.002628114561230
0.014199787243202
0.021144943512504
0.021578257574956
0.015767079546644
0.005685554964277
-0.005629755596353
-0.014693500277684
-0.018605736258820
-0.016327152026574
-0.009090669293343
0.000128755723087
0.007583806318048
0.010201040991317
0.007192497422663
0.000512634301288
-0.006548957612494
-0.011133357520351
-0.011610081268430
-0.007939968154742
-0.001783973613198
0.004280792291994
0.008135921443298
0.008807510554040
0.006249213798512
0.001253776471315
-0.004629664201088
-0.009761855903179
-0.012790369502101
-0.012642289281784
-0.009188307420890
-0.003738489692682
0.001802481274532
0.005970675560139
0.007897869472772
0.007309691313275
0.004705564610762
0.001045489117145
-0.002840354240056
-0.006431772035964
-0.009510531148571
-0.012054680287182
-0.013738056635313
-0.013698653154316
-0.011169544867555
-0.006071571166370
0.000986525302560
0.008704158571034
0.015137183996767
0.018277714650389
0.016763761511912
0.010223841727104
-0.000468813901941
-0.013092412119386
-0.024620702705853
-0.031957920710606
-0.032617260024295
-0.025729936501072
-0.012558608989261
0.003944043881077
0.019635510243229
0.029975651596985
0.031713855354410
0.024318017104259
0.010035010936307
-0.006888651462194
-0.021404204343034
-0.029509981750596
-0.029742191272256
-0.023074509729448
-0.012065263025274
-0.000162012468106
0.009373210854743
0.014653689056325
0.015370680269739
0.012287622024278
0.006912303452670
0.001160438210189
-0.003332721424209
-0.005764791037779
-0.006087660440874
-0.004676901919403
-0.002268925369188
0.000008693040543
0.000922206492353
-0.000124809058451
-0.002489292308270
-0.004670909503362
-0.005325579418372
-0.003927216572111
-0.000771507367997
0.003309569155508
0.007158448398805
0.009663721457219
0.010299538513446
0.009214686417254
0.006851915088537
0.003592934163432
-0.000333289240801
-0.004622229332996
-0.008536455828489
-0.010875212200361
-0.010527543684291
-0.007248805865025
-0.001981026234298
0.003645157191823
0.008297315635042
0.011424477883494
0.012823190021808
0.012202221505762
0.009411387405735
0.004894527060939
-0.000224845227774
-0.004608742305194
-0.007369501616541
-0.008309866557174
-0.007681157682969
-0.005992871594620
-0.003875645602489
-0.001601259551312
0.001100998190620
0.004290983533687
0.007261220772521
0.009075304070307
0.009240776682293
0.007743639276946
0.004883597543444
0.001348406221549
-0.001800307675640
-0.003670902297446
-0.004099087261453
-0.003536190740103
-0.002682426143090
-0.002283729154372
-0.002726641398713
-0.003646982671481
-0.004280257947716
-0.004108643620955
-0.002909099516795
-0.000656844849962
0.002191577551498
0.004881350307482
0.006898952707681
0.007722690085026
0.006780067758888
0.004208450093455
0.000672818935993
-0.003350349250418
-0.007222823133550
-0.009806930738059
-0.010216450602546
-0.008513576741502
-0.005417183887357
-0.001739523014114
0.001744985129248
0.004359095160147
0.005805863509658
0.006190355885833
0.005542066359468
0.003638136636717
0.000561918474452
-0.002803116416991
-0.005130885842839
-0.005665304839570
-0.004667845866133
-0.002752199517057
-0.000436886529304
0.001409514192916
0.001687158248066
0.000304450578636
-0.001577347155863
-0.002917574092780
-0.003260471570390
-0.002248650803057
-0.000156284338305
0.001890702988378
0.003072777529007
0.003241128377964
0.002170311701545
-0.000274600698568
-0.003420784432571
-0.006174258647833
-0.007706306294306
-0.007353661684788
-0.004815926830541
