0.001534355607889
0.001110489053261
0.000590901731071
-0.000096203726633
-0.000982051854382
-0.001931313918712
-0.002630420379993
-0.002775750022907
-0.002391114109530
-0.001776341112101
-0.001080496461343
-0.000238423976100
0.000674937275081
0.001346042713205
0.001491854089141
0.001137483734299
0.000665640525133
0.000490158612538
0.000629709550449
0.000774961974616
0.000706987075545
0.000437207403644
0.000052886386900
-0.000425591390158
-0.001050201133581
-0.001748229483103
-0.002177882137942
-0.001981277200140
-0.001177530929506
-0.000187815744500
0.000583284600390
0.001093696156800
0.001453043738472
0.001553989956686
0.001151444209681
0.000212881677734
-0.000920841743027
-0.001721465552655
-0.001864363348996
-0.001442254233953
-0.000790939180482
-0.000164453332280
0.000389546546762
0.000872410188725
0.001186034976840
0.001200334426447
0.000866592655013
0.000249019449780
-0.000538397607716
-0.001456654583263
-0.002470688700230
-0.003291518061549
-0.003436081359134
-0.002697621401983
-0.001442797134859
-0.000274630804217
0.000571432688070
0.001285544815941
0.002015419853360
0.002538828430137
0.002402396125985
0.001422269638987
-0.000044703231000
-0.001406630862064
-0.002232146071357
-0.002410138536569
-0.002129955300184
-0.001647081964114
-0.001062542604298
-0.000420593514818
0.000135042825151
0.000494128213739
0.000748964619719
0.001030799097641
0.001231392900165
0.001073811186450
0.000463598909975
-0.000343182675833
-0.000910500955139
-0.000949443350183
-0.000526527325602
0.000030069435964
0.000366701023129
0.000289419026942
-0.000159285475327
-0.000849524447933
-0.001633164472826
-0.002142805782897
-0.001981469196110
-0.001206759743964
-0.000250736082234
0.000538119001551
0.001090840152245
0.001432306948195
0.001402011177114
0.000717017014890
-0.000606564479605
-0.001966062564297
-0.002497515185103
-0.001814050685727
-0.000320531077728
0.001166060194329
0.001972148802523
0.001945527879624
0.001423648475376
0.000747787771404
0.000003729996972
-0.000727021732073
-0.001270047658971
-0.001565821363374
-0.001766835374514
-0.002076078319794
-0.002413049155965
-0.002354519415157
-0.001544204292239
-0.000062970796332
0.001572852519810
0.002778762730716
0.003313927251239
0.003212501164860
0.002445533993105
0.000931310060511
-0.001079344461391
-0.002826454146189
-0.003537959767950
-0.003056501403771
-0.001869508408568
-0.000692489879639
0.000003371675478
0.000151693015332
-0.000147997022763
-0.000795382700682
-0.001588766537385
-0.002125830436144
-0.001973561948574
-0.001087364491102
0.000119777774156
0.001264883474792
0.002257644229688
0.003102784348351
0.003678857698832
0.003581163927635
0.002392267453101
0.000356127336709
-0.001673178264893
-0.003023646589359
-0.003561213256512
-0.003481296452460
-0.003051783223224
-0.002429906083008
-0.001613141484248
-0.000593349905058
0.000524250515571
0.001677335550651
0.002852783901390
0.003759143632408
0.003847405785116
0.002774563662729
0.000808831339159
-0.001124772847069
-0.002066432022675
-0.001889763789865
-0.001327077683935
-0.001123636642767
-0.001383484588335
-0.001686236938010
-0.001684059838543
-0.001463391121834
-0.001229353310832
-0.000998697101385
-0.000819396615571
-0.000816636140183
-0.000957803578287
-0.001042900043899
-0.000755916892096
0.000211120574836
0.001784058055422
0.003357470932775
0.004206849863586
0.004016350333462
0.002949598408360
0.001361322113757
-0.000416556272324
-0.002110663109463
-0.003393260872274
-0.003861742342633
-0.003348046362558
-0.002106483585427
-0.000608864666196
0.000691622457271
0.001517931332437
0.001781066992487
0.001397240846821
0.000353620894607
-0.000992781371545
-0.002025424608488
-0.002303808777402
-0.001812081845918
-0.000910552708789
0.000012591695986
0.000822188091871
0.001475593604856
0.001835817833832
0.001799542292188
0.001476454918335
0.001128703028983
0.000939235067144
0.000884696458792
0.000788024125305
0.000541345988742
0.000285264959141
0.000180530577202
0.000123268669976
-0.000077615266089
-0.000413827299444
-0.000670979367664
-0.000587627077370
-0.000190653916711
0.000028392516632
-0.000336644311312
-0.001038885575798
-0.001486473627861
-0.001352551908357
-0.000814650306643
-0.000346265003898
-0.000128245156503
0.000178042440478
0.000820936999143
0.001507048467984
0.001810948484776
0.001644267707633
0.001132474256011
0.000358249657951
-0.000607921452413
-0.001584706559988
-0.002183865733545
-0.001935124335081
-0.000801260725884
0.000623515880434
0.001670584017482
0.002106480139608
0.002050177877250
0.001678717152525
0.001050298470897
0.000116469488891
-0.001036619975475
-0.002029996571276
-0.002467680832270
-0.002319347344643
-0.001900191075403
-0.001508462919918
-0.001080672001070
-0.000285054144403
0.000925815617646
0.002115293948491
0.002806843220152
0.002821490666238
0.002229105365671
0.001229965375911
0.000099161961234
-0.000783508677536
-0.000996719984350
-0.000403764595825
0.000605612820302
0.001310638376204
0.001201317192449
0.000390989555299
-0.000604824806248
-0.001414571525630
-0.001955506223534
-0.002196709857130
-0.002038320159052
-0.001421608950908
-0.000442226616049
0.000677691399347
0.001732055157149
0.002580288494372
0.002981306722931
0.002547698493831
0.001116476041028
-0.000864462939220
-0.002461544482438
-0.002840499769700
-0.001924695407061
-0.000509728331854
0.000478989851619
0.000755744752306
0.000661776142103
0.000651230736710
0.000830221097359
0.000989346102243
0.001028311839669
0.000988089510207
0.000775831968490
0.000297402608213
-0.000379263004978
-0.001157282370622
-0.001808781412597
-0.001918607775051
-0.001320067084556
-0.000268846241046
0.000942627841897
0.002120696589563
0.002939325220499
0.003015514953621
0.002289812164383
0.001182733353000
0.000318103256182
0.000018020212095
0.000050252224348
-0.000091664721792
-0.000634686261798
-0.001297878556998
-0.001646296597949
-0.001515088012497
-0.001050555801154
-0.000496137835636
0.000010127984531
0.000463809025574
0.000857871033421
0.001046098118388
0.000845541213593
0.000343803640257
-0.000122787788795
-0.000386944207425
-0.000564349469037
-0.000737252986014
-0.000740872252936
-0.000301182386306
0.000531510374808
0.001157552631977
0.001008874113980
0.000281996875959
-0.000269874030916
-0.000137664150469
0.000537394264555
0.001209047405970
0.001449863331673
0.001219190077662
0.000701892935986
-0.000005603969035
-0.000913730022853
-0.001769626399095
-0.001959888689880
-0.001101957190492
0.000392714204262
0.001606308664498
0.001928043848270
0.001421873388828
0.000520935355009
-0.000429964669781
-0.001414195513945
-0.002518378208741
-0.003432136773678
-0.003571493048433
-0.002757921150354
-0.001376283122297
0.000049585514613
0.001201799077102
0.001965324046359
0.002243528270615
0.002017267476943
0.001604671882197
0.001565139181827
0.002177526382129
0.003072960474474
0.003536377334419
0.003164121792369
0.002074394240568
0.000697777445551
-0.000465806205342
-0.001228828918054
-0.001837607122971
-0.002510488955052
-0.003143300528954
-0.003516094022209
-0.003565656967519
-0.003398881459942
-0.002981590771407
-0.002021661383342
-0.000321554118603
0.001986945437687
0.004439100828503
0.006293955519590
0.006875321159420
0.005888997929033
0.003465847618615
0.000246718645828
-0.002711657447458
-0.004435648512121
-0.004530429348694
-0.003376053016120
-0.001878514558751
-0.000804534730019
-0.000263795070106
0.000169863890666
0.000856192375545
0.001651583093271
0.002188005905918
0.002378883627270
0.002314154732083
0.001883629610973
0.000858845399620
-0.000704534447389
-0.002345243287340
-0.003493332940718
-0.003790805312691
-0.003215980457633
-0.001976382688566
-0.000253784382518
0.001714144606149
0.003320068813584
0.003852291946519
0.003122450732606
0.001556597185930
-0.000195802867678
-0.001588063653295
-0.002340780606752
-0.002439398071145
-0.001998322569195
-0.001265223810812
-0.000626719099941
-0.000340300011636
-0.000273026280175
0.000033859713672
0.000958647227613
0.002308664948809
0.003230077121814
0.002858418673807
0.001226876224409
-0.000696508796258
-0.001904284771312
-0.002106679671608
-0.001806146067226
-0.001713197377286
-0.001972591135884
-0.002097888388972
-0.001543113005144
-0.000124074465663
0.001774690248459
0.003220433713339
0.003266517573607
0.001602992041747
-0.001245141194968
-0.004091215194073
-0.005503486337909
-0.004520956065347
-0.001320229227661
0.002761738238005
0.006002559480756
0.007244890091387
0.006217077714532
0.003249624083249
-0.000982134204856
-0.005418003018067
-0.008668187353167
-0.009572506164874
-0.007878394585360
-0.004365611941927
-0.000360600030104
0.002982359296045
0.005139570540797
0.006119469965933
0.006142274038052
0.005495772204664
0.004483689702765
0.003269522199228
0.001661966108332
-0.000694996096473
-0.003587602063961
-0.005921199234575
-0.006578012552145
-0.005558463873675
-0.004014832901853
-0.003110883739243
-0.002947889595524
-0.002607478266691
-0.001172915383170
0.001313350318106
0.003945974864569
0.005828290210862
0.006470194526477
0.005557157653895
0.002969083439071
-0.000774600090606
-0.004293497093961
-0.005994743685730
-0.005236439822041
-0.002730325144762
0.000212059271796
0.002543980490476
0.003668057804769
0.003361812800295
0.001887150014720
-0.000040699531963
-0.001631567154211
-0.002430358729129
-0.002511570444798
-0.002291627878966
-0.002028473779576
-0.001659562051610
-0.001085050078980
-0.000290495742615
0.000675144170486
0.001641577723625
0.002347045240885
0.002540130200007
0.002078509933307
0.001098448073003
0.000059276305524
-0.000577724920452
-0.000725569567166
-0.000693358038162
-0.000926813537349
-0.001634843779012
-0.002480879262169
-0.002685754216692
-0.001616561442255
0.000525682914395
0.002581037916625
0.003183371178229
0.001789569011642
-0.000883342463039
-0.003389486755182
-0.004575731009930
-0.004031129440960
-0.001811304655802
0.001713660987721
0.005649169332102
0.008568612744578
0.009100329192930
0.006801865174512
0.002513967767628
-0.002249269843677
-0.006365484576580
-0.009509435645498
-0.011480415642314
-0.011658832076703
-0.009549433781331
-0.005447692257824
-0.000294269854160
0.004861037996037
0.009138968232965
0.011749120114842
0.012021338301925
0.009881524066562
0.006195496708543
0.002313886463230
-0.000828780043562
-0.003093507596889
-0.004688579666663
-0.005567578228274
-0.005368806589842
-0.003976371745756
-0.002148911786446
-0.001251262735656
-0.002046888367535
-0.004011531302220
-0.005921353446962
-0.006757235022049
-0.006074432797573
-0.003811267472554
0.000010903236806
0.005109787230400
0.010530790128938
0.014752497788780
0.016346352683778
0.014636587202193
0.009893995444027
0.003139337433871
-0.004122285400622
-0.010279073568812
-0.014125311139124
-0.015235171345159
-0.013949661195959
-0.010952891314983
-0.006798067513161
-0.001923185774220
0.002923523780952
0.006621538028940
0.008207972425315
0.007454548309146
0.005072569140071
0.002366575257554
0.000525761455493
0.000073279352116
0.000728400922889
0.001738925139220
0.002466363848850
0.002659791508594
0.002343917384475
0.001734780841653
0.001159521675751
0.000692981182578
-0.000125183366565
-0.001912062191672
-0.004690596088998
-0.007523157781259
-0.008926143188221
-0.007873501277403
-0.004579374730447
-0.000351687759078
0.003300118287032
0.005468086426220
0.005912635985691
0.004704758372382
0.002271181434001
-0.000348285852972
-0.001910102943372
-0.001759898326722
-0.000163332119848
0.001886373750254
0.003328677743234
0.003792559039547
0.003515192177694
0.002667106212510
0.001213530460509
-0.000720459851303
-0.002702238926548
-0.004197537518730
-0.004891147277135
-0.004802936557583
-0.004046698335794
-0.002643243172903
-0.000750969503122
0.001100253157591
0.002308937234643
0.002752284457666
0.002879354398041
0.003296543331396
0.004276600441485
0.005440215627030
0.005947481589989
0.005226267916551
0.003377565500292
0.000819365503958
-0.002050265493516
-0.004700149489758
-0.006405676345346
-0.006613600758483
-0.005370970677377
-0.003454708852514
-0.001940058723329
-0.001412425859838
-0.001638532837758
-0.001936596295898
-0.001655404113808
-0.000448513276919
0.001591605902771
0.003981385927526
0.006042670593429
0.007112817892809
0.006810960080092
0.005328899441929
0.003353032443929
0.001443607438812
-0.000457543313322
-0.002661997300549
-0.004971817481870
-0.006560129891500
-0.006649896283013
-0.005231248796184
-0.003055862988908
-0.000954543056967
0.000746087451542
0.002171825126682
0.003398129999122
0.004138907336683
0.004038664100978
0.003148246061362
0.001930478192634
0.000871218825810
0.000187284092329
-0.000159904120595
-0.000281951251458
-0.000331738932391
-0.000594236728403
-0.001287947000079
-0.002192648925850
-0.002633570063737
-0.001938079751030
-0.000061501691238
0.002218675346107
0.003828998190254
0.004073292831390
0.002972220208807
0.001126922334146
-0.000858052824724
-0.002604809652423
-0.003674735467235
-0.003697506297219
-0.002763373617589
-0.001298806658015
0.000283265793853
0.001682164336480
0.002655581357561
0.002976329421273
0.002445612349049
0.001071605524743
-0.000696240836047
-0.002123199740178
-0.002702169580770
-0.002427120751426
-0.001639828250108
-0.000739642898120
0.000043954643671
0.000684605202090
0.001245968358158
0.001869680815436
0.002747375818549
0.003901216165455
0.004943756670991
0.005037631129687
0.003364713901073
-0.000032722623279
-0.003985864386067
-0.006892655032880
-0.007650713914667
-0.006210975128988
-0.003476932924567
-0.000578660212609
0.001741569898344
0.003171758028282
0.003647161344446
0.003230438458109
0.002090927922543
0.000553552804099
-0.000843947132545
-0.001418066002029
-0.000696300153078
0.001195771442190
0.003574992552983
0.005515375540233
0.006139560569793
0.005042755966329
0.002646781115880
-0.000032875741539
-0.002021535229693
-0.002934420010970
-0.003131438179517
-0.003252383443270
-0.003557007828914
-0.003831231719974
-0.003850897644005
-0.003668744914994
-0.003324799636681
-0.002520844731682
-0.000824080970699
0.001793542460134
0.004682005138540
0.006899334583567
0.007778841539769
0.006993582925630
0.004439936159165
0.000504146673582
-0.003598099041186
-0.006130285054867
-0.005905446381910
-0.003187476035151
0.000581633826609
0.003801269523322
0.005403300820816
0.005067799262423
0.003094476783638
0.000029293051524
-0.003448462691345
-0.006406514879818
-0.007864476856769
-0.007319183135106
-0.005089313690702
-0.002129065952043
0.000502691205002
0.002157018725903
0.002822304683796
0.002812613311832
0.002403858296388
0.001989917026501
0.002111553139468
0.002984650697562
0.004246957899291
0.005169516065535
0.005009158598461
0.003400435837934
0.000649092868674
-0.002408438187869
-0.004891343970877
-0.006189591986586
-0.006068723161399
-0.004753406476555
-0.002842452798847
-0.001023648577799
0.000232805918312
0.000828981245171
0.000962864054605
0.000916780187770
0.000977257297680
0.001496869302381
0.002704314478777
0.004397596590227
0.005883586612563
0.006104485186429
0.004197254207820
0.000274715822835
-0.004573130546203
-0.008933865714009
-0.011503538398550
-0.011388663804997
-0.008477244686391
-0.003482204575281
0.002294144820750
0.007276753713153
0.010206115705849
0.010685399573010
0.009089554369205
0.006084894175751
0.002449203124693
-0.000836233615601
-0.002767377117477
-0.002847133021962
-0.001591318989150
-0.000463434360848
-0.000828086242103
-0.002746824312193
-0.005011793364869
-0.006223999741855
-0.005713852085491
-0.003800920286289
-0.001449064307180
0.000350965963992
0.001026339571013
0.000570330013046
-0.000517963480453
-0.001366835898254
-0.001033682666295
0.000882772234309
0.003926959290441
0.007171231657416
0.009694359760362
0.010787918892260
0.009937357996262
0.006722158016879
0.001124577553316
-0.005831492872594
-0.012028913194515
-0.015234444309650
-0.014438814046087
-0.010374918275235
-0.004729528464795
0.000901972525061
0.005206347539744
0.007096813529822
0.006213407250145
0.003364583319223
0.000238696115193
-0.001444282142352
-0.000919875619865
0.001211207093873
0.003693260128347
0.005643174421860
0.006759564043665
0.006927611981336
0.006035151549332
0.004202114093066
0.001992047675549
0.000061309016211
-0.001557648431054
-0.003518019881231
-0.006214443120234
-0.009056079519296
-0.010884159800051
-0.010757477570084
-0.008293706188002
-0.003667772433560
0.002410266173528
0.008613091548164
0.013175219602557
0.014558406626163
0.012215073919367
0.006954719128234
0.000546304430243
-0.005149659128819
-0.008797568598479
-0.009792030530731
-0.008211940020193
-0.004710520562530
-0.000432779335038
0.003291417411332
0.005507800445325
0.005992070260989
0.005096249797777
0.003332865725077
0.001116813042680
-0.001184196109250
-0.003069166322885
-0.003922029552966
-0.003323295873858
-0.001412842851388
0.001091078332317
0.003355615254956
0.004877097475535
0.005518624307561
0.005309501253255
0.004167480952124
0.001857051377406
-0.001656049817184
-0.005878864428862
-0.009797998043491
-0.012252017572685
-0.012375074459503
-0.009649494787269
-0.003971649858130
0.003819992381628
0.011767204822800
0.017553130242732
0.019524686065523
0.017246668220002
0.011422933887039
0.003546169391175
-0.004307307595184
-0.009881860475137
-0.011645074380558
-0.009656841249775
-0.005617513393042
-0.001725410205777
0.000739656649645
0.001734380762765
0.001830030784206
0.001568182152121
0.001106348457547
0.000283360551019
-0.001082807258092
-0.003104522231846
-0.005733087534584
-0.008398956138538
-0.009842992229034
-0.008656910815776
-0.004262374970626
0.002536801494972
0.009817787960346
0.015406620996743
0.017906226350909
0.017078603839279
0.013387520503511
0.007657935947469
0.001191035335280
-0.004512924434827
-0.008545450739606
-0.010936749462155
-0.012088494740534
-0.012044085832308
-0.010635105738312
-0.008164920986014
-0.005548048796833
-0.003747548175884
-0.002938864028018
-0.002182433763607
-0.000248348197631
0.003179224235168
0.007196761043911
0.010413800383467
0.011903490449137
0.011629872284909
0.010283762931746
0.008749180663044
0.007439539831050
0.006004652790219
0.003649754385658
-0.000252940184041
-0.005558836830740
-0.011089115329748
-0.015113894563389
-0.016270279944165
-0.014189985481429
-0.009629093965020
-0.004081887987568
0.001058611635886
0.005093355261730
0.007822438179989
0.009079027029023
0.008732004703287
0.007041374321507
0.004666901105337
0.002297483195769
0.000396709449043
-0.000897387447862
-0.001595065415625
-0.001530614076872
-0.000607960832418
0.000781601049375
0.002014018414697
0.002699680165959
0.002693215787527
0.001831963334126
-0.000074419512748
-0.002893398402986
-0.005919798231739
-0.008093958580931
-0.008550744531431
-0.007127435851931
-0.004384660412621
-0.001096661262558
0.002140480525110
0.004879213554819
0.006671332496584
0.007098561707842
0.006210949708990
0.004772148834381
0.003613987082928
0.002940309903896
0.002373117500114
0.001434753344660
0.000053102216657
-0.001461153802393
-0.002934159703079
-0.004464848332699
-0.006083338924714
-0.007459298744134
-0.007908967229116
-0.006888783684634
-0.004542392721136
-0.001543781441456
0.001474737457367
0.004116691698508
0.005941945275367
0.006371071946596
0.005253185767887
0.003330417142157
0.001781947105827
0.001460766647552
0.002443637144071
0.003961824820235
0.004997932163973
0.004981833960169
0.003721452660359
0.001154879609042
-0.002469512777364
-0.006381875549806
-0.009415519838934
-0.010553088766063
-0.009480513472327
-0.006596242908775
-0.002728681596133
0.001089993747101
0.003845952892155
0.004824218757436
0.004028235878831
0.002350258070194
0.001046683771246
0.000906259479586
0.001677420834003
0.002282710526201
0.001874553555298
0.000607993848413
-0.000662519929553
-0.001271975731507
-0.001251548661251
-0.000920859817910
-0.000312017405251
0.000652921766088
0.001721666520942
0.002276842545164
0.001627393821095
-0.000389050482523
-0.002975932097237
-0.004857322576342
-0.005183352949878
-0.004006245285862
-0.002101952986633
-0.000341292371371
0.000769638489312
0.001132062462523
0.000972109548652
0.000674585531135
0.000568989842285
0.000761785543877
0.000978682709420
0.000736710158418
-0.000118470144716
-0.001183217976195
-0.001746581536680
-0.001332899139867
-0.000237263812248
0.000791788608100
0.001423988720342
0.001787317072249
0.001809331398938
0.001054394353479
-0.000714600408728
-0.003051212928613
-0.004995795512217
-0.005555187031732
-0.004140281461608
-0.000988048033787
0.002821358413828
0.005909752647071
0.007114839188493
0.005888733004192
0.002680871287235
-0.001203223674781
-0.004295161143046
-0.005704972435646
-0.005424785386065
-0.003955620389441
-0.001844607855932
0.000376869460673
0.002114744744612
0.002717296724184
0.001803148552891
-0.000205864130426
-0.002132146780443
-0.002776524254353
-0.001676768332974
0.000572644531714
0.002735034153636
0.003787701710246
0.003410186167616
0.001983583492931
0.000356344191626
-0.000582203219664
-0.000300397969687
0.001064016484079
0.002502066622596
0.002530191288688
0.000204114134520
-0.004069368746987
-0.008618262501857
-0.011487579468368
-0.011524780758457
-0.008711845001078
-0.003801866142548
0.002106771242019
0.007667183927807
0.011404525426490
0.012337750490891
0.010499078773148
0.006732534240736
0.002185891213756
-0.002180313232440
-0.005796488657877
-0.008089383035263
-0.008298223983941
-0.006155084804242
-0.002466618871556
0.001283209990631
0.003880155374816
0.004886349849584
0.004354170776914
0.002466358026217
-0.000376593210430
-0.003462925775064
-0.006049336529571
-0.007754999289073
-0.008629951305851
-0.008729685427046
-0.007702604090777
-0.005090702076892
-0.000995800862921
0.003731652890581
0.007893472713056
0.010588993106892
0.011637645167212
0.011394939540139
0.010104799673979
0.007603331113715
0.003870284227608
-0.000534967851159
-0.004830814216876
-0.008332394684358
-0.010429538074172
-0.010676783590763
-0.009000280193782
-0.005997120128375
-0.003059393198230
-0.001712695146239
-0.002517078176488
-0.004627216541823
-0.006442463652377
-0.006701473253933
-0.004983921644065
-0.001497500813423
0.003136653761215
0.007926248937593
0.011681310962631
0.013383412145189
0.012650212660743
0.009970305972601
0.006362050104226
0.002718978955096
-0.000617986019999
-0.003766244104290
-0.006741829704687
-0.009094074922916
-0.010168401760236
-0.009542757368836
-0.007285875625046
-0.004020673961838
-0.000776264405739
0.001323794889426
0.001640509377277
0.000589123489314
-0.000577080348171
-0.000761833198427
0.000120370901580
0.001225741331316
0.001754867294382
0.001738851389880
0.001734214771983
0.001927826765479
0.001759690665709
0.000583903835874
-0.001288976289834
-0.002493453474966
-0.001678632872531
0.001317345407204
0.005154520780657
0.007807660003718
0.007856158988911
0.005182060596844
0.000884415093385
-0.003235744834416
-0.005560558000051
-0.005585434045150
-0.004277705350430
-0.003492771137068
-0.004659897546477
-0.007738663962887
-0.011166279686927
-0.012764618746697
-0.011226460024754
-0.006909761272459
-0.001115074550636
0.004978379853443
0.010619382314276
0.015254681156436
0.018253847551626
0.018990318591879
0.017121947627429
0.012646973620477
0.005988505994447
-0.001841277798613
-0.009379898006692
-0.015061495052167
-0.017752073428913
-0.017355177003375
-0.014734970109638
-0.010921295262156
-0.006498116639084
-0.001707629177741
0.003032383171505
0.006926272206317
0.009123209392672
0.009167836924367
0.007325371484487
0.004558097171468
0.002023572093421
0.000511387521922
0.000160680619251
0.000477620122464
0.000730331394801
0.000416146044292
-0.000537553572787
-0.001673701794866
-0.002203029428950
-0.001709564819788
-0.000634324159167
0.000091877354379
-0.000162226123977
-0.001286965999338
-0.002586056143420
-0.003225273393078
-0.002656869333110
-0.000914515608478
0.001424686160457
0.003604056878972
0.005011912469761
0.005384397670445
0.004826065259393
0.003595304991861
0.001902157182472
-0.000195286636599
-0.002613979587962
-0.004843317933043
-0.006044911688678
-0.005635915066057
-0.003646587284541
-0.000787082082345
0.001828949136235
0.003343729840527
0.003503348317438
0.002522924344664
0.000898615991837
-0.000806949255512
-0.002097036055335
-0.002612819387548
-0.002306629672297
-0.001426512533411
-0.000235101437724
0.001231925111444
0.003011488134479
0.004686534492737
0.005362438593174
0.004415591491199
0.002036342498449
-0.000859800110976
-0.003180101046995
-0.004447997558620
-0.004934659273860
-0.004914810746194
-0.004303211260296
-0.003026188425568
-0.001309399836125
0.000403846651316
0.001819555064719
0.003046069753601
0.004192112223534
0.004866189193206
0.004410829197019
0.002605781284831
0.000077250658292
-0.002042600368027
-0.002931540719934
-0.002542902106096
-0.001384782642483
-0.000059142077432
0.000987329009522
0.001536988121962
0.001715499221566
0.001912225981406
0.002314302037608
0.002651386695225
0.002378156753394
0.000960932382705
-0.001614399148972
-0.004493528737393
-0.006399728730544
-0.006404613377021
-0.004388458757066
-0.000991548042164
0.002801216043491
0.005945202011161
0.007537469408867
0.007103170963376
0.004703906273867
0.000951844681983
-0.003105908833027
-0.006423366656663
-0.008275444812695
-0.008219487196162
-0.006047729679427
-0.001969948328799
0.003060826997174
0.007396357917827
0.009453945312851
0.008590255158890
0.005384310087275
0.001235710194770
-0.002401008876689
-0.004572334395758
-0.004984031529009
-0.004006532032900
-0.002479191983684
-0.001229052030361
-0.000566751530834
-0.000186082213171
0.000329412474993
0.000983107476558
0.001480478961798
0.001650049360183
0.001623855874846
0.001676581130075
0.001842572906196
0.001724559458431
0.000797971162849
-0.001029544396071
-0.003067384819471
-0.004187228523882
-0.003748460014661
-0.002073971692232
-0.000040032651596
0.001562700945811
0.002438652447737
0.002783436124145
0.002815567733237
0.002530894036124
0.002001334698045
0.001442399767310
0.000936223353416
0.000406337139631
-0.000188809541654
-0.000704956064227
-0.000940302207228
-0.001021672315765
-0.001405610256234
-0.002295078454310
-0.003174435983676
-0.003140036556670
-0.001788087717652
0.000354483799465
0.002240284531683
0.003026338416321
0.002576830330320
0.001339625670785
-0.000151243591130
-0.001411943567960
-0.001977502094290
-0.001593427208723
-0.000375144904080
0.001083341447976
0.001901817876954
0.001661140601363
0.000753990294484
-0.000210803220586
-0.001034196909033
-0.001859184071009
-0.002646334765734
-0.002894360655999
-0.002025843667496
-0.000032473330920
0.002352321783541
0.004142084721930
0.004690671185215
0.003888618164586
0.002096142858217
-0.000002808828140
-0.001619485326873
-0.002115334747807
-0.001344830715252
0.000100321238718
0.001189426596212
0.001118736021252
-0.000294126592441
-0.002592911972556
-0.004872353084980
-0.006153702945644
-0.005716368170887
-0.003311609276600
0.000546136659744
0.004552818966530
0.007187559059132
0.007493586658139
0.005625276514778
0.002743590439209
0.000192998456491
-0.001254212263988
-0.001561406144402
-0.001158663014978
-0.000603097820313
-0.000434521238013
-0.000994826447949
-0.002094044940263
-0.002954381886560
-0.002701295335380
-0.001118187684184
0.001068432702304
0.002774979944580
0.003400796412233
0.003123998673433
0.002507546414624
0.001827598460865
0.000875902282730
-0.000518600128242
-0.002014263407719
-0.002894614685888
-0.002546701376297
-0.000909914336890
0.001413697908861
0.003476388570616
0.004404271626185
0.003749998669703
0.001705996391449
-0.000951408792667
-0.003192347008670
-0.004318049778747
-0.004317282971496
-0.003571526331071
-0.002429356622566
-0.001015456719378
0.000716996418409
0.002567871892564
0.003918905400018
0.004271453202504
0.003682705540039
0.002579897226368
0.001412721670129
0.000435702024567
-0.000362944117346
-0.001094892315756
-0.001784462500626
-0.002438373650615
-0.003097625494256
-0.003578557190621
-0.003316799457545
-0.001831824069663
0.000587640441154
0.002854899966975
0.003875221919763
0.003442298101354
0.002320112547030
0.001416710002488
0.001084736745415
0.001202162305390
0.001552112181206
0.002041325796642
0.002652570632690
0.003197975753579
0.003271218366666
0.002501968720639
0.000833013771563
-0.001401704699108
-0.003713817991713
-0.005630112191711
-0.006532105967670
-0.005770405435061
-0.003214618962831
0.000454982638794
0.003993700095633
0.006283104332524
0.007018507743678
0.006561134242158
0.005268577507535
0.003284753375831
0.000779384952689
-0.001783291780993
-0.003673235548444
-0.004337749657341
-0.003785921348713
-0.002474355170745
-0.000983670751257
0.000099987549220
0.000345910834657
-0.000203537411413
-0.000991664037897
-0.001237778140930
-0.000423736092935
0.001160716468505
0.002444278127159
0.002469377517496
0.001272772311573
-0.000224263723699
-0.001020651308818
-0.000684566805229
0.000463691055973
0.001702340712724
0.002478359551033
0.002535011170750
0.001764025886680
0.000317023156492
-0.001358782866424
-0.002807265033155
-0.003735494072402
-0.003969587757584
-0.003399777809715
-0.001970351686664
0.000174199962685
0.002438453231281
0.003858831585979
0.003744063401965
0.002311375576582
0.000558986383899
-0.000513354771996
-0.000550725436167
0.000130219275228
0.001027448104583
0.001839914854798
0.002357264349972
0.002297949706181
0.001444311856979
-0.000075256415398
-0.001629827163861
-0.002437872727944
-0.002176016755946
-0.001124793452974
0.000215489209479
0.001527260624846
0.002609502604807
0.003081340750914
0.002535565673804
0.000993116619438
-0.000968713765308
-0.002493994832435
-0.002926069673099
-0.002222294839948
-0.000889616233320
0.000491197753181
0.001520658026094
0.001920092265579
0.001588742537391
0.000776396275752
0.000050988716619
-0.000051738521395
0.000550709231692
0.001367147465961
0.001607391618549
0.000758109447295
-0.000941034069195
-0.002668975484178
-0.003611969374387
-0.003340282385792
-0.001866072138324
0.000466047243162
0.003048395457352
0.005009806765818
0.005531881887701
0.004396303478840
0.002107894334015
-0.000492189575805
-0.002699519348914
-0.004147178591203
-0.004659453489383
-0.004148658947361
-0.002770044682423
-0.001023283834263
0.000473852096395
0.001448180541789
0.002116957366860
0.002718037274694
0.003079664290975
0.002799365984847
0.001797712518891
0.000618789978949
-0.000046416780758
-0.000114378495975
-0.000129010333744
-0.000558746493646
-0.001204677121941
-0.001433738381279
-0.000966535252700
-0.000153589154473
0.000462477684040
0.000608949552592
0.000414183976183
0.000218833098200
0.000229138278308
0.000379933417542
0.000559541652876
0.000775149262135
0.000984864641808
0.000975759162658
0.000514228306682
-0.000386744269721
-0.001276492433567
-0.001488477221211
-0.000753445419945
0.000500935605132
0.001536950160616
0.001850030102783
0.001317662709468
0.000121949125789
-0.001269333191124
-0.002264477284965
-0.002478561354608
-0.001914899373270
-0.000950844308594
-0.000116001934712
0.000307204298265
0.000439829744936
0.000558671069605
0.000802585913003
0.001115344952735
0.001410396315985
0.001702415859246
0.002014324544535
0.002181043058079
0.001878633097290
0.001003970860191
-0.000140362775160
-0.001177161867579
-0.001955514041990
-0.002503205812976
-0.002776390038328
-0.002482712271250
-0.001364421622110
0.000320180113166
0.001815598752098
0.002359085581806
0.001673143357099
0.000174388449960
-0.001311116090742
-0.002148727520250
-0.002189556920736
-0.001595920013929
-0.000669532873454
0.000204916161783
0.000752301393647
0.000974598827830
0.001081730971154
0.001305551930941
0.001683238943907
0.001962889513107
0.001840712254845
0.001274677663106
0.000468941421024
-0.000370596311918
-0.001182362007677
-0.001960689787442
-0.002543042558606
-0.002569858646296
-0.001792682720609
-0.000463385756492
0.000730889642094
0.001214886162666
0.000966992544146
0.000442230848504
0.000061519784185
-0.000182727593548
-0.000541084980595
-0.001064608977357
-0.001479148201291
-0.001505494983511
-0.001211410439142
-0.000847810358878
-0.000443212323926
0.000156310484550
0.000931198217664
0.001594364754512
0.001858484187166
0.001669226084371
0.001139367447358
0.000377064610420
-0.000536101978925
-0.001420134775698
-0.001957847230092
-0.001940023321879
-0.001558970663611
-0.001319295007177
-0.001558810636799
-0.002046868726069
-0.002149289701918
-0.001430736754054
-0.000018301328776
0.001582192636557
0.002919307934456
0.003789547864172
0.004047440840863
0.003513722246207
0.002243069908768
0.000688545944006
-0.000504546847625
-0.000851642490673
-0.000401502932741
0.000167331394341
0.000109656017746
-0.000713108171027
-0.001887858928336
-0.002943095702154
-0.003556036553158
-0.003525062851202
-0.002821112298538
-0.001649779924840
-0.000438661275585
0.000349032978589
0.000570075558447
0.000452837471152
0.000263222113453
0.000133951405972
0.000151127746183
0.000433976181331
0.001121666435133
0.002183660273184
0.003200817890580
0.003527068721861
0.002783453237284
0.001121759478360
-0.000957483725940
-0.002939329400916
-0.004514103038331
-0.005454353232466
-0.005364569307039
-0.003981365460139
-0.001693679481966
0.000607269103558
0.002105078637484
0.002452980344584
0.001891985892780
0.001010185529701
0.000230602166169
-0.000399616325446
-0.000902574611195
-0.001152481774181
-0.001053332603379
-0.000741205377896
-0.000567102294697
-0.000757914652743
-0.001047610826169
-0.000948928255250
-0.000345029957891
0.000480514050699
0.001191830634813
0.001562887605147
0.001517583169931
0.001134164156814
0.000546170818762
-0.000087937432765
-0.000557883451554
-0.000761146152413
-0.000841909314054
-0.001000426831967
-0.001222324785160
-0.001282745810870
-0.001030648422120
-0.000663771726379
-0.000568886372828
-0.000828751347772
-0.001090240956916
-0.000973949499745
-0.000509057234725
-0.000126775779099
-0.000155065765143
-0.000368589890793
-0.000191433935185
0.000709395978493
0.002062144280899
0.003123724143974
0.003249152356530
0.002352373290048
0.000775698552044
-0.001030510070413
-0.002566188693796
-0.003340923607359
-0.003190789534080
-0.002545503202462
-0.002186695559792
-0.002529887389112
-0.003128184079086
-0.003077689741271
-0.001939841529080
-0.000123358712146
0.001554799729460
0.002529961200408
0.002781251696675
0.002631670152187
0.002353331411225
0.001978638240118
0.001464240322920
0.000886815859851
0.000320247821316
-0.000313237664656
-0.001026745157206
-0.001577189702040
-0.001706576778323
-0.001429193887218
-0.001009490495219
-0.000750748666166
-0.000708209040311
-0.000574445541469
-0.000058932668239
0.000654333276881
0.001085727751633
0.001022430876070
0.000716210098954
0.000578265263046
0.000705626382341
0.000733289932831
0.000289442906292
-0.000504149105348
-0.001146399703309
-0.001241972091468
-0.000785601030308
-0.000051112008755
0.000723644107568
0.001443155682001
0.001905936573083
0.001707038375803
0.000670802943222
-0.000790371096650
-0.001976503677800
-0.002463615968187
-0.002333657646250
-0.001888629059882
-0.001194396241889
-0.000119780643164
0.001221065563069
0.002363295171384
0.002851744934228
0.002624057743899
0.002015866375097
0.001349375890166
0.000611022706458
-0.000341843723227
-0.001389606009737
-0.002166393819313
-0.002430225751782
-0.002286785977718
-0.002015155847512
-0.001706254990787
-0.001130269696544
-0.000089364914037
0.001101558144122
0.001769709815036
0.001575769587482
0.000804515346045
-0.000006610717540
-0.000538949271575
-0.000812294343524
-0.000954967966162
-0.000954403253011
-0.000689926967278
-0.000190258440356
0.000253029184188
0.000360062456579
0.000224723700260
0.000241298519432
0.000607453600179
0.001059125782624
0.001205409611856
0.000906425997774
0.000252371089322
-0.000582907724442
-0.001408808209757
-0.001980804865751
-0.001984158791420
-0.001255637215827
-0.000010707008826
0.001236023503072
0.001990685537134
0.002103598404607
0.001776747808591
0.001243421320320
0.000577694101192
-0.000161878032166
-0.000798884080013
-0.001146195645430
-0.001153388009428
-0.000950557677774
-0.000737498186248
-0.000534007651158
-0.000226110190221
0.000083114573631
0.000086055609780
-0.000355488088144
-0.000982759691366
-0.001266690021270
-0.000886619139422
-0.000134730480779
0.000352053537433
0.000298557234388
0.000015179004663
-0.000063121530915
0.000177878297655
0.000544346192877
0.000813678683450
0.000920147548417
0.000937187404215
0.000901374287459
0.000681842097539
0.000191755054990
-0.000380480034415
-0.000755499560084
-0.000872115706121
-0.000923841854622
-0.001094342704793
-0.001328678019686
-0.001446082979759
-0.001365684212186
-0.001160940661474
-0.000928251137441
-0.000584069779249
0.000081193453123
0.001046047833111
0.001916269692987
0.002268208543239
0.002041411742834
0.001476450355603
0.000773605883588
-0.000004620153282
-0.000757710905667
-0.001255073968007
-0.001275562108145
-0.000863107899775
-0.000417928198877
-0.000326272065551
-0.000493533711092
-0.000500119882919
-0.000139378427397
0.000410506618785
0.000821703854728
0.000927430021976
0.000869526586320
0.000867348452603
0.000851501928827
0.000545680181175
-0.000068882781284
-0.000620107081018
-0.000802043365606
-0.000724134872237
-0.000644111197918
-0.000578029893161
-0.000294999804986
0.000359883082254
0.001141078447816
0.001489961351523
0.001055890930225
0.000071907741707
-0.000902415443701
-0.001540695928358
-0.001863142850449
-0.001896147284805
-0.001516750027362
-0.000654731448040
0.000453559613990
0.001292996829034
0.001519010284479
0.001312707467597
0.001111680330010
0.001131057325353
0.001231239954596
0.001138528685614
0.000754386838807
0.000189153411661
-0.000424600881971
-0.000957423229133
-0.001203856646188
-0.000965881160880
-0.000271745879374
0.000522680958380
0.000909375257851
0.000615948391714
-0.000101916403183
-0.000696496827385
-0.000883095142508
-0.000815561659269
-0.000821110900967
-0.001017054904794
-0.001092853927215
-0.000630265653172
0.000340973802240
0.001358140715862
0.001986416321716
0.002018622350461
0.001431179091957
0.000416798635741
-0.000607520135246
-0.001142751474342
-0.000882831604693
0.000018020327405
0.000971126516877
0.001346287215281
0.000975410046701
0.000259505163140
-0.000303625716496
-0.000566277859974
-0.000678085429374
-0.000738833142117
-0.000598079880174
-0.000105670775838
0.000509896684148
0.000782202423895
0.000553360034172
0.000164774498238
0.000034618313480
0.000195464302884
0.000325287386037
0.000169125025839
-0.000113078211882
-0.000114495121376
0.000234666943869
0.000476286941551
0.000238933094403
-0.000217055552222
-0.000365751977141
-0.000032203025383
0.000575479201587
0.001118676582133
0.001301835700337
0.001033775853571
0.000463037734007
-0.000231636126981
-0.000957367249182
-0.001490763247582
-0.001461233431640
-0.000754016339383
0.000332892812058
0.001348905587754
0.001988388576644
0.002222691497801
0.002097466834718
0.001476390252385
0.000275365397793
-0.001139616956019
-0.002084802863531
-0.002043716563646
-0.001007266056499
0.000482284490316
0.001722368823616
0.002360187235987
0.002394768754311
0.001909089862567
0.001035640490655
0.000012718427656
-0.000840291299824
-0.001277066784619
-0.001369347352172
-0.001414735060384
-0.001482116349333
-0.001296094247319
-0.000679317943794
0.000095230220446
0.000557854789308
0.000562011717141
0.000431501001965
0.000607154762480
0.001091802625044
0.001332600558073
0.000863469654316
-0.000178849980677
-0.001308790718827
-0.002089926984450
-0.002272793466491
-0.001813879660929
-0.000828247050599
0.000401046900367
0.001423844601394
0.001880644259513
0.001828117937302
0.001666254882654
0.001664902120422
0.001665202461286
0.001267870116797
0.000264469162247
-0.001045363564672
-0.002039032358893
-0.002357351290537
-0.002178064995786
-0.001941399351968
-0.001900714770249
-0.001912404414770
-0.001685037000772
-0.001144415581843
-0.000477094504384
0.000069317485006
0.000429570290663
0.000800913671593
0.001379549489818
0.002106975655216
0.002826089300092
0.003413622988419
0.003606650813126
0.003069029619303
0.001714144438530
-0.000199314979881
-0.002178719430794
-0.003735878862220
-0.004666827392707
-0.005018684660775
-0.004781203989172
-0.003808147066081
-0.002086948009033
0.000021553332500
0.001840003728722
0.002772372156498
0.002787385106300
0.002397559950901
0.002058704418613
0.001806542411377
0.001547145187909
0.001298176985853
0.000986499521474
0.000354724587397
-0.000749659753304
-0.002031386693148
-0.002806912333373
-0.002635286909980
-0.001852137445242
-0.001276603328976
-0.001418182248472
-0.001998897109953
-0.002208947765518
-0.001470824892779
0.000014227885474
0.001493687977522
0.002384941526352
0.002638922240759
0.002462322229032
0.001975741526823
0.001245607363963
0.000488070099097
0.000006963106206
-0.000159342259665
-0.000315076329019
-0.000684276047576
-0.001078785842489
-0.001107541098659
-0.000642087144852
0.000038815399650
0.000582274159559
0.000898618145635
0.001113139372123
0.001267317850588
0.001143146882901
0.000499583449551
-0.000565263945266
-0.001631536082921
-0.002266081931530
-0.002290615770894
-0.001794884930919
-0.000942845995328
0.000106337327399
0.001153183580069
0.001923786427927
0.002125126577866
0.001738920625129
0.001128822773183
0.000630974818212
0.000281961622414
-0.000035786805713
-0.000392184698262
-0.000680126551835
-0.000711460049961
-0.000497010174251
-0.000304316648810
-0.000344600751792
-0.000475262002722
-0.000394372013756
-0.000054823103616
0.000318936580448
0.000538728684172
0.000632208451705
0.000723380497512
0.000819536744053
0.000796798819335
0.000554735204936
0.000160921490661
-0.000128134482572
-0.000141061338186
-0.000118291244276
-0.000455521213559
-0.001083725893892
-0.001457805119297
-0.001179853518805
-0.000346872629604
0.000619602850793
0.001261703685509
0.001371553449498
0.001130846120134
0.000888501274069
0.000865500323297
0.001131206886433
0.001624939694263
0.002032074386613
0.001881979340211
0.000985268280155
-0.000314322166720
-0.001393161236558
-0.001845305719509
-0.001817230253346
-0.001862435350322
-0.002260383618099
-0.002541411503782
-0.002005534695423
-0.000584339068442
0.001053110219993
0.002114954712182
0.002294781029935
0.001882456082170
0.001393629974867
0.001108959864882
0.001025863158370
0.001124345484788
0.001343137936629
0.001407066316778
0.000975308318264
-0.000042912824353
-0.001287167787505
-0.002108925673693
-0.002110421824342
-0.001453198485146
-0.000552015538341
0.000371617770414
0.001259317065465
0.001901497254017
0.001945385570346
0.001204043971317
-0.000087979366189
-0.001299976587447
-0.001824492287559
-0.001513146352837
-0.000681235223706
0.000196614257131
0.000802968326773
0.001081299993634
0.001096528057023
0.000941192310496
0.000781014126745
0.000791111636183
0.000914443398757
0.000793795368898
0.000149867202790
-0.000805439894039
-0.001510385940770
-0.001614802436277
-0.001288192558022
-0.000947741609383
-0.000790183883972
-0.000642778596990
-0.000195068683117
0.000627589372097
0.001467531961438
0.001804096118058
0.001458887500169
0.000703111688825
-0.000047649588294
-0.000459102197799
-0.000327787106880
0.000365220196174
0.001362018938548
0.002139897600267
0.002112281626339
0.000997401873819
-0.000830071318126
-0.002509455947880
-0.003353816961874
-0.003231431128861
-0.002389473280832
-0.001134380266475
0.000283404844333
0.001618630776693
0.002546941204055
0.002726332794923
0.002112752976267
0.001088245687894
0.000139522673310
-0.000469688436624
-0.000719491739458
-0.000657782571444
-0.000369868953461
-0.000165769963490
-0.000470845221947
-0.001342731790172
-0.002275534980952
-0.002533391936568
-0.001671737400008
0.000110593380616
0.002086980250976
0.003510007100893
0.003998482626131
0.003509417377509
0.002141927706349
0.000182895029527
-0.001751771074972
-0.002934848004382
-0.002982605125322
-0.002125822568164
-0.001062864833210
-0.000413888343533
-0.000251127618067
-0.000216429680339
-0.000067607281533
0.000081538688479
0.000102002384004
0.000125149638327
0.000378707657495
0.000898455007616
0.001400386999518
0.001531273830577
0.001305803591872
0.001067994119196
0.001049576621045
0.001225852733353
0.001462591716657
0.001566497363449
0.001359252395224
0.000845239274353
0.000189699289301
-0.000420406503654
-0.000820283872422
-0.000989912164512
-0.001149757911589
-0.001513571233449
-0.001975689491945
-0.002089213277012
-0.001371039527847
0.000163111223704
0.001775265110794
0.002573652236732
0.002298415471909
0.001420844005220
0.000633978582338
0.000327651403794
0.000373683914780
0.000421639662175
0.000391778285127
0.000448095178123
0.000555720644528
0.000443744999870
0.000060078913413
-0.000286171618379
-0.000330646445934
-0.000175019956339
-0.000124943102750
-0.000237985316842
-0.000157098878589
0.000414313923724
0.001171842016015
0.001404766098061
0.000752106725626
-0.000393414244974
-0.001243388304128
-0.001263283257630
-0.000547143400078
0.000354645168778
0.000958158827041
0.001100356794870
0.000804682385055
0.000160436185446
-0.000657989042543
-0.001356184080687
-0.001615393722433
-0.001308197590010
-0.000600150518363
0.000186397129942
0.000857354885356
0.001445580227883
0.001891986866503
0.001841895928744
0.001073643845859
0.000008294015852
-0.000542822736233
-0.000233450260161
0.000435252663098
0.000699328963907
0.000258103373525
-0.000636392780470
-0.001513764703626
-0.002032009777768
-0.002146061451004
-0.001971796420447
-0.001535377899286
-0.000804414442653
0.000042553044739
0.000641682318838
0.000865988877666
0.000974932888929
0.001215373934544
0.001454999622963
0.001336398454423
0.000801315260169
0.000295438089652
0.000262354052507
0.000563460632202
0.000593678053719
-0.000012224110996
-0.000906691581115
-0.001346111334095
-0.000861250168838
0.000424995217998
0.001962171389807
0.003106259605662
0.003390687058101
0.002676703145642
0.001106973144159
-0.000947814836182
-0.002846921005369
-0.003916884134999
-0.003892137010197
-0.003006270771822
-0.001705797488256
-0.000347746397113
0.000929266861422
0.002077943899948
0.002907283714986
0.003140243523429
0.002709670784123
0.001837875943516
0.000842366312812
-0.000048448777108
-0.000737588159189
-0.001212672843387
-0.001460918018783
-0.001455836954555
-0.001274341195518
-0.001076830103633
-0.000894329270773
-0.000622362799386
-0.000217427205961
0.000221047393606
0.000496364794527
0.000477525335869
0.000260388680076
0.000056741380899
-0.000033635925646
0.000016438785638
0.000328109094707
0.000956554664020
0.001648813742108
0.002013941875550
0.001812185349744
0.001076233180777
0.000118371376931
-0.000728767208071
-0.001404357934341
-0.001956475767704
-0.002253017895015
-0.002114464060911
-0.001548990755461
-0.000754002285704
-0.000098403321446
0.000076216551844
-0.000111736833755
-0.000167699329900
0.000121582131105
0.000482268350619
0.000631142281807
0.000617013287492
0.000670393137873
0.000888483385517
0.001081920914710
0.000974263764916
0.000522152019283
-0.000126802309528
-0.000848684368936
-0.001530701293935
-0.002004163384126
-0.002060995728200
-0.001543023356848
-0.000614659162700
0.000097377281040
-0.000018152972555
-0.000871648269864
-0.001668268498445
-0.001678592634712
-0.000927919670195
-0.000025187790628
0.000530968729636
0.000711487767881
0.000773289841692
0.000830811540161
0.000681982568849
0.000142832829552
-0.000645883624226
-0.001351210309649
-0.001666848398727
-0.001404991900862
-0.000578162746135
0.000574888373016
0.001591172737548
0.001853461835058
0.001017334701436
-0.000531894271411
-0.001912159566036
-0.002459815089721
-0.002140506062776
-0.001432130199032
-0.000866265128652
-0.000580383447841
-0.000405464268782
-0.000310758606309
-0.000461594282551
-0.000874721217984
-0.001189433936090
-0.000839704735660
0.000411863507469
0.002074293730373
0.003233981130053
0.003272803762093
0.002173172132931
0.000312544504277
-0.001784268570206
-0.003544363580056
-0.004396806994695
-0.003957732559814
-0.002335004975403
-0.000202773587478
0.001557637630586
0.002367301292412
0.002132983382440
0.001035846053841
-0.000629581636996
-0.002407496273649
-0.003690076966109
-0.003831913792977
-0.002443227868829
0.000125561535209
0.002791840737919
0.004554331429884
0.005122109857471
0.004643537853921
0.003211999483220
0.000965546982591
-0.001520768849369
-0.003407773671490
-0.004226402175592
-0.004146966719697
-0.003692137056916
-0.003207667436925
-0.002616473005226
-0.001786982481398
-0.000876741738380
-0.000119581802538
0.000458840045373
0.001025145416173
0.001766452115282
0.002602902838740
0.003032627454836
0.002589310755446
0.001449386691466
0.000254015168187
-0.000556592284405
-0.000957532373772
-0.001023187702723
-0.000720822374719
-0.000104730983710
0.000499777547154
0.000643461785693
0.000063383776845
-0.001107195565653
-0.002395578379323
-0.003293648098799
-0.003534134879268
-0.003103100265063
-0.002037479131095
-0.000312035664285
0.001872569744428
0.003795956222073
0.004589268151145
0.003903779205629
0.002110690599303
-0.000030363847152
-0.001812063285186
-0.002742093004183
-0.002505302969510
-0.001054550117529
0.001144073931498
0.003061508660060
0.003641167612752
0.002609718666232
0.000665624271510
-0.001136086847384
-0.002122170931882
-0.002241834509574
-0.001740886966374
-0.000840370918242
0.000189405307214
0.000941125040276
0.001036006941139
0.000371306906569
-0.000691062601570
-0.001470434738135
-0.001502360604717
-0.000850554973319
0.000155259519007
0.001281023575612
0.002324085483605
0.002862627382858
0.002431841310497
0.001043517452882
-0.000613231789085
-0.001626718153948
-0.001588023014793
-0.000843341332554
-0.000083343411716
0.000190183177719
-0.000130203527233
-0.000823392285890
-0.001483743755122
-0.001689643741887
-0.001182497122507
-0.000057283322311
0.001162611779476
0.001837393344557
0.001705428682868
0.001015904820858
0.000268834725270
-0.000186181093712
-0.000381962411671
-0.000445549704846
-0.000247876146020
0.000372699959537
0.001272647532222
0.002066127238981
0.002364826526237
0.002001161173156
0.001171673766113
0.000275362878969
-0.000476722255761
-0.001086277057490
-0.001449865612358
-0.001418828782415
-0.001046051167782
-0.000500784629671
0.000051333347074
0.000531853450257
0.001036766044319
0.001554444643726
0.001704731197730
0.001100721271791
-0.000189543927524
-0.001618440171115
-0.002466012578216
-0.002344165685346
-0.001480435145134
-0.000378516083866
0.000664024666406
0.001532142372720
0.002039694796960
0.001993532406768
0.001453213662126
0.000790780459345
0.000413818058434
0.000376263766719
0.000338349325653
-0.000043439774839
-0.000765434736230
-0.001456405519290
-0.001615260823616
-0.001035105493673
-0.000049780847546
0.000820214394054
0.001329219993218
0.001404083090075
0.000911149100066
-0.000138725712049
-0.001351222604956
-0.002145613508331
-0.002154186899384
-0.001427774055954
-0.000342182467879
0.000652517449718
0.001242179297309
0.001324187095700
0.000931944077435
0.000185695270128
-0.000589157720747
-0.000919075007336
-0.000557116830738
0.000296569251111
0.001211625899625
0.001934388479874
0.002504015685185
0.002967349595363
0.003166733226419
0.002873490477964
0.002050230411899
0.000965673473881
0.000002962821946
-0.000708503041092
-0.001400428272359
-0.002261017744790
-0.003046791451273
-0.003377210779080
-0.003164390295110
-0.002480626338379
-0.001384158706037
-0.000009665574346
0.001405298510595
0.002489706944745
0.002766326449189
0.002051891898942
0.000808027271262
-0.000172182653171
-0.000383524477531
0.000136610949369
0.000985635561083
0.001751267067140
0.002243370505542
0.002363407045073
0.001858900713022
0.000528796038506
-0.001349571114611
-0.003115370601861
-0.004198784850200
-0.004372211490838
-0.003663323695071
-0.002184156318435
-0.000154952029348
0.001884914624868
0.003084060570759
0.002820110884317
0.001300692140503
-0.000495497099128
-0.001504546021716
-0.001310647604336
-0.000284863054988
0.000916472093651
0.001755420092615
0.001860826771253
0.001129168068214
-0.000150497757935
-0.001388402940888
-0.001941363989721
-0.001499660705938
-0.000421410797851
0.000489385004903
0.000676739884102
0.000221224228679
-0.000435405834791
-0.000929513514079
-0.001103587562709
-0.000929085591052
-0.000452649210637
0.000150595249071
0.000563976618368
0.000510297181764
-0.000047627263835
-0.000835257170231
-0.001410202674510
-0.001491036758191
-0.001104257888515
-0.000429460254812
0.000376575161642
0.001145335618510
0.001556769289623
0.001270656019388
0.000322945789892
-0.000731476736229
-0.001209214726120
-0.000860573604488
-0.000043573488948
0.000620666825922
0.000744374092217
0.000369042255906
-0.000250889276581
-0.000967215487054
-0.001739725398218
-0.002339505751293
-0.002328510225785
-0.001478723309928
-0.000046328352683
0.001416963565225
0.002447232984444
0.002857263047246
0.002666274920056
0.001962880519031
0.000774261912205
-0.000809719665960
-0.002310075241562
-0.003098624252756
-0.003080786959304
-0.002732731028077
-0.002461698984576
-0.002164537713003
-0.001411178644054
-0.000064834447167
0.001395779631531
0.002312451857513
0.002422956560039
0.001977173627210
0.001483366065794
0.001303032166890
0.001417918578970
0.001571591520197
0.001531733025819
0.001195454456763
0.000525859445268
-0.000478676252428
-0.001600882659626
-0.002335213697487
-0.002313047020568
-0.001688677273692
-0.000903507622799
-0.000267657895038
0.000115446670059
0.000185452161061
-0.000153604328896
-0.000869716132707
-0.001635273652478
-0.001962625330879
-0.001560274998289
-0.000597337762975
0.000425115726084
0.001140253863504
0.001549178279432
0.001775518299551
0.001810311057728
0.001575028273883
0.001139422105089
0.000776058245308
0.000651615193566
0.000517082884452
-0.000055049934336
-0.001112986143613
-0.002154291684372
-0.002603860423472
-0.002399585055723
-0.001955176518956
-0.001613815604695
-0.001326365204496
-0.000855810268119
-0.000139318008182
0.000616475242992
0.001135886366982
0.001351555689550
0.001462707066850
0.001630545422119
0.001746025616234
0.001719090216689
0.001744462701531
0.001971934540599
0.002142037625820
0.001734595021553
0.000435595806539
-0.001501351946222
-0.003426106439702
-0.004818005257143
-0.005461883217613
-0.005230250220745
-0.004026304996615
-0.001991574853270
0.000373721833743
0.002340603856240
0.003283583422187
0.003061295918893
0.002099098139787
0.001016038897367
0.000180510800753
-0.000318827770557
-0.000411293954396
-0.000037866475479
0.000606444659041
0.001084989085902
0.001030163780796
0.000378631391488
-0.000653152121127
-0.001767487932470
-0.002760953356211
-0.003536304876343
-0.003961981262847
-0.003801905137500
-0.002927768459760
-0.001543046886576
-0.000042479956601
0.001279292094280
0.002301041607452
0.002935492254614
0.002996233813844
0.002339677650450
0.001166972304044
-0.000005162807158
-0.000729160293475
-0.000943226175349
-0.000928563506579
-0.000920680929431
-0.000829353040162
-0.000457266968396
0.000146201230583
0.000673918268381
0.000823635454554
0.000568895344243
0.000166407874465
-0.000138248907152
-0.000305585006195
-0.000366730525333
-0.000234998822758
0.000239142006905
0.001013381911194
0.001731611103842
0.001997792367296
0.001731576463443
0.001126393422067
0.000359534358476
-0.000541900502058
-0.001553787473053
-0.002476094994982
-0.003077216103084
-0.003289512704604
-0.003112118485320
-0.002517135639362
-0.001484871771220
-0.000072780756583
0.001487647143953
0.002826426057241
0.003593383272663
0.003631112527768
0.003082508652585
0.002209670257836
0.001114670111897
-0.000171033632965
-0.001386735878712
-0.002065745398608
-0.001935159127668
-0.001217959775981
-0.000436873016231
0.000056659322333
0.000240396306535
0.000230070338945
0.000124806093878
-0.000020351773854
-0.000118198193637
0.000034509823084
0.000590609578862
0.001356162362536
0.001815357989587
0.001564375741308
0.000729301658377
-0.000124667531480
-0.000503008673628
-0.000324328856157
0.000175884441169
0.000772164884588
0.001370011598729
0.001752162559048
0.001490082839611
0.000368555453495
-0.001233666507527
-0.002505727892140
-0.002752937083564
-0.001914894091621
-0.000503836036346
0.000985258400284
0.002280109655334
0.003063733694715
0.002996540671472
0.002031613492168
0.000554888164851
-0.000770253315536
-0.001370938062511
-0.001165128802017
-0.000567753763501
0.000034360010678
0.000626071336528
0.001281685578177
0.001843640521139
0.002012037233650
0.001630541240905
0.000888851503477
0.000184504876690
-0.000349081328579
-0.000964239828388
-0.001787669405079
-0.002560847429530
-0.002996133043280
-0.002964819997882
-0.002377493788510
-0.001252808732433
0.000181108479802
0.001586043589647
0.002594240248811
0.002876819746172
0.002425591771141
0.001733979932758
0.001371381946747
0.001436679571662
0.001597298910442
0.001435066835400
0.000812051632717
0.000039331685799
-0.000580771900492
-0.001157610322201
-0.001823891909880
-0.002359471048638
-0.002418791640032
-0.001887093593477
-0.001033168359471
-0.000322176229193
0.000046631014824
0.000231607147697
0.000387911711930
0.000536024939609
0.000689564172991
0.000908803740125
0.001245246745439
0.001638505202089
0.001912276853432
0.001889286924510
0.001531634569525
0.001006874612363
0.000534386343468
0.000149782182361
-0.000253002970854
-0.000676963867835
-0.000953954720845
-0.000913288650287
-0.000659161239000
-0.000561450731908
-0.000717539205495
-0.000682902665746
0.000029254940973
0.001359970509318
0.002626352764221
0.003039596438450
0.002355638887996
0.000952975872925
-0.000587524642529
-0.001827521823860
-0.002515600791842
-0.002503399567934
-0.001797052773306
-0.000681134671145
0.000396116156283
0.001133193005989
0.001520020089923
0.001715645501433
0.001797059398314
0.001638915547255
0.001160478597562
0.000556855003848
0.000059759292870
-0.000376193702671
-0.000953511359316
-0.001669002846939
-0.002140975629791
-0.001819733461388
-0.000517706349652
0.001271494819929
0.002750647442985
0.003446570740700
0.003378932194820
0.002732127431136
0.001573260408360
0.000018269890858
-0.001525735643251
-0.002525921026617
-0.002698941628036
-0.002137517861698
-0.001110546844357
0.000164571651473
0.001531397341417
0.002712334870539
0.003218407198509
0.002675467616026
0.001326873911189
-0.000018210935104
-0.000634646011352
-0.000389118112644
0.000282654253424
0.000828381452429
0.001031339879751
0.000944446687841
0.000586485327824
-0.000074455814161
-0.000935269799685
-0.001606271944418
-0.001584299120399
-0.000735157955791
0.000545707979700
0.001697748630866
0.002371379212292
0.002485550369645
0.002055337607600
0.001105162105176
-0.000116929625154
-0.001059616867214
-0.001309799615343
-0.000999415896553
-0.000652609915329
-0.000680300939201
-0.000962537481041
-0.000982478064665
-0.000497737961269
0.000067957111875
0.000076742263217
-0.000530162405955
-0.001046301670784
-0.000697285777887
0.000574691491415
0.002125459589009
0.003231323144536
0.003521562285282
0.002951384619937
0.001629939209636
-0.000177812221669
-0.002018128135442
-0.003452321032850
-0.004246414528076
-0.004321483626130
-0.003650932779624
-0.002218383997280
-0.000133306607471
0.002126991704579
0.003786622201720
0.004269408992253
0.003581314409262
0.002201538048422
0.000660105351704
-0.000782999251167
-0.002081149080639
-0.003128922118637
-0.003591120173560
-0.003028799281035
-0.001342805269542
0.000940407438943
0.002978331361815
0.004110950444689
0.004026019003892
0.002738565410162
0.000612716646672
-0.001668212423840
-0.003322984565867
-0.003842957311490
-0.003217720276690
-0.001857054527997
-0.000282034564278
0.001223510099010
0.002594004997641
0.003657117711290
0.004024651040756
0.003318226325360
0.001564346943523
-0.000623683125891
-0.002450019278816
-0.003477915499655
-0.003621622882903
-0.002908957981265
-0.001575539416786
-0.000112517391109
0.001005385714329
0.001539850484014
0.001603178893425
0.001654508646904
0.002104164606048
0.002829554046668
0.003279482637046
0.002997889006186
0.001863019763758
0.000028428408292
-0.002097755281179
-0.003878292818737
-0.004641952560587
-0.004041423918877
-0.002365262823342
-0.000450337825404
0.000886179814266
0.001348026340781
0.001131183700940
0.000619901896233
0.000123761084294
-0.000227505524400
-0.000317936894353
0.000087966124092
0.001061556436865
0.002174247962563
0.002738333572779
0.002455587016628
0.001650227144568
0.000819342552802
0.000105903947627
-0.000732156513894
-0.001820979184658
-0.002711464915934
-0.002730450970475
-0.001792292772471
-0.000509250366500
0.000421162609599
0.000720940374337
0.000640305559208
0.000683254954563
0.001096533795201
0.001694738956099
0.002232127556824
0.002670825845451
0.002976711687334
0.002927931349700
0.002307634804000
0.001228158398514
0.000136294929265
-0.000572380226788
-0.000926848353977
-0.001351415396586
-0.002170274778547
-0.003154643526492
-0.003767850772365
-0.003689113384716
-0.002857325665864
-0.001392696909352
0.000292147710273
0.001643265488416
0.002291784618487
0.002190065856654
0.001647443666845
0.001189945846975
0.001167375882905
0.001465327989579
0.001683748306186
0.001597594512860
0.001280032934348
0.000826614757865
0.000163305825708
-0.000881837837499
-0.002254916446462
-0.003442690728774
-0.003842005459104
-0.003286527178147
-0.002033454924500
-0.000488012134346
0.000962687436667
0.002034080100878
0.002501758003367
0.002181973487191
0.001161437497050
-0.000078649262870
-0.001010565886508
-0.001421223320371
-0.001306948396662
-0.000656673208012
0.000418072012997
0.001466812904855
0.001882918140898
0.001351438023649
0.000147503018222
-0.000941073255138
-0.001209478339081
-0.000699173838894
-0.000124705870163
-0.000156880422291
-0.000845308712940
-0.001624994429942
-0.001841585774986
-0.001327543258463
-0.000435494534629
0.000423821276970
0.001102527500772
0.001594025774349
0.001767980050703
0.001435319011796
0.000661847787752
-0.000211990437167
-0.000835807527446
-0.001051166121533
-0.000936052742941
-0.000661922634027
-0.000353221812863
-0.000131607424542
-0.000179931306765
-0.000676626242168
-0.001525334645469
-0.002185563417166
-0.002115277769746
-0.001353348998141
-0.000415103488712
0.000273570407525
0.000711318256400
0.001182353380935
0.001848075718431
0.002562510800085
0.003073014047429
0.003174806570885
0.002724442421001
0.001714133084112
0.000314789917463
-0.001133281204003
-0.002220619804090
-0.002696811387430
-0.002609176938271
-0.002284898974171
-0.002104388339649
-0.002094953695345
-0.001935033129974
-0.001457855385762
-0.000789612742694
-0.000019416332798
0.000900071286802
0.002001061427815
0.003190084457028
0.004178273477856
0.004567341772314
0.004157352314853
0.003123700682332
0.001787100358782
0.000317942840914
-0.001195955754342
-0.002522488928801
-0.003341475897600
-0.003551484864385
-0.003396794718983
-0.003182392936595
-0.002930469397028
-0.002403540261545
-0.001391769358545
0.000001624462935
0.001328946709541
0.002199711624657
0.002612688166570
0.002680122760266
0.002286970617051
0.001315267796070
0.000032912384367
-0.001003097230351
-0.001436566733935
-0.001385800843112
-0.001247217507643
-0.001310278334533
-0.001535065562910
-0.001628182183547
-0.001337871900728
-0.000718825484076
-0.000049214785554
0.000489347926588
0.000883817011529
0.001060799490955
0.000780429607186
-0.000051803087063
-0.001033457629506
-0.001555646479836
-0.001421434918793
-0.000909885164163
-0.000366165905344
0.000055256409589
0.000320026516056
0.000352669475498
0.000038460537955
-0.000653888210441
-0.001542787333291
-0.002161759544730
-0.002010969470372
-0.001069074424903
0.000142877804168
0.001149969437090
0.001893388920306
0.002405608038656
0.002496467467388
0.001967605189577
0.000963738777558
-0.000085923736211
-0.000886902917227
-0.001481829831499
-0.002038996309548
-0.002564470738973
-0.002809595983611
-0.002480676084359
-0.001624128332160
-0.000725591748729
-0.000254987645982
-0.000208616453460
-0.000262053256465
-0.000199223378775
-0.000020441264351
0.000256852739138
0.000672261344933
0.001144473845410
0.001416817682219
0.001265081502788
0.000719732615996
0.000084070415834
-0.000328274130031
-0.000472048318829
-0.000542599305670
-0.000727992979519
-0.000979724944379
-0.001032526853794
-0.000739625226420
-0.000319580633737
-0.000172415997048
-0.000467694835195
-0.000945604613384
-0.001216970654807
-0.001235180801494
-0.001272466228824
-0.001462080548100
-0.001566323877095
-0.001212611267363
-0.000288536685559
0.000913128951574
0.001911579337611
0.002355477578067
0.002192940894462
0.001629217596571
0.000887831750847
0.000066902528931
-0.000685648498219
-0.001141005975954
-0.001303976975616
-0.001417655425834
-0.001547027004396
-0.001462878076043
-0.001019414500417
-0.000435569573690
-0.000113014857150
-0.000235082815962
-0.000551546992011
-0.000649534389433
-0.000463490623725
-0.000279869707907
-0.000284385880157
-0.000410702815003
-0.000505381711177
-0.000457445963885
-0.000353305613936
-0.000398346260596
-0.000532437837386
-0.000499235194941
-0.000344024914608
-0.000429843191134
-0.000902061356938
-0.001409672043886
-0.001514111112156
-0.001207440548082
-0.000855812106238
-0.000695255659899
-0.000506861624310
0.000125584566805
0.001265954879742
0.002389530937865
0.002761483282533
0.002121056723527
0.000889277849562
-0.000338768802262
-0.001323044553620
-0.002130224173572
-0.002744495915769
-0.002936096682415
-0.002526169088517
-0.001676818833039
-0.000829106075094
-0.000299431816610
-0.000028527248567
0.000206498626302
0.000500485129306
0.000832668611931
0.001265829741705
0.001947323492207
0.002744672641492
0.003055159053830
0.002338533220497
0.000792501460131
-0.000778811346131
-0.001722468106692
-0.002046631632227
-0.002253879341230
-0.002665596748036
-0.003011573476335
-0.002856835765421
-0.002186126584839
-0.001328213611430
-0.000485791489838
0.000422926982717
0.001428321335795
0.002241230442851
0.002471794002274
0.002011490109113
0.001141272639603
0.000285989076159
-0.000312216232542
-0.000663639688882
-0.000806510172562
-0.000639117195442
-0.000109725674456
0.000526337792008
0.000804037759257
0.000460229979653
-0.000301836681151
-0.001024847602051
-0.001351244570334
-0.001188121207657
-0.000681761241297
0.000021234783749
0.000900767351008
0.001827056214791
0.002435980025311
0.002427402503743
0.001851306258429
0.001005680739050
0.000186869860052
-0.000412784747391
-0.000734230110916
-0.000796806894294
-0.000543753885590
0.000046385113611
0.000668136017534
0.000898929577119
0.000728801813563
0.000520525994756
0.000468654614657
0.000354113892272
-0.000179494386613
-0.001171978816034
-0.002170230236890
-0.002568862426607
-0.002138104065472
-0.001150058951718
-0.000002286111466
0.001138642260757
0.002291807823212
0.003399673105762
0.004173517761948
0.004228683764717
0.003395061137442
0.001824608857289
-0.000200577423351
-0.002401614313143
-0.004356282934200
-0.005388204296663
-0.004880285765546
-0.002833613541826
-0.000043012517473
0.002382927518681
0.003672103033509
0.003690087018477
0.002855874254459
0.001782394876297
0.000914422120188
0.000471611126968
0.000487889078829
0.000699156291331
0.000617005075968
-0.000040348881289
-0.001030468048000
-0.001753069607627
-0.001771698909513
-0.001165127903701
-0.000337388468512
0.000346826517271
0.000737352038787
0.000923282899055
0.001051054230419
0.001090258463992
0.000923017040135
0.000629185466993
0.000472188390961
0.000552022696341
0.000654686437980
0.000598916260973
0.000569582973474
0.000851032805265
0.001377596207775
0.001780188639750
0.001764248892924
0.001310039596372
0.000556923142043
-0.000385202978642
-0.001461454566165
-0.002557010966157
-0.003408875654540
-0.003741632600828
-0.003507772039012
-0.002812412477137
-0.001633985908874
0.000129955354301
0.002328374708469
0.004404640995789
0.005651575158584
0.005706225104531
0.004827239288215
0.003640359983114
0.002611714430928
0.001802815955541
0.001086055280443
0.000410894743031
-0.000210788307916
-0.000812603764854
-0.001497833835798
-0.002332320823895
-0.003118843869616
-0.003445266090083
-0.003150663666962
-0.002593148012216
-0.002260034988677
-0.002173593203093
-0.001878819033162
-0.000989518763523
0.000431275706508
0.002004693642785
0.003418733130467
0.004576128070655
0.005362665824164
0.005482569574804
0.004717469177940
0.003264530550637
0.001617447540153
0.000149366599479
-0.001088987497206
-0.002252431142354
-0.003403896002705
-0.004342073132211
-0.004808524453880
-0.004790721659314
-0.004525543117825
-0.004189750206414
-0.003623092423187
-0.002475438495122
-0.000599738771863
0.001806728289555
0.004324407144164
0.006465405638756
0.007813000222607
0.008065358454073
0.006980982384391
0.004515106516434
0.001143657150748
-0.002152193325229
-0.004414487721714
-0.005256198076985
-0.004946808483094
-0.004044471284780
-0.002985284646980
-0.001969639000374
-0.001076294556371
-0.000307047193248
0.000428190287636
0.001138701434923
0.001585593147837
0.001432268463201
0.000591053537271
-0.000536168642035
-0.001245614052455
-0.001106004794623
-0.000279243439741
0.000786171256575
0.001825541316145
0.002833830910473
0.003771995080698
0.004305174541613
0.003964538358616
0.002634568355386
0.000720122989844
-0.001208704886622
-0.002775467776264
-0.003828415969825
-0.004229885567910
-0.003748901189395
-0.002417611598816
-0.000877507904516
0.000081652220390
0.000261279985263
0.000058788460122
-0.000007829958164
0.000331389369336
0.000901285313095
0.001274996713638
0.001292537737010
0.001172336629580
0.001071807655029
0.000880868171633
0.000494850053385
0.000027077995928
-0.000245879419225
-0.000138358217857
0.000150975076203
0.000188948185432
-0.000187959838338
-0.000778923728240
-0.001357893632870
-0.001826440668215
-0.002094564103285
-0.002011312483054
-0.001466274490137
-0.000589989176092
0.000148253038858
0.000207290865320
-0.000488215838099
-0.001351290614478
-0.001668602055833
-0.001253845781195
-0.000427157270053
0.000457507480566
0.001304088113545
0.002135376890305
0.002756784342552
0.002812454068836
0.002191349775586
0.001110932501800
-0.000106362870968
-0.001191897717624
-0.001976252917756
-0.002266578969720
-0.001826885018245
-0.000764134219459
0.000201951174857
0.000180970518602
-0.001078121041723
-0.002871794764507
-0.004046383804015
-0.003851474604493
-0.002433522624445
-0.000564562126178
0.001083062357635
0.002291433366945
0.003064700314983
0.003439311544629
0.003561371851745
0.003640640721423
0.003709022638127
0.003457643721317
0.002417271788663
0.000471618228968
-0.001866275651021
-0.003830380085796
-0.004966128454344
-0.005314589296087
-0.005193834178230
-0.004812822863238
-0.004134866024782
-0.003133914456374
-0.001921716494254
-0.000553849217128
0.000994899129589
0.002603321353374
0.003951879118897
0.004691957359251
0.004607308664585
0.003760503673398
0.002501253465815
0.001191208973298
-0.000028485307745
-0.001143592494765
-0.002066885354230
-0.002622301600407
-0.002745574306798
-0.002659020611773
-0.002671567306353
-0.002776764337392
-0.002672921513173
-0.002172869404117
-0.001406084460994
-0.000665586678175
-0.000124496725162
0.000343422374114
0.001006534715426
0.001870597957495
0.002508628335116
0.002417882904356
0.001550907956324
0.000383426734684
-0.000546743994433
-0.001026350510720
-0.001086204025919
-0.000795055120478
-0.000342755509471
-0.000145841774548
-0.000572505810414
-0.001525012709484
-0.002420058197637
-0.002644548966698
-0.001999548028698
-0.000827328119834
0.000187165973560
0.000588202841155
0.000580176712693
0.000709383038238
0.001269453702064
0.002131253799459
0.002926792654279
0.003278824618464
0.002965368653041
0.001969004683446
0.000476765400658
-0.001099363050121
-0.002258898031853
-0.002743306401480
-0.002711916770670
-0.002535648416631
-0.002426930737970
-0.002276435115680
-0.001814208840349
-0.000907646717939
0.000324681887196
0.001670509455408
0.002887830234720
0.003613873040490
0.003548971245443
0.002747718652810
0.001570733419039
0.000459672639328
-0.000281766008651
-0.000677060835838
-0.000993900769331
-0.001378372475072
-0.001696392828356
-0.001829294167235
-0.001934800526607
-0.002217169708828
-0.002521459116541
-0.002340925361782
-0.001279790376319
0.000503521603245
0.002342649061887
0.003629825475327
0.004248735513449
0.004325576949608
0.003807037758443
0.002560879423113
0.000753661165204
-0.001119636145601
-0.002631515635973
-0.003753285199455
-0.004674518888761
-0.005330445119337
-0.005270201193799
-0.004058471524595
-0.001771071778640
0.000934991887678
0.003228333367089
0.004625595378927
0.005138481700379
0.004889249694503
0.003833430101509
0.002035357496196
-0.000083751342841
-0.001956623550134
-0.003166648765401
-0.003587181058116
-0.003406861299513
-0.002899952545707
-0.002182873943064
-0.001348446221854
-0.000603355634804
-0.000111226164382
0.000171464223943
0.000491028453329
0.001034366734422
0.001584781921440
0.001692678554552
0.001272492796711
0.000738532411192
0.000483138125912
0.000436429959781
0.000218286768218
-0.000350356012085
-0.000964915674033
-0.001145108694568
-0.000796862439320
-0.000303118663029
-0.000071696794977
-0.000169690137412
-0.000378615065573
-0.000470886964011
-0.000422377570065
-0.000389819648437
-0.000530348288408
-0.000905390129458
-0.001464450497667
-0.001972836528257
-0.001983018076373
-0.001062230435945
0.000730370579451
0.002643564559584
0.003734055845407
0.003549100045466
0.002394011493652
0.001117912208528
0.000479144068692
0.000587586701842
0.000950011581883
0.000882145736211
-0.000062742506999
-0.001816835601186
-0.003916408180444
-0.005812758702585
-0.006916208211911
-0.006587795966535
-0.004520336603514
-0.001171357271525
0.002420260970927
0.005318022971010
0.007120370972723
0.007828018669163
0.007512558106929
0.006190705926517
0.003959758458331
0.001168965187470
-0.001673572832731
-0.004209553936583
-0.006301127331386
-0.007745938332361
-0.008107779273340
-0.007011770338465
-0.004606747990786
-0.001566685399699
0.001426954842091
0.004026086923282
0.006041261913873
0.007192471018028
0.007177083267039
0.005930398043986
0.003677275703504
0.000763490548868
-0.002392301608466
-0.005301280486432
-0.007499906804926
-0.008589616510009
-0.008307978743305
-0.006678694518102
-0.003992710792025
-0.000685050617552
0.002695482046866
0.005620625125631
0.007773280037676
0.008944144899652
0.008931207922077
0.007762759139999
0.005773223631430
0.003293459285893
0.000409381565316
-0.002867003987778
-0.006208687823381
-0.008871057285279
-0.010077516284803
-0.009512431512157
-0.007405249955599
-0.004200093334486
-0.000366848117379
0.003429150164474
0.006275860144984
0.007395625635043
0.006695128741547
0.004930766403187
0.003137705756813
0.001803462503303
0.000762191501616
-0.000207983184084
-0.001080522529293
-0.001760170314587
-0.002262030894283
-0.002701014815496
-0.002993757896395
-0.002719768722479
-0.001609387989161
0.000007803034931
0.001427292918972
0.002153346740524
0.002217928351267
0.001891690987090
0.001214119531215
0.000073519086279
-0.001303855900471
-0.002311318463667
-0.002540418390107
-0.002134212110796
-0.001484033008315
-0.000794424677590
0.000039103983264
0.001211682860940
0.002670781939800
0.004004728632136
0.004668041278403
0.004365035586057
0.003204933330956
0.001457663996268
-0.000639006694813
-0.002728456599652
-0.004269419831896
-0.004819843165890
-0.004260841330631
-0.002807697511464
-0.000984532517142
0.000682037568881
0.002034024792189
0.003059652567798
0.003542938416555
0.003295247108974
0.002530059616778
0.001766915898627
0.001383546967434
0.001269347586961
0.000846874848700
-0.000483059163185
-0.002714812891531
-0.005062133819756
-0.006475641676806
-0.006294455242059
-0.004482920343111
-0.001464100294614
0.002100329402388
0.005405362694406
0.007630442355780
0.008224780337814
0.007190564185657
0.005042287779542
0.002390804648527
-0.000371951598816
-0.002895557160255
-0.004656224954727
-0.005268669911956
-0.004842369983659
-0.003777727172327
-0.002392564673016
-0.000836967810698
0.000808632306212
0.002355293133154
0.003431018276452
0.003760038938010
0.003403625748090
0.002572041842676
0.001442487575053
0.000219892633452
-0.000844692235461
-0.001510021100861
-0.001645119682010
-0.001382986977590
-0.001058976767700
-0.000858389192089
-0.000680179420744
-0.000428511602817
-0.000160109872574
0.000085840945054
0.000319285595889
0.000496023733163
0.000519730998088
0.000299666541930
-0.000173784431324
-0.000776699439726
-0.001282688972867
-0.001418037199999
-0.000946590209212
0.000121352600855
0.001377398031964
0.002247577523698
0.002350382951389
0.001563857357992
0.000053068988994
-0.001614664145997
-0.002661190666333
-0.002574655581598
-0.001422914890856
0.000196902626584
0.001519118450223
0.002067138452662
0.001858346082145
0.001203044366693
0.000354573692568
-0.000583132213914
-0.001399877229718
-0.001621897229186
-0.000914202208958
0.000406383411091
0.001574978219340
0.002099519274143
0.002076167876110
0.001810453580480
0.001392624724396
0.000751886395285
-0.000048896071414
-0.000659714981888
-0.000662060893621
-0.000088391652680
0.000451322571887
0.000375694022606
-0.000334333449051
-0.001297152237833
-0.002136228144371
-0.002633398239540
-0.002625669826524
-0.001855446404688
-0.000134967783796
0.002202490580174
0.004241826866231
0.005128047666511
0.004727729728165
0.003592226543261
0.002361222255928
0.001233403616935
0.000033036811816
-0.001236327272989
-0.002179880092522
-0.002484901421666
-0.002347590070796
-0.002273802201043
-0.002531170073647
-0.002793856035708
-0.002363071101133
-0.000860160444604
0.001325357018256
0.003359186847934
0.004615075811029
0.004878873577997
0.004165640918516
0.002662495631560
0.000805865405444
-0.000758594255644
-0.001498036990577
-0.001464062877552
-0.001338541951379
-0.001838069218539
-0.003096400032905
-0.004569911681116
-0.005359231382715
-0.004684631223987
-0.002323105847654
0.001182089593507
0.004681677440802
0.006984113105221
0.007419837740021
0.006019305472887
0.003449794322379
0.000690636762402
-0.001569240934299
-0.003175599315407
-0.004070983895430
-0.003949626991629
-0.002622699795683
-0.000515392092101
0.001381241533861
0.002088926001776
0.001380502435924
-0.000014105133693
-0.001070340117409
-0.001270104590967
-0.000723853448844
0.000209584811356
0.001203808597222
0.001998039955504
0.002329738896751
0.002035845868891
0.001374270436692
0.000918512718597
0.000891816847033
0.000962717064321
0.000752670812794
0.000191137434538
-0.000509663761610
-0.001009634127469
-0.001102729059711
-0.000807391155853
-0.000158771873277
0.000825379772235
0.001880422815728
0.002472681360841
0.002191083856478
0.001073859988416
-0.000428940372005
-0.001765964726201
-0.002620987160488
-0.002958654182915
-0.002775059935855
-0.001986035119188
-0.000712791283952
0.000499215842473
0.001039985016937
0.000816393667983
0.000389248965360
0.000484523951679
0.001270430443778
0.002164619844378
0.002459420558860
0.001987264045565
0.001067721329416
0.000098735712881
-0.000634125908337
-0.000978398113602
-0.000870284510217
-0.000320006352903
0.000404642033244
0.000698120629781
0.000065977839634
-0.001318042172153
-0.002678471278783
-0.003254560992955
-0.002909301808339
-0.002173973680919
-0.001582694595856
-0.001131920545955
-0.000525694378346
0.000349740236634
0.001379166081321
0.002461269288681
0.003569738406112
0.004568254851945
0.005090415602273
0.004655316983177
0.003046168810773
0.000676018301245
-0.001613398996471
-0.003189850017457
-0.003951467232193
-0.004117412930071
-0.003934236873998
-0.003612993682344
-0.003332337355324
-0.003106328547655
-0.002617388299366
-0.001285707570388
0.001226713991189
0.004452418345244
0.007215708305108
0.008358426091002
0.007404106571309
0.004786026156654
0.001547579502999
-0.001358691955504
-0.003464577303042
-0.004576804283480
-0.004677260182683
-0.004079716544587
-0.003232271566817
-0.002343873815980
-0.001400608485547
-0.000393671445286
0.000582063078378
0.001310527822778
0.001546125389996
0.001299270068897
0.000956663720960
0.000892074419404
0.001013182520648
0.000911064535260
0.000438141059520
-0.000057255540305
-0.000145961835282
0.000150297705468
0.000421652357734
0.000381262267107
0.000080228100871
-0.000251265877636
-0.000368314957066
-0.000112355042567
0.000539029475697
0.001429852565577
0.002175755817359
0.002278420626534
0.001457811689356
-0.000057375241243
-0.001649579653470
-0.002767112071207
-0.003212797597947
-0.003112454995864
-0.002656847215021
-0.001793263653750
-0.000360094027998
0.001389159021215
0.002734969531356
0.003094527935791
0.002433216679357
0.001140933836105
-0.000226093844654
-0.001205016453819
-0.001618702179293
-0.001512318363588
-0.001068536712215
-0.000674077682151
-0.000708646637857
-0.001043240021590
-0.001071410057016
-0.000369196313108
0.000893322813491
0.002093303404978
0.002599254056206
0.002254520579330
0.001422549850556
0.000560035887794
-0.000088447145373
-0.000458554184177
-0.000521481403557
-0.000239823284122
0.000219205858870
0.000330765101524
-0.000371897224015
-0.001708879633474
-0.002914137998982
-0.003295372782765
-0.002719330636477
-0.001489724221831
0.000037857495088
0.001590458519613
0.002843792605314
0.003402435985920
0.003099611775977
0.002315338051839
0.001796014846287
0.001970548933112
0.002517983816417
0.002694976984949
0.001990947732453
0.000463393291867
-0.001387229314562
-0.002966206846209
-0.003874359603720
-0.003959192241851
-0.003283188008652
-0.002135855827005
-0.000867405696053
0.000306492743700
0.001298130070564
0.002159509632053
0.002972042321164
0.003511082508493
0.003325271524200
0.002266776897133
0.000657553192343
-0.000951172449420
-0.002012595431155
-0.002280608993613
-0.001954510496982
-0.001376444648824
-0.000761035526739
-0.000337986066250
-0.000406123201186
-0.000972092105156
-0.001536120451296
-0.001425274598302
-0.000340866639936
0.001354654764199
0.002861075043188
0.003591198617673
0.003639756782234
0.003435253896611
0.003064908027107
0.002258337019833
0.000854643986157
-0.000965441843682
-0.002758044881628
-0.004082263038130
-0.004780389557215
-0.004889961394442
-0.004369404188753
-0.003178953246705
-0.001523051573304
0.000234660530842
0.001836450489236
0.003169931345044
0.004108917478330
0.004407959195259
0.003797885461417
0.002335678728279
0.000582984277289
-0.000870759875892
-0.001950836055826
-0.002872359571958
-0.003512005174855
-0.003309490161922
-0.001868657639050
0.000433700167672
0.002567737200464
0.003647972427053
0.003534557294568
0.002681537516619
0.001564517138176
0.000286831553216
-0.001259760729005
-0.002934587614288
-0.004293971750672
-0.005008005829870
-0.005069375594514
-0.004554747386105
-0.003412565561726
-0.001581741359953
0.000713073094547
0.002835858719637
0.004111318061986
0.004378292019538
0.003936394336841
0.003054869801888
0.001846201144083
0.000435046390075
-0.001023096668803
-0.002374730005422
-0.003417223062511
-0.003945516157564
-0.003830875848610
-0.002964497363122
-0.001360758978500
0.000603292953310
0.002317504227825
0.003291776757705
0.003350601902610
0.002771685541575
0.002120552031315
0.001608984048586
0.000913141015836
-0.000180067527383
-0.001415976574074
-0.002465059686381
-0.003257288395846
-0.003868953793797
-0.004308995307191
-0.004397143101274
-0.003812444919539
-0.002412360648358
-0.000456982595408
0.001647658235538
0.003678285662891
0.005507293067310
0.006864689424738
0.007357610541654
0.006740829126997
0.005139035044255
0.002903418630141
0.000265113455229
-0.002692038064019
-0.005682421507537
-0.008000500658848
-0.008800392768937
-0.007670088744011
-0.004991017278334
-0.001718024977408
0.001266619022395
0.003514690086750
0.004813048938229
0.005001360425631
0.004065033006176
0.002239030254010
0.000040460466456
-0.001867105870847
-0.002997727919256
-0.003167281391615
-0.002306087696240
-0.000463624825106
0.001874299683095
0.003849668291268
0.004830556483864
0.004743518510761
0.003890128564254
0.002637195875420
0.001142035225390
-0.000620799588739
-0.002467637342269
-0.003912310666603
-0.004562399145592
-0.004365020757580
-0.003553421632989
-0.002556864088458
-0.001750335030924
-0.001178049670823
-0.000686991379347
-0.000198739662656
0.000316656448296
0.000933101386059
0.001738003502546
0.002762268175065
0.003811416328375
0.004419221520688
0.004225662729100
0.003307133546653
0.001957705036815
0.000354449591818
-0.001343582962224
-0.002733500564054
-0.003299411976637
-0.002875019024367
-0.001841700361728
-0.000741221814121
0.000224557827658
0.001179522191491
0.002143456082751
0.002784360743116
0.002701867028111
0.001897823574191
0.000760225557778
-0.000422993351667
-0.001690080723438
-0.003043501716978
-0.004006852646440
-0.003799489585487
-0.002052273654185
0.000785620330542
0.003725875290508
0.005806865191780
0.006503124889371
0.005759903607175
0.003785538430961
0.000974532864645
-0.001986473347986
-0.004213495243862
-0.005071917865665
-0.004572489387882
-0.003316692950915
-0.001973544758204
-0.000750999023420
0.000525667850362
0.001891308483675
0.003035191225123
0.003630018685401
0.003650822816997
0.003259776203766
0.002565327030481
0.001594941515256
0.000389871745620
-0.000848115121700
-0.001776571282229
-0.002263091094886
-0.002545912137071
-0.002897564948728
-0.003321118967117
-0.003607004427122
-0.003506815663489
-0.002885345340922
-0.001756221080207
-0.000039063483336
0.002491024895289
0.005625629948102
0.008325753428552
0.009308955582543
0.008001386716591
0.004830363987097
0.000835816316588
-0.002854508115629
-0.005428501528701
-0.006500413675515
-0.006065060583319
-0.004632309160156
-0.003118552881987
-0.002168724440764
-0.001701298568917
-0.001211138102718
-0.000292498466568
0.001111931963149
0.002741627550600
0.004261990626166
0.005440139517058
0.005990919547364
0.005502156515545
0.003792358805538
0.001226317268036
-0.001435823273676
-0.003477712530164
-0.004603186261246
-0.004927796921173
-0.004613028023422
-0.003687518932032
-0.002269912021666
-0.000682936193313
0.000766143399192
0.001955870309910
0.002951510094041
0.003913570466966
0.004776182901663
0.005014825139340
0.004038028604141
0.001819104588827
-0.000978285785098
-0.003435843000611
-0.004892084823677
-0.005082639544345
-0.003991993510780
-0.001834207442897
0.000795956842601
0.002944551982128
0.003748578443317
0.003078877252911
0.001665990299873
0.000469377215866
-0.000025104828969
0.000085925754505
0.000469821356972
0.000787550170184
0.000692416627879
-0.000054574540261
-0.001324010760446
-0.002532183531732
-0.002935902529440
-0.002182117671263
-0.000623844044589
0.001017022443323
0.002366320313859
0.003584408391513
0.004705997243915
0.005138005558689
0.004126069584136
0.001614317905533
-0.001519989157169
-0.004115816212700
-0.005505786235695
-0.005667618332110
-0.004882513407421
-0.003344979097791
-0.001098608259580
0.001559870761362
0.003904992473901
0.005352228425574
0.005857345287814
0.005518466047576
0.004244589647627
0.001992459430654
-0.000928505934547
-0.003797160885516
-0.005722257083889
-0.006136750424793
-0.005122342212618
-0.003197948261200
-0.000880735151791
0.001411790325184
0.003201429438023
0.003964652691297
0.003435313104355
0.001980977425023
0.000531106702827
-0.000090414089081
0.000267658267600
0.001130162561567
0.001819020991904
0.001885147409877
0.001299813234194
0.000313109535631
-0.000746905825802
-0.001566345245397
-0.002035947452497
-0.002416936543367
-0.003052478627255
-0.003810933565113
-0.003965025605624
-0.002732756965751
-0.000029683267331
0.003194643594687
0.005457632124480
0.005824585097590
0.004502978689071
0.002343530947083
0.000077347284104
-0.001932760766980
-0.003595932640290
-0.004807357449126
-0.005249929726766
-0.004613412856946
-0.002903108329099
-0.000447622272698
0.002266830085502
0.004664224172027
0.006133706114671
0.006225586119988
0.004901647073074
0.002673944697416
0.000296389170896
-0.001792809444754
-0.003497247725715
-0.004680859982413
-0.005080627144043
-0.004512880919495
-0.003066481559917
-0.001195616719035
0.000470786106035
0.001604927631293
0.002321450554829
0.002752436303890
0.002781704419529
0.002306553201592
0.001498758131711
0.000711004134801
0.000199341971308
-0.000146704104630
-0.000705158158493
-0.001518909082025
-0.002056603935526
-0.001849437895224
-0.001067755458833
-0.000298619200044
-0.000006501244049
-0.000235432965182
-0.000615729877090
-0.000683443635269
-0.000257706062602
0.000553487599783
0.001520108255638
0.002264438563125
0.002327556813383
0.001521650537504
0.000118306643532
-0.001402081779243
-0.002720839698949
-0.003825866697457
-0.004832454612881
-0.005597750361963
-0.005576031917804
-0.004195331230726
-0.001404474195910
0.002107300526367
0.005242556046180
0.007145539233111
0.007543621299349
0.006561718968289
0.004491412477081
0.001794098017632
-0.000959326155929
-0.003284472798360
-0.004881041777205
-0.005666292081314
-0.005727300485163
-0.005116905598490
-0.003848724687790
-0.002164169935752
-0.000513960387647
0.000793710173378
0.001732743650567
0.002395714628587
0.002791606929956
0.002746377939174
0.002120929460214
0.001182283277708
0.000452539246602
0.000172966105815
0.000140766292091
-0.000041788475634
-0.000579093987506
-0.001214902230027
-0.001491971722489
-0.001308532676095
-0.000999604893158
-0.000858426687319
-0.000821252159734
-0.000720849924811
-0.000630298910846
-0.000729647289045
-0.000924579020827
-0.000863454910484
-0.000407091830214
0.000112767171940
0.000277162359393
0.000109699667277
0.000063690922409
0.000548147744173
0.001503979013199
0.002409902927758
0.002782412263697
0.002587977007922
0.002007931247549
0.001060774226454
-0.000334831904403
-0.002145615351907
-0.004103296166654
-0.005709652687371
-0.006520198668752
-0.006400296559695
-0.005361221137665
-0.003417206986375
-0.000840073869816
0.001730306098978
0.003586393360602
0.004311927615283
0.004074391221778
0.003551033531967
0.003266275791461
0.003108454659545
0.002600526355514
0.001401054818631
-0.000422105096242
-0.002385243829526
-0.003947892971147
-0.004861038804959
-0.005014133876353
-0.004333282707071
-0.003086586563233
-0.001836826204356
-0.000948545975721
-0.000339524672999
0.000350339422412
0.001277598218441
0.002020306519622
0.001969421951370
0.001131009857461
0.000192381352833
-0.000231247893899
-0.000076055618941
0.000389991118957
0.000897150889570
0.001312601759158
0.001670941895398
0.002018692420840
0.002229440454282
0.002118447638780
0.001606493735273
0.000613635297535
-0.000988440508669
-0.003130465825344
-0.005332591367411
-0.006804353549406
-0.006837653356328
-0.005330927272984
-0.002983758929699
-0.000774295490485
0.000818312153217
0.002016543782402
0.003262978085872
0.004634117943561
0.005690985504201
0.005879665203932
0.004984771165973
0.003164064219366
0.000843145674782
-0.001379576999539
-0.003038623819702
-0.004072083288244
-0.004690847632349
-0.005028756041748
-0.005009058052919
-0.004473473497701
-0.003390447838270
-0.002020417173872
-0.000791178793385
0.000109325244024
0.000921552984628
0.002018197596419
0.003451781515556
0.004746237688070
0.005159251543124
0.004308079144642
0.002463136853069
0.000173699155366
-0.002082533544168
-0.003825074015836
-0.004596843887983
-0.004271020115532
-0.003137308620817
-0.001683973458254
-0.000431035703517
0.000260181413536
0.000441005755840
0.000374361083770
0.000037202677814
-0.000784344577997
-0.001929867872262
-0.002734709808150
-0.002554333644669
-0.001405972554613
-0.000016497684542
0.000897044305788
0.001279712885755
0.001556792231361
0.002054862235651
0.002743640983445
0.003306385896409
0.003348365838028
0.002656297301316
0.001261047392780
-0.000683157246658
-0.002840246026765
-0.004659216551483
-0.005684483514529
-0.005782128837282
-0.005077438380952
-0.003830862547579
-0.002256422689696
-0.000469945948567
0.001295527151943
0.002648358414300
0.003382134968774
0.003730583718174
0.004108697997947
0.004552681858762
0.004517926490267
0.003395063544689
0.001244839881856
-0.001102882547677
-0.002713875822774
-0.003257520013314
-0.003102812299034
-0.002834912876124
-0.002723518742345
-0.002669309241398
-0.002576351541647
-0.002469990735201
-0.002210084120679
-0.001497862071361
-0.000266384128793
0.001171068549894
0.002345403717543
0.002925161107903
0.002882680257015
0.002457258737738
0.001925191969575
0.001375274287350
0.000748433194165
0.000010298657577
-0.000792508039485
-0.001522536723003
-0.002003170511815
-0.002166929317534
-0.002054699217564
-0.001688647255215
-0.001157174936203
-0.000782256512297
-0.000877457256499
-0.001254926170629
-0.001291465531919
-0.000666363793329
0.000227979115885
0.000807347638677
0.000984448692239
0.001136554033537
0.001548721284089
0.001999537988591
0.001911259213249
0.001009806343221
-0.000275986704910
-0.001269726810682
-0.001722639370416
-0.001799034891529
-0.001617810230677
-0.001147049237175
-0.000474734556354
0.000063810506640
0.000137320795867
-0.000187999007654
-0.000408609290757
-0.000051045060075
0.000836075352487
0.001725603568612
0.002140092640620
0.001993784662450
0.001418182499310
0.000538382534052
-0.000503679158836
-0.001519911337804
-0.002341315804645
-0.002844738381272
-0.002952452829200
-0.002660518167009
-0.001993212058865
-0.000978878997182
0.000174140275555
0.001032053553654
0.001288126514962
0.001088807275886
0.000981158298846
0.001547953008023
0.002812011518046
0.003956590993779
0.004022239114238
0.002872923965479
0.001210633071452
-0.000151524016130
-0.000870782784649
-0.001243963942299
-0.001846928708573
-0.002854813905847
-0.003897357732329
-0.004536170544914
-0.004506482353454
-0.003601485079106
-0.001794016762425
0.000471281934572
0.002379200102426
0.003280503386762
0.003132399565401
0.002372896672769
0.001452589902330
0.000628708869228
0.000106008918787
0.000179043494541
0.001085021881108
0.002628640267128
0.004092483422833
0.004688495321522
0.004105907446287
0.002582020697472
0.000520926041183
-0.001760055696207
-0.003950329839102
-0.005650754651921
-0.006409454526565
-0.005883965704584
-0.004117540192377
-0.001650688053619
0.000814583020085
0.002846909279411
0.004277221117895
0.004969564059043
0.004796463836667
0.003782481233459
0.002288437958731
0.000941275848865
0.000124386026537
-0.000293269553293
-0.000557967127868
-0.000723856200350
-0.000813686935117
-0.000971272767882
-0.001459649605445
-0.002437689861237
-0.003550705646847
-0.004032010155109
-0.003433797975489
-0.001996234782836
-0.000245069325273
0.001464288122264
0.002969202798292
0.004110537577383
0.004623751759912
0.004313696405175
0.003378625414232
0.002292207912204
0.001295572348464
0.000281468964312
-0.000862431086801
-0.001963526902932
-0.002574012347617
-0.002423630162159
-0.001848219782285
-0.001423109787024
-0.001322315837641
-0.001292824664864
-0.000995566668511
-0.000309576732382
0.000514518716558
0.001136750563241
0.001543684571035
0.001886197457079
0.002055332942809
0.001724156840002
0.000757940061942
-0.000473558301015
-0.001251772952680
-0.001095898915574
-0.000148376824109
0.001010167631694
0.001781099335359
0.001878453658312
0.001479713240092
0.001032718165563
0.000906105675389
0.001244838490745
0.001789502153190
0.001797978284316
0.000721476431277
-0.001034512768534
-0.002397161229623
-0.002550493659208
-0.001502458150500
-0.000002613303747
0.001097974078635
0.001579766249358
0.001803967041196
0.001940415780347
0.001702822497261
0.000872653755784
-0.000347340657629
-0.001504875009394
-0.002191272315986
-0.002259449957261
-0.001846647577019
-0.001093811083498
0.000012366258387
0.001353383866761
0.002433168914678
0.002680764203538
0.002073973718127
0.001251504727854
0.000813975190500
0.000767081238080
0.000781309863907
0.000681003207747
0.000560737771396
0.000568089072170
0.000647202914537
0.000526284420999
-0.000027918604916
-0.000970985822828
-0.002049547917544
-0.003027907276329
-0.003698650873713
-0.003785814137026
-0.003020924961711
-0.001347681956638
0.000879301310476
0.002945727558765
0.004248068993292
0.004734481887920
0.004763400954604
0.004541748473949
0.003824985851998
0.002276445732842
0.000033582034180
-0.002194885142950
-0.003571327140913
-0.003707162394996
-0.002811584747385
-0.001306989559659
0.000420318694000
0.001877810845594
0.002544870183849
0.002256213421552
0.001345940033931
0.000446210305731
0.000040213795095
0.000049753781124
0.000052362892196
-0.000086370271273
-0.000120109220405
0.000065667068115
0.000211054691290
0.000052508914837
-0.000269751874910
-0.000293012344875
0.000311566646676
0.001376534072277
0.002388293822071
0.003002587408926
0.003209482639859
0.002983355007665
0.002108119612091
0.000519719984945
-0.001331096874771
-0.002628469197070
-0.002773344083792
-0.001858646326669
-0.000606430639573
0.000178012150908
0.000178251628382
-0.000326394955299
-0.000861670160355
-0.001156546277090
-0.001122591970737
-0.000652309634527
0.000318035942114
0.001589780166310
0.002717912950777
0.003279192884722
0.003136731228769
0.002453417568688
0.001436032319415
0.000180328574784
-0.001161610930629
-0.002241880159646
-0.002679482706378
-0.002369379062960
-0.001617738536592
-0.000832557915711
-0.000126085190118
0.000567219148127
0.001138901955720
0.001313169605836
0.000950517943265
0.000263732136055
-0.000307096563544
-0.000501572938083
-0.000514828194101
-0.000771385542619
-0.001389310455737
-0.002010937989692
-0.002179707467697
-0.001708080492687
-0.000732352656826
0.000455885462905
0.001565713865735
0.002281104438448
0.002305283385578
0.001586117409426
0.000481840918868
-0.000353811977542
-0.000416840369848
0.000260992776720
0.001211202499471
0.001981993823921
0.002419517258849
0.002467474842799
0.001882574527592
0.000444521451996
-0.001591891120678
-0.003535610158388
-0.004698570374723
-0.004716680150516
-0.003752388228774
-0.002407605798770
-0.001167089877623
-0.000075959019471
0.000910559631411
0.001664470727866
0.002099380831755
0.002247106644644
0.002123586090858
0.001731911743168
0.001099290170334
0.000346225259425
-0.000282422716996
-0.000603408376348
-0.000617588749740
-0.000422961683844
-0.000122435683995
0.000209033358718
0.000506857315279
0.000632192410546
0.000327714142858
-0.000565969671725
-0.001819798748915
-0.002929567894325
-0.003444992602446
-0.003097009972026
-0.001865135764248
-0.000015434582416
0.001968565012987
0.003347259798264
0.003314611405749
0.001760724613701
-0.000349198710962
-0.001720414233550
-0.001746869136011
-0.000788163899733
0.000320915527875
0.000929729288072
0.000884365804135
0.000401017081370
-0.000317117998432
-0.001224443729306
-0.002062542885524
-0.002240489744229
-0.001456168554673
-0.000124466849436
0.000987690229697
0.001353777007155
0.001012408907734
0.000404206769260
-0.000137920905777
-0.000539156539813
-0.000673335602956
-0.000292759967392
0.000597811568037
0.001447383749134
0.001437822584946
0.000219893974043
-0.001607875933122
-0.002900469524471
-0.002940519145433
-0.001939539163821
-0.000624836926005
0.000435648483691
0.001113436771301
0.001561189588797
0.001854661322870
0.001882623132500
0.001618885637530
0.001222717412292
0.000790502134025
0.000234339477635
-0.000519104617979
-0.001336075853267
-0.001980142254656
-0.002305761437340
-0.002312024100690
-0.002080054632381
-0.001600399729008
-0.000770114208750
0.000344808994276
0.001476250894347
0.002413137258103
0.003106451705791
0.003531322988311
0.003558759299332
0.002998035828166
0.001780410626474
0.000155596107020
-0.001352983366809
-0.002373454171897
-0.003062550287448
-0.003818227772668
-0.004568806428741
-0.004679339279206
-0.003720311801305
-0.002014558650984
-0.000255625778599
0.001215021294386
0.002634903291556
0.004348309605793
0.006153843242589
0.007235347290428
0.006815328354499
0.004838122178837
0.001994033961024
-0.000844829098605
-0.003122779343449
-0.004591023076527
-0.005077360713028
-0.004511366547512
-0.003159020106107
-0.001651734556463
-0.000592091545490
-0.000146469480968
-0.000070145764661
0.000061571017829
0.000556967582027
0.001284626685330
0.001822317895604
0.001947707929002
0.001755869566976
0.001480437009091
0.001379726352818
0.001617449438086
0.002121000122507
0.002498367157450
0.002137375731900
0.000729042038624
-0.001184624456586
-0.002548921848518
-0.002756333388421
-0.002044484872150
-0.001109100875650
-0.000509032340260
-0.000316593051115
-0.000292654505056
-0.000296053509671
-0.000301449445919
-0.000168472284878
0.000280469429530
0.001008554218911
0.001752725212318
0.002215611180899
0.002320002177239
0.002303939029296
0.002383675182943
0.002412359506434
0.002065264289931
0.001260295363309
0.000302837336035
-0.000473807797063
-0.001197317418604
-0.002284143430385
-0.003740949751114
-0.004895199445943
-0.004846885771460
-0.003230962984565
-0.000667850632217
0.001725552063982
0.003326454816345
0.004247900415084
0.004752816266523
0.004820235422222
0.004243213746476
0.002967562272161
0.001353564592064
0.000008130710745
-0.000801392973951
-0.001385680045253
-0.002137452994329
-0.003015253540517
-0.003601454709689
-0.003502924163194
-0.002629633937058
-0.001190276435787
0.000383451619086
0.001542934735021
0.001974160544494
0.001878318342923
0.001728235092426
0.001878948476114
0.002371505418645
0.002751295886902
0.002292187821826
0.000812121773387
-0.000970380742335
-0.002097680942584
-0.002235957101079
-0.001874739979665
-0.001742208113682
-0.002031878104400
-0.002254245386875
-0.001826301472119
-0.000613552791420
0.001161528082473
0.003191107176538
0.005025888648710
0.006034629696445
0.005702878464226
0.004040090548958
0.001685191778398
-0.000545211229747
-0.002218576434926
-0.003331788732835
-0.004016165582006
-0.004285893000631
-0.003996132659355
-0.003121375898733
-0.001967298964548
-0.000940234961024
-0.000248211165395
0.000180812143493
0.000567569689007
0.000951429093224
0.001182562320102
0.001311370954838
0.001551715553715
0.001905735077057
0.002208395801919
0.002354706164563
0.002282293774491
0.001955518449053
0.001356624844329
0.000322267227202
-0.001312984760321
-0.003203334430640
-0.004506019549822
-0.004545678206087
-0.003252519666448
-0.001109122522473
0.001146529472842
0.002898798813853
0.003790759983890
0.003628902590022
0.002439027400120
0.000587906765127
-0.001244756193595
-0.002286372957692
-0.002216494976983
-0.001531521276404
-0.000981340278800
-0.000757913913307
-0.000551756419354
-0.000112551452991
0.000529331293251
0.001146675715700
0.001425301688780
0.001143991326496
0.000336644093804
-0.000775161899821
-0.001906865946371
-0.002698550629691
-0.002814166521136
-0.002255981065311
-0.001445874868042
-0.000832405064264
-0.000493561954988
-0.000192987216226
0.000222295884953
0.000536059976867
0.000410791043051
-0.000072241280482
-0.000375723969290
-0.000093916486620
0.000578670799652
0.001111573469819
0.001275817408825
0.001229567008847
0.001078317118741
0.000677082591590
-0.000146848008794
-0.001200869073702
-0.001774886273745
-0.001190727147498
0.000371819035294
0.001870861599232
0.002285899046439
0.001321604088520
-0.000632207941301
-0.002948689065153
-0.005083057872700
-0.006476584030981
-0.006444898696919
-0.004614499368754
-0.001507306944916
0.001578030524176
0.003388026335815
0.003516872410645
0.002574976845990
0.001588676439297
0.001216077773236
0.001514879390016
0.002205052438891
0.002969006804495
0.003516836685204
0.003436669636292
0.002294328723842
0.000096285562177
-0.002553675795313
-0.004861589069109
-0.006296707380405
-0.006663530313589
-0.005908084809350
-0.004099087454686
-0.001626423654415
0.000777310363583
0.002360102616028
0.002779251001916
0.002228126464156
0.001211731974790
0.000270196847424
-0.000179549186292
0.000131998843273
0.001237515558090
0.002702620891849
0.003715470545703
0.003666474826438
0.002587025778253
0.000973700533453
-0.000747783744697
-0.002560297710575
-0.004526430582716
-0.006159003140529
-0.006567336278441
-0.005289213509516
-0.002707717357373
0.000220792228757
0.002596010230956
0.004107705565843
0.004929225001787
0.005195719647577
0.004874388547515
0.004037627059626
0.002859496653572
0.001428124658076
-0.000155853735555
-0.001724403860452
-0.003152702156092
-0.004286553671770
-0.004944458414594
-0.005110595424703
-0.004908951449579
-0.004429150532637
-0.003593455382102
-0.002111368179203
0.000175752506915
0.002884392837289
0.005312982820474
0.006911546192738
0.007381787657513
0.006659890076380
0.004934125660496
0.002552119600736
-0.000019798236876
-0.002214127169745
-0.003578606489448
-0.003982744403768
-0.003581336021368
-0.002671670389548
-0.001624405211154
-0.000889808022535
-0.000912096606998
-0.001803202470207
-0.002966299824467
-0.003294457047149
-0.002138821201190
0.000031948578750
0.002164626285617
0.003530978177123
0.003966977181180
0.003633710912479
0.002816413348029
0.001761303918236
0.000550143385922
-0.000831866388898
-0.002351935954622
-0.003924448069285
-0.005409041048934
-0.006356243606127
-0.005909137181393
-0.003526360827306
0.000126617432864
0.003473278723405
0.005261872632380
0.005310719444717
0.004281278924730
0.003004686656625
0.001957434856615
0.001258821065522
0.000957799462983
0.000956644780123
0.000714810196669
-0.000448336845296
-0.002569096997401
-0.004737185635027
-0.005709070543041
-0.004920335389783
-0.002921177368065
-0.000845753582376
0.000447341913500
0.000792024287400
0.000538000965103
0.000077521304257
-0.000412113502895
-0.000757145658124
-0.000646187457517
0.000045929107576
0.001029303118947
0.001937695381917
0.002770648947020
0.003765474880561
0.004842493978795
0.005332497122209
0.004417267870235
0.001979605996351
-0.001144568711700
-0.003865386326420
-0.005521657345065
-0.005962389222899
-0.005424156822799
-0.004396491846356
-0.003363476609334
-0.002558171389604
-0.001919842528411
-0.001201377026093
-0.000142644308753
0.001297203359392
0.002819228903214
0.003957391574601
0.004421222244327
0.004306807494774
0.003942325634852
0.003489367805579
0.002765919008897
0.001532847540036
-0.000117646369465
-0.001778921073597
-0.003051364781592
-0.003759775620200
-0.003970209310953
-0.003871717179405
-0.003677658573451
-0.003608129459731
-0.003770935837407
-0.003949713577109
-0.003620543453085
-0.002382899339524
-0.000392633107141
0.001769686381895
0.003578062866486
0.004790662707555
0.005369205567020
0.005302885040662
0.004456453330212
0.002698433998052
0.000329248457873
-0.001837922848603
-0.003085179269407
-0.003372600010094
-0.003178038388593
-0.002920800308306
-0.002702846988430
-0.002402528004190
-0.001805813654412
-0.000766056381148
0.000659447441123
0.002183940098734
0.003329071234850
0.003523366396883
0.002366744950020
0.000144077828565
-0.002021620505255
-0.002991614465249
-0.002504179464623
-0.001100773942275
0.000457524969372
0.001586870086572
0.002040947419360
0.001843123993486
0.001111405341101
0.000073044235611
-0.000888438292611
-0.001463375563858
-0.001682010619956
-0.001763115854517
-0.001683909416112
-0.001162594352728
-0.000136379860067
0.000902517251727
0.001141877852617
0.000221387589194
-0.001208601087490
-0.001998274515225
-0.001584170144011
-0.000351376606675
0.000955495052703
0.001869787508696
0.002301109706464
0.002279858314356
0.001779260842240
0.000877807557490
-0.000006839293086
-0.000345091461089
-0.000042452167244
0.000459405105434
0.000673153242391
0.000456823251540
-0.000037750803619
-0.000609830672227
-0.001172344943910
-0.001627088274487
-0.001671105237801
-0.001052414515787
-0.000023387366113
0.000732937232614
0.000650007882200
-0.000244876613646
-0.001278955410848
-0.001662069628335
-0.001187428465022
-0.000347101601745
0.000255241906968
0.000494917579772
0.000695027800485
0.001180928114189
0.001983697506409
0.002828646480053
0.003298508132635
0.003107067997164
0.002248284757255
0.000938670538995
-0.000373993836523
-0.001139214741196
-0.001190516983941
-0.000918361223007
-0.000793413514210
-0.000914843256230
-0.001131157638515
-0.001469187729391
-0.002215902810731
-0.003500212528310
-0.004911303529207
-0.005631027313730
-0.004975747766099
-0.002862677590265
0.000151527014093
0.003277954658167
0.005997306336607
0.008066720281665
0.009084211893721
0.008503212543645
0.006284440041095
0.003193758759702
0.000297084213167
-0.001739469594236
-0.002991102465298
-0.003974141006365
-0.004913142772478
-0.005512303097935
-0.005452048079233
-0.004763863529543
-0.003754877767140
-0.002694900967826
-0.001474791931441
0.000226641203583
0.002267449517780
0.003955384391515
0.004809932253843
0.004908461320806
0.004467106781534
0.003610545384281
0.002471710021455
0.001234047356275
0.000116995290875
-0.000808388410103
-0.001790291491591
-0.003061593712419
-0.004342029741405
-0.004962389430619
-0.004494325006732
-0.003077100780851
-0.001243783504184
0.000373737485815
0.001394125991478
0.001913835786715
0.002273088206253
0.002743762933368
0.003484564138911
0.004378066764776
0.004846025979536
0.004199853811955
0.002238041439986
-0.000549311647344
-0.003187376412462
-0.004696782628817
-0.004746361547177
-0.003902564843946
-0.003011858523883
-0.002337272035694
-0.001480102689509
-0.000100906350726
0.001542341367826
0.002781383648593
0.003032125261348
0.002172966620031
0.000670181083407
-0.000689525260392
-0.001254849669148
-0.000783243065621
0.000406828541596
0.001431390175879
0.001364111708349
0.000058757842527
-0.001620924845115
-0.002508112560877
-0.002079173488631
-0.000762179723444
0.000530962616597
0.001166442612137
0.001226741768694
0.001252262224196
0.001605633842439
0.002147939794724
0.002461539555588
0.002282862456982
0.001640378509353
0.000658400014927
-0.000504816755484
-0.001547722702482
-0.002153673708267
-0.002262418562621
-0.002057165262008
-0.001661865175293
-0.000912685484562
0.000424568266917
0.002106542666078
0.003291259481210
0.003186401982193
0.001813607269862
0.000096317871832
-0.000836264167520
-0.000512729056880
0.000560411401145
0.001397840839153
0.001388680040412
0.000584667820345
-0.000652501942353
-0.001941128421537
-0.002883778829676
-0.003065563322699
-0.002256174153059
-0.000645171676315
0.001196677233077
0.002656174616432
0.003476638676266
0.003778302917293
0.003675404066175
0.003111278039701
0.002087524081679
0.000849248447768
-0.000207981700186
-0.000891642258740
-0.001501005137756
-0.002499862028941
-0.003788146304637
-0.004582787706100
-0.004192925329295
-0.002710156621767
-0.000832027123090
0.000767751706898
0.001845481451419
0.002602213512029
0.003329006190777
0.003956061739605
0.004084672881303
0.003471330423484
0.002220337003996
0.000531650770369
-0.001397103049789
-0.003171726082371
-0.004197160749649
-0.004051317192206
-0.002829870738372
-0.001086555734360
0.000572786127853
0.001886442617944
0.002932784585775
0.003735526327421
0.003999319216826
0.003358618915269
0.001868246393464
0.000090077231935
-0.001387107630808
-0.002356657556091
-0.002802026662544
-0.002551976039979
-0.001476743231361
0.000085539956547
0.001394638537476
0.001832699484189
0.001368032342993
0.000556066181513
0.000013515202237
-0.000112919586357
-0.000041577274417
0.000101484519341
0.000376063347789
0.000794094828739
0.001209511984682
0.001496168276600
0.001760177599972
0.002208680539543
0.002738714544852
0.002805348910463
0.001919667854068
0.000190331003408
-0.001785006879812
-0.003332440432497
-0.003991997238924
-0.003698323507258
-0.002641926796294
-0.001005295588140
0.000917714219708
0.002526043624643
0.003161158084267
0.002623299035439
0.001348441693931
0.000013867418907
-0.000890182441166
-0.001106953919470
-0.000529522654339
0.000736443703617
0.002240481802374
0.003310655370432
0.003480884162342
0.002777242380004
0.001628649445708
0.000547724610803
-0.000279796593285
-0.001145323167417
-0.002353085892369
-0.003650035313255
-0.004386165003344
-0.004204767653793
-0.003314346512884
-0.002072446122810
-0.000561064789486
0.001307110782915
0.003339466996009
0.004839862441694
0.005019310045540
0.003746553583722
0.001797648678930
0.000213302693894
-0.000524597465579
-0.000594097256093
-0.000378365978418
-0.000127742099259
0.000039459620850
0.000004232249445
-0.000274008831646
-0.000590171278653
-0.000660423888383
-0.000446209662434
-0.000206658889985
-0.000214034098309
-0.000386850481543
-0.000308671828571
0.000309552994309
0.001305383834455
0.002222814617057
0.002665608561808
0.002498951765708
0.001795704994804
0.000622445493231
-0.000977009898927
-0.002730005303850
-0.004091347597544
-0.004541974591723
-0.003895154159705
-0.002363344954421
-0.000349711851403
0.001778799083260
0.003704806045304
0.005050574481675
0.005352430447116
0.004332130514378
0.002310065930908
0.000155563477098
-0.001384446361776
-0.002223448615112
-0.002655466975351
-0.002774688736993
-0.002480651472136
-0.001844260090879
-0.001149185843823
-0.000642563920243
-0.000321866430131
0.000055148979153
0.000632858086903
0.001196984654014
0.001467674169291
0.001535353115350
0.001763418772227
0.002290254432963
0.002796195512506
0.002797821073123
0.002099756734674
0.000909725948144
-0.000459208827264
-0.001845093125846
-0.003091173371938
-0.003829541495661
-0.003627757935656
-0.002334112114725
-0.000312924211174
0.001634507178556
0.002794691155697
0.003041828854575
0.002673516720556
0.001870791389821
0.000601330860679
-0.000969690200877
-0.002324957819837
-0.002986144017305
-0.002871943849024
-0.002249513702002
-0.001397965591809
-0.000307501260874
0.001099832020107
0.002463195387196
0.003135242607518
0.002871042250416
0.002023890839766
0.001135937036145
0.000471654775159
-0.000168898963529
-0.001055711475233
-0.001924419996730
-0.002169624208978
-0.001651928776351
-0.000881558287326
-0.000401268448801
-0.000324351330265
-0.000470601007971
-0.000670366295371
-0.000870205947613
-0.001036022682111
-0.000993198703007
-0.000503256834449
0.000405020808498
0.001342867717837
0.001919890018720
0.002102860400086
0.002093195875818
0.001935690015652
0.001510004745583
0.000844905438556
0.000111250159675
-0.000655530404258
-0.001578224494766
-0.002735457193614
-0.003998818536554
-0.004928852073004
-0.004975527398784
-0.004034372119544
-0.002652437229130
-0.001564665072818
-0.001128653407952
-0.001194925002121
-0.001393971131763
-0.001448841888908
-0.001309852023262
-0.001085659244511
-0.000757011598593
-0.000129037685559
0.000766655971345
0.001550566437253
0.001882278962286
0.001690765911580
0.001062778067506
0.000086579031491
-0.001205101165482
-0.002661189025376
-0.003789448525730
-0.004028502295933
-0.003305827663998
-0.002106752349424
-0.001046488893959
-0.000502554408420
-0.000544187856269
-0.001058961908245
-0.001919371778798
-0.002950526627820
-0.003712021630028
-0.003625994383039
-0.002545684911269
-0.001012942699085
0.000203962334184
0.000714999115542
0.000613081126916
0.000212671167288
-0.000174413514218
-0.000292048338323
0.000108236004796
0.001159625585314
0.002602772621150
0.003834455720279
0.004451593828502
0.004639067711609
0.004887286610778
0.005422520301618
0.005980739139657
0.006081579686614
0.005546675775875
0.004765202633575
0.004318878755990
0.004382013355223
0.004733315940340
0.005236842461514
0.005912906775520
0.006598629553987
0.006860672835954
0.006224944266681
0.004525136604153
0.002186570325565
-0.000004713152083
-0.001472177524045
-0.002030092326438
-0.001717186412776
-0.000782534362077
0.000232257367679
0.000657661983719
0.000089584418584
-0.001273096536050
-0.002687036194801
-0.003350715424174
-0.002815559759076
-0.001116616130860
0.001250103237272
0.003641445252148
0.005603256793362
0.006786338251036
0.006866172234824
0.005787199683674
0.003856492036932
0.001587759925612
-0.000458046421542
-0.001913873172818
-0.002716520421778
-0.002866968227090
-0.002318266601635
-0.001212816635580
-0.000040557639511
0.000559864804160
0.000207729393409
-0.001019477586343
-0.002809863481053
-0.004912526742770
-0.007070360992338
-0.008807938835118
-0.009580723300531
-0.009160787464403
-0.007841995801211
-0.006321480661795
-0.005223187090762
-0.004680680419582
-0.004495722214462
-0.004464118984212
-0.004381982780496
-0.004007885873519
-0.003136306432836
-0.001694075098073
0.000072824149496
0.001578557812420
0.002343198947821
0.002436574159100
0.002346588806412
0.002525974705136
0.003155887039570
0.004161489814555
0.005261198200138
0.005998710694026
0.005805175309037
0.004203778540337
0.001136640176805
-0.002913920384295
-0.007173937873862
-0.011021141396265
-0.014283043032792
-0.017030413485031
-0.019121929450266
-0.020185845761289
-0.019952927302746
-0.018306461580983
-0.015149370890378
-0.010561946750286
-0.005018526780957
0.000657455741028
0.005475412550274
0.008641619801617
0.010013544901060
0.010082455628600
0.009420318793994
0.008267737954333
0.006681635652738
0.004895768765116
0.003338125077779
0.002358141648142
0.002071815036780
0.002386902065638
0.003101818859567
0.003981993014330
0.004716089341037
0.004894419957272
0.004283939798622
0.003222901887698
0.002552859826922
0.003079166651421
0.005152360523254
0.008601615859873
0.012878974397940
0.017304354412920
0.021205880615901
0.023878120693806
0.024619135834415
0.022943686092171
0.018782320517727
0.012519202682733
0.004870339461024
-0.003239224582230
-0.010771467858410
-0.016856775383520
-0.021176488098539
-0.024108222287219
-0.026454758882731
-0.028733024892176
-0.030586600785824
-0.031106330177814
-0.029664178814859
-0.026226148726507
-0.021108096156050
-0.014809614087022
-0.008010952812878
-0.001447265242918
0.004272065288232
0.008698398974293
0.011502936376781
0.012466278950159
0.011492920617031
0.008781831174065
0.005134251269988
0.001913557342322
0.000478155401426
0.001485853365811
0.004484319058338
0.008219410322715
0.011488910152048
0.013550189389524
0.013938425663713
0.012398081357805
0.008975723270836
0.004050859699449
-0.001669642902639
-0.007333381612871
-0.012279894168114
-0.016139719145983
-0.018627920873095
-0.019455345867579
-0.018480116542886
-0.015760756965200
-0.011461085855129
-0.005805019069039
0.000925520596664
0.008317778405465
0.015727315969670
0.022503762866144
0.028429334931802
0.033660246704277
0.038128035789101
0.041105230321309
0.041365767983346
0.037877987941622
0.030449069100475
0.019764309462673
0.007069155384198
-0.006091608788775
-0.018062158014083
-0.027288501121863
-0.032694751362735
-0.034119223996572
-0.032293983350081
-0.028262976694113
-0.022864036382504
-0.016722687360066
-0.010547456283632
-0.005173543322557
-0.001104208678428
0.001891751228026
0.004530861515906
0.007468634221119
0.011047666077859
0.015339491827749
0.020204205755817
0.025183626014774
0.029386898430395
0.031707368596156
0.031309795934439
0.027969088650263
0.022060720725725
0.014339383727752
0.005672114198298
-0.003066503839845
-0.010930999989326
-0.017086576149581
-0.021276337911013
-0.023916564717826
-0.025541108025168
-0.026279119695526
-0.025905161745769
-0.024203799614603
-0.021312326794255
-0.017801574858263
-0.014393824007514
-0.011605011093851
-0.009568114876419
-0.008098067550764
-0.006851650475596
-0.005261742763889
-0.002440605489285
0.002401861508649
0.009280279421517
0.017354265250260
0.025487996141714
0.032623504678796
0.037689983867047
0.039578074468221
0.037451097488911
0.031123192300376
0.021170001891311
0.008663100638088
-0.005210013875177
-0.019284159966248
-0.032367695309660
-0.043328293684158
-0.051356832155900
-0.056151823580754
-0.057846747509168
-0.056732086769725
-0.053035114533977
-0.046958813407431
-0.038854310552346
-0.029321513596011
-0.019097799301900
-0.008779349001628
0.001214776019625
0.010351130238613
0.017939821447229
0.023482367566773
0.026897037293566
0.028391196542777
0.028110365106311
0.025934285368554
0.021877174872098
0.016773448783362
0.012326000044915
0.010342810906310
0.011832029343100
0.016560127479314
0.023289949600097
0.030404084351026
0.036358944482389
0.039859680633187
0.040056716045146
0.036794064144294
0.030536342461182
0.021968250973791
0.011716548440328
0.000351951399589
-0.011366572984806
-0.022306323938432
-0.031376247237271
-0.038154342901069
-0.042859649281704
-0.045820833107468
-0.047087090038864
-0.046376639203162
-0.043259284617401
-0.037391927497619
-0.028615135381756
-0.016946598799582
-0.002791387712762
0.012625812775387
0.027207694289651
0.038573241826771
0.044749491291770
0.044596763100703
0.038020035694452
0.025928085804154
0.010108327874524
-0.006891942500504
-0.022262967885057
-0.033693534138632
-0.039837955168489
-0.040381716246601
-0.035845703046399
-0.027357634953448
-0.016572318884154
-0.005469591937050
0.004304989737368
0.012199853144469
0.018827626046626
0.025166312222471
0.031573401968143
0.037455500511664
0.041768860956844
0.043638725759511
0.042532793497522
0.038255383366264
0.031023983785204
0.021498017564853
0.010631905232077
-0.000682483180463
-0.011899584845987
-0.022605115543962
-0.032083121400786
-0.039312232202537
-0.043367952411489
-0.043838415527675
-0.040972674057119
-0.035378866247627
-0.027602892041549
-0.018167857390307
-0.007969351957657
0.001645904351666
0.009343656915306
0.014277630063905
0.016194678119452
0.015363370043446
0.012505122769402
0.008746723114994
0.005546727969010
0.004309584664550
0.005737271070327
0.009680590209474
0.015585049665606
0.022635032194382
0.029528957865207
0.034548882724718
0.035937818029695
0.032444398899567
0.023964720082638
0.011693907965799
-0.002441930051601
-0.016382802084231
-0.028159338987452
-0.036088614784541
-0.039134788861881
-0.037294821370118
-0.031805142170386
-0.024729446004129
-0.017948939921038
-0.012468736967221
-0.008440172090957
-0.005396552139985
-0.002425359411776
0.001628806839686
0.007741642482591
0.016029533725857
0.025390945454243
0.033972886150958
0.040019281620067
0.042413267106058
0.040779937154366
0.035369561012974
0.026969507520681
0.016937314439531
0.007034278737105
-0.001287085147159
-0.007591426509516
-0.012265586717264
-0.015705678607601
-0.017845095486197
-0.018234221122184
-0.016450896242672
-0.012539982140902
-0.006968470563159
-0.000288039699315
0.006766369136059
0.013050698321501
0.017300442478652
0.018584570788919
0.016544333740914
0.011414399835369
0.003775741729886
-0.005661873975125
-0.015904120708462
-0.025515467216541
-0.033051584543903
-0.037757414036007
-0.039757745916219
-0.039787701458565
-0.038795189019528
-0.037512622648699
-0.036308194993415
-0.035263330738193
-0.033984865705409
-0.031380465024698
-0.026043356551263
-0.017062649950268
-0.004551718953507
0.010335963112405
0.025708579123474
0.039455252480267
0.049846194438169
0.055968244324847
0.058002425808246
0.057261879014196
0.055646022008887
0.054637864578841
0.054559710718355
0.054663717258322
0.053893556845111
0.051550377804364
0.047380684152979
0.041360927141554
0.033552058682819
0.024057301366271
0.013049134636470
0.000677750765902
-0.013223660713978
-0.029090364101518
-0.046948794064587
-0.065894577481937
-0.084336108017603
-0.100451668204982
-0.112378224965537
-0.118438698187182
-0.117435847011726
-0.108793554888174
-0.092663076371384
-0.069874370867579
-0.041647535599490
-0.009529362336316
0.024268336365432
0.056662579173225
0.084195623035280
0.104073539844592
0.114936941079940
0.116793477764554
0.110391106612396
0.096861284737158
0.077874624215497
0.055674816254902
0.032610932595659
0.010530968468221
-0.009478785597608
-0.026939975570613
-0.041634549839921
-0.053412084992641
-0.062404861618286
-0.069171566324722
-0.074210951182642
-0.077299370549685
-0.077393288062570
-0.073259045538494
-0.064415440263991
-0.051517647134793
-0.035779148694753
-0.018278060737824
0.000035394433288
0.018063650061536
0.034655641346412
0.048845168577043
0.059833786659929
0.066900702801128
0.069422148947366
0.066906257589336
0.059275529851151
0.047263602752612
0.032228292552040
0.015663946906178
-0.000863121653889
-0.015597508230070
-0.026727672696048
-0.032805021857381
-0.033363000686869
-0.029344192477245
-0.022869909065769
-0.016476054740974
-0.012303462885484
-0.011534538180593
-0.014189890357703
-0.019232471385425
-0.024865422447647
-0.029105880968211
-0.030492876609595
-0.028380573868257
-0.022674551989738
-0.013568283894202
-0.001718926665486
0.011502136460544
0.024219705684848
0.034558206768206
0.041081399784029
0.043069272407461
0.040485349263876
0.033713345534802
0.023494957384518
0.011079277077859
-0.001938589728907
-0.014159894394218
-0.024717251444054
-0.033091071354245
-0.038786938280565
-0.041227319013544
-0.039935301301675
-0.035015418163509
-0.027320708354013
-0.017888450317785
-0.007458319609700
0.003470591899744
0.014554601513975
0.025641326135823
0.036764801967722
0.047968632406765
0.058785209546310
0.067841332738327
0.073236067943086
0.073347564374509
0.067446555562778
0.055951171738184
0.040248367938660
0.022305574186326
0.004460149592964
-0.010935517568672
-0.022345093605052
-0.029659219697142
-0.033931703170244
-0.036554940314809
-0.038492646167520
-0.040001852144096
-0.041025795240130
-0.041761186086679
-0.042537660928429
-0.043224044235081
-0.043187928715072
-0.041787076069385
-0.038629312526544
-0.033548249838507
-0.026534888845625
-0.017631313491619
-0.007126897528894
0.003877842666311
0.013453887673463
0.019734925587685
0.021861746785797
0.020355979942440
0.016852336829520
0.013380373380183
0.011804773406223
0.013574432975501
0.019213199033897
0.027710685793538
0.036698447763457
0.043469181055867
0.046103785478679
0.044193208901460
0.038800628766641
0.031648098081389
0.024363345167347
0.018256931887169
0.014068168903699
0.011665070040013
0.010324732498557
0.009294973076227
0.007933621206119
0.005651073579539
0.001974193409182
-0.003446665924154
-0.010658055443013
-0.018944489012987
-0.026793865014206
-0.032489304233576
-0.034647559660867
-0.032541557128587
-0.026499979115414
-0.017992602403346
-0.009053648302535
-0.001534943143231
0.003446656183751
0.005771951294032
0.006066307483254
0.005183147509805
0.003933656720640
0.003093751953199
0.003389606124825
0.005243854339056
0.008487329069975
0.012419890312187
0.016190263787469
0.019096456632855
0.020536345841169
0.019785122295329
0.016023219003904
0.008859452175390
-0.000977087405826
-0.011593102915526
-0.020761495762195
-0.026808343751295
-0.028976162422206
-0.027511155672802
-0.023568995065702
-0.018786033337701
-0.014750751558271
-0.012550570186121
-0.012301117629291
-0.013016819546671
-0.013236798784247
-0.011879720089588
-0.008608227951652
-0.003791607295547
0.001745178515902
0.007222024100808
0.012272428417692
0.016848074266260
0.020940169433197
0.024335190772710
0.026440437266631
0.026530250937303
0.024351249338282
0.020308873638364
0.015070122359775
0.009113926344450
0.002515463527453
-0.004820015893440
-0.012595306196306
-0.020067731820955
-0.026631840147882
-0.032027245589521
-0.035989986089745
-0.038178364495266
-0.038457514030152
-0.037131701579707
-0.035052509825674
-0.033277676247776
-0.032142578608915
-0.030792689842793
-0.027919785792125
-0.022744478265713
-0.015357962867452
-0.006622991896298
0.002128985806264
0.009398060560364
0.013723742203801
0.014136180585515
0.010800330052153
0.005168488452900
-0.000676902890456
-0.004987017133883
-0.006984123336667
-0.006807639438743
-0.004855201331599
-0.001281143684111
0.003886974614229
0.010509531361826
0.018352609652416
0.027027444187913
0.035744789594921
0.043250612306212
0.048066444861941
0.049140636584579
0.046660831861054
0.042030509802161
0.036901722672320
0.032237846357251
0.027927117895845
0.023100346460579
0.017038019120833
0.009732568359990
0.001679905322455
-0.006231260081823
-0.012720324070574
-0.016801655485494
-0.018514287833321
-0.018808945397688
-0.019009042544071
-0.020249880463262
-0.022928853687448
-0.026576115637179
-0.030185111478055
-0.032426155215598
-0.031810698617063
-0.027275386841761
-0.018929444948653
-0.008449532451961
0.001217573260485
0.007080911693582
0.007564099783390
0.002984461331013
-0.004881225957070
-0.013347000137090
-0.019558235394362
-0.021545389013557
-0.018859066044697
-0.012531820237497
-0.004756129142644
0.001948144418386
0.006037359130435
0.007605216882949
0.007882736729260
0.008448551093836
0.010747718839718
0.015579811588968
0.022606866730655
0.030343006102750
0.036608254670385
0.039273718711773
0.037179602351044
0.030666125968701
0.021181388961276
0.010448138612686
-0.000007882468391
-0.008948633783711
-0.015483839477294
-0.019184470479838
-0.020116076501462
-0.018714320897098
-0.015620875428201
-0.011690717581409
-0.008034090058152
-0.005759382024515
-0.005547267009823
-0.007324088195471
-0.010237370453968
-0.013066017068333
-0.014662998487016
-0.014085864522912
-0.010651679360302
-0.004100310733473
0.005252379895420
0.016448852375802
0.028014480329300
0.038433725000203
0.046530948219634
0.051272800532224
0.051576303635853
0.046657383261617
0.036589179752099
0.022594378956041
0.006722545554882
-0.008940900066279
-0.022810159850364
-0.033771837747859
-0.041076661862056
-0.044486848743612
-0.044397604393137
-0.041659600205275
-0.037088288540985
-0.030950987785274
-0.023032648414290
-0.013357422945170
-0.002810809570802
0.007003813117056
0.014445931321010
0.018405651091565
0.018609421759214
0.015736259803808
0.011281251045861
0.007266672244457
0.005749813509524
0.007886877862068
0.013088719677588
0.019288178781560
0.024118313131442
0.025857270851149
0.023851654187625
0.018678718468002
0.011941675097708
0.005796177356352
0.002326137159858
0.002598975676641
0.005962338319549
0.010421751288177
0.013676881592710
0.013905955585211
0.010252755090390
0.003089019357583
-0.006213124024473
-0.015760046050796
-0.023641563715075
-0.028685097250071
-0.030933242888682
-0.031170076459324
-0.030088474046411
-0.027933150202639
-0.024651502719862
-0.020204080631860
-0.014739925380995
-0.008579343601462
-0.002176286309783
0.003806296506669
0.008474742079839
0.011031093405559
0.011290601210272
0.009784746791494
0.007258538657633
0.004055316831017
-0.000059327682233
-0.005443013543807
-0.011890064369150
-0.018435716678777
-0.023789017978858
-0.026844801288652
-0.026889228708549
-0.023704227465307
-0.017814268036189
-0.010585850101700
-0.003826614512394
0.000936951572610
0.003052918624934
0.002859981607697
0.001236014814413
-0.001035815225994
-0.003450734399545
-0.005507092113461
-0.006661366914343
-0.006701392273222
-0.005926608153950
-0.004809093785173
-0.003521403405578
-0.001806236922813
0.000711981041674
0.004028629650140
0.007614168644636
0.010873031912074
0.013519842770134
0.015328385177797
0.015936789575206
0.015262428973964
0.013890914481505
0.012849905604749
0.012984725988737
0.014399694173885
0.016430802545353
0.018251470617013
0.019431752282691
0.019899746074151
0.019687189404195
0.018848876967122
0.017423381699306
0.015409150889885
0.012758031179209
0.009291492999249
0.004811031319377
-0.000387188017231
-0.005181309241628
-0.008084170959301
-0.008093653756977
-0.005204526207057
-0.000390117109699
0.004757425811961
0.008454922538465
0.009193477844025
0.006347945616436
0.000631948272138
-0.006062814299152
-0.011399034965541
-0.013470593261122
-0.011491002638312
-0.005943589681829
0.001911083714193
0.010522238158373
0.018189828906357
0.023370832910885
0.025203638081264
0.023744354291672
0.019803504837552
0.014551898418167
0.009007963048251
0.003704592881515
-0.001178524968116
-0.005551473359117
-0.009409496383362
-0.012834213774673
-0.015808314332404
-0.018015485194567
-0.018849674038621
-0.017854265716886
-0.015180935013912
-0.011359325161161
-0.006718705717339
-0.001281442500720
0.004831378825823
0.011021376477941
0.016269958418268
0.019532629704201
0.020056552638390
0.017402119699341
0.011331227929045
0.001935354957130
-0.009911341495218
-0.022392230054669
-0.033363391233916
-0.041168933052409
-0.044941546791290
-0.044454548223730
-0.039919552370662
-0.031930163510662
-0.021494146986235
-0.009936390942305
0.001454044466141
0.011737249206107
0.020231598605143
0.026266613732849
0.029192757905416
0.028608026044372
0.024726614475088
0.018687887174828
0.012167340354677
0.006446184576273
0.002009382254431
-0.001262926941055
-0.004028868381873
-0.007401618354531
-0.012435777608848
-0.019492077939247
-0.027946742293301
-0.036366794118468
-0.043065648927042
-0.046743469673231
-0.046746601041977
-0.042891217737766
-0.035364116549402
-0.024885648540802
-0.012696856835032
-0.000144672325637
0.011789598640427
0.022676486541933
0.032519033434289
0.041456534515653
0.049570529785388
0.056933454983633
0.063514783734160
0.068786481971754
0.071647963198688
0.070925995191240
0.065962252869001
0.056952584620093
0.044757454313292
0.030166151701370
0.013536003393460
-0.004618918144800
-0.023049869143040
-0.040080985809439
-0.054230170506189
-0.064453328623278
-0.070134977372004
-0.071054126625045
-0.067430453525377
-0.060062248513505
-0.050256194928344
-0.039323030679807
-0.028072794892628
-0.016932325957296
-0.006400444661933
0.002882552588283
0.010391551394452
0.015912073325380
0.019517454073678
0.021284888791912
0.021198190341529
0.019558383515678
0.017243540720596
0.015291079983894
0.014284126662432
0.014177618151494
0.014575082874074
0.015101668981365
0.015550778785742
0.015686964056569
0.015077718047254
0.013320071884083
0.010331780810842
0.006224075929655
0.000852948725942
-0.006371877596338
-0.016056649359214
-0.028093161142818
-0.041321114551382
-0.053902683336284
-0.063986324376463
-0.070037388772881
-0.070790836697814
-0.065316821031091
-0.053367261375848
-0.035661451151985
-0.013803879705738
0.010175866727451
0.034149378729307
0.055816230131978
0.072855832102356
0.083560517585511
0.087408494425624
0.085085154036184
0.077870216860654
0.066896053934400
0.052980917125035
0.037103079935174
0.020813245606201
0.005942605249842
-0.006117280658777
-0.014809872399445
-0.020270074558606
-0.023029193009611
-0.023888571798848
-0.023848393049020
-0.023866068453451
-0.024408508581662
-0.025078233870533
-0.024860348194465
-0.023003320467264
-0.019661330728839
-0.015643394973702
-0.011792344995333
-0.008815855995326
-0.007353904983016
-0.007776407536928
-0.009871792124370
-0.012759882882817
-0.015315049852927
-0.016909946810835
-0.017658486338191
-0.017942634595997
-0.017833903550110
-0.016869302993450
-0.014282805231058
-0.009517344808628
-0.002534839094335
0.006308547375704
0.016436588000597
0.027005797420676
0.036914826162869
0.045096244596916
0.050836641980475
0.053753416355711
0.053620286056965
0.050429450437947
0.044544290310926
0.036806722311270
0.028489479845379
0.020718242311978
0.013762656721421
0.007142136359886
0.000416907452275
-0.006323790883214
-0.012664833595406
-0.018319866434084
-0.023329723747456
-0.027863917439249
-0.031928936735597
-0.035426235316217
-0.038457371375181
-0.041294687936125
-0.043924265722346
-0.045792589683253
-0.046099582437861
-0.044235776673502
-0.039935083472541
-0.033132769895167
-0.023890135123485
-0.012625424318980
-0.000226584636909
0.012300130203101
0.024245039979097
0.035232658848944
0.044897326755875
0.052517321703943
0.057048515052839
0.057641372388765
0.054096817892492
0.046774493758853
0.036217676751734
0.023060451004486
0.008261694816322
-0.006722676244471
-0.020148924097898
-0.030609927807642
-0.037527058898082
-0.040863753875555
-0.040529152741578
-0.036344960087617
-0.028403994950562
-0.017394655906589
-0.004767321245627
0.007613778326175
0.018194432933208
0.026117627668424
0.031206797300917
0.033896285135490
0.035015470480821
0.035316093563148
0.035031294814919
0.033711100433598
0.030506656983800
0.024881641006428
0.017057138373792
0.007698092401824
-0.002600325396975
-0.013407687073996
-0.024251072491143
-0.034417204670519
-0.042989738841497
-0.049203654424003
-0.052667874842624
-0.053178454054965
-0.050582059804885
-0.044941361557626
-0.036786814384312
-0.027158514918667
-0.017213932242578
-0.007683790377573
0.001309165625440
0.010039164611917
0.018873563901223
0.028087569018602
0.037778343633317
0.047570850946825
0.056129932424622
0.061324367913350
0.061339732342081
0.055687058130563
0.045296676363942
0.031864919220156
0.017022184065741
0.001939989642268
-0.012511558844341
-0.025547933240346
-0.036518963176599
-0.045054940041961
-0.051066835773664
-0.054637811120007
-0.056057590008534
-0.055912936102561
-0.054845023399220
-0.053129974307614
-0.050559328056860
-0.046599310589563
-0.040627074809595
-0.032236024493729
-0.021423023797036
-0.008518741116437
0.005775832708857
0.020097412826710
0.032408010403591
0.040651965520084
0.043725336211019
0.041995522959856
0.036938128294077
0.030235980993729
0.023074602421666
0.016015117284942
0.009259851120589
0.002855083329228
-0.003418103008707
-0.010106042195372
-0.017676908958561
-0.026068430878811
-0.034743025232342
-0.042900828299389
-0.049414840032422
-0.052833023051879
-0.051812211828866
-0.045797191086674
-0.035552358994514
-0.022990560273463
-0.010143557630975
0.001769559161307
0.012307212478304
0.021139296361695
0.027557232341868
0.030603814670660
0.029691224717366
0.025207328599443
0.018658829409216
0.012177877206968
0.007701311018491
0.006436038456196
0.008695434343012
0.013708890961552
0.019682696746877
0.024687616203773
0.027708538044391
0.028794107455067
0.028528013549294
0.027462201075454
0.025763721342780
0.023364467543855
0.020295171417482
0.016484195191343
0.011416089015489
0.004523926614809
-0.004006059836744
-0.013081141093718
-0.021424946405789
-0.028250898887325
-0.033167974737551
-0.035777709419744
-0.035580518311809
-0.032154492725648
-0.025447705075255
-0.015963797244668
-0.004591783337876
0.007599712573978
0.019214057612162
0.028527004927233
0.034112540686757
0.035506895238138
0.033261643972688
0.028475621403384
0.022296043699414
0.015718234786249
0.009509554193795
0.004121578673064
-0.000277305220595
-0.003719305329266
-0.006365946161367
-0.008308862544034
-0.009339158470494
-0.008985979268113
-0.006813339889225
-0.002655549460356
0.003444077619097
0.011498081331089
0.021543211644526
0.033086595269531
0.044715400602961
0.054430459699250
0.060322193501396
0.061069747790920
0.056111666022476
0.045593925866776
0.030389422811843
0.012170965258170
-0.006889235934247
-0.024744683857110
-0.039890020609171
-0.051387673065836
-0.058694515663003
-0.061618767888148
-0.060529945842467
-0.056341779346226
-0.049939058362830
-0.041572400178929
-0.030932658848515
-0.017881810516333
-0.003120057763753
0.011793634359118
0.025020103794733
0.035109989378152
0.041313065021414
0.043568095633268
0.042405843150327
0.038795322161952
0.033860442826752
0.028396243603797
0.022412991732658
0.015268760901460
0.006377292261355
-0.004282085132519
-0.016211054725109
-0.028670170336747
-0.040859953086632
-0.051825813143514
-0.060315553095871
-0.065098628222156
-0.065544326226899
-0.061761326434660
-0.054233813191086
-0.043446198238856
-0.029887624251674
-0.014397343707883
0.001708548820146
0.017093478919120
0.030952799016136
0.043083776817239
0.053586942603886
0.062527234851879
0.069661500959765
0.074409026301472
0.076097134586807
0.074126659880797
0.068064786587799
0.058018630759304
0.044983446661106
0.030549303929028
0.016199593330043
0.002895029318688
-0.008923508516196
-0.019089970761220
-0.027418330746712
-0.033752534087205
-0.038320768941956
-0.041706440749982
-0.044265891872858
-0.045713935332712
-0.045296980769833
-0.042213096830358
-0.036075025271942
-0.027281962244353
-0.016899081862571
-0.006280828211908
0.003039822490366
0.009555868408532
0.012409340725283
0.011753449359483
0.008402177430295
0.003318253627760
-0.002627374466148
-0.008665812426652
-0.014091797405484
-0.018520195428650
-0.022139612110741
-0.025330505115799
-0.027969026637735
-0.029111647401656
-0.027381305459356
-0.021851395992236
-0.012633447822173
-0.000725632661816
0.012406298410928
0.025026324592698
0.035305536396009
0.041689295156995
0.043216574148395
0.039723187083965
0.031871947177087
0.020753856876791
0.007395771584856
-0.007201870873946
-0.021699714437787
-0.034500969070673
-0.044416376447832
-0.051140481532586
-0.055011616652712
-0.056450591970190
-0.055652359525606
-0.052624309599709
-0.047344735274532
-0.039797609271661
-0.029894863010777
-0.017620636434821
-0.003451766410015
0.011368477322277
0.024978627728327
0.035463464237732
0.041564642719559
0.042947166799794
0.039889377556066
0.033047038888092
0.023586042343321
0.013086710121900
0.002950018633469
-0.006030475613169
-0.013519077190749
-0.019196469349442
-0.022394949172480
-0.022190266802776
-0.018018022511570
-0.010209257793764
0.000114814792135
0.011518276026066
0.022535919231064
0.031831381780438
0.038394740107105
0.041643279387672
0.041504268446772
0.038368627392887
0.032677141583865
0.024663715454456
0.014704058514512
0.003694014165366
-0.007137200065986
-0.016687025559208
-0.024198912433276
-0.029218593800196
-0.031428358390009
-0.030594268245680
-0.026894542626905
-0.021231143521728
-0.014966255735569
-0.009338063655105
-0.005108882636392
-0.002580548768796
-0.001730528360017
-0.002174466136000
-0.003097672921562
-0.003604302743051
-0.003312804728897
-0.002479991830446
-0.001525299370145
-0.000486167988889
0.001149003678330
0.004148412221708
0.009033325020301
0.015759674296657
0.023793842460528
0.032342218716971
0.040426975257702
0.046892974805047
0.050551506476476
0.050552890126934
0.046747159514027
0.039606994768247
0.029829749018907
0.018092494997101
0.005162182253002
-0.007875100637297
-0.019746561768585
-0.029498407448318
-0.036751834457704
-0.041421116782352
-0.043415373463162
-0.042750759636144
-0.039787159985491
-0.035187288818412
-0.029581241506692
-0.023269075545006
-0.016323634201488
-0.008977777752401
-0.001799946744685
0.004587564062531
0.009936600827009
0.014407491624425
0.018122763305672
0.020802228065945
0.021972240513714
0.021392546463536
0.019108608527489
0.015309514195791
0.010331262344791
0.004753352282183
-0.000512038473304
-0.004479791919438
-0.006797550692803
-0.008066652740907
-0.009272023626521
-0.010992569764647
-0.013100140385622
-0.015023151586622
-0.016269643939324
-0.016692601990319
-0.016295866330461
-0.014961141197638
-0.012521174734794
-0.009131389392663
-0.005442011504097
-0.002316897405778
-0.000439202967651
-0.000079717428402
-0.000978091425659
-0.002309045368280
-0.002746860894491
-0.000805945828472
0.004378293201932
0.012394465860087
0.021770691721910
0.030785753578894
0.038033396702754
0.042560909545114
0.043961279791082
0.042462374009486
0.038904631502381
0.034611151891944
0.030858161065049
0.028060552953451
0.025551524642175
0.022251764700796
0.017536531571984
0.011598340094147
0.005214947846878
-0.000725112932977
-0.005589742462342
-0.009064230493366
-0.011062912297236
-0.011885853656388
-0.012403924733840
-0.013737305900842
-0.016725916919248
-0.021769354147637
-0.028880745989989
-0.037660973114592
-0.047250621577711
-0.056275277096058
-0.062940006808905
-0.065546154032099
-0.063128062230483
-0.055665110810859
-0.043888380806681
-0.028985175746511
-0.012331131007929
0.004655547899589
0.020640446505492
0.034720004788092
0.046666925674555
0.056581697603534
0.064307492502373
0.069391491270471
0.071575784492384
0.071012850336870
0.067892833298552
0.062067036286309
0.053126802872806
0.040773582856447
0.025166684244197
0.007061916408342
-0.012320586035914
-0.031555703770609
-0.049127027041595
-0.063510327617590
-0.073599533054575
-0.079140169608393
-0.080586386503376
-0.078581516620797
-0.073580778392794
-0.065860430641932
-0.055792135016998
-0.043967896021398
-0.030941846633406
-0.016856071528251
-0.001517407820763
0.014988051116489
0.031904254643418
0.048068737433162
0.062313368897614
0.073624691170314
0.081223856608913
0.084625637884087
0.083663530105441
0.078637850994938
0.070314886951713
0.059391429291034
0.046119370791548
0.030761663495247
0.014101835184504
-0.002772335605023
-0.018979558207943
-0.034030162879991
-0.047599912304669
-0.059167066893072
-0.068025989102774
-0.073728946296398
-0.076305253325949
-0.076036691752213
-0.073141274499482
-0.067518762885725
-0.058688958283852
-0.046112993201489
-0.029747250253406
-0.010392727220496
0.010409506669953
0.030685533150633
0.048275092442365
0.061197755815414
0.068289516588474
0.069698931340653
0.066635957221347
0.060550087639795
0.052617531306316
0.043849319026721
0.035218771015666
0.027292655919789
0.019720719265398
0.011313576706948
0.000781779366394
-0.012458467789266
-0.027950509626981
-0.044447006757227
-0.060325502301043
-0.073742879692946
-0.082839442199550
-0.086386619643494
-0.084403407639881
-0.077961685692412
-0.068269348852400
-0.055973277331700
-0.041264780307542
-0.024444337722140
-0.006305846396298
0.011948249974732
0.029085564742968
0.044141700755747
0.056397111380604
0.065176971427662
0.069920137079224
0.070516252115708
0.067335739024366
0.060879813944060
0.051577194656515
0.039924339561285
0.026748147394262
0.013235043902914
0.000529007827315
-0.010659902355021
-0.019919923837903
-0.026811096092574
-0.030941522862720
-0.032356649215012
-0.031689620473243
-0.029706449629017
-0.026565722803110
-0.021689132258587
-0.014500570004319
-0.005193617855718
0.005171771877182
0.015147955704733
0.023542031381622
0.029860893586350
0.034300976906893
0.037313015311170
0.039220744157210
0.040151069727064
0.039967919497042
0.038192040938393
0.034245497932096
0.027904898092257
0.019520251489224
0.009819702265206
-0.000536320466640
-0.011166795725348
-0.021666024437162
-0.031386804198683
-0.039786176385652
-0.046786994868679
-0.052633438286485
-0.057343795771771
-0.060229144634668
-0.060104982503994
-0.056209872640455
-0.048868096004709
-0.039209821850062
-0.028484441566266
-0.017659727689570
-0.007395097112261
0.001719992301881
0.009100444028191
0.014461513456905
0.017824996992613
0.019194630004862
0.018588895874495
0.016318046902252
0.012997990513175
0.009242408800563
0.005249660025599
0.000669802808876
-0.004980865643379
-0.011589448199101
-0.018077950796689
-0.022829234204341
-0.024503702010838
-0.022563704460751
-0.017318262518388
-0.009759140451462
-0.001358008280338
0.006306844542426
0.012047979616364
0.015378282608309
0.016506119679063
0.016108260970271
0.014986212760258
0.013846855308358
0.013427214520173
0.014563302263093
0.017718678135371
0.022493604962991
0.027791385690719
0.032397512369493
0.035466704418109
0.036605312706559
0.035572290763046
0.032137231604226
0.026341759876893
0.018781390321953
0.010568849088599
0.002938720017440
-0.003234862389419
-0.007582908887207
-0.010113353209435
-0.011271280426680
-0.012055282546454
-0.013644805721974
-0.016646224558108
-0.020591287381693
-0.024080775891073
-0.025413004347692
-0.023209607568195
-0.016754212042344
-0.006118691138570
0.007720010592534
0.022833354102368
0.036709596848101
0.047031027058664
0.052420495510132
0.052723450877311
0.048630966504743
0.041042759092537
0.030859579718474
0.019176357004060
0.007249816164631
-0.003866877858689
-0.013524920716420
-0.021325597698890
-0.026872055300201
-0.029739617517750
-0.029860791013252
-0.027955450180646
-0.025280978754080
-0.022857486339719
-0.021068134574575
-0.019858372799469
-0.019083049437019
-0.018646527585567
-0.018284238719917
-0.017344623107484
-0.015057055166523
-0.010966775118205
-0.005064208466271
0.002313385709631
0.010607012721803
0.019045429290749
0.026543635021021
0.031773480894213
0.033654260171350
0.031977589886136
0.027466808995512
0.021198466139219
0.014139762610350
0.007211691835206
0.001468762370649
-0.002205307585877
-0.003783954812185
-0.004311756257067
-0.005259874496265
-0.007598292004980
-0.011345889922910
-0.015858870291916
-0.020328415508201
-0.023836760708045
-0.025306090675871
-0.023924411063944
-0.019633601796043
-0.013111969117466
-0.005413402437476
0.002394976838726
0.009410397796000
0.014819833793650
0.017822066997414
0.017891885504087
0.015221582210521
0.010815453648523
0.006059013086910
0.002059128379627
-0.000831281268670
-0.003011831294358
-0.005222157957422
-0.008145584636708
-0.012213509318984
-0.017422108075532
-0.023167507403180
-0.028344130455060
-0.031790310772176
-0.032788567447438
-0.031169060908934
-0.026994183745686
-0.020333926828150
-0.011441231027328
-0.001053136676373
0.009555808798756
0.019001176681123
0.026545847233861
0.032340348870616
0.036821218765097
0.040160058212599
0.042254420608712
0.042840994293681
0.041534794447727
0.037913093840532
0.031666530113895
0.022799941706824
0.011756765186214
-0.000719522430340
-0.013917673284978
-0.027367497249018
-0.040620733278022
-0.052794741491831
-0.062621794018760
-0.069141045957043
-0.072131252683665
-0.071770200169425
-0.068142979069228
-0.061215899646680
-0.051123047524735
-0.038473927754262
-0.024481119449497
-0.010600922055831
0.002108959977302
0.013232327223169
0.022720473841826
0.030560894054191
0.036705369489021
0.041142437045721
0.043799113988047
0.044377066720131
0.042573955123255
0.038585906206484
0.033189107187695
0.027221216205323
0.021102624815521
0.014844281804129
0.008459750623519
0.002349123827178
-0.002899829947597
-0.007050297234810
-0.010355527558053
-0.013219648032679
-0.015803607600346
-0.017994017923610
-0.019719505081245
-0.021150040896006
-0.022553998008071
-0.024032186237802
-0.025463324052777
-0.026617837249655
-0.027108036728064
-0.026297122996183
-0.023503980380927
-0.018351915203869
-0.010920030991129
-0.001643520144656
0.008952090287345
0.020498561476199
0.032683690671397
0.044822055595571
0.055581223831127
0.063259405029337
0.066558416301612
0.065208570942289
0.059816870063033
0.051319799305305
0.040821919001112
0.029638453456031
0.018973343314386
0.009446429421287
0.000986169306317
-0.006787719779889
-0.013968192796357
-0.020115759848717
-0.024665203359950
-0.027558343574943
-0.029315255684199
-0.030364001926286
-0.030546414261736
-0.029464690591074
-0.026989252332016
-0.023283145374217
-0.018589578166378
-0.013064100543694
-0.006839134198979
-0.000364501113010
0.005531064004798
0.010163073794925
0.013374779602576
0.015284107508653
0.015975215406080
0.015473082819373
0.013836392398258
0.011472295091700
0.009223073789464
0.007743052457889
0.007074610831586
0.007081184174316
0.007867553007841
0.009502126048872
0.011515369679321
0.012802519106929
0.012086927531381
0.008685569582762
0.002883749845151
-0.004439391193696
-0.012324744030105
-0.019859536515286
-0.026190945517186
-0.030696458087814
-0.033176882528928
-0.033894564631913
-0.033325912337404
-0.031801088858468
-0.029555552944774
-0.027066398884850
-0.024938011377294
-0.023404749135761
-0.022120487082631
-0.020441722159926
-0.017944281808346
-0.014741684557223
-0.011271205564255
-0.007664890142369
-0.003388285550891
0.002362700279572
0.009969622056707
0.019088750627673
0.028798882584265
0.037929573537950
0.045388462926626
0.050339670615296
0.052270598060678
0.051184097206754
0.047624257799944
0.042152264116392
0.034899751100714
0.025888632450918
0.015658482912402
0.005332684353288
-0.003948035200648
-0.011537128141399
-0.017267185677210
-0.021078540094770
-0.022736057031978
-0.021899093224486
-0.018458916866455
-0.012801590034266
-0.005586174205943
0.002784341828938
0.012179367136471
0.022188463141524
0.031892460773167
0.040302260749140
0.046906197243331
0.051731198621307
0.054916660759497
0.056346025592101
0.055799128352780
0.053309045341778
0.048982817012622
0.042434783741986
0.032772742232934
0.019393522410220
0.002851949551018
-0.015001758032940
-0.031708852880962
-0.045179674488290
-0.054369795764039
-0.059322500054358
-0.060821553280108
-0.060085118781823
-0.058344831768934
-0.056281277408893
-0.053854662404354
-0.050665486103819
-0.046446973090716
-0.041298134264337
-0.035484704010886
-0.029040050463900
-0.021697528137609
-0.013382611817776
-0.004687514277354
0.003338563239396
0.009815548070137
0.014476356161745
0.017705677196647
0.020066181434299
0.021737370989319
0.022585015009590
0.022490405887658
0.021299630499250
0.018768317620150
0.014742999235393
0.009270722624511
0.002627996229846
-0.004718889736956
-0.012342919420626
-0.019978769950494
-0.027244387631419
-0.033397320043134
-0.037618474591474
-0.039535548905058
-0.039393730840485
-0.037681896677099
-0.034593864909358
-0.029910996466523
-0.023430885820246
-0.015431986087888
-0.006629420050909
0.002207019518545
0.010459381551150
0.017630287490109
0.023313237879753
0.027346803328863
0.029924268259014
0.031241383713129
0.030999247863879
0.028475295813122
0.023135486081466
0.015184707717105
0.005711540892028
-0.003632312050261
-0.011313130648163
-0.016428085281598
-0.018652092363297
-0.018018017719280
-0.014925904581748
-0.010135904127328
-0.004485334610284
0.001489710110197
0.007595860415162
0.013605531761363
0.019024329941766
0.023382187084411
0.026620817032420
0.029077884911408
0.031105282002996
0.032626146745404
0.033090841157611
0.032019042407130
0.029512161648676
0.026103171138872
0.022151404783631
0.017500953134937
0.011778974494445
0.004918422169174
-0.002729435867330
-0.010740887227894
-0.018900550136606
-0.027005341528626
-0.034541768590939
-0.040830967612143
-0.045368410208149
-0.047816754857077
-0.047895906417579
-0.045467945361443
-0.040661401354147
-0.034026992939392
-0.026613885388004
-0.019557916122565
-0.013522440546969
-0.008726172933212
-0.005287112595117
-0.003341278886382
-0.002929234871300
-0.003739093149289
-0.005060290125145
-0.006171684662953
-0.006682161202575
-0.006513375620178
-0.005753560411234
-0.004516343155103
-0.002848264466601
-0.000767025627988
0.001695939422835
0.004538288768674
0.007748015148443
0.011165724790075
0.014445789369510
0.017191263488474
0.019152209139490
0.020261131531809
0.020410982805905
0.019252264065879
0.016339817240001
0.011545011529974
0.005288455815436
-0.001573272791254
-0.007985246072577
-0.012954628663553
-0.015686804180660
-0.015559344303574
-0.012315552636913
-0.006414837298916
0.001025803634012
0.008704897972670
0.015483263049558
0.020383016088724
0.022546697851030
0.021447324237489
0.017241126554683
0.010893394481707
0.003831052935745
-0.002650899970083
-0.007717316773284
-0.010893390834193
-0.011776551924269
-0.009873016154828
-0.004857671419966
0.002955940569173
0.012651847364961
0.023224642378031
0.033821144532114
0.043619325030772
0.051770669579680
0.057438232658818
0.059824707955001
0.058316941914339
0.052711792016825
0.043281571046016
0.030769192862567
0.016470343451599
0.002008348012883
-0.011318622359595
-0.022857081296917
-0.032239991460438
-0.038933382873389
-0.042199435131443
-0.041538010512093
-0.037249647071649
-0.030506900557089
-0.022835074278554
-0.015592832821399
-0.009801995404376
-0.006097492177185
-0.004605280666665
-0.004787992090282
-0.005531098471849
-0.005785733801664
-0.005290976091985
-0.004548403028013
-0.004179178997153
-0.004411574177183
-0.005084580634619
-0.005909314825013
-0.006524522942988
-0.006314756624388
-0.004353395493813
0.000161744226778
0.007218906687906
0.015807937251633
0.024350024260699
0.031268490964592
0.035443128034876
0.036303416629564
0.033604099091756
0.027477222988972
0.018705316339422
0.008484448986992
-0.002161901164291
-0.012566674282571
-0.022144398818365
-0.030170022371647
-0.036007944166976
-0.039542693741361
-0.041243434453156
-0.041749224564428
-0.041279769211251
-0.039384328144436
-0.035336429807557
-0.028757518705742
-0.019814571132305
-0.008994444548500
0.003016809568225
0.015199945937364
0.026159402667414
0.034431388063658
0.039014156709492
0.039692733115978
0.036939878813961
0.031612488774617
0.024732072419522
0.017444189403611
0.010953197236149
0.006242377575339
0.003806458507709
0.003708146930904
0.005920113758764
0.010487626953009
0.017198873867340
0.025176644389033
0.032937983695909
0.038928660338445
0.042056844670140
0.041798008865972
0.037997373535845
0.030794434824274
0.020755213952077
0.008899429349465
-0.003547261987705
-0.015494484238423
-0.026184707701709
-0.035162055581116
-0.042085093485432
-0.046593685699033
-0.048399933909625
-0.047457682911312
-0.043954914290020
-0.038159958437415
-0.030431823380648
-0.021496765675636
-0.012517751683212
-0.004632300507242
0.001542675367830
0.005921014876385
0.008667278267335
0.009931693345401
0.009728057880113
0.008181637447022
0.005828737833509
0.003327848887403
0.001014013119641
-0.001030888138537
-0.002769983657439
-0.004198369663927
-0.005352011796543
-0.006353020719267
-0.007355761292973
-0.008241476549426
-0.008557717089100
-0.008024511040296
-0.006936662493605
-0.005840280046767
-0.004907058114889
-0.003773332177182
-0.001978835528895
0.000552262477284
0.003537058619722
0.006690393942139
0.009833297392630
0.012706466879579
0.014907895203169
0.016041592148565
0.015886081882791
0.014439544195875
0.011761955092767
0.007793884123555
0.002469627335941
-0.003845269389845
-0.010079043628001
-0.014846670359932
-0.017200363861823
-0.016960239415803
-0.014383104183106
-0.009660159044733
-0.002821697648584
0.005981160438308
0.016224714692766
0.027011039920424
0.037281650636026
0.045944114398646
0.051779044525679
0.053454365429176
0.049915109567689
0.040993582463077
0.027617554732485
0.011335481241205
-0.006209389331506
-0.023371748069312
-0.038478735047260
-0.050195755728317
-0.058121832612965
-0.062859966255981
-0.065373012725126
-0.066154013808354
-0.064855395230172
-0.060767857056765
-0.053651261526633
-0.044056799113690
-0.033066487282432
-0.021834867704428
-0.011208992225974
-0.001598336975791
0.006926671134442
0.014454635515137
0.020969991474539
0.026090018596262
0.029177608447449
0.029831834486933
0.028211653889504
0.024849163027675
0.020180080502765
0.014273317976538
0.007014622222111
-0.001394930344963
-0.010139220946047
-0.018125681187375
-0.024601289321078
-0.029366597103019
-0.032565677029246
-0.034410736109293
-0.035071375205837
-0.034835792078417
-0.034322320223781
-0.034241890362014
-0.034811236060691
-0.035595058373328
-0.035909816218168
-0.035149792628727
-0.032756961985871
-0.028119830412919
-0.020738665082867
-0.010581368659633
0.001741642149331
0.015145203827557
0.028470658383613
0.040821218906381
0.051519203096576
0.059823371882162
0.064943525932984
0.066420230569494
0.064335080036118
0.059187315141052
0.051652973756841
0.042362816255538
0.031981070916098
0.021448226224891
0.011734900921845
0.003280522108899
-0.004120882483109
-0.010905107114501
-0.017271940140125
-0.023085144607431
-0.028081065751797
-0.031972293665793
-0.034312082361183
-0.034384076339298
-0.031439544391109
-0.025284851320440
-0.016664876221207
-0.006988195408576
0.002221527670229
0.009626332544518
0.014195354539679
0.015474064080190
0.014000771015037
0.011205236267539
0.008585203314985
0.007064777749198
0.006926323124530
0.008058055661992
0.010336715407935
0.013578707330772
0.017006086129750
0.019126825556972
0.018381830540166
0.013992980389008
0.006326205860377
-0.003439181161080
-0.013917368451203
-0.023801971354278
-0.031737013551744
-0.036357406054346
-0.036792061663038
-0.033010597248264
-0.025630275084490
-0.015643747219990
-0.004375100857322
0.006523577062057
0.015355642843261
0.021079511100815
0.023849011367850
0.024822671448932
0.025553635103067
0.027284621540574
0.030421582075974
0.034679149159758
0.039488958858874
0.043996592329653
0.047033870356921
0.047409103900831
0.044248073938108
0.037337959820020
0.027351258461541
0.015598948392851
0.003565326136463
-0.007329206475616
-0.015943542953241
-0.021706245216790
-0.024646658100103
-0.025241152943440
-0.024270494965118
-0.022556330032669
-0.020747355126066
-0.019459417445535
-0.019339042352890
-0.020549239115257
-0.022352635611149
-0.023571325521978
-0.023312930961344
-0.021205852844631
-0.017235935496396
-0.011443415111900
-0.003920537340387
0.004768874507853
0.013454292803555
0.020763558142671
0.025628071290486
0.027599235185504
0.026784721781064
0.023648342788498
0.019221445792706
0.015283107639161
0.013659795504070
0.015184572190471
0.019451731218128
0.025238988289367
0.031010184658314
0.035425188257071
0.037396580033709
0.035712464972021
0.029379704068067
0.018481146728252
0.004218191071888
-0.011620047120364
-0.027031495006153
-0.040207631974762
-0.049831646005057
-0.055022923788343
-0.055388597804976
-0.051201171392437
-0.043215620445071
-0.032320226426235
-0.019413503763555
-0.005510872750287
0.008063315080027
0.019817327863375
0.028736180642470
0.034751795330419
0.038406576195380
0.040159538088686
0.040224974656973
0.038859061690500
0.036409584240128
0.033094131568916
0.028764443829286
0.022844936454312
0.014805411861712
0.004861839759920
-0.005937471330685
-0.016223331938802
-0.024808000222703
-0.030900574800571
-0.034158152859976
-0.034779183544250
-0.033570011260616
-0.031701482127738
-0.029997113412212
-0.028322981471098
-0.025964216609239
-0.022540181644481
-0.018304588199437
-0.013837256447678
-0.009712943877885
-0.006344689920150
-0.004055006097271
-0.003235666999898
-0.004306524556230
-0.007461699662040
-0.012428366595611
-0.018453667136223
-0.024583713844054
-0.030032092593214
-0.034355789871723
-0.037433964066225
-0.039413354499152
-0.040508313051855
-0.040551335272504
-0.038740059762799
-0.033985472032978
-0.025592166827985
-0.013763391510802
0.000413450664809
0.015511172215931
0.030342359151075
0.044091866341297
0.056091918503475
0.065632799500287
0.072027278462598
0.074778368442652
0.073583092498260
0.068236163366231
0.058710957500264
0.045439159747319
0.029417309939753
0.011851729412525
-0.006290745047277
-0.024288502779129
-0.041284406993468
-0.055958275647446
-0.066677359020842
-0.072114786861569
-0.071652635446339
-0.065208545425246
-0.053029281664223
-0.035873045404747
-0.015314844591455
0.006292322976724
0.026377248832426
0.042891836127341
0.054669262924933
0.061315358984581
0.063084356402119
0.060884504416056
0.056050883984500
0.049820064368553
0.042872913169945
0.035158112860647
0.026158949858521
0.015580909598171
0.003714096111487
-0.008933303296749
-0.022015757567947
-0.035187933548331
-0.047675114365607
-0.058140703997832
-0.065083123561530
-0.067372517405996
-0.064532932166257
-0.056831492630593
-0.045210899137025
-0.031027095455443
-0.015788771334443
-0.000946679087986
0.012443532284699
0.023944060225137
0.033465897781010
0.040847347965634
0.045806040392951
0.048142652671511
0.047857404508939
0.045095301954458
0.040004388851760
0.032676138680495
0.023349203184419
0.012723867061834
0.001839466145867
-0.008485068453120
-0.017920403964850
-0.026315206251315
-0.033248283014761
-0.037994984797118
-0.040005883101057
-0.039308368802189
-0.036266605834972
-0.031068319832428
-0.023667560170639
-0.014168905365208
-0.003136497345933
0.008435943086275
0.019366604572700
0.028456819435681
0.034586069227655
0.036965967866201
0.035476368782256
0.030755133917677
0.023967420772621
0.016393423187180
0.009002658306093
0.002317272676813
-0.003363335418572
-0.007754288903276
-0.010638521200722
-0.012079726365903
-0.012486016841192
-0.012369078330235
-0.012139617418239
-0.012139272628637
-0.012683728679584
-0.013982260740855
-0.015927737372466
-0.017836093413155
-0.018507200364156
-0.016902688852419
-0.012810673311455
-0.006674999174346
0.000869120213031
0.008899823377079
0.016011029287903
0.020678959273830
0.021846707644346
0.019220972077182
0.013311979476799
0.005237654696021
-0.003666344979355
-0.011999703955487
-0.018250679514196
-0.021231530562289
-0.020809728401131
-0.017919029559126
-0.013714114578009
-0.008775489393617
-0.003146873361397
0.002972017865781
0.008842189492709
0.013587050089589
0.016844547502611
0.019028568328778
0.021017406578826
0.023545357377234
0.026776328873044
0.030210466898826
0.032798284150957
0.033274797321794
0.030721760290592
0.025074122774847
0.017219441015564
0.008625650254499
0.000660550968845
-0.006045468612058
-0.011661283338300
-0.016597459665599
-0.021027275127004
-0.024985252068294
-0.028714616204593
-0.032622161617144
-0.036832912252468
-0.040924358773425
-0.044123395365359
-0.045823522757797
-0.045982921320396
-0.044882157312305
-0.042499142261730
-0.038361803939892
-0.032012746377870
-0.023404365680129
-0.012920538534419
-0.001359204352497
0.010071864285495
0.019998005643848
0.027260718893219
0.031264941272712
0.032147532471564
0.030540926411434
0.027079374412183
0.022115751078139
0.015949299611061
0.009179360554736
0.002473784398655
-0.003976675924235
-0.010519097095995
-0.017518196323437
-0.024718693213198
-0.031110439932880
-0.035416804652683
-0.036599076400630
-0.034018544331583
-0.027427394979735
-0.017045472817949
-0.003892198980109
0.010091037430702
0.022810719799332
0.033024528401780
0.040359949922247
0.044653502372839
0.045718130880428
0.043645152562765
0.039038319821179
0.032859530509970
0.026014652569335
0.019019086243255
0.012067652461168
0.005550812637434
0.000356247714097
-0.002566907594722
-0.002813882086293
-0.000747234838176
0.002696057552182
0.006508549876157
0.009889147348729
0.012053998683949
0.012353227562488
0.010920897083464
0.008720276572976
0.006667975351169
0.004995515729122
0.003307949281709
0.001004706385995
-0.002055391384017
-0.005247138531172
-0.007724591593646
-0.009009380175825
-0.009007253656486
-0.007875888647120
-0.005954392253766
-0.003765202766851
-0.002076546498603
-0.001591342342176
-0.002403635408450
-0.004038936183495
-0.005939989859890
-0.007639756120858
-0.008687941306596
-0.008697438412259
-0.007512048681283
-0.005504720162447
-0.003712676714606
-0.003245736668028
-0.004388597528093
-0.006508361048804
-0.008785999273614
-0.010826387555280
-0.012593527850761
-0.013888356445880
-0.014129412526044
-0.012763158277978
-0.009681308204546
-0.005266457944824
-0.000337427103605
0.003991702834133
0.006714545412103
0.007284059394643
0.005669777976901
0.002475129990287
-0.001016112417833
-0.003408935212578
-0.003881025973475
-0.002148805942579
0.001980065104248
0.008674078541055
0.017638454797013
0.027657240452845
0.036703939070397
0.042762559144168
0.044685788572956
0.042384194608396
0.036525763970385
0.028233016194315
0.018849572129474
0.009661537677301
0.001560936556296
-0.005136714996813
-0.010491665360503
-0.014551435321326
-0.017214624735170
-0.018500193412697
-0.018799300384355
-0.018647694191323
-0.018234317429393
-0.017030025248388
-0.013844397127985
-0.007610068281718
0.001767292841268
0.013459022076370
0.026224227245381
0.038637555394299
0.049213724742274
0.056523751897428
0.059330756780856
0.057004532550264
0.049760608766145
0.038285881004272
0.023398498808677
0.006217260672610
-0.011674334125550
-0.028590374434640
-0.043349948300911
-0.055476831283562
-0.064828514608592
-0.071093746728584
-0.073846304598238
-0.073240937610858
-0.070371286955304
-0.066724368699975
-0.063308958135049
-0.060114200858775
-0.056288495581478
-0.050831967651748
-0.042995412751418
-0.032269175422985
-0.018559352429168
-0.002513236246831
0.014534768860620
0.030909712664067
0.045038632796706
0.055970868627566
0.063379021950676
0.067028600457524
0.066748321608659
0.062910979788723
0.056437600053082
0.048321972979478
0.039351808966355
0.030035420672064
0.020749218842129
0.012168746243664
0.005169327220269
0.000164207407150
-0.002988684107061
-0.004577197340033
-0.004837154744176
-0.003897487980056
-0.001889664876519
0.000721997611556
0.003116353281187
0.004512711923155
0.004357809931402
0.002173242166055
-0.002412704159101
-0.009332969538124
-0.017849558328171
-0.026687656582789
-0.034515970627331
-0.040432050561339
-0.043901438109019
-0.044333747226566
-0.041132868456044
-0.034257502195522
-0.024575226776539
-0.013621889389984
-0.002927558566368
0.006519942743621
0.014198475466818
0.019670339578927
0.022564770820667
0.022858723611001
0.020905048679485
0.017249732201095
0.012468759930228
0.007003004384122
0.001262068823941
-0.004098938529489
-0.008365233220974
-0.011252700066042
-0.013024933743729
-0.014137459746311
-0.014800926191219
-0.014953553549755
-0.014649592689028
-0.014182416502648
-0.013663832178123
-0.012717221187167
-0.010781728399999
-0.007588481560054
-0.003223578370868
0.002091012748369
0.008110339834623
0.014478797948157
0.020612346695010
0.025813314774180
0.029643889182680
0.032253193704267
0.034231639062717
0.036091331109463
0.038015027923244
0.039937725814503
0.041561500286596
0.042271485382752
0.041138621907198
0.037206007354188
0.030039585825290
0.020173000728177
0.009074413515040
-0.001411929731621
-0.009767397639383
-0.015153800195280
-0.017297964644374
-0.016296889502898
-0.012731052533194
-0.007767928162440
-0.002797936157208
0.001105051312316
0.003338410047381
0.003512534767854
0.001189369470118
-0.004042159619754
-0.012189181598002
-0.022541530678068
-0.033708752716638
-0.044033105988471
-0.052151694185389
-0.057178000404116
-0.058530040545506
-0.056148585528924
-0.050829999452362
-0.043770820507890
-0.035754736261672
-0.026881178683036
-0.016866899862079
-0.005590783838756
0.006456932341575
0.018262691515591
0.028845792687309
0.037514876368965
0.043716185359858
0.047112329886780
0.047843916355453
0.046464190119908
0.043568513948440
0.039512309013172
0.034347095859019
0.027968273256264
0.020549946987400
0.012840175697203
0.005828772070137
0.000218376847446
-0.003802596525947
-0.006571366577337
-0.008709934789376
-0.010800705997343
-0.013399361220974
-0.016924330483312
-0.021165312854915
-0.025352385205942
-0.028814264603886
-0.031177729381329
-0.032114720285341
-0.031185515142304
-0.027822993233222
-0.021697262421411
-0.013372572590755
-0.004227276340718
0.004427569430467
0.011804466979917
0.017507261459659
0.021444368936195
0.023717679287748
0.024541029777652
0.024294811690884
0.023230582943287
0.021128766986912
0.017662976928134
0.012938524940206
0.007477890068882
0.001892263556632
-0.003416972119900
-0.008310876364463
-0.012516894240593
-0.015315160554014
-0.016017590858294
-0.014693390842624
-0.012212543189780
-0.009672191177711
-0.007690618222498
-0.006102183806845
-0.004577962964683
-0.003465598144032
-0.003509935217979
-0.005070633548209
-0.008117806619476
-0.012435381562513
-0.017567598293675
-0.022985379947049
-0.028157043806254
-0.032408468495855
-0.035156327632324
-0.036059201460678
-0.034596016815844
-0.030034092218115
-0.022097949530279
-0.011408786822776
0.000421505886085
0.011112393265775
0.018882345579281
0.023337980349534
0.025027609208528
0.024684062846649
0.023030578016909
0.020793909429724
0.018713866790850
0.017395965892963
0.016840265715687
0.016348830619077
0.015253488574323
0.013419481970642
0.010920623337448
0.007701185139834
0.003630388579874
-0.001311948457773
-0.006843090597587
-0.012473438008813
-0.017887301296178
-0.022948646165542
-0.027350272571143
-0.030598563209447
-0.032295324961728
-0.032359414698808
-0.031132332754895
-0.029155192831213
-0.026672529955020
-0.023523152668822
-0.019604067870175
-0.015155786966006
-0.010472542423017
-0.005670139120879
-0.000864948329786
0.003675824360428
0.007570148849696
0.010485315068277
0.012463966666064
0.013939371709120
0.015258410178060
0.016545536467565
0.018098495832800
0.020472131284310
0.024194831860426
0.029487483272200
0.035890667042931
0.042327185583365
0.047902193914116
0.052347486207350
0.055673195942042
0.057792156654167
0.058311361822186
0.056512075843797
0.051813186555323
0.044167549811670
0.033809360657780
0.021112677287475
0.007029130332192
-0.006930661029713
-0.019385860853846
-0.029377179708803
-0.036362304985865
-0.040346275279886
-0.041632234364068
-0.040563274282585
-0.037869183833344
-0.034682078839640
-0.031800421441859
-0.029360848024918
-0.027205634257483
-0.025101623190684
-0.022733121187594
-0.019703474030178
-0.015477783886198
-0.009650690828852
-0.002427238886710
0.005531412407855
0.013578126701343
0.021078764826706
0.027350570664259
0.031856530183436
0.034345985670536
0.035143425421577
0.035373979175789
0.036222027337755
0.037804946584991
0.039121299289134
0.038853876177611
0.036020384926601
0.030410751897564
0.022738458076860
0.014271250069204
0.006494004108382
0.000892193559373
-0.001718732591704
-0.001719973050360
-0.000333980449497
0.001022271075734
0.001273651067452
0.000093478560716
-0.002261404647504
-0.005429741761751
-0.009035811793263
-0.012577775551023
-0.015523599370218
-0.017499186825718
-0.018394628324826
-0.018289654386318
-0.017054353679687
-0.014043565092857
-0.008543129401951
-0.000489142068930
0.009323684457963
0.019386370696916
0.027915674074038
0.033578507002357
0.035754537397554
0.034317069847322
0.029776203684958
0.023392602662346
0.016456048583196
0.009513349672482
0.002386802578646
-0.005295318107168
-0.013407283063251
-0.021022473028608
-0.027006426352975
-0.030898779210123
-0.033100180260298
-0.034405481988440
-0.035649857750961
-0.037620910450195
-0.040778097675566
-0.044770861304949
-0.048328207799069
-0.049889891951642
-0.048577244708961
-0.044643486723013
-0.039103387686137
-0.033145927593349
-0.027752655854910
-0.023441321728596
-0.020240364433353
-0.017784962457304
-0.015292205185780
-0.011842246812271
-0.007068407718861
-0.001354650322303
0.004725176241020
0.010898313252250
0.017168375211125
0.023477662411281
0.029344951463701
0.033805848118999
0.035787064600090
0.034586529402736
0.030088805613991
0.022746612069735
0.013527381714973
0.003799748914673
-0.005010127323883
-0.011890353219896
-0.016526730325369
-0.019166967183078
-0.020106756261692
-0.019393767836230
-0.017114628057668
-0.013722286260772
-0.009958589115830
-0.006485307093549
-0.003564912128731
-0.001156084668706
0.000749744419482
0.002100993856596
0.003061210436898
0.004063851948462
0.005466601740073
0.007166718489975
0.008570568535838
0.008950168593105
0.007837048289981
0.005112880308455
0.000790210481560
-0.005170767977813
-0.012610872680336
-0.020756154436577
-0.028260093532410
-0.033652628275591
-0.035864276687602
-0.034607261233263
-0.030268321456747
-0.023538455950855
-0.015340528791708
-0.006766712616530
0.001284381225542
0.008276589720475
0.013778590002242
0.017190795683467
0.017818861992020
0.015256111639349
0.009752008543291
0.002269387956830
-0.005918644835144
-0.013767480778467
-0.020487648679957
-0.025271109116405
-0.027395049151339
-0.026550301003776
-0.023074847299321
-0.017999630993225
-0.012562926185070
-0.007491579169886
-0.002860791952939
0.001640369297424
0.006485049499576
0.011998401494957
0.018108729138793
0.024340880087864
0.029830625114915
0.033478269309453
0.034523670583542
0.033052001530125
0.029737728212520
0.025304062563679
0.020508494853950
0.016229105695011
0.013138836041871
0.011453090532793
0.011025159792805
0.011498942175947
0.012477537495337
0.013699685237294
0.014926651784130
0.015635121597763
0.015087999225237
0.012885083339996
0.009343723273974
0.005155924506116
0.000778331511800
-0.003670520416785
-0.008142912894961
-0.012472836841448
-0.016390530075124
-0.019747275486535
-0.022664470907634
-0.025321051536830
-0.027560693242530
-0.028782144845956
-0.028422160923041
-0.026610120182163
-0.024114701823127
-0.021616946086851
-0.019253706067885
-0.016742306134533
-0.013675861735591
-0.009831681112399
-0.005312059449605
-0.000262159863934
0.005282641911373
0.011052302467745
0.016527209785761
0.021432470897221
0.025805822659643
0.029568464642847
0.032313731532446
0.033439871746819
0.032429138787190
0.029168310679555
0.023944535715503
0.016977044619823
0.008269644530621
-0.001703977015763
-0.011520219460258
-0.019391006938147
-0.024062845404161
-0.025311741943537
-0.023925799163320
-0.021056146132496
-0.017560285341809
-0.013988043204691
-0.010623746236209
-0.007357590989352
-0.003967351143396
-0.000529658444677
0.002482804276084
0.004302781637050
0.004387460541302
0.003070264643719
0.001398760911050
0.000460712453552
0.001105940026277
0.003771731371060
0.008191755821842
0.013579705451952
0.019069057977795
0.023812168736063
0.027058399521482
0.028477970455363
0.028198061882847
0.026349621649277
0.022856878520050
0.017803617446429
0.011766421877369
0.005680385688883
0.000380364255849
-0.003875564630111
-0.007511099166189
-0.011079159526467
-0.014672142379234
-0.018106591080104
-0.021280983944796
-0.023939659757647
-0.025379281429227
-0.024663528860915
-0.021124432998080
-0.014884671444851
-0.007046875724044
0.000904754162973
0.007957736020154
0.013789927297675
0.018548563814091
0.022711230585106
0.027064001823552
0.032588902584135
0.040062287295683
0.049564489427932
0.060406128700876
0.071563412721960
0.082010145464627
0.090624991243499
0.096191871200137
0.097622836619988
0.094199460829737
0.085943242198766
0.073691303664985
0.058570711906491
0.041624546541338
0.023980677360196
0.006953718704361
-0.008197403771691
-0.020459643195219
-0.029201584116021
-0.034451494677142
-0.036887270094701
-0.037432313834660
-0.036983771961791
-0.036188694611932
-0.034985613846776
-0.032496357339470
-0.027763390322323
-0.020589998456035
-0.011724977805275
-0.002584927967938
0.005364340833263
0.011276100990167
0.015011107569804
0.016870878406840
0.017443155560029
0.017428355181018
0.017297218426144
0.016932420256141
0.015574521912006
0.012176008885547
0.005973688372093
-0.002981271241213
-0.013754045896605
-0.024988733935377
-0.035268512144877
-0.043152601222056
-0.047402427185800
-0.047460067457711
-0.043712681389934
-0.037305160082041
-0.029616073097492
-0.021838705054610
-0.014958695588182
-0.009645702611141
-0.005773531716449
-0.002272049956967
0.002265983701702
0.008606033201963
0.016005530120772
0.022118544541552
0.024266231415767
0.021406072830675
0.014998878391893
0.008114521840015
0.003888972204426
0.004220967607772
0.009045834440483
0.016511180587074
0.023728409982771
0.027671952941105
0.026269195209712
0.019304922189689
0.008408034329187
-0.003777500215241
-0.014351561237247
-0.020670782426971
-0.021129212605150
-0.015844313103828
-0.006563288796433
0.003929558066761
0.012715108569864
0.018037345036306
0.020096149925711
0.020572275895454
0.021417394040918
0.023860057921358
0.028215634179638
0.034167435869673
0.040887286443589
0.047142137528584
0.051690674816420
0.053893244538795
0.054077883182447
0.053143568028420
0.051749391589373
0.049818007290984
0.046596575146007
0.041242700916895
0.033431687841813
0.023360417783474
0.011373758499024
-0.002155208052695
-0.016635035907879
-0.031128581027098
-0.044445798772710
-0.055410256373436
-0.063222130741584
-0.067816735322002
-0.070170344348043
-0.072227775713295
-0.076018424798747
-0.082294123874723
-0.089814718194693
-0.095995010237039
-0.098282604530028
-0.095287501556367
-0.087254801993369
-0.075715841101336
-0.062646870008392
-0.049803239196803
-0.038338422993526
-0.028528954377765
-0.019825137557934
-0.011387259792739
-0.002771500182091
0.005705748527673
0.013174105855059
0.018726807867720
0.021884595794182
0.022950838544995
0.023022561519546
0.023569317514048
0.025899850298922
0.030518025975873
0.036485075351782
0.041472354286228
0.042740652113643
0.038320073651785
0.027744857917206
0.012330320919908
-0.005340946210361
-0.022666219642794
-0.037736749650782
-0.049331743571943
-0.057175788679158
-0.062171857179162
-0.065786074546940
-0.069012896529157
-0.072005811743099
-0.074601384463297
-0.076905605268592
-0.079304316157541
-0.081924082278354
-0.083975106916622
-0.083777290096280
-0.079517883472073
-0.069786750351864
-0.053706839887089
-0.031237502760152
-0.003530516805900
0.027129830657906
0.057737321641866
0.085214768341296
0.107325697037899
0.123247747884079
0.133162581713953
0.137404295730429
0.136237052052292
0.130254178967597
0.120481462775587
0.107891102533243
0.092829264667928
0.074910105438813
0.053526557617556
0.028273308359281
-0.001215667093860
-0.035177636524086
-0.072858088399302
-0.111725226027327
-0.147589033716886
-0.175696009867283
-0.192276123012327
-0.195544753367294
-0.185710217347287
-0.164660955631536
-0.135693191982754
-0.102699259748729
-0.068882149666631
-0.036083962660029
-0.005148728339050
0.023307251582124
0.048317385710972
0.068668413051744
0.083653014460528
0.093377021044765
0.098233936338411
0.098482947737609
0.094163402166925
0.084988985424673
0.070593280947643
0.051083017153359
0.027060209644632
-0.000760230667259
-0.031509858684021
-0.063828067603511
-0.095868756687414
-0.125664408417737
-0.151476503592599
-0.171957156327677
-0.186279649200878
-0.194453075893300
-0.197542070728206
-0.197398869577907
-0.195935715594273
-0.194210447450383
-0.191937453193386
-0.187921342942244
-0.181032731117535
-0.170819233734463
-0.157365522620983
-0.140893287794194
-0.121459163334350
-0.098682333743424
-0.071701870210126
-0.039539198802498
-0.001764343137394
0.040766822637194
0.085683196532727
0.129841149741852
0.170509432041494
0.205912815838573
0.234961622385210
0.256860969158429
0.270935027106049
0.276702590075887
0.274074803167908
0.263220857675810
0.244292212451432
0.217697490152610
0.184646111088136
0.147174759321191
0.107658911591091
0.068235843931983
0.030476605340132
-0.004500679557487
-0.035844109331341
-0.063188233349477
-0.086909426731263
-0.107855683309745
-0.126774631578127
-0.143855956283795
-0.158489669447797
-0.169415902732467
-0.175251809976509
-0.174812589356515
-0.167231840923315
-0.152523886589785
-0.132057956451009
-0.108106044355306
-0.082985077502270
-0.058450766439014
-0.035289143233143
-0.013116688613372
0.009351821402708
0.033754264938127
0.061748955091763
0.094706059239266
0.133053948916759
0.175705240969127
0.220138197174742
0.263035254448508
0.300957850906055
0.330916001409742
0.350854551440237
0.359765846043804
0.357436492005982
0.344075908034221
0.319948969169763
0.285298153840694
0.240718155133135
0.187589024351869
0.128022266188313
0.064464947999215
-0.000489556754280
-0.064139290778569
-0.123725361564135
-0.176439353504479
-0.219871303969724
-0.252852556973986
-0.275355868468203
-0.287323576415904
-0.288085559814370
-0.276944404409615
-0.253985896265556
-0.220507891867400
-0.178945019311552
-0.132101513386940
-0.082157339744381
-0.030517315855241
0.021596517751997
0.072755983745522
0.121141413839305
0.164418852599840
0.200064547940152
0.225858691951770
0.240112372337088
0.241920908939402
0.231305594227716
0.208820214525599
0.175248643646874
0.131998285294026
0.081573121221144
0.027370224384558
-0.026990083813857
-0.078234344336216
-0.123801051664262
-0.161862018136238
-0.191002763511564
-0.210176716033424
-0.218815945898548
-0.216408832385718
-0.202182207793517
-0.175682133403233
-0.137522304155839
-0.089656022367800
-0.035331169742841
0.021364470786857
0.076273751829334
0.125710788741709
0.166663217803296
0.197071107381886
0.216224590209054
0.224657532148745
0.223452608901033
0.213747159884176
0.196714914539438
0.173708902684919
0.146486682407799
0.117243997659844
0.088108308815883
0.060624473512436
0.035887709460654
0.014849027594531
-0.001978199377249
-0.015097460787140
-0.026026915920183
-0.036620464441246
-0.048179233953479
-0.060772110097892
-0.073346080808388
-0.084641902619237
-0.093831257236398
-0.100429556146189
-0.104379808012873
-0.106460158349126
-0.107988580636360
-0.109815206207250
-0.111746140387444
-0.112755666214479
-0.111556835685688
-0.107340776159752
-0.100202172507554
-0.090694133451307
-0.079272224043120
-0.066416534701753
-0.052683262569781
-0.038247746994853
-0.022812445839800
-0.006170251517602
0.011403369723443
0.029237083513384
0.046503298120010
0.062732263336525
0.078266201651669
0.093626797648852
0.108327829948591
0.120800787004695
0.129306366755561
0.132478836027403
0.129469650183205
0.120167772916661
0.105051119124358
0.084775398748501
0.060140955644862
0.031990353373268
0.000866763901382
-0.032792621283259
-0.068186178363680
-0.104209639879710
-0.139705736544403
-0.173390996434992
-0.203814102177125
-0.229398014349805
-0.248225436728788
-0.258173962526397
-0.257799203872059
-0.246871815017215
-0.225996587350712
-0.196190514295344
-0.158839847809559
-0.115729983460854
-0.069095252557259
-0.021368202760737
0.025507642592863
0.070290160231633
0.111853618445285
0.148773907455402
0.179640782448261
0.203582243149924
0.220295060890051
0.229508889688267
0.230463548522661
0.221929231734878
0.202639101089100
0.171597996797076
0.128198336435097
0.072603700665968
0.006380241831604
-0.067287076696147
-0.144068442829098
-0.219174980151904
-0.287824394632157
-0.345617879117791
-0.388903846154622
-0.414989709183166
-0.422419424325511
-0.411245715208998
-0.382657885692888
-0.338122671108912
-0.279032299408164
-0.207157890067814
-0.125168886261962
-0.036634936553827
0.054319816505733
0.143492097603538
0.226986240298583
0.301158366406496
0.362547333738275
0.408415311444091
0.437231739407577
0.448408580236929
0.442004315167764
0.418887643908711
0.380749366954638
0.329923051202097
0.269511206192314
0.203370546833938
0.135493123853390
0.069568505674197
0.009217166474085
-0.042175331636246
-0.082592759873298
-0.112002848091232
-0.131503088984180
-0.142445028457954
-0.146515302270218
-0.145719171389689
-0.141781082483785
-0.135691729937123
-0.127670238602085
-0.117498637227901
-0.105167849131503
-0.091254490675962
-0.076677653972567
-0.062418337689286
-0.049665018684928
-0.039891261582097
-0.034491087710651
-0.034396791270930
-0.039792650657150
-0.049793840186881
-0.062711765168004
-0.076984421922707
-0.091503362586396
-0.104924623844554
-0.115213049709546
-0.120158935416739
-0.118138596370897
-0.108375535210016
-0.090897744321716
-0.066568344284979
-0.036981094665278
-0.004038614687675
0.030491735438806
0.065302092871561
0.099511194942698
0.131956269591319
0.160625823632064
0.183186687630597
0.197920076499245
0.204098012176991
0.202021498142875
0.192864468064481
0.178054204542705
0.158788223555266
0.136205880972229
0.111581645282841
0.086164868644133
0.061156085944846
0.037990049573945
0.018265452434504
0.003002230296839
-0.008059612777533
-0.016415204174254
-0.024026955066316
-0.032551907472286
-0.043300411471491
-0.057531024529152
-0.076204048044960
-0.099348226833114
-0.125759608686051
-0.153118957520479
-0.178336997407430
-0.198343248849050
-0.211131620047826
-0.216060700199973
-0.213220693823540
-0.202941135203714
-0.185703123880559
-0.161752305492758
-0.130756106083894
-0.092317400652394
-0.046822739869792
0.004290685318033
0.058819029017346
0.114315693369588
0.168552857673601
0.219323188547883
0.263919145811585
0.299575275957355
0.324566155423909
0.338422882997789
0.341361036853796
0.333867995518552
0.316410618808707
0.289465582442629
0.254187704850418
0.212645517524018
0.167069854971744
0.119434556006395
0.072024058554094
0.027721808985128
-0.010693602252862
-0.041103008906724
-0.061964754633770
-0.072530514355366
-0.073271070686116
-0.065810657899961
-0.052790310173666
-0.037639855378017
-0.023342189028840
-0.010927176232043
0.000424517651966
0.011845591059280
0.023536003185211
0.034378046110946
0.042074337143416
0.043779960328959
0.037097856872909
0.020854055302585
-0.004695050431595
-0.037974364436868
-0.076411507827879
-0.117091871192009
-0.157423751075699
-0.195301522895313
-0.228781097050130
-0.255986201848293
-0.275679745233791
-0.287880439435578
-0.293756202159955
-0.294638618552865
-0.290942962400072
-0.282049170722535
-0.266778996084996
-0.243654531851942
-0.211293766994736
-0.169210508631993
-0.118504929922965
-0.062056728293715
-0.004008873517809
0.051408617263673
0.100899769627620
0.142262836979562
0.174062319347278
0.195560917976537
0.207029492874583
0.209732244949285
0.205203743819070
0.194657213354860
0.179122984763606
0.159742314098290
0.137672904203604
0.113806187136963
0.088720589565521
0.062903312659218
0.037113723367197
0.012742804663937
-0.008320228929920
-0.024413274220755
-0.034813332944150
-0.039932325427550
-0.040865690568710
-0.038725384287955
-0.034251645157080
-0.027600027481933
-0.018394483042971
-0.006238602917559
0.008749285721695
0.025841295213475
0.044024952785368
0.062416873543061
0.080542422881880
0.098276084846298
0.115301083985591
0.130717333053252
0.143295975735015
0.151896812018100
0.155637396797983
0.153816363584070
0.145755832147085
0.130815419626838
0.108548514744396
0.078840480023221
0.042056390305366
-0.000752491829646
-0.047682532153673
-0.095964466238335
-0.142189065768537
-0.182931595069037
-0.215599790464793
-0.238782321979312
-0.251796433147626
-0.254279601403705
-0.246475985673534
-0.229476769176421
-0.204857560381364
-0.174203543923876
-0.138693456756325
-0.098779071757085
-0.054510438316339
-0.006405597941745
0.044064916172988
0.094565109241463
0.142004067977809
0.182672119068241
0.212637366925363
0.228379929949502
0.227653819971873
0.210282484156108
0.178325873979409
0.135543197763883
0.086723840922235
0.037085953016576
-0.008694578081555
-0.047603830887147
-0.078621853823805
-0.101960834347703
-0.117988875971053
-0.126729136485357
-0.127909300383811
-0.121328565819105
-0.107467730599434
-0.087669134537231
-0.063714218006628
-0.037536839125309
-0.010956519985122
0.015082648900503
0.041160070269223
0.068969455424867
0.099856001009035
0.133313454581462
0.166669190371476
0.196155407990531
0.218286188849520
0.230634007242081
0.232022069599935
0.222521977224739
0.203555586898164
0.177743596018626
0.148052560730572
0.116921370933833
0.086026487717708
0.056248713050973
0.027662445622231
-0.000150636389132
-0.027642734764976
-0.054837032510855
-0.080876437607955
-0.104213362233455
-0.123582263376569
-0.138665215654340
-0.149877546795815
-0.157768033262859
-0.162512725815254
-0.163843749717078
-0.161473529866196
-0.155506621656918
-0.146393330209151
-0.134616655044758
-0.120587524070358
-0.104790857766124
-0.087716962045462
-0.069315293872341
-0.048528147858463
-0.023705870266907
0.006236375716711
0.040941640052451
0.078618671325153
0.116515971374492
0.151429550339623
0.180361233827974
0.201236473791087
0.213301008367627
0.217009845568558
0.213421239874703
0.203253762365295
0.186127773529560
0.160779692044065
0.126285988501987
0.083238171696557
0.034089449424362
-0.017146567071350
-0.065609835621384
-0.106727965434138
-0.137449210133497
-0.156877842547452
-0.166017689365563
-0.167022765860045
-0.162231962571354
-0.153307334198556
-0.141162143436969
-0.126440879930507
-0.109600795261519
-0.090734179401819
-0.069929265638391
-0.048034742042987
-0.026997161871885
-0.009349655628684
0.002801055960439
0.008539151402487
0.008269889153190
0.003319624674057
-0.004888120677520
-0.015560213973670
-0.028360380672736
-0.042762159166730
-0.057891770753066
-0.072552413009214
-0.085080903256793
-0.093743556178455
-0.097688831093784
-0.097295361531128
-0.093587700967624
-0.087658206797579
-0.080490087975366
-0.072742133513900
-0.064663212800494
-0.056536764609027
-0.048937547467308
-0.042239581284022
-0.036295162528958
-0.030797615571034
-0.025473520442718
-0.019917755101865
-0.013879603902729
-0.007828882767576
-0.002890300890826
-0.000292359148334
-0.000906839549799
-0.004804270748536
-0.011142919095618
-0.018925756239021
-0.027774987881145
-0.037564380328116
-0.047533978296634
-0.056266792641507
-0.062496557647335
-0.065734022756363
-0.066298029118323
-0.064911508634570
-0.062065863789286
-0.057646047203901
-0.051203479859264
-0.042357248072833
-0.030760307632998
-0.016053208905840
0.001741140771874
0.021862903499152
0.043081455756759
0.064149028963505
0.083808418107651
0.100645872876684
0.113076371881459
0.119457173960786
0.118678653384142
0.110850529115187
0.096996951016662
0.077983177924764
0.054111070228616
0.025855880140039
-0.005454503703445
-0.037848043709504
-0.069143385476469
-0.097226278002150
-0.120368036841859
-0.137297217945518
-0.147008600909910
-0.148815899439178
-0.142692483475303
-0.129346436795540
-0.109761936179241
-0.084964801560964
-0.056470863816888
-0.026502284039263
0.002537040120209
0.028652182422014
0.050438769155562
0.066988233957846
0.077765921797566
0.082566247277707
0.081485711408619
0.074914551184784
0.063455139238634
0.047593311502373
0.027516290740557
0.003411254678936
-0.024249384152568
-0.054674745330698
-0.086680564953161
-0.118611198119345
-0.148381771428114
-0.173563036707820
-0.191625514979234
-0.200416843646881
-0.198491375401903
-0.185045912622371
-0.159877561839686
-0.123687751213867
-0.078379909645145
-0.026894659675947
0.027511476226383
0.082112002484444
0.134980684971613
0.184585666239430
0.229225527443372
0.266758622332041
0.294713564710240
0.310582303026851
0.312214876601783
0.298422204917122
0.269586421142896
0.227762656833143
0.176142039310437
0.118324857462218
0.057822775618925
-0.002075090203336
-0.058222915061255
-0.107789639976044
-0.148657791693039
-0.179425747031353
-0.199083853843814
-0.206794792936944
-0.201794785850332
-0.183833974220462
-0.154064912284720
-0.115030796815888
-0.069678809500912
-0.020825466043879
0.028834220616787
0.076915280131272
0.121396729826463
0.160352305904929
0.191839907524922
0.213946580987169
0.225079221439940
0.224731804543083
0.214026815796543
0.195250545246552
0.170714965365562
0.142001068827853
0.110208751931254
0.076598750909683
0.042712733782010
0.010067544029135
-0.020115074680714
-0.047027309197090
-0.070107807476034
-0.088723661571332
-0.102269601434659
-0.110572943572836
-0.113758446471935
-0.111694064729818
-0.104010402945763
-0.090645125739742
-0.072162831665895
-0.049750526596189
-0.024907082443280
0.001147306204673
0.027740601154409
0.054402845801820
0.080399080222081
0.104600673185201
0.125745633601810
0.142724164460136
0.154517571367100
0.160215855131115
0.159512802976294
0.152933443062859
0.141311139317306
0.125184091138701
0.104686704395341
0.079968028902107
0.051903072943535
0.022516961222470
-0.005515941515218
-0.030016854575467
-0.049830563043924
-0.064461001803787
-0.073913160206342
-0.078756915818242
-0.079535611826167
-0.076100700182468
-0.067816860075162
-0.054241531234064
-0.035698391201141
-0.013606784480435
0.009793934353188
0.032394611924716
0.052963706528174
0.071003030620700
0.086176207207819
0.098000988995534
0.105879160007950
0.109272481444846
0.107877040370166
0.101768739870570
0.091678468403260
0.079178251912970
0.066015487660049
0.052729117258408
0.038035698870846
0.019755419616866
-0.003497871946960
-0.030968120623192
-0.059769743859242
-0.086445124535843
-0.108557647307332
-0.124994546015442
-0.135584245381241
-0.140844829886597
-0.141543465045704
-0.138093596715243
-0.130546283394663
-0.119164368109459
-0.104797442575031
-0.088855292781550
-0.073115438858573
-0.059010216679645
-0.046606480066533
-0.034674421082055
-0.021926811480015
-0.007937960281980
0.006822366704797
0.021331861681593
0.034301206770100
0.044296188360797
0.049947868953039
0.050433988808932
0.045873025367044
0.037113144324261
0.024910343977686
0.009271004985259
-0.010208436295163
-0.033421733235511
-0.059297231732510
-0.085853999697617
-0.110453064977789
-0.130301404015818
-0.143020005537545
-0.147199779172720
-0.143065666005311
-0.132644213210697
-0.118846588092640
-0.104096785713702
-0.089543856562910
-0.075161421044652
-0.060423420543310
-0.045095058440008
-0.029604808679006
-0.014800967593287
-0.001594807778806
0.009173490153405
0.016867095037928
0.021127084443177
0.021838153993467
0.019416116082021
0.015204734269322
0.011242650879427
0.009637464860412
0.011967697666389
0.018546972089137
0.028167268872946
0.038990420511197
0.049725470222096
0.060031324493345
0.070118085304779
0.080014527816745
0.088929940364908
0.095146031804791
0.096707321846586
0.092317090326209
0.081715927177010
0.065773093817986
0.046456445049746
0.026256003562765
0.007189782668976
-0.009754113205928
-0.024317175733795
-0.036159975663569
-0.044088734155865
-0.045987899820230
-0.039609112401238
-0.023387729472760
0.003129641235473
0.038991079489967
0.081694727185750
0.127106679339378
0.169563741981294
0.202986046221685
0.222843436626676
0.227365436135807
0.217301832125408
0.195068974978283
0.163828668887348
0.126644346839518
0.086125536418342
0.044535478132017
0.003921918326153
-0.033766229589682
-0.066431490525119
-0.091812238266522
-0.108164424403299
-0.115143870213626
-0.113875759488185
-0.106166165198952
-0.093816632016983
-0.078515550090636
-0.061765076877536
-0.044755088484304
-0.028626964275754
-0.014569961735850
-0.003399791186578
0.004376733763134
0.008013029762821
0.006668776813844
0.000070245270249
-0.011201201874534
-0.025772331482717
-0.041667147987918
-0.056687243016529
-0.069007220470957
-0.077701683053154
-0.082743136504718
-0.084555971625292
-0.083477148784300
-0.079137836400299
-0.070324511068646
-0.055947831106645
-0.036200303277921
-0.012732564663362
0.011982211232801
0.035462893540279
0.055676779756826
0.070985055318608
0.080122305594945
0.082385324013538
0.077687923296393
0.066607817740979
0.050512856918881
0.031304389298404
0.010857083610488
-0.009205865166925
-0.027627187155878
-0.043815129494042
-0.057538897789951
-0.068050569510586
-0.073984519254809
-0.074247326601895
-0.068764888479467
-0.058526346264074
-0.045192447906228
-0.030564296329146
-0.016238500537988
-0.003695428829474
0.005616786835956
0.010778118440235
0.011987979653193
0.010350800103500
0.007110820988992
0.003219196981070
-0.000622154343059
-0.003770387081641
-0.005565766846224
-0.005532234025298
-0.003608241624055
-0.000026986882087
0.004869945853140
0.010509277949401
0.015985122429636
0.020216217419236
0.022170880067613
0.021140925478270
0.016942044772866
0.009763476929272
-0.000068034198019
-0.012025946184589
-0.025345124799301
-0.039252322773053
-0.052978981597337
-0.065384379819002
-0.074739518421775
-0.078973967228607
-0.076272529540325
-0.065960982560693
-0.049189846489067
-0.028485069842255
-0.006382099034642
0.015405811651476
0.035756808113205
0.053701652989128
0.068420544761635
0.079419948780184
0.086535149409264
0.089890478728801
0.089732934463219
0.085976005333103
0.078134784653676
0.065940460480949
0.049719063509137
0.030179199791910
0.008318310372229
-0.014265767338950
-0.035234052292203
-0.051948288365333
-0.062190349866876
-0.064705657247062
-0.059443326454883
-0.047670857751003
-0.032044381212691
-0.016284011870277
-0.004257511361170
0.001198135230437
-0.000792469358288
-0.009041173943076
-0.021183419382300
-0.034738988749852
-0.047518776967152
-0.057663094766576
-0.063940508801344
-0.066135203714045
-0.064891671523164
-0.061000819611782
-0.054904817462082
-0.046942715549067
-0.037943075051547
-0.029383013751346
-0.022725526587332
-0.018446601753467
-0.015895169581271
-0.014308656740674
-0.013816697819998
-0.015329969412602
-0.019616632272267
-0.026610493897690
-0.035409233597758
-0.044609321194607
-0.052681477869197
-0.058388185599529
-0.061117497867923
-0.061050947985091
-0.059121445754862
-0.056464009319576
-0.053611990692694
-0.050352861406157
-0.046246451818374
-0.041067117597871
-0.034893567589963
-0.027757782746297
-0.019303284100522
-0.009189683010655
0.002340511243722
0.014518289467673
0.026380435435191
0.037105714792565
0.046337021434317
0.054253082466927
0.061377579251583
0.068508826157334
0.076857027787236
0.087740405467164
0.101842987133155
0.118909409499145
0.137887439911287
0.157108747572931
0.174522494513720
0.187898331841747
0.195122099954558
0.194755901710471
0.186404552503565
0.170439668278135
0.147431476456244
0.118024518758521
0.083292802550907
0.044983320219398
0.005434260725772
-0.032707269436814
-0.066903461850051
-0.095093090794309
-0.115857567122281
-0.128664881562807
-0.134301455054779
-0.134898671347155
-0.133092882860294
-0.130692726708253
-0.127888753291256
-0.123793095024426
-0.117714396152512
-0.109871380686652
-0.101289887994030
-0.093432705181034
-0.087628615500397
-0.084227826600562
-0.082061333026342
-0.078783117372539
-0.071881599143511
-0.059785558024809
-0.042620852039813
-0.022049484887500
-0.000034737749778
0.022331727722709
0.044888041360108
0.067961818379309
0.092134976261168
0.117858458814480
0.144967560718626
0.172448603638556
0.198394026685637
0.220424923152629
0.236659088277443
0.246349060869365
0.249523945293878
0.246201648536388
0.236192947224919
0.219674286467119
0.197765699307517
0.172362251621899
0.145270791404233
0.117292588361011
0.088013434887706
0.056542976900648
0.022422953548008
-0.013971674714333
-0.051507103974297
-0.088697884368123
-0.124153760133566
-0.156972588202412
-0.187127394021333
-0.215212304346438
-0.241217953227744
-0.263557040566630
-0.279544961466243
-0.286718438571194
-0.283768522651930
-0.270817336837255
-0.249136048147057
-0.220447770850987
-0.186419330413813
-0.148634284510138
-0.108580346257748
-0.067450322571467
-0.026130481266264
0.014431993001025
0.052742067399252
0.086649416814127
0.113938304337526
0.133035658309820
0.143062954276532
0.143809879627848
0.136252816206503
0.122727545162876
0.106152055407230
0.088940593736183
0.072132310051231
0.055092996072702
0.036367053311072
0.015205225023563
-0.007648341992024
-0.030187310369867
-0.049659337546784
-0.063085199322739
-0.067894435180914
-0.062799329154611
-0.048630264035143
-0.028393084991185
-0.006351425721029
0.013202390156039
0.026791727406917
0.032176622945600
0.028673678791295
0.017280202974665
0.000311952457217
-0.019297028815716
-0.038633213123605
-0.055270611344664
-0.067608661712085
-0.074931380966024
-0.077123178470820
-0.074244091946766
-0.066372206853541
-0.053724397152774
-0.036478373983056
-0.014623065371096
0.011390490801455
0.040041808517238
0.069141598913982
0.096539477896044
0.120521629394520
0.140157332148923
0.155508379454019
0.167389000598124
0.176780964808431
0.184174850517345
0.189021482470138
0.189580032759961
0.183650385522303
0.170025479459766
0.149385292866319
0.123808047845832
0.095603900740567
0.066510546148779
0.037412699830243
0.008306455559364
-0.021335609351544
-0.051716195775940
-0.082060286781056
-0.110610151577015
-0.134888258488719
-0.152114014053445
-0.160082906277260
-0.158122427026821
-0.147339322227631
-0.130153918076443
-0.109653895795209
-0.088913236579051
-0.070193564838425
-0.054389987798006
-0.041279130823069
-0.030380772716783
-0.021635633340737
-0.015582296129584
-0.013078424763200
-0.014580388682724
-0.019617045140705
-0.027228106598278
-0.036927247250211
-0.048996582899156
-0.063772821383865
-0.080811496998589
-0.098685258179932
-0.115190190773653
-0.127621749352226
-0.133201017375224
-0.129747438510802
-0.116476899844294
-0.094416443268957
-0.065912449521276
-0.033546595080394
0.000756093449996
0.036025219311639
0.071726815807327
0.106672261887848
0.138487982004562
0.164136642497209
0.180735693421836
0.186275545736411
0.180235494710912
0.163608873217589
0.138080079613349
0.104996734845026
0.064903903492246
0.017873151678506
-0.035479279313612
-0.093051227593985
-0.151396817892864
-0.206589134083295
-0.254769942448911
-0.292413433322000
-0.316648003194585
-0.325493791870404
-0.318205986050291
-0.295797727546368
-0.260888059041762
-0.216765723330068
-0.166651712235962
-0.113296601649300
-0.058684338643082
-0.004053044772678
0.049988357577849
0.103284449665409
0.155449384282341
0.205172982845411
0.250341522197322
0.288533311217893
0.317318270450919
0.334696344885781
0.339627495989498
0.332197826471649
0.313671479786358
0.286368271769592
0.252755211621285
0.214430599191148
0.172197412815892
0.126841019786737
0.079414745482026
0.030867449878192
-0.018130425717766
-0.066861285638719
-0.114179202671673
-0.158150833112345
-0.196040698309264
-0.225193725832850
-0.243986337683786
-0.251825107857420
-0.248799066281597
-0.235611488705261
-0.213380059486995
-0.183295929079249
-0.146628222608953
-0.105070342545348
-0.061105671096280
-0.017931797919552
0.021405436487673
0.055129268677791
0.083069457539972
0.105982168974006
0.124518138226303
0.138582706629776
0.147582474379931
0.151415869611621
0.151085640979728
0.148210152301592
0.144194306341793
0.139861917240433
0.135512603324084
0.131248320501562
0.127207503620951
0.123425508086153
0.119783420318164
0.116068807809695
0.111624725611721
0.105160160539892
0.095424134903615
0.082066945788421
0.065869302746020
0.048325964475432
0.030941652972127
0.014719878205957
0.000213864645665
-0.012034139537054
-0.021333900259407
-0.027209519077137
-0.029636068443659
-0.028713320135813
-0.024299322991242
-0.016133313442849
-0.004310983182385
0.010191316843215
0.025306639173263
0.038387219912528
0.047186530513984
0.050456261315823
0.047749454483953
0.038932635289217
0.024109791740932
0.003927625250135
-0.020452810212591
-0.047836319527027
-0.077110318391553
-0.106948629175422
-0.135855567954697
-0.162429721294135
-0.185566880180525
-0.204710496487795
-0.219545657586031
-0.229169654047255
-0.232196494299638
-0.227852318412921
-0.216464722273829
-0.199001922273379
-0.176527529275017
-0.150018421814888
-0.120525252482596
-0.089232114870074
-0.057065082055495
-0.024346836670879
0.008975077306901
0.042767039972683
0.076348592112416
0.108516408676905
0.137789587418756
0.162632168649823
0.181446918420537
0.192648071639292
0.195273797496305
0.189485423385908
0.176191396998303
0.156397618405137
0.131034252494449
0.101287261220219
0.068937257778151
0.035942565470624
0.003542350571589
-0.027954559639902
-0.058358555074793
-0.086424093474023
-0.109442231703250
-0.124372459342202
-0.129550204550856
-0.125243076305714
-0.112982245545943
-0.094707976620838
-0.072136067661674
-0.046654931248774
-0.019971184901932
0.005513907635527
0.027297835674938
0.043421791634708
0.052640340974355
0.054535096664201
0.049588095205910
0.038994724287574
0.024288011962704
0.006983018630125
-0.011476669490847
-0.029406934968651
-0.044764550869930
-0.055739398055656
-0.061517964633266
-0.062287006991554
-0.058647907286061
-0.051295999014033
-0.040986933397365
-0.028393876449375
-0.014063212183455
0.001399683950328
0.017219586364540
0.032418373258638
0.045827123594528
0.056499782313566
0.064313343267762
0.069933159461542
0.074102601731491
0.077016995303114
0.078382276602371
0.078142120097450
0.077136815766139
0.076966797298782
0.079167797906144
0.084289294431546
0.091479755424188
0.098952847640168
0.104865130867236
0.107653323184848
0.105822609978420
0.098009442779269
0.083464407153770
0.062406705951490
0.036021416842429
0.006130591287826
-0.025290689403432
-0.056278701913551
-0.084745179464121
-0.108636402594327
-0.126272374737621
-0.136337063760505
-0.137800930281626
-0.130304144465361
-0.114740273915709
-0.093203071592064
-0.068152757435406
-0.041743326670479
-0.015725500416451
0.008613725069842
0.030463403114745
0.049104605243685
0.063717838947172
0.073792379235078
0.079304431649781
0.080360194707912
0.077121535416613
0.070281756530513
0.061434862441420
0.052696210821327
0.045795884518118
0.041544982653616
0.039972993548641
0.040563195431570
0.042298148540023
0.043697855974562
0.042892156161641
0.037998390656889
0.027904969207068
0.012784861413767
-0.005996887294616
-0.026440618763896
-0.046689803720063
-0.065356968854066
-0.081275587061773
-0.093461336115371
-0.101388031535514
-0.104715732542655
-0.102671734592011
-0.094340568001430
-0.079587237626943
-0.059458302291410
-0.036045232598077
-0.011980243738368
0.010401597813671
0.029598109938110
0.044857040160732
0.055954449725740
0.063101399717568
0.066812261307731
0.067616394741855
0.065742495653896
0.061240398961958
0.054561774324613
0.046758168456897
0.038887958005476
0.031188249085639
0.022758001488322
0.012162519850728
-0.001478231386875
-0.017879469127379
-0.035796529813114
-0.053757576121335
-0.070783998686509
-0.086480499230436
-0.100639757360463
-0.113043753531071
-0.123481685823617
-0.131654253239949
-0.137025272907252
-0.138802622467090
-0.136131844795719
-0.128404450280351
-0.115280190679728
-0.096396640847988
-0.071492943484315
-0.041063582291065
-0.006647551842377
0.029670144246799
0.066046183602245
0.101065935932117
0.133138677784101
0.160116661415318
0.179752205823341
0.190397841109120
0.191325924320929
0.182740069523940
0.165669995392549
0.141802253539533
0.113367552923273
0.082848149973567
0.052417464268963
0.023714049418437
-0.001891366482428
-0.023025418725766
-0.038301152181274
-0.046614348120389
-0.047615958764870
-0.041824892357380
-0.030184726935815
-0.013771052010445
0.005979076694762
0.027201107116511
0.048071722627944
0.067367762822514
0.084755165640729
0.100481794117963
0.114465754355792
0.125829127545225
0.133481237337588
0.136726442809798
0.135063741798810
0.127803324904970
0.114269279719966
0.094290763466604
0.068398116464638
0.037760080770809
0.003957288376910
-0.031430125194629
-0.067043498323654
-0.101684555689903
-0.134428973348162
-0.164642116551170
-0.191439324118382
-0.213189652593958
-0.227565193997260
-0.232102829644050
-0.225131803284726
-0.206278839964859
-0.176255309785391
-0.136792254151843
-0.090761324995027
-0.041764771697630
0.006559443873632
0.051057505900539
0.089493495733915
0.120682617143781
0.144138514031389
0.159645535944982
0.166994897884604
0.165936236601589
0.156420858984823
0.138733273294085
0.113362776928621
0.081188498593876
0.043876295779533
0.003689542936741
-0.037271653252842
-0.077592625803954
-0.116344953045934
-0.152488758073447
-0.184409122081200
-0.209899532082248
-0.226901112875395
-0.234495162944934
-0.232997097534720
-0.223323472563963
-0.206515342948048
-0.183488024605731
-0.155078086799414
-0.122385178027733
-0.086779457543705
-0.049607870305386
-0.012236176260899
0.023822958701271
0.057118764400732
0.086341208998779
0.109965240272020
0.125961071839635
0.132028523496290
0.126487172365072
0.109408960097538
0.082703469003925
0.048952008570178
0.010631859116049
-0.029724846565245
-0.069449041274744
-0.105957111848799
-0.136938997148925
-0.160770128563798
-0.176944357819396
-0.185730539590181
-0.187581895993367
-0.183161313988246
-0.173266416865211
-0.158254110378264
-0.137874049463504
-0.111825984041551
-0.080460866511849
-0.045184167644286
-0.008371044466255
0.027105421960384
0.058457849230948
0.083591862551337
0.101456178442876
0.111908391066205
0.115587039352940
0.114083277081998
0.109732765431141
0.104586963510913
0.099433150908403
0.093913282907167
0.087410120740840
0.079607158670510
0.070516466899120
0.060412008480337
0.049855880926917
0.039921687087970
0.032155875789924
0.027660225943908
0.026302156793735
0.027181452105059
0.029382092770470
0.032162408126798
0.035054603665051
0.037771015902235
0.040011732792590
0.041826766400710
0.043852390248852
0.046769834635423
0.050776701413840
0.055586951881634
0.060745660250266
0.065944812098532
0.070805946173257
0.074260174324521
0.074747553889650
0.071354518373811
0.064347834870890
0.054618987220735
0.043155475537348
0.031068797943051
0.019615818053875
0.009810063409138
0.001916146493256
-0.004579906482200
-0.010275832835748
-0.015084669531336
-0.018355654117177
-0.019713582762790
-0.019621035195573
-0.019299267196871
-0.020164937980042
-0.023091416405985
-0.028095213430271
-0.034599365705532
-0.041772230485970
-0.048790798335328
-0.055335643617804
-0.062060028305025
-0.070223999378039
-0.080598518076165
-0.092690070472286
-0.104675094500821
-0.113784207281031
-0.117108318914710
-0.112717701091564
-0.100567354904229
-0.082485671350349
-0.061073832733801
-0.038509754535917
-0.016286099451404
0.004562144508428
0.023478137720534
0.040207531242366
0.054322506606397
0.065329188086185
0.073191941538769
0.078314818747328
0.081068830456511
0.081410131197085
0.078844306700138
0.072930948857468
0.063832495699707
0.052111981809711
0.038131156972856
0.021807542362430
0.002722953943821
-0.019500206288763
-0.044597329659564
-0.071403987511817
-0.098239511954356
-0.123314044267119
-0.144694037518066
-0.160281391236185
-0.168255463378194
-0.167633506975217
-0.158395708336476
-0.141197929786704
-0.117149364891320
-0.087852419723156
-0.055322031951330
-0.021338215166360
0.013291775994555
0.048480251451377
0.083843341668735
0.118069234610717
0.148872212932775
0.173451807339023
0.189398031822094
0.195239134238164
0.190442072072738
0.175576335009267
0.152464041624658
0.123806477032512
0.092507784895391
0.060849624288263
0.029960314627546
0.000426602679587
-0.026643983012395
-0.049549123258399
-0.066572953312599
-0.076407172144863
-0.078567231326446
-0.073653774202256
-0.063091529433230
-0.048682554050697
-0.032285383367355
-0.015486511895304
0.000638505917259
0.015360659899405
0.027960274011049
0.037749711912563
0.044368457356443
0.047940694178116
0.049037703793611
0.048521386001321
0.047305906113254
0.046217613282337
0.046044362008680
0.047450192500743
0.050608954952821
0.054961285510915
0.059350798155195
0.062459602948761
0.063252457833564
0.060994880630534
0.055038450669379
0.044972806401553
0.030877298812998
0.013042201460032
-0.008476882696977
-0.033730757809771
-0.062249920367803
-0.092393787838638
-0.121136943632256
-0.144825652243809
-0.160583819108974
-0.167159777168966
-0.164747101806661
-0.154325401034927
-0.137044501364771
-0.113989198591036
-0.086408245531773
-0.055830676256656
-0.023863684315857
0.007664389831189
0.036414106413402
0.059932872546088
0.076493880853361
0.085639083303417
0.088102286734017
0.085214611297104
0.078387190104991
0.069133197273341
0.059306058076594
0.051072138171224
0.046580089806010
0.047399440410516
0.053956852687143
0.065339515370421
0.079477478117221
0.093627588548879
0.105153014775431
0.112304062190280
0.114555998066668
0.112260061171633
0.105885430664686
0.095457311865426
0.080593145716588
0.061309372777209
0.038958214565440
0.015951697646594
-0.005479769724275
-0.023768904037685
-0.037642034687014
-0.046149803270449
-0.049071376814161
-0.047066836176857
-0.041626461352387
-0.034659320370872
-0.027728669934024
-0.021661209830864
-0.016622817175928
-0.012204523513852
-0.007555576719161
-0.001702905646211
0.006022220568244
0.015653116015866
0.026610508536615
0.038131569589584
0.049752865099772
0.061289939059120
0.072335119325607
0.081994013274458
0.089162619017067
0.092842714318021
0.092125074167791
0.086048749242816
0.073692492639022
0.054722097460566
0.029990903573158
0.001338539694155
-0.029044486264827
-0.058727849644874
-0.085159659276959
-0.106223787539239
-0.120443558838334
-0.126924480154629
-0.125524801711106
-0.116694108465211
-0.101062937726091
-0.079555036367762
-0.053665353980220
-0.025383976099329
0.003029956952596
0.029439476960746
0.052182434923699
0.069830130473777
0.080854238154928
0.084064628836557
0.079293986929957
0.067419066856871
0.049939555386624
0.028625335059399
0.005264216740325
-0.018481131213569
-0.041205612992301
-0.061988280741961
-0.080389687576605
-0.096076452135259
-0.108462338583298
-0.116669959661106
-0.119950470378900
-0.118385670220323
-0.112992123289820
-0.105023343978758
-0.095595319447301
-0.085823064077060
-0.076504068994159
-0.067617742513194
-0.058525369140586
-0.048484971272990
-0.036971729718637
-0.024044150527384
-0.010511960124374
0.002600685653859
0.014777203101262
0.026047657920880
0.036491573933135
0.045937697693216
0.054094988800182
0.060783632457547
0.065855474273648
0.068811533687012
0.068670820631590
0.064465118690409
0.055866745246222
0.043341233637003
0.027888950568791
0.010558187541444
-0.007925699760122
-0.027047267512737
-0.046440040251112
-0.066030741520371
-0.085565662749133
-0.103845699254196
-0.118681086522649
-0.127466089863464
-0.128088321763288
-0.119932313184230
-0.103964993205691
-0.081738079631901
-0.054733694316479
-0.024529664246088
0.007046253114811
0.037939978646731
0.065996315034054
0.089274913628404
0.106189138230371
0.115505303874847
0.116659804403951
0.110135850847617
0.097338482259513
0.080065797420811
0.060093127631226
0.038964453060709
0.017861383197017
-0.002263395551241
-0.020513699928259
-0.036313820588457
-0.049482756274301
-0.059618445801360
-0.065887892055883
-0.067722829701165
-0.065405898318301
-0.060088532374076
-0.053431004157992
-0.047045944409324
-0.042232267446822
-0.040051788853755
-0.041186683113514
-0.045537907346805
-0.052072705518196
-0.059086510852787
-0.064784061608500
-0.068009920345157
-0.068346216525142
-0.065434213067927
-0.058862864904891
-0.048756916246172
-0.035758070669804
-0.020582374813628
-0.004013174033648
0.013035282115363
0.029606766578488
0.044530371479148
0.056333086330756
0.063688077018796
0.065893238549437
0.063079115498530
0.056299538169302
0.047364609554025
0.038540127806069
0.032310981888234
0.030776620214579
0.034683621447880
0.043188834016682
0.054770705808619
0.068104916832276
0.082212174522329
0.096367158706154
0.109862757288577
0.121739951754263
0.130913056313177
0.136256737842216
0.136450666718274
0.130441676886320
0.118203128429327
0.100506035825981
0.078251937284784
0.052483660169916
0.024582281871434
-0.003649373770003
-0.029770460281524
-0.051070438631445
-0.065565410011359
-0.072410694328941
-0.071638197611413
-0.063917055617476
-0.050357274256279
-0.032411062052892
-0.011911851687447
0.009325109986647
0.030188165099707
0.050127174730418
0.068356089084958
0.083652248347840
0.094851497433345
0.101391744188217
0.103526239642647
0.101954464170965
0.097246745222047
0.089729217626440
0.079667726648252
0.067386914210750
0.053378228846303
0.038300030466496
0.022873762598446
0.007945901485043
-0.005538670588780
-0.016945625560659
-0.026113886060444
-0.032881979745065
-0.036788935951025
-0.037393478132171
-0.034589257002282
-0.028726865293826
-0.020707201016419
-0.011496042463506
-0.001203978213585
0.010908102511741
0.025491931444575
0.042524073479283
0.061244159799942
0.080271449779664
0.097914925541712
0.112366074946524
0.121745176527058
0.124567742501619
0.120393651032403
0.109779390035444
0.093727918492886
0.073414878303456
0.050087761573288
0.024864715353781
-0.001347085525908
-0.027795856981780
-0.053748007378457
-0.078082845030671
-0.098999212945139
-0.114608879733599
-0.123977008687031
-0.127355859325811
-0.125567411092544
-0.119416290236458
-0.109617053240360
-0.097204536097455
-0.083759989067657
-0.070917917586607
-0.059797747578835
-0.050927263393729
-0.044403515944802
-0.040201915011293
-0.038315973063588
-0.038275348261839
-0.038964644289850
-0.039511245467584
-0.039894510732949
-0.040422318272303
-0.041246567638669
-0.042369418642081
-0.043490396417014
-0.043978390179376
-0.043230419009563
-0.040746857910515
-0.036097854709148
-0.029336720292640
-0.021117638726915
-0.012223064637944
-0.003380035119083
0.004747423323074
0.011829431986298
0.017805196800125
0.022586892238304
0.026196213443459
0.028796440074677
0.030290168390492
0.030110717891041
0.027340890526207
0.021171562798993
0.011677951720558
-0.000104315132555
-0.013141043205696
-0.026973342210863
-0.041311027911860
-0.055653933337612
-0.069352537927933
-0.081833048265892
-0.092797612878793
-0.102005592820090
-0.108838459953892
-0.112554915708759
-0.113090600152054
-0.111255984836212
-0.108144815517298
-0.104496659063548
-0.100369992741078
-0.095267167518145
-0.088666436865286
-0.080370768257610
-0.070503090403229
-0.059617507534085
-0.048853755120301
-0.039645616662452
-0.033013227256469
-0.028869823734632
-0.025845760972303
-0.021921888164596
-0.015412239657440
-0.005451803623119
0.008083460187776
0.024643796085208
0.043015645097931
0.061565124934126
0.078626463730168
0.092906836973440
0.103674842929343
0.110477326072276
0.112871366795010
0.110689692728524
0.104350894752859
0.094679023125294
0.082520168733467
0.068544238889839
0.053268915699084
0.037214396780244
0.020935315693165
0.004752054237109
-0.011333737167562
-0.027056410173438
-0.041300107604089
-0.052289522570595
-0.058226015315123
-0.057788292084618
-0.050364424852211
-0.036101535270085
-0.015871504772613
0.008849907062185
0.036218539173985
0.064380943745266
0.091831226284767
0.117432991313718
0.140088867976296
0.158499757668677
0.171268281665523
0.177288181224121
0.176156236152816
0.168202208935797
0.154135635839954
0.134787290008970
0.111373933958294
0.086074988840373
0.061938609386765
0.041733327420175
0.026953879979306
0.017897458679478
0.014009266681713
0.013925954030772
0.015759598571842
0.017602443024174
0.017957391937046
0.016318705267016
0.013335446185849
0.009968504273539
0.006686433890427
0.003506284065127
0.000321553923693
-0.002828245824064
-0.005625650044343
-0.007727514871877
-0.009028853508254
-0.009566205371629
-0.009443147024534
-0.008869946322252
-0.008115595295678
-0.007474589494121
-0.007065993121687
-0.006525048946411
-0.005330312902886
-0.003546304425897
-0.001849226564057
-0.000895979976502
-0.001086017748969
-0.002763584104706
-0.006241823667392
-0.011816442702337
-0.019704649867324
-0.029503939256549
-0.040025472203067
-0.050060306344471
-0.058971977861088
-0.066552944529500
-0.072752665231032
-0.077493076713059
-0.080537595185952
-0.081507132625810
-0.079806261501924
-0.074658732965188
-0.065788253592679
-0.054038715395806
-0.041009822676372
-0.028259252781682
-0.016823212465168
-0.007117886406536
0.000694604850310
0.006149757413377
0.008410814307245
0.006628849492212
0.000309085876117
-0.010330946554788
-0.024216190061742
-0.039672607115590
-0.054711827984746
-0.067327053244856
-0.076181794419655
-0.081098187870245
-0.082614390031306
-0.081271024574039
-0.077331874324243
-0.070807629239527
-0.061765110041262
-0.050694246588246
-0.038412523252423
-0.025874938847848
-0.014422774069655
-0.005852446268803
-0.001748674024184
-0.002635949960513
-0.007735890686532
-0.015532881220048
-0.024586811878336
-0.033883238679897
-0.042633652621279
-0.049840126344405
-0.054060507214240
-0.053827328338879
-0.048475245981706
-0.038389235247115
-0.024469713818363
-0.007874871177612
0.009639085716196
0.025834907638734
0.038856337379493
0.047855189166159
0.052821940184678
0.054000524888152
0.051579715443657
0.045968358953170
0.038196976760328
0.029838177648085
0.022442528545335
0.016933582386661
0.013425367699405
0.011589627860719
0.011033853886572
0.011164683455104
0.011025072938870
0.009659915260738
0.006529663388989
0.001522027043171
-0.005187603601911
-0.013253982348805
-0.022203027835448
-0.031218189827806
-0.038979359322598
-0.044029986238406
-0.045284317469981
-0.042078451165491
-0.034054934117700
-0.021383511703126
-0.005085209992164
0.012918462829193
0.030168165315181
0.044495329914816
0.054675751760129
0.060346333671813
0.061760935882932
0.059685719062835
0.055081969760075
0.048781916105017
0.041301354625232
0.032520418762591
0.021668124702236
0.008087192842042
-0.008000534116899
-0.025617041977671
-0.043693731517159
-0.061496559547218
-0.078447739393306
-0.093563593804806
-0.105267245157809
-0.111832079862427
-0.111946703376994
-0.105135550965689
-0.091958810637630
-0.073882350764298
-0.053078063471476
-0.032212209960813
-0.013821520068245
0.000425068173382
0.009838388979188
0.014418058377986
0.014802339971862
0.012365540421789
0.009053191452699
0.006831563617399
0.007021418079260
0.010079300027450
0.015887104999293
0.024043370691387
0.033998384142259
0.045060968694568
0.056225499064065
0.066223634466828
0.073985350006217
0.078761924813797
0.079767366149827
0.076279198421258
0.068272312739285
0.056805109831576
0.043891353898138
0.031811496566706
0.022202733061000
0.015839361842956
0.013140717625021
0.014451644962555
0.019750541195308
0.028299423674020
0.038581588769846
0.048645854291245
0.056812652934133
0.062082257242383
0.063992224133070
0.062552419146985
0.058324184826202
0.052258568681231
0.045431600440268
0.038736364883343
0.032491332760736
0.026402761448627
0.019882146003621
0.012252378336951
0.003036636497936
-0.007620441843247
-0.018969522608014
-0.030055239380174
-0.040112000783966
-0.048851319216553
-0.056187076194398
-0.061423997582056
-0.063059929870796
-0.059634045727285
-0.050685102796616
-0.037150734717686
-0.021146102603529
-0.005144817721786
0.008808634093608
0.019275973596116
0.025490967626606
0.027585149198582
0.026465917599698
0.023312699265069
0.019011905812775
0.013745591146827
0.007277575101449
-0.000146501212023
-0.007630104765926
-0.014507833233703
-0.020965597629385
-0.027885192719581
-0.036283909122395
-0.046524242074002
-0.057885504837165
-0.068870459079153
-0.077707470718982
-0.082867002948923
-0.083638317636815
-0.080279184918174
-0.073645778623467
-0.064702868658817
-0.054133234015740
-0.042281447298271
-0.029544874871318
-0.016779540976135
-0.005133583186751
0.004621835345021
0.012546041196025
0.019274151960366
0.025256669600521
0.030290054224476
0.033873227869646
0.035695443034870
0.035554138503068
0.033283044746910
0.028991488858842
0.023121579061831
0.016481892526651
0.010312914391050
0.005796295519197
0.003451286404474
0.003313582992090
0.005385446888337
0.009589055984179
0.015569152180188
0.022761178044779
0.030587944892997
0.038624969214977
0.046667185605425
0.054608522165734
0.062204744923787
0.069032276725440
0.074724231266038
0.079106795448226
0.081996369810512
0.082947022686138
0.081369737640706
0.076968609877728
0.069931536542157
0.060594448492059
0.049037576706504
0.035168239016062
0.019284475073136
0.002421895726902
-0.014117209778894
-0.029460280714545
-0.043270232897820
-0.055447300539343
-0.065832149819044
-0.074092946288264
-0.079918201522191
-0.083185899386472
-0.083835534708785
-0.081900641694543
-0.077835964345856
-0.072625477192052
-0.067464295670056
-0.063054653801942
-0.059078967500437
-0.054721561023736
-0.049744780347801
-0.044794144304196
-0.040712755081781
-0.037686202024954
-0.035090719698441
-0.032156730810885
-0.028492000334081
-0.023866160042717
-0.017910856078992
-0.010249235178632
-0.000839972096667
0.009792724517595
0.020658739483762
0.030580372403772
0.038392315425090
0.043119673835826
0.044195726737866
0.041731935407283
0.036666672775229
0.030388280533434
0.024066307204204
0.018332697719198
0.013491136364767
0.010053217533167
0.008878909915258
0.010503389053866
0.014653279827244
0.020631984368508
0.027786438985587
0.035574189472988
0.043429984278583
0.050526354016911
0.055813178830534
0.058501155656555
0.058361962336542
0.055520474705145
0.050042856076208
0.041770255295285
0.030658881138042
0.017098829297662
0.001784732050472
-0.014436160460703
-0.030620276018006
-0.045751774478816
-0.058688220845588
-0.068439504802568
-0.074624751201630
-0.077394140338000
-0.077059255006863
-0.074022003826129
-0.068957900253091
-0.062991253463943
-0.057496467965267
-0.053469414807804
-0.051121108199319
-0.050001410341679
-0.049269964072693
-0.047928876819251
-0.044969018435059
-0.039415867205307
-0.030657440896125
-0.019004380586397
-0.005742966851771
0.007448863338281
0.019178962803902
0.028757345650854
0.036213992286347
0.041892571596811
0.045884172101604
0.047705088859580
0.046419407702052
0.041157747766085
0.031754851832963
0.019171020079137
0.005416081926770
-0.007205481079947
-0.017101585465028
-0.023797748929024
-0.027437867718224
-0.027968833636072
-0.024961551747924
-0.018279878423649
-0.008736503484485
0.002004486153772
0.012144464819870
0.020502653012423
0.026742420440397
0.031081125883468
0.033982544030379
0.035857398940739
0.036685942914599
0.036027288067682
0.033465027524022
0.029003013114401
0.023264799202232
0.017352441097258
0.012207769647922
0.007983810218272
0.004108260052384
0.000114621281789
-0.003537476323437
-0.005586376591944
-0.004811708063494
-0.000760699131591
0.006025584325492
0.014440171273767
0.023537046715137
0.032785794266062
0.041844467468945
0.050457476291498
0.058480074299503
0.065641015690745
0.071282139875052
0.074575717237699
0.075096822502342
0.073080228139430
0.069010716130969
0.063040715088780
0.054842113529316
0.043974170643461
0.030467161714903
0.015027226825851
-0.001374730821109
-0.017913853460236
-0.033916710843817
-0.048747854646440
-0.061811441668928
-0.072730544009456
-0.081465773335591
-0.088019227610963
-0.092056767297817
-0.093006072517819
-0.090504551116307
-0.084634437836856
-0.075683588277159
-0.063796551206968
-0.049052741174795
-0.031881727240536
-0.013341841089705
0.004851521888013
0.020650602261469
0.032365254467351
0.039128976819782
0.040840195049391
0.038043491616053
0.031968675195825
0.024259678306766
0.016317236155361
0.008869753575682
0.001986609994491
-0.004514773065125
-0.010502858303842
-0.015533202430058
-0.019314297573509
-0.021815422673421
-0.022999455862768
-0.022660464475641
-0.020590992718949
-0.016877851872319
-0.011860417260853
-0.005744091454183
0.001527685470546
0.009824935102042
0.018396820764771
0.026066048575624
0.031774089910135
0.035064716845689
0.036291098189876
0.036189166935388
0.035179599400378
0.033326739134134
0.030771491572144
0.027764096424709
0.024444937983909
0.020918271581999
0.017360031424808
0.013918372281125
0.010692055348773
0.007792301278150
0.005248729147718
0.002979606740740
0.001053465775754
-0.000210236971524
-0.000558126706461
0.000080741983181
0.001934510558803
0.005507870802008
0.011258508631645
0.019275408946350
0.029096359260785
0.039797164204431
0.050483241482019
0.060638382634531
0.069944077360706
0.078014362489395
0.084323108356268
0.088279291381879
0.089444321499859
0.087477226685490
0.081845342857758
0.072072254797147
0.058327440382411
0.041575928482843
0.023333288561198
0.005227342097966
-0.011564609180016
-0.026383468462985
-0.038521185246142
-0.047024188695804
-0.051195499172308
-0.050980612268441
-0.046867546719473
-0.039654281003640
-0.030325000671585
-0.019967624773491
-0.009614949171026
0.000050815205153
0.008890126494308
0.016993694846679
0.024061738379237
0.029180172492611
0.031328519155989
0.030178045422352
0.026321039394754
0.020660189919581
0.013716230741521
0.005580118040301
-0.003611323166388
-0.013287969514500
-0.022600635626423
-0.030824966467972
-0.037436790375245
-0.041904495146953
-0.043592343355470
-0.042036135334181
-0.037439557543461
-0.030721025775106
-0.022948775389914
-0.014899212295069
-0.007089938824139
-0.000038502424912
0.005568122430087
0.009129870119284
0.010437714278106
0.009511807015835
0.006508656568750
0.001946002461096
-0.003272814517174
-0.008092626997228
-0.011669073594565
-0.013779254558527
-0.014791645798615
-0.015181445307644
-0.015312924992626
-0.015550342588911
-0.016303274854652
-0.018000975718044
-0.020872577597512
-0.024741555547311
-0.029379859496826
-0.034853056334732
-0.041144324838183
-0.047713594854667
-0.053546936050800
-0.057419410750059
-0.058441974027811
-0.056651913446139
-0.052706949317427
-0.047089953502078
-0.040031391846776
-0.031873398999851
-0.023172137060717
-0.014557544909282
-0.006528753836939
0.000516249642545
0.006084337691104
0.009641199686058
0.010899240829644
0.010165923876804
0.008359109802632
0.006391321515273
0.004677429431799
0.003378870071888
0.002866658295519
0.003795883463300
0.006693842196566
0.011499722501866
0.017571026339858
0.024060610484194
0.030289134032912
0.035843415160835
0.040296721276131
0.042968992002632
0.043229869003914
0.040981036324960
0.036646149769624
0.030768184336152
0.023755641373080
0.015973160429760
0.007872075708573
-0.000174630851410
-0.008125212776560
-0.016118897689075
-0.023984283248766
-0.030968697948385
-0.035960762976286
-0.038085159821172
-0.037181242806993
-0.033608411841171
-0.027761309076678
-0.019976876968098
-0.010674083617241
-0.000411881602193
0.010174705782470
0.020463689439336
0.029786348337704
0.037380976266748
0.042576680304154
0.045053041316517
0.044920870798221
0.042434943719585
0.037488761444334
0.029473021206975
0.017805918559593
0.002614311148194
-0.015166672622387
-0.034256984589046
-0.053538259953797
-0.072210893561961
-0.089541367191431
-0.104626104080533
-0.116537710159634
-0.124623344788867
-0.128607358500201
-0.128532415052953
-0.124649228381642
-0.117256090682239
-0.106716821650210
-0.093563835738277
-0.078289566933749
-0.061203771463859
-0.042726894955287
-0.023691120565796
-0.005180649616152
0.012061362405795
0.027879604333677
0.042218895001267
0.054793511328494
0.065269171548845
0.073421574934390
0.079251527061334
0.082969935756944
0.084668339111231
0.084274488186546
0.081964175096417
0.078292604504221
0.073842386137589
0.068868639253288
0.063312954977017
0.057146950917485
0.050631102371773
0.044240077705510
0.038427091432487
0.033367329672378
0.028871022724427
0.024679412838392
0.020655582371991
0.016524027487724
0.011854534041104
0.006512848127878
0.000893958635950
-0.004304483760784
-0.008555267832250
-0.011899144540924
-0.014776091826657
-0.017386809239577
-0.019435229598116
-0.020586696768156
-0.020949263423690
-0.020950779471844
-0.020900367629664
-0.020855888200573
-0.020879597275342
-0.021215972738823
-0.022039924536567
-0.023130357798484
-0.023996521061694
-0.024268082951922
-0.023853510428514
-0.022783536693545
-0.020940274744304
-0.017918544280090
-0.013259215683989
-0.006863310619656
0.000978162026976
0.009837529286302
0.019186217010545
0.028408688871519
0.036970777599849
0.044440634423704
0.050514401699539
0.055205436424721
0.058702433295427
0.060890139206108
0.061266410161016
0.059432814283356
0.055483144084013
0.049803376497706
0.042669850142701
0.034162803277640
0.024423686168155
0.013989686701218
0.003678980996841
-0.005995261188647
-0.014988735324262
-0.023147583704129
-0.029819282138104
-0.034265150885673
-0.036210113385141
-0.035880314932526
-0.033704648328160
-0.029942259705151
-0.024552563148512
-0.017652375925714
-0.010061581777957
-0.003082540381634
0.002269237117350
0.005664093954524
0.007210418116831
0.007002701376312
0.005022784842004
0.001404236844361
-0.003510214362284
-0.009355159947020
-0.015753324397593
-0.022229842448172
-0.028202108125667
-0.033049885883154
-0.036380282078456
-0.038306929729987
-0.039259470987937
-0.039449691482690
-0.038762544533586
-0.037140278857217
-0.034762830434894
-0.031887742091342
-0.028627443367978
-0.024829595472342
-0.020372397839322
-0.015628962130291
-0.011303508288283
-0.007831021844738
-0.005227062467416
-0.003350346584185
-0.002027059163012
-0.001069047811676
-0.000213951012190
0.000970587654223
0.002738316079713
0.004697840823985
0.006052711756746
0.006206346098780
0.005010835144679
0.002716815216600
-0.000270814195391
-0.003783045205932
-0.007847099895878
-0.012204608804261
-0.016264374121298
-0.019490476303364
-0.021542165892010
-0.022273266274886
-0.021785627512588
-0.020347849388769
-0.018361598279744
-0.016450845114259
-0.015309185519639
-0.015372245428030
-0.016769316369658
-0.019488854977108
-0.023425507568128
-0.028386989418334
-0.034122715827725
-0.040323185816580
-0.046770854139010
-0.053495303051414
-0.060466292971936
-0.067130414020082
-0.072577475780283
-0.076116578198023
-0.077455255853513
-0.076483625034317
-0.073045270316106
-0.066853008346416
-0.057715759863162
-0.045941873001269
-0.032418088013613
-0.018178595993268
-0.003946541982033
0.009773119619417
0.022248386821030
0.032457183532622
0.039605276660240
0.043606958323273
0.044950088309433
0.044155672170120
0.041432946181978
0.036789114318708
0.030325528533993
0.022306095673371
0.013036499374316
0.002842974993024
-0.007829447754637
-0.018357026353346
-0.028075263992376
-0.036511718810311
-0.043429297184737
-0.048653342125155
-0.051828175904000
-0.052404954938244
-0.050068576197648
-0.045126989694056
-0.038298151632293
-0.030191442536870
-0.021204924103064
-0.011786157871370
-0.002412231049938
0.006653611655162
0.015440841581678
0.024202441095138
0.033103452302779
0.041869501977771
0.049967306092122
0.057096961344869
0.063372186089891
0.069110792954882
0.074444668741475
0.079076783453915
0.082445659013840
0.083966954760032
0.083049068098158
0.079247947093375
0.072626644871042
0.063869260864644
0.054068717569593
0.044283803203047
0.035016005571990
0.026251406093201
0.018201971869248
0.011634235060903
0.007290303063979
0.005347448648285
0.005466899536749
0.007171862324613
0.010302687342249
0.015040223111415
0.021285396395295
0.028324588197510
0.035356035755068
0.042032093282010
0.048328671127815
0.054098949791329
0.058895961684070
0.062298506520254
0.064374847018524
0.065637098720467
0.066521297157998
0.067066875346704
0.067101122666363
0.066594800648923
0.065703164903458
0.064450321042088
0.062598890874497
0.059944471850963
0.056546720902050
0.052600317906077
0.048156947875831
0.042999179160952
0.036892479192768
0.029882169301093
0.022183723010212
0.014004190581095
0.005522611715985
-0.003052526944994
-0.011265103650133
-0.018479519356329
-0.024370474840382
-0.029038840820130
-0.032616221828389
-0.034953875596704
-0.035664133860287
-0.034545317494120
-0.032138243757144
-0.029700437035776
-0.028416224514857
-0.028748235331622
-0.030548011069246
-0.033490213353533
-0.037344421604204
-0.041953612920145
-0.046942477338970
-0.051553051829303
-0.054898958701877
-0.056216576514116
-0.054803246336817
-0.050083393139066
-0.042013085070537
-0.031285556591233
-0.019047146905500
-0.006394528511707
0.006025649529334
0.017964133005851
0.029159112297939
0.039201570088772
0.047743597156988
0.054623544646544
0.059795325074377
0.063124462621127
0.064204991230533
0.062529420588555
0.057972749354158
0.051019925411698
0.042531614449612
0.033386306251021
0.024220660564080
0.015333049698717
0.006753140242165
-0.001623183245056
-0.009893094206348
-0.017972866880642
-0.025509302778036
-0.032109952276723
-0.037712783935431
-0.042632788135930
-0.047158735879870
-0.051052445804914
-0.053545369523737
-0.053899700030176
-0.051907446786253
-0.047925026533444
-0.042530636419417
-0.036163246351572
-0.029125635647580
-0.021787216277305
-0.014569117706799
-0.007810335188451
-0.001766421418656
0.003289383431995
0.006950497189096
0.008708840497889
0.008214323121469
0.005510225659799
0.000899224938637
-0.005436697392533
-0.013337502091805
-0.022093271197946
-0.030496898645754
-0.037672525249048
-0.043563682744142
-0.048599366755459
-0.053079499201458
-0.056835215630544
-0.059366775484145
-0.060334376339963
-0.059845222779025
-0.058157759022881
-0.055320373448797
-0.051346506856287
-0.046518232992847
-0.041125864660006
-0.034924100462959
-0.027070125409318
-0.016697734153330
-0.003692737722135
0.011025510693100
0.026067321666054
0.040331836696818
0.053188771132263
0.064186280535046
0.072836224388021
0.078764512605899
0.081982950461509
0.082844035970314
0.081638641792296
0.078284285779390
0.072498920772090
0.064358985820475
0.054690343930864
0.044724367862864
0.035391681019193
0.027161765553047
0.020312971563074
0.015068552156452
0.011605790139721
0.009979369406624
0.010001241135575
0.011359954632626
0.013864796682941
0.017309707500742
0.021143654093836
0.024651718468315
0.027529721705050
0.030061942697059
0.032617606431967
0.034978354348504
0.036266310776930
0.035649566854004
0.033013371012450
0.028880311788942
0.023922914923349
0.018599796288748
0.013058864713473
0.007328771153679
0.001446409801591
-0.004765061695621
-0.011764253678857
-0.019727157726540
-0.027929203881441
-0.034929199116656
-0.039376288818697
-0.040715010064909
-0.039308621660175
-0.035856260506129
-0.030805882834187
-0.024409361624447
-0.016973777807191
-0.008878908756877
-0.000448695974169
0.008101609442058
0.016385670837576
0.023585430701489
0.028759283607947
0.031327163547441
0.031130894521873
0.028176842924712
0.022438450035939
0.014023704002952
0.003584583927092
-0.007671396906763
-0.018491236255951
-0.027982581938313
-0.035576849624620
-0.040844554977757
-0.043557889459938
-0.043915665332227
-0.042544383542041
-0.040235560922491
-0.037557761967500
-0.034478760209312
-0.030421900935984
-0.024839073537945
-0.017642698236350
-0.009175496487802
-0.000041269957523
0.009024950918520
0.017262030755696
0.024008170619564
0.028932837165972
0.032276428621307
0.034764432235441
0.037011250592281
0.039017159452241
0.040395788976391
0.040780399236939
0.039884840574203
0.037494009238258
0.033473822360398
0.027920988837800
0.021445788018493
0.014982217712051
0.009256529504365
0.004629261615104
0.001092256976357
-0.001781448920484
-0.004536525626542
-0.007473702001254
-0.010655926795297
-0.013890082677290
-0.016606831586824
-0.018238174551037
-0.018899415447706
-0.019332263257465
-0.020077423057823
-0.020948137563714
-0.021230764267683
-0.020267632737840
-0.018061995179996
-0.015343443244055
-0.012870287430619
-0.010785507856607
-0.008655700697426
-0.005931025885758
-0.002448611979140
0.001472696324506
0.005416825242164
0.009067117217739
0.012119075944073
0.014349284407825
0.015727785229130
0.016372528729608
0.016374054502702
0.015533773604937
0.013383704925838
0.009702289392631
0.004876955318660
-0.000411856732926
-0.005750097503490
-0.011167462690440
-0.016737416302506
-0.021968222850394
-0.025761566651652
-0.027182520928436
-0.026129492323278
-0.023129399178615
-0.018792717308425
-0.013525408341968
-0.007521475146048
-0.000996377410993
0.005711119957869
0.012275628816457
0.018305016306645
0.023150863662800
0.026117788075569
0.026943063567779
0.025986411483960
0.023958642681148
0.021444501595017
0.018539825958825
0.015004000137989
0.010902282127886
0.006855668296411
0.003539950799078
0.001187580090418
-0.000540703316411
-0.002356070621577
-0.004779142763275
-0.007793318103367
-0.011034668204230
-0.014023746736912
-0.016409007991150
-0.018321974419586
-0.020452626267248
-0.023782537921478
-0.029156732904503
-0.036763522228587
-0.045849851508405
-0.055014849241896
-0.062893246258272
-0.068683553058185
-0.072123301052586
-0.073066496007344
-0.071282429278729
-0.066683031432447
-0.059563959502777
-0.050578206689431
-0.040577606541349
-0.030558497803037
-0.021594109358027
-0.014550178275334
-0.009810060003858
-0.007200951032270
-0.006104055345198
-0.005792973988039
-0.005799462406275
-0.005975822012845
-0.006372025099966
-0.007287993440907
-0.009423172987305
-0.013710877186150
-0.020739856522001
-0.030104986868228
-0.040308546400941
-0.049518305718787
-0.056425385377050
-0.060374080282058
-0.061117747820829
-0.058733211821484
-0.053526084535701
-0.045893167848861
-0.036361176434141
-0.025660973592469
-0.014756920416810
-0.004913958285530
0.002518144453415
0.006703492262792
0.007747024990337
0.006583603773508
0.004370915779578
0.001655405669610
-0.001960757622387
-0.007105858301195
-0.013650721685126
-0.020621452488669
-0.026787436810673
-0.031101800940607
-0.032903260315671
-0.031965869613058
-0.028435320733716
-0.022769192624372
-0.015514182772065
-0.006968073955662
0.002704157812052
0.012902002053987
0.022395529020106
0.029872017115754
0.034649082738253
0.036956319834388
0.037679412181206
0.037788470857141
0.037943616124495
0.038596439173864
0.040234355939087
0.043240206910372
0.047485252624385
0.052170289885319
0.056080069747310
0.058141408848513
0.057924450586532
0.055561242115345
0.051324975088814
0.045521576465129
0.038537459253262
0.030746480965124
0.022526910546933
0.014445455674580
0.007308949059072
0.001959340273975
-0.001043709428675
-0.001670693800664
-0.000419197344858
0.001992009510875
0.005029145778384
0.008569170420209
0.012622406451123
0.016780217065378
0.020263828152683
0.022579896103856
0.023775019168252
0.023937607709704
0.022714516402555
0.019500110092159
0.013999640767083
0.006535211442071
-0.002111670410660
-0.011131223524447
-0.019982767486815
-0.028189047377999
-0.034886211381542
-0.038870044608241
-0.039319362268897
-0.036427229737604
-0.031037717753969
-0.023717789507062
-0.014659655681535
-0.004298573740668
0.006535174028817
0.016847177930682
0.025697036882479
0.032565917481657
0.037442510023494
0.040443318682295
0.041699535503576
0.041447441208206
0.039740737673352
0.036258556780059
0.030710547894032
0.023392775234716
0.015358471029117
0.007985775372678
0.002125059359698
-0.002449850212728
-0.006632079845025
-0.010910999534722
-0.014781371159495
-0.017197712119620
-0.017427317334742
-0.015461275700791
-0.011815456540239
-0.007171432223586
-0.002211059288662
0.002496717805346
0.006702812266086
0.010577412698050
0.014459271964063
0.018340386351805
0.021492997555539
0.022734310472510
0.021321968982638
0.017583330612249
0.012611046058023
0.007483727500686
0.002748493483868
-0.001524724700882
-0.005344784247176
-0.008534467474286
-0.010785100667028
-0.011916963084891
-0.011999356920317
-0.011200610932148
-0.009688858130465
-0.007634909639179
-0.005128422623379
-0.002106931699484
0.001529844790168
0.005711717164275
0.010058029663461
0.013887724819290
0.016547907349537
0.017902653606301
0.018416787945115
0.018712457883415
0.019048545811881
0.019296245207441
0.019493933933630
0.020108825047718
0.021409266960589
0.022842215459957
0.023315103887010
0.021886829056218
0.018167075978961
0.012289280642899
0.004591305883488
-0.004507925668902
-0.014387513208629
-0.024371775124958
-0.033950862871197
-0.042633585806131
-0.049667112718991
-0.053987869689851
-0.054582790833335
-0.051134628904634
-0.044320969572440
-0.035345438225157
-0.025171236225876
-0.014312683234170
-0.003346708834457
0.006643067230561
0.014388159707199
0.019266562485483
0.021747628324374
0.022935617568468
0.023748431979865
0.024529933998445
0.025142053725289
0.025199715429360
0.024270034095158
0.021960236787338
0.017993004573050
0.012540598658195
0.006544213931060
0.001286059383232
-0.002415033070225
-0.004401264960370
-0.004900234903239
-0.004250488164479
-0.002778035370512
-0.001008494994537
0.000187901522727
0.000082751636275
-0.001343831611524
-0.003500806875609
-0.005662577428348
-0.007379085382818
-0.008668261199930
-0.009823314417655
-0.011022657098417
-0.012076314998946
-0.012377767684180
-0.011059378310773
-0.007324439432635
-0.000875811088430
0.007704093869775
0.016916634280092
0.024897501782337
0.030251970361297
0.032523812993111
0.032099301658746
0.029826438641674
0.026676402237188
0.023552955342892
0.021117066579843
0.019647158801939
0.019065680655027
0.019081141785032
0.019366152786052
0.019677582030519
0.019873652162958
0.019944670629217
0.020134245719275
0.021023317053722
0.023272406664161
0.027057013210298
0.031757357646669
0.036281126654493
0.039805530735974
0.042272640600870
0.044108363992854
0.045514960817550
0.046217804257665
0.045874292778370
0.044522804224738
0.042542769025487
0.040152484613922
0.037018856933416
0.032511908865033
0.026198739916210
0.017942617853781
0.007866103986345
-0.003520995912935
-0.015329640660820
-0.026520034467223
-0.036215603922665
-0.044024075114297
-0.050110532318335
-0.054938308105903
-0.058861336658225
-0.061811125774843
-0.063414798932136
-0.063507346790079
-0.062346491517528
-0.060159202309210
-0.056751959016966
-0.051819764818672
-0.045456990657688
-0.038213759779987
-0.030728104913025
-0.023425409585499
-0.016654501156896
-0.010962068716491
-0.006905699187456
-0.004521431255954
-0.003179520500733
-0.002102796256705
-0.001046626104813
-0.000433344103791
-0.000803200070565
-0.002232349815026
-0.004286284090197
-0.006382136577864
-0.008226370613078
-0.010028490047847
-0.012281016272741
-0.015361945895019
-0.019266849138300
-0.023468704757825
-0.026998990216266
-0.028848348846165
-0.028530436420478
-0.026427504038389
-0.023503978622791
-0.020571235237461
-0.017936129349595
-0.015698737778711
-0.014074616454693
-0.013433468567371
-0.014118308088455
-0.016072353734521
-0.018729402944358
-0.021370759234366
-0.023458314243570
-0.024753283609288
-0.025302633733346
-0.025300869440912
-0.024936622601560
-0.024301738977907
-0.023400030248564
-0.022153788617434
-0.020373660706344
-0.017996987079383
-0.015381097714268
-0.012993449777242
-0.010853201306897
-0.008605266601789
-0.006075906071686
-0.003607099434216
-0.001884203133725
-0.001469062774235
-0.002563948731415
-0.005099547651597
-0.008817542897958
-0.013273822880131
-0.017803985148388
-0.021613184414700
-0.024084692664178
-0.025027790619507
-0.024698160126133
-0.023610018886010
-0.022174502275451
-0.020491784706436
-0.018619726511516
-0.016888419739062
-0.015672698423041
-0.014933600938894
-0.014243975797210
-0.013349581104434
-0.012355135674422
-0.011153575130143
-0.009273017614505
-0.006557464945484
-0.003460932173285
-0.000567145271253
0.001875068794843
0.004017643038137
0.006203474752627
0.008713440428244
0.011674177713348
0.015067167199196
0.018832475981861
0.022996229537881
0.027393318801603
0.031290167860330
0.033758501071682
0.034510118992873
0.034169713498423
0.033715854680390
0.033778412211267
0.034458599258806
0.035564909817437
0.036848770437482
0.038051978196177
0.038897393938293
0.039244706792547
0.039246339861345
0.039212471826710
0.039390720851482
0.039926006829413
0.040771153570927
0.041604739501861
0.042069742254912
0.041936183066326
0.040986671211275
0.039076991754688
0.036366231253307
0.033343769639401
0.030475315271615
0.027777019906327
0.024970169015513
0.022044093915664
0.019344132760549
0.017151449193099
0.015389972845250
0.013623415710872
0.011312291796523
0.008237216537432
0.004612198371346
0.000763062539083
-0.003134760308492
-0.006962029424145
-0.010498829215518
-0.013555101774635
-0.016158229291174
-0.018503340324813
-0.020791062727406
-0.023006502394299
-0.024801372005961
-0.025826198889098
-0.026087996232635
-0.025661509417751
-0.024327151411648
-0.021926703436800
-0.018877146018854
-0.016047843241329
-0.014163933160601
-0.013299583234255
-0.012851027174054
-0.012025628127549
-0.010402671710244
-0.008030759095190
-0.005091505315804
-0.001628901911187
0.002360929772766
0.006691806203176
0.011029132412921
0.015253416845443
0.019694181011381
0.024858651275689
0.030883087562390
0.037376883265090
0.043770910172211
0.049552892098550
0.054196374095190
0.057200031918820
0.058383284446535
0.058077406869289
0.056880849818394
0.055163504832772
0.052797427044678
0.049347630918694
0.044555957616668
0.038613612793652
0.031888712051197
0.024501183329860
0.016282400048083
0.007125265996268
-0.002636282354230
-0.012220459462126
-0.020740896910244
-0.027507794172371
-0.032114023280598
-0.034360789115778
-0.034198019880373
-0.031821548476006
-0.027720581035668
-0.022448722681702
-0.016341134344750
-0.009596274567183
-0.002638244705925
0.003840943574197
0.009290733572526
0.013586943625122
0.016873476621202
0.019250269344847
0.020651231477878
0.021012004624855
0.020555376606458
0.019718711965616
0.018655940179409
0.017030124923215
0.014364944407579
0.010467678314093
0.005653616690407
0.000633740751226
-0.004049544284816
-0.008450762220483
-0.012870338268611
-0.017402516775291
-0.022087218705188
-0.027006615502078
-0.032003351745702
-0.036473971447688
-0.039366575873652
-0.039586085881338
-0.036764457612697
-0.031482530514871
-0.024571891418339
-0.016492365678110
-0.007502916084121
0.001908014060683
0.010905401876692
0.018517611305947
0.024005720477782
0.026994721576610
0.027270717588502
0.024796535455601
0.020012554154490
0.013862399761498
0.007429425040321
0.001432449392134
-0.004013965032891
-0.009004404486797
-0.013389840240718
-0.016953824280410
-0.019682391548417
-0.021647705281196
-0.022867774093450
-0.023314044148396
-0.023028318259203
-0.022281351984411
-0.021486703540816
-0.020868695395706
-0.020252488586192
-0.019260548315042
-0.017749902588457
-0.015912410779760
-0.013904152093403
-0.011551703854979
-0.008458671692136
-0.004331259233993
0.000710170975520
0.006139181736270
0.011412079627848
0.016097693616639
0.019569070648563
0.021035705808540
0.020131877426253
0.017324154386065
0.013591960690673
0.009725478612808
0.005966199590433
0.002115784940314
-0.002140441597059
-0.006764507490193
-0.011104709363954
-0.014331576973098
-0.016167408675733
-0.016941656638713
-0.016951734080565
-0.016188656111386
-0.014811768975396
-0.013392315533328
-0.012380017771819
-0.011615291473378
-0.010585241693205
-0.009033175061519
-0.007161064746477
-0.005276944014810
-0.003442277267907
-0.001454883036041
0.000975600285910
0.003883495624507
0.006817212075228
0.009197086598294
0.010707015180961
0.011104737724644
0.010131785587806
0.007863673013120
0.004841695765259
0.001734242068379
-0.001185240500779
-0.004215694769510
-0.007723971593847
-0.011487519351880
-0.014635616638867
-0.016205417887777
-0.015660365634443
-0.012985101025705
-0.008604003671982
-0.003256391264499
0.002175912443602
0.006783089362024
0.009841349709526
0.011135588982555
0.010923709851639
0.009525188739510
0.007013810479973
0.003248754601911
-0.001715827214431
-0.007348579249880
-0.013143534466992
-0.019253508794085
-0.026242056092683
-0.034341856668145
-0.043147384204995
-0.051830980511137
-0.059529613859765
-0.065671063079665
-0.069925313428286
-0.071914854701298
-0.071344114878647
-0.068446393633677
-0.064067632406468
-0.059236585150128
-0.054541171818119
-0.049917132604850
-0.045157670084528
-0.040394283240306
-0.035781943411884
-0.031002112390326
-0.025540542811721
-0.019337771225074
-0.012941565520157
-0.007109941344242
-0.002218472171374
0.001917069963393
0.005482774161296
0.008195605580733
0.009592189066133
0.009515422183613
0.008195933524277
0.006000672673659
0.003233665196592
0.000349338558866
-0.001809626455961
-0.002464862682821
-0.001588480898582
0.000190040696910
0.002297515475584
0.004526858485124
0.006699285161947
0.008447384106681
0.009475440353149
0.009879476603065
0.010212069180780
0.011149855118305
0.012897442836702
0.015025613136467
0.016985239310290
0.018548178800340
0.019691027662723
0.020328472936279
0.020347970275925
0.019910074961591
0.019562116208119
0.019754505806300
0.020285116757238
0.020493889044625
0.019911735346495
0.018616782638682
0.017030141753689
0.015312562259488
0.013028506594928
0.009535859625386
0.004662030967405
-0.000947838902892
-0.006027646603861
-0.009289006807756
-0.009992815420263
-0.008163834226709
-0.004424939632605
0.000350126884123
0.005232178080441
0.009312284754247
0.012020253713477
0.013458186316840
0.014192953295735
0.014627352338585
0.014603652412089
0.013684163459016
0.011749004207170
0.009215645362832
0.006870588300100
0.005457782180512
0.005114766138499
0.005363237804301
0.005689518588294
0.005662031014600
0.004554835860106
0.001562017247265
-0.003317065834130
-0.008977086135992
-0.014073235666843
-0.018010544721533
-0.021064759676406
-0.023807297811843
-0.026426520479189
-0.028656270528996
-0.030422884899883
-0.031989398804858
-0.033217576315998
-0.033346528629750
-0.031705261084144
-0.028299290139357
-0.023717807864741
-0.018529383018455
-0.012831021929746
-0.006688259851043
-0.000829467829137
0.003561595607046
0.005613838425100
0.005166734477751
0.002659432171246
-0.001251617329714
-0.005952904423361
-0.010761193299301
-0.014923835121244
-0.018013056475644
-0.020153317324619
-0.021751686413089
-0.023025770619892
-0.023764736109600
-0.023565338409427
-0.022317945641640
-0.020354478681412
-0.017990611757070
-0.015106814084527
-0.011416094392161
-0.006870428648014
-0.001592359365826
0.004321257396290
0.010892138834148
0.018245498854106
0.026227174879228
0.033996452385052
0.040244390092202
0.043858515396886
0.044522862293340
0.042965452299113
0.040660229522486
0.039095385829741
0.039061852072720
0.040426984907672
0.042406770014634
0.043864810016945
0.043601543429344
0.040995074927257
0.036583604562153
0.031825717633551
0.028079546866144
0.025637106731045
0.023725181046565
0.021390615856660
0.018233759320870
0.014553244647574
0.011245614306443
0.009440722197682
0.009835925457378
0.012289486560699
0.015881615787817
0.019149521516574
0.020689025602963
0.020004678850294
0.017613365709577
0.014399511335335
0.011253674419189
0.009074624237588
0.008559477507040
0.009784733234145
0.011994951406666
0.013916745140375
0.014545136972833
0.013810598245321
0.012382481219323
0.010832425698622
0.009247525278233
0.007517944379043
0.005645650075359
0.003819888402005
0.002284818572800
0.001102717297170
0.000207290071690
-0.000268585001987
-0.000085742750624
0.000588226131830
0.001130877400294
0.000978371090606
0.000007397249762
-0.001495403002827
-0.003179036090557
-0.005020219479469
-0.007261147625891
-0.009951034063902
-0.012810126438003
-0.015459733440053
-0.017568388429309
-0.018928181568059
-0.019475400000544
-0.019306325397478
-0.018838510519233
-0.018740775703439
-0.019444235039604
-0.020762546243710
-0.021974470531712
-0.022265859455856
-0.021249423032471
-0.019152227147120
-0.016497724915134
-0.013724605212044
-0.011255559024864
-0.009676159427844
-0.009441781255217
-0.010436212694758
-0.011897959725257
-0.012813835535486
-0.012665409258207
-0.011838318703579
-0.011226348121794
-0.011545608984593
-0.012865494751150
-0.014570636518372
-0.015789996391705
-0.015788519660647
-0.014065417115808
-0.010583183361856
-0.006033293281560
-0.001539482453675
0.002061993335759
0.004715633326745
0.007103294651008
0.010113401512339
0.014206693934965
0.019231778356295
0.024735637273101
0.030237352774980
0.035139986464483
0.038630698174614
0.040056211369599
0.039496597401942
0.037798733562049
0.036012198593276
0.034779608929018
0.034067651934760
0.033392860986514
0.032300205217814
0.030509456852053
0.027774977365920
0.024016801965832
0.019594545190843
0.015142654277368
0.011034443533133
0.007048886482569
0.002568614505380
-0.002750859704573
-0.008442266375386
-0.013462260896113
-0.016839420776420
-0.018031624222539
-0.016921650301139
-0.013659039401697
-0.008577022760305
-0.002277001595229
0.004373082687908
0.010524516940840
0.015658444676786
0.019617590928926
0.022473957513933
0.024453648067110
0.025915295475809
0.027258943520363
0.028686059651915
0.029963008064917
0.030601054423599
0.030404869528779
0.029636820325073
0.028668740304619
0.027683962252925
0.026552111452425
0.025020469899773
0.023208365552171
0.021584926057982
0.020352331678583
0.019209504369974
0.017711500415974
0.015695379734742
0.013425688732811
0.011331021527810
0.009621719790073
0.008296786727721
0.007425848257594
0.007090297110627
0.007035550063821
0.006767692590906
0.006035167781072
0.004943087804530
0.003694306827472
0.002367633628759
0.000758892381805
-0.001560602234792
-0.004853609265678
-0.009004204515372
-0.013711839733526
-0.018705020610813
-0.023870032676728
-0.029240368360413
-0.034720739974719
-0.040000280722883
-0.044858599473706
-0.049290100804801
-0.053245508042123
-0.056352283216898
-0.057986104426822
-0.057749537422112
-0.055796932594303
-0.052603169258236
-0.048558868101742
-0.043867727742383
-0.038737354516311
-0.033499105556954
-0.028510963033610
-0.024012814271240
-0.020064800246141
-0.016686520744202
-0.014016549791447
-0.012154369666573
-0.010986586953542
-0.010387227222639
-0.010503622206027
-0.011734795293583
-0.014382703829082
-0.018310380139723
-0.023023173688930
-0.028004851465971
-0.032868641927448
-0.037338328997994
-0.041089107485951
-0.043649870650226
-0.044717591867440
-0.044427773919945
-0.043159191287321
-0.041230328000739
-0.038780355771390
-0.035833790267319
-0.032437733795523
-0.028646348171347
-0.024342595769457
-0.019317670665688
-0.013690105692881
-0.008104130724110
-0.003420423418791
-0.000165727089263
0.001746228179241
0.002667455964963
0.002650977041844
0.001435228083681
-0.001048315670075
-0.004387984875670
-0.007958048532564
-0.011368811098779
-0.014628644368146
-0.017824077800277
-0.020685823960884
-0.022670637080608
-0.023393326514139
-0.022805903732739
-0.021108107966068
-0.018573684416187
-0.015382533027182
-0.011634012393705
-0.007490419750326
-0.003152447454483
0.001275477382998
0.005712058061280
0.009909103122798
0.013428249886796
0.015881154466285
0.017219697319441
0.017623624564108
0.017104762370325
0.015475840821655
0.012722757380564
0.009245574198203
0.005769468751179
0.003058998189753
0.001571323900498
0.001344589460896
0.002204539245003
0.003851790325744
0.005793202127070
0.007500706929138
0.008645063211247
0.009243747697411
0.009723392569516
0.010555466354156
0.011771003543203
0.013101526729839
0.014443331526700
0.015965425396804
0.017853193120558
0.020010759514847
0.022155811379565
0.024305047869312
0.026910090012476
0.030454136490744
0.035069212765909
0.040435744059545
0.045980638454513
0.051193030836446
0.055716716345958
0.059203232114472
0.061181129437387
0.061241372690758
0.059408015096160
0.056117045538194
0.051902271675645
0.047283017482085
0.042742651626801
0.038704917639675
0.035471215244092
0.032909165512833
0.030368904144196
0.027309546561792
0.023945837832367
0.021185263801432
0.020061696757205
0.021104203503567
0.024049471520381
0.028137897326868
0.032599531396723
0.036839749839090
0.040431974206032
0.043265968849968
0.045661712537797
0.047995971810385
0.050139130378097
0.051416971743430
0.051136544340832
0.049071796075745
0.045485700767560
0.040814521660835
0.035380965754522
0.029390237270180
0.023188947302285
0.017453143959059
0.012922282667015
0.009835707383326
0.007781987810066
0.006162166004272
0.004680322957028
0.003511425480492
0.003079000188852
0.003522069562549
0.004524808937769
0.005682528339261
0.006668849087629
0.007120560591715
0.006703594695799
0.005372492273372
0.003533709161558
0.001759830046397
0.000177477404881
-0.001713405046402
-0.004542635552584
-0.008518353671435
-0.013312804924742
-0.018300217185527
-0.022848647128469
-0.026528913839980
-0.029259497916352
-0.031317752583097
-0.033201381922731
-0.035391228223001
-0.037937803191570
-0.040195026839707
-0.041299912952311
-0.040953167168146
-0.039547816407821
-0.037746240386305
-0.035982506789157
-0.034251895925071
-0.032515876693433
-0.031056156185109
-0.030156649715698
-0.029734634380176
-0.029376865394168
-0.028625283789152
-0.027321080011167
-0.025658359849786
-0.023810350395391
-0.021612002751832
-0.018800399660427
-0.015534824377802
-0.012450931818560
-0.010124776258969
-0.008633041089195
-0.007739736729021
-0.007351179992839
-0.007579960781166
-0.008436209231363
-0.009659042423388
-0.010903661944058
-0.012002757035545
-0.013025847199541
-0.014142153314613
-0.015390049886030
-0.016581884481435
-0.017455379323022
-0.017867787655157
-0.017828920885518
-0.017335132617960
-0.016290638707912
-0.014755676871495
-0.013106293188694
-0.011721558732941
-0.010660008483857
-0.009831137904668
-0.009293631151510
-0.009168624874616
-0.009301668889140
-0.009137211088060
-0.008079350396271
-0.006007453058659
-0.003336395062200
-0.000594226515446
0.001965653778660
0.004342683093680
0.006445113434321
0.007864397336867
0.008124977044955
0.007163070409061
0.005420550532167
0.003385537250616
0.001079492073085
-0.001900714172536
-0.005812052984589
-0.010378032102251
-0.015040438630990
-0.019407822429884
-0.023319852265170
-0.026670677019959
-0.029358637168876
-0.031319067863853
-0.032530012891103
-0.032990673272805
-0.032580426614282
-0.030967142492459
-0.027907758919618
-0.023652781530212
-0.018897982141613
-0.014367894142876
-0.010525218741826
-0.007654100763342
-0.006049835300397
-0.005883988715011
-0.006897306134963
-0.008469373110517
-0.010055882829271
-0.011508949745287
-0.013019793060072
-0.014738221224346
-0.016475967475233
-0.017882151464987
-0.018783293464323
-0.019234360900873
-0.019275094847170
-0.018651765752709
-0.016921589260740
-0.013944403245931
-0.010189750290166
-0.006432128161961
-0.003104540036302
-0.000159491597749
0.002471793701723
0.004675518239510
0.006378336789787
0.007802310396361
0.009480933038533
0.011752221582142
0.014236917863910
0.016153636918338
0.017037506194635
0.016947540037458
0.016153813501125
0.014793452865088
0.012855691348877
0.010498262009558
0.008187458136787
0.006350137207388
0.005096666231282
0.004404097078251
0.004318361978768
0.004918590724978
0.006244742903296
0.008263213425640
0.010904207651302
0.014230871934943
0.018434109015723
0.023415980316386
0.028521932926414
0.032996352694628
0.036662933056194
0.039966271481943
0.043430849235413
0.047145825767162
0.050634998635115
0.053242126736605
0.054648887012160
0.054949953108289
0.054388046722540
0.053115637784902
0.051158760693346
0.048568386292390
0.045432665992022
0.041714235054962
0.037265289806395
0.032012574727090
0.026160629129472
0.020280838226384
0.015013630866710
0.010669684987669
0.007294694661911
0.004878302939220
0.003196156525438
0.001675629907977
-0.000305732212292
-0.003005722484975
-0.006153807858635
-0.009176366280577
-0.011704398920827
-0.013860616880369
-0.016040691727319
-0.018428556214925
-0.020663887438019
-0.022074249193462
-0.022256574862849
-0.021254552884050
-0.019342072941057
-0.016994219913325
-0.014954136934257
-0.014023137099298
-0.014728605852093
-0.017048148883395
-0.020278925688831
-0.023425184282371
-0.025925151027422
-0.027827560257376
-0.029310012049833
-0.030369564493586
-0.030968521579630
-0.031151938574624
-0.030971977127137
-0.030401659128412
-0.029305340171415
-0.027594789493030
-0.025430609935702
-0.023074201874374
-0.020550451266914
-0.017517169635386
-0.013453259549374
-0.008192132653149
-0.002333556463549
0.003175951009127
0.007835935665416
0.011664076361344
0.014659140797972
0.016613513653503
0.017486845718523
0.017707579789330
0.017960693883516
0.018628329199886
0.019454232368329
0.019937551106320
0.020039525789400
0.020258684259289
0.021063670641431
0.022418370584075
0.023778449458404
0.024420213662528
0.023788032720198
0.021710735316784
0.018452851011081
0.014597165535468
0.010873771000878
0.007944687227918
0.006126118925559
0.005249603370123
0.004849991651077
0.004532493731802
0.004152874670379
0.003736500832005
0.003303919488052
0.002749904027171
0.001951543177520
0.000970740277214
-0.000009642823878
-0.000897844970559
-0.001687468299832
-0.002311123113917
-0.002617588889842
-0.002507257012531
-0.002122826820547
-0.001866562198749
-0.002055293182838
-0.002535862590915
-0.002868779398335
-0.002879016929708
-0.002708608448860
-0.002383772179390
-0.001644922150554
-0.000198656540469
0.001910473134639
0.004151958649280
0.005883531110725
0.006853897249101
0.007187219003506
0.007009701170511
0.006224799346737
0.004707483142527
0.002748774629502
0.001049584013357
0.000122915523052
-0.000078551197102
0.000071739231454
0.000257984541810
0.000371656117530
0.000423091649107
0.000417162818658
0.000418466876622
0.000699864083705
0.001634036742816
0.003328263038717
0.005411665468450
0.007343058589958
0.008907776627322
0.010208709283712
0.011339914430873
0.012241883885687
0.012730080187168
0.012704849277439
0.012256715428137
0.011388510156675
0.009923340510387
0.007873176020748
0.005684823123475
0.004063933657017
0.003573413890223
0.004288148688231
0.005829211715229
0.007766548655333
0.009873393792291
0.011933938280020
0.013512173051552
0.014126059368572
0.013614520284352
0.012258671305870
0.010496773649078
0.008422393117622
0.005686819343504
0.002081957336875
-0.001927187001611
-0.005416149528599
-0.007754675988827
-0.009174860181761
-0.010511315530821
-0.012430287466562
-0.015199553212416
-0.018992998444114
-0.023916589349305
-0.029746998213085
-0.035765037572954
-0.040939120129738
-0.044576077232000
-0.046734503954799
-0.047757883068319
-0.047664884017776
-0.046215511286484
-0.043386532527225
-0.039731084375388
-0.036223042978187
-0.033538823958894
-0.031661415036892
-0.030302849152220
-0.029338759130387
-0.028811690673720
-0.028823488079820
-0.029434513694223
-0.030616907765634
-0.032283929086454
-0.034131718003118
-0.035309327894664
-0.034625153375401
-0.031547816304477
-0.026895106094211
-0.022252554348827
-0.018756870025054
-0.016413271086773
-0.014391871342943
-0.011915995405061
-0.008791006879019
-0.005153652546973
-0.001123064677150
0.003227471603558
0.007822391361860
0.012416713488810
0.016541363684447
0.019900098917190
0.022522848092283
0.024366882876216
0.025133189402894
0.024549080698000
0.022727839044008
0.020264913257901
0.017959881199572
0.016383033691131
0.015660592859793
0.015636738259374
0.016117051539220
0.016828953529633
0.017237199103794
0.016728382509917
0.015123623781213
0.012738311676935
0.009892103961180
0.006650152592876
0.003058800350988
-0.000570682811970
-0.003781031220231
-0.006400295606322
-0.008699797162201
-0.011129480752578
-0.014083003957619
-0.017815060830464
-0.022342176101800
-0.027469849405950
-0.032878599267351
-0.037907527331978
-0.041474827516196
-0.042723392921194
-0.041679663464432
-0.039039434700692
-0.035409294716006
-0.030897942493714
-0.025445308700410
-0.019438462228785
-0.013849542832496
-0.009734050319960
-0.007727177786717
-0.007946077840142
-0.010074999787078
-0.013501439796447
-0.017441379968582
-0.021033055734094
-0.023570497263771
-0.024781043852329
-0.024825443037811
-0.023958400061961
-0.022240848751678
-0.019673799044084
-0.016488323530735
-0.013191685560009
-0.010349818538610
-0.008243811392139
-0.006763185663117
-0.005758407833932
-0.005297162364105
-0.005385990624621
-0.005719988334392
-0.005912337465223
-0.005782749963893
-0.005426800020431
-0.005156424166373
-0.005197006649683
-0.005382680642324
-0.005308669994940
-0.004652182598133
-0.003225695747991
-0.000844148714935
0.002715357758022
0.007438421230919
0.012816653776280
0.018145987180595
0.022950921201995
0.026929868729017
0.029767395552445
0.031132315882442
0.030780956714372
0.028890514935325
0.026329662847873
0.024236450736002
0.023222393388113
0.023076887263885
0.023161714004810
0.023046220555127
0.022775240041737
0.022495518031119
0.022122634329835
0.021739877273675
0.021902985997156
0.023032209321680
0.024840482412918
0.026563027601076
0.027461258045129
0.027280565784457
0.026471713173106
0.025812814184669
0.025803116710233
0.026459964810616
0.027524057830625
0.028708212225926
0.029726300927300
0.030249586739209
0.030104522834342
0.029521596881472
0.028934207512567
0.028451627449267
0.027753317706842
0.026656406204830
0.025593489870993
0.025251105632117
0.025856929271326
0.027064925675676
0.028377330061466
0.029601866470347
0.031005721308892
0.032832652361353
0.034701496991335
0.035813144385688
0.035679513135348
0.034384738095588
0.032241769065658
0.029478138096711
0.026202815240478
0.022556672400234
0.018908966854403
0.015680101330577
0.012996245188639
0.010897148470896
0.009625674590726
0.009314674290220
0.009647568500021
0.009896265619126
0.009239875771901
0.007453388983239
0.005273847001264
0.003739377368234
0.003329885749745
0.003850507147238
0.004895833954938
0.006288457040676
0.007986141655650
0.009650907271642
0.010669759502080
0.010661977061074
0.009704696667097
0.008089688071187
0.006065347737301
0.003745846175996
0.001181714048919
-0.001333355345135
-0.003122408373492
-0.003686821292096
-0.003283071132759
-0.002541516100060
-0.001799162556116
-0.001107350124020
-0.000482786850318
0.000090548300607
0.000691717311463
0.001477191018904
0.002621183571482
0.003997797754720
0.005075900501512
0.005403343429902
0.005079760040398
0.004707704785279
0.004956943160296
0.006027277849019
0.007493362608505
0.008776391184671
0.009550729284745
0.009596850936236
0.008689886877082
0.006790992130401
0.004115733538512
0.001109195108930
-0.001594142179294
-0.003574984435831
-0.005007147062508
-0.006318240302881
-0.007696400835943
-0.009152968505748
-0.010816396359249
-0.012930731565539
-0.015530495907101
-0.018291210292678
-0.020863249872965
-0.023301113437174
-0.025981446513673
-0.028955377911671
-0.031567091488329
-0.032861972556274
-0.032227472782196
-0.029706076078195
-0.025849135272407
-0.021236637592799
-0.016217225124943
-0.011137062422239
-0.006486242340456
-0.002588456410746
0.000691188920990
0.003758932526387
0.006821491704560
0.009598087997284
0.011564424727417
0.012525637950057
0.012623946722753
0.011751590407331
0.009519982105068
0.005860641709860
0.001270515899919
-0.003475309619316
-0.007722224400413
-0.011229090743141
-0.014117329140243
-0.016466290105416
-0.018120579794592
-0.018892954638375
-0.018724290758769
-0.017692528894121
-0.015927854197392
-0.013452698335280
-0.010243454593629
-0.006557824017094
-0.003069240540666
-0.000527000915293
0.000733578972138
0.000868792430277
0.000174180577850
-0.001127997712890
-0.002776076609986
-0.004449554330283
-0.005994596682136
-0.007571658358246
-0.009434376072442
-0.011502382909021
-0.013286515285139
-0.014266976731117
-0.014261879776757
-0.013576031364016
-0.012748831504920
-0.011892484066209
-0.010474153774264
-0.007956308338115
-0.004393039427718
-0.000307491138649
0.003739451324824
0.007280719770419
0.009791009857642
0.010694796956703
0.009700165006282
0.007112824381821
0.003660109397084
-0.000046992611420
-0.003777610427629
-0.007509205747955
-0.011109032801787
-0.014211593696204
-0.016518008035101
-0.018116068859204
-0.019306439737710
-0.020187862572964
-0.020591522818822
-0.020380091160748
-0.019603194940991
-0.018300372446268
-0.016290448877900
-0.013374386282908
-0.009795801802816
-0.006299479880593
-0.003622770922408
-0.001944735753864
-0.000811904288510
0.000406277953469
0.001943920232236
0.003496693140783
0.004639714544276
0.005249054095533
0.005461932248881
0.005378706389777
0.004924917623927
0.004033054223252
0.002811081525293
0.001394761953199
-0.000215753109939
-0.002031009768418
-0.003872355373872
-0.005459927877418
-0.006660166858965
-0.007561179361106
-0.008456358212060
-0.009672456359269
-0.011170581198049
-0.012493257256877
-0.013291163572241
-0.013708757625905
-0.014019082534156
-0.014033199426413
-0.013303692527751
-0.011845675158753
-0.010174286106984
-0.008708573936331
-0.007511744292840
-0.006495342735833
-0.005657102588595
-0.005185876480600
-0.005310941698237
-0.005946225950937
-0.006665239928196
-0.007129063424424
-0.007267748160634
-0.007129810103432
-0.006871211207951
-0.006670549884326
-0.006602586522125
-0.006774327594468
-0.007209347120424
-0.007489047117420
-0.006984804596504
-0.005503224522834
-0.003455830724444
-0.001435363139434
0.000260194469570
0.001792092560938
0.003565592047276
0.005725752337773
0.007951812507134
0.009891840744344
0.011477500850644
0.012758010677495
0.013682839015510
0.013907077531841
0.012943577424283
0.010747426020468
0.007775239483945
0.004514925386477
0.001461136875276
-0.000720450957981
-0.001492966619935
-0.000801384042957
0.000911700381113
0.002933157114778
0.004756029770503
0.006397648296411
0.008057010217570
0.009660105460363
0.010932325155320
0.011688785457862
0.011970739406618
0.012020436270524
0.012068181984964
0.012114591853077
0.012089596264132
0.012155556267344
0.012543844717243
0.013158772282683
0.013589971091728
0.013473081566080
0.012801312490633
0.011938475768026
0.011303902045190
0.011040568030697
0.011049671399034
0.011252402714024
0.011560353408584
0.011733414436109
0.011545528938399
0.010909971430604
0.009856107545141
0.008620788905183
0.007588968288663
0.006970476325060
0.006696885757344
0.006662672637117
0.006786035473843
0.006826216020240
0.006437180333950
0.005428628835448
0.003967034310000
0.002563414614374
0.001689861745136
0.001412130356317
0.001478299862516
0.001573861848595
0.001483507863908
0.001188596582319
0.000754787764762
0.000146371497066
-0.000620749141435
-0.001239761856292
-0.001296553192560
-0.000657157021270
0.000402735408250
0.001464569020739
0.002393921753468
0.003358465516872
0.004394099944181
0.005232539021561
0.005683338567023
0.005938420026862
0.006290411475378
0.006766796456519
0.007164119590238
0.007282997462014
0.007173333121727
0.007109434639894
0.007211813776032
0.007192135543982
0.006491280518400
0.004693444340891
0.001872644062568
-0.001487371239452
-0.004846109915428
-0.007792318089285
-0.009975309833149
-0.011110710806328
-0.011258151825133
-0.010959210462003
-0.010825308983639
-0.010944188604955
-0.010737425380639
-0.009450982365406
-0.006913378809417
-0.003816981962639
-0.001192753494906
0.000231513897471
0.000129743727254
-0.001523867871858
-0.004417937856848
-0.007942812248849
-0.011358473761687
-0.014137106682936
-0.016378267014828
-0.018623675487788
-0.021131739120879
-0.023634605645448
-0.025700440544940
-0.027013396809032
-0.027403212398024
-0.026729252048595
-0.024790115315092
-0.021582015202593
-0.017624828567806
-0.013711996590808
-0.010301144174622
-0.007281520561276
-0.004286239167413
-0.001224819693597
0.001455110942864
0.003131601547377
0.003578758893694
0.003068944000353
0.002104767449514
0.001089232566654
0.000068623713274
-0.001041535669935
-0.002146873373556
-0.003354522359775
-0.005082104879705
-0.007357582718616
-0.009622663743475
-0.011365884278946
-0.012684684867528
-0.014088609248820
-0.015716692998947
-0.016999896209262
-0.017063503191590
-0.015403451182603
-0.012263250054236
-0.008191710071860
-0.003502486835109
0.001679913787591
0.007319770372223
0.013395989690794
0.019806812173506
0.026451203061667
0.033103198889992
0.039258863459195
0.044431006063489
0.048371054805207
0.051089313483245
0.052919502814716
0.054167962635197
0.054663650353949
0.053971976924302
0.051891616437427
0.048716234235093
0.045065568604879
0.041358565761373
0.037610059028785
0.033718791293931
0.029773588328321
0.026144953707641
0.023228467200608
0.021125976045656
0.019711429811889
0.018801523480035
0.018141690146234
0.017390596351218
0.016240294045792
0.014703265734560
0.013241403860934
0.012337632637997
0.012012275586075
0.011868241592702
0.011477224305947
0.010820890188764
0.010317162374312
0.010255921974823
0.010484364633400
0.010755189842642
0.011047043902294
0.011418929378543
0.011743976503913
0.011629769265900
0.010535648013259
0.008075073143319
0.004267593776048
-0.000519926911492
-0.005838090156433
-0.011299117331546
-0.016512870207451
-0.021113036932221
-0.024933617957990
-0.028088559457091
-0.030793603107460
-0.033031631278449
-0.034551563550072
-0.035245263379844
-0.035304052127158
-0.035063642993217
-0.034799583123349
-0.034529099455589
-0.034067417924144
-0.033437647919418
-0.033060306174373
-0.033364247563149
-0.034421758532335
-0.036094402019708
-0.038239226492267
-0.040696927208035
-0.043297348167954
-0.045806094711518
-0.047914515895657
-0.049506152002765
-0.050665256169940
-0.051302864537870
-0.051114642694195
-0.049791800062060
-0.047152531455398
-0.043428792077302
-0.039266704323817
-0.035080468945020
-0.030747702622733
-0.026139430901185
-0.021596311708086
-0.017745932954658
-0.015013424630188
-0.013406376923396
-0.012737665760583
-0.012907080423462
-0.013807935979300
-0.015039012648404
-0.016038729462181
-0.016669748085841
-0.017394641331659
-0.018662330241632
-0.020351579700019
-0.021874383881240
-0.022638431152390
-0.022476973918564
-0.021689870504822
-0.020625908929285
-0.019331999653649
-0.017596752845650
-0.015189759257820
-0.012091839939083
-0.008517342721388
-0.004760625124926
-0.001151466662333
0.002004593607400
0.004635046683883
0.006979354584873
0.009389069585482
0.012025367831643
0.014697814520656
0.016962880142012
0.018442422241113
0.019035805035921
0.018765783480513
0.017577541272247
0.015435655844890
0.012608251617274
0.009766908616607
0.007571024406205
0.006053151291849
0.004649788787988
0.002913948473879
0.000998552637795
-0.000510453676200
-0.001086379635348
-0.000621087177720
0.000722065809295
0.002877786726373
0.005807992807229
0.009185928308577
0.012504630655968
0.015521814954021
0.018493462727902
0.021961601027964
0.026230351182866
0.030997394374329
0.035545413746760
0.039232373788937
0.041701878962338
0.042786212929198
0.042500240678857
0.041084122654606
0.038863262508274
0.036181921906097
0.033464048150038
0.031044918715737
0.028993839216274
0.027278563788170
0.025887505117194
0.024690397981574
0.023468025098821
0.022188603567197
0.021082585140071
0.020441067954159
0.020384944020985
0.020683321856871
0.020874305553263
0.020789188285743
0.020791094006624
0.021313669714385
0.022309167283719
0.023228008820198
0.023520381152532
0.023096535055597
0.022184881894015
0.020920138716536
0.019310360735939
0.017472801027219
0.015650678266706
0.013994931832715
0.012542871653848
0.011416177718165
0.010879491490899
0.011255377951841
0.012742309564644
0.015133979004024
0.017786304635245
0.020062523483677
0.021852883614107
0.023497215761449
0.025193892620804
0.026754386567222
0.027910841768574
0.028592175651530
0.028840229965318
0.028491888597085
0.027090082260949
0.024340389853996
0.020553559096470
0.016394214979505
0.012309353723704
0.008279946548434
0.003976449620432
-0.000794079068503
-0.005826656654767
-0.010811714947913
-0.015656014999253
-0.020344453228358
-0.024631270393625
-0.028112780515165
-0.030689590566354
-0.032751752883802
-0.034739969798627
-0.036627614380196
-0.038039773064110
-0.038820334900253
-0.039227361527878
-0.039643090893731
-0.040263664797622
-0.040947749120703
-0.041332455830761
-0.041253218268414
-0.040911013362319
-0.040449873753852
-0.039718226299550
-0.038639841024866
-0.037448853578459
-0.036473098313472
-0.035898680849441
-0.035656492184802
-0.035442094214631
-0.034980428237565
-0.034260964366204
-0.033370556449022
-0.032211961859604
-0.030631573396950
-0.028763693675194
-0.027014780284671
-0.025634203257634
-0.024418082933135
-0.023003009004412
-0.021377834540202
-0.019910339802489
-0.018891841937450
-0.018177945905230
-0.017310282636449
-0.015913624603039
-0.013951131222939
-0.011653081819870
-0.009226162849222
-0.006759902746054
-0.004445787768189
-0.002662215413281
-0.001727393119721
-0.001564209487492
-0.001654098453576
-0.001473054506708
-0.000959874943049
-0.000449098438437
-0.000204747409657
-0.000134011939216
0.000016216610737
0.000287956404337
0.000482264868014
0.000495038445178
0.000531767373496
0.000919701424694
0.001735651750710
0.002639173355226
0.003212131689918
0.003496850895120
0.003943738298287
0.004786788928345
0.005729818843849
0.006347004263221
0.006579353887322
0.006650008387322
0.006713576641423
0.006749372718497
0.006577804415961
0.005961947069226
0.004773654933446
0.002956362351607
0.000486545245662
-0.002390505799983
-0.005052215520085
-0.006852830087943
-0.007640716078716
-0.007882855224238
-0.008166474953889
-0.008650432382037
-0.009082795127355
-0.009165664116546
-0.008830096490145
-0.008177435825796
-0.007163484854312
-0.005540881323830
-0.003150231528071
-0.000113977498654
0.003242979301238
0.006623777311871
0.009851060964668
0.012672877629879
0.014695644181927
0.015678141568695
0.015733770951291
0.015132306979847
0.013977052056482
0.012149225408380
0.009566904245704
0.006506656119833
0.003666145466229
0.001754562922506
0.000937733620655
0.000746660342310
0.000513513029737
-0.000102849925894
-0.000993218938051
-0.001896461034593
-0.002561742927135
-0.002581727219020
-0.001404530820266
0.001151720370995
0.004452832461561
0.007467255511563
0.009658486637911
0.011227601396929
0.012554184058385
0.013632503594951
0.014042131504810
0.013380820156514
0.011741559899958
0.009708284859051
0.007899616638709
0.006639188420224
0.005921027729973
0.005549130753637
0.005362272828106
0.005251146994679
0.005015355722210
0.004460621280339
0.003606998270901
0.002620770915366
0.001563984631009
0.000327530393357
-0.001134491715751
-0.002613317047140
-0.003818409661989
-0.004704561332617
-0.005545947270897
-0.006626926137269
-0.007909029610979
-0.009016645998446
-0.009411339935334
-0.008718369584113
-0.007066695429655
-0.004923377343607
-0.002604237611340
-0.000201530110378
0.002174816060710
0.004458498140534
0.006854390441669
0.009644488797392
0.012685983805802
0.015309365005680
0.016818010434445
0.017055726297249
0.016453588865528
0.015465549392118
0.014068657374580
0.012062536615231
0.009722298269497
0.007763504520012
0.006647264199023
0.006195991893304
0.005892512065681
0.005354920137086
0.004624947246094
0.004129123716775
0.004236589756765
0.004889627622517
0.005750623049951
0.006605144433255
0.007570994484786
0.008871088298733
0.010406521460715
0.011824590159002
0.013091702288825
0.014572623603659
0.016344697435208
0.017869312316134
0.018601316767141
0.018570416601336
0.018175688766259
0.017736389977424
0.017383486826879
0.017170567887947
0.017178943266534
0.017521979572238
0.018190556475533
0.018898189695990
0.019228318597147
0.018987216645781
0.018281764595609
0.017258257294703
0.015899132172667
0.014081245787181
0.011805348865838
0.009316579664179
0.006935169241636
0.004811536566716
0.002912226701213
0.001280724512103
0.000175714959583
-0.000293796096975
-0.000570451576779
-0.001350272303956
-0.002898836033414
-0.004877448474542
-0.006688415137214
-0.007803506284051
-0.007944281643082
-0.007088577624509
-0.005356572756631
-0.003058984233364
-0.000775278401519
0.000941868243882
0.002033374486821
0.002985869801913
0.004306472403177
0.005913969777854
0.007141891708475
0.007406114765866
0.006798927120710
0.005975099418852
0.005522008238960
0.005560308459902
0.005923681547936
0.006471830914696
0.007125460723300
0.007772350252561
0.008267195822153
0.008527937925365
0.008633279831610
0.008808826905588
0.009216075795453
0.009738835769342
0.010135396978749
0.010390189049861
0.010754562156238
0.011410809590463
0.012115435323625
0.012291001913102
0.011623127480771
0.010407748673656
0.009078382655566
0.007558385955372
0.005334628561362
0.002037709238644
-0.002209846888125
-0.006872152701166
-0.011352490544512
-0.015343255497003
-0.018828031401506
-0.021847018969324
-0.024436017901643
-0.026641311875624
-0.028316074845054
-0.029003724098424
-0.028254039255436
-0.026081435243303
-0.023162841487575
-0.020554949132381
-0.018949426104058
-0.018162223122980
-0.017466602173695
-0.016309417108155
-0.014633517405068
-0.012673969833993
-0.010688890963696
-0.008946509125382
-0.007773032638334
-0.007399249731934
-0.007687337668716
-0.008109018116124
-0.008110348078752
-0.007465721227570
-0.006253446010083
-0.004671940455125
-0.002948386012000
-0.001180727474090
0.000678613615378
0.002495420852802
0.003962750547478
0.005112216532811
0.006343313713200
0.007805157731412
0.009161149883232
0.009998299834618
0.010189163058895
0.009924167081677
0.009521126488490
0.009133413865298
0.008674107507103
0.008056795338120
0.007380330080498
0.006828932999365
0.006461873334273
0.006152614433377
0.005789410267814
0.005447565504587
0.005123508525425
0.004366083344233
0.002539590436922
-0.000467839294884
-0.004042503428099
-0.007425372970192
-0.010361754808355
-0.013112046374268
-0.015848043348427
-0.018248015367198
-0.019891693480683
-0.020753827431395
-0.021024790160768
-0.020758455333002
-0.019901313731150
-0.018436258475385
-0.016400139403222
-0.013934547389018
-0.011352641062173
-0.008984841816286
-0.007000864842022
-0.005518608180852
-0.004741186293507
-0.004807786577510
-0.005569869116514
-0.006704324512497
-0.008087219123611
-0.009901416598216
-0.012297444603760
-0.015028853098461
-0.017555247255682
-0.019501594404530
-0.020833022958584
-0.021573021333395
-0.021656342795324
-0.021132196946298
-0.020228304026810
-0.019198467761538
-0.018185353958601
-0.017084447827471
-0.015564337555965
-0.013341337453514
-0.010410028897141
-0.006941711422725
-0.003023736897829
0.001389415599356
0.006215717243377
0.010894304037516
0.014610732437888
0.017087637127223
0.018700304610034
0.019751521627577
0.020121741447786
0.019559017169396
0.017926625352965
0.015266341350907
0.011790057603136
0.007715318451510
0.003223858766654
-0.001293239428762
-0.005174945363655
-0.007847685067478
-0.009199209884749
-0.009559528017483
-0.009274852760833
-0.008224264319221
-0.005846768971835
-0.001767863476215
0.003738684718071
0.009992390450808
0.016416818424267
0.022672282874706
0.028442840148226
0.033345800715954
0.037094695616342
0.039673001453800
0.041243657768299
0.041842395938478
0.041289952874887
0.039471081009704
0.036577474287800
0.033039038490618
0.029312684084431
0.025694336594303
0.022291164265439
0.019232761440436
0.016717908597730
0.014677428347179
0.012620930696924
0.010123315328216
0.007413207953217
0.005174222908417
0.003817905670702
0.003231634571179
0.003035427447496
0.002838654516943
0.002450477293572
0.001946506674054
0.001495472733484
0.001221349335746
0.001167550877683
0.001233300389830
0.001209229795339
0.000919430851909
0.000293543140029
-0.000522162074515
-0.001041699056443
-0.000730859651443
0.000404874644614
0.001770005365029
0.002802478796804
0.003377856425310
0.003643517021966
0.003700495585721
0.003395124980007
0.002460726284469
0.000913297745449
-0.000949002746014
-0.002978953883231
-0.005282133675347
-0.007810715189063
-0.010190679469532
-0.012056096812072
-0.013359214592855
-0.014342330805883
-0.015201889299705
-0.015725282129164
-0.015418520168647
-0.014079787246541
-0.012033415527125
-0.009654906442598
-0.006904509921965
-0.003563627607521
0.000242289758120
0.004028741061968
0.007421513020261
0.010384513874195
0.012943408113982
0.014909408822676
0.015930344371150
0.015709808544087
0.014261319612065
0.012028776366736
0.009532946552452
0.006836258441040
0.003699657140352
0.000259880508191
-0.002874276791067
-0.005195308978210
-0.006699641196152
-0.007738885894188
-0.008548818150716
-0.009001778774562
-0.008920230411990
-0.008489154727944
-0.008171861324080
-0.008331513262703
-0.009062507007502
-0.010247853223428
-0.011670832285890
-0.013097872344878
-0.014250519390727
-0.014858246392071
-0.014897596163028
-0.014614525235151
-0.014233244009010
-0.013714118695759
-0.012771067228088
-0.011226303886447
-0.009369798912611
-0.007785178974787
-0.006849484560255
-0.006511819866433
-0.006503668189567
-0.006741120319746
-0.007497343506938
-0.009034202092049
-0.011130397193725
-0.013186637489298
-0.014668855970786
-0.015380643841509
-0.015485538207687
-0.015228332528720
-0.014630113799168
-0.013558510450143
-0.011978898247154
-0.009980484436334
-0.007611920308772
-0.004894068910161
-0.002011109079222
0.000670778056245
0.002820776286539
0.004441749784355
0.005935624324200
0.007665602840033
0.009531533426621
0.011124696098093
0.012089637127775
0.012306398599770
0.011892471114684
0.010995646988776
0.009663965382079
0.008052949453406
0.006538425873186
0.005374835879143
0.004392828025527
0.003248449223101
0.001886514578906
0.000618252860819
-0.000260074303691
-0.000828944835045
-0.001435634385033
-0.002258406857289
-0.003093894309219
-0.003642365180982
-0.003938142362654
-0.004391148321290
-0.005337961813526
-0.006581467781192
-0.007545361856784
-0.007880172434593
-0.007692115986198
-0.007200926747407
-0.006480311158536
-0.005620656272042
-0.004917908475975
-0.004780103895617
-0.005413815864731
-0.006551462627129
-0.007675696857000
-0.008645215359317
-0.009788133320328
-0.011237176922136
-0.012592838277617
-0.013365108226963
-0.013415702704023
-0.013008943462837
-0.012613195584640
-0.012541186066595
-0.012782992946613
-0.013281070416214
-0.014169190184649
-0.015557815965995
-0.017256967046082
-0.018848611007526
-0.019948698838956
-0.020406684288591
-0.020328612856304
-0.019887958027906
-0.019164536716271
-0.018282489508273
-0.017589606314166
-0.017438657731649
-0.017757254185692
-0.018061057525874
-0.017949105904433
-0.017374495180370
-0.016495498400775
-0.015566540497677
-0.014897137659366
-0.014626683675019
-0.014631985559596
-0.014809680718083
-0.015155238703043
-0.015495606438936
-0.015610322679981
-0.015682101815770
-0.016220443401476
-0.017444801357815
-0.018931276557413
-0.019910274594438
-0.019860209579076
-0.018788530114573
-0.016996274889235
-0.014773053182953
-0.012343503376492
-0.009963607414435
-0.008014899168443
-0.006842463772322
-0.006393012097153
-0.006177224640566
-0.005745996881470
-0.005119155854473
-0.004555240171892
-0.003989540899405
-0.002938317041109
-0.000994819819040
0.001685009272614
0.004523464180930
0.007108571230859
0.009431997292231
0.011555632520938
0.013307164823224
0.014451844247244
0.015041976222504
0.015466733849501
0.016177778344988
0.017345101650844
0.018828628399271
0.020505848878674
0.022339243687886
0.024073508084267
0.025164303549384
0.025135051174678
0.024006998338656
0.022312079854419
0.020627772700928
0.019184925780899
0.017946313398211
0.016930962026202
0.016274659460859
0.015919036751001
0.015476422572414
0.014603726019946
0.013433998504606
0.012521904236460
0.012327763757470
0.012757797263062
0.013213187815031
0.013143028369214
0.012568423833090
0.011902569290607
0.011337364519564
0.010757133101488
0.010175121380798
0.009903427118236
0.010277629427310
0.011349547523277
0.012862034436387
0.014513213424294
0.016172492442146
0.017711815962387
0.018700311935157
0.018479001776871
0.016670796727808
0.013709565999487
0.010759178010820
0.008876132059610
0.008308594466077
0.008593983002916
0.009040959710129
0.009194330916432
0.009097584902288
0.009107403136699
0.009543696011804
0.010596165420902
0.012350296728215
0.014699740192635
0.017246421977385
0.019464773880492
0.021112537767506
0.022331093320672
0.023175410284319
0.023301704767780
0.022352015137887
0.020451285524017
0.018163411105370
0.016005228711266
0.014029262832448
0.011889201800052
0.009282675545864
0.006276849984154
0.003217830865045
0.000349158467050
-0.002346587951282
-0.004772607572307
-0.006429592129149
-0.006822315641930
-0.006010367681438
-0.004523862875106
-0.002806588475324
-0.000884414592755
0.001436637103055
0.004190892128838
0.007172473970709
0.010134307172823
0.012949425298447
0.015564711978248
0.017758989883265
0.019077654496121
0.019230030636144
0.018469294657173
0.017403143495182
0.016424489263682
0.015424887267487
0.014076939618039
0.012260812180182
0.010208848863172
0.008362310220322
0.007182757696815
0.007058634527406
0.008139947266044
0.010139469260628
0.012352237839227
0.013916607698661
0.014278735417168
0.013597346902001
0.012613304381019
0.012073116256799
0.012256314162722
0.012894286590190
0.013493764078982
0.013806782241825
0.013939514834937
0.013983904582927
0.013711940531664
0.012824855771192
0.011368609665223
0.009599375987608
0.007584332638278
0.005248036100905
0.002718847744084
0.000453373803309
-0.001059243622341
-0.001805290180378
-0.002297973797052
-0.002955471250830
-0.003708183084182
-0.004298782948236
-0.004574116089355
-0.004465627334766
-0.003921379622447
-0.002853940512671
-0.001200225932521
0.000887449088427
0.002981930738375
0.004690341948089
0.006031990786772
0.007288287908261
0.008563002804550
0.009770860070532
0.010943852114831
0.012285474097544
0.013952346330818
0.015867841816810
0.017732680891126
0.019239369263081
0.020228644437425
0.020624978590744
0.020310617660641
0.019127075096708
0.017144983273228
0.014856924341474
0.012792252943941
0.010964846869074
0.008825765745507
0.005724125777674
0.001522255122377
-0.003180027440804
-0.007501663200252
-0.010851679746094
-0.013048072270095
-0.014252643979204
-0.014951618022181
-0.015672184221476
-0.016563832886007
-0.017392190678910
-0.017834549594905
-0.017664010028750
-0.016935586908320
-0.016134399741209
-0.015811600555716
-0.015999000028899
-0.016244872584570
-0.016153953983239
-0.015680572181023
-0.015040844002666
-0.014546666027316
-0.014416303143520
-0.014640127238319
-0.015163049088886
-0.016098000516929
-0.017492135315940
-0.019073772669921
-0.020482301433747
-0.021565242783775
-0.022372512775543
-0.023028598233864
-0.023590200416180
-0.023982668666303
-0.024173546090873
-0.024339249974261
-0.024624971465282
-0.024762775506775
-0.024198658997909
-0.022610208247464
-0.020179240564840
-0.017381056342110
-0.014505448253431
-0.011512273870101
-0.008404255935200
-0.005439815292496
-0.002920357256140
-0.000941821448517
0.000644145795294
0.001955964545726
0.002767840188864
0.002722150493906
0.001902795436756
0.000914690445236
0.000284094573103
0.000049605256654
-0.000001090316239
-0.000004239200834
0.000026359872981
0.000106665507175
0.000174137902154
0.000074434690250
-0.000206166096259
-0.000325132608532
0.000108603432091
0.001000661943388
0.001774597522310
0.001914946317481
0.001417598571856
0.000734316687491
0.000363109784872
0.000523412968630
0.001178823242167
0.002232381308144
0.003561407412053
0.004925806468195
0.006019601671210
0.006704150571593
0.007153492533888
0.007644729048003
0.008184049838600
0.008479515955235
0.008294252760595
0.007715311167700
0.007098718258174
0.006778245367258
0.006784775203071
0.006895999637753
0.006938554155802
0.006885532116007
0.006681759880618
0.006121823654853
0.005007701579018
0.003483038804681
0.002003428888487
0.000790740699234
-0.000481324378009
-0.002309815766835
-0.004865588689776
-0.007977684110419
-0.011402826138566
-0.015018024358038
-0.018799541649289
-0.022599889057526
-0.026124553481774
-0.029220937035706
-0.031962414862185
-0.034414739198925
-0.036400974616590
-0.037476386221197
-0.037241432485349
-0.035745512326779
-0.033480501383803
-0.030920501165650
-0.028213515089184
-0.025484790108043
-0.023216632177293
-0.021973464584684
-0.021793399355389
-0.022089091981511
-0.022206477442242
-0.022026449947831
-0.021956388357745
-0.022319245124451
-0.022895999032275
-0.023137445013972
-0.022672344309923
-0.021527370981779
-0.019924862770120
-0.017974236788265
-0.015628360928401
-0.012901546800366
-0.009996764254586
-0.007113138586688
-0.004231727209821
-0.001297567665680
0.001431732530466
0.003490077580345
0.004752514905345
0.005655024740364
0.006669765243278
0.007760620271130
0.008574848533138
0.008949630367715
0.009030834814211
0.009067838702174
0.009251964994395
0.009617362718423
0.009997812780575
0.010293336408729
0.010765977262866
0.011748306292984
0.013119326215509
0.014368117188352
0.015057569849928
0.015008963862645
0.014309030580196
0.013327432509511
0.012475807505935
0.011952088957668
0.011831367019528
0.012132002653360
0.012665390228479
0.013083070179560
0.013214022911480
0.013233021997537
0.013368440333561
0.013466211592957
0.012988328787657
0.011610078094712
0.009756127539800
0.008272843730012
0.007580840412817
0.007334045668564
0.006851024858203
0.005763566196454
0.004234829090587
0.002620143809382
0.001135368632946
-0.000007203466777
-0.000501751229144
-0.000347857628562
-0.000048189913364
-0.000209190650235
-0.001107873569124
-0.002525642717572
-0.003974245556289
-0.005281953596465
-0.006777395906455
-0.008726708053310
-0.010852784380058
-0.012500423922629
-0.013139267462019
-0.012785124547742
-0.011949856780682
-0.011075990788074
-0.010146334531799
-0.009024286220755
-0.007997893583573
-0.007618232420320
-0.008069959540065
-0.009027523993951
-0.010027389455945
-0.010815219025122
-0.011412705634740
-0.011794925855254
-0.011612951217915
-0.010566624128498
-0.008963508189812
-0.007577742917363
-0.006911293388808
-0.006820795043928
-0.006952666625413
-0.007264608858974
-0.007955058595300
-0.009055211049447
-0.010322376610772
-0.011531719134672
-0.012611993115466
-0.013554692510097
-0.014421839066576
-0.015261704116699
-0.016019466396481
-0.016747035367175
-0.017664813553255
-0.018858167177506
-0.020136012157610
-0.021186762501266
-0.021764882576674
-0.021859053763063
-0.021656357940563
-0.021236454241335
-0.020531576800693
-0.019624994522193
-0.018814509254173
-0.018339434118060
-0.018058339118157
-0.017457982236734
-0.016168908374406
-0.014373579826694
-0.012540578051514
-0.010930370034633
-0.009526732586769
-0.008262116907353
-0.007149523975058
-0.006273653988110
-0.005597808679168
-0.004875232233327
-0.004015579561551
-0.003277957785926
-0.002907579971529
-0.002905161328266
-0.003182900076849
-0.003752895214969
-0.004737436223912
-0.006148505663921
-0.007692277330250
-0.008915777645727
-0.009560774525801
-0.009726760092434
-0.009701279901477
-0.009665748892103
-0.009536501683139
-0.009060139209249
-0.008084521750325
-0.006708162221607
-0.005117219078593
-0.003456845238078
-0.001942361894355
-0.000834206413550
-0.000254481981806
-0.000015368495876
0.000505062259999
0.002028856339991
0.004695588419682
0.007912756293784
0.010917540438977
0.013341568285779
0.015235208614799
0.016771779649058
0.018118735659146
0.019440337137167
0.020824685404476
0.022196082614138
0.023306945676528
0.023860677563190
0.023747457736891
0.023259883345590
0.023049161030118
0.023632148479726
0.024842468548582
0.026039030614388
0.026911466849021
0.027696588825970
0.028613507168787
0.029498717993629
0.030017112158911
0.029993602539982
0.029427637370237
0.028270873269006
0.026372621017446
0.023655647537368
0.020373861268578
0.017216818016100
0.014899892517492
0.013632827649248
0.013266284475228
0.013789642371293
0.015348527987121
0.017900226810515
0.021066804903318
0.024304385129391
0.027234366215870
0.029847023001284
0.032269204092655
0.034395197198926
0.036008165072795
0.037151852496495
0.038044885919081
0.038714243175429
0.038915767483191
0.038340321389511
0.036951120589760
0.035171994514595
0.033548798831795
0.032276629321667
0.031181608103649
0.030021456268761
0.028751766406108
0.027521927858658
0.026399895823404
0.025192260500764
0.023657341816915
0.021880112699676
0.020245432892958
0.018944068139431
0.017718485693082
0.016270991843883
0.014669501721968
0.013128109965294
0.011665915190657
0.010166843751925
0.008521711858329
0.006616639080543
0.004370304420586
0.001810072487125
-0.000962583014666
-0.003781219644008
-0.006336227774250
-0.008335898368130
-0.009898041048458
-0.011542857135607
-0.013633493623693
-0.015917845434317
-0.017695849033943
-0.018481132594727
-0.018470527126316
-0.018286583279387
-0.018371187541391
-0.018688758510082
-0.018844263225143
-0.018511191065378
-0.017788281839288
-0.016947901739838
-0.016031657613138
-0.015055577035434
-0.014362932124342
-0.014391442728704
-0.015139930604848
-0.016056840691731
-0.016576684132875
-0.016768535462059
-0.017262509908432
-0.018404555784472
-0.019734637116298
-0.020501067175144
-0.020392589320655
-0.019649254138832
-0.018784914803109
-0.018229142590804
-0.018067101486627
-0.018142627896103
-0.018235252636696
-0.017955168374136
-0.016789617739843
-0.014513448921812
-0.011472968396355
-0.008510949408975
-0.006523809910656
-0.005866741362129
-0.006284025361619
-0.007415376529595
-0.009056094139037
-0.010918267588706
-0.012549389445463
-0.013612131953016
-0.014070094656502
-0.014174423658382
-0.014268215388238
-0.014436774827849
-0.014453119233058
-0.014178391852687
-0.013917971807477
-0.014230702371420
-0.015305374147113
-0.016611633013240
-0.017323665111066
-0.017134153339701
-0.016437220964871
-0.015656898898363
-0.014814179668540
-0.013769141875664
-0.012475860008005
-0.011026807719470
-0.009545237249566
-0.008047200375904
-0.006590741519143
-0.005390180448551
-0.004476572202931
-0.003449605158105
-0.001833221175816
0.000458227634400
0.003093991576720
0.005511871175953
0.007090976152012
0.007445061026796
0.006570543740146
0.004671169914979
0.002127799194693
-0.000401347994188
-0.002207686236487
-0.002907703216874
-0.002626382612696
-0.001877048032315
-0.001112522466451
-0.000340679265697
0.000768304625941
0.002392532130184
0.004194384722601
0.005558333056615
0.006211476425550
0.006401082025612
0.006390976715466
0.006107247239568
0.005445283857239
0.004574301179153
0.003756145566430
0.003060866169586
0.002410293866964
0.001896266660616
0.001874557194862
0.002622483241895
0.004043729295291
0.005831585628210
0.007811523900306
0.010000253912858
0.012393976595331
0.014777030768981
0.016749735026735
0.017964965495131
0.018367783580127
0.018195150598966
0.017717007768109
0.017010812222736
0.015973529345853
0.014593770201085
0.013210603375233
0.012214933263975
0.011508839363808
0.010615292459155
0.009250881294613
0.007505122876704
0.005554433261975
0.003417611460537
0.000944312249901
-0.001962631752146
-0.005052395869838
-0.007827637376991
-0.010015429612803
-0.011764761713639
-0.013315274148741
-0.014637849012838
-0.015508715772978
-0.015768908231936
-0.015425452968803
-0.014570665399609
-0.013167676362745
-0.010993532783937
-0.007967865495320
-0.004441539586081
-0.000954992538533
0.002212540275408
0.005048281831936
0.007385745840921
0.008693148559770
0.008490557611558
0.006916963463427
0.004632133443768
0.002251735700847
0.000079079920397
-0.001738267925011
-0.002975721063517
-0.003386243287480
-0.002952694467641
-0.001941516857003
-0.000760455207886
0.000223330986415
0.000800264452519
0.000878015436870
0.000441924780562
-0.000374905943236
-0.001192670578952
-0.001375711313490
-0.000353476409094
0.001878908805293
0.004792883950715
0.007938042461187
0.011231535013226
0.014587083696069
0.017566694394421
0.019551326392737
0.020229902015804
0.019918212670732
0.019274638821177
0.018683165257269
0.018165406333378
0.017823343208946
0.017945690327727
0.018625443811511
0.019500619264270
0.019913699313787
0.019375945247472
0.017997714879821
0.016403236205567
0.015211013191175
0.014707117145577
0.014893177547994
0.015643418176503
0.016785405390285
0.018030882662721
0.018891687366027
0.018886923164275
0.018017463888193
0.016871697292583
0.016015213161821
0.015423937549071
0.014667164728807
0.013456940887969
0.011894924537550
0.010278312037351
0.008784168079213
0.007427039281878
0.006254899744823
0.005315974446349
0.004432714763788
0.003308272181864
0.001815063231091
0.000024411324438
-0.001915172223087
-0.003906754139162
-0.005965132721725
-0.008050218872567
-0.009802120523169
-0.010495940143977
-0.009433791589736
-0.006534032344949
-0.002437695169984
0.001977729374658
0.006088348161202
0.009631800990469
0.012463288689716
0.014318270782539
0.014956823342521
0.014413273622548
0.012856005165566
0.010341592630960
0.006906886225151
0.002764320076288
-0.001655683016247
-0.005859497665979
-0.009612110782405
-0.012958270212118
-0.015777131736046
-0.017558213426453
-0.017786074077566
-0.016435017328720
-0.014026049445405
-0.011283613025682
-0.008727963170675
-0.006530296721625
-0.004749430880563
-0.003513504803394
-0.002820967853339
-0.002422620216159
-0.002079075869240
-0.001819677112133
-0.001902815340542
-0.002493668502922
-0.003384318522764
-0.004224980363326
-0.005054096807663
-0.006345132375243
-0.008442250359459
-0.011046525558883
-0.013319533306269
-0.014535911967699
-0.014601135229289
-0.013904852716164
-0.012844933376146
-0.011685070283762
-0.010750295673619
-0.010449384223279
-0.011001830222638
-0.012218588139504
-0.013632289327145
-0.014845204879558
-0.015693475425298
-0.016204781461038
-0.016501126778748
-0.016585346889211
-0.016246581115807
-0.015387704001395
-0.014335330514788
-0.013560513188558
-0.013229057894326
-0.013240174821562
-0.013488812357713
-0.013912833212887
-0.014394879565896
-0.014703076182111
-0.014572369011591
-0.013900665000569
-0.012922645713371
-0.012089100735918
-0.011610025744493
-0.011282620017429
-0.010868822383449
-0.010385540778851
-0.009983757013728
-0.009743052704744
-0.009633030605281
-0.009647046382296
-0.009913785284871
-0.010498210892891
-0.011090339836545
-0.011110387134630
-0.010121527628095
-0.008099210637714
-0.005431276730398
-0.002692383709156
-0.000419333340236
0.000936937220391
0.001042156970294
-0.000153693483450
-0.002260983439406
-0.004592849735755
-0.006578511169473
-0.008088419567297
-0.009349060012448
-0.010517234822911
-0.011467913779280
-0.012090142114569
-0.012568902017303
-0.013159111581392
-0.013757851762797
-0.013817531929677
-0.012785268667071
-0.010697089577951
-0.008141938445846
-0.005585294257498
-0.003047127735137
-0.000462890089508
0.001977713992363
0.003914778698765
0.005118374667464
0.005710723078469
0.006054913346626
0.006317631081175
0.006253109133513
0.005658287122978
0.004826636277418
0.004169634079743
0.003666270932071
0.003034388723010
0.002172138909016
0.001275341496162
0.000709004966954
0.000717158614501
0.001215548265615
0.001983387424076
0.002890146068404
0.003774135105258
0.004329202583365
0.004239904584703
0.003351161260489
0.001817770476017
0.000161157090249
-0.001019361405983
-0.001532079699513
-0.001632839798912
-0.001475356172780
-0.000830893680505
0.000427981650017
0.001899584538518
0.002963306800927
0.003250177233225
0.002692757424859
0.001368524350306
-0.000644905760774
-0.003308153740178
-0.006474894990464
-0.009838068046575
-0.013141513686752
-0.016273748841867
-0.019028031184551
-0.020943484043450
-0.021566274536121
-0.020871669115106
-0.019356145739347
-0.017643768390995
-0.015924809743222
-0.013827976381784
-0.010932512650822
-0.007257956179832
-0.003243025208395
0.000557786176808
0.003854352782226
0.006758186725885
0.009416514300990
0.011692678628966
0.013400505504851
0.014599395485981
0.015401203934391
0.015675956260580
0.015148196679020
0.013739857450174
0.011802842408845
0.009937638035665
0.008518330715667
0.007487201389161
0.006631754932286
0.005991268630278
0.005895537879150
0.006555076726005
0.007725705171427
0.008878788389503
0.009669300396947
0.010104978080004
0.010253913130679
0.010089538379399
0.009651992765386
0.009061281384719
0.008456533991003
0.008024382624661
0.007859046853798
0.007833643484566
0.007801307031752
0.007793865227411
0.007897274531340
0.008089284595933
0.008296408255669
0.008515795081193
0.008808480938049
0.009085715302813
0.008910283320137
0.007798597031027
0.005868498664184
0.003966191875846
0.002977732373412
0.003096956600233
0.003808738347975
0.004426347180140
0.004606219846579
0.004433930042470
0.004135017340585
0.003932013340121
0.004078453218409
0.004652225950219
0.005316880052218
0.005545217103242
0.005123179801399
0.004342329693458
0.003777230919399
0.003915674379071
0.004802942489551
0.005982393061099
0.006943587950359
0.007617706684388
0.008271566887266
0.008977326311013
0.009375151642948
0.008991818863316
0.007779667760827
0.006262844423949
0.004994413885717
0.004006144065670
0.003047130986450
0.002089799218026
0.001264993369146
0.000622489527226
0.000181087227013
-0.000015343609267
0.000171162746333
0.001041980328926
0.002757153286129
0.004974253263082
0.007075649337704
0.008654099953922
0.009595516062886
0.009956646830129
0.009935645802778
0.009795907362989
0.009826080551149
0.010303256018316
0.011215844021677
0.012073440982414
0.012245199119477
0.011542741425262
0.010412326261536
0.009542939219824
0.009261582254319
0.009271598054389
0.009059448715179
0.008521732176430
0.007984443130691
0.007729129896775
0.007754442136551
0.007901361735803
0.008058905262170
0.008151199173263
0.007928498303353
0.007098184077762
0.005768945220195
0.004497065906247
0.003788984294038
0.003585640912847
0.003285594809111
0.002380007830161
0.001051569748629
-0.000027897046571
-0.000476872687339
-0.000484387414596
-0.000338607747004
-0.000077152495534
0.000350534674658
0.000897626038108
0.001445658092382
0.001958256245076
0.002697687302226
0.004019741575206
0.005726194247009
0.006962758528131
0.006856578081107
0.005107690070947
0.002191495746947
-0.000919491935567
-0.003402202678628
-0.004990304421599
-0.005833389477949
-0.006194369183898
-0.006435011877861
-0.007030946924256
-0.008205532431009
-0.009628919532645
-0.010629009019956
-0.010650277829271
-0.009694628334345
-0.008378258359152
-0.007297723301547
-0.006500835933139
-0.005763523154775
-0.005014681922788
-0.004343111819615
-0.003710389909551
-0.002738146259294
-0.001048895000367
0.001198713634927
0.003394295388147
0.004949302607237
0.005502312429596
0.004892185804896
0.003171305825628
0.000626858138964
-0.002215454362409
-0.004643126202678
-0.006098546046460
-0.006564206070380
-0.006457987265747
-0.006235625124702
-0.006112873480552
-0.005914395695636
-0.005274725854126
-0.004212451133856
-0.003197483159089
-0.002557087354063
-0.002254599204301
-0.002170616239087
-0.002230796535790
-0.002340922968048
-0.002263377579551
-0.001610171795128
-0.000273031791735
0.001204758811233
0.002010750154523
0.001680697072426
0.000237473189026
-0.001901350876269
-0.004102638486841
-0.005970319174309
-0.007534959484092
-0.009007540159377
-0.010746448333252
-0.013170399305427
-0.016239314749984
-0.019286220631127
-0.021545818736902
-0.022661444206963
-0.022787849328587
-0.022395210150503
-0.021791473666804
-0.020783011164399
-0.018974290364263
-0.016323600943582
-0.013333938209115
-0.010819445040334
-0.009456420510578
-0.009515360265837
-0.010985940656513
-0.013615814451253
-0.016718081020454
-0.019283385437973
-0.020470315588673
-0.020082983379469
-0.018624223498541
-0.016724189131409
-0.014541263466572
-0.011918342995349
-0.008994913221847
-0.006388079939504
-0.004783527408792
-0.004523044671351
-0.005606318811460
-0.007905104545773
-0.011188120402889
-0.014873595409594
-0.017886915892668
-0.019085228827183
-0.018000381144718
-0.015083884209663
-0.011221846760282
-0.007128654109812
-0.003213629995416
0.000117786660068
0.002268448011223
0.002740543072484
0.001660493734432
-0.000057172674602
-0.001169547088724
-0.000835981052551
0.000917391651161
0.003333901011343
0.005606788867974
0.007372351868974
0.008548507023358
0.009200430753457
0.009670228709716
0.010320253176789
0.011148290811760
0.011839440152663
0.012034383684401
0.011716085680625
0.011534414382173
0.012466873164528
0.015031544987368
0.019001323679483
0.023742394164068
0.028555312394508
0.032788593346169
0.035814312008972
0.037024262779262
0.036138330353566
0.033505074728421
0.029726730442514
0.025130903936697
0.019885473789944
0.014301409966860
0.008870068373097
0.004159800202975
0.000610653793752
-0.001516784116076
-0.001959536495965
-0.000507516066339
0.002677368156426
0.006929797973894
0.011192362746424
0.014342074019993
0.015790452187601
0.015763986404506
0.014832948025655
0.013435480107866
0.011960889497481
0.010930034140736
0.010886428138644
0.012050445417385
0.013944418588184
0.015531049335616
0.016019185492606
0.015400881862118
0.014123890873852
0.012545708602908
0.010736378756208
0.008647844928629
0.006437922936068
0.004390362959189
0.002562978174831
0.001007552031135
0.000258465327697
0.001151514654939
0.004085863296579
0.008506728403809
0.013163512223538
0.016969347623399
0.019532864218435
0.020900464842008
0.021097739027630
0.019967502041781
0.017367126503401
0.013605523770909
0.009522224405981
0.005991009857126
0.003538422264063
0.002387022822084
0.002537357027417
0.003760304157941
0.005660772649075
0.007782257366911
0.009656872211209
0.010848327487672
0.011027790831878
0.010012860518850
0.007846027507591
0.005015138320885
0.002438751055050
0.000976994351418
0.000975583147763
0.002187030662892
0.003951532466196
0.005620746554508
0.006907839431589
0.007703740600800
0.007762951074470
0.006855105087866
0.005142515530045
0.003230753286494
0.001744362127666
0.000876960164473
0.000467123988786
0.000418532000602
0.000837686457072
0.001851612352405
0.003409605889968
0.005047081641037
0.005912809447118
0.005378571595182
0.003491248484520
0.000701781297332
-0.002496603336559
-0.005578825277212
-0.008001768519184
-0.009419309228770
-0.009902002805513
-0.009880366105677
-0.009681785938327
-0.009172106655687
-0.008069730628179
-0.006462707663943
-0.004843194550862
-0.003754680943967
-0.003410117804048
-0.003555866832398
-0.003765818604384
-0.003894034855443
-0.004075416986219
-0.004307968159762
-0.004377379725147
-0.004252862243786
-0.004243988869976
-0.004645744107007
-0.005404704441304
-0.006244632890633
-0.007024889261592
-0.007869569370922
-0.008924872421372
-0.010104719121554
-0.011245540141606
-0.012380020688356
-0.013648325975830
-0.015096581075650
-0.016659595935611
-0.018172311159431
-0.019449536175184
-0.020474553737534
-0.021360524935664
-0.022071888902030
-0.022352187303604
-0.021996274192585
-0.021096480219400
-0.019945734159900
-0.018768347460173
-0.017642951928107
-0.016615215031972
-0.015751134162954
-0.015136004370307
-0.014836500489836
-0.014783775170602
-0.014829349334905
-0.014952245737617
-0.015256858919436
-0.015766744935428
-0.016245355790057
-0.016343377288415
-0.016095624948458
-0.015989095258071
-0.016291559621694
-0.016641507985139
-0.016443400665438
-0.015428187346589
-0.013797662002138
-0.011919823356552
-0.009975929324245
-0.007966107670547
-0.005907740881901
-0.003927212510534
-0.002216284613905
-0.000826502323904
0.000478658984031
0.001972538139884
0.003663696492402
0.005474110049965
0.007563482088004
0.010201733225776
0.013332084443032
0.016349855813033
0.018364733031093
0.018780227822601
0.017573888560155
0.015072788013289
0.011724586262918
0.008002905445354
0.004322933492641
0.001083194903000
-0.001348918079432
-0.002906856934574
-0.003899723947678
-0.004675697772109
-0.005389023705176
-0.006104308380680
-0.006995270200062
-0.008317064723993
-0.010065569993414
-0.011847434896619
-0.013242444337021
-0.014068953882470
-0.014207697234017
-0.013437966249525
-0.011585852430183
-0.008723376415809
-0.005283532612510
-0.002072706613186
0.000104566272067
0.001033193524960
0.001146599582647
0.001022883589934
0.001017532636086
0.001289932977910
0.001923264104590
0.002863817744312
0.003765581029833
0.004136012025873
0.003765976009747
0.002866035126533
0.001745758278008
0.000521714546802
-0.000857254562891
-0.002455129325435
-0.004162494955500
-0.005659268017178
-0.006807803983640
-0.007905804172926
-0.009243306894771
-0.010584594493281
-0.011253381800560
-0.010745733781429
-0.009272728050342
-0.007575574244317
-0.006190713672545
-0.005193338530380
-0.004613103823523
-0.004539460171034
-0.004853773423024
-0.005292222576007
-0.005647415526235
-0.005818433292793
-0.005873855688335
-0.005995659658361
-0.006117684060112
-0.005721714578644
-0.004367817224376
-0.002338382926357
-0.000433676119936
0.000672122441711
0.000834986556533
0.000495905911795
0.000232823797901
0.000324476503866
0.000924084622989
0.002210220713324
0.004157878777628
0.006483874870865
0.008779886527428
0.010580888000888
0.011587506241825
0.011900569557092
0.011773654143389
0.011211715031116
0.010106001918382
0.008624229413603
0.007180342436374
0.006055019863137
0.005176205349163
0.004332633106965
0.003565513359626
0.003162937523784
0.003252778382214
0.003650447409156
0.004147113081587
0.004730432150105
0.005490619466554
0.006472225042902
0.007597374002879
0.008667563226453
0.009616802644104
0.010731964165403
0.012305715145799
0.014089405343958
0.015374645682699
0.015674100028746
0.015203321917648
0.014611966815096
0.014224654537308
0.013746401231592
0.012824134170111
0.011493156883628
0.009961437271235
0.008405513117237
0.007008294253206
0.005969873590352
0.005434383888582
0.005285638269236
0.005097774939819
0.004507476340505
0.003606542611500
0.002882794595078
0.002731617669634
0.003010365942734
0.003078726979709
0.002369986089713
0.000997993659888
-0.000413214223786
-0.001483621806609
-0.002310444828292
-0.003069000939661
-0.003749328212087
-0.004247498109345
-0.004452744799336
-0.004220538244721
-0.003473936580018
-0.002309749533034
-0.000857589946100
0.000779464036751
0.002291866698859
0.003122251686524
0.002919672156075
0.001938936344661
0.000806847577447
-0.000011354579266
-0.000412817458195
-0.000480712186537
-0.000295542798100
0.000018491191360
0.000169952866881
-0.000133833681505
-0.000849644272136
-0.001599380683266
-0.001975171466068
-0.001789725708014
-0.001203424354850
-0.000637148042091
-0.000435411607024
-0.000634095443778
-0.001094618137146
-0.001676096456673
-0.002158351950258
-0.002277286040667
-0.002077273585635
-0.002095893562881
-0.002946453169906
-0.004619036149607
-0.006382186782973
-0.007539375770329
-0.008103236574149
-0.008621956860544
-0.009557108488824
-0.010878110759788
-0.012089053047287
-0.012694113238079
-0.012729323277416
-0.012707587021868
-0.013078109190167
-0.013933914292931
-0.015104357779047
-0.016262033548707
-0.017003006649688
-0.017025573351700
-0.016280849284534
-0.015008372505252
-0.013664249969969
-0.012612685136073
-0.011774612057968
-0.010717642548180
-0.009115646271790
-0.007096146452983
-0.005143500290592
-0.003602254328993
-0.002390747396868
-0.001258284203500
-0.000139055926370
0.000786317519882
0.001348889833378
0.001661785582082
0.001974212223848
0.002296299813425
0.002415994752548
0.002273481057629
0.002013466823368
0.001657155593113
0.001016294522979
0.000003673960448
-0.001093117495552
-0.001729934844326
-0.001539644020273
-0.000699940167608
0.000155821387225
0.000502962706730
0.000325734158521
-0.000051406462900
-0.000291603087629
-0.000253752028441
-0.000028001420992
0.000276895477506
0.000606084177232
0.000725753833442
0.000306510476355
-0.000583729250774
-0.001366340983564
-0.001438832428328
-0.000666194878659
0.000625554498672
0.002109910003735
0.003785375640839
0.005795135065747
0.008086824136995
0.010375908177917
0.012420977996109
0.014137048983596
0.015398523446153
0.015935538107680
0.015373796753174
0.013410371621042
0.010172410473726
0.006238954722121
0.002271162728474
-0.001114126347162
-0.003259096229170
-0.003655241369750
-0.002365482114772
-0.000199283069275
0.001652539412385
0.002372954029319
0.002125975820211
0.001888791843860
0.002593531471310
0.004420323188592
0.006797115227819
0.008951774468368
0.010421570220552
0.011057793662823
0.010796949220595
0.009683792095950
0.007994453174301
0.006113256972148
0.004268393469875
0.002386792880255
0.000272660999486
-0.001945907780859
-0.003722023408862
-0.004582601679021
-0.004490893162399
-0.003717486529668
-0.002587032698896
-0.001299324063322
0.000085636488699
0.001450330589652
0.002487485306976
0.002826698049090
0.002259892765978
0.000808517313543
-0.001393885021130
-0.004143165355342
-0.007025394603976
-0.009312672969422
-0.010120223501669
-0.008909541871762
-0.006013346923049
-0.002490189589678
0.000679711435403
0.003075628570107
0.004593068128487
0.005174071484662
0.004843393648104
0.003746634334668
0.002148433871982
0.000357294227463
-0.001470157221463
-0.003263629938338
-0.004643590232659
-0.004903671831985
-0.003667523215188
-0.001374523000972
0.001079897897645
0.003057507762719
0.004449793064453
0.005392575595014
0.005922466900794
0.005958203792120
0.005438167406387
0.004329100488972
0.002639511746598
0.000597526661705
-0.001309363381565
-0.002591755873628
-0.002979528655719
-0.002490774197950
-0.001478373149276
-0.000474310910829
0.000258944857756
0.001033776475059
0.002384968500368
0.004289916746170
0.005957944889094
0.006519130899569
0.005822662038202
0.004543526393451
0.003524579219700
0.003167882112036
0.003480632711223
0.004318275086126
0.005385610518911
0.006175404944740
0.006135888742963
0.005133257383357
0.003778853931682
0.002962533942200
0.002976574261213
0.003382639458093
0.003653711589415
0.003762738733588
0.004164706035346
0.005180464752946
0.006510924646096
0.007446524803436
0.007486584328510
0.006703079285857
0.005540791238539
0.004433093405915
0.003632079061486
0.003249332821495
0.003297417695405
0.003564414739392
0.003597137523615
0.003094793955459
0.002355250203907
0.002160016200933
0.003049275054120
0.004737043252965
0.006345729897268
0.007170163879070
0.007194196215325
0.006901105583329
0.006597592634170
0.006115708643336
0.005256299971996
0.004203138347507
0.003342500882930
0.002857188296176
0.002641999454458
0.002667381253965
0.003183659848783
0.004280229778697
0.005524971782799
0.006269682950052
0.006108848573430
0.005067068242136
0.003450379294338
0.001464629005543
-0.000875522252721
-0.003407310538686
-0.005638573031893
-0.006966909696674
-0.007084898862088
-0.006315555244562
-0.005437553660496
-0.005010231920439
-0.005012791011051
-0.005205229903324
-0.005537692919830
-0.006014207741962
-0.006428527401043
-0.006468931271178
-0.005973762119389
-0.005120798745568
-0.004404276949625
-0.004195921706655
-0.004422456764136
-0.004803346456887
-0.005153675671693
-0.005405060312528
-0.005445535184968
-0.005063313809146
-0.004246374378580
-0.003459614784594
-0.003370636117332
-0.004279218634473
-0.005942940055351
-0.007885213359123
-0.009721066784454
-0.011308687861138
-0.012775634197830
-0.014382775376250
-0.016246711909680
-0.018223280621364
-0.020083917604861
-0.021593744204010
-0.022529603803638
-0.022929788569813
-0.023140186173092
-0.023439217133671
-0.023684996189846
-0.023360841790620
-0.022089597432384
-0.020108960948766
-0.018071771122755
-0.016337160616471
-0.014596180385008
-0.012323723378849
-0.009472851441510
-0.006621797546352
-0.004557440394348
-0.003698957825137
-0.003853865076275
-0.004513879796376
-0.005236636759210
-0.005690942286572
-0.005593363356973
-0.004909648798074
-0.004101159534645
-0.003901138728391
-0.004702885330750
-0.006151302487658
-0.007379130116969
-0.007711002057379
-0.007084809234720
-0.005827911900450
-0.004258083299844
-0.002616998578440
-0.001261544294148
-0.000695164955413
-0.001252016608954
-0.002725951669531
-0.004387251447149
-0.005467630722692
-0.005662041330523
-0.005137083516757
-0.004247188756270
-0.003425348083827
-0.003080842680906
-0.003385135942229
-0.004210501168983
-0.005133211355433
-0.005482514650242
-0.004709590671349
-0.002786833197401
-0.000159645898375
0.002662677772737
0.005459541766254
0.008226510112448
0.010819340484559
0.012823454981210
0.013890182816269
0.014212710271814
0.014465295164946
0.015189428845623
0.016302721863537
0.017157774293483
0.017118309805071
0.016086162491463
0.014406360709209
0.012407114147884
0.010175283097075
0.007683038032416
0.004971334825881
0.002148548983983
-0.000703404677935
-0.003425365899503
-0.005614460858966
-0.006861367345636
-0.007198208632521
-0.007063491301469
-0.006784350235906
-0.006256082650094
-0.005117759922613
-0.003140080796383
-0.000434010584686
0.002691284825494
0.005937572281871
0.009027988465933
0.011690030384015
0.013709338188350
0.015037493131650
0.015936411137284
0.016869016740534
0.018074653902689
0.019252439301514
0.019683717998053
0.018827721220097
0.016904939136753
0.014706537361602
0.012883711045375
0.011716359341021
0.011314501258706
0.011577531071811
0.012071737519381
0.012134013414947
0.011156452088861
0.009084684533591
0.006593834658170
0.004455307591073
0.002889449731576
0.001658346340506
0.000586940513019
-0.000104960124076
-0.000003755245211
0.000961274325261
0.002330562411972
0.003651092931453
0.005034150441875
0.006896928615534
0.009301297905882
0.011748771597349
0.013568439878288
0.014405165887072
0.014283545072637
0.013403664827440
0.012024656715028
0.010350738175129
0.008491213767318
0.006564576806198
0.004667198404768
0.002768333038019
0.000841181931987
-0.000929236692500
-0.002220442169849
-0.002913423113242
-0.003390392468868
-0.004364683165229
-0.006132940862015
-0.008097703293251
-0.009374576009265
-0.009687926688797
-0.009312044408189
-0.008444257261957
-0.007056342822735
-0.005175932286289
-0.003131301031764
-0.001496514463149
-0.000641733408117
-0.000487348138356
-0.000752952856036
-0.001120342826288
-0.001283368491754
-0.001077435277100
-0.000533625438622
0.000016333586944
0.000001410559449
-0.000856635984581
-0.002195720986200
-0.003316841140019
-0.003715457950894
-0.003495422399411
-0.003393568035626
-0.004215110827896
-0.006152615948803
-0.008647410992030
-0.010858922725267
-0.012176047309778
-0.012384213967487
-0.011670196098541
-0.010522441454588
-0.009570715858549
-0.009387172373826
-0.010018852291354
-0.010718944657673
-0.010491956190943
-0.008899439297460
-0.006366038983836
-0.003828501098215
-0.001957545748962
-0.000786118793735
-0.000133160599815
0.000041200329356
-0.000243903539378
-0.000819434462048
-0.001343667133958
-0.001596536003335
-0.001762062163234
-0.002085774246412
-0.002463861157049
-0.002583288463278
-0.002194562071365
-0.001280803847964
-0.000141874895647
0.000844355219932
0.001595643363932
0.002288635540286
0.002958317861024
0.003362064629140
0.003381625051313
0.003423280770961
0.004168913045268
0.005831537127148
0.007814817358200
0.009291910638198
0.009917751691046
0.009760271424428
0.008886652451680
0.007333925554316
0.005318391314857
0.003317127444935
0.001838221335530
0.000987308905170
0.000458049008328
0.000095969774043
0.000179527876598
0.000998068867886
0.002377878107026
0.003763181993952
0.004666846303327
0.004965086821216
0.004849252848295
0.004595277305700
0.004313734611593
0.003817648538971
0.002823096406955
0.001346418792447
-0.000259741018204
-0.001671147794043
-0.002816674434475
-0.003772079410746
-0.004548112929723
-0.005016964040506
-0.005061294512894
-0.004686411038305
-0.003919270757954
-0.002813351341067
-0.001653140341166
-0.000890492703210
-0.000708585260946
-0.000753395364554
-0.000382059418420
0.000734527764762
0.002158002436615
0.002936203733426
0.002449832628945
0.000980946370414
-0.000579793944071
-0.001427577113728
-0.001197909354341
0.000029816982359
0.001788473567628
0.003334622177778
0.003860527864761
0.002798841100350
0.000216777924136
-0.003084073489912
-0.006143528437193
-0.008466127923814
-0.010004170674343
-0.010850799511919
-0.011048889811168
-0.010571794181255
-0.009544786668711
-0.008350851729873
-0.007235282047528
-0.005951064950933
-0.004090755063045
-0.001666493218519
0.000787776245591
0.002508094286047
0.002905858605263
0.001938298592409
0.000006310103915
-0.002493996724770
-0.005246254914519
-0.007806606971801
-0.009670923512420
-0.010664376494621
-0.011288127010548
-0.012422072357342
-0.014490049536433
-0.017230090678318
-0.020269030095356
-0.023450109029218
-0.026599748134845
-0.029305077382124
-0.031011258816721
-0.031292092483714
-0.030084750098552
-0.027660108164248
-0.024291239215780
-0.020165544575477
-0.015689214143475
-0.011473161182961
-0.007929239261485
-0.005127212344556
-0.002976314292144
-0.001411173324547
-0.000451122825042
-0.000014546086098
0.000342700255138
0.001311841142897
0.003354844743178
0.006273600535305
0.009129584767215
0.010745471701668
0.010621902906892
0.009364460706645
0.008011479803094
0.007091787387481
0.006479592658193
0.005827494440579
0.004914413869032
0.003734170836774
0.002461438329791
0.001495364165728
0.001434064867881
0.002675509757731
0.004924257248428
0.007306368953157
0.009157513984273
0.010530863341145
0.011820469795291
0.013144641582504
0.014179882826554
0.014502317377675
0.014175606148623
0.013843351701187
0.014057231508816
0.014851391625682
0.015976082816039
0.017030255151410
0.017453449812958
0.016787695201945
0.014924897448566
0.012180121039567
0.009354676563510
0.007500249857492
0.007238996127136
0.008341575923647
0.010078700049616
0.011860971911940
0.013514326742901
0.015035610184170
0.016163571585938
0.016413385982681
0.015610937698583
0.014177171294840
0.012889178990932
0.012457293381159
0.013101918886936
0.014376435345659
0.015523633209444
0.015962858885079
0.015348947326352
0.013546177699274
0.010844995837604
0.007967936078552
0.005810760555002
0.005107715546303
0.005884665680550
0.007314469087070
0.008429450768242
0.008692957804866
0.007919894846289
0.006200029138527
0.003918284050520
0.001676983752725
0.000243620453855
0.000152687822151
0.001012681867442
0.001720404364281
0.001544670399831
0.000546977497416
-0.000831583632441
-0.002163040018304
-0.003233473967543
-0.003988581070193
-0.004361805120412
-0.004499713113835
-0.004986271209329
-0.006298999901421
-0.008214187378463
-0.010113839929552
-0.011540690377531
-0.012399745861578
-0.013015741683666
-0.013768036559431
-0.014493961096098
-0.014614093247024
-0.013779522303094
-0.012098634023744
-0.009916881652745
-0.007646779472226
-0.005749648379639
-0.004659284532986
-0.004521832753261
-0.004991884493956
-0.005413571352474
-0.005253579008200
-0.004423089292791
-0.003230496024854
-0.001981346076371
-0.000686643923724
0.000799750612531
0.002436468045469
0.003867154304251
0.004757585485733
0.005200219490509
0.005507304161346
0.005661327819657
0.005291304147690
0.004145998583573
0.002464830851179
0.001027609865072
0.000682193146094
0.001574630872608
0.003098823683673
0.004600373051339
0.005690352271500
0.005996250569742
0.005157856150382
0.003242547419235
0.000994771873348
-0.000502302604777
-0.000590361572353
0.000427563913938
0.001599808022175
0.002099712202355
0.001551507899645
-0.000085391203829
-0.002618371814096
-0.005626219950476
-0.008434635723082
-0.010253953512690
-0.010602742042461
-0.009691134399340
-0.008279299574940
-0.007076944953657
-0.006301293110904
-0.005751814254331
-0.005208238785977
-0.004702141399728
-0.004353426626302
-0.004108232844198
-0.003918747855857
-0.004070506663880
-0.004967245083860
-0.006571797446079
-0.008281625184745
-0.009367093645487
-0.009522298445297
-0.009055387495105
-0.008490209251101
-0.008089535836051
-0.007873871527869
-0.007829506222141
-0.007907697737708
-0.007920340813767
-0.007549552240503
-0.006522440452304
-0.004838050506136
-0.002899921261231
-0.001305317624131
-0.000338215940945
0.000203005915631
0.000606891997163
0.000907411288464
0.001038525018573
0.001066119016112
0.001106198892588
0.001170970368212
0.001247244510516
0.001507547277262
0.002249980991648
0.003601596111093
0.005420322940431
0.007376046551063
0.009131742057452
0.010637420620431
0.012128623905449
0.013738533373942
0.015244885302421
0.016220047604435
0.016425740949459
0.016033846958708
0.015434900682022
0.014953036008353
0.014666521133560
0.014404082780159
0.014103057730845
0.014024948297018
0.014298775638475
0.014604405483555
0.014581098565696
0.014073825475728
0.012959177755791
0.011277876630201
0.009508507279031
0.008412536773869
0.008616882645563
0.010205296993433
0.012420377491894
0.013918503118783
0.013702574769328
0.011952695268610
0.010012576806976
0.009445452061446
0.010817889084132
0.013445179957522
0.016252830814865
0.018464302521659
0.019650511305118
0.019678710884322
0.018674629964876
0.016974203857531
0.015001448935527
0.012952073499761
0.010693341449490
0.008118770977875
0.005454736395119
0.003177595821466
0.001705604685936
0.001136337271710
0.001267223046042
0.001839505823285
0.002572428575850
0.002996128232885
0.002618808590283
0.001324848683639
-0.000450934414473
-0.001847542443960
-0.002138299915418
-0.001381930988222
-0.000306781078660
0.000416019353036
0.000542124450064
-0.000026265342516
-0.001624029418852
-0.004717206347239
-0.009285410126925
-0.014406128604599
-0.018635101184842
-0.020780991209140
-0.020442500203697
-0.018133684460325
-0.014949930030543
-0.011998116122726
-0.010064200671942
-0.009494393402470
-0.010081659053961
-0.011281805423554
-0.012697114097463
-0.014204179673778
-0.015702826107867
-0.016858412703245
-0.017120213748733
-0.016106767169391
-0.014027360781524
-0.011727505630893
-0.010199097850257
-0.009865510598163
-0.010374007146080
-0.011158625195658
-0.012029414086604
-0.013031794155590
-0.013944496745488
-0.014212696800720
-0.013412760403128
-0.011752542209279
-0.010012534177546
-0.008954525536319
-0.008947515719552
-0.009998754303071
-0.011731576397751
-0.013398748818770
-0.014169030088043
-0.013431302565798
-0.011005892079132
-0.007401128658110
-0.003825599299265
-0.001481688792508
-0.000738615990101
-0.001240318160979
-0.002557957546160
-0.004420305128317
-0.006492366030834
-0.008168610024946
-0.008847343752224
-0.008552906532264
-0.007971428086619
-0.007677314673648
-0.007569974889514
-0.007135898617288
-0.006076645077621
-0.004659540804104
-0.003519834729434
-0.003189489185727
-0.003870419470324
-0.005453634761200
-0.007533972160113
-0.009530423924491
-0.010939264875769
-0.011532797365584
-0.011440286957276
-0.011041897538599
-0.010717766027121
-0.010657080037583
-0.010846654815823
-0.011255527821152
-0.011937005279110
-0.012725577517911
-0.012899738083182
-0.011562260591451
-0.008580202574056
-0.004853656400823
-0.001515903193818
0.000829524182592
0.002172007077305
0.002806329543685
0.002986154671121
0.002784085086485
0.002325695320534
0.001930737767360
0.001904122694745
0.002312903417294
0.002901506761288
0.003301962463180
0.003458659999631
0.003589906905974
0.003679281819779
0.003382944783948
0.002574104526408
0.001657480113459
0.001160626474589
0.001214133866188
0.001580219352198
0.002115279225604
0.002892168147988
0.003680207863288
0.003708795649931
0.002224325820811
-0.000869189170736
-0.004842137682918
-0.008598688127607
-0.011500260642563
-0.013570037169993
-0.014851411881733
-0.015028826956221
-0.013748041275587
-0.010955381032918
-0.006972971985724
-0.002389719907368
0.002224704123277
0.006437890122337
0.009718510550328
0.011356088014751
0.010958134022027
0.009056288417502
0.006959576168801
0.005810895698457
0.005893695306843
0.006916584416785
0.008563593453903
0.010445380701574
0.011806378528242
0.011760207060426
0.009943561113203
0.006761682138840
0.003033795116339
-0.000443330581632
-0.003167077571686
-0.004962719700348
-0.005821825220254
-0.005832907932156
-0.005174247580129
-0.004058978252201
-0.002756667581314
-0.001502338007393
-0.000354213829723
0.000549870113484
0.000718787224668
-0.000410132842795
-0.002905537018337
-0.006035346075717
-0.008611992962837
-0.009789626733124
-0.009488284463061
-0.008139649161796
-0.006267684895395
-0.004321977638313
-0.002729028540664
-0.001919838900500
-0.002091121205538
-0.002932520592502
-0.003880000709434
-0.004670735130783
-0.005410160443603
-0.006158094350606
-0.006720958184721
-0.006900117044660
-0.006830533531266
-0.006970893058724
-0.007616493162448
-0.008440350424788
-0.008725388473228
-0.008059895887935
-0.006761157011361
-0.005619783206446
-0.005176080474471
-0.005373967430026
-0.005886890735673
-0.006446552396253
-0.006828121038047
-0.006730926464156
-0.005858083749458
-0.004240165126391
-0.002307835839821
-0.000449720929940
0.001324111431198
0.003142915846818
0.004865191806673
0.005987699482315
0.005945496706617
0.004646095308714
0.002700870802122
0.000977426668050
0.000013150082292
-0.000128417203858
0.000368474565296
0.001345154866168
0.002681409559531
0.004125941358832
0.005324258492650
0.006036321668734
0.006258160002381
0.006182528552538
0.006109107970930
0.006323989898958
0.006999837888825
0.008247260848116
0.010095618027746
0.012263346327005
0.014134682293415
0.015123399837214
0.015057378948714
0.014214728813438
0.013052127516417
0.011956144036049
0.011156446701372
0.010726264245400
0.010601210567686
0.010587669635336
0.010416881795976
0.009974157773501
0.009605570722625
0.010000355383045
0.011511314283079
0.013710732485320
0.015774036985045
0.017108329543063
0.017508677346870
0.016996470546175
0.015714065773978
0.013937112500607
0.012140337516732
0.010845762346925
0.010166693317717
0.009556444718249
0.008162196749689
0.005502802094941
0.001867370581351
-0.001866015675500
-0.004766902619425
-0.006302100110192
-0.006482319674031
-0.005781122276123
-0.004937338529915
-0.004669837916617
-0.005303626351414
-0.006470217763102
-0.007247072340392
-0.006850147474699
-0.005305847260213
-0.003340756655197
-0.001669312281149
-0.000553403492117
0.000139935020459
0.000706665598991
0.001404452705221
0.002423449223103
0.003903652998001
0.005782968999765
0.007658843072776
0.008930148572133
0.009145709279861
0.008287297097370
0.006805569724697
0.005315811828772
0.004193470697909
0.003580608937378
0.003659490261119
0.004556998739772
0.005966270727005
0.007176791332846
0.007551567305848
0.006878940171838
0.005480323377783
0.004069417138715
0.003233228449462
0.003120407690373
0.003714258939713
0.004994019456642
0.006707274926387
0.008327521594609
0.009397021694232
0.009848546033585
0.009930013919201
0.009809852157329
0.009390326561307
0.008651584341645
0.007995469170858
0.007948914372019
0.008649586000469
0.009809971527810
0.010948644671330
0.011614386409071
0.011644257791721
0.011212334313912
0.010670564600244
0.010439430521574
0.010871048261546
0.012052950018273
0.013728267094666
0.015379186828120
0.016443828842239
0.016623264995245
0.016040713337775
0.015069297285167
0.014055914499264
0.013175510537075
0.012445418647546
0.011891421742965
0.011609344133260
0.011595781343182
0.011668870452882
0.011651510047715
0.011625772397189
0.011894927026536
0.012603706672766
0.013491327087453
0.014062152973027
0.013996067016672
0.013412205042895
0.012729239514568
0.012287993256512
0.012077529261346
0.011847452428306
0.011474126168379
0.010986990021423
0.010280688634662
0.009200094732048
0.007911881997165
0.006815780028406
0.006066642590693
0.005438335273365
0.004649687807154
0.003757984332983
0.003256119710906
0.003590507953493
0.004482061677213
0.004906005472682
0.003792846611697
0.000781120984363
-0.003492387558216
-0.007742735642999
-0.010744529862110
-0.011769496977372
-0.010605207466215
-0.007618919635676
-0.003954360464136
-0.001244075974440
-0.000640119055954
-0.001956347528457
-0.003829308765591
-0.004922531655856
-0.004879508633067
-0.003949719170597
-0.002225863757809
0.000244753493635
0.002894201984836
0.004618876148794
0.004393937542765
0.001938121152954
-0.002033658336559
-0.006199437646071
-0.009392984800030
-0.011014517757538
-0.010993624314814
-0.009795626192019
-0.008343877354513
-0.007496518400993
-0.007486184141465
-0.007947001204835
-0.008423772709952
-0.008766218477182
-0.009121562665334
-0.009655394783889
-0.010215303995690
-0.010229639836926
-0.009158356302923
-0.007163411428899
-0.005057674518497
-0.003520618478831
-0.002560090114610
-0.001699280111894
-0.000593778950270
0.000666709217006
0.001841867770431
0.002743277664989
0.003187684917022
0.003047600589986
0.002244001594529
0.000713613331582
-0.001407662324745
-0.003738799726317
-0.005900716628360
-0.007614379636326
-0.008665159091256
-0.008970851138130
-0.008562124727714
-0.007585175191865
-0.006488572143208
-0.005800662959690
-0.005429341982576
-0.004572339367224
-0.002540707779696
0.000444957639250
0.003174813198990
0.004192516984010
0.002789029051578
-0.000679980740817
-0.005077425317978
-0.008799563624397
-0.010267375706732
-0.008700334742035
-0.004682960349168
-0.000000198896849
0.003387874206323
0.004499042024341
0.003494487256688
0.001010146618129
-0.002259601852709
-0.005549090190300
-0.008060389547351
-0.009151295852370
-0.008681332749054
-0.007311542218566
-0.006169535406146
-0.006079264639055
-0.007203551738306
-0.009203256580611
-0.011509968235419
-0.013444326732555
-0.014153806449820
-0.012794755468690
-0.009146220398510
-0.004002161500468
0.001153351260641
0.004861702986599
0.006248787760532
0.005213836506609
0.002432722124550
-0.000768351736743
-0.002865411643276
-0.002784758580405
-0.000538117549803
0.002434957530353
0.004013872950127
0.003115594614364
0.000628745341072
-0.001450737297703
-0.001644856706181
0.000132205203468
0.002879924307579
0.005325724777333
0.006518210185831
0.006040560291754
0.003978502443555
0.000818405441292
-0.002614866574547
-0.005276229846863
-0.006323107075474
-0.005700871035053
-0.004134124871633
-0.002442429454057
-0.001116011120847
-0.000381395854845
-0.000275668590146
-0.000655337548755
-0.001144632668863
-0.001079484288249
0.000218633680243
0.002893853953109
0.006327396305516
0.009550959718551
0.011850654284632
0.012959272636435
0.012934583169469
0.012196556115867
0.011661389577175
0.012343946758986
0.014368246830481
0.016481156602519
0.016853334293986
0.014466105758310
0.009814303240627
0.004473174470633
0.000220092505135
-0.001603553853882
-0.000547172520399
0.002696149419899
0.006537603702549
0.009232857450774
0.009705810301643
0.007866357104218
0.004310490931425
-0.000121588436843
-0.004637041356254
-0.008493429601062
-0.010802446774004
-0.010706923740808
-0.007973663034030
-0.003323745495726
0.001851383188009
0.006180027308539
0.008843966556306
0.009610793737286
0.008732594065074
0.006895614712489
0.004919682671867
0.003343692159990
0.002236616970977
0.001289941507586
0.000157566010656
-0.001265989696466
-0.002863356940036
-0.004345243713918
-0.005316750143713
-0.005568798086356
-0.005235604703813
-0.004580076091878
-0.003846842077592
-0.003267512343635
-0.003027857890762
-0.003285971216330
-0.003985542445292
-0.004516126789381
-0.003984548568631
-0.001985633124459
0.001066346318548
0.004225218443529
0.006430837003549
0.006906535032612
0.005528328851153
0.002926628498042
0.000301565471655
-0.001006582511004
-0.000255239885743
0.002174500931309
0.005122207907538
0.007525355852862
0.008958139811393
0.009539311657077
0.009542764379045
0.009076557341941
0.007991039228942
0.006009030586636
0.002866908675608
-0.001597773114939
-0.007191061128534
-0.013088834606747
-0.017962597838409
-0.020573609644026
-0.020575581762710
-0.018829972508771
-0.016749607884957
-0.015358997720448
-0.014920797986741
-0.015196438216176
-0.015946218380422
-0.017041092214788
-0.018190850707251
-0.018996516912728
-0.019241200600474
-0.018868586767042
-0.017851115367286
-0.016217687124803
-0.014123571797237
-0.011959934609374
-0.010365253121389
-0.009872238304930
-0.010461439440464
-0.011529230049065
-0.012333953644965
-0.012549614629973
-0.012452425334633
-0.012588528135910
-0.013212714818932
-0.014042468359689
-0.014634486564089
-0.014835443893152
-0.014695803089329
-0.014249188000395
-0.013554889324698
-0.012731850930884
-0.011924800192551
-0.011171887332747
-0.010257202648511
-0.009145772668216
-0.008535333100921
-0.009397352488973
-0.012020010353163
-0.015657059055912
-0.018978207651425
-0.021055273877876
-0.022035141526217
-0.022698580543461
-0.023571813851225
-0.024695344335149
-0.025882526379923
-0.026869987058860
-0.027330775941755
-0.026850074800434
-0.025001912653117
-0.021716670973100
-0.017604781032440
-0.013563178113105
-0.009966372584539
-0.006557297513797
-0.003102569281506
0.000167164573312
0.002713262503177
0.004104703177694
0.004244882394562
0.003093814034201
0.000503890931863
-0.003243471847554
-0.007135465064082
-0.009927196829567
-0.010791463567849
-0.009786538161143
-0.007878171133208
-0.006259182772702
-0.005647284804127
-0.006238497554093
-0.007939676307806
-0.010380348458629
-0.012770785531450
-0.013950325235664
-0.012952516613795
-0.009756359249684
-0.005379343486871
-0.001212052251116
0.001709700907756
0.003077772325882
0.003274588268366
0.002921720422501
0.002470258888577
0.002245745904517
0.002475891460772
0.002998813323185
0.003251625284903
0.002771017174415
0.001622585929528
0.000342526365116
-0.000494803151536
-0.000607414516941
0.000065762896722
0.001471920844030
0.003347699243308
0.005196753350467
0.006340170019432
0.006070444567804
0.004198424665460
0.001417445466016
-0.001216635722148
-0.003045558584875
-0.003949813127155
-0.003982967651221
-0.003054077775594
-0.001023255173781
0.001905015582694
0.005067067292717
0.007685892446615
0.009190975585034
0.009363444222978
0.008419716932804
0.006936236451967
0.005671420316521
0.005324744859384
0.006198429698929
0.007978417034400
0.009911558782018
0.011304429909524
0.011871583093419
0.011659200074093
0.010822657184452
0.009548762751660
0.008087991543477
0.006805407261397
0.006076532854167
0.005917824414347
0.005853977323625
0.005440567367919
0.004803640719818
0.004493534079329
0.005004820339916
0.006528329952781
0.008904205868369
0.011659149613269
0.014084038024168
0.015372583159480
0.014980091729289
0.013017063633728
0.010313052980111
0.007992317669287
0.006774414218698
0.006610818694859
0.006885285158636
0.006884966378914
0.006234747278384
0.005048478995446
0.003739807814216
0.002738945147225
0.002375679943068
0.002768447803009
0.003621390446201
0.004313161362444
0.004344090413800
0.003700763246241
0.002820456862799
0.002235507643248
0.002234692292653
0.002794634062861
0.003730271406243
0.004803650015277
0.005791092484518
0.006588569422171
0.007126077427023
0.007243904214668
0.006814816666980
0.005823566323610
0.004369279723212
0.002749305942900
0.001341951725577
0.000414170652597
0.000155945362702
0.000572256913529
0.001287352062804
0.001815986792990
0.001990147108611
0.001906249616533
0.001630452234973
0.001190517516671
0.000715664643266
0.000458548482163
0.000728597066812
0.001622693198398
0.002802606803735
0.003825354235344
0.004642667088908
0.005568797175459
0.006827440695093
0.008300897732491
0.009730918114098
0.010997724658706
0.012068738207697
0.012736817554950
0.012713802425103
0.012154769551062
0.011774850496485
0.012147562434703
0.013028422752142
0.013592238794208
0.013246903519819
0.012045245433878
0.010512018762061
0.009248486172695
0.008443227391700
0.007737272186705
0.006711458347745
0.005274044397988
0.003546699941334
0.001736575534863
0.000251436192061
-0.000327082161968
0.000305316474674
0.001783776077427
0.003252751364084
0.003936374319200
0.003705910609548
0.003134703769875
0.002888199095074
0.003220198117045
0.003974236597102
0.004740833705922
0.005124256914413
0.004982444461641
0.004327118697759
0.003200632916328
0.001833528796242
0.000657081655989
-0.000073459723766
-0.000552326695960
-0.001177283997043
-0.002067454664353
-0.002927494346830
-0.003422191071467
-0.003641757015318
-0.004093355198293
-0.005178260212706
-0.006697465575295
-0.007918470750672
-0.008262254568793
-0.007937223913892
-0.007699975747010
-0.008004456706580
-0.008679206439715
-0.009398403606975
-0.010072158597634
-0.010782024291843
-0.011618634689933
-0.012557939726804
-0.013400789430176
-0.013946823511912
-0.014203783925894
-0.014201199842262
-0.013733901694071
-0.012544873524210
-0.010605221858801
-0.008192820307995
-0.005882006013734
-0.004325701689074
-0.003837668586190
-0.004149501876642
-0.004586257504242
-0.004474065297057
-0.003442008620133
-0.001568201264279
0.000602584713291
0.002227203428567
0.002501446116457
0.001145183596276
-0.001317353297824
-0.003907141818832
-0.005753636605538
-0.006322165040457
-0.005495863181231
-0.003644434550379
-0.001511049844463
-0.000024935912234
0.000003988747491
-0.001551308612219
-0.003873973799542
-0.005723469899741
-0.006245320432427
-0.005365816734311
-0.003579802269457
-0.001450647675523
0.000608872000785
0.002223834309003
0.003172523591499
0.003661593833189
0.004088748668385
0.004485253317365
0.004506723176144
0.003976898106403
0.003187350912905
0.002671047782696
0.002794604772481
0.003481891387333
0.004277201869132
0.004770637281582
0.004971730749806
0.005171753265315
0.005501872842685
0.005868910869687
0.006328881288601
0.007115553312313
0.008092749248302
0.008572987917232
0.007968666743803
0.006400056389701
0.004584486805656
0.003233336538009
0.002485032268786
0.002014720413686
0.001802042758998
0.002470349174548
0.004480073036246
0.007142678060446
0.008958651161649
0.008917274109118
0.007195806651139
0.004900943517892
0.003331190295496
0.003226149425515
0.004560683192730
0.006773083492340
0.008849464493440
0.009469459399676
0.007683802629051
0.003722579516156
-0.000843301204533
-0.003869717462182
-0.004010785128645
-0.001673854392554
0.001502384230228
0.004073286404416
0.005422483030993
0.005346719808340
0.003760708609348
0.000939274189811
-0.002390604127097
-0.005440289706574
-0.007760623199035
-0.009240326947287
-0.009818486648914
-0.009422530044711
-0.008291638998181
-0.007028011108202
-0.006139041017467
-0.005778530486160
-0.005888952050957
-0.006286362645728
-0.006689387549784
-0.006882300281906
-0.006857438412593
-0.006827393020432
-0.007135907052450
-0.008055978475311
-0.009563574961987
-0.011320505223759
-0.012928309337472
-0.014278465447916
-0.015661897205180
-0.017225784229505
-0.018293053017392
-0.017697101810491
-0.014831904371249
-0.010179033432110
-0.005115012067385
-0.001352527922258
-0.000169037407733
-0.001809001171828
-0.005365353264590
-0.009261768438737
-0.012275617495078
-0.014116702718469
-0.014874830046198
-0.014381063907032
-0.012509913157728
-0.009756503055049
-0.006979303472180
-0.004694840653670
-0.003048855069309
-0.002211253291423
-0.002306802721814
-0.003085709366797
-0.003988353621251
-0.004639427594100
-0.005165678021077
-0.005850750642797
-0.006575237334500
-0.006753050074366
-0.005728198113868
-0.003182699454261
0.000571108519469
0.004394138932201
0.006752687415497
0.006842590657069
0.005093471627931
0.002567297869600
0.000328464208556
-0.000791273491688
-0.000463729076587
0.000892681637654
0.002338011929269
0.003025051242310
0.002730180255454
0.002012835229330
0.001827251292578
0.002826232683623
0.004954529158901
0.007548378551344
0.009873926981742
0.011615382715722
0.012754186847969
0.013236576734812
0.012947697367770
0.011938804685391
0.010677359653488
0.009844146438545
0.009706223524535
0.010002450804701
0.010636780921860
0.012064943465907
0.014579797411554
0.017470914923393
0.019300657709505
0.019047708231793
0.016948243273852
0.014083953653843
0.011245710610130
0.008775503676974
0.007248144673926
0.007288634971002
0.008685985240628
0.010346755245569
0.011244673337034
0.011067023485023
0.009997035956638
0.008434975222037
0.006985084231458
0.006258070669200
0.006530496906554
0.007654774913696
0.009219309192731
0.010653571994457
0.011413977658415
0.011497280717460
0.011542643984530
0.012058425334086
0.012794159798516
0.013044887137025
0.012378353013870
0.010931906155684
0.009152469316244
0.007487189326196
0.006260683280549
0.005686999528244
0.005888492167651
0.006771538988331
0.007911089820569
0.008636254223429
0.008341920380929
0.006973502370062
0.005292878146582
0.004398707233533
0.004737192877168
0.005662331821094
0.006059214073503
0.005285238279920
0.003511415957743
0.001460626585156
0.000035642659697
-0.000130313395407
0.000733144348429
0.001447436405947
0.000802868140838
-0.001349946980601
-0.003984144738895
-0.005702480028216
-0.005641005987264
-0.003899091001880
-0.001339541793051
0.001053415875592
0.002759260552203
0.003746223327728
0.004063612491253
0.003679195761903
0.002756378645423
0.001832228098567
0.001492817842120
0.001862797375580
0.002493706656615
0.002814473746760
0.002717996823076
0.002522406251060
0.002294076043974
0.001626166109149
0.000286706313312
-0.001240291990497
-0.002025298481114
-0.001427339577652
0.000300811285923
0.002034051366008
0.002616668421985
0.001746251501009
-0.000086829948070
-0.002296758986133
-0.004509211364502
-0.006385119579976
-0.007630159685417
-0.008256475416500
-0.008604457468320
-0.009002473489006
-0.009475406127694
-0.009841032837978
-0.009949424561497
-0.009776251385744
-0.009433706023487
-0.009137807418250
-0.009153852006633
-0.009673256913348
-0.010630952205267
-0.011672765379917
-0.012247239286191
-0.011844028754029
-0.010415722910026
-0.008528235241833
-0.007010517552949
-0.006463526293359
-0.007015505612212
-0.008471081603207
-0.010646987097980
-0.013373721440569
-0.016121999111022
-0.018054076307436
-0.018716089253833
-0.018471676288029
-0.018099534981029
-0.017980630548992
-0.017750859356682
-0.016814985311798
-0.015099571985518
-0.013066876709454
-0.011065036925718
-0.009087983308886
-0.007135206542053
-0.005453236213233
-0.004511193852932
-0.004798617441607
-0.006429018759000
-0.008950643761598
-0.011589253059503
-0.013544935894742
-0.014118955982596
-0.012849314571721
-0.009773109941535
-0.005659392371694
-0.001866399397163
0.000339042120040
0.000454350108468
-0.001218777716144
-0.003823553182220
-0.006141442172448
-0.007041941741954
-0.006015884681507
-0.003340574309148
0.000111272294198
0.003301020971163
0.005541685854381
0.006815178250644
0.007642030345088
0.008547363995486
0.009581674146441
0.010415469594164
0.010828963908598
0.010787996628358
0.010055951524569
0.008235421933547
0.005388385791785
0.002349471460406
0.000340172660283
0.000297582223032
0.002337181315549
0.005717724943972
0.009379645963259
0.012436325744256
0.014199822675403
0.014192668028984
0.012527222942061
0.010156040921549
0.008393017997183
0.008070589487065
0.009116534020254
0.010685573506757
0.011674472793015
0.011465178011657
0.010298071808500
0.008834906143921
0.007432688606048
0.005967208359831
0.004292170089843
0.002535303739541
0.000827056884034
-0.000928962358231
-0.002851064361517
-0.004786486977219
-0.006309480658832
-0.006981501055370
-0.006599540721682
-0.005271313309309
-0.003360052373990
-0.001369177741094
0.000243457511774
0.001191137932540
0.001384157141935
0.001041366219686
0.000651822452631
0.000589767525969
0.000876596837347
0.001385488873847
0.002071944512142
0.002856133576646
0.003479135156450
0.003711095050285
0.003537126913041
0.003026063741959
0.002238445020033
0.001245522047156
0.000030788597258
-0.001486716527326
-0.003145795188591
-0.004419545386331
-0.004795734409162
-0.004308171739407
-0.003551847562448
-0.003049660304197
-0.002774008740458
-0.002367339181504
-0.001650114067982
-0.000807737068946
-0.000038666593566
0.000740496103090
0.001566396403825
0.002046351641540
0.001512306920668
-0.000403438838933
-0.003200484630338
-0.005705707016271
-0.007076102298860
-0.007383799097917
-0.007164066220975
-0.006751406634631
-0.006151893797151
-0.005334833167457
-0.004502009234448
-0.004028652650901
-0.004091475166625
-0.004426869702121
-0.004629362138761
-0.004630016428202
-0.004701512846145
-0.005034999936631
-0.005457038406181
-0.005608858750799
-0.005345179514994
-0.004899654981545
-0.004691037171149
-0.004981168458121
-0.005699806792735
-0.006622825551687
-0.007540922599278
-0.008121638450788
-0.008033627059120
-0.007369859929804
-0.006545731249742
-0.005814424431560
-0.005113940840243
-0.004301224384210
-0.003415543134588
-0.002643194620079
-0.002062505289715
-0.001470232015613
-0.000539675617552
0.000697620454069
0.001654463854234
0.001655097521093
0.000590686914119
-0.000925482608469
-0.002094028580105
-0.002553419551552
-0.002464371403327
-0.002196420569071
-0.002031795108229
-0.002073829894138
-0.002373227378098
-0.003020276804200
-0.003903075942464
-0.004490264496269
-0.004157796524516
-0.002717324419551
-0.000531650519915
0.001884098353225
0.004336091948758
0.006873945933503
0.009305019025576
0.011114592802478
0.011936406907801
0.011957789102090
0.011800131095577
0.011959872586680
0.012405359841385
0.012792908088389
0.013014048884770
0.013419516737641
0.014355735414938
0.015510942758538
0.016005597235161
0.015136902850719
0.012892442533241
0.009874820997516
0.006824441364190
0.004163258405520
0.002012222920771
0.000518585975564
-0.000144982653910
-0.000100909455462
0.000225445196445
0.000484689375985
0.000717561029965
0.001356949882823
0.002768909917420
0.004606913222023
0.005870933027835
0.005700348333374
0.003884746371521
0.000823231940513
-0.002628100186777
-0.005382321837803
-0.006546877807321
-0.005859928320486
-0.003841665127703
-0.001475910442097
0.000533434429050
0.002215281255373
0.003828071185364
0.005121242258195
0.005411517470505
0.004276377775958
0.001989078581824
-0.000691898242740
-0.003031490834844
-0.004602373889017
-0.005210074650221
-0.004708909232418
-0.003028607087840
-0.000457919824171
0.002240185934954
0.004261561553971
0.005280133997813
0.005380547993392
0.004676690730790
0.003284646829745
0.001648303869245
0.000666234802935
0.001203387212822
0.003277261611620
0.005832815820890
0.007498851981659
0.007595858281678
0.006516655102675
0.005284312159945
0.004719544812774
0.004932537224948
0.005517195801235
0.006053682784649
0.006259081862769
0.005805304083025
0.004366747686389
0.001995847401879
-0.000658030155108
-0.002653262242739
-0.003390700355711
-0.002932991293496
-0.001687677823136
0.000002110093442
0.001843213898661
0.003511467947675
0.004786924673548
0.005545128917461
0.005644807798827
0.005052479595339
0.003934437686420
0.002540055862220
0.001237216005246
0.000589918668758
0.001046786192282
0.002543694642787
0.004538324034126
0.006326619634660
0.007275612454272
0.006977538530290
0.005384175510863
0.002785743555769
-0.000237661888978
-0.002820969091733
-0.004176401678321
-0.004128805201275
-0.003136439906319
-0.001889956709482
-0.000925731814933
-0.000359282442543
0.000053575657663
0.000475854438516
0.000814322511915
0.001075215228475
0.001472877233542
0.002078867688849
0.002716209806544
0.003200447715220
0.003507459155227
0.003783247997566
0.004190242345665
0.004611251244942
0.004632110375130
0.003954432399558
0.002661392941573
0.001085288104290
-0.000420830321919
-0.001662799085662
-0.002556970086404
-0.002862508921822
-0.002261456695060
-0.000876010179683
0.000599736386990
0.001514695351444
0.001785915621038
0.001705483698178
0.001465313033031
0.000929286492935
-0.000148115010662
-0.001627022013580
-0.002877117556043
-0.003329506229515
-0.003012616164494
-0.002422718037395
-0.001987445951366
-0.001780058211377
-0.001711527262995
-0.001888116842001
-0.002551708515797
-0.003637873246312
-0.004725887197904
-0.005474781507532
-0.005968022305781
-0.006679950218645
-0.008019373668827
-0.009800704827654
-0.011252021993822
-0.011604008688129
-0.010604941713330
-0.008500588392024
-0.005856685634029
-0.003512842259708
-0.002293343379670
-0.002484658395018
-0.003678538528629
-0.005138489880829
-0.006247187243419
-0.006773156077804
-0.006912845962910
-0.006933355533854
-0.006742694308745
-0.006073769617317
-0.004934417902285
-0.003548027199593
-0.002103619202175
-0.000810727810568
-0.000003665883814
-0.000091210499271
-0.001351191674609
-0.003579133422422
-0.005996366242131
-0.007779820718807
-0.008738285504905
-0.009307196189850
-0.009841653184057
-0.010095877134491
-0.009520896733345
-0.007986077352954
-0.006022956489383
-0.004304340393877
-0.003043661527574
-0.001971941375708
-0.000855225015764
0.000062391022656
0.000386696317715
0.000205828696089
-0.000043414953617
-0.000104053376638
0.000094208163080
0.000599151419445
0.001392807798128
0.002519481066804
0.004088963562488
0.005835628113812
0.007089199421599
0.007437302465563
0.007053190008488
0.006288879884034
0.005238776877626
0.003712169542271
0.001538481202736
-0.000963115957169
-0.002883555709712
-0.003365992871566
-0.002275595451420
-0.000162293878749
0.002039876727797
0.003254294666404
0.002797194068422
0.000816107137759
-0.001956152386311
-0.004733586556305
-0.006943966036656
-0.008184345703905
-0.008184429347919
-0.006971128652354
-0.004889934826545
-0.002432762037155
-0.000203099874050
0.001242894959054
0.001865670318234
0.002309838974754
0.003291034069937
0.004774542336269
0.006019003200847
0.006448098763696
0.006189625050865
0.005736185029610
0.005343220701676
0.004903615363753
0.004332418420693
0.003903580309683
0.004042238133822
0.004733442762441
0.005283599292837
0.004900678235371
0.003471599351470
0.001585775403959
-0.000019423949358
-0.000913641641925
-0.001114933484932
-0.000790074318041
0.000179722317672
0.002000491533599
0.004345854585264
0.006414203212038
0.007715767240185
0.008433889166281
0.008922442612406
0.009122491298199
0.008628862334552
0.007352900826647
0.005932919706369
0.005260689350520
0.005753261414001
0.007218607621552
0.009246909483993
0.011495565161946
0.013584816378522
0.015018629899898
0.015341109226321
0.014328355383240
0.012192194303860
0.009632255110095
0.007481811823761
0.006192586185364
0.005647503152366
0.005385392329449
0.004958646120384
0.004177819052362
0.003102765980924
0.001911446196927
0.000845822409554
0.000045428603348
-0.000686847320234
-0.001718914840041
-0.003132585808711
-0.004574159009517
-0.005591758089868
-0.006069515431411
-0.006269096806573
-0.006429117502730
-0.006376687145077
-0.005674525055751
-0.004196475683944
-0.002340695747779
-0.000636223825743
0.000626449088748
0.001441611354665
0.001947376126957
0.002135553584385
0.001800941180878
0.000991473037947
0.000205773457792
-0.000141744005582
-0.000245787004730
-0.000740458111055
-0.002042255432774
-0.003925786538103
-0.005788099592227
-0.007242864797216
-0.008324636660724
-0.009061142327470
-0.009115616719566
-0.008214947701373
-0.006750543101959
-0.005646756921885
-0.005637801075349
-0.006641030145460
-0.007850172803566
-0.008569081759420
-0.008873531306531
-0.009256145727699
-0.009755931032983
-0.009840634499663
-0.009163968057390
-0.008023674138589
-0.006935546111417
-0.006056663183106
-0.005200723788937
-0.004254618999029
-0.003371676257668
-0.002688444754915
-0.002013655691544
-0.000981790045561
0.000564794742760
0.002351986552844
0.003724165701490
0.004100853829706
0.003489298374300
0.002362371005345
0.001158134693884
0.000160424570817
-0.000391884707424
-0.000448824194715
-0.000303235330877
-0.000410545040406
-0.001041863019993
-0.002004200094284
-0.002682009701143
-0.002543658263333
-0.001653132087897
-0.000618011508874
0.000015713879667
0.000252622355884
0.000523801081062
0.001297112524463
0.002724026131475
0.004433311784219
0.005737883042104
0.006018919203513
0.004931118589289
0.002570768532967
-0.000385183426850
-0.002901860924300
-0.004199894417624
-0.004243057299700
-0.003631585112905
-0.003026526983846
-0.002694465492255
-0.002644029072423
-0.003004501158760
-0.003852273900256
-0.004700762192402
-0.004670135111208
-0.003339964945628
-0.001234056604400
0.000593233014919
0.001408436724582
0.001328425907565
0.001038134126382
0.000926742805892
0.000668754225175
-0.000208800358083
-0.001578543456528
-0.002650115258422
-0.002591227708378
-0.001270689879429
0.000655328109963
0.002402599781921
0.003656793783666
0.004576401308799
0.005420868281637
0.006301698689359
0.007155418584983
0.007758610585964
0.007846484922079
0.007266672377993
0.006129436090052
0.004969523228435
0.004451111159859
0.004694235538106
0.005105169262687
0.004911763564633
0.003821532911160
0.002269858156271
0.001069487857946
0.000776067619007
0.001371779721364
0.002466582980331
0.003643330900426
0.004653799975720
0.005438418996826
0.005932130643222
0.005946095960434
0.005421344193078
0.004580327471385
0.003617306846192
0.002493135403236
0.001204097097838
0.000004770390065
-0.000807169902549
-0.001205409138776
-0.001456004822287
-0.001869044595919
-0.002515251950128
-0.003195913285835
-0.003723390003425
-0.004112641735354
-0.004492436927583
-0.004948222420304
-0.005363943199221
-0.005370323099953
-0.004493973072812
-0.002375978830339
0.000957054151235
0.004854726746456
0.008142006601656
0.009633169739949
0.008776694737970
0.005978415747697
0.002298986198709
-0.001199233968277
-0.003867461181432
-0.005376418974376
-0.005434597296104
-0.003936260708528
-0.001352452753427
0.001375762907834
0.003349597712945
0.004081300445216
0.003592041888050
0.002297809209155
0.000706529551818
-0.000790590640225
-0.001848452442996
-0.002218322858456
-0.001976156742022
-0.001447076957580
-0.000876977028133
-0.000240375195265
0.000727985437354
0.002262477776401
0.004084785408431
0.005304975363259
0.005228318660118
0.004136557515662
0.002894169746692
0.002014661503798
0.001378210068849
0.000623182905359
-0.000351660132506
-0.001191636540233
-0.001349940184376
-0.000422107267968
0.001770425835367
0.005075921070845
0.008819956416930
0.011855353022294
0.013058526761724
0.012028681579242
0.009299507110319
0.005863966273438
0.002545388616553
-0.000379455722557
-0.003006855483143
-0.005104556302501
-0.005788435001918
-0.004226791253030
-0.000621225784652
0.003673234459411
0.006944328342078
0.008034450497956
0.006737785340624
0.003583994346731
-0.000544517235401
-0.004582388435940
-0.007526234210463
-0.008804967578112
-0.008284233104420
-0.005980506395992
-0.001996747566773
0.003207918759576
0.008512685265055
0.012252709515392
0.012956901170665
0.010248448682455
0.005100460501645
-0.000785378348490
-0.005855085954970
-0.009235616261869
-0.010822060948622
-0.011043743744602
-0.010567549078638
-0.010054796140827
-0.009815091067353
-0.009557913895196
-0.008701330897004
-0.007032172840091
-0.005023589887604
-0.003491693734278
-0.002928012221179
-0.003165784182052
-0.003655825591674
-0.003988598991709
-0.004122272532324
-0.004134745318315
-0.003941762088810
-0.003414449313174
-0.002601709111377
-0.001743834664092
-0.001155381400428
-0.001054149188334
-0.001584064156297
-0.003036434945995
-0.005725425640152
-0.009474107609406
-0.013392741246682
-0.016259365855727
-0.017148399532612
-0.015872514935268
-0.012889409215167
-0.008843916653282
-0.004439096376262
-0.000531487316035
0.002110317169510
0.003183902803561
0.003037948541071
0.002520338165949
0.002370487416662
0.002573095119918
0.002465023200643
0.001632400939389
0.000398040399184
-0.000698431603260
-0.001342348961543
-0.001291523794495
-0.000283277178400
0.001822200112985
0.004787236706260
0.007804202793578
0.009790290749774
0.010076243480320
0.008868552602630
0.007079701221510
0.005664195279895
0.005061540045435
0.005159353699525
0.005589491338911
0.005991520382363
0.006052222141251
0.005488256804516
0.004356077133829
0.003353027297410
0.003304499176404
0.004262377695914
0.005476135885741
0.006194536923975
0.006172211446713
0.005518159004158
0.004404062731172
0.002980467812203
0.001418996523567
0.000051011664364
-0.000552397410202
0.000035580189469
0.001604138821748
0.003473377263549
0.005055208446691
0.006095287525486
0.006538411806194
0.006284537085402
0.005253106443776
0.003831642141042
0.002867990515154
0.002955122796764
0.003942883514260
0.005112351276529
0.005696627171403
0.005383961751729
0.004435101297302
0.003307337823084
0.002239906677694
0.001363200962809
0.001006658996977
0.001438678100518
0.002358413279367
0.002988862491565
0.002686319002144
0.001437621718282
-0.000097214586572
-0.001082859635413
-0.001152157219572
-0.000490224584358
0.000540266807167
0.001569297786095
0.002171479118876
0.002015373899790
0.001166458429833
0.000140636347766
-0.000383849477086
0.000029609182297
0.001333465607720
0.003148873134627
0.005071957203433
0.006685962411599
0.007514068045706
0.007243312436620
0.005922874018161
0.003963201511741
0.002006985467144
0.000571128328567
-0.000320240338226
-0.001027490889084
-0.001826445077529
-0.002643771679616
-0.003214256769405
-0.003453690487911
-0.003610799290747
-0.003960097941306
-0.004496114911237
-0.005044973764638
-0.005542217224816
-0.006141039218667
-0.006995888494742
-0.007955201795950
-0.008654862569631
-0.008839343659363
-0.008421570669733
-0.007379287972332
-0.005812490820179
-0.004107993051853
-0.002907612288024
-0.002852680966190
-0.004249020182898
-0.006774303108469
-0.009560108885945
-0.011699977879930
-0.012688028031324
-0.012444179518008
-0.011128014103800
-0.009158580668881
-0.007245729135939
-0.005986848358746
-0.005509572028344
-0.005639012667587
-0.006220895852051
-0.007295252688693
-0.008922614957384
-0.010729688742045
-0.011938213343805
-0.012060424115385
-0.011345466601117
-0.010494006510274
-0.010098243607402
-0.010231872871211
-0.010488862822273
-0.010578681466954
-0.010726308611538
-0.011289255364901
-0.012219760267172
-0.013084186992953
-0.013527389717757
-0.013665106368097
-0.014038683289236
-0.015153620881667
-0.016982555146236
-0.018906928788842
-0.020117466561243
-0.020016072134936
-0.018461538485066
-0.015941267832117
-0.013418939101531
-0.011805811860189
-0.011422904929966
-0.011780006235796
-0.011942970011622
-0.011319853370163
-0.010163003424938
-0.009300463603582
-0.009280083200780
-0.009816745744470
-0.010164722629332
-0.009837666129283
-0.008892130570904
-0.007743591294613
-0.006819010374854
-0.006311675099345
-0.006154516304619
-0.006109478810323
-0.005913125867155
-0.005517111196474
-0.005272814145010
-0.005793388516164
-0.007414065206911
-0.009637737260276
-0.011304857744266
-0.011433548590602
-0.009850077040635
-0.007267451937946
-0.004834365720043
-0.003352881166151
-0.002908527772115
-0.003170907035407
-0.003789056803279
-0.004467767644264
-0.004866574529165
-0.004682542699924
-0.003922576507485
-0.002955633097945
-0.002193982860346
-0.001740526407366
-0.001397390412280
-0.001009135828351
-0.000609243101125
-0.000165145933573
0.000564363368874
0.001756525533343
0.003170266758602
0.004183784571093
0.004299539135861
0.003616288807122
0.002766940915219
0.002361885151230
0.002456003106754
0.002602767703464
0.002402213705102
0.001824686618877
0.001018338935766
0.000089809544735
-0.000867905913753
-0.001725867429086
-0.002307655321253
-0.002504866448334
-0.002556105548834
-0.002987661664673
-0.004036951392183
-0.005283798087484
-0.006024186135261
-0.005909806382283
-0.005150922570363
-0.004218057504578
-0.003375752464194
-0.002467271288062
-0.001223542461081
0.000303793634082
0.001843776601139
0.003307292309013
0.004762086217497
0.006112932468656
0.007106434535331
0.007622927834744
0.007810485073572
0.007892737773630
0.007853010503840
0.007391809165047
0.006281371930965
0.004738596893693
0.003322198650635
0.002324294291258
0.001350294270550
-0.000292470916784
-0.002770392873440
-0.005404039006751
-0.007224349113898
-0.007745487716814
-0.007168671119464
-0.006020021314072
-0.004760211088802
-0.003739976735751
-0.003221844582651
-0.003111887983469
-0.002799218360287
-0.001585446830669
0.000674382490414
0.003492436164816
0.006257183466749
0.008628843642260
0.010476752633063
0.011625808642739
0.011731811584522
0.010502297925791
0.008166427534753
0.005560396240045
0.003534542205543
0.002372066115049
0.001844730389524
0.001650582653331
0.001729172658851
0.002266142084470
0.003416046940893
0.004954482712809
0.006307501622758
0.007072280010768
0.007322102967131
0.007285005685975
0.007024724569314
0.006604737193024
0.006409022357232
0.007037748979706
0.008706433701454
0.010892816529923
0.012765626366574
0.013824000654596
0.013984127763715
0.013322741790230
0.012081543437769
0.010776590144072
0.010025558143511
0.010239023309597
0.011293559999221
0.012355797257891
0.012366143298399
0.010993851421083
0.008969663577330
0.007382078218698
0.006862357556161
0.007380131676775
0.008425400152124
0.009348578822973
0.009663909824146
0.009074231736168
0.007478898849908
0.005189961715686
0.002934638432005
0.001416977986297
0.000898055712649
0.001132690892477
0.001646583897920
0.002115430854259
0.002406892481694
0.002385676354209
0.002015195433314
0.001644349684941
0.001803341449194
0.002552940673733
0.003283693585975
0.003191198372465
0.001870793215764
-0.000331768534816
-0.002472711320897
-0.003718969880594
-0.003989498719701
-0.003806779620748
-0.003587678251499
-0.003296150375738
-0.002807818662561
-0.002324143445726
-0.002179030284145
-0.002429937444597
-0.002864121275230
-0.003255114257892
-0.003493819727211
-0.003528546174997
-0.003244247690257
-0.002497168864103
-0.001358396830005
-0.000254782291729
0.000394779575203
0.000740665221811
0.001412385205336
0.002833249431012
0.004871340115089
0.007048585917596
0.008830170915563
0.009867319622903
0.010136709286788
0.009770089635251
0.008820045155743
0.007394500958083
0.005926421966349
0.005004475837456
0.004967976922456
0.005781722868138
0.007096714586520
0.008382670654382
0.009091063880568
0.008745856049443
0.007199254624130
0.004951434636601
0.002950913623169
0.001928214652782
0.001958805544900
0.002598176895742
0.003324627582233
0.003944032615168
0.004644154789860
0.005554625912048
0.006372556155217
0.006628787939149
0.006146824911161
0.005105750136546
0.003890928841207
0.002863670384349
0.002098147388548
0.001498727822883
0.001082673979772
0.000887439847095
0.000778993108921
0.000590501825110
0.000434658955511
0.000652431848974
0.001327111813859
0.002007603105150
0.001998729931489
0.000988226192083
-0.000554149934951
-0.001728995593123
-0.002007190360765
-0.001592041389989
-0.001059521410220
-0.000820526123861
-0.000908887942040
-0.001124931096290
-0.001230801788918
-0.000946956400588
-0.000017250793309
0.001477549620896
0.003032434393139
0.004069165882313
0.004356852787515
0.004198605447663
0.004169863544737
0.004541433572086
0.005078797510313
0.005527207402879
0.006058797732985
0.007000245573663
0.008374840241058
0.009870003869049
0.011026581266562
0.011575412559812
0.011708784393598
0.011770497165332
0.011775234896676
0.011528955900723
0.011029125173532
0.010429542800319
0.009761215227528
0.008952983394171
0.008046743858780
0.007297380769590
0.007083221069866
0.007601149331484
0.008616932677233
0.009684076289093
0.010596020067317
0.011454482855715
0.012369455895990
0.013224980550490
0.013710337874388
0.013641577953696
0.013282786030838
0.013183429966852
0.013642480373782
0.014551039495443
0.015759211926902
0.017168630517926
0.018453832488247
0.019113267021603
0.018830788882235
0.017795632420824
0.016754170209354
0.016440899549949
0.016907353475012
0.017649560272691
0.018182209188717
0.018330512491253
0.018167552393729
0.017770545376186
0.017096342919117
0.016143658065882
0.015136543655680
0.014428484143111
0.014181599389782
0.014208475845225
0.014176609228817
0.013881798121245
0.013334715587843
0.012633377284329
0.011735453967318
0.010479094624154
0.008872498542157
0.007181120880757
0.005647848249455
0.004215788536055
0.002680720521641
0.001141072272268
0.000030783043210
-0.000410371899445
-0.000433877049689
-0.000500648506288
-0.000929325222943
-0.001747399273076
-0.002714712784494
-0.003589989065580
-0.004351675169582
-0.004996549605532
-0.005305589581067
-0.005094220800421
-0.004578593724235
-0.004263019764280
-0.004483765441428
-0.005105924574926
-0.005703067421442
-0.006061152106977
-0.006233441960791
-0.006156366508144
-0.005740368124556
-0.005192395896411
-0.004929543379855
-0.005335635728948
-0.006408971696278
-0.007543585294820
-0.008039379603747
-0.007801440555408
-0.007292553150741
-0.006950990897579
-0.006830614723462
-0.006726864563921
-0.006534508991321
-0.006378505885271
-0.006344834904366
-0.006298836645796
-0.006156662970842
-0.006099307326329
-0.006362519209214
-0.006991278457035
-0.007746160389748
-0.008182347627044
-0.008076990394058
-0.007754045427436
-0.007702819629496
-0.007967738943866
-0.008151109218223
-0.007936620054625
-0.007440863171047
-0.007080134441838
-0.007185564850210
-0.007743462827759
-0.008463753665148
-0.009063368059957
-0.009434539200505
-0.009579113766281
-0.009512667749484
-0.009273168295465
-0.008982248593278
-0.008809818015953
-0.008810652269060
-0.008900470713745
-0.009035474303037
-0.009334788490822
-0.010011403656480
-0.011062742644290
-0.012002095200104
-0.012149353991951
-0.011246927475357
-0.009667586780464
-0.008049891253423
-0.006843684801053
-0.006264418977851
-0.006506071026057
-0.007696409884721
-0.009573941121966
-0.011312831298226
-0.011845589328466
-0.010613381396145
-0.008077399724305
-0.005339444599597
-0.003277789214574
-0.002196904888810
-0.002061572253254
-0.002653735618887
-0.003536499298264
-0.004220000789289
-0.004503368389724
-0.004567016051789
-0.004797631592048
-0.005501589315120
-0.006601619616199
-0.007715996390133
-0.008536787431598
-0.008949579685113
-0.008996750581385
-0.008887173187368
-0.008863433342042
-0.009059848030577
-0.009544578787756
-0.010270302326261
-0.010870923416276
-0.010800386436004
-0.009889490823362
-0.008623894072447
-0.007689538747688
-0.007273278190524
-0.006962566469715
-0.006242853526626
-0.004936062986910
-0.003328691756438
-0.001931209484989
-0.001020086963163
-0.000505933955380
-0.000171770129138
0.000169446986894
0.000696162278154
0.001457840999944
0.002128648517588
0.002107760903282
0.001035997511779
-0.000694108789644
-0.001987528230885
-0.001850963548906
-0.000226867936852
0.002017429228899
0.003860521289659
0.004805551134013
0.004895188341790
0.004307246025886
0.003070882176968
0.001159756138979
-0.001230605902070
-0.003619482909623
-0.005432763577889
-0.006167016093284
-0.005494783461932
-0.003476912306971
-0.000705570556808
0.001895445025976
0.003487586615946
0.003722618165160
0.002883376126789
0.001546965103560
0.000152510298963
-0.001082215069338
-0.002052263612661
-0.002685391730956
-0.003001050687745
-0.003281671831641
-0.003975370221566
-0.005224067177288
-0.006581878478983
-0.007314211722857
-0.006928189974250
-0.005548860286829
-0.003948913352730
-0.003005290987648
-0.003023600517843
-0.003714988065196
-0.004636249284170
-0.005354975033626
-0.005330984238003
-0.004059763865727
-0.001499768235561
0.001689509802896
0.004378365200032
0.005646452881394
0.005395451443247
0.004253078905472
0.002986310393644
0.002098373974265
0.001803416464186
0.002114362124416
0.002828157189428
0.003572174600856
0.004003443921338
0.003940828666193
0.003388149742353
0.002513651001825
0.001562134951980
0.000822035024128
0.000685762549964
0.001502424377673
0.003203968787946
0.005189710616200
0.006709700706895
0.007398710993224
0.007389547096630
0.006948959232520
0.006157384110703
0.004909888060310
0.003206530597034
0.001484109174737
0.000472362412986
0.000593737511811
0.001573943893401
0.002693848000053
0.003396094405806
0.003588657919733
0.003535807878411
0.003609835143185
0.004000717587547
0.004623219763282
0.005242290943128
0.005517852713870
0.005094449706263
0.003940891112423
0.002588815482747
0.001873055933178
0.002374471177448
0.004050343829363
0.006308090181698
0.008425042691590
0.009902467508969
0.010481270072052
0.010021295228740
0.008571411631079
0.006562334124154
0.004648116213358
0.003192875061859
0.002097640324399
0.001184651307023
0.000580109167156
0.000626469666066
0.001398556090886
0.002323191698688
0.002453987884048
0.001367893725356
-0.000299399565615
-0.001430284972596
-0.001434636931399
-0.000606739181641
0.000325719337280
0.000809495370518
0.000661623880963
-0.000063332289172
-0.001164405930640
-0.002243220510301
-0.002753399580692
-0.002365571411443
-0.001334556519961
-0.000332469095745
0.000131348174560
0.000027972757684
-0.000399468949965
-0.001014408720778
-0.001910140179831
-0.003144346207459
-0.004449674877676
-0.005367486559102
-0.005638977328147
-0.005440541507474
-0.005229561855083
-0.005264722472185
-0.005419197796180
-0.005536721665466
-0.005697707745241
-0.006080225045650
-0.006702518776429
-0.007372796187552
-0.007919923133626
-0.008366972816584
-0.008806758445867
-0.009147215627891
-0.009073291847887
-0.008377654361946
-0.007265935224034
-0.006212199190705
-0.005501772749616
-0.004932585298488
-0.004014147841929
-0.002549401270379
-0.000990628705638
-0.000071181781520
-0.000166158036232
-0.001149503029707
-0.002613007888783
-0.004012172586082
-0.004847481877401
-0.004870397036335
-0.004065267543168
-0.002621152005893
-0.000956523184689
0.000532744301028
0.001690280417965
0.002383392996757
0.002366120003173
0.001586736451072
0.000438031046366
-0.000383695208101
-0.000257879085473
0.000899928058934
0.002476132181153
0.003644945098668
0.004071291308640
0.004061203452094
0.004076657231834
0.004237658624698
0.004289436749830
0.003929440702595
0.003125839901769
0.002073752448155
0.000850930447435
-0.000621390156012
-0.002215644901777
-0.003465877315925
-0.003886714346101
-0.003320467505858
-0.002082349044952
-0.000934687817398
-0.000730161052892
-0.002133500933583
-0.005406079612676
-0.009152506913543
-0.010134067213518
-0.006888583436009
-0.002438786900941
-0.001228611795186
-0.004751651326284
-0.010836279837736
-0.015610099231895
-0.016357037029009
-0.013592241434124
-0.010381579652123
-0.009476233928037
-0.011173152910125
-0.013930543026882
-0.016195202348163
-0.016856024651627
-0.015171433470880
-0.011330244340405
-0.006530336138923
-0.002680489847004
-0.001830733688973
-0.004446560507896
-0.008411064745645
-0.010853278109973
-0.010881873439053
-0.009984075775581
-0.009735864089107
-0.009946935379512
-0.009426687879497
-0.007929582038395
-0.007095678259265
-0.008893348221983
-0.012697644093146
-0.015211866459839
-0.013782286627795
-0.008990416775510
-0.004318707363624
-0.003613193731398
-0.007875501149605
-0.013886434570039
-0.016762447127201
-0.014491356620704
-0.009390711576022
-0.005209272321694
-0.003900974059033
-0.005001122724199
-0.006832537758286
-0.008119017754645
-0.008833575085428
-0.009431208633523
-0.009709486599551
-0.009023529961189
-0.007191434953001
-0.004879754666520
-0.003510732233511
-0.004487861098517
-0.007637011140138
-0.010699871291657
-0.011407974882287
-0.009857421318214
-0.008080482853160
-0.007720378792235
-0.008544234847842
-0.008759945757391
-0.006880100490512
-0.003626175125332
-0.001515408730689
-0.002321530569870
-0.005296912324883
-0.007792939959308
-0.007463035365584
-0.004348012493908
-0.001004563643590
-0.000082128645065
-0.001797376403185
-0.004205390088692
-0.005348583030800
-0.004514190394858
-0.002195383541032
0.000479925254190
0.002671130135313
0.004245015466884
0.005171892855222
0.005096264174887
0.003766129191007
0.001463024911061
-0.001083786131528
-0.002983750848491
-0.003581082789730
-0.002905251834883
-0.001562592023073
0.000042890011795
0.002108622806701
0.004843320513624
0.007732341066527
0.009650559121586
0.009712826499531
0.008116192708879
0.006316023670935
0.006022248365174
0.007593329247770
0.009605521588726
0.010148048869940
0.008488970259308
0.005686069547626
0.003662156542847
0.003553170070836
0.004998661401321
0.006967066555612
0.008814787662385
0.010352730700906
0.011329744198675
0.011271928185918
0.009901259469765
0.007657684521445
0.005583151964190
0.004547696677239
0.004686172510638
0.005542988845372
0.006551517481931
0.007370904151144
0.007972751200916
0.008458142382914
0.008846901325395
0.009225531628272
0.009915723464127
0.011189973765506
0.012867684334787
0.014302598614131
0.014754957663416
0.013852350950072
0.011874475594495
0.009605966678118
0.007850602974996
0.007059717536545
0.007185768303477
0.007715114297227
0.008008538458226
0.007809201648078
0.007429986482296
0.007303996927704
0.007343572523813
0.006925612562957
0.005539831211444
0.003357741642620
0.001138423598907
-0.000414852798070
-0.001150526787129
-0.001374020568634
-0.001472059074626
-0.001684677926405
-0.002116655510856
-0.002835556728296
-0.003786251383928
-0.004601684095869
-0.004760541115280
-0.004084059185853
-0.003035756147521
-0.002470603983548
-0.002902218064311
-0.003945697439374
-0.004702331659239
-0.004688065038983
-0.004166752344358
-0.003656241469291
-0.003385059104069
-0.003246683377370
-0.003126763728245
-0.003222360291855
-0.003861908867788
-0.004932561238500
-0.005817018379456
-0.006017469240078
-0.005629903844740
-0.005151111160540
-0.004902601685583
-0.004709114108234
-0.004193842901768
-0.003370465162019
-0.002775168679518
-0.002939913134482
-0.003945253569856
-0.005490914781294
-0.007112499664704
-0.008268460597847
-0.008442643740387
-0.007413362947266
-0.005434166277195
-0.003101163670213
-0.001083659257491
0.000219944132985
0.000920525858638
0.001372265437631
0.001703343908052
0.001866899299899
0.002044239950250
0.002576241581717
0.003487105358986
0.004412962909803
0.005013821118174
0.005338520200070
0.005851811768842
0.007027363358669
0.008769018444603
0.010375085360807
0.011215784706112
0.011258754023606
0.010840281245928
0.010202483542069
0.009374240899834
0.008329157522896
0.007263818890078
0.006790813936618
0.007612945476623
0.009802988713512
0.012593014166619
0.014968045386334
0.016233312280506
0.016081492974924
0.014625253738091
0.012536703944199
0.010785402395784
0.010003335342026
0.010158501214877
0.010765711613735
0.011360738720917
0.011896927116974
0.012661780298745
0.013766430489915
0.014813050522569
0.015153317864017
0.014481594071628
0.013066627777008
0.011448004228403
0.010121789261478
0.009472262941254
0.009732873389595
0.010826308994517
0.012229766946664
0.013190619214435
0.013328645252187
0.012997351509223
0.012794084802683
0.012748816127824
0.012327714768443
0.011195154482979
0.009658200044087
0.008380522577056
0.007801977367456
0.007843199770782
0.008067191803550
0.008030301101376
0.007626762551941
0.007122019575389
0.006701145363099
0.006149616324460
0.005126719194638
0.003600855195295
0.001860458164760
0.000119154869646
-0.001611736551684
-0.003191123298533
-0.004240352825113
-0.004470112077163
-0.004002535097800
-0.003363490193674
-0.003033984357433
-0.003021865780350
-0.003060996261027
-0.003053040610737
-0.003180246833024
-0.003733306163794
-0.004705507233945
-0.005578593376903
-0.005740527741515
-0.005006424030321
-0.003701724134231
-0.002417048708756
-0.001713834543825
-0.001914124372475
-0.002985692992145
-0.004517168033436
-0.005821231480813
-0.006306222562571
-0.005881021101478
-0.004995732208793
-0.004358598895803
-0.004418673906669
-0.004998023538132
-0.005598067297274
-0.005925688374256
-0.005899665661115
-0.005440087581657
-0.004585971525729
-0.003648786831086
-0.003066701815480
-0.003104611685571
-0.003570198967098
-0.003854973907127
-0.003516507671796
-0.002822744358426
-0.002489074062391
-0.002942828308997
-0.004003947287412
-0.005111183408310
-0.005805298152939
-0.006084552612853
-0.006150864149954
-0.005916633313670
-0.005105444816971
-0.003685728937659
-0.001924630911395
-0.000198279620095
0.001112905956954
0.001686586015037
0.001289506037721
-0.000152646345967
-0.002315582218849
-0.004323805956639
-0.005122046585972
-0.004242487855946
-0.002191708118538
-0.000012323390600
0.001508734562836
0.002265157827915
0.002606494124665
0.002866419432638
0.003280115189573
0.004101240921436
0.005397966707184
0.006830249598814
0.007834761963547
0.008056252958628
0.007638912103594
0.007047688659117
0.006545013848609
0.005971922169642
0.005107051996461
0.004029832241839
0.003016044392471
0.002244718717789
0.001712517819948
0.001386082674621
0.001366378007532
0.001811675071183
0.002690265351497
0.003672088059869
0.004250191444999
0.004096865142241
0.003430571393434
0.002804935873531
0.002451824852933
0.002097641555694
0.001512564123747
0.000930681645349
0.000694192382926
0.000786952533409
0.000912979692648
0.000782566958487
0.000267387813786
-0.000614054421217
-0.001771633767850
-0.003004310387480
-0.003994322617064
-0.004437068822111
-0.004150746418490
-0.003219804677714
-0.002132297210642
-0.001523494220768
-0.001606717856305
-0.002031056722315
-0.002393886677231
-0.002655322249603
-0.002923929063851
-0.003108795963016
-0.003054497568112
-0.002904807284991
-0.003060074941219
-0.003748683246798
-0.004757747461224
-0.005504647796601
-0.005320358678098
-0.003966328221922
-0.001957343950386
-0.000129136226615
0.000914964132119
0.000820612126243
-0.000491362539427
-0.002550800497324
-0.004388634663865
-0.005077216870596
-0.004352322507882
-0.002888200151951
-0.001876357685073
-0.002074241126387
-0.003303390938063
-0.004856545656817
-0.006116922471053
-0.006844193806678
-0.007110941330760
-0.007016815368525
-0.006601283139361
-0.006112977691799
-0.006041832015504
-0.006625152148988
-0.007544515040068
-0.008313122792329
-0.008723729191514
-0.008826535631664
-0.008790285082424
-0.008802942571662
-0.008923753668189
-0.009108378538121
-0.009282707054788
-0.009250057042148
-0.008737427772948
-0.007644621104963
-0.006170223152093
-0.004759695598495
-0.003900113657347
-0.003749048162398
-0.003979729037438
-0.004117661075286
-0.003931606273782
-0.003460992751381
-0.002806246844549
-0.001995891897979
-0.001141256314270
-0.000628647029495
-0.000870432188158
-0.001806624403120
-0.002853506458274
-0.003465903593320
-0.003596272867031
-0.003430540489877
-0.002923898348575
-0.001923765989055
-0.000606314218203
0.000505225017960
0.000970528098301
0.000810295203182
0.000551750277860
0.000900877611929
0.002136796023479
0.003783195899274
0.005078105271188
0.005719419722162
0.005939564670319
0.006057559072398
0.006278629670999
0.006761462587294
0.007576389890329
0.008567654391438
0.009366803856907
0.009655030645345
0.009492177898097
0.009356437738511
0.009779594510197
0.010851091476484
0.011983988276160
0.012328967591314
0.011542306594545
0.009993049791150
0.008282178882506
0.006799367071531
0.005789025129424
0.005540668294437
0.006167064096628
0.007313494869904
0.008354354283726
0.008889648494575
0.008948777985019
0.008750284413575
0.008458458807832
0.008160827372336
0.007860007470558
0.007541488232160
0.007388858121494
0.007691174205056
0.008429976027271
0.009260014766509
0.009988197361644
0.010781647013739
0.011774714348360
0.012743397410479
0.013256621513235
0.012992496614489
0.011992428464068
0.010607425853553
0.009117211060868
0.007590617978204
0.006080290967345
0.004711508366139
0.003650488303158
0.003021405298608
0.002750270947595
0.002620129925825
0.002535818910433
0.002485039787662
0.002222961469680
0.001404061905601
0.000132803852666
-0.001004382893886
-0.001522959209760
-0.001371780847419
-0.000776023165518
-0.000031587409959
0.000643766580238
0.001190583396809
0.001529548111772
0.001436068292399
0.000841394666717
0.000104230583659
-0.000211599887458
0.000154427343497
0.000805405868994
0.000986428541649
0.000388617096059
-0.000617225215376
-0.001560635488780
-0.002313327687471
-0.002995664456635
-0.003711145001006
-0.004427700391469
-0.005099145154819
-0.005756085034656
-0.006280978884677
-0.006250747983413
-0.005331910470797
-0.003762691523090
-0.002260208474206
-0.001532121545981
-0.001774428394189
-0.002510305512898
-0.003099483437899
-0.003335497233112
-0.003372470538330
-0.003316904344895
-0.003077368136108
-0.002554434493063
-0.001933626210076
-0.001649355410686
-0.001940564224816
-0.002609084956741
-0.003334758659778
-0.004022158098956
-0.004758483495429
-0.005568625555619
-0.006269720885306
-0.006617450297272
-0.006550639511133
-0.006208668352147
-0.005797413777774
-0.005455195231933
-0.005210005822382
-0.005122799741878
-0.005335544845021
-0.005842241073143
-0.006424593326995
-0.006852783007265
-0.006988126868551
-0.006829131517973
-0.006508287367217
-0.006107620486010
-0.005608576375150
-0.005131216104751
-0.004983048090079
-0.005225764937295
-0.005352121635930
-0.004707133728115
-0.003178457421054
-0.001363229843141
-0.000163830628109
-0.000142662212089
-0.001136018474482
-0.002534759156204
-0.003841921955239
-0.004807944534978
-0.005199912012719
-0.004775204330543
-0.003553303498547
-0.001950414571446
-0.000594724496817
-0.000008136842121
-0.000326499952783
-0.001245813158937
-0.002253625420089
-0.002880256535284
-0.002746185923008
-0.001659924490803
0.000018196959165
0.001340194310716
0.001446071238740
0.000274162751317
-0.001366345663847
-0.002423098699411
-0.002459053008275
-0.001883739935765
-0.001320392944918
-0.001009458015065
-0.000873796133131
-0.000826059384963
-0.000942593831764
-0.001420438419438
-0.002326754713959
-0.003481990691134
-0.004593935061467
-0.005399780162652
-0.005746872229879
-0.005631064611175
-0.005184166028343
-0.004678190698225
-0.004479661324725
-0.004735721134318
-0.005092161335538
-0.005056179391468
-0.004667612066945
-0.004552599210927
-0.005247724720745
-0.006516639090012
-0.007425210878316
-0.007220508615074
-0.006036420770140
-0.004559508048327
-0.003232550302366
-0.002109429398074
-0.001246421502084
-0.000884623245622
-0.001351267156101
-0.002766410670408
-0.004658297003154
-0.006097082169181
-0.006416756483580
-0.005571788045260
-0.003825364472205
-0.001591887533349
0.000405788642643
0.001371666320279
0.001003802172314
-0.000312577981654
-0.001803650816536
-0.002733553921027
-0.002781658719417
-0.002185018094037
-0.001384171787766
-0.000636143175582
-0.000168748901858
-0.000285105408623
-0.000977944155554
-0.001735626726901
-0.001849804049259
-0.000848353527932
0.001202947026662
0.003701561949044
0.005906379768296
0.007419763864084
0.008214440283529
0.008295016323794
0.007573668502603
0.006106350917593
0.004376232580072
0.003143943549662
0.002846066613915
0.003283752252670
0.004007360012336
0.004845724311060
0.005912786688989
0.007175249214238
0.008239583735312
0.008695095625578
0.008553241295589
0.008190487754503
0.007874893955866
0.007463390066086
0.006673250310436
0.005583693705584
0.004652120724487
0.004196053438970
0.004007915806383
0.003627242563376
0.002980610115394
0.002510649886055
0.002590496716993
0.003087761045839
0.003566303731503
0.003650022186209
0.003161484023802
0.002104844579050
0.000591664771677
-0.001223773314013
-0.003093088868316
-0.004635603264972
-0.005558756628946
-0.005905928025721
-0.005971022581497
-0.006007034534162
-0.006097654710090
-0.006275003648219
-0.006575552316749
-0.006911937596993
-0.007007424983137
-0.006506710021951
-0.005218067442719
-0.003444186297857
-0.002033729992578
-0.001797632776134
-0.002826921569616
-0.004489103813113
-0.006029606947210
-0.007124566731430
-0.007894029830032
-0.008512554930512
-0.008961125084333
-0.009134169493963
-0.008974705988069
-0.008430686027836
-0.007488882765607
-0.006353631394076
-0.005459276637516
-0.005218229707225
-0.005688385899058
-0.006354141182353
-0.006356303079223
-0.005282871159072
-0.003693237147293
-0.002572150168458
-0.002353651198423
-0.002669853837510
-0.002867186360121
-0.002574186145555
-0.001856735349979
-0.000971328385338
-0.000157115092402
0.000334787335447
0.000356154386116
0.000082497179839
-0.000080412047144
0.000189840313980
0.000853854649741
0.001442899266561
0.001396520801920
0.000542188768672
-0.000780638431158
-0.001963564467121
-0.002476414006986
-0.002169993897966
-0.001316693228688
-0.000332012475304
0.000468881321995
0.000897843824637
0.000917983132083
0.000709227635675
0.000522607152862
0.000407004168367
0.000231382512402
-0.000008532116502
0.000010903700365
0.000753916403356
0.002272363283398
0.003853646517192
0.004421054246785
0.003387663463843
0.001160309870570
-0.001139222574888
-0.002463868404363
-0.002499944561580
-0.001700568153963
-0.000755400065957
-0.000153067884667
-0.000231082250907
-0.001245449897477
-0.003077751998566
-0.005007330809228
-0.005990668146066
-0.005347312522727
-0.003335962456169
-0.000940167067693
0.000982996717498
0.002166640565111
0.002719659350629
0.002821934224799
0.002647383483482
0.002401893380479
0.002316157303537
0.002551425132252
0.003063366483045
0.003572349380282
0.003827486718298
0.003927748017919
0.004212769798182
0.004847547346946
0.005658231151563
0.006359025591471
0.006788338913213
0.006894931923247
0.006672444669863
0.006174240257906
0.005548582553824
0.005035957602530
0.004743377931763
0.004307468063142
0.003042796061607
0.000750656555221
-0.001678234041326
-0.002805834862090
-0.001921502634372
0.000334777569232
0.002635191613808
0.004052956016989
0.004413221164092
0.003903698444041
0.002784569370616
0.001504343310808
0.000696419953418
0.000766867191444
0.001529373138228
0.002355724391380
0.002650209158088
0.002163118154076
0.001079436828778
-0.000089527743001
-0.000871636030382
-0.001121369731942
-0.000920732898474
-0.000348948313603
0.000510242366034
0.001482786151577
0.002432316774158
0.003336825040739
0.004130458666013
0.004658556144360
0.004820849436558
0.004649116224920
0.004340458949914
0.004208363380692
0.004359906077005
0.004441699700814
0.003998043374453
0.003107986881131
0.002386299754834
0.002330691418385
0.002874813485451
0.003533294480165
0.003896448832681
0.004021994945588
0.004317343205048
0.005067061808459
0.006169420254296
0.007242756707248
0.007781195763976
0.007295058749226
0.005569186593849
0.002874476429015
-0.000041542369072
-0.002259860729573
-0.003260917455342
-0.003318074598932
-0.003237384116152
-0.003607420845018
-0.004253788744547
-0.004436297607274
-0.003618315333370
-0.002041206084245
-0.000538110872143
0.000133914740541
-0.000227370786420
-0.001219753800710
-0.002138487726604
-0.002380365896643
-0.001602741293031
0.000188892765063
0.002468139279746
0.004368432682949
0.005236460088560
0.005005814914563
0.004126707252671
0.003167585993488
0.002372321039972
0.001562882330227
0.000521170221009
-0.000625373497514
-0.001528776909488
-0.002050645468564
-0.002350796073811
-0.002455746887895
-0.002056593748880
-0.001057396831205
-0.000044611878469
0.000119892517894
-0.000881526705593
-0.002493374208639
-0.003747818927629
-0.003965614142731
-0.003026509039401
-0.001121181556166
0.001516725283884
0.004476387180471
0.006973925253714
0.008092954882573
0.007350661290495
0.005035153640372
0.001979099007426
-0.000913075175145
-0.002926906306154
-0.003579518042204
-0.002740573637957
-0.000797503761255
0.001488549242983
0.003333210948967
0.004183911519489
0.003900046704648
0.002777802399981
0.001299701903220
-0.000094491572769
-0.001007181634774
-0.001090758537474
-0.000190570283895
0.001464954287321
0.003177800533100
0.004134670193531
0.004070305949169
0.003368602851722
0.002498576543909
0.001690974333306
0.001093488748288
0.000924826510058
0.001335967705961
0.002060670382773
0.002427939985992
0.002058398554245
0.001442758901904
0.001534484791686
0.002776697216585
0.004676254194300
0.006327107560910
0.007197678621832
0.007361169069839
0.007174118244587
0.006890306434709
0.006531875648085
0.006134489226815
0.006034511451709
0.006624754228325
0.007819602196634
0.008976993511663
0.009325237780108
0.008451370750926
0.006552715311779
0.004248972534061
0.002062759466707
0.000257405163255
-0.000859225294101
-0.001036941179846
-0.000527501774765
-0.000001772390895
-0.000060011607167
-0.000875806228746
-0.002104750243262
-0.003131380761226
-0.003510089329669
-0.003172956910010
-0.002291934543612
-0.001109410570595
0.000018427316662
0.000594324074769
0.000291370561863
-0.000710152638492
-0.001843705390979
-0.002608050931240
-0.002870746038672
-0.002778983005916
-0.002532670853594
-0.002322975223561
-0.002341353418915
-0.002744894949935
-0.003584792940779
-0.004655966724507
-0.005482084232374
-0.005673141018302
-0.005258580222302
-0.004579788130684
-0.003967920059120
-0.003515346068135
-0.003102238423857
-0.002664884795516
-0.002308486271370
-0.002148812377918
-0.002287629254213
-0.002926465524523
-0.004217784858551
-0.005898692605774
-0.007181545597883
-0.007207564041280
-0.005763594792654
-0.003542548699559
-0.001637900071615
-0.000689555334917
-0.000515260371708
-0.000615491714525
-0.000804582974877
-0.001217457072075
-0.001893499629184
-0.002501740186417
-0.002570997318309
-0.001959703050203
-0.000964039917041
0.000007227690779
0.000749771989590
0.001191630013099
0.001146921757449
0.000419418576129
-0.000843508936289
-0.002061875176621
-0.002563894805505
-0.002122699430901
-0.001185631038383
-0.000501829567495
-0.000516554448415
-0.001091435024180
-0.001733828453627
-0.002056024211420
-0.002071282402972
-0.002059789796549
-0.002061100363075
-0.001727167830031
-0.000862139998419
0.000229644727493
0.001063428661147
0.001339370720367
0.001011373734915
0.000328480689170
-0.000183926741634
-0.000000720985303
0.001065743070317
0.002684168673647
0.004025364000153
0.004160049290891
0.002788906211329
0.000580349373144
-0.001375951210170
-0.002330634312954
-0.002112829709613
-0.000979055941255
0.000635829694711
0.002319842690699
0.003677106791142
0.004280532951506
0.003854945875840
0.002423871933166
0.000157018917633
-0.002691022475402
-0.005630544568860
-0.007984434753205
-0.009111945962874
-0.008708820383183
-0.007175250732809
-0.005485642761829
-0.004393409330757
-0.003910849091955
-0.003663308928745
-0.003464778450081
-0.003439215206251
-0.003815667110690
-0.004630397358150
-0.005574654353098
-0.006212697534074
-0.006247186515787
-0.005533293071582
-0.004113190438150
-0.002421102885935
-0.001244126004369
-0.001177726099043
-0.002107572916105
-0.003355618819657
-0.004300707610517
-0.004798381804068
-0.005116257277223
-0.005465434830362
-0.005519186191557
-0.004662136477584
-0.002852331259233
-0.000919489170139
0.000123802814119
-0.000079054340007
-0.001100811568062
-0.002273036239115
-0.003243082992752
-0.004095657873394
-0.004978876258628
-0.005658804008221
-0.005625362757602
-0.004616536861486
-0.002881025546521
-0.000958358165014
0.000650107729596
0.001589262866385
0.001625709550916
0.000732815816903
-0.000675349844695
-0.001778951753822
-0.001931912764423
-0.001167495284695
-0.000065723223612
0.000748209272726
0.001028877583567
0.000958161190271
0.000813469116177
0.000746691463806
0.000855007412592
0.001185994118146
0.001726081425806
0.002491894520521
0.003473434915382
0.004566592577491
0.005641738948058
0.006516620586317
0.006879703169671
0.006338539727201
0.004669899721193
0.002215080084158
-0.000108312260228
-0.001483305548406
-0.001870010159360
-0.001892153365918
-0.002097910001197
-0.002492274707962
-0.002812309736133
-0.002988402841477
-0.003139966847491
-0.003194151593619
-0.002800728638927
-0.001823569701603
-0.000636058474968
0.000223051735035
0.000473436197201
0.000207842158763
-0.000303917555834
-0.000859821846100
-0.001301363460424
-0.001492622989401
-0.001535122483942
-0.001759861513599
-0.002320145262381
-0.002928181251470
-0.003003644612243
-0.002040595017252
0.000001641469285
0.002565745084159
0.004691477666636
0.005440729579742
0.004538760615928
0.002684529033369
0.001024375690485
0.000370377572401
0.000912880485890
0.002396700822372
0.004374725119558
0.006321192681932
0.007675679821014
0.008019482491040
0.007333852154351
0.005957666203844
0.004251371539197
0.002550738652205
0.001361350162650
0.001142663145482
0.001971204941532
0.003721812766417
0.006237396576304
0.009015220159501
0.011079383644757
0.011427319311733
0.009679648622732
0.006507914341337
0.003389141851242
0.001736722009446
0.002218675853117
0.004657995003763
0.008163727762144
0.011404720335365
0.013237816379498
0.013363914730869
0.012284595200889
0.010522876955240
0.008153075314542
0.005317749257621
0.002820108132305
0.001752339328702
0.002501614825440
0.004228427518451
0.005509387166130
0.005576356121360
0.004761124458648
0.003769665787435
0.002905323439355
0.002153413854337
0.001722382385355
0.002119007240275
0.003554760818821
0.005513934621085
0.007163182137484
0.008073583678521
0.008361229775860
0.008195873346199
0.007435017183917
0.005906731664437
0.003858159933123
0.001862755680571
0.000309534949961
-0.000887193222894
-0.002018057210110
-0.003134709260494
-0.003972419139894
-0.004170860604545
-0.003632317088744
-0.002746401074901
-0.001998537033165
-0.001481232040228
-0.001113794944477
-0.001015756101831
-0.001294457288187
-0.001739540496995
-0.002058857274682
-0.002279738954509
-0.002763755003206
-0.003859548979886
-0.005422356757761
-0.006661584412942
-0.006739099719083
-0.005579302378073
-0.003910555464263
-0.002568072987906
-0.001911633165621
-0.001843934192511
-0.002283685650716
-0.003498861338006
-0.005746819380672
-0.008629114051505
-0.011151714976007
-0.012501667416101
-0.012556686993441
-0.011668530340636
-0.010238160236433
-0.008661132308842
-0.007507511903514
-0.007371781505150
-0.008285691015718
-0.009415739746793
-0.009714750240396
-0.008853451594973
-0.007297405914430
-0.005639016940656
-0.004117561176690
-0.002789480477925
-0.001813210315052
-0.001381025342485
-0.001617166098440
-0.002509777952932
-0.003825606095379
-0.005202237882257
-0.006209075633962
-0.006317343609137
-0.005173194746537
-0.003077653337504
-0.001110481808673
-0.000557671773308
-0.001849638298761
-0.004052243430059
-0.005746173706103
-0.006324304402216
-0.006146718750018
-0.005699307823285
-0.005028219533713
-0.003942319392200
-0.002542553252081
-0.001439200509492
-0.001325854369422
-0.002340353381939
-0.003987790957277
-0.005696036117330
-0.007264825812056
-0.008656470424429
-0.009457830533252
-0.008894410442088
-0.006721353024638
-0.003870625526596
-0.001661443039612
-0.000481590901362
0.000246679184215
0.000960600564070
0.001364100607040
0.000902458772762
-0.000525076603401
-0.002359762314598
-0.003826515815535
-0.004574988194478
-0.004796239663459
-0.004753091536218
-0.004470039725970
-0.004011444364105
-0.003753456560381
-0.004058789946513
-0.004788419702677
-0.005352233720004
-0.005231230513534
-0.004330067822401
-0.002892957656072
-0.001295814334845
0.000033484459001
0.000608457665562
0.000016705949699
-0.001794157978652
-0.004451101168317
-0.007343581131849
-0.009747740037582
-0.010948612977559
-0.010518237170963
-0.008535320536085
-0.005562762921170
-0.002437807789302
0.000075152338663
0.001503025723248
0.001570696988240
0.000214900644242
-0.002218014050055
-0.005057383716859
-0.007626563792695
-0.009426062189119
-0.010134883169210
-0.009570095238314
-0.007768564316150
-0.005201715841197
-0.002700125107550
-0.000846955759666
0.000380642289332
0.001110331814955
0.001141626702094
0.000340995955470
-0.000911800991317
-0.001821897926155
-0.001607145268798
-0.000065749329307
0.002167168097805
0.004119615799555
0.005202495096770
0.005273204216955
0.004278537140486
0.002309073757618
-0.000079004042030
-0.001983362820914
-0.002646099779162
-0.001806417379953
0.000219368444782
0.002809981554537
0.005512706156685
0.008106506167664
0.010307514117939
0.011721963631648
0.012052119060527
0.011272601596351
0.009684684039068
0.007718532710754
0.005567217564320
0.003233428269305
0.001004335876658
-0.000455925417002
-0.000553992992009
0.000742514773314
0.002817904687083
0.004906601082924
0.006577828755314
0.007660935412791
0.007998389851157
0.007465709031271
0.006149442795670
0.004309185477990
0.002126176900523
-0.000257629578288
-0.002378042343387
-0.003423049676544
-0.002797561950768
-0.000641175636217
0.002243816788782
0.004863658223520
0.006577212281076
0.007348911585388
0.007441207532471
0.006964071802007
0.005828898031641
0.004093376065532
0.002247310069933
0.000963829495623
0.000506747666027
0.000572958067141
0.000724103395648
0.000754234396575
0.000738222985038
0.000934116749297
0.001543845051902
0.002575338910847
0.003964965533805
0.005604865071556
0.007265531290395
0.008689544983896
0.009733274528863
0.010388433743908
0.010670260304331
0.010481162363649
0.009718143539454
0.008509229592282
0.007188840553347
0.006164513128574
0.005846421854155
0.006362854735578
0.007354675318920
0.008317625861144
0.008981387465538
0.009270980125730
0.009146409650049
0.008588480455197
0.007780676089138
0.007201912766259
0.007289040528393
0.008016520970417
0.008924186817003
0.009518474108488
0.009546824245225
0.008930654585013
0.007642031484602
0.005708718854453
0.003361466468803
0.001208703800847
0.000011515125037
0.000116880641162
0.001232992848385
0.002704759754762
0.003889619646976
0.004432220669293
0.004349436240058
0.003855868136995
0.003238735593866
0.002933700054902
0.003275160823490
0.003965575141378
0.004178095085974
0.003348702745231
0.001761791785503
0.000403918511782
0.000200443136159
0.001230099073915
0.002675528585099
0.003550734464305
0.003400140851239
0.002409039524896
0.001102630330690
0.000030765896781
-0.000447406385870
-0.000394932152070
-0.000304051207415
-0.000607764206377
-0.001174036185803
-0.001384203996480
-0.000727734144177
0.000659585443279
0.002109729966188
0.003121296964075
0.003817502547743
0.004700724152966
0.006014804098239
0.007244147416051
0.007413396391411
0.006125314467296
0.004084265561121
0.002465404029441
0.001944341461009
0.002401256618005
0.003391095220948
0.004584496346612
0.005641176323286
0.005897637811801
0.004617244098221
0.001870801734750
-0.001123079941606
-0.002972477319341
-0.003237779329568
-0.002400847655898
-0.001044762768229
0.000567208008123
0.002126314437505
0.002963196397114
0.002463094431695
0.000759251365963
-0.001150800227121
-0.002137222266537
-0.001742408721943
-0.000199103572180
0.002017189541727
0.004313153227575
0.005761664752917
0.005286498360403
0.002527883534800
-0.001638897313027
-0.005691000187630
-0.008362354395223
-0.009065477298619
-0.007934995883098
-0.005647179919204
-0.003121178914593
-0.001298790837273
-0.000817156278268
-0.001556879702950
-0.002746682037151
-0.003597010831054
-0.003617272982303
-0.002575033184097
-0.000519531392609
0.002115167082740
0.004594512258784
0.006271679969203
0.006856511049094
0.006357981206973
0.004992327851667
0.003097543013539
0.001059959253328
-0.000652645845512
-0.001616062315259
-0.001786698188032
-0.001469850382583
-0.000839311345030
0.000229246179679
0.001793103401964
0.003579486900868
0.005122002363156
0.005968970161614
0.005832621748110
0.004784924675436
0.003350453579594
0.002278163915572
0.002009929615086
0.002272658552868
0.002275085455715
0.001332968140047
-0.000612840520624
-0.002985449295791
-0.005115189642057
-0.006726189785295
-0.007830946044842
-0.008344195987928
-0.008016660196355
-0.006845790087650
-0.005415274363925
-0.004545494670025
-0.004592702012388
-0.005161339462305
-0.005393015193767
-0.004608497421000
-0.002860835809068
-0.000835986602242
0.000760253775734
0.001605805690082
0.001668900849524
0.000913960051982
-0.000712947513124
-0.002947532933250
-0.005087848213899
-0.006478303521748
-0.007117751003146
-0.007562923130199
-0.008199392306856
-0.008876556007222
-0.009274393864339
-0.009351841057324
-0.009359688478966
-0.009421469952788
-0.009135588081011
-0.007921175415604
-0.005783917987553
-0.003316145902620
-0.001009452698089
0.000980883799215
0.002378938807014
0.002487677787115
0.000688530673061
-0.002670019396135
-0.006188393335082
-0.008516404724714
-0.009300240131951
-0.008955755987444
-0.007997177789164
-0.006853005559187
-0.005996431352278
-0.005823968385574
-0.006403655705174
-0.007421694803464
-0.008293247162219
-0.008433687601931
-0.007507867970542
-0.005471713984700
-0.002646165715526
0.000224420604742
0.002218631629573
0.002707233091857
0.001711095736062
-0.000222264458124
-0.002435313507169
-0.004345412432357
-0.005518640943904
-0.005831127031697
-0.005460491978084
-0.004712988261198
-0.003924802749345
-0.003409231182205
-0.003419282485937
-0.004085484821526
-0.005169098916572
-0.005980019464633
-0.005881033936089
-0.004812137211449
-0.003183014350453
-0.001505778688812
-0.000258216829904
0.000165033597794
-0.000425082211121
-0.001825773048031
-0.003314581882532
-0.003955349805979
-0.003293009243207
-0.001718538560482
-0.000146811655636
0.000562616815036
0.000038907344435
-0.001475991204586
-0.003477496843220
-0.005547896963835
-0.007170346363023
-0.007641952523231
-0.006567054370367
-0.004228841361701
-0.001406465581279
0.001000951533885
0.002344147252218
0.002495691136648
0.001686837626853
0.000094126320706
-0.002108001982283
-0.004401984069596
-0.006069974640528
-0.006592601820256
-0.005831855056564
-0.004193588328766
-0.002536211873201
-0.001599522231742
-0.001648499967444
-0.002571375386100
-0.003853535778811
-0.004620342180903
-0.004262463424008
-0.002949431092818
-0.001314606620334
0.000130320010722
0.001232972948588
0.002069267226288
0.002531230389860
0.002126879942905
0.000471005436383
-0.002079396320199
-0.004445309851822
-0.005526301960828
-0.005028664749172
-0.003686740610642
-0.002571515541954
-0.002157510182731
-0.002105027542625
-0.001836781276810
-0.001141193521055
-0.000143566324685
0.001107628369463
0.002640811783440
0.004167748687062
0.005125161974600
0.005243623232078
0.004849310090058
0.004501213702225
0.004402389780214
0.004289509454119
0.003929742260678
0.003531518608294
0.003550958522508
0.004163363855350
0.004961245306978
0.005271913231846
0.004764757139454
0.003577968318762
0.002045433877932
0.000529460090121
-0.000666862604148
-0.001311465714348
-0.001242151815126
-0.000594688179222
0.000168185901484
0.000757386974248
0.001290410148455
0.001776225707686
0.001715602940813
0.000547051531481
-0.001627135087307
-0.003863200291210
-0.004872770499021
-0.003979832921486
-0.001718803862161
0.000774789298850
0.002717469636366
0.003844148495871
0.004215183864697
0.004097574810634
0.003755680347337
0.003327003046917
0.002878779586859
0.002429756237648
0.002017304369550
0.001882609462794
0.002431000758423
0.003828120613382
0.005672204007160
0.007168635911660
0.007691132771105
0.007279920512504
0.006605049217296
0.006329881232334
0.006556644247134
0.006903691377579
0.006956597092753
0.006646384669655
0.006238843079702
0.005890020831200
0.005370658342988
0.004470982620388
0.003490842338687
0.003017390217550
0.003327616039739
0.004207924365058
0.005269513890845
0.006287941194118
0.007204797628205
0.007885338326526
0.008039924422908
0.007535256715861
0.006705426121819
0.006142645346234
0.006187042353785
0.006603351467752
0.006751187759226
0.006201671926401
0.005027507392904
0.003508343477878
0.001923280358134
0.000603607815000
-0.000104062653130
-0.000028692104547
0.000695711919433
0.001684295084337
0.002543674146509
0.003173966681041
0.003779511685554
0.004528927928149
0.005264898379529
0.005624091656062
0.005445848586300
0.004886954483936
0.004117919869836
0.003173608958536
0.002108115096779
0.001047964701030
0.000093672408903
-0.000736983945405
-0.001533055545767
-0.002368998835460
-0.003033167410647
-0.003105573847982
-0.002457936643319
-0.001440814624259
-0.000480830644590
0.000308307889669
0.001036042562660
0.001679773525768
0.001914318787422
0.001370813847903
0.000156237331557
-0.001035835014101
-0.001506442759735
-0.001127002601039
-0.000330031498729
0.000312059502703
0.000507468621654
0.000332653908500
-0.000041377032391
-0.000563473777096
-0.001171192639944
-0.001596574045591
-0.001418990835659
-0.000376025799113
0.001360414884564
0.003312368139619
0.005006867834080
0.006053883992541
0.006137306134265
0.005156442192818
0.003386032274120
0.001429865973171
-0.000045346514564
-0.000629521325509
-0.000324192363800
0.000579891448098
0.001729590803862
0.002819771367415
0.003568404508931
0.003670187372469
0.002929853118449
0.001514536653709
-0.000088971231862
-0.001436055758472
-0.002357854704987
-0.002907424940950
-0.003199137893919
-0.003302233968628
-0.003252995378735
-0.003099228643465
-0.002844435487685
-0.002366248022005
-0.001561848165485
-0.000656199559350
-0.000206692354879
-0.000710997571983
-0.002201385111751
-0.004129182236583
-0.005730647422261
-0.006646869536056
-0.007067673267120
-0.007260523543168
-0.007204149824018
-0.006741323909653
-0.005875405972737
-0.004779937360493
-0.003644715811729
-0.002676827040242
-0.002129097390489
-0.002142185909443
-0.002695042595831
-0.003714040907366
-0.004993949905996
-0.006235713123011
-0.007378645301810
-0.008539983086665
-0.009527415247893
-0.009750392495479
-0.008755622427272
-0.006787041097308
-0.004713508639670
-0.003311830108993
-0.002698612956939
-0.002546550771615
-0.002615863496123
-0.002880518084258
-0.003344997223922
-0.003888727630934
-0.004231973997387
-0.004069845412071
-0.003304601774636
-0.002155161282850
-0.000995760831678
-0.000123779102441
0.000271328522011
0.000029215339046
-0.000962139347993
-0.002626676293593
-0.004653210816352
-0.006701766672930
-0.008570194472517
-0.010066777638750
-0.010832776792166
-0.010404969965312
-0.008559498451927
-0.005692169027985
-0.002803314717046
-0.000919730372186
-0.000434848472554
-0.001064871778513
-0.002270052992531
-0.003528530314559
-0.004457498351869
-0.004882435872354
-0.004757497579576
-0.004125817593344
-0.003240156461232
-0.002501640798537
-0.002129413130970
-0.002089799293033
-0.002329517326241
-0.002794200784206
-0.003299468679085
-0.003551811279798
-0.003280883477798
-0.002416961753839
-0.001122335617594
0.000456032177126
0.002328649839395
0.004402837805596
0.006261660473837
0.007330128109271
0.007182821691833
0.005849617441769
0.003955787707884
0.002313352214771
0.001254910603987
0.000611848940639
0.000309294040498
0.000587021936663
0.001611986805995
0.003127326661643
0.004509689325756
0.005233822822627
0.005395294364124
0.005595326381655
0.006278245831000
0.007425520307323
0.008717305382019
0.009677795829704
0.009864231526727
0.009141077957445
0.007700426702549
0.005952067165274
0.004566476273695
0.004228162322535
0.005026928843595
0.006415139077712
0.007850733742333
0.009107334583406
0.010015881860494
0.010324229992849
0.009850176914765
0.008682751153241
0.007255961469578
0.006059416475743
0.005206186603525
0.004406381281511
0.003344227611715
0.002034126562839
0.000849201678653
0.000195765577296
0.000174196390836
0.000638171059681
0.001453804174783
0.002442649339694
0.003134982977316
0.002925578378326
0.001588954529487
-0.000515580560812
-0.002655764876890
-0.004070514789491
-0.004365327437786
-0.003638847201929
-0.002263403059201
-0.000705514336744
0.000554840795685
0.001110364227960
0.000764573032849
-0.000279625975396
-0.001473566085183
-0.002326245695316
-0.002713359202250
-0.002726878111424
-0.002335456074743
-0.001425216435235
-0.000180876467402
0.000834455512207
0.001070484945912
0.000414147025679
-0.000766385093541
-0.001994443502611
-0.003066273395896
-0.004064118710396
-0.004999639223579
-0.005543647882088
-0.005300262143604
-0.004230041319923
-0.002659709365459
-0.001043926577436
0.000226390204747
0.000944905938449
0.001079881943574
0.000629964387998
-0.000380225711796
-0.001758816108929
-0.003187064742216
-0.004392340547382
-0.005226174318891
-0.005597950606832
-0.005329477190537
-0.004266857226563
-0.002656649443403
-0.001139288214074
-0.000303574917378
-0.000337877544431
-0.000944925654225
-0.001699965812431
-0.002610940617895
-0.003941154706353
-0.005506639786382
-0.006667275681714
-0.006979888034332
-0.006490998621219
-0.005452692256943
-0.004055999296488
-0.002460099381147
-0.000928107932520
0.000076595235117
0.000051491815345
-0.001026887890397
-0.002535587739336
-0.003817105433090
-0.004651317549635
-0.005105113067088
-0.005325127966415
-0.005398693865024
-0.005298546684672
-0.005061173249866
-0.004817318151479
-0.004513224763448
-0.003800956192092
-0.002436884348021
-0.000778975392698
0.000418549755405
0.000779469699891
0.000640380490041
0.000606370189722
0.000873786643943
0.001017430395356
0.000500085218988
-0.000713682884993
-0.002165469160374
-0.003343567272016
-0.003978902505928
-0.003995654449136
-0.003317448062109
-0.001916348452813
-0.000100607589799
0.001460492513851
0.002159392062443
0.001900253321555
0.001162114794387
0.000670099637238
0.000958392504072
0.002162067077285
0.004076469855268
0.006185632899000
0.007714337823463
0.008051466625226
0.007215196405939
0.005750093446137
0.004253254872701
0.003085157616953
0.002340452574221
0.001961317803479
0.001947626089141
0.002434320850623
0.003475090197207
0.004764247803035
0.005718961604762
0.006027826631826
0.005986899842781
0.006037988922150
0.006152754849730
0.005917935466967
0.005072459245992
0.003718140502481
0.002138889668367
0.000715436553283
-0.000077008931404
0.000184243324775
0.001637609652304
0.003906038669128
0.006111694625948
0.007315031746949
0.007095460671676
0.005801205357962
0.004214589568567
0.002891122396228
0.001843298921237
0.000917997740819
0.000210011285039
-0.000113323614974
-0.000114535759202
-0.000051656669786
-0.000075551258216
0.000018460047378
0.000537783221006
0.001395761498468
0.002107984283368
0.002262926478491
0.001852523881333
0.001195983976402
0.000606628661435
0.000121006684756
-0.000387187180218
-0.000877847203187
-0.001127813801217
-0.001066580063794
-0.000909377951976
-0.000892210382709
-0.001056258196522
-0.001276541444444
-0.001405589705001
-0.001391621240535
-0.001130409849536
-0.000340733159269
0.001038139079714
0.002507644778980
0.003339971108333
0.003068899243834
0.001762499198440
0.000036334921899
-0.001448860121551
-0.002579187164505
-0.003657740319936
-0.004865848559454
-0.006099476365496
-0.007082568966541
-0.007498582230604
-0.007250577481894
-0.006585024042015
-0.005806525831763
-0.005054168773325
-0.004485405670355
-0.004335374455144
-0.004585327420169
-0.004871546330049
-0.004879624188262
-0.004680160642523
-0.004627861615335
-0.004915956015442
-0.005263550940988
-0.005228339123536
-0.004787868392237
-0.004380871035324
-0.004429911589357
-0.004922055827419
-0.005378616231825
-0.005336230346830
-0.004907054508033
-0.004653285608005
-0.004935893114013
-0.005585272293030
-0.006187652573865
-0.006506756900384
-0.006486972942779
-0.006060666260100
-0.005297299530886
-0.004608025295786
-0.004486161854357
-0.005023721418331
-0.005734791054765
-0.005895178952753
-0.005163955785081
-0.003919062364220
-0.002907034131283
-0.002537988505229
-0.002651269122127
-0.002896690998123
-0.003111442011099
-0.003372979186891
-0.003802552329559
-0.004343934606932
-0.004790906577026
-0.005032683947921
-0.005194035726507
-0.005417131583800
-0.005560951388513
-0.005338087550889
-0.004684653002020
-0.003761718627677
-0.002672517261282
-0.001383019026344
0.000050268939694
0.001242883253612
0.001672228816003
0.001234986451425
0.000473774167959
0.000200041078296
0.000848023877451
0.002069915102469
0.003092505717769
0.003453078323681
0.003211396036535
0.002671479234601
0.002095337245792
0.001604374725952
0.001348998337408
0.001637003959391
0.002611986751080
0.003912495507131
0.005019198904907
0.005803177376313
0.006347467000098
0.006508307306203
0.006035126458660
0.004899827936796
0.003408755459341
0.002128739640224
0.001593672007667
0.001990639290362
0.003148303897191
0.004781873908752
0.006610395313631
0.008200999271600
0.008988749028739
0.008622927261629
0.007264376547323
0.005621020003851
0.004462951181303
0.003873671507008
0.003330898098781
0.002565160764804
0.001907374245640
0.001845597296444
0.002488439922238
0.003463416146360
0.004325637614894
0.004901531939383
0.005141688614301
0.004937866145168
0.004283669001946
0.003449256506928
0.002826321245941
0.002635588199332
0.002812364164732
0.003082273842672
0.003199651254724
0.003232528808306
0.003476479857407
0.004012331117565
0.004568836357971
0.004845964844754
0.004822196444899
0.004740656226694
0.004754362549250
0.004638758455832
0.004077477007909
0.003182464249237
0.002464097509499
0.002331946772411
0.002794144363745
0.003486606883924
0.003899192577495
0.003701115595880
0.002873067696764
0.001586627676187
0.000109110805864
-0.001201380569138
-0.001962687424751
-0.001891802934380
-0.000992527545638
0.000335518546731
0.001599316601729
0.002525592349907
0.002916606252222
0.002523813024114
0.001241424334731
-0.000662913817208
-0.002530296582620
-0.003664347190196
-0.003840609151910
-0.003392549719579
-0.002763460432172
-0.002162616638714
-0.001683713181604
-0.001434315296119
-0.001433123784112
-0.001532754501298
-0.001487042034720
-0.001201686693968
-0.001017509302420
-0.001455339893431
-0.002498386233294
-0.003520372402719
-0.004069780863493
-0.004316707707776
-0.004651628356949
-0.005126792674528
-0.005388570888401
-0.005120946947292
-0.004461321250217
-0.003912589883259
-0.003875884356017
-0.004300234721704
-0.004805307820086
-0.005075213769353
-0.005064051850618
-0.004886571825158
-0.004590909144685
-0.004126667033401
-0.003553326385775
-0.003121752588124
-0.003051436460513
-0.003293271028778
-0.003588083170742
-0.003758688948563
-0.003943638343371
-0.004506803092301
-0.005554065045647
-0.006639264657505
-0.007214150927163
-0.007171820910786
-0.006765660642480
-0.006271948249803
-0.005822302094024
-0.005363050567452
-0.004749656582114
-0.003937309327525
-0.003024590313175
-0.002145534861538
-0.001461466506511
-0.001198135103597
-0.001505804979695
-0.002279394988557
-0.003174852539730
-0.003808806147009
-0.004019278567672
-0.003981309338115
-0.003951088433392
-0.003904079383869
-0.003611840183526
-0.003005650357807
-0.002299146128355
-0.001750926283805
-0.001367405331857
-0.000998411745390
-0.000637689451284
-0.000398850189626
-0.000371672644284
-0.000563507736324
-0.000747860237677
-0.000522297469568
0.000259892477193
0.001312954343608
0.002271628990286
0.003006397531532
0.003533796254827
0.003786849408305
0.003589792370964
0.002879638297604
0.001862196242180
0.000824355957370
-0.000076114907572
-0.000667783718310
-0.000674280151075
-0.000007336843977
0.001056652961305
0.002029195983226
0.002435162278747
0.002184894943054
0.001711018040159
0.001419180074585
0.001288426833561
0.001164081878850
0.001060385826424
0.001170508412739
0.001690381663760
0.002456347150305
0.002894259328828
0.002613522822608
0.001874762935034
0.001265955697269
0.001059464046584
0.000990467036749
0.000682047541578
0.000177503953163
-0.000155812669323
-0.000060431365504
0.000507067058066
0.001465596058346
0.002633351145626
0.003788436230919
0.004726042069015
0.005286820743469
0.005576782591351
0.006108406342184
0.007308953230006
0.008848438327394
0.009727767321329
0.009099343457760
0.006998862307084
0.004320610783924
0.002086076342859
0.000775772788689
0.000322973239020
0.000498060228675
0.001160324924245
0.002235653249612
0.003534766655041
0.004748738616727
0.005729580009737
0.006530618086819
0.007105164152727
0.007282421018911
0.007047312850584
0.006627461569815
0.006334548717087
0.006307098570223
0.006319345907874
0.005998424807473
0.005263824378818
0.004331284005102
0.003403426230695
0.002623950875382
0.002188848366741
0.002295787838431
0.003018077300152
0.004196625446809
0.005322302540874
0.005683657991942
0.004957619699539
0.003593441278811
0.002439573265702
0.002073320073675
0.002510895441640
0.003460502165734
0.004690248182063
0.006009690078672
0.007049796741118
0.007346131490097
0.006733811199087
0.005595102011659
0.004603116910817
0.004157077411224
0.004140085544869
0.004272939532575
0.004482162189375
0.004738059582190
0.004747852276884
0.004095602663162
0.002721480028909
0.001156191575895
0.000188305324791
0.000290755141216
0.001336192759718
0.002784088642250
0.004108613957420
0.005015183802288
0.005322559775937
0.004889552867462
0.003835887775693
0.002700871235338
0.002079989941337
0.002084167704832
0.002317493493573
0.002337994928765
0.002096306340223
0.001938150793928
0.002119395956250
0.002480620618950
0.002742363885254
0.002894652069132
0.003178104097169
0.003771252348702
0.004509788027683
0.004960309960031
0.004814287933703
0.004166554872058
0.003391458784902
0.002785721434544
0.002433154435433
0.002421141876489
0.002931379974682
0.003947039084573
0.005043096424341
0.005661633946638
0.005602245377812
0.005208564662216
0.005008705196192
0.005109608636797
0.005106726826172
0.004636753324073
0.003741971424095
0.002756750324917
0.002080433076996
0.001873741543244
0.001931877910759
0.002014282862214
0.002007822647767
0.001628483347973
0.000482347158042
-0.001344564639284
-0.003189451279150
-0.004415518718909
-0.004777574707158
-0.004385170480917
-0.003607145521177
-0.002730488951784
-0.001664855879481
-0.000255194651839
0.001244849195921
0.002245330829619
0.002241784707822
0.001094540522268
-0.000867505207135
-0.002969057316795
-0.004507313044078
-0.004923380194792
-0.004002532924037
-0.002241729890556
-0.000668087943672
-0.000040089137725
-0.000386950764337
-0.001192024339326
-0.001833613205662
-0.002078558934140
-0.002249195548427
-0.002734437492596
-0.003506358508608
-0.004303303894943
-0.004961839545238
-0.005375090884182
-0.005380660264850
-0.004812237690262
-0.003631818349324
-0.002117438106424
-0.000841268196205
-0.000270820186297
-0.000463391084404
-0.001159505060566
-0.002082907485759
-0.003145384734784
-0.004270059044509
-0.005116288997922
-0.005338773617262
-0.005077375918090
-0.004807402005843
-0.004749792031570
-0.004675869740750
-0.004188594606538
-0.003185411769387
-0.002160170160239
-0.001889178157369
-0.002782574962496
-0.004623432730557
-0.006725478462053
-0.008229527474248
-0.008474804118828
-0.007326270183519
-0.005290255584624
-0.003332102715327
-0.002379983942645
-0.002699449562337
-0.003675253183245
-0.004344378936259
-0.004109809342910
-0.002992226522894
-0.001490249333612
-0.000212958467198
0.000469682525851
0.000459806401077
-0.000203359090517
-0.001402647601766
-0.002872713722115
-0.004179817069379
-0.004989248310429
-0.005262575148181
-0.005011167702810
-0.004099281624784
-0.002490376216026
-0.000491049547069
0.001350610316186
0.002464244742619
0.002497791050479
0.001572532914397
0.000232004887247
-0.000905103247560
-0.001390650883237
-0.000974002753933
0.000437184721485
0.002606425094167
0.004653882630962
0.005304743140675
0.003861650504048
0.000841683136669
-0.002436406818437
-0.004681796511714
-0.005166980825265
-0.003893779996875
-0.001408453680706
0.001488813014040
0.003854896114230
0.004832423085366
0.004130780120525
0.002215404876379
-0.000019180003640
-0.001713154165694
-0.002420092709271
-0.002222462002539
-0.001414729565775
-0.000243139644164
0.000908516920985
0.001439104098978
0.000976075216141
-0.000228883130094
-0.001565138766942
-0.002619140340326
-0.003376141900355
-0.004024043439222
-0.004632909436746
-0.004998940974608
-0.004836514945296
-0.004099958930504
-0.003010554962069
-0.001841586649039
-0.000841685126682
-0.000231072984853
-0.000113395838592
-0.000476588884426
-0.001181867717296
-0.001901625186356
-0.002383520307138
-0.002769255674359
-0.003348006501236
-0.004061402576774
-0.004459446745960
-0.004143773300723
-0.003179359201692
-0.002042967526550
-0.001226609003684
-0.000925548146448
-0.001001952295408
-0.001193867655548
-0.001342049454360
-0.001326307640924
-0.000948929379751
-0.000069397262045
0.001263141862294
0.002742275421586
0.003829262576069
0.004156143934196
0.003828122383765
0.003061833029599
0.001854451670423
0.000271345602746
-0.001319325486643
-0.002556712218556
-0.003402244648687
-0.004004964823422
-0.004359570645059
-0.004192523233514
-0.003251162583100
-0.001655916944960
0.000138686900108
0.001671499112261
0.002721870951790
0.003346804780729
0.003668581880882
0.003522022094437
0.002502075045945
0.000586687607918
-0.001548408909596
-0.003089945827233
-0.003752407331377
-0.003806061527237
-0.003661990031572
-0.003481526508614
-0.003187581269864
-0.002851417355404
-0.002820187861640
-0.003360227081225
-0.004437707924587
-0.005864781060662
-0.007377906882060
-0.008594358140133
-0.009101307881659
-0.008632773751848
-0.007231624829777
-0.005335486403073
-0.003549388314208
-0.002194077289778
-0.001210846363732
-0.000535225832900
-0.000420713052604
-0.001322320847276
-0.003347750006233
-0.005831612156779
-0.007723921414086
-0.008424772038617
-0.008039086834795
-0.006996685582988
-0.005697540177269
-0.004410215455782
-0.003337190882362
-0.002722921312633
-0.002788696512526
-0.003520656595741
-0.004654018657907
-0.005886483280999
-0.006952387218445
-0.007485673678129
-0.007030347306190
-0.005411761302174
-0.003088703717869
-0.000932759494813
0.000397324162614
0.000850385356712
0.000874315769856
0.000943538960889
0.001147144837697
0.001266065985823
0.001163096557321
0.000912325790890
0.000619608912618
0.000325822597437
0.000076943621925
0.000039500295697
0.000507809712715
0.001621855097917
0.003072310530408
0.004288825763193
0.004935492904902
0.005052239508656
0.004727521265129
0.003906081248963
0.002603149149683
0.001118757340164
-0.000023412650168
-0.000395345019163
-0.000032362867235
0.000609916990628
0.001096379593455
0.001295185459774
0.001347010871069
0.001447597227504
0.001580838214604
0.001561944590452
0.001314010272205
0.000922541219880
0.000527720680382
0.000312234963444
0.000547369255921
0.001506155067575
0.003147100254979
0.004885260727435
0.005900193945003
0.005788139730991
0.004860824010178
0.003795882478009
0.003028395641862
0.002477256706269
0.001839052472331
0.001109349795140
0.000725312848325
0.001126858099183
0.002244858541505
0.003505428115095
0.004328535277213
0.004560977260846
0.004387932911406
0.004009492747591
0.003614742181285
0.003514850693097
0.004012870068322
0.005054586041271
0.006124769052832
0.006658614799740
0.006512792621545
0.005965747994487
0.005437487130184
0.005170748499810
0.005014087353946
0.004657019290881
0.003946722165464
0.002785577179593
0.001089463370101
-0.000958395440978
-0.002779218368590
-0.003631063301238
-0.003100011181212
-0.001417539657887
0.000743190925760
0.002758627175698
0.004358177295520
0.005508790813111
0.006086322889106
0.005857207334351
0.004873773772855
0.003693579960043
0.003020923176334
0.003121329546126
0.003606921249999
0.003790160658612
0.003312391229937
0.002428772117979
0.001635123311947
0.001182490638100
0.001035230137384
0.001095046053818
0.001303319263898
0.001525607871598
0.001477446546688
0.000905765428283
-0.000169388406942
-0.001403961223666
-0.002349114039722
-0.002802917241163
-0.002827087466573
-0.002392672883947
-0.001346990391440
0.000168946872482
0.001570404634690
0.002276107798765
0.002245769478493
0.001964299000798
0.001887616870656
0.002012114992979
0.002003754067449
0.001578039671305
0.000673743508133
-0.000567001937903
-0.001869521448781
-0.002979678626610
-0.003769089864212
-0.004165693503574
-0.004163936304492
-0.003974247611441
-0.003890325052528
-0.003887019989522
-0.003601955932429
-0.002825502309474
-0.001840602885473
-0.001185342644459
-0.001135381330397
-0.001498410242729
-0.001881576555239
-0.002099656198182
-0.002322828086144
-0.002807546571786
-0.003576469828138
-0.004443146450894
-0.005240958399787
-0.005976318621531
-0.006749122789959
-0.007498015077459
-0.007958142915241
-0.007964753704181
-0.007627656842102
-0.007077161931203
-0.006276475547609
-0.005253906052951
-0.004250671909460
-0.003551247464827
-0.003281389107026
-0.003212309791443
-0.002842227183220
-0.001929745832131
-0.000795155548757
-0.000003893919357
0.000111618889947
-0.000351492652019
-0.001084508444012
-0.001895516582256
-0.002674437118798
-0.003177154840870
-0.003091448564910
-0.002284635242195
-0.000978966194530
0.000309474154184
0.001182470450740
0.001684952548992
0.002101814041979
0.002545531067489
0.002862427560650
0.002953863816068
0.003054236574319
0.003473750909203
0.004114935567512
0.004527125787639
0.004456738009493
0.004065701963387
0.003576017517349
0.003008390746320
0.002358773230029
0.001789544820959
0.001551431189266
0.001721402982281
0.001969944861012
0.001765700125712
0.000997542753656
0.000221495348095
0.000152023810826
0.001058402530639
0.002664641548875
0.004474626515138
0.006164681965749
0.007623265585267
0.008653957894802
0.008903794325019
0.008171050785603
0.006692612540538
0.005083588042764
0.003896288782700
0.003255807746621
0.002999308221628
0.002964825801774
0.003031765943052
0.003061087534095
0.002870845709287
0.002326116578570
0.001574373984817
0.001060165074924
0.001123527979524
0.001670064945482
0.002331037273498
0.002836694126354
0.003143064841089
0.003287190958886
0.003192962414506
0.002676667636544
0.001793691343239
0.001066563293593
0.001086112569005
0.001941265939474
0.003181373244064
0.004214304123352
0.004631423384545
0.004285420594164
0.003221683865617
0.001595784459267
-0.000273522828504
-0.001824624565164
-0.002467675259255
-0.002028324320912
-0.000904691537525
0.000304498678380
0.001281534781887
0.002062499769003
0.002735672046874
0.003243690145857
0.003543086657745
0.003777430447152
0.004084817175873
0.004339124103081
0.004240525722986
0.003605253943149
0.002574095265376
0.001571298651268
0.000971550036581
0.000775452994101
0.000697612753567
0.000559046270006
0.000394658389520
0.000174228741823
-0.000323114245386
-0.001214987480276
-0.002112590177620
-0.002217331360832
-0.001122368685777
0.000627868280145
0.002058150894568
0.002532959471713
0.001894798061290
0.000360851821750
-0.001581797069581
-0.003358944823704
-0.004376631888460
-0.004210772259900
-0.003018256664932
-0.001489608246612
-0.000248504523148
0.000552313578542
0.001080623357836
0.001370002973024
0.001060600291720
-0.000295507641669
-0.002622902392417
-0.005105222032985
-0.006740552009889
-0.007174003205539
-0.006886004079226
-0.006613272980416
-0.006725445303474
-0.007070963307120
-0.007269952609253
-0.007082049571115
-0.006470931855567
-0.005505854950107
-0.004386419053830
-0.003472226298203
-0.003169013503112
-0.003648079841354
-0.004624269801394
-0.005607490602398
-0.006342373366424
-0.006871558995858
-0.007297632704832
-0.007538121358522
-0.007358802354654
-0.006739153049492
-0.006068297970727
-0.005824961452255
-0.006149590563666
-0.006770893193249
-0.007260480107846
-0.007394674401008
-0.007249371081088
-0.006931478473622
-0.006468110597971
-0.006011810552893
-0.005840094764817
-0.006047904906849
-0.006372505393326
-0.006279980000837
-0.005315547135938
-0.003636803564359
-0.002053859348047
-0.001315477097660
-0.001566778520030
-0.002523211116243
-0.003798010412298
-0.005044979305463
-0.005971074179503
-0.006265842538372
-0.005736951278308
-0.004573094964229
-0.003291022370295
-0.002379269317177
-0.001982178851938
-0.001960793530610
-0.002211222374862
-0.002692597861173
-0.003124332762618
-0.002906779756132
-0.001636977365169
0.000257858031561
0.001686113692159
0.001812944904538
0.000757449414973
-0.000583939844487
-0.001340171013552
-0.001291566227068
-0.000854206377900
-0.000596258511379
-0.000754636176992
-0.001230308051188
-0.001877601110238
-0.002472827628665
-0.002599563000482
-0.001995116031349
-0.000944759992003
-0.000113036689888
0.000035971403458
-0.000321308614499
-0.000532752109124
-0.000164820729572
0.000562200171904
0.001095754584315
0.001180004549420
0.001094673514107
0.001277742501301
0.001783029384395
0.002178826154664
0.001959388013235
0.001034548441878
-0.000218142218986
-0.001297524551221
-0.001848262714014
-0.001757282670994
-0.001185863496932
-0.000475873630609
0.000023870760718
0.000119894162287
-0.000022825537535
0.000124214976463
0.000959183958066
0.002257233596633
0.003296189515642
0.003414183669742
0.002565715493657
0.001394616427811
0.000548118733166
0.000069458612271
-0.000307237003188
-0.000659367745020
-0.000881907839506
-0.000812606908261
-0.000314404539628
0.000562162505407
0.001593807767868
0.002562885132053
0.003286943959216
0.003584692249229
0.003423980600550
0.003049933134165
0.002778151066605
0.002698468297425
0.002675138805261
0.002593143359086
0.002583198445961
0.002953575462958
0.003823590111159
0.004871857975247
0.005525333985067
0.005427494383055
0.004724513596273
0.003897837048658
0.003332984832809
0.003066374528611
0.002974622472201
0.003072223320439
0.003418901539613
0.003928462085401
0.004535260795133
0.005375712719889
0.006614239020310
0.008087017885754
0.009168694659058
0.009189077798366
0.008099480393716
0.006644897460056
0.005743609194347
0.005641990454777
0.005829118461863
0.005744179683076
0.005314011255257
0.004860181998137
0.004634030024494
0.004511440691773
0.004260968502960
0.003915335266428
0.003603638866936
0.003270871714867
0.002853323434912
0.002609011100199
0.003081362592797
0.004569593599707
0.006595543969104
0.008139345566984
0.008566941856253
0.008193954358430
0.007854370859538
0.007992522945844
0.008219996615019
0.007784763901161
0.006391148200714
0.004429870653795
0.002532197280588
0.001088159922250
0.000161504347292
-0.000315176152931
-0.000413331748842
-0.000241823438328
0.000042157874365
0.000378136954621
0.000938779354262
0.001949333392502
0.003324916192162
0.004604342120102
0.005293558622557
0.005316313842643
0.005082176496083
0.004990024871096
0.004968891924093
0.004630616220729
0.003758079521201
0.002568853704433
0.001605578497776
0.001358338154114
0.001883889656103
0.002804003593550
0.003634538438928
0.004032317804172
0.003822760588358
0.003027370407788
0.001945200635552
0.001018146566641
0.000534124220008
0.000496018930213
0.000673662754262
0.000808850313273
0.000918774721242
0.001284117649534
0.001985827587860
0.002688902592225
0.003091292274687
0.003305085869593
0.003586041651699
0.003875751392718
0.003747178123565
0.002801946297220
0.001118624347257
-0.000742858430801
-0.002153094302997
-0.002736703753421
-0.002407903353514
-0.001325944562081
0.000098894595582
0.001263051585536
0.001619822657513
0.001007454578984
-0.000206275200731
-0.001374066882937
-0.002070405278168
-0.002336178612957
-0.002467397749220
-0.002646051191092
-0.002752419314707
-0.002499034592633
-0.001758438002443
-0.000740343554641
0.000193827264521
0.000834155613173
0.001178860869807
0.001278251394971
0.001125833346667
0.000749533389467
0.000356574792147
0.000167323492436
0.000068623979897
-0.000279959512614
-0.000939800444437
-0.001597482402318
-0.001995208067265
-0.002203943374405
-0.002482776615725
-0.002955144534873
-0.003392305784078
-0.003388023252138
-0.002777005216134
-0.001769714459483
-0.000711888841260
0.000162547746262
0.000801578526356
0.001234461351114
0.001407119755300
0.001227068257055
0.000797351253292
0.000399795580092
0.000156746675065
-0.000090238981696
-0.000465944383376
-0.000761861130031
-0.000569368749110
0.000219484564120
0.001109427431198
0.001382016967293
0.000765686154816
-0.000362303815969
-0.001372155444381
-0.001913995565519
-0.002033152940063
-0.001842530026569
-0.001337320287872
-0.000580158955011
0.000185533132320
0.000749692604188
0.001130546683343
0.001456380264408
0.001770455916682
0.001978478853150
0.001935477823018
0.001664683010393
0.001400404879749
0.001217696939700
0.000772478601376
-0.000368002101104
-0.002222784009720
-0.004246101386878
-0.005607843383206
-0.005777408425756
-0.004894267837769
-0.003491171606721
-0.001951555041750
-0.000422953012833
0.000833411524674
0.001404719872405
0.001089731155084
0.000098567281044
-0.001033175952802
-0.001727173816583
-0.001752500170146
-0.001346395217921
-0.000889071069958
-0.000594027343658
-0.000598628782148
-0.001113892008412
-0.002227512962398
-0.003635546560057
-0.004772638808880
-0.005250736097756
-0.005132233822603
-0.004777060016738
-0.004483042742071
-0.004307921936620
-0.004141090395364
-0.003842341618857
-0.003334038909068
-0.002629828078209
-0.001847730202195
-0.001250933975847
-0.001186457136418
-0.001805391837910
-0.002814893916585
-0.003684329297940
-0.004133852773457
-0.004215650604665
-0.004030749447811
-0.003612505400770
-0.002913245634419
-0.001843700121691
-0.000501344991338
0.000775196382277
0.001700954921935
0.002202744142088
0.002319029113995
0.002175922818352
0.001921745720204
0.001532879226871
0.000915535627907
0.000182121708450
-0.000485714269648
-0.001085164839188
-0.001616294056609
-0.001935883043577
-0.001974639590172
-0.001801625148921
-0.001440987683861
-0.000900888453499
-0.000268688478022
0.000387186062886
0.000947557597295
0.001095892783322
0.000619414402514
-0.000205517416502
-0.000783545269205
-0.000692837013315
-0.000001201635652
0.000788380093831
0.001215755267975
0.001312691907122
0.001387288112165
0.001489863975865
0.001405585207990
0.001071735787722
0.000644380199222
0.000189901900545
-0.000373060415313
-0.001030903412354
-0.001526411540862
-0.001463860656991
-0.000699775496719
0.000302493024058
0.000869342283202
0.000967024047218
0.001198855854395
0.002016858313065
0.003303103255262
0.004451918318218
0.004741458976666
0.003950674488323
0.002534228090972
0.001079005734152
-0.000069103568579
-0.000675104356036
-0.000639827317817
-0.000169963739502
0.000347528572770
0.000548776328779
0.000272685020278
-0.000139384791674
-0.000001881595660
0.000878658442687
0.001868539418488
0.002240632814989
0.001852338804041
0.001011456356573
0.000140149378267
-0.000411984196808
-0.000642511232173
-0.000801375923590
-0.000885491565249
-0.000721796316423
-0.000414326107401
-0.000170059442445
0.000033612865717
0.000262644883765
0.000434850325132
0.000428842051833
0.000134790229144
-0.000460623063205
-0.001087748775251
-0.001375983621401
-0.001308359728751
-0.001234655634524
-0.001468275849528
-0.002079741377693
-0.002928771399646
-0.003777088206714
-0.004452258861040
-0.004844664640981
-0.004798313566268
-0.004243855616755
-0.003445651456352
-0.002821690590977
-0.002481203066696
-0.002186625033612
-0.001685570187877
-0.000962904371488
-0.000350715023954
-0.000300296346117
-0.000776043321980
-0.001160492037461
-0.001052125983942
-0.000708857736074
-0.000546595324936
-0.000742743813286
-0.001327074788231
-0.002197123737776
-0.003152856384459
-0.004082299198168
-0.004861881574638
-0.005230928661729
-0.005091128010572
-0.004681090743602
-0.004240213177416
-0.003715741983223
-0.002931067269325
-0.001884533274068
-0.000832858250808
-0.000113012544218
0.000206128036911
0.000408421659635
0.000741431602798
0.001001679099553
0.000661623112627
-0.000515831210279
-0.002177754668138
-0.003698683420139
-0.004599178576988
-0.004782697630642
-0.004526110273867
-0.004166419234633
-0.003839107277793
-0.003581190530912
-0.003402060527326
-0.003125736610346
-0.002493692845899
-0.001493460897678
-0.000401816828896
0.000405830249698
0.000708973646533
0.000711831406054
0.000896797863270
0.001442133640922
0.001980172710852
0.002059876838640
0.001687262537272
0.001231966358932
0.000974742070125
0.000899071627912
0.000791615095470
0.000544018701238
0.000307701009153
0.000203690440661
0.000074639540090
-0.000244381326317
-0.000605956289161
-0.000690341036146
-0.000334300544399
0.000250343529545
0.000537410703637
0.000235865623730
-0.000302424215752
-0.000561075244625
-0.000481298763250
-0.000297893880709
-0.000089277948951
0.000196009413584
0.000508845082276
0.000718227984882
0.000664156860093
0.000242443551592
-0.000360128847327
-0.000808292165837
-0.001070324547329
-0.001331045447922
-0.001551079693261
-0.001506939942199
-0.001104058392537
-0.000445047961214
0.000206703893609
0.000602070899454
0.000785801651980
0.000912784595438
0.000799025577453
0.000112786610235
-0.001020314994828
-0.002036381117125
-0.002475064889557
-0.002279873816116
-0.001820116742671
-0.001669951277714
-0.002060357200728
-0.002618525632152
-0.002867735474401
-0.002764839577484
-0.002528117594613
-0.002222519794926
-0.001775803169208
-0.001230439553900
-0.000836528253578
-0.000887902136082
-0.001354831607380
-0.001774679510699
-0.001748179037758
-0.001419992271662
-0.001239377796603
-0.001397245200058
-0.001710374556073
-0.001918569917374
-0.001917718041656
-0.001739901204553
-0.001338960898596
-0.000489607381590
0.000888021832448
0.002388487536742
0.003420151512954
0.003766987807910
0.003595598727156
0.003105591922200
0.002433706842895
0.001709053944294
0.001063366688951
0.000715395824706
0.000894457821913
0.001474527427125
0.001965869643040
0.002050173585983
0.001838538656973
0.001584914378232
0.001463387786640
0.001578333274987
0.001964055343274
0.002641609656333
0.003622569765568
0.004648115496340
0.005149939791989
0.004737212278640
0.003573744023033
0.002261120730719
0.001459168222360
0.001433712840603
0.001923036670659
0.002553431800978
0.003177278130257
0.003669412061621
0.003745558989309
0.003303284161828
0.002721074509861
0.002533521726632
0.002921514272646
0.003593445613779
0.004052531157603
0.004033075859482
0.003785768257300
0.003807319093713
0.004229721595153
0.004717216137169
0.004917434366677
0.004766667603646
0.004467812980517
0.004266334656524
0.004200007229975
0.004086224707431
0.003737732862667
0.003150873615498
0.002442825751689
0.001712025770575
0.001141463605264
0.001035544745294
0.001445804406369
0.001975712328134
0.002161267609346
0.001814135845754
0.001076437027727
0.000414787187799
0.000306505324648
0.000743648346541
0.001300568683100
0.001616360449527
0.001568488947354
0.001205414178750
0.000684345750091
0.000140969149957
-0.000365989203083
-0.000779234382339
-0.001122094649241
-0.001588134791966
-0.002241243003526
-0.002795293921641
-0.002960739210693
-0.002723283481613
-0.002184957200592
-0.001469957456058
-0.000724710402553
0.000020930187956
0.000766349766468
0.001213828528916
0.000967022778811
0.000167544573953
-0.000580098083353
-0.000934879675210
-0.001012683501226
-0.001009969065699
-0.000927287679181
-0.000510237373639
0.000519955044030
0.001995942387287
0.003292607435509
0.003997831517458
0.004242609105900
0.004246698909800
0.003991055132575
0.003404061144961
0.002566871555639
0.001704011432688
0.000997566346533
0.000339829902793
-0.000570536162474
-0.001762290708266
-0.002882651242351
-0.003531443144102
-0.003455076345401
-0.002635384778203
-0.001368571976660
-0.000084841045445
0.000940337018925
0.001557054235561
0.001568806707819
0.000943826525026
0.000094115810880
-0.000401057902953
-0.000334710610274
-0.000043523497963
-0.000065719263340
-0.000577416033279
-0.001184489151856
-0.001392190173836
-0.001162994733248
-0.000803223191304
-0.000491411549170
-0.000197400545666
0.000107638507761
0.000359834215395
0.000431854967553
0.000295460778185
0.000131096128899
0.000090459461351
0.000113552084741
0.000130796292474
0.000247551859756
0.000621521737815
0.001163363217606
0.001398903829683
0.000780462790680
-0.000766901991717
-0.002627707509096
-0.003982775060610
-0.004609253939121
-0.004938534771373
-0.005286546116647
-0.005452106425883
-0.005097383746455
-0.004184249006504
-0.003051250291499
-0.002170784384867
-0.001753914685092
-0.001659730658006
-0.001758310634463
-0.002120258702901
-0.002715379546597
-0.003268639566806
-0.003639627813914
-0.004084061058886
-0.004916157237589
-0.006067560475619
-0.007094233016521
-0.007517446612389
-0.007242785082019
-0.006701990079896
-0.006338809671595
-0.006042839284835
-0.005441637531087
-0.004506952896060
-0.003519616468880
-0.002730328186711
-0.002252574198047
-0.002066383530657
-0.002147255262412
-0.002642226185528
-0.003632412126742
-0.004768495823718
-0.005523702788208
-0.005697714478131
-0.005440481454422
-0.004986130775948
-0.004448289221991
-0.003702907383074
-0.002618558776933
-0.001508367680290
-0.000926071354243
-0.000995316574444
-0.001387352002030
-0.001757420411071
-0.001902808740428
-0.001794679889205
-0.001616944732134
-0.001622047873867
-0.001970828808298
-0.002732139851436
-0.003789325897041
-0.004651616609329
-0.004734307917655
-0.004057400621536
-0.003365227581998
-0.003411759362345
-0.004283737543929
-0.005329130481149
-0.005660023447148
-0.004955708085987
-0.003818480165267
-0.003109796004008
-0.003080407229873
-0.003419174482235
-0.003808509320319
-0.004103929491442
-0.004272082302470
-0.004364600134783
-0.004395628917081
-0.004350846996622
-0.004431606032517
-0.004860820145764
-0.005378652220797
-0.005445983440447
-0.004873102729785
-0.003959666664355
-0.003181459317531
-0.002738082040572
-0.002351602356303
-0.001659544197405
-0.000746824655719
-0.000051790767652
0.000246684748992
0.000389552942648
0.000572401497372
0.000758155772205
0.000864011053140
0.000791076682871
0.000457885414419
-0.000080612818399
-0.000749705694077
-0.001549948002051
-0.002270901080556
-0.002350586980821
-0.001414182550741
0.000198700471294
0.001742271761941
0.002681610470694
0.002909507244222
0.002684155514985
0.002352884795858
0.002014079943340
0.001596504685343
0.001123989907447
0.000648825204044
0.000139061952182
-0.000340523841152
-0.000517218905729
-0.000149688719282
0.000803315866996
0.002207870039037
0.003633315016611
0.004534205120129
0.004834407340372
0.004834041983307
0.004586157583559
0.003911280483292
0.002824164539924
0.001649222427437
0.000862792916425
0.000707654901160
0.000849392343314
0.000741123599590
0.000357605229576
0.000194791663699
0.000594460341096
0.001418960507329
0.002329106469186
0.003094786116290
0.003676823234665
0.004158516386207
0.004571740007588
0.004838751665088
0.004935119934303
0.004951470551979
0.004900255709474
0.004635072877107
0.004102833626664
0.003526279738078
0.003234639754523
0.003408271609483
0.003918536706528
0.004365998123533
0.004432278799890
0.004109778061378
0.003524468550220
0.002809013532016
0.002083284888106
0.001371151796547
0.000745475402061
0.000468268913312
0.000704011766034
0.001286225545368
0.001984787451580
0.002842502296296
0.003975492341595
0.005083942489751
0.005533081849005
0.005005480589414
0.003872861699171
0.002895971385999
0.002569623183672
0.002764144460681
0.003039215848413
0.003179140179585
0.003262269337648
0.003310871223120
0.003207879886874
0.003039103387932
0.003159422062111
0.003837567702632
0.005011877645991
0.006162774971788
0.006492133400752
0.005680308010065
0.004240684474168
0.002872721146733
0.001870482463201
0.001299722370600
0.001254447452923
0.001716615543726
0.002449174071484
0.003002569166519
0.002849794366395
0.001980466079046
0.001156615715131
0.001088951065768
0.001763475591458
0.002787253190808
0.003825411398150
0.004652443583548
0.005196743867300
0.005464475650015
0.005311088472309
0.004584840215712
0.003449935753541
0.002176030946374
0.000787321273968
-0.000777330636756
-0.002409870535309
-0.003806057930484
-0.004543112634306
-0.004434941005173
-0.003885428583819
-0.003521356398835
-0.003478859361196
-0.003449261303120
-0.003326059334909
-0.003291881803007
-0.003388516179898
-0.003503179952694
-0.003561025333370
-0.003446330016126
-0.003147278290817
-0.002939738693651
-0.002986362289227
-0.003132547427967
-0.003318960453583
-0.003683919489644
-0.004233430022775
-0.004733653928421
-0.004920318365916
-0.004712239654791
-0.004288278800519
-0.004007891642276
-0.004013436344015
-0.003906872834097
-0.003192992112347
-0.001921559270033
-0.000582950096526
0.000369354856780
0.000715594201465
0.000520977599877
0.000070828743068
-0.000424311045463
-0.000863323245118
-0.001020912283518
-0.000787526712794
-0.000558652678627
-0.000865689624247
-0.001683033173252
-0.002420097122778
-0.002519491689484
-0.001942308216191
-0.001185400228333
-0.000753718553873
-0.000514862691709
0.000096914083908
0.001188384137153
0.002221429883764
0.002662439858545
0.002396735775448
0.001703304307219
0.001048050364743
0.000701210882289
0.000546699582992
0.000393310341370
0.000256086392248
0.000137968865473
-0.000146170330264
-0.000650164150702
-0.001058448839299
-0.000973805428630
-0.000284063618865
0.000766159378533
0.001765128191237
0.002509197989646
0.003127232405061
0.003685747831780
0.003919135231878
0.003559367672123
0.002732387376786
0.001862909428594
0.001326445851720
0.001237548931834
0.001437148443093
0.001713135939554
0.002036346398426
0.002489822080577
0.003093257464007
0.003814395218376
0.004639051685547
0.005515565931070
0.006261846993719
0.006578146268767
0.006224698880495
0.005392135045602
0.004806117434674
0.005070148450816
0.005960861129430
0.006635788276428
0.006408012503748
0.005215023777517
0.003568587118866
0.002203006255754
0.001617831853594
0.001863969246596
0.002757561221311
0.004087099256459
0.005519303320205
0.006600762317434
0.007114261084568
0.007288648060552
0.007470760646186
0.007704070137866
0.007693242578886
0.007144337438693
0.006214740884212
0.005535800956759
0.005562831242921
0.005996398354930
0.006087122365495
0.005441625240149
0.004385898171480
0.003594518725152
0.003410829869623
0.003591980387306
0.003750462811122
0.003773056540190
0.003670405172877
0.003388131026315
0.002977833961048
0.002701945984005
0.002847763226855
0.003533562717560
0.004602423743986
0.005617467763172
0.006156113570781
0.006151565041609
0.005770904250865
0.005101510828246
0.004161163201853
0.003056867644982
0.002012068414607
0.001243453714713
0.000726119613617
0.000178386242672
-0.000518729120181
-0.001040018308778
-0.000952577065658
-0.000185888832775
0.000920684506677
0.001895750458019
0.002424966044500
0.002474062678728
0.002166731966486
0.001560922300122
0.000707452655699
-0.000082453405504
-0.000395345027245
-0.000264962016875
-0.000242569297365
-0.000810307140470
-0.001933758343238
-0.003166967834905
-0.004024841647356
-0.004313921476335
-0.004172483395242
-0.003772659854216
-0.003141103690077
-0.002387461449861
-0.001844458420920
-0.001727957894179
-0.001871274791781
-0.001981853536028
-0.001934814222625
-0.001806355228514
-0.001850195603565
-0.002264252195672
-0.002815085599162
-0.003066416938471
-0.003093788197634
-0.003433685515768
-0.004252309283261
-0.005100138935386
-0.005450741846372
-0.005180086272988
-0.004672489120456
-0.004478467343588
-0.004799106245811
-0.005470500637250
-0.006267548313420
-0.006879339359868
-0.006832891810527
-0.005890750348158
-0.004442543673468
-0.003283945260935
-0.003124161254219
-0.004133725936906
-0.005643693583831
-0.006587225506464
-0.006475774511016
-0.005687147048784
-0.004844219912775
-0.004216159093201
-0.003677301525867
-0.003013252877944
-0.002224945709286
-0.001553401726549
-0.001197351173794
-0.001160050838843
-0.001415408389780
-0.001957244181706
-0.002603985849092
-0.002994085959057
-0.002868642725953
-0.002250613358914
-0.001429727153970
-0.000826949397948
-0.000622549852893
-0.000572649222269
-0.000416158013992
-0.000217625597949
-0.000151633623909
-0.000205022373972
-0.000264919382259
-0.000374705814582
-0.000706388765217
-0.001318890084087
-0.002039275443818
-0.002544210223001
-0.002623765580339
-0.002447689404087
-0.002437324676095
-0.002805916945522
-0.003364194698067
-0.003762914564947
-0.003787388232052
-0.003454285596444
-0.002879858004425
-0.002066471759815
-0.000998265048302
-0.000004460121991
0.000350063932059
-0.000081436952935
-0.000865390904130
-0.001539964574729
-0.001938987758034
-0.002151233774600
-0.002465933646426
-0.003015911827692
-0.003500725979528
-0.003662902598422
-0.003659222855699
-0.003596913074822
-0.003223820234225
-0.002382872342541
-0.001401514473505
-0.000883092408401
-0.001218618384449
-0.002187188239163
-0.003091775148123
-0.003446821458256
-0.003306156516738
-0.002962766405550
-0.002626408253431
-0.002229409308913
-0.001529775638280
-0.000587527645553
0.000117553111556
0.000239190897216
-0.000018589354715
-0.000195460009468
-0.000037507827118
0.000463112653322
0.001269090081934
0.002362638573790
0.003580182332267
0.004453929633099
0.004378579363543
0.003107114350705
0.001124196315130
-0.000682288479549
-0.001799910136432
-0.002318100837710
-0.002490483810169
-0.002430622738624
-0.002162150562587
-0.001777317645237
-0.001547844388870
-0.001762756893651
-0.002320445058378
-0.002610135387872
-0.002050125287435
-0.000681660541409
0.000941799278107
0.002220131121048
0.002750126392272
0.002424264894047
0.001418005145830
0.000073837021502
-0.001104789174576
-0.001576554358654
-0.001274770282186
-0.000854015567482
-0.001050907594052
-0.001921970783076
-0.002963369631026
-0.003699148863525
-0.003882361004387
-0.003457008679503
-0.002541827908101
-0.001267716787070
0.000235502992958
0.001554831090174
0.002105888088109
0.001694757001070
0.000603517250335
-0.000827126409426
-0.002289159341782
-0.003376648204979
-0.003721218250611
-0.003151299266120
-0.001836439978845
-0.000433255654562
0.000322716383810
0.000297929926734
-0.000085580647962
-0.000456712584113
-0.000787359563294
-0.001309823039959
-0.002286603744072
-0.003577874967128
-0.004579078888078
-0.004940718803496
-0.004947922526039
-0.004878396286082
-0.004508037447445
-0.003483712440338
-0.001806664075385
0.000136750891420
0.001822194878456
0.002924731583918
0.003495550753721
0.003664137738714
0.003354831993174
0.002636180684434
0.001977185634037
0.001736110553320
0.001727655699644
0.001454366027075
0.000482909463284
-0.001253362719297
-0.003302469956504
-0.005006712190336
-0.005912719367343
-0.005743073712569
-0.004302700508614
-0.001732897168214
0.001345780461544
0.004084247187573
0.005709321400243
0.005875557165030
0.004943973136536
0.003625073206103
0.002261294394100
0.000734002629449
-0.000917317480542
-0.002195669991237
-0.002645252197063
-0.002314554396683
-0.001578086637301
-0.000694591635241
0.000377246897777
0.001724104795854
0.003113727068641
0.004058466518023
0.004273022155869
0.003929534702889
0.003428686978028
0.003062420783131
0.002912840758486
0.002968510903814
0.003282081846964
0.003912264728452
0.004671696380304
0.005148420598645
0.005175310782093
0.005086002656358
0.005255027954502
0.005520481869330
0.005219256846092
0.003732806138872
0.001071956497241
-0.001939543885752
-0.004171093765704
-0.004900247573514
-0.003970997513545
-0.001646576947850
0.001348933690115
0.003973433556199
0.005441332120034
0.005653181112190
0.005130540139334
0.004713189700616
0.005022386948013
0.005836055420808
0.006212850918866
0.005465789399665
0.003737979405231
0.001567924474554
-0.000598373200432
-0.002350235174553
-0.003250846845776
-0.002999812523300
-0.001556712986729
0.000729103295830
0.003066126780245
0.004649127246765
0.005208563035768
0.004988203643759
0.004462775045265
0.004114232836433
0.004078293863335
0.004074623426343
0.003781060764539
0.002992774803925
0.001656779695473
0.000205655372043
-0.000521190932779
-0.000087232800889
0.001177174730749
0.002636710616501
0.003726808281691
0.004108285849078
0.003856559140455
0.003298205897241
0.002589377350872
0.001728667404068
0.000848336628229
0.000147184239303
-0.000332376544004
-0.000623179266354
-0.000636411552465
-0.000182989311798
0.000836392419728
0.002183306355254
0.003163901740710
0.003108307218535
0.002110364467355
0.000912171856520
0.000087775327423
-0.000295255330807
-0.000371714531726
-0.000172397936254
0.000421173460609
0.001480383522452
0.002745247216451
0.003683952897086
0.003932026787273
0.003519649336217
0.002676969843124
0.001589685875765
0.000373631052054
-0.000783460344480
-0.001561641987307
-0.001655315091968
-0.001070413750461
-0.000284387313156
0.000193137693273
0.000370435359771
0.000512611313493
0.000621633003753
0.000505552730606
0.000123440804618
-0.000232515592308
-0.000114865575727
0.000619898674623
0.001638395334205
0.002467458470873
0.002899489208326
0.002975636911129
0.002686340930803
0.001961494529893
0.000888547196328
-0.000249704474584
-0.001088295688628
-0.001412589960387
-0.001418076549978
-0.001528582939831
-0.001854936403678
-0.002139879854716
-0.002230622580203
-0.002229323498575
-0.002254201452674
-0.002255549204991
-0.001953549315950
-0.001125556649206
-0.000101076190176
0.000424077189335
0.000132250170098
-0.000765991990998
-0.001946895942955
-0.003088059700155
-0.003846848051664
-0.004057696621784
-0.003726803579862
-0.002880585851713
-0.001704290276719
-0.000522187618560
0.000632153809561
0.002006703515579
0.003573730225459
0.004901218457434
0.005569006889778
0.005471590398879
0.004817107120054
0.003926580874360
0.002911290390138
0.001561772440275
-0.000232728635682
-0.002046050295033
-0.003209573794401
-0.003421299719201
-0.002833469639225
-0.001748424525483
-0.000437720577822
0.000848122774873
0.001846951651623
0.002322550559693
0.002270153035244
0.002099597157535
0.002313571869935
0.002956900725998
0.003581084506343
0.003684287680503
0.003119689600470
0.002169816244604
0.001237376294387
0.000410004149034
-0.000587386038948
-0.001883662224175
-0.003120034660220
-0.003863046752219
-0.004067865382455
-0.003901953339632
-0.003452136972488
-0.002736936371365
-0.001759643952943
-0.000597058400830
0.000468681930083
0.001094445469170
0.001065045828152
0.000126250471404
-0.001949125979584
-0.004830184414276
-0.007583180969928
-0.009247303250177
-0.009327186034607
-0.008054155307414
-0.006220617803334
-0.004460007252661
-0.002800497634621
-0.001089992526588
0.000442465569739
0.001290740900310
0.001124661191845
0.000054923691071
-0.001346893793402
-0.002439675326113
-0.003076937421429
-0.003495859632069
-0.003774286547390
-0.003816781805808
-0.003663649999001
-0.003494694094970
-0.003431034887527
-0.003404578928277
-0.003196424526284
-0.002669170063233
-0.001987787044280
-0.001481433466247
-0.001205506915637
-0.000852590902075
-0.000227042473403
0.000436793552831
0.000720529051785
0.000372778803399
-0.000527631682641
-0.001559753841788
-0.002272328635963
-0.002520274868059
-0.002314039482414
-0.001689217306924
-0.001003106603155
-0.000937769039722
-0.001878220485850
-0.003497341636983
-0.005061633638303
-0.005932667397054
-0.005894591638140
-0.005278227185241
-0.004612231708501
-0.004114693548185
-0.003754813554474
-0.003575436299860
-0.003621274194581
-0.003752872048076
-0.003736504379916
-0.003451174379737
-0.003042616304603
-0.002865224901818
-0.003061390552299
-0.003301569139984
-0.003270018089365
-0.003167044086844
-0.003392981508596
-0.004024531008848
-0.004749172578062
-0.005109644759658
-0.004924759035804
-0.004594742632704
-0.004750581563487
-0.005505961141880
-0.006363647276939
-0.006838737402669
-0.006714687275679
-0.005895276426307
-0.004537722169394
-0.003100116973202
-0.002034211735630
-0.001652260833662
-0.002101818193820
-0.003160398289892
-0.004299748618865
-0.005133490062992
-0.005645185581740
-0.006013795101419
-0.006329249318441
-0.006457692433424
-0.006249851043833
-0.005846930640652
-0.005540407829093
-0.005348755184534
-0.004976257774208
-0.004181485514874
-0.003066094456011
-0.002008594854250
-0.001314185921301
-0.000959079117172
-0.000712163301597
-0.000439515126121
-0.000220233168436
-0.000099838698062
0.000167719063835
0.000849995276978
0.001754965818657
0.002331842411989
0.002202728108455
0.001341172014849
-0.000078520136865
-0.001691801323297
-0.003047105441144
-0.003868142178997
-0.003984890621679
-0.003234825278789
-0.001764570841341
-0.000125667352004
0.001165423958866
0.001974497528969
0.002483521390858
0.002995449599785
0.003681253658730
0.004420067831266
0.004978490378242
0.005170374895570
0.004847863303327
0.004037183325275
0.003083995476535
0.002509048252594
0.002669436568037
0.003530916237456
0.004612534073959
0.005188432880345
0.004914254614867
0.004138517375392
0.003306930632269
0.002444363627402
0.001431074438619
0.000418666219833
-0.000181102080632
0.000004291351158
0.000987573943479
0.002307398832592
0.003392001573645
0.004094704919192
0.004616578262748
0.004977050243551
0.004945816112990
0.004457064522965
0.003762440831298
0.003139341488907
0.002597160781442
0.001927051495038
0.001065589216583
0.000363039151555
0.000298348315556
0.000912037953847
0.001751848557303
0.002340216555464
0.002529729941552
0.002507527187909
0.002512277247271
0.002535296872527
0.002426746724864
0.002255473871417
0.002269039564237
0.002484902114309
0.002688295097189
0.002849689163350
0.003148842242142
0.003610203810934
0.004027778184485
0.004097684650522
0.003526844769529
0.002386295255050
0.001244086578928
0.000563368424373
0.000280525214961
0.000155346443334
0.000128119559049
0.000302687032865
0.000874341755034
0.001972942976083
0.003408895531970
0.004795869654598
0.005921917616571
0.006666034463682
0.006767432923201
0.006112741317851
0.004999544958929
0.003868768465806
0.003089372184301
0.002880544888034
0.003074189418518
0.003315626091521
0.003580258987070
0.004006235545837
0.004423325982452
0.004503216227549
0.004182264685671
0.003682268253899
0.003278325005817
0.003114802594994
0.003102087789748
0.003094329953851
0.003189999996667
0.003571189857129
0.004087426573874
0.004328252011342
0.004124896937215
0.003757755731982
0.003624447652757
0.003773967944513
0.003736402836436
0.002894936272968
0.001186569870817
-0.000667842492586
-0.001767776645765
-0.001738679550546
-0.000765070759774
0.000764161387899
0.002388948265120
0.003595997168429
0.003944141653485
0.003210378408301
0.001604203714373
-0.000163471044501
-0.001333380578688
-0.001586717937544
-0.000952750432506
0.000421597417224
0.002175038262108
0.003707011363711
0.004394603603011
0.003821568565505
0.002161435133931
0.000318467752731
-0.000830718645900
-0.001208894015809
-0.001296063885885
-0.001510469840188
-0.001974654057451
-0.002506500070730
-0.002765439369361
-0.002594427677257
-0.002035982223024
-0.001058700350792
0.000239478884018
0.001333238936517
0.001668056034574
0.001238648948440
0.000565723234099
0.000181394517032
0.000201879375024
0.000279815376336
-0.000077878197712
-0.001034613332228
-0.002320507275300
-0.003599081847258
-0.004686949133879
-0.005379822321668
-0.005348030924914
-0.004403513278988
-0.002752671939803
-0.000885381528739
0.000689204308380
0.001687344553019
0.002154575643090
0.002245163348871
0.001989996644732
0.001392798637933
0.000568796017228
-0.000361164534266
-0.001444434423569
-0.002816939568234
-0.004406827229042
-0.005815696899647
-0.006531606427294
-0.006329568472944
-0.005515393106694
-0.004616096100990
-0.003863148537768
-0.003124274036878
-0.002161846342568
-0.000907097898135
0.000303178976015
0.000892321958933
0.000678333810303
0.000058625653917
-0.000581723166638
-0.001179009463694
-0.001674913115266
-0.001976544071205
-0.002259915860446
-0.002820878158865
-0.003642771820789
-0.004396070514332
-0.004674604735391
-0.004204302794772
-0.003211514018901
-0.002447955516389
-0.002533767592880
-0.003445982610109
-0.004628476988498
-0.005385771830129
-0.005283459786319
-0.004319451112935
-0.002733628089678
-0.000736459666785
0.001405769764944
0.003112577400588
0.003758090114654
0.003244082291864
0.001978547624885
0.000423306742633
-0.001083706338564
-0.002341789486743
-0.003306555893814
-0.003911849919352
-0.004098708239668
-0.004184749958683
-0.004623455175318
-0.005339609207637
-0.005880963682268
-0.005907957385338
-0.005182576232362
-0.003685430015514
-0.001764183922291
0.000265789522698
0.002230100173279
0.003727793212272
0.004391876232480
0.004440563458915
0.004346326001574
0.004189735561637
0.003723265864469
0.002716215423331
0.001181519408541
-0.000391285869563
-0.001252616185804
-0.001032761004711
0.000085141974821
0.001740351295215
0.003609832879824
0.005368117978610
0.006690896893105
0.007280221002239
0.007000660513764
0.006096129424422
0.005051674641615
0.004177958477978
0.003491051035025
0.002933851469105
0.002493615730156
0.002173974957013
0.002059351020689
0.002292293685909
0.002867163650284
0.003614995178026
0.004424662179379
0.005211492617405
0.005672230791730
0.005504310919112
0.004858889925514
0.004172501659801
0.003720184922267
0.003554066095315
0.003592486782023
0.003721048495731
0.003930111884206
0.004215302252831
0.004397634560660
0.004316972773139
0.004106016771634
0.003967724882701
0.003827751796694
0.003411210786063
0.002462782570275
0.000978611313731
-0.000523342498158
-0.001262433581729
-0.000955462192209
-0.000041596473727
0.000902736015542
0.001681987045206
0.002466177936936
0.003509646781294
0.004816296130376
0.006049015512690
0.006854776896781
0.007102291892032
0.006763706223306
0.005831771870098
0.004446800991627
0.003007706971500
0.001920943490357
0.001143634400718
0.000310208445724
-0.000670874338467
-0.001508079470688
-0.001887151694089
-0.001714359702646
-0.001153923278975
-0.000400680587987
0.000635281935948
0.002096733653054
0.003649953617786
0.004611454859854
0.004586106889485
0.003804964109572
0.002998976138235
0.002857912979958
0.003308444929693
0.003548784073599
0.002985637517015
0.001773769687986
0.000458956605194
-0.000492612581180
-0.000893520856873
-0.000827615514108
-0.000478975738240
-0.000058875293860
0.000163990549777
0.000057484705642
-0.000178671367130
-0.000268801709165
-0.000259087967149
-0.000465025924590
-0.001107640343967
-0.002085453373611
-0.002968499316005
-0.003214125361692
-0.002574610248055
-0.001409209295379
-0.000405719273498
0.000142028869863
0.000472128906315
0.000796655893471
0.001013201451475
0.000839250630615
0.000002828661437
-0.001486494217531
-0.003289489473636
-0.005115528202520
-0.006784353019098
-0.007879813438035
-0.007943420382269
-0.007007875702378
-0.005546954474203
-0.004104913223878
-0.003107653677787
-0.002673927479107
-0.002639558588274
-0.002965071156559
-0.003734653343874
-0.004687617348133
-0.005312900556099
-0.005400626285559
-0.005128587581049
-0.004753581631479
-0.004371499111667
-0.003834876630941
-0.003034792477467
-0.002353678390791
-0.002407779986371
-0.003263179898172
-0.004376969100348
-0.005198930002991
-0.005464910938337
-0.005194528518187
-0.004631027858498
-0.004025089889930
-0.003562797321634
-0.003517030496680
-0.004115698711180
-0.005185162777506
-0.006236353922673
-0.006928646541529
-0.007164998203075
-0.006819819810115
-0.005725432151082
-0.003944312156740
-0.001911391497562
-0.000307706149593
0.000285922690629
-0.000155280368580
-0.000928394625792
-0.001093718678060
-0.000292843237061
0.000954871379266
0.001724603493374
0.001399110689305
0.000094846255894
-0.001548195570263
-0.002966862745759
-0.003857898945271
-0.004053822041885
-0.003633312529308
-0.002831888085983
-0.001733834844146
-0.000415414685117
0.000903170569477
0.002179510155816
0.003549474698621
0.004847575465285
0.005625826885072
0.005661308602880
0.005069566016258
0.004081737215714
0.002943410580452
0.001827813763100
0.000817919534790
0.000059772097609
-0.000261636609941
-0.000155310143393
0.000144673731959
0.000443003530354
0.000827144413922
0.001540977129652
0.002531662090368
0.003303378939888
0.003425184108519
0.002992013092874
0.002448545276902
0.002158133266168
0.002144295983377
0.002167609240505
0.002108897423146
0.002078734842608
0.002073111970838
0.001947530542863
0.001806018993152
0.001984932341983
0.002633381814941
0.003468440838548
0.003841161637238
0.003251285719941
0.001970555047373
0.000834112827652
0.000432029442694
0.000780381405945
0.001517544170399
0.002176709360049
0.002506588055022
0.002579388980399
0.002486249243237
0.002199350820250
0.001840601813507
0.001662437531163
0.001681284519152
0.001715461969686
0.001690804939715
0.001630356250748
0.001549584009952
0.001476081390132
0.001354393918356
0.000981448137850
0.000299504503210
-0.000416043296365
-0.000939976141450
-0.001404608858786
-0.001993195621446
-0.002557469113852
-0.002708983287571
-0.002177094464352
-0.000960522079987
0.000800497974430
0.002996481358740
0.005494843581306
0.007761593781926
0.008705625907809
0.007341478310825
0.003750968828209
-0.000758548752564
-0.004451760760106
-0.006086284519132
-0.005403769355875
-0.003078749755851
-0.000182772224318
0.002319516134243
0.003717312974015
0.003641417277969
0.002164361448128
-0.000248132945552
-0.002788607211918
-0.004495085694601
-0.004790505114013
-0.003692401676763
-0.001401678968304
0.001766413282230
0.004992082585924
0.007158554968586
0.007634535282857
0.006612767338515
0.004825098423490
0.003049638616059
0.001614418676450
0.000330587796505
-0.001020035698698
-0.002398971679625
-0.003696025437911
-0.004818159422483
-0.005566429549432
-0.005650554248172
-0.004870462979236
-0.003254159296106
-0.001191731984943
0.000543957930462
0.001326848834829
0.001171983032269
0.000377931440248
-0.000869484053925
-0.002300304434503
-0.003391387219583
-0.003542617012575
-0.002487264497289
-0.000654504755900
0.000979049245278
0.001595228829265
0.001205033477778
0.000442961555109
-0.000332290917873
-0.001292421709188
-0.002563365403969
-0.003959119108177
-0.005245340786022
-0.006320554912204
-0.007177965125655
-0.007783552692295
-0.007953023251788
-0.007474461875314
-0.006455297709456
-0.005321885952511
-0.004318691131390
-0.003185359933483
-0.001478860227421
0.000836490597509
0.003075924763801
0.004035598071420
0.002796145731692
-0.000502939595274
-0.004827240299843
-0.008938474835314
-0.011786946953254
-0.012705181545354
-0.011510344458993
-0.008550551688476
-0.004918004387264
-0.002141827907810
-0.001025248527689
-0.001230578769243
-0.002242265722797
-0.003926997642811
-0.005898177713416
-0.007044277638105
-0.006160847422327
-0.003065638603090
0.000982372622292
0.004129517530062
0.005263525297537
0.004467963262407
0.002421135557672
-0.000249849331139
-0.003110524310314
-0.005818305092661
-0.008109834177703
-0.009857330640566
-0.010952780367763
-0.011182310432734
-0.010331678581804
-0.008269579679563
-0.005082774457845
-0.001457079987604
0.001481424500271
0.003197837093303
0.004278765352586
0.005644786490068
0.007474571689966
0.008900919688852
0.008746478003244
0.006774907593028
0.003928567425197
0.001165811552577
-0.001279968651980
-0.003422949627565
-0.005133707202648
-0.006361134624466
-0.007204904964701
-0.007711558974743
-0.007817761855630
-0.007357579420211
-0.006102329775379
-0.004091519883419
-0.001807368117860
0.000345963295415
0.002473712280774
0.004804215478682
0.007259308518123
0.009418127625896
0.010425409124695
0.009299970282225
0.005920656916712
0.001375272758289
-0.002947377861963
-0.006213492328155
-0.008070710010483
-0.008413124970852
-0.007485284022737
-0.005809426776899
-0.003881294469906
-0.002043911906478
-0.000633768024790
-0.000265820141439
-0.001709719941192
-0.004901070860526
-0.008086677721825
-0.008781340269170
-0.005892675090266
-0.000527013811447
0.004942796935212
0.008241789246011
0.008349050993529
0.005884637211021
0.002456506751734
-0.000312950654382
-0.001545186708393
-0.001545352645695
-0.001508077265561
-0.002462020870829
-0.004489499171107
-0.006922592529961
-0.008920790794739
-0.009862134592085
-0.009681697328121
-0.008942678170335
-0.008255495601647
-0.007594002649932
-0.006306912360460
-0.003775890959472
-0.000081703055910
0.003906365363863
0.007056498415828
0.008627800926767
0.008578349123909
0.007358723472347
0.005420145563474
0.002893155740515
-0.000312520399155
-0.004089891415633
-0.007832400396446
-0.010598181988543
-0.011504765425144
-0.010061115187039
-0.006587053832292
-0.002486079265719
0.000386981121700
0.001043574468447
-0.000008719200076
-0.001371222487031
-0.001735575275159
-0.000598537670412
0.001571126219320
0.004017789410504
0.006355075217543
0.008294792209309
0.009315267202762
0.008919275486337
0.006982782729230
0.004040730998099
0.001381466601532
0.000428517798759
0.001756186238121
0.004701114003221
0.007613056874945
0.008453368116344
0.005942769342868
0.000678716271823
-0.005087900803981
-0.008977304257724
-0.009848080524615
-0.008040173154190
-0.004654319940948
-0.000559014351891
0.004004032975747
0.008884117428482
0.013374609263441
0.016384334300702
0.017176885695807
0.015781236619243
0.012825014129885
0.009131887621368
0.005378272447106
0.002035529892086
-0.000537757032899
-0.002246623488521
-0.003386555189371
-0.004215195021403
-0.004438790149795
-0.003440626382294
-0.000947118399555
0.002622197558177
0.006258276480439
0.008896938423944
0.010107382136990
0.010235525358474
0.009853866375122
0.009254876914197
0.008471155170436
0.007364037355528
0.005599388158080
0.003016163999895
0.000140334155133
-0.001937837848111
-0.002276169379253
-0.000807141873516
0.001389078362073
0.002708963899743
0.002347901962629
0.000941072136130
-0.000270874071648
-0.000513899873029
0.000378807903310
0.002258327280041
0.004710765673874
0.006959676197921
0.007963588394023
0.006893532065038
0.003791889067206
-0.000155669958494
-0.003163413607068
-0.003814682131880
-0.001689690961657
0.002513702545326
0.007280172255802
0.010932561125582
0.012226534437634
0.010653242423611
0.006633465500182
0.001483586449044
-0.003222657904052
-0.006476275800746
-0.007900284823930
-0.007395525306094
-0.005197598607009
-0.001862574165445
0.002033039970133
0.005746627250561
0.008269457558131
0.009089463517861
0.008677455924492
0.007769466328528
0.006711620054163
0.005651021637758
0.004714566742473
0.003930361570699
0.003222544272179
0.002294331753853
0.000708338372309
-0.001419649132013
-0.003049676414220
-0.002998190765123
-0.001008478597214
0.002017331528445
0.004649060345862
0.005851091346932
0.005568686872615
0.004516694060363
0.003490476717256
0.003007317470448
0.003327481436215
0.004382020145163
0.005708241189794
0.006650929322224
0.006653147367165
0.005519566019595
0.003607750005808
0.001646835545823
0.000188602558475
-0.000640708685286
-0.000779308101133
-0.000062092477520
0.001357248248827
0.002927211626178
0.004138997215259
0.004616042957842
0.004070529011674
0.002570102613185
0.000508075874634
-0.001725386360360
-0.003709777759163
-0.004933788753129
-0.005178010387771
-0.004652345862123
-0.003545263798126
-0.001894208119959
0.000053673665352
0.001858321046740
0.003187442043359
0.003873709094459
0.003969964226560
0.003777548710357
0.003583603621423
0.003478272608558
0.003470941056069
0.003580840480353
0.003726777451109
0.003587670702075
0.002660858533199
0.000602692734710
-0.002295333216379
-0.005009105869427
-0.006385945345494
-0.005917342994538
-0.003919256262046
-0.001091989570093
0.001865288816645
0.004304324463283
0.005753076890327
0.006075823143919
0.005396453705607
0.004069762138522
0.002622376293974
0.001393443877923
0.000407297092939
-0.000370195952893
-0.000954712705704
-0.001376038639312
-0.001589863224399
-0.001543644955361
-0.001300298383064
-0.000876556318539
-0.000182990731835
0.000626836281827
0.001144397997890
0.001220833563986
0.001048017342942
0.000855950819706
0.000872950524859
0.001172703863861
0.001503619044498
0.001666681918520
0.001788227489122
0.002009502669351
0.002274325774305
0.002495479891987
0.002637142043290
0.002618815928334
0.002386570081129
0.001929402989714
0.001038279936310
-0.000495958379877
-0.002361523284782
-0.003933202062359
-0.004911167841257
-0.005338606624103
-0.005168433348465
-0.004184903195573
-0.002301641486595
0.000245198114581
0.002926404168914
0.005161792967359
0.006700655818049
0.007633780815749
0.007986598285326
0.007618836985444
0.006519880459701
0.004867086943381
0.002780535944041
0.000257275081799
-0.002687609514441
-0.005908287021979
-0.008888385632396
-0.010724987006647
-0.010820489470601
-0.009316686460915
-0.006648613534414
-0.003280223191313
0.000104076685706
0.002802064260874
0.004436089289903
0.004845926133330
0.004129172733014
0.002879857057168
0.001771330008309
0.000984060301082
0.000374061280908
-0.000238256509519
-0.001074354233156
-0.002206622318673
-0.003470592407748
-0.004733451511224
-0.005862859730724
-0.006616842598791
-0.006988917423866
-0.007357082675417
-0.008055251716014
-0.008939615654205
-0.009421631638657
-0.008933306096981
-0.007394066089238
-0.005302893508261
-0.003382174129442
-0.001994094570658
-0.000942793393591
0.000060905188883
0.000877081329162
0.001052052318685
0.000385140080003
-0.000914717635937
-0.002562336347043
-0.004361245332342
-0.006155022748138
-0.007780260524551
-0.009069135896520
-0.009994471964424
-0.010685370745524
-0.011049901299436
-0.010564728879028
-0.008808117144947
-0.006105166970075
-0.003387412374386
-0.001502669247785
-0.000653440115262
-0.000306996098510
0.000227272907473
0.001031609887765
0.001641424711018
0.001738344620774
0.001396497518187
0.000864416125526
0.000307683398386
-0.000420724375056
-0.001553441760424
-0.002831389817034
-0.003629342283716
-0.003669513708713
-0.003128646449082
-0.002237309999966
-0.001208820740062
-0.000303849023858
0.000302626075884
0.000557997579969
0.000455187142702
0.000065395905931
-0.000485356189114
-0.001199719939412
-0.002160375254651
-0.003140758414592
-0.003503631789655
-0.002725336385871
-0.000961706494650
0.000994386450119
0.002294355726497
0.002613426844600
0.002211564601348
0.001432793806302
0.000315031120952
-0.001189485367748
-0.002838486681695
-0.004105306004745
-0.004497954793508
-0.003916095359822
-0.002724663123764
-0.001340802029964
0.000205195442558
0.001980295044146
0.003573342971573
0.004318837972514
0.003877469169669
0.002220561379765
-0.000536262653482
-0.003919576601898
-0.007028592625022
-0.008840193119787
-0.008518202200904
-0.005916307668775
-0.002052817730804
0.001497289924666
0.003814124486976
0.004940227289419
0.005375276935131
0.005492394876388
0.005082768352351
0.003623044659719
0.001137361076106
-0.001676157370654
-0.004111376066617
-0.005733757866706
-0.006223945309956
-0.005567488549655
-0.004319361445067
-0.003246028367473
-0.002815816258653
-0.003037368316178
-0.003390299169006
-0.003097135615673
-0.001818149992879
0.000146552374712
0.002339056649733
0.004443411898766
0.006152079074116
0.007058137975863
0.006721728543594
0.004825242051274
0.001468898945060
-0.002633964725590
-0.006439329665812
-0.009080071370446
-0.010070132157848
-0.009210381887148
-0.006575564565391
-0.002625527871187
0.001844435441645
0.005949068338659
0.008993241642438
0.010626166850969
0.010691740321467
0.009017137402353
0.005641434589762
0.001214431387547
-0.003137545730800
-0.006346359927225
-0.007756500757699
-0.007191481595088
-0.004840379353227
-0.001116469527169
0.003245877276131
0.007008447213523
0.008846390453092
0.008281975735318
0.005894948096736
0.002609416825688
-0.000805772892049
-0.003756304833011
-0.005703569923687
-0.006036033563657
-0.004361390149923
-0.001137747085568
0.002338733660659
0.004854075696148
0.006020962892315
0.006006002614714
0.004898412597131
0.002673041639985
-0.000453070417912
-0.003819350636361
-0.006466828312069
-0.007693399745970
-0.007480169880228
-0.006197820682096
-0.004122044004532
-0.001485208359518
0.001214644845340
0.003239947987144
0.003988165666768
0.003455271950290
0.002389666426502
0.001701748236534
0.001650871806506
0.001836770928210
0.001823728798874
0.001474307410294
0.000849697970258
0.000085672371068
-0.000684047622719
-0.001385868184002
-0.001946993328152
-0.002305939561123
-0.002564557381793
-0.002922318675918
-0.003395814552466
-0.003752072799794
-0.003730225853787
-0.003210202153751
-0.002169253573710
-0.000600617037685
0.001420773801923
0.003559064593782
0.005171422445081
0.005555869445302
0.004426808095790
0.002235226617524
-0.000099838046200
-0.001744559255453
-0.002209522881690
-0.001418030489765
0.000186240388818
0.001761009902198
0.002524326209464
0.002188782610664
0.001183533096163
0.000442104665272
0.000531860360942
0.001035326422356
0.001135587987174
0.000581369055394
-0.000082614526355
0.000045554143037
0.001462716480870
0.003657751725689
0.005467442443538
0.006167577574313
0.005924738834911
0.005237177609837
0.004430573289378
0.003627147651318
0.002784322476364
0.001881093799913
0.001103491555632
0.000625741056832
0.000491342755147
0.000862441526236
0.001972784834848
0.003703907934143
0.005488099266222
0.006711866869692
0.007070388809337
0.006672387042558
0.005969577212536
0.005317876907220
0.004639746826427
0.003795054703425
0.002901680832482
0.002034748245843
0.001088843455927
0.000036045170647
-0.001018847308225
-0.001872119224960
-0.002129874778767
-0.001494287371612
-0.000226104835959
0.001126316351551
0.002288319533210
0.003141048336404
0.003472054748285
0.003213530769814
0.002667768960464
0.002408347948485
0.002911376401184
0.004082130959881
0.005260916625477
0.005837162570216
0.005719086699766
0.005142534048623
0.004239356588472
0.002980190506715
0.001369836552217
-0.000418798523162
-0.001981929679256
-0.002867666917538
-0.002956729149824
-0.002508761028009
-0.001810279300872
-0.000981674469596
-0.000113471576316
0.000663098293459
0.001337539263512
0.002096021582371
0.003130162637538
0.004427250864376
0.005671433996712
0.006315437963926
0.005947319147419
0.004569760546052
0.002447232341010
-0.000121737175156
-0.002729503782885
-0.004712455075094
-0.005406787447817
-0.004603332196408
-0.002707262498024
-0.000597852127134
0.000878051722028
0.001485041889498
0.001455342397199
0.000949259429183
-0.000016669448864
-0.001327456017299
-0.002612335609265
-0.003318850802527
-0.003165023221749
-0.002494541366749
-0.001866550501111
-0.001448422528685
-0.001133016803335
-0.000936569056561
-0.000963430737654
-0.001272471751652
-0.001886732175115
-0.002679522938841
-0.003341738689658
-0.003638003389548
-0.003543060370779
-0.003079095526280
-0.002279378327908
-0.001393897605352
-0.000807415172822
-0.000636725945728
-0.000634606993810
-0.000474091563641
-0.000058935290016
0.000346310599987
0.000389596322611
0.000091000645770
-0.000170324877492
-0.000193306532995
-0.000278504793206
-0.000856994752431
-0.001941374678754
-0.003058793327787
-0.003617279261273
-0.003374438644103
-0.002577625480390
-0.001585076816120
-0.000503378600312
0.000708195746787
0.001926190219755
0.002851767715802
0.003361571003872
0.003613659874068
0.003734138010173
0.003628122657997
0.003019657798186
0.001707331931203
-0.000047029139105
-0.001645042112998
-0.002679539885433
-0.003056833382410
-0.002794011967460
-0.002067253118659
-0.001393067053699
-0.001407310967247
-0.002421057250141
-0.004140854867549
-0.005535532420330
-0.005387375729208
-0.003450292232237
-0.000670352000549
0.001771856085421
0.003263542676305
0.003894877164113
0.004116599642770
0.004149778644305
0.003761111663671
0.002740380208010
0.001339790198287
-0.000006427624449
-0.001100525896368
-0.001897216049894
-0.002277211512444
-0.002097319173398
-0.001363755721787
-0.000321546497828
0.000552984955416
0.000785514289030
0.000246882962739
-0.000892011957044
-0.002420819292793
-0.004001657055547
-0.005011958675653
-0.004810048093057
-0.003184104819940
-0.000586059970928
0.002041566845053
0.003917314918710
0.004916573514570
0.005212146392243
0.004744433627710
0.003386953555526
0.001314328523037
-0.001012271061031
-0.003008600246973
-0.004228652114528
-0.004773546610243
-0.005151221099299
-0.005487984911904
-0.005355570620627
-0.004463803905415
-0.003027632066524
-0.001510598294898
-0.000366614496315
0.000061316921706
-0.000353986627855
-0.001440548161084
-0.002708567952030
-0.003469103900991
-0.003260127950326
-0.002282864978840
-0.001247076858993
-0.000784923315010
-0.001063953276864
-0.001820463165515
-0.002730652318294
-0.003739697551246
-0.004902831546888
-0.005973208046228
-0.006432145778217
-0.006041457349973
-0.005113461501046
-0.004118391762069
-0.003298967773888
-0.002674904895593
-0.002162042078179
-0.001768747208306
-0.001736561806229
-0.002210629492341
-0.002820198648987
-0.002949705621506
-0.002400263428453
-0.001549774635878
-0.000922826822965
-0.000795082559967
-0.001199124567988
-0.002124081378391
-0.003603529938710
-0.005588542608045
-0.007674614430346
-0.009076869594749
-0.009131667666279
-0.007758921821563
-0.005341278275864
-0.002454363338151
0.000188610041499
0.001881461759632
0.002186693707900
0.001137305074624
-0.000663737556400
-0.002357482155225
-0.003461296663237
-0.004035472220766
-0.004200441311683
-0.003812160951154
-0.002781890575914
-0.001414983448304
-0.000308796887133
-0.000051294322933
-0.000800540198128
-0.002127734524675
-0.003495284435041
-0.004673627786527
-0.005607355536618
-0.006198214526249
-0.006297000746670
-0.005803542691406
-0.004775406944046
-0.003448755885716
-0.002089728113103
-0.000722485918287
0.000819515775263
0.002385305379191
0.003466515365715
0.003770428486609
0.003268518411851
0.001821048019927
-0.000690965710896
-0.003990568232588
-0.007318610465152
-0.009607754947594
-0.010014904383269
-0.008610153251276
-0.006370348552245
-0.004402019426878
-0.003333060190396
-0.003181452901778
-0.003482195386537
-0.003714094337106
-0.003621330414217
-0.003073875847254
-0.002007370396290
-0.000645968084078
0.000574326629363
0.001418528995634
0.001947719952643
0.002248074603264
0.002289824997768
0.001913034919869
0.000875782464168
-0.000848887457030
-0.002846923063912
-0.004575194122783
-0.005837991341032
-0.006663511845934
-0.006856120882802
-0.006127884238309
-0.004529790518219
-0.002498877213457
-0.000700984726848
0.000354623986463
0.000754406163995
0.000832449190203
0.000574553425815
-0.000103279597175
-0.000925583866546
-0.001560508749258
-0.001947800550627
-0.002138169979648
-0.002162927632336
-0.001982252794211
-0.001324965533375
0.000019443260335
0.001600757678848
0.002461818141199
0.001928257241669
0.000049975897062
-0.002497385098794
-0.004794386303018
-0.006166743397966
-0.006361902961030
-0.005301742730132
-0.003047193591542
-0.000114394078157
0.002626051352104
0.004540851290347
0.005475799459263
0.005446645399287
0.004339199856950
0.001985689727947
-0.001422320199660
-0.004963214436227
-0.007198770418472
-0.007092249775852
-0.004785443607192
-0.001345203291233
0.001977314299186
0.004167202144877
0.004752847184708
0.003974578138130
0.002506500383951
0.001093288081239
0.000285707807602
0.000062108201951
-0.000212752287594
-0.001105837387367
-0.002488011066055
-0.003706047245762
-0.004152502147540
-0.003566175706585
-0.002006204303127
0.000313249383240
0.003129406758707
0.005960029304739
0.007975873835550
0.008420838444880
0.007168469145186
0.004702811510943
0.001719401764183
-0.001125146944731
-0.003310866611452
-0.004464717246493
-0.004295132911839
-0.002747664297930
-0.000341776617247
0.001911085682243
0.003203566574937
0.003519358501017
0.003396015983763
0.003298094751608
0.003404961567299
0.003728861744323
0.004224949073597
0.004857572429648
0.005507879824691
0.005885618230113
0.005803281780657
0.005487910197663
0.005363267390655
0.005550059495359
0.005800524454840
0.005855625599423
0.005608779629083
0.004967779136256
0.003753691317908
0.001852590030964
-0.000395561744731
-0.002029023887848
-0.002024296317231
-0.000130358010504
0.002958562567221
0.006129381095838
0.008510355723969
0.009850428580331
0.010343301182552
0.010150693420040
0.009311353514705
0.008014928046211
0.006548862778589
0.005029732606434
0.003547676919320
0.002402026937985
0.001971407145476
0.002516471286621
0.003998747904836
0.005796038369556
0.006848586492034
0.006517717482927
0.005110884153394
0.003428010773438
0.002213177481226
0.001954563109151
0.002749368602280
0.004363170789084
0.006369867812790
0.008121783562156
0.008862830546183
0.008197160903487
0.006509434775166
0.004731139583404
0.003599231110443
0.003291528069405
0.003615166956966
0.004234458451432
0.004863390923102
0.005370530020545
0.005670030363405
0.005713498457991
0.005588199225521
0.005405122090769
0.005156886403545
0.004779422232782
0.004244609853005
0.003594856501699
0.002981240542406
0.002535790297188
0.002131667793433
0.001571913883113
0.001118054389684
0.001455286318477
0.003057674499883
0.005834874840678
0.009180501257440
0.012160497574801
0.013956149209519
0.014160926274511
0.012611417135292
0.009410202527174
0.005274114986034
0.001422711146675
-0.001043077435832
-0.001618461912126
-0.000500340775395
0.001656966354212
0.004169404024476
0.006469806739926
0.007981329211491
0.008245569083235
0.007346225921279
0.005970315893366
0.004830159720005
0.004200263638652
0.004054089306092
0.004331015073277
0.005031173774365
0.006172507988060
0.007555941120739
0.008671339180155
0.009165089000889
0.009245067356591
0.009228705974961
0.008956789917935
0.007999994739742
0.006164540739443
0.003682286335032
0.001118914397370
-0.000962900483946
-0.002346209828399
-0.003086287441413
-0.003126720331638
-0.002196107237608
-0.000138313760916
0.002839265549733
0.006250890763419
0.009452361911821
0.011672382219648
0.012155677177687
0.010432745648121
0.006615022630118
0.001705339414527
-0.002486862105792
-0.004271848562656
-0.003151439551061
0.000038254012292
0.003806299604768
0.006748623692715
0.007976142468935
0.007154289654127
0.004396541914356
0.000355275396643
-0.003798483747940
-0.006863626313454
-0.008086613152792
-0.007173581849480
-0.004181526529363
0.000399344564912
0.005620391111936
0.010150766011095
0.012467925680155
0.011497238059997
0.007321797152641
0.001155882120170
-0.005348267531299
-0.010729140257180
-0.013877958663307
-0.014076192378018
-0.011225001007561
-0.006030716280751
0.000032400204714
0.005188955165771
0.008238784796815
0.008922110984950
0.007492396349147
0.004423072078721
0.000436090690919
-0.003598496388032
-0.006795396437762
-0.008398240333248
-0.008057013359715
-0.005881694972681
-0.002237330210272
0.002232858133267
0.006467027484793
0.009186222886880
0.009439999595161
0.007181240743742
0.003413978693183
-0.000376398191153
-0.003172027989517
-0.004836853391712
-0.005545202666768
-0.005179158237475
-0.003609351230222
-0.001138774901366
0.001639886730969
0.004042395981564
0.005303963856496
0.004873456602279
0.002799227488621
-0.000286698420109
-0.003372562661371
-0.005334585822402
-0.005573036084075
-0.004441421558551
-0.002694528548008
-0.000780942399481
0.001112149519590
0.002805829589108
0.004043502531786
0.004317621532387
0.003062450301604
0.000397448248772
-0.002774357012845
-0.005597284508816
-0.007653818902684
-0.008681852358577
-0.008586853652698
-0.007583312204494
-0.005985900085856
-0.004163060758013
-0.002624026358233
-0.001735945798795
-0.001584899997653
-0.002283590991724
-0.003940743405248
-0.006156503207744
-0.007980368338490
-0.008543872015404
-0.007640743265129
-0.005852774624589
-0.004144347444923
-0.003160235913055
-0.002984593458053
-0.003528949227981
-0.004799472521659
-0.006756585049250
-0.009181640244531
-0.011653296934060
-0.013563963278056
-0.014439525311509
-0.014336858287474
-0.013585658635097
-0.012253292763399
-0.010324500895477
-0.008162697736335
-0.006272716422105
-0.004789439738738
-0.003603145358833
-0.002783769894115
-0.002573008982614
-0.003104650493110
-0.004161386407107
-0.005160233915122
-0.005685631614321
-0.006036274439745
-0.006883702902525
-0.008516812058411
-0.010632615798980
-0.012559024229896
-0.013574151147708
-0.013338963532233
-0.012045150968632
-0.009960680450688
-0.007156163079577
-0.003990004092703
-0.001341293461801
0.000039177419469
0.000025616652857
-0.001056435394674
-0.002686685835667
-0.004386687646544
-0.005940998213846
-0.007186416624735
-0.007723496004098
-0.007242935984344
-0.005976383894445
-0.004495235873681
-0.003202193279788
-0.002220739212208
-0.001634118859579
-0.001688950265019
-0.002796009679037
-0.005127597095289
-0.008095744480855
-0.010570001405167
-0.011679865452184
-0.011171195109353
-0.009209619996396
-0.006251614209766
-0.003037576261290
-0.000388450472111
0.001104840420012
0.001328316773459
0.000757299902642
0.000078269780976
-0.000476367784865
-0.001165030133229
-0.002191970172678
-0.003413546035870
-0.004437163673466
-0.004876847358377
-0.004635512762071
-0.003886497821950
-0.002764167129753
-0.001356393530065
-0.000007650195525
0.000763612471389
0.000725776650437
0.000051107430943
-0.000946781858233
-0.001936658704715
-0.002613735722970
-0.002781521223130
-0.002212900257265
-0.000675958298366
0.001491844795919
0.003189923671521
0.003394406517299
0.001998509685730
-0.000278667229463
-0.002470387891900
-0.003832805040629
-0.004086862382352
-0.003357045689494
-0.001936293425974
-0.000186638883790
0.001420263939488
0.002486050964958
0.003061444280518
0.003536974501794
0.004069455105536
0.004373376861562
0.004000696304175
0.002742069624643
0.000936621033750
-0.000723616910939
-0.001835540721804
-0.002468558948567
-0.002662736977183
-0.002167181882855
-0.000775238788784
0.001387477346024
0.003890565738751
0.006155216890453
0.007678899352629
0.008161938829892
0.007451440516679
0.005592128660833
0.003059117640166
0.000695743027315
-0.000795379309834
-0.001217616285908
-0.000816633846512
0.000019347058380
0.001094397949617
0.002336955953348
0.003392494383073
0.003651096241687
0.002812208392388
0.001240407207985
-0.000346786684121
-0.001414029373340
-0.001799738156107
-0.001605216089888
-0.000944961437882
0.000213477584212
0.001866309842818
0.003788891360475
0.005701014202596
0.007385552131001
0.008527134005434
0.008676607607516
0.007469071695933
0.004869573103824
0.001374662529445
-0.002058254829835
-0.004576239662313
-0.005904270014219
-0.006102456794640
-0.005180320353071
-0.003248203398339
-0.000768244739748
0.001570456167067
0.003135653122947
0.003712052473511
0.003798101416769
0.004245758493634
0.005404950329870
0.006811294001855
0.007708196343087
0.007639618933703
0.006580224100159
0.004805047400150
0.002769320403744
0.000997616355460
-0.000105380558086
-0.000486524288581
-0.000533161787999
-0.000825746818183
-0.001576966818457
-0.002374921123261
-0.002685450952295
-0.002416320817619
-0.001891559193146
-0.001477402684539
-0.001190609273567
-0.000599778403117
0.000733834089220
0.002722827973298
0.004840713290670
0.006637431101460
0.007932284865403
0.008627186888827
0.008565451862692
0.007557866460917
0.005554940541166
0.002870375163981
0.000060762408422
-0.002519062378237
-0.004741517965247
-0.006274947279036
-0.006616614355814
-0.005606446671770
-0.003584710890364
-0.001160897757586
0.001067055465511
0.002784074089033
0.003938959030183
0.004425731552799
0.004107026749072
0.003259352281417
0.002546821284821
0.002378130853189
0.002654543746128
0.003107590743860
0.003527910807476
0.003804322533943
0.003903719247112
0.003656872297239
0.002732921163705
0.001095877680246
-0.000729299333262
-0.002048812074706
-0.002549378918075
-0.002435625713988
-0.002101434578840
-0.001684634072775
-0.001002919110141
0.000048102984456
0.001269152442468
0.002447702031998
0.003516467864776
0.004293255457862
0.004445529445493
0.003835226324583
0.002699920283160
0.001528499142726
0.000835148526611
0.000753785954979
0.000717992003395
-0.000059003678877
-0.001705081707160
-0.003614567317732
-0.005112849285087
-0.005863943461164
-0.005800797501577
-0.004969151297743
-0.003433778722298
-0.001378845334913
0.000636652651020
0.001834898135304
0.001862260017023
0.001116023346480
0.000358272755081
0.000136932968003
0.000541660580819
0.001291665679901
0.001929550117112
0.001957867674974
0.000933630458746
-0.001260055293236
-0.004017246481314
-0.006192449746511
-0.006991212727563
-0.006467363999972
-0.005202300076330
-0.003813988099603
-0.002584544384527
-0.001356676218561
0.000083429188659
0.001599333820811
0.002861898918692
0.003671277550312
0.003894130871125
0.003447513832637
0.002512735717046
0.001425267393740
0.000437004100404
-0.000259336018937
-0.000693179247271
-0.001288395152314
-0.002288993451467
-0.003210556874141
-0.003394384669180
-0.002745379863883
-0.001683116994268
-0.000779186551210
-0.000390500706975
-0.000393691250021
-0.000373444602537
-0.000070066433826
0.000477582694679
0.001166533931218
0.001940845174636
0.002616889287716
0.002879879985141
0.002549785161831
0.001738081556689
0.000781215607645
0.000015724527752
-0.000546108595263
-0.001224630689712
-0.002181318951873
-0.003144074656160
-0.003748041546152
-0.003901328135588
-0.003791274533613
-0.003670009711992
-0.003576883659733
-0.003288327211426
-0.002609749940302
-0.001550422946924
-0.000161822941163
0.001491077186294
0.003106943301313
0.004188657583772
0.004399061922224
0.003792906608162
0.002789787027773
0.001886906854186
0.001216587350789
0.000443234134542
-0.000746415552796
-0.002087025239339
-0.002889582837857
-0.002792506406354
-0.002082149999073
-0.001305193921446
-0.000865520224842
-0.000849518706119
-0.001003383327514
-0.000988343086482
-0.000578037936786
0.000491133376615
0.002381744361497
0.004672856126772
0.006495310304002
0.007203524417345
0.006693737146272
0.005329396670272
0.003717588008271
0.002291491544068
0.001120076348576
0.000279473189934
0.000045960066123
0.000462560692524
0.001130002849246
0.001655170714948
0.001961449938964
0.002108453203204
0.002173498864033
0.002231778393258
0.002245856039501
0.002287499986768
0.002771614138780
0.003904111773392
0.005142909698061
0.005745387040067
0.005633365588407
0.005378143638003
0.005464926337754
0.005774432720636
0.005731651290898
0.004858989443741
0.003259357502005
0.001578087109753
0.000397218110558
-0.000201570692292
-0.000420856544930
-0.000407340233267
-0.000178115817392
0.000360312376997
0.001270040347826
0.002426621540552
0.003675116887245
0.004916182337650
0.005878574789203
0.006241776786750
0.006025876428311
0.005475564802269
0.004734073514995
0.003760924936472
0.002230331619228
-0.000269700968436
-0.003485972592387
-0.006320466622713
-0.007721865166235
-0.007356790432207
-0.005473355439481
-0.002732369671144
-0.000033046207736
0.001940142591521
0.002839886647189
0.002510956711858
0.001234740621598
-0.000234071900258
-0.001344559695740
-0.002141044937904
-0.002813619590812
-0.003256244190799
-0.003201594641385
-0.002535225334616
-0.001461635572963
-0.000411429948701
0.000376490573775
0.001033216154935
0.001627937830851
0.001813771693170
0.001084903335382
-0.000727960602943
-0.003258610375765
-0.005781781743791
-0.007602545452934
-0.008416667462444
-0.008203547803985
-0.006813010751760
-0.004101355441331
-0.000470724890049
0.003176801420742
0.006023347321860
0.007703529286029
0.008259883625977
0.007853271139414
0.006486903143326
0.004171275340996
0.001345991772115
-0.001300966160002
-0.003473692340863
-0.005280562556993
-0.006642137133657
-0.007111525097634
-0.006265241284424
-0.004110910186143
-0.001293914601460
0.001176013625131
0.002633294590997
0.003026575591076
0.002554760238837
0.001426906111258
-0.000004947882648
-0.001190426624436
-0.001628981470913
-0.001161152927959
-0.000056156691268
0.001204713741516
0.002350158735189
0.003458151720976
0.004535258468089
0.005102202070062
0.004476603083157
0.002481155888294
-0.000300055003646
-0.002974085068607
-0.004948554834258
-0.006159526056243
-0.006800097965107
-0.006832144212656
-0.005920069113673
-0.003900394007882
-0.000995286150126
0.002380884065011
0.005614349609891
0.007852867475253
0.008271459122215
0.006407922226065
0.002540678699032
-0.002126349413157
-0.006055065592228
-0.008334351071093
-0.008965683843958
-0.008368030106852
-0.006903709194490
-0.004813477260941
-0.002286436809827
0.000347228184554
0.002471624808781
0.003587263167352
0.003723921328802
0.003086160084082
0.001618538995593
-0.000650685522610
-0.003180811089154
-0.005243015108107
-0.006424558209510
-0.006668009357065
-0.006099726967252
-0.004882220601304
-0.003124882894693
-0.001033035681785
0.000937413941931
0.002363720881361
0.003184605315986
0.003565457041512
0.003612633916237
0.003215443491859
0.002064662790835
0.000054120681712
-0.002273283854111
-0.003953696456937
-0.004355434748939
-0.003549374034295
-0.002006539241737
-0.000332628585374
0.000777721462850
0.000888888378307
0.000072698931566
-0.001291332374684
-0.002585581287042
-0.003158579457761
-0.002974734340739
-0.002615890599636
-0.002377120733997
-0.001845518121468
-0.000458625735130
0.001899077973813
0.004747376572622
0.007130168848998
0.008149556966414
0.007575778482608
0.005655625625134
0.002654995201546
-0.000973729197586
-0.004524415672074
-0.007437170867540
-0.009427937737820
-0.010369349257225
-0.010194035771682
-0.008680618495305
-0.005582183721111
-0.001344104674867
0.002675517959017
0.005114964587879
0.005540110544580
0.004429367318287
0.002561896103014
0.000420994741440
-0.001911705777369
-0.004236261124077
-0.005919914833615
-0.006385317214857
-0.005640083172453
-0.004185006421340
-0.002670357124398
-0.001685065339508
-0.001620772650565
-0.002596164512529
-0.004452806354027
-0.006672195731395
-0.008433411678164
-0.009124611309047
-0.008740602627044
-0.007629497577124
-0.006116365453560
-0.004435244809352
-0.002745775342695
-0.001189187135818
0.000063777321599
0.000968465583392
0.001705381766530
0.002442739454843
0.003013069159460
0.002871558576324
0.001456533933025
-0.001318598249816
-0.004903044444708
-0.008373310408746
-0.010908196174360
-0.012131143558928
-0.011992073852960
-0.010528867029587
-0.008021959732799
-0.005126622242521
-0.002487200048253
-0.000333163287894
0.001364605337849
0.002535306672307
0.002949985091756
0.002380315525933
0.000903960938522
-0.000888082844357
-0.002297484314586
-0.003066217617066
-0.003214353459384
-0.002656060106470
-0.001406212427042
0.000087309841925
0.001151273026840
0.001331846152111
0.000627863841355
-0.000548700718248
-0.001711484140336
-0.002757760461393
-0.003942604803557
-0.005287152360964
-0.006274321406285
-0.006264818536577
-0.005087471717658
-0.003130136118128
-0.000929421472202
0.001154604438164
0.002959361034322
0.004373690139683
0.005156276049760
0.005064947010276
0.004145575125267
0.002679661839226
0.001015306216040
-0.000465068960360
-0.001385031822803
-0.001449940920433
-0.000642593771170
0.000503132844947
0.001039457845194
0.000327091787767
-0.001440505683366
-0.003541984744245
-0.005302426957510
-0.006355465901640
-0.006687518178696
-0.006397678414492
-0.005382396016277
-0.003557667750417
-0.001186060924105
0.001392819900739
0.003990570405168
0.006269893018780
0.007654421659616
0.007624450341359
0.005859300577894
0.002472515041430
-0.001694974643556
-0.005526483173193
-0.008357158351028
-0.009931792352069
-0.010041916224961
-0.008626202981725
-0.006060664592119
-0.003132728110327
-0.000730212003161
0.000566706940296
0.000861005684831
0.000775984267462
0.000650798883112
0.000283478692778
-0.000348600836327
-0.000811228908759
-0.000852677051756
-0.000720330175729
-0.000749106688108
-0.000992915197295
-0.001215205870367
-0.001030606058611
-0.000258727649781
0.000726050229734
0.001361096329371
0.001496981875243
0.001208412364051
0.000454806057286
-0.000741997963877
-0.002165533491707
-0.003436065039806
-0.004028244371505
-0.003547281407650
-0.002029063157465
0.000256951099396
0.003040449734028
0.005842264384985
0.007947514953060
0.008806301147844
0.008343980390023
0.007092518882754
0.005976357885844
0.005532530273150
0.005418054037946
0.004877998636085
0.003479450741736
0.001418932357841
-0.000635797522177
-0.002018953535701
-0.002445549450164
-0.001937975646693
-0.000574388946229
0.001433507753893
0.003535532272571
0.005149651458432
0.006234188879365
0.007232014677298
0.008454396298928
0.009768953047589
0.010789646655668
0.011154800489121
0.010715110210724
0.009571483168583
0.007863171650715
0.005634683077320
0.003090448181130
0.000773793248055
-0.000713956565909
-0.001080315798966
-0.000436043359299
0.000812941178033
0.002174273854375
0.003292805352254
0.004024117580638
0.004383069152428
0.004530892364840
0.004732142748981
0.005127233407535
0.005598329567298
0.005995100379900
0.006316493656075
0.006615536182284
0.006888524437676
0.006915082852811
0.006138650002604
0.004090229699243
0.001081009840312
-0.001846994143392
-0.003738363822911
-0.004266895089672
-0.003570285396489
-0.001914769668987
0.000416567332679
0.003104584481477
0.005707111250134
0.007650752912063
0.008561033346489
0.008579226252271
0.008149065094169
0.007562881802655
0.006763017114773
0.005502653141980
0.003684040191381
0.001457540690185
-0.000917337914208
-0.003024608618463
-0.004217290781646
-0.003933341237683
-0.002169008524097
0.000449620733646
0.003056809907811
0.004986014942686
0.006074034278854
0.006605905079437
0.006701706960215
0.006005280370810
0.004323598854577
0.002157931642223
0.000291566014069
-0.000761889004190
-0.000788501466733
0.000218007138040
0.002002413690633
0.004029802517072
0.005619450005921
0.006204845001888
0.005670265935841
0.004527052361798
0.003491718124840
0.002773807669504
0.002024030528054
0.000896513245499
-0.000606183836854
-0.002146577550259
-0.003179915273101
-0.003290818973685
-0.002473463394454
-0.000857450074470
0.001566652605354
0.004610368380207
0.007646761053597
0.009934673055614
0.010903490343004
0.010173344486568
0.007655934760765
0.003673250278516
-0.001029146810388
-0.005273595436249
-0.007812770754514
-0.008053479471263
-0.006307810614210
-0.003430364563916
-0.000316990027755
0.002425490514201
0.004408654501287
0.005296584292244
0.004998986397419
0.003892788070728
0.002631826120758
0.001680110870524
0.000995195146991
0.000234629625241
-0.000775650996595
-0.001904072031840
-0.002877104344025
-0.003504889204432
-0.003817384678809
-0.003833457677814
-0.003285243770927
-0.001929557162982
-0.000095691941367
0.001365886670620
0.001740062785848
0.000998217283352
-0.000229742845416
-0.001134330305881
-0.001265205989997
-0.000712364619311
0.000203851465340
0.001193801925142
0.001951165692363
0.002282896314638
0.002249337696796
0.001940024565080
0.001377594987540
0.000642067109037
-0.000198870979773
-0.001105861031356
-0.001846179904976
-0.002039892644367
-0.001556026971132
-0.000648785852942
0.000314674949560
0.001068091913214
0.001451016492723
0.001354913776864
0.000607564922265
-0.000965794369130
-0.003107565420337
-0.004964489522338
-0.005667639442140
-0.004906422390183
-0.002874362422623
-0.000019929985154
0.003051981404935
0.005696913877467
0.007370718647717
0.007713456675874
0.006697300694268
0.004715880669105
0.002294510174559
-0.000316487213915
-0.003035421779996
-0.005500659084831
-0.007053372254684
-0.007130566489299
-0.005602208210997
-0.002950757472907
-0.000039178348211
0.002441432054962
0.004166042742628
0.005009519564978
0.004987426316390
0.004280504590999
0.003221301365142
0.002221833536777
0.001476742016403
0.000719214908508
-0.000388580469905
-0.001669061109415
-0.002604736608918
-0.002966148647759
-0.002908781335025
-0.002610524370499
-0.002165786060055
-0.001765185851055
-0.001725641419803
-0.002346882828840
-0.003651057718087
-0.005006327700644
-0.005284520319245
-0.003833040869637
-0.001096354683919
0.001850220535335
0.004029615867081
0.004907438896814
0.004463082757856
0.002922625931649
0.000478389066735
-0.002383579347864
-0.004689937282573
-0.005701828722650
-0.005462124422534
-0.004440888813503
-0.003100180694300
-0.001777048082814
-0.000698152889775
-0.000076701235247
-0.000117145823526
-0.000880626593874
-0.002154835510546
-0.003512779843163
-0.004625884259100
-0.005319558701633
-0.005270244623206
-0.004125843587187
-0.001931864681970
0.000817394019390
0.003290691900132
0.004610521426754
0.004467916657828
0.003237886651652
0.001393323056152
-0.000781029098886
-0.002910044135324
-0.004456343439448
-0.005042790861217
-0.004688506493216
-0.003856490454482
-0.003132758341464
-0.002564915812470
-0.001680157381039
-0.000279910761290
0.001230050497400
0.002242550514718
0.002439551481151
0.001986964570595
0.001288998525433
0.000660992024242
0.000343088939157
0.000484050805474
0.000946339057082
0.001356066910102
0.001265692698138
0.000316809398230
-0.001415371391312
-0.003379190839884
-0.005007989763791
-0.006042752776562
-0.006557606506544
-0.006779560612327
-0.006625758467950
-0.005648545670212
-0.003662930616247
-0.000992073290964
0.001834190713903
0.004143005242098
0.005268836105293
0.004993242704632
0.003501705437720
0.001187708952703
-0.001208033057693
-0.002976614725013
-0.004068460573988
-0.004743469767328
-0.004912184692875
-0.004317804863557
-0.003018934344803
-0.001536509479598
-0.000717603989968
-0.001155235596276
-0.002528762583983
-0.003756628732277
-0.003941350696388
-0.003115336213332
-0.001974030789970
-0.001047206241722
-0.000369636137551
0.000271511892327
0.001044731395577
0.001940492053176
0.002800935489676
0.003379209921395
0.003263827946832
0.001950995662862
-0.000574748003602
-0.003438802890860
-0.005464759103025
-0.006006062550129
-0.005184593737937
-0.003730386443974
-0.002408821832444
-0.001392097539549
-0.000515195641285
0.000135876761049
0.000427982445237
0.000558104869682
0.000826410180289
0.001325493330665
0.001825314241416
0.001807487619677
0.000994072784319
-0.000200907004841
-0.001173083804467
-0.001720687819511
-0.001802660639438
-0.001220866268890
0.000134673458774
0.001917836245927
0.003275576672439
0.003216064384947
0.001297909783985
-0.001873090661552
-0.004932812822124
-0.006607591053975
-0.006279260010659
-0.003994669039525
-0.000379783303409
0.003426050497694
0.006212631029023
0.007203947462912
0.006211120888443
0.003822793875858
0.001204718283008
-0.000829057561047
-0.002124336928203
-0.002641929594155
-0.002315252726864
-0.001246864349183
0.000298599109302
0.001868268014004
0.002927974977238
0.003320465318189
0.003432963626553
0.003696525746334
0.003945051176013
0.003436900339975
0.001688042163046
-0.000997668840149
-0.003866034690223
-0.006044575079887
-0.006739218145954
-0.005596125910637
-0.002793308470508
0.001049510136102
0.004874932832646
0.007550289453775
0.008577327470566
0.008287556584941
0.007219739268377
0.005619085578093
0.003649884982117
0.001665481737838
0.000189247517818
-0.000258705832772
0.000355275549839
0.001316794858602
0.001731671693964
0.001211768087141
0.000010611822879
-0.001240793279614
-0.001988798471658
-0.002054223630453
-0.001501127395431
-0.000426871370692
0.000928517289925
0.002182944339755
0.003279277191866
0.004518225426441
0.005872921588138
0.006855680941783
0.007050733234526
0.006274670787677
0.004578598795605
0.002446259680912
0.000510958405142
-0.000959966300890
-0.001865516547313
-0.001907132800579
-0.000886734516311
0.000863895344151
0.002511138100023
0.003113211837101
0.002193956543197
0.000136482208069
-0.002073897222983
-0.003503858242251
-0.003609753440111
-0.002231019533634
0.000323615915673
0.003166037831364
0.005174047849755
0.005696200319348
0.004883663450852
0.003410761577246
0.001980722008568
0.000856169029028
-0.000231540044327
-0.001482675563216
-0.002653865630387
-0.003465923429100
-0.003772792342515
-0.003433374165769
-0.002488060579850
-0.001111278479708
0.000577280145766
0.002232857095889
0.003267408230367
0.003462413186014
0.003022201028082
0.002052488590110
0.000600438310973
-0.001115602011370
-0.002749356221186
-0.003735213821008
-0.003537557514464
-0.002360406034284
-0.001090160557307
-0.000411252114714
-0.000401464339962
-0.000766404622192
-0.001176250241937
-0.001639987779640
-0.002377164422997
-0.003204560143306
-0.003608391233865
-0.003390725643872
-0.002787850671170
-0.002119890486274
-0.001603585701608
-0.001359079962509
-0.001449983557900
-0.001940709658534
-0.002794485638655
-0.003665363623826
-0.003970063651979
-0.003310550116694
-0.001903764079354
-0.000453349672241
0.000547549721434
0.001136414134994
0.001527467238806
0.001878066249324
0.002197802031411
0.002160953709366
0.001415610994567
-0.000047328394486
-0.002216608125567
-0.005028008122817
-0.007710246279793
-0.009019428348997
-0.008253408997779
-0.005657389774592
-0.002274595536309
0.000482693107563
0.001765238150398
0.001777972866947
0.001131708072431
0.000221871350502
-0.000661716878970
-0.001226148293138
-0.001298975386157
-0.000887817963935
-0.000209323991715
0.000457124599239
0.001050043129741
0.001654244308309
0.002198624172704
0.002409419578931
0.002034632300425
0.001091775199262
-0.000175626189677
-0.001611459104292
-0.003179743778814
-0.004599558227232
-0.005212173361827
-0.004370612464552
-0.002005350970550
0.001046823055386
0.003436469846213
0.004295134254420
0.003659382075812
0.001976413847490
-0.000309931437354
-0.002713793516820
-0.004649947726475
-0.005434032945071
-0.004457663215566
-0.001822673260837
0.001458883383142
0.004334796555021
0.006247278060570
0.006809947860624
0.005862315025491
0.003741038793215
0.001033247339305
-0.001561951619329
-0.003335644828408
-0.004206397633226
-0.004707072885724
-0.004995420016416
-0.004728855402956
-0.003776670827493
-0.002321253900881
-0.000706030940639
0.000634835549297
0.001542368163642
0.002127813591479
0.002291768687868
0.001794692857674
0.000745217014750
-0.000375160229904
-0.001132311773124
-0.001500072700220
-0.001746602652798
-0.001946034117020
-0.001855887246570
-0.001265979479254
-0.000270595946403
0.000615626469847
0.000661825810618
-0.000383877968874
-0.001979235435634
-0.003412867850859
-0.004302286898002
-0.004391034347010
-0.003580928998723
-0.002230268762264
-0.000942751298610
-0.000293005123191
-0.000678908256074
-0.001696155806820
-0.002037219758621
-0.000777085473607
0.001714699650442
0.004244051265227
0.005527891504988
0.004880126904509
0.002671051437587
-0.000225177071472
-0.003118452114003
-0.005318635847698
-0.006189924939064
-0.005799891125458
-0.004812883689180
-0.003750040600281
-0.002830603107018
-0.002064942285161
-0.001118972848067
0.000315141023500
0.002038738295556
0.003719678372394
0.005124457097665
0.005710208220702
0.004774980108596
0.002098826190771
-0.001771132238612
-0.005595802769218
-0.008025646541866
-0.008446410329193
-0.007099027857150
-0.004538844275721
-0.001247540972456
0.002363548466618
0.005665105134563
0.007711903990684
0.007764422255324
0.005866886789959
0.002729619064352
-0.000742358364966
-0.003642798856403
-0.005220541071894
-0.005199386282505
-0.003893226532985
-0.002049680927474
-0.000436596892435
0.000734449108737
0.001847463546420
0.003296849376020
0.005006417883851
0.006291608651655
0.006232030467959
0.004593391901578
0.002295435094632
0.000699636733613
0.000545947096927
0.001638841464010
0.003238110079312
0.004524748609541
0.004907119917074
0.004130830900170
0.002258763383770
-0.000181054259648
-0.002153189536563
-0.002762091894575
-0.001956935588839
-0.000344925459060
0.001398836290735
0.002776127290384
0.003463217080351
0.003272338217277
0.002304957021302
0.001249391941955
0.001153101007954
0.002606541436721
0.005199807046642
0.007800381145536
0.009336792255725
0.009290511342715
0.007573637791001
0.004294457043846
-0.000149588776348
-0.004763345765368
-0.007931405322411
-0.008136436966902
-0.004972673292580
0.000552527836850
0.006570489804341
0.011130414367779
0.012840561180613
0.011198295233737
0.006554630301217
0.000127787699788
-0.005974224345520
-0.009580358673476
-0.009759683979358
-0.007068737392130
-0.002788759331749
0.001734637648263
0.005502373652016
0.008107393618149
0.009549893297052
0.009827665966843
0.008821670333634
0.006510621971656
0.003099414744102
-0.000962381899952
-0.004814908831492
-0.007335828137122
-0.007840788552301
-0.006538757079837
-0.004361207770193
-0.002368989144050
-0.001038679819712
-0.000100309718998
0.000876536918455
0.001873682946872
0.002474365493486
0.002298939396129
0.001250487056829
-0.000318634354915
-0.001716518129994
-0.002474960082417
-0.002430363869466
-0.001313796901786
0.001024680654223
0.003993879920212
0.006254480853084
0.006378207016712
0.003663556093939
-0.001359667340435
-0.007163245422314
-0.012044588789254
-0.014631926681856
-0.013912969846441
-0.009680221401274
-0.003071942392986
0.003846368680040
0.008989830183148
0.010900155581014
0.009148800095434
0.004354232147111
-0.002126767467436
-0.008425465951856
-0.012482347877404
-0.012908301015241
-0.009883131299016
-0.005008740148463
-0.000166047470220
0.003477252087866
0.005726145719800
0.006970933351776
0.007412520958930
0.006778121800238
0.004900168622173
0.002112863207254
-0.001038468282826
-0.003996498096732
-0.006012903100408
-0.006302151737833
-0.004632424141733
-0.001503580390708
0.002111386116359
0.004907487588621
0.005611169825511
0.003700076577443
-0.000319104851529
-0.005256133695389
-0.009512086726204
-0.011315131693253
-0.009506043224254
-0.004407944123459
0.002145535460780
0.007652816553843
0.010190008091036
0.009408651527793
0.006449519671063
0.002873998161396
-0.000147963728760
-0.001899517661744
-0.002130965167721
-0.001139935992589
0.000475601037732
0.002006393709920
0.002646359144933
0.001880758942496
-0.000131267199254
-0.002798322774150
-0.005424549514822
-0.007272624046740
-0.007779561715469
-0.006750454581801
-0.004276265615862
-0.000843292722809
0.002613611280542
0.005335211735754
0.007164957876235
0.008001047561390
0.007412943946257
0.005213629533031
0.001953314222290
-0.001317740335058
-0.003502895935136
-0.003936504124250
-0.002697748569732
-0.000303595875556
0.002661182617948
0.005306087128426
0.006399576576389
0.005148830677258
0.001748564008970
-0.002902967831998
-0.007509937295531
-0.010553357581638
-0.010766276867331
-0.007598751318090
-0.001514289428363
0.005748747506079
0.011466916796930
0.013234050595299
0.010507099254532
0.004973055621115
-0.000641421285826
-0.004280790054347
-0.005467441073536
-0.004956060068193
-0.003846263827997
-0.003002030591928
-0.002878321629066
-0.003477361471568
-0.004318864551015
-0.004614752450626
-0.003802986203685
-0.001962289722429
0.000402083045383
0.002799156066395
0.004847436344579
0.006138692738200
0.006153394365559
0.004386691792001
0.000884886921430
-0.003293759367424
-0.006626669947126
-0.008124095048067
-0.007500994927714
-0.004975177826385
-0.001407564271459
0.001872146409211
0.003619067292904
0.002997544591065
-0.000001994454657
-0.004113184674853
-0.007315286971469
-0.008133356897083
-0.006371803330161
-0.002882675709271
0.001087481659525
0.004523653163188
0.006887785302819
0.008004240535442
0.008040105052944
0.007466718504312
0.006613033283965
0.005306924530011
0.003098799220969
-0.000324936500783
-0.004731109813255
-0.009004923892263
-0.011599225395731
-0.011630413650808
-0.009294821617081
-0.005409971594788
-0.001052788446903
0.002639309144268
0.004877277137947
0.005417811264923
0.004444515865415
0.002614178249830
0.000855437369735
-0.000411944742776
-0.001452591662392
-0.002447692180745
-0.003150081473315
-0.003223959055562
-0.002538669709460
-0.001338763572328
-0.000124417471107
0.000836136380547
0.001651793745556
0.002387849591710
0.002740178135616
0.002192419436128
0.000484864863827
-0.002094915449155
-0.004841764427586
-0.006805553771008
-0.006909153610563
-0.004356162131813
0.000691201818209
0.006699229075377
0.011233645654084
0.012207246771123
0.009052216264596
0.002987542575803
-0.003827970201067
-0.009446866168010
-0.012681343622780
-0.013129743637486
-0.011038790977971
-0.007131237900605
-0.002522358064943
0.001564846817370
0.004408308105371
0.005941661020303
0.006319762006371
0.005681100019562
0.004133922109861
0.001737959355287
-0.001247294803714
-0.004099825175628
-0.005961958642785
-0.006368432524843
-0.005205273355358
-0.002577028785550
0.000900185515479
0.004150793672237
0.006142251561883
0.006193971922802
0.004342652798976
0.001463199646818
-0.001539028583611
-0.004323256590559
-0.006677116675183
-0.008281893594644
-0.009013740058199
-0.008873627045361
-0.007824386257714
-0.005879133231168
-0.002952693719465
0.001033105283972
0.005460907472219
0.009016806330760
0.010634777769429
0.010054744556085
0.007671267146323
0.004292334013504
0.000848311322188
-0.001959562993658
-0.003690913772387
-0.004100696202372
-0.003308708827114
-0.001738465988491
0.000167475936400
0.002003749633073
0.003413546754013
0.004059914322822
0.003531080411813
0.001699451741501
-0.000769917266013
-0.002731438532946
-0.003361583965946
-0.002503967002495
-0.000630798309872
0.001470465132081
0.003301331626725
0.004734500362894
0.005584474529717
0.005741991935622
0.005515566258942
0.005332030968387
0.005373950700577
0.005471128627251
0.005075984935225
0.003789158710025
0.001943185905482
0.000263730655239
-0.000731734058932
-0.000922802802707
-0.000633911416616
-0.000351455521935
-0.000241565196747
-0.000272844601371
-0.000497973750397
-0.000687523967005
-0.000249890723069
0.001039107539638
0.002758915005606
0.004300888580438
0.005190846854269
0.005315071684260
0.005007020277984
0.004480085363408
0.003440657440904
0.001695299854905
-0.000347123379943
-0.001996324763580
-0.002774041267782
-0.002683517193245
-0.002121347177646
-0.001525131983393
-0.001186479035381
-0.001226185011364
-0.001541073930904
-0.001728368750278
-0.001083666527600
0.000980697264960
0.004181444169109
0.007227540392156
0.008727600134374
0.008129226869209
0.005808156407427
0.002705338823552
-0.000211866257606
-0.002571954355469
-0.004460331327423
-0.005766090738093
-0.006261193119517
-0.005946054820781
-0.004925756428393
-0.003412944518115
-0.001751351660141
-0.000225938984657
0.000751914548458
0.000703174716618
-0.000048054698350
-0.000269006388995
0.000918400069765
0.003242640328590
0.005650906384648
0.006903137892069
0.006283435870914
0.004183663241535
0.001586411491116
-0.000881750772072
-0.002978550871860
-0.004595127301728
-0.005844266802680
-0.006795663277540
-0.007158050784022
-0.006485654290749
-0.004465449125638
-0.001205730841048
0.002551368156418
0.005735189928654
0.007451535701323
0.007326103796397
0.005604052313642
0.002707885335739
-0.001104415133567
-0.005231985506464
-0.008409733916513
-0.009431277183609
-0.007945575478836
-0.004485776345096
-0.000069628018031
0.004220106735406
0.007447564579903
0.008760946071323
0.007537311652786
0.003825962017934
-0.001586647101429
-0.007560368905832
-0.012779504087423
-0.015724721454248
-0.015005244205416
-0.010036475873374
-0.001714076551184
0.007421282354383
0.014139648894155
0.016031548158142
0.012468352270712
0.004797825306333
-0.004296886831761
-0.012043993591711
-0.016487797284245
-0.016734067278113
-0.012994055925408
-0.006557689478033
0.000510498126100
0.005991654961818
0.008428056827496
0.007920942811914
0.005775911161914
0.003183566566909
0.000587071564311
-0.001863833048705
-0.003833118722037
-0.004899915572985
-0.004943732564127
-0.004204811997178
-0.002968010820176
-0.001345321694531
0.000693886785183
0.003043190220760
0.005021715443386
0.005499901224061
0.003807824358878
0.000244855747551
-0.004348811897691
-0.008872331616451
-0.011865472062439
-0.011956865497233
-0.008542258230532
-0.002090267508224
0.005599682906960
0.011847988210057
0.014583794279259
0.013087572557690
0.007655127192368
-0.000448780714087
-0.009101491873537
-0.015920155760755
-0.018804529284216
-0.016727570194855
-0.010422917622781
-0.001942731221733
0.006333526436311
0.012349425143615
0.014737855945771
0.013043666052388
0.007857143287538
0.000732690024285
-0.006299721299341
-0.011480934092075
-0.013973347137607
-0.013966337849404
-0.012086215563336
-0.008754274553902
-0.004317627624200
0.000364150534336
0.004079325924061
0.006042680273586
0.006155527089683
0.004829009606151
0.002691065554559
0.000149418671318
-0.002536425344611
-0.004826158461230
-0.006025113770316
-0.005606621167584
-0.003273551057132
0.000764525015491
0.005395454903262
0.008811355383356
0.009263404485256
0.005795636781584
-0.001104332080660
-0.009298780962062
-0.015971545383526
-0.019127357905876
-0.018278041757842
-0.014108407683645
-0.007749635542937
-0.000315662594037
0.007141389752393
0.013504569769675
0.017549183026035
0.018297036992526
0.015518084181297
0.009714741730904
0.001865545501784
-0.006538113903114
-0.013550393686561
-0.017229311503088
-0.016305971821749
-0.010914404466631
-0.002715280018005
0.006007060342194
0.013108688382890
0.016671249173575
0.015653580977692
0.010771507681026
0.003868325307283
-0.003366187733708
-0.009579974361564
-0.013553803806035
-0.014412661851804
-0.011744613950240
-0.005734444202168
0.002453657653855
0.010762086363209
0.017052825152797
0.019842474247659
0.018473170741082
0.013066930030317
0.004573906330083
-0.005162205989318
-0.013459013530074
-0.017402548445874
-0.015271943048147
-0.007678660151134
0.002725323170983
0.012492994460639
0.018682061875250
0.019770999709337
0.015854165173941
0.008215423376062
-0.001136040597727
-0.009855191062228
-0.015970240091173
-0.018551686931284
-0.017523204569165
-0.013052225759974
-0.005529025692320
0.004107415654082
0.014216537336703
0.022407453594169
0.026112266479294
0.023995536497079
0.016825339869044
0.006865468776683
-0.003299855408237
-0.011412318474227
-0.015809451155509
-0.015845273307266
-0.012141180746232
-0.006271873719448
-0.000184902755475
0.004526841048131
0.007292065259473
0.008424020240949
0.008464203808596
0.007989557091335
0.007522138147119
0.007032680995683
0.005894668374280
0.003522438263552
-0.000156321842497
-0.004360197076770
-0.007274860135057
-0.006941053502833
-0.002740075593511
0.004136316895034
0.011382948839722
0.016493102664695
0.017545700735379
0.013767678708033
0.005765951954592
-0.004311228649219
-0.013091513614895
-0.017432340616810
-0.016001083323078
-0.009542679047228
-0.000133989426195
0.009580517858720
0.017034128972557
0.020427516739375
0.019216911648295
0.014186949573515
0.007112450869196
0.000048165045259
-0.005478503515882
-0.008863796605802
-0.010110462409273
-0.009256342435701
-0.006317296019216
-0.001687579500495
0.003577581152338
0.007919675275795
0.009904904292913
0.008920824736760
0.005346969604021
0.000258793172271
-0.004814733219260
-0.008229279738757
-0.008933244385815
-0.006915043433522
-0.002988370147077
0.001698533966951
0.006223948139339
0.010196290736444
0.013350777281534
0.015029858294431
0.014395619216466
0.011061375323458
0.005448403057493
-0.001230765538201
-0.007321292307719
-0.011414236691099
-0.012893289899780
-0.011882413786006
-0.008955403149635
-0.004924503865291
-0.000518322990964
0.003847851409643
0.007850061492431
0.010923868101241
0.012323166299590
0.011485852490996
0.008530669660139
0.004583012935201
0.001217144723027
-0.000685265226057
-0.001299038913238
-0.001183389466762
-0.000616426304726
0.000448928832099
0.002059361967605
0.003891897348909
0.005138720906366
0.004933015362030
0.003000842004614
-0.000097457927384
-0.003159902170139
-0.004764648015655
-0.004049615633176
-0.001396659868403
0.001823866164057
0.004095750049371
0.004425551786163
0.002901401293377
0.000742223771420
-0.000723175336403
-0.001086262572864
-0.000751860851564
-0.000285934003636
-0.000017163678237
0.000146488144244
0.000506465686679
0.000974724082369
0.001093381188607
0.000781959877047
0.000479852475111
0.000524033197747
0.000854591098131
0.001145918121661
0.000894932309636
-0.000342367100728
-0.002546688245739
-0.005050143925869
-0.006674443601155
-0.006258180919948
-0.003497595042704
0.000558364446599
0.004025710947942
0.005410845310141
0.004489165394735
0.002274503227799
0.000243137026517
-0.000606640660163
-0.000187367495832
0.000797519330335
0.001263361970177
0.000389026042709
-0.001839516091987
-0.004629833686650
-0.006822605363380
-0.007463937053974
-0.006283414859112
-0.003761426584576
-0.000777487794721
0.001798009712795
0.003305000042873
0.003288134217637
0.001612276863432
-0.001183884283918
-0.003876150358131
-0.005097898560870
-0.003930036938546
-0.000438361469088
0.003982860104113
0.007154357727790
0.007353041807401
0.004111855964761
-0.001785474594659
-0.008583829514805
-0.014018044879299
-0.016217570474390
-0.014571906395599
-0.009889792627887
-0.003906491923493
0.001582883582008
0.005424090864064
0.007106217130038
0.006567186034537
0.004260333531125
0.001085574514693
-0.001925622053662
-0.003945220912959
-0.004641725531902
-0.004360466101442
-0.003921569760771
-0.003976648851958
-0.004638600017830
-0.005683832619060
-0.006652359776097
-0.006892030526571
-0.005985118120002
-0.004050938330501
-0.001623840938680
0.000522468323844
0.001705897516492
0.001817625481104
0.001239234519745
0.000193668604796
-0.001475569405795
-0.003752852205928
-0.005961255167214
-0.007034417685258
-0.006302458938858
-0.004099329366434
-0.001620349020462
-0.000093239518093
-0.000006719588833
-0.001059572102511
-0.002664190611742
-0.004245209311481
-0.005210533706922
-0.005118076365997
-0.003993477678537
-0.002316356593938
-0.000698011398601
0.000404923698072
0.000821076337095
0.000581901850046
-0.000264243841463
-0.001626852368667
-0.003189517131002
-0.004425124162776
-0.004909817500947
-0.004626059109922
-0.003927502766304
-0.003178607212125
-0.002402062482062
-0.001371803814475
-0.000053132239737
0.001271028158003
0.002323262169809
0.002993312750365
0.003114676683483
0.002364477404799
0.000479420391263
-0.002509759699037
-0.006031019983165
-0.008836765981334
-0.009599141519518
-0.007907952927587
-0.004410287550350
-0.000232024343717
0.003429632497302
0.005699614143518
0.006262149706510
0.005186232399958
0.002958929563366
0.000514836538120
-0.001369970592840
-0.002566075409928
-0.003266872481983
-0.003543408727311
-0.003431787492482
-0.003160108374312
-0.003034690898621
-0.003160905292086
-0.003221514540847
-0.002559255137624
-0.000896814385563
0.001084718902147
0.002297217551157
0.002132921923721
0.000686235492571
-0.001388811730304
-0.003149390394510
-0.003793525063647
-0.002854531334446
-0.000247989814034
0.003333903296500
0.006261238491535
0.006913884798495
0.004929332881550
0.001298551487469
-0.002414949775593
-0.004858738657427
-0.005666292735143
-0.005497359459320
-0.004961985358864
-0.004085562830380
-0.002846342816440
-0.001363986248272
0.000325976903515
0.002039603658510
0.003233370421094
0.003378200199751
0.002348294348420
0.000533523872962
-0.001145552153447
-0.001700099254929
-0.000906384216100
0.000616342847573
0.002088651943750
0.002957459580532
0.002952954869311
0.002128398023951
0.000667168400884
-0.001295635168026
-0.003370279437607
-0.004689363515532
-0.004493076556996
-0.002780700487452
-0.000157300257883
0.002601206706269
0.004739664389505
0.005646208818297
0.004944585830787
0.002583786969347
-0.000887828838470
-0.004242631581024
-0.006225542733999
-0.006343818138425
-0.004887090701210
-0.002391969885948
0.000655316115845
0.003638132142803
0.005679150623597
0.006013304862494
0.004603442059658
0.002279388833696
0.000098334583042
-0.001289982664559
-0.001625134553600
-0.000866811843883
0.000603861623915
0.001774427925016
0.001405665290663
-0.001042159029767
-0.004704622069986
-0.007544724349278
-0.007628808697757
-0.004574261789178
0.000179499957828
0.004581360272766
0.007253777941183
0.007772308583338
0.006401530775519
0.003753238917013
0.000486354814573
-0.002688515905430
-0.004907246900924
-0.005467788100468
-0.004312506284751
-0.001994001019054
0.000733371567945
0.003153253434109
0.004743335878178
0.005358675176523
0.005154311706092
0.004336260584249
0.003038725753324
0.001328373384844
-0.000582449380606
-0.002061551788256
-0.002275505964258
-0.000834240763589
0.001820045774227
0.004542579090560
0.006015796405317
0.005550226759881
0.003550067475225
0.001014972880242
-0.001269066015899
-0.002922939618742
-0.003790640345089
-0.003809098925129
-0.003015172570957
-0.001692680539881
-0.000349829858048
0.000629720063928
0.001291415427102
0.002032478524053
0.003224838036178
0.004890154360059
0.006751463155087
0.008418243809602
0.009277669441199
0.008653162276987
0.006513698603478
0.003642936006813
0.001003839175472
-0.000806241408715
-0.001811729214753
-0.002514872695856
-0.003100186712334
-0.003024042712889
-0.001757110691706
0.000465347408214
0.002725175599379
0.004021646069181
0.004107531645653
0.003742057792003
0.003730384591056
0.003957167606818
0.003678009191903
0.002463086151290
0.000610285941372
-0.001087734067842
-0.001815750832166
-0.001232554635723
0.000464597178979
0.002823959423113
0.005121531962732
0.006467975630007
0.006507154073393
0.005802211051935
0.005325809807082
0.005679466643793
0.006684216656123
0.007624382273031
0.007894606711840
0.007231762006550
0.005396041015869
0.002134099889078
-0.002253080966579
-0.006596225931743
-0.009384806330556
-0.009617884004771
-0.007372909889780
-0.003782092631026
-0.000397170364768
0.001646174792439
0.002066877849756
0.001257534043244
-0.000037939614182
-0.000905876215524
-0.000541275678423
0.001381124326827
0.004437085857855
0.007451713459926
0.009091789682356
0.008794529592529
0.006940181468281
0.004253014423597
0.001463524759005
-0.000795552505763
-0.002270900834277
-0.003136383230330
-0.003675536408191
-0.004106232650986
-0.004541535616763
-0.004822701735244
-0.004638812364137
-0.004120183939514
-0.003990078280805
-0.004739824949870
-0.005913677728682
-0.006422341727152
-0.005361926507979
-0.002670440649590
0.000798777271100
0.003999251668838
0.006453343752705
0.008146458129752
0.008991252349814
0.008823881146250
0.007640883142790
0.005457566905427
0.002341022736406
-0.001169629311313
-0.004126859760957
-0.005714137464820
-0.005505253142570
-0.003730989857169
-0.001559650375655
-0.000388881892210
-0.000762051928005
-0.002340642929977
-0.004362061582832
-0.005822495590028
-0.006001869317807
-0.004982737836274
-0.003183307560337
-0.000847576473614
0.001658948918986
0.003825043724356
0.005494086287962
0.006719848085151
0.007074221325643
0.005796650059392
0.002752539772581
-0.001241505302850
-0.004907540938189
-0.007061509334783
-0.007267334072775
-0.006238370921520
-0.005047850177144
-0.003905780250157
-0.002197348765527
0.000483909706908
0.003765709616647
0.006734161832078
0.008522912408133
0.008849931417336
0.008014263286074
0.006340173181872
0.003935812404174
0.001014196091022
-0.002046996784811
-0.004997899467921
-0.007698670265878
-0.009852271512410
-0.010996312510032
-0.010765479533398
-0.009170793785986
-0.006733838803756
-0.004150372631811
-0.001609823893882
0.001228399389169
0.004397387926974
0.007122950530339
0.008375641696781
0.007780686567954
0.005964220426686
0.004182403898991
0.003449793198187
0.003718447847847
0.003995535111525
0.003227322208371
0.000958561873158
-0.002465584269289
-0.006065186996569
-0.008738632391223
-0.009770063770326
-0.009140016450429
-0.007582234489976
-0.006071049974367
-0.005049875066340
-0.004321643456336
-0.003504785744921
-0.002271898349951
-0.000425469402921
0.001968667124228
0.004687766712153
0.007476698128920
0.009743392408639
0.010443971787581
0.008840339563236
0.005278373854171
0.000870168624356
-0.003299066549437
-0.006418914767353
-0.008000001575030
-0.007978543278635
-0.006500672645777
-0.003812895368110
-0.000600749793718
0.002148765843330
0.003957900284529
0.004976981871517
0.005170354313439
0.004102581044384
0.001685608528279
-0.001469444096662
-0.004470460002158
-0.006565881188823
-0.007432389327593
-0.007260895412355
-0.006340019687329
-0.004767766955033
-0.002769789499901
-0.000812640437158
0.000812713846844
0.002183147458928
0.003456642885169
0.004522072756949
0.004927781136807
0.004237193018243
0.002485133820386
0.000215563414894
-0.001778563907554
-0.002813700247180
-0.002759808458753
-0.002040236808309
-0.001136696615964
-0.000457367858563
-0.000519126397467
-0.001602283927148
-0.003201748540869
-0.004294283312633
-0.004216278155299
-0.003114950316769
-0.001772324998749
-0.001108992012990
-0.001487758613587
-0.002467828279002
-0.003425595057157
-0.004126349894792
-0.004472528652331
-0.004018318697637
-0.002237748795722
0.000735501170882
0.004048809292555
0.006647958017065
0.007666127993884
0.006805524079877
0.004449701188523
0.001178465801900
-0.002505621610957
-0.005836175108088
-0.007679247948535
-0.007261003647942
-0.004931492561049
-0.001858359286411
0.000855413214251
0.002483504136583
0.002629015011423
0.001356505857829
-0.000805581367007
-0.003098667557975
-0.004734091372128
-0.005136770773876
-0.004247330257912
-0.002488775958067
-0.000332517431852
0.001912928507182
0.003853279002015
0.004922527416894
0.004846629413215
0.004128858335241
0.003755461827415
0.004247114630050
0.005114216792169
0.005266420625041
0.003885701583866
0.001102180086356
-0.001978990680003
-0.004072762127968
-0.004605434253668
-0.003772633445998
-0.002153180219209
-0.000567650947575
0.000202179716026
-0.000085689154049
-0.001098147183258
-0.002271130698256
-0.002971538364385
-0.002667378768426
-0.001300260802315
0.000700349715843
0.002869487785398
0.004754499954992
0.005563054299597
0.004627202591898
0.002361578468420
0.000096629630105
-0.000964955373858
-0.000422428907671
0.001144562788320
0.002545621040075
0.002951200092326
0.002418200519880
0.001326551063172
-0.000197530841808
-0.002058277891193
-0.003878052590697
-0.005117815872854
-0.005329133884977
-0.004373808248778
-0.002385155093755
0.000497232473707
0.003895011178727
0.006781172242697
0.008007507339011
0.007159196594695
0.004614230594352
0.001228550983584
-0.001948327497476
-0.004161284427904
-0.005207557718048
-0.005061306269428
-0.003638058545714
-0.001162239084407
0.001661121684295
0.003965742260127
0.005024943844580
0.004509215736678
0.002742745538647
0.000490480244818
-0.001643713438514
-0.003342733390913
-0.004283381236185
-0.004286793629567
-0.003638885594529
-0.002746445024721
-0.001570569769667
0.000210782422597
0.002620308728011
0.005120334733642
0.006664063881237
0.006256930670705
0.003908131815675
0.000662187251732
-0.002361443584131
-0.004455471231594
-0.005198929358265
-0.004474603245439
-0.002530419256733
0.000086234668962
0.002579080958849
0.004221431758596
0.004921149094310
0.005184901483254
0.005427864271420
0.005607278625587
0.005420216340843
0.004640076690993
0.003424975176229
0.002305391971947
0.001680712064068
0.001433012262562
0.001149836114693
0.000480096509026
-0.000886431681514
-0.003220244132300
-0.006298759660835
-0.008945528780811
-0.009256911866401
-0.005728657054144
0.001353564763021
0.009657828464602
0.016197423181570
0.018980910338518
0.017500711045261
0.012400181491334
0.005181711353086
-0.002153226647501
-0.007691686521862
-0.010055589483532
-0.008691853171934
-0.004178815989741
0.001808101966785
0.007124462710761
0.009954308280856
0.009344985389473
0.005512704153246
-0.000042484531461
-0.005054830368381
-0.007690499361760
-0.007434221681340
-0.005022728903169
-0.001751241356505
0.001306824713168
0.003687117126480
0.005321917333883
0.006138816414174
0.006113697395468
0.005575326123388
0.005016364222458
0.004618930269266
0.004161156548037
0.003287099525560
0.001844011535842
-0.000022632546910
-0.002036646803919
-0.003811955050388
-0.004855530428528
-0.004878150774495
-0.003931661712820
-0.002246368126740
-0.000322429779604
0.001167624885783
0.002028402936973
0.002596293113970
0.003015465209292
0.003121609404074
0.003034172022349
0.003254878613873
0.004070928299224
0.005098279893998
0.005376906713419
0.003897468781279
0.000410504912246
-0.004093343438065
-0.007870379915201
-0.009467371370464
-0.008405955359287
-0.005101897606159
-0.000441964157261
0.004434158498219
0.008255871102750
0.009949048662073
0.009146221088595
0.006401701860255
0.002732548754156
-0.000953434726664
-0.003868409797182
-0.005214584126234
-0.004532418550843
-0.002120799608282
0.000956779508157
0.003174695889570
0.003308542468517
0.001369689493379
-0.001512403485557
-0.004129369277111
-0.005692459358427
-0.005812323666272
-0.004605458355264
-0.002508483025988
-0.000021779446724
0.002100922997116
0.003031129836868
0.002578278020545
0.001307608037354
0.000015062041506
-0.000649543947225
-0.000426424387621
0.000362824928503
0.001038121228045
0.000994118449550
-0.000042952007156
-0.001801484384463
-0.003489045755380
-0.004365561382558
-0.004265483255210
-0.003548451543317
-0.002769006357416
-0.002308696505962
-0.002201137616949
-0.002371344098255
-0.002867780391607
-0.003647134717216
-0.004238583896696
-0.003844538229314
-0.001958647772791
0.001057902090461
0.004149473840772
0.006280237668019
0.006849425740218
0.005738412348762
0.003288100975607
0.000031903080680
-0.003520821536705
-0.006616877087363
-0.008327210501708
-0.008336860629620
-0.007172561333752
-0.005549856630163
-0.004018529253798
-0.002986364130218
-0.002568754086348
-0.002591146093326
-0.002713847010527
-0.002334164301564
-0.000903223732739
0.001243367828153
0.002940370992290
0.003332200990786
0.002491481110461
0.001066047515899
-0.000245604124771
-0.001127188983921
-0.001723567520897
-0.002109816574490
-0.001996904883780
-0.001343152663341
-0.000765392731120
-0.000916579532724
-0.001953958126503
-0.003612802375769
-0.005236036840230
-0.006069707819868
-0.005758822211543
-0.004140275427666
-0.001008317776885
0.003246728199415
0.007275623832578
0.009496837046852
0.008969463873713
0.005848346947863
0.001437100337028
-0.002417756036794
-0.004269280533589
-0.003572293669889
-0.000745721578310
0.002887835754670
0.005583382275338
0.006111654737664
0.004435191629238
0.001650316036702
-0.000705047829876
-0.001595296920105
-0.001033511849253
0.000186828601024
0.001215599751012
0.001614108564822
0.001313408481558
0.000498222076656
-0.000326072444236
-0.000521826725226
0.000143134034996
0.001237492864345
0.002053304165714
0.002216495680067
0.001905427786778
0.001610393681195
0.001686679445314
0.002101413865594
0.002649814492410
0.003204526061645
0.003715035241927
0.004113886971501
0.004154974853863
0.003504360846629
0.002162140591390
0.000579050234102
-0.000718386345049
-0.001437141929916
-0.001455369768739
-0.000749712732354
0.000435086121145
0.001604062195794
0.002314070918856
0.002298950693047
0.001589356508365
0.000610149941342
-0.000315854783021
-0.001395642579872
-0.002917366483100
-0.004667158738807
-0.005877304617755
-0.005568435958647
-0.003151245008329
0.001005483621244
0.005560008385720
0.008840522975842
0.009574938089796
0.007351252733985
0.002920957892368
-0.001967454961230
-0.005440951241435
-0.006405362470714
-0.004835308908879
-0.001614205822104
0.001892638760074
0.004531910837696
0.005747486528289
0.005382854460619
0.003598234353865
0.001014906178742
-0.001502037160883
-0.003292812923089
-0.004145925484060
-0.004407478446387
-0.004772355611104
-0.005493370929442
-0.005933980979096
-0.005264897341797
-0.003343125927674
-0.000714031442650
0.001889244471876
0.003910833651863
0.005137515991440
0.005600498886477
0.005368070839654
0.004581760315395
0.003465723042027
0.002078847340752
0.000321231350873
-0.001717751450507
-0.003706685314572
-0.005327023954422
-0.006382121843614
-0.006863500689412
-0.007039039591188
-0.007169216811819
-0.007091477352958
-0.006475703381277
-0.005384124255824
-0.004092757601563
-0.002623912205554
-0.000923221810735
0.000832959541994
0.002303768546835
0.003058653762498
0.002817233616789
0.001867090659563
0.000833358152802
0.000018538206987
-0.000603871278797
-0.001034252385914
-0.001339922635967
-0.001817729002026
-0.002867901325402
-0.004864808883166
-0.007828950154701
-0.010993336085269
-0.013158664715021
-0.013534759018362
-0.011950160214846
-0.008624908374554
-0.004120133671208
0.000750480427147
0.005139436776835
0.008174780747605
0.009095897664719
0.007821162727760
0.005018806318345
0.001409688563403
-0.002547136886991
-0.006309539031176
-0.009140034223623
-0.010496117704458
-0.010349235087841
-0.009231537032165
-0.008010809226063
-0.007209368011412
-0.006593179877142
-0.005695370758095
-0.004387688123061
-0.002828690012230
-0.001267294096727
0.000015066098670
0.000805988447768
0.001099410609995
0.001069051767098
0.000996966409409
0.001246810212769
0.001963467725152
0.002726316040529
0.002788912240671
0.001692509090999
-0.000499842426950
-0.003460480944270
-0.006792407740624
-0.009969224499628
-0.012275708529433
-0.012886795525599
-0.011256870063811
-0.007702952052259
-0.003346844994304
0.000731018477473
0.003949067457144
0.005888989215126
0.006025531182667
0.003954622197619
-0.000046476314130
-0.004617896430699
-0.007847397931571
-0.008549711617305
-0.006892802773546
-0.003857969604491
-0.000614751390232
0.001737005329618
0.002530891430173
0.001736348020670
-0.000204049437773
-0.002503180538515
-0.004361043749218
-0.005591818470006
-0.006579454113326
-0.007393219091565
-0.007418905801523
-0.006064029421391
-0.003512700558404
-0.000714408400234
0.001270860482740
0.001975345039282
0.001644870197857
0.000764238353403
-0.000365432156109
-0.001536165784162
-0.002341346629264
-0.002290598669716
-0.001278540323935
0.000180318343736
0.001211061343596
0.001176256608399
0.000119715473467
-0.001464807449792
-0.003142000992255
-0.004576938052035
-0.005384937772322
-0.005302739906988
-0.004429622890222
-0.003240127802470
-0.002322033010278
-0.001824776922525
-0.001214535504712
0.000069313010512
0.001936487711144
0.003886673138593
0.005429900138160
0.006046908944143
0.005230054263973
0.002830818240928
-0.000678904067535
-0.004263115528284
-0.006689355034503
-0.007091043669454
-0.005453388224888
-0.002565215194914
0.000651513355453
0.003594283683167
0.005793430738569
0.006861713096804
0.006661626726138
0.005225244079928
0.002898416343937
0.000585686169484
-0.000833736410905
-0.001325736007441
-0.001446128793395
-0.001458477249037
-0.001125163449867
-0.000126497193268
0.001598723144757
0.003690373101758
0.005501451901364
0.006523646233590
0.006538805622906
0.005476801369778
0.003560574721830
0.001502337882840
0.000055616241682
-0.000581946069313
-0.000698495302401
-0.000664875595517
-0.000598612446942
-0.000176513394379
0.000974833739250
0.002581925074382
0.003848432078081
0.004334735889814
0.004252958753114
0.003958371452696
0.003622634389015
0.003257563480788
0.002746667879368
