0.000299508322784
-0.001602519217313
-0.002719695817619
-0.002881440980495
-0.002437787381243
-0.001733499022587
-0.000885663178681
-0.000037939890504
0.000630472995841
0.001136423382795
0.001616203658315
0.001934102719980
0.001679098753368
0.000741247055104
-0.000485313198691
-0.001522819840572
-0.002097078104284
-0.002150164636068
-0.001854382219094
-0.001424744831025
-0.000798397340169
0.000172517428428
0.001266948006807
0.002002147992918
0.002124814319071
0.001822647750750
0.001453565639457
0.001161496557814
0.000843616810428
0.000433049589255
0.000097788245581
0.000029662577347
0.000114588308137
0.000023058017894
-0.000457357392176
-0.001198508394068
-0.001769485951055
-0.001827355109918
-0.001426827292316
-0.000861175932878
-0.000272398543726
0.000493585219117
0.001548022345396
0.002590910303588
0.003065938570268
0.002655060008365
0.001518461046027
0.000053642217981
-0.001398800926592
-0.002580901293520
-0.003228439549243
-0.003055928609405
-0.001933912966081
-0.000132076645840
0.001590130909954
0.002260762055579
0.001446566235773
-0.000266113132155
-0.001745782189052
-0.002213952315510
-0.001647620182997
-0.000466354926015
0.000852612405013
0.001922578886743
0.002563482826856
0.002718462573667
0.002341086188794
0.001528253540346
0.000527761100971
-0.000461406587527
-0.001352903950721
-0.002001185390128
-0.002125625492349
-0.001630731212479
-0.000850516354873
-0.000259788444691
-0.000092873134923
-0.000224567592328
-0.000255929033700
0.000104861548669
0.000724122947052
0.001263771080786
0.001533725472231
0.001531485312629
0.001274209037279
0.000737563544559
0.000018531445342
-0.000656191354539
-0.001102775545505
-0.001235862921879
-0.001059228120985
-0.000563617132316
0.000260857036921
0.001112547779565
0.001362467750969
0.000560274692136
-0.001098558099432
-0.002776676018454
-0.003529972453996
-0.002928009561889
-0.001196335199482
0.001056141481436
0.003161341275222
0.004523009115417
0.004620202790693
0.003295419274236
0.001149397230722
-0.000676152750437
-0.001330841849261
-0.000933083858088
-0.000399302708394
-0.000586280649571
-0.001661875463317
-0.003157166379384
-0.004329013054815
-0.004503742019299
-0.003311634920304
-0.000837735545465
0.002234041911841
0.004797249866347
0.005869927813959
0.005006797411639
0.002511960346392
-0.000606893872370
-0.003137682497863
-0.004225916344730
-0.003681594076540
-0.001967842256173
0.000111427153809
0.001758344750446
0.002470007937898
0.002185342921147
0.001246186810106
0.000292111871065
-0.000178035700860
-0.000320436796575
-0.000654819260235
-0.001375534995586
-0.002263198590611
-0.002961138803587
-0.003118570575954
-0.002536839583031
-0.001296774382344
0.000288231477694
0.001744319188832
0.002561063479374
0.002468447305598
0.001640469732317
0.000606185822037
-0.000147994751465
-0.000593404338457
-0.001171072318917
-0.002213047005242
-0.003263077052326
-0.003426086080987
-0.002416368588789
-0.000739199779584
0.000861680313487
0.001781461598119
0.001721203656343
0.000759347348538
-0.000644977243601
-0.001823069522892
-0.002217861350333
-0.001601493461374
-0.000202909738153
0.001231555890972
0.001772832764532
0.001081646307646
-0.000244623202731
-0.001305566895684
-0.001684530180644
-0.001474467350779
-0.000867667625761
-0.000065363386875
0.000682931131533
0.001161521475907
0.001143252088270
0.000572261514468
-0.000140297542619
-0.000453567098451
-0.000223941169461
0.000250085435836
0.000494057414373
0.000117220636984
-0.001028879819745
-0.002692075656269
-0.004234882920960
-0.004955527516367
-0.004429774109515
-0.002774174098738
-0.000633063170520
0.001253972648942
0.002395510521229
0.002621812924255
0.002152555003809
0.001478311038160
0.001025631043784
0.001005821334178
0.001398199798427
0.001876905342418
0.001913300244744
0.001121408774536
-0.000414772095976
-0.002128442324271
-0.003325213471666
-0.003610091912645
-0.003105837018112
-0.002236616874128
-0.001278204970794
-0.000296670094772
0.000640162605794
0.001384101260692
0.001653017506429
0.001118166792703
-0.000307735463555
-0.002307079508669
-0.004183217242386
-0.005115650786851
-0.004523968237505
-0.002304925872680
0.000909720614756
0.003908880542280
0.005712570962063
0.005997224087977
0.004894099680509
0.002798282135241
0.000193685151278
-0.002380066910073
-0.004173412561190
-0.004503470438459
-0.003392339956860
-0.001716975388508
-0.000548405527827
-0.000242605193948
-0.000276766245420
0.000053607301015
0.001002869985719
0.002200094728838
0.002906446571573
0.002619857837663
0.001362057882222
-0.000531144216182
-0.002577808514532
-0.004167982364296
-0.004657930954322
-0.003695262581740
-0.001589030606791
0.000757863098930
0.002401354717618
0.002963904917719
0.002765568876493
0.002284684000912
0.001677387876148
0.000954829748287
0.000196742479918
-0.000541830042181
-0.001198350415948
-0.001688794448190
-0.001965801421173
-0.001846122716333
-0.001091961167939
0.000138678126588
0.001272461263658
0.001793747465679
0.001575980808576
0.000850023688602
0.000039946440390
-0.000479723951860
-0.000698963540088
-0.000870567369059
-0.001086173090156
-0.001243023432831
-0.001204179540479
-0.000860689615921
-0.000219828163767
0.000714949102846
0.001982197716230
0.003289225973646
0.003960998362634
0.003463344825874
0.001845719958426
-0.000260202943958
-0.002086579332812
-0.003183819428992
-0.003440731982017
-0.002993555786855
-0.002184499673600
-0.001330832109280
-0.000520458463201
0.000333652961098
0.001257639389484
0.002037000291271
0.002327353299224
0.001906813659168
0.000952052275491
0.000106547375431
-0.000110593428391
0.000135858622839
0.000370814374744
0.000472393809054
0.000720938710072
0.001253213082928
0.001710582787108
0.001644288690586
0.000979299950413
-0.000071498051868
-0.001226162848873
-0.002215810103616
-0.002812754123663
-0.002847534046650
-0.002251337662545
-0.001105514981230
0.000266652695423
0.001354667819296
0.001919954015293
0.002240046486310
0.002603745512076
0.002876417224030
0.002743784267164
0.002087189676586
0.001057757574569
-0.000116604093109
-0.001317769273028
-0.002446819633560
-0.003263152332950
-0.003332886160550
-0.002262114890555
-0.000293084941067
0.001588389753089
0.002451929764442
0.002219286725413
0.001618884824952
0.001367945057236
0.001509075938831
0.001610248238649
0.001348247792976
0.000733269537626
-0.000040671911696
-0.000836344489698
-0.001654590343600
-0.002403115219967
-0.002723517049829
-0.002196912994770
-0.000723635816920
0.001175122906400
0.002594788449501
0.002979216124784
0.002451316978230
0.001562470157170
0.000825953553025
0.000371139275309
0.000108965032369
-0.000000146808110
0.000024101151434
0.000145819956509
0.000330215128833
0.000551694213068
0.000737315833134
0.000687947668252
0.000173546879024
-0.000853219195841
-0.002018205403895
-0.002590843058546
-0.002076939951149
-0.000606261866266
0.001314443259129
0.003124131916098
0.004341350008461
0.004626652129195
0.003842863224978
0.002222025172951
0.000346417491948
-0.001227521315260
-0.002197140579669
-0.002499935561316
-0.002294679879846
-0.001821086414276
-0.001212300069537
-0.000466494575879
0.000476363376181
0.001648393130808
0.002956418623573
0.004016590456241
0.004132771342547
0.002832458483572
0.000495539073100
-0.001850359168921
-0.003279472103469
-0.003433521326272
-0.002502317148884
-0.000900610702607
0.000988090553477
0.002849136848420
0.004372034461086
0.005180196902776
0.004944795360201
0.003635079158282
0.001591800900599
-0.000677765400794
-0.002798899465055
-0.004521234545848
-0.005379689350998
-0.004792264162596
-0.002711760544054
0.000159354639722
0.002736339278094
0.003975073100329
0.003378580797932
0.001369096993401
-0.000899647070791
-0.002208533302011
-0.001945408254014
-0.000322988729255
0.001792003790827
0.003324986159535
0.003636554865948
0.002827240865004
0.001541739404237
0.000530602169808
0.000113186102872
-0.000005095782808
-0.000284840224189
-0.000840686734091
-0.001394328709140
-0.001566911220433
-0.001188762846874
-0.000344365295232
0.000716481487188
0.001548165862500
0.001640563892554
0.000682480441353
-0.001195984117213
-0.003103171168474
-0.003683533487751
-0.002265694088981
0.000487943241633
0.003159233764229
0.004594884663054
0.004517546317460
0.003392955322706
0.001831292762440
0.000133014815434
-0.001739506167182
-0.003802468231037
-0.005709304018921
-0.006689699613173
-0.005758747479793
-0.002440416650303
0.002530552148818
0.007396210404019
0.010189586325600
0.009737199239201
0.006388417471421
0.001648430525164
-0.002937296590040
-0.006413640740680
-0.008294091470168
-0.008218123731105
-0.006029185856162
-0.002275118955549
0.001804894892575
0.004960926464867
0.006524776795998
0.006575761523827
0.005502140886327
0.003409565106191
0.000272079380279
-0.003564418283886
-0.007243786278265
-0.009604706264508
-0.009670156837039
-0.007032083041912
-0.001982020587891
0.004264047151764
0.009733197945318
0.012581913103292
0.011928278609616
0.008141315363273
0.002581322013654
-0.003056247865312
-0.007407967220457
-0.009814009229871
-0.010196158255609
-0.008709747525020
-0.005637473834535
-0.001409758113918
0.003295668252013
0.007364207005631
0.009535842739372
0.009125710714820
0.006315599677660
0.001915779001919
-0.002940060920766
-0.006930948744475
-0.008717367093552
-0.007580791611203
-0.004011546014573
0.000516870475159
0.004230523041966
0.005815171507400
0.005010060360690
0.002582434584605
-0.000212560375045
-0.002361319891039
-0.003526000653745
-0.003762983869398
-0.003221188488370
-0.002230775407271
-0.001117492622303
0.000112772519387
0.001639626999250
0.003417112271325
0.004800397475900
0.004721364068745
0.002584426648060
-0.001074934088430
-0.004808676046754
-0.007000174851514
-0.006638136390590
-0.003769903616280
0.000423613307295
0.004014717257203
0.005371376225938
0.004196908486231
0.001568811029578
-0.000871214018862
-0.001812117518377
-0.000832906238799
0.001473991566046
0.003760167110712
0.004602155195232
0.003254413767664
-0.000068143666653
-0.004198988779671
-0.007400469854168
-0.008335132125521
-0.006803945480536
-0.003725405030912
-0.000518830971231
0.001921757247164
0.003667420872720
0.005087548790331
0.006065625495107
0.005811135496153
0.003542898337501
-0.000367264973451
-0.004292960892045
-0.006486300837077
-0.006104509175805
-0.003447502384037
0.000410928425731
0.004114429097823
0.006356405543959
0.006238906514571
0.003669358283477
-0.000503676153593
-0.004832038843241
-0.007962102499164
-0.009109930358481
-0.008113086996975
-0.005371623911808
-0.001675503583943
0.002018581630802
0.004746389929768
0.005935526893078
0.005769800456127
0.004914400311122
0.003927510760681
0.002821267482364
0.001071013856577
-0.001631331138801
-0.004706255929032
-0.006962858133419
-0.007428007809622
-0.006071816353079
-0.003729371120535
-0.001312552303900
0.000625499318506
0.001931274826689
0.002787005773787
0.003295074270979
0.003182209980038
0.002032318032695
-0.000301594918455
-0.003288569653333
-0.005609326654275
-0.005769922479196
-0.003166236910394
0.001195592872359
0.005163338670311
0.006927296195266
0.006008003296237
0.003099306755180
-0.000528247732834
-0.003683085786603
-0.005656138118697
-0.006131504330070
-0.004969685660286
-0.002243999570723
0.001414921399847
0.004761677299651
0.006558182321061
0.006138841157299
0.003563975358327
-0.000444295028635
-0.004816980812961
-0.008377148378457
-0.009971240144274
-0.008894174161748
-0.005292584627970
-0.000151471579927
0.005012857167598
0.008730153998794
0.010094620940629
0.008824747065309
0.005310989993240
0.000660251088900
-0.003764430192801
-0.006861304531131
-0.008005853164935
-0.007128164801595
-0.004567781387305
-0.000919888410969
0.002861762427019
0.005510165802891
0.006094819822832
0.004778029589616
0.002654855634441
0.000775840343165
-0.000568126132159
-0.001776007668943
-0.003216434448635
-0.004520453552721
-0.004848356913199
-0.003745376780330
-0.001450611116450
0.001235011778038
0.003279779197495
0.003974688389711
0.003136354635102
0.000980266347853
-0.001847867982755
-0.004349419861882
-0.005605817577417
-0.005246215628037
-0.003556063149061
-0.001083399778897
0.001761298511220
0.004563437619494
0.006673362520680
0.007434661078624
0.006617289469323
0.004573673267062
0.001926716934247
-0.000772177077209
-0.003058265322617
-0.004545482800647
-0.005036200350074
-0.004676124714574
-0.003961511047911
-0.003361700247825
-0.002973734340546
-0.002545117246590
-0.001631958314985
0.000053034385145
0.002255899655963
0.004302912325700
0.005578038645920
0.005816445152704
0.005065531150094
0.003533729588270
0.001570418830508
-0.000352568575313
-0.001866553306070
-0.002916804337328
-0.003642621097833
-0.004084273350105
-0.004098759097608
-0.003561538178306
-0.002558467494431
-0.001327473345961
-0.000129609786429
0.000857307105065
0.001643861021812
0.002315382679617
0.002830012140178
0.003006050007657
0.002674074931404
0.001934461186258
0.001153072509838
0.000582007407109
0.000253599948601
0.000185128620750
0.000340087473484
0.000520202659831
0.000486078372668
0.000067963604297
-0.000786452930560
-0.001871497733082
-0.002716066272438
-0.002920994681182
-0.002443562902864
-0.001448581991259
-0.000092323100265
0.001428272065103
0.002827267110209
0.003736125646425
0.003792766794186
0.003003876700325
0.001814765349208
0.000605818349253
-0.000555297354417
-0.001695931035744
-0.002740027785442
-0.003378516488872
-0.003143822387419
-0.001763142339984
0.000617568780488
0.003443873567745
0.005885520059516
0.007014359116798
0.005998288579414
0.002649320650843
-0.002022974278271
-0.006179422931018
-0.008178231295185
-0.007438070590942
-0.004679887846936
-0.001247186334224
0.001874047213043
0.004326196082129
0.006042778912213
0.006896882495809
0.006654103843072
0.005233047182676
0.002912141542605
0.000321272300720
-0.001818674573991
-0.003110019797031
-0.003545721546337
-0.003341697881688
-0.002867644992296
-0.002371409768579
-0.001697923869401
-0.000482123191984
0.001381417342814
0.003345400146676
0.004380326580753
0.003824702669447
0.001965249992982
-0.000213083631843
-0.001753840751138
-0.002416015402806
-0.002579488859827
-0.002479914978100
-0.001841568985450
-0.000240182793279
0.002261882955784
0.004893331758734
0.006558182736536
0.006294674322045
0.003786176160900
-0.000149633007069
-0.003916466272424
-0.006089604583903
-0.005998685184071
-0.003900235687183
-0.000664517233394
0.002858047854026
0.006010818894628
0.008170488500228
0.008640672301882
0.006805970240760
0.002838216160387
-0.001911267674695
-0.005595270622485
-0.006896125395455
-0.005768976195014
-0.003512137622863
-0.001785244587319
-0.001359251429992
-0.001700382251184
-0.001589145760342
-0.000263554806346
0.001982800447139
0.004260361595820
0.005803776512437
0.006199856427759
0.005296524078866
0.003268078687427
0.000758091291136
-0.001398072240034
-0.002712632531816
-0.003182608050175
-0.002978537532400
-0.002158948667010
-0.000797831739310
0.000693528244697
0.001779535439384
0.002242588809366
0.002044438747090
0.001129346536203
-0.000426008041916
-0.002359307713488
-0.004174496020867
-0.005135272079560
-0.004622032625433
-0.002491598554796
0.000795375691957
0.004279586858579
0.006980761404436
0.008211324134037
0.007528769623271
0.005008783055247
0.001517282242657
-0.001688188450107
-0.003652332185973
-0.004249623203727
-0.004140612210648
-0.003991578660517
-0.003782610073863
-0.002969492977672
-0.001276433281961
0.000809133634347
0.002512178670637
0.003437768633019
0.003497506901306
0.002606492280403
0.000722040185842
-0.001914603960839
-0.004561940992084
-0.006101057276483
-0.005626492070007
-0.003099971985160
0.000660811364804
0.004643723208180
0.007923891853081
0.009520360499782
0.008711662407102
0.005507882630992
0.000763306943701
-0.003954772091629
-0.007143322073405
-0.008369943758372
-0.008101514685283
-0.006747118463508
-0.004302476195388
-0.000806851511045
0.003041733715637
0.006102461360531
0.007650625815724
0.007554627825845
0.005929141415476
0.003019617445253
-0.000831884390004
-0.004946923242206
-0.008078199783757
-0.009037526491001
-0.007457159675295
-0.003803402293398
0.000868942004760
0.005203269357279
0.007949315041136
0.008320161936538
0.006321704122367
0.002814551006627
-0.000960245614141
-0.004014686190627
-0.005887689045778
-0.006394861492753
-0.005279796750302
-0.002401457300040
0.001688282160510
0.005503375427463
0.007158664337914
0.005456267599143
0.000661962660680
-0.005522968277591
-0.010604389317352
-0.012455189093592
-0.010378717310969
-0.005153910547838
0.001680122799936
0.008481584494054
0.013751332183524
0.016200931766557
0.015093576449299
0.010544655559689
0.003390961206907
-0.004936005834486
-0.012477524105630
-0.017232263704256
-0.017906967376805
-0.014436484438102
-0.007941192398148
-0.000130604136852
0.007278364163893
0.012951339191927
0.016170418879244
0.016477815495089
0.013382444589930
0.006964880647081
-0.001519167073438
-0.009857722145322
-0.015839541126197
-0.018362678414478
-0.017571476123251
-0.014048766060345
-0.008225202032883
-0.000478233502995
0.008235147239671
0.015938458892181
0.020261326933828
0.019653273148951
0.014154805177706
0.005404866240568
-0.004033524252996
-0.011557192716044
-0.015396110217064
-0.015340794581006
-0.012499026345861
-0.008280200249053
-0.003651381076141
0.001077533411654
0.005765707392430
0.009756450053491
0.012066720637539
0.012097020724734
0.009973342317464
0.006329067132409
0.001768703342296
-0.003324942235746
-0.008486834304376
-0.012955339161939
-0.015642208385578
-0.015296001348138
-0.011256171728892
-0.004267314688695
0.003587567088347
0.009759756840325
0.012401131710255
0.011126490313372
0.006962962402670
0.001783900791105
-0.002695993981191
-0.005723150061265
-0.007173973692803
-0.006850002179439
-0.004479101409626
-0.000329299034098
0.004334684126282
0.007844066466311
0.009285874915137
0.008830510012830
0.007165216699096
0.004688907654923
0.001158307752774
-0.003525925451565
-0.008428461271891
-0.011981481828025
-0.013025771666475
-0.011479264194536
-0.008271525211549
-0.004542011559196
-0.000920290905754
0.002521060975884
0.005844921136740
0.008704736491971
0.010248597757039
0.009640557164049
0.006642045356703
0.001934362806417
-0.003020861188760
-0.006592018402757
-0.007545724624645
-0.005565299736116
-0.001650445959443
0.002356260759270
0.004927206585750
0.005598770457610
0.004720119372186
0.002691535946519
-0.000234480403783
-0.003569835332364
-0.006448828949333
-0.007900569934030
-0.007393691894254
-0.005308688245133
-0.002655678949514
-0.000330942340768
0.001217798721508
0.001969927748081
0.002144750668928
0.001899789768844
0.001396259571655
0.001116849402768
0.001819686513829
0.004003242294716
0.007121651249563
0.009437904598145
0.009033851180753
0.005025355361841
-0.001864108551133
-0.009610996641983
-0.015853576702874
-0.018680430390231
-0.017109109262149
-0.011383118645245
-0.002725385057434
0.007126161069523
0.016064110360915
0.021711225906835
0.021973576139739
0.016154195118507
0.005763111392357
-0.006020162875860
-0.015732580559269
-0.020869111528281
-0.020518765734412
-0.015038367245574
-0.005610411648254
0.005472105825544
0.014947422436446
0.019846271706864
0.018880438863022
0.012906246120994
0.004131976030783
-0.005032981329247
-0.012514381921699
-0.016822978977319
-0.017260920424560
-0.013896320480526
-0.007590897970715
0.000142983596394
0.007758577495339
0.013984485327058
0.017686761793447
0.017934204663708
0.014295195709811
0.007323229370918
-0.001236632158545
-0.009133826147560
-0.014531947670998
-0.016564075866255
-0.015418915059750
-0.011724147071967
-0.005987735491114
0.001152429458176
0.008398473771818
0.013752943442682
0.015405991660396
0.012894631251877
0.007337647327863
0.000786670788434
-0.004755174849436
-0.008047458172378
-0.008584434420499
-0.006534682871279
-0.002888345165468
0.000987129903013
0.004074911590493
0.005839574745743
0.005894652154488
0.003907451631089
0.000066096634422
-0.004305945765273
-0.006975380029934
-0.006164842482306
-0.001911040793426
0.003765783405376
0.008163955238063
0.009735285241339
0.008658512482117
0.005925083931036
0.002305476559700
-0.001900831826444
-0.006323565851377
-0.010041631501973
-0.011830426055253
-0.010817753509299
-0.007056245727257
-0.001544154761977
0.004293290235160
0.008964409143102
0.011168314934165
0.010439642928101
0.007522345808733
0.003765333579128
0.000094397058009
-0.003381364038604
-0.006573419869049
-0.008443620367803
-0.007535772882126
-0.003540770120859
0.002026358802393
0.006753515065776
0.009029580784678
0.008819801271432
0.006850198171003
0.003584950183295
-0.000876339172974
-0.006180790546952
-0.011105934955817
-0.013753075210543
-0.012568815561487
-0.007399534603967
0.000217654673282
0.007717066505318
0.012603401006552
0.013558105317010
0.011064322933298
0.006852281993466
0.002671446650369
-0.000476646976742
-0.002532524323688
-0.004004899890763
-0.005122479012682
-0.005504523226752
-0.004658384251969
-0.002585202643944
-0.000043674818373
0.001849798688318
0.002527062375284
0.002305374010268
0.001752572737483
0.001038714711287
0.000057880625545
-0.001037480552764
-0.001727391494401
-0.001573488725540
-0.000662345622998
0.000333027425186
0.000646697860079
0.000087525201328
-0.000965393661965
-0.001942733939893
-0.002186974745751
-0.001233579262831
0.000640366132618
0.002385389930501
0.002956590737915
0.002295111178121
0.001473132508057
0.001607391667754
0.002674900961331
0.003533048760363
0.003000306968246
0.000962615397157
-0.001625352298633
-0.003825502848793
-0.005361789908730
-0.006273765481023
-0.006400027107604
-0.005376352426002
-0.003200520727357
-0.000445440686839
0.002263167783566
0.004607659353351
0.006392074529579
0.007130943421184
0.005985782465659
0.002596397813517
-0.001991887229901
-0.005707382073097
-0.006894498081867
-0.005367165323985
-0.002133179235414
0.001756727773761
0.005717642561771
0.009115838152658
0.010900724129833
0.010021691611068
0.006339523444808
0.001069641311921
-0.004043793709097
-0.007871513319781
-0.010234883267797
-0.011596705377258
-0.012273704787781
-0.011756381407539
-0.009092298834261
-0.003963315400054
0.002561395393420
0.008298815714708
0.011301791087238
0.011125005344607
0.008883118407012
0.006159329390669
0.003743952275370
0.001393102287257
-0.001326173033363
-0.004171856586056
-0.006132807836651
-0.006147565089530
-0.004029073257227
-0.000690180573849
0.002453359494523
0.004287903134346
0.004540861479335
0.003625898347958
0.001937702551250
-0.000459257584123
-0.003453562952330
-0.006462704921322
-0.008548830946356
-0.008998742536361
-0.007705166370736
-0.005078020448587
-0.001816356891420
0.001401849806700
0.004195432086507
0.006341883238968
0.007544499246986
0.007555215788786
0.006445613418897
0.004714437247676
0.003021447073553
0.001702727098354
0.000646005632648
-0.000278228740916
-0.000802164335647
-0.000508375941740
0.000511988099402
0.001424410974484
0.001109113021667
-0.001095425265728
-0.004787105006235
-0.008532332524050
-0.010735367622100
-0.010455493439648
-0.007649252483694
-0.003140170828483
0.001744416747008
0.005680555546623
0.007805746406790
0.008073007890257
0.007011061325844
0.005168827603120
0.002937139882981
0.000660311499854
-0.001293261510103
-0.002609111514293
-0.003061933704511
-0.002500142493448
-0.001036793499982
0.000788461671423
0.002162215988277
0.002311237239457
0.000928009769394
-0.001485967625646
-0.003841017091280
-0.005077463996273
-0.004667277483550
-0.002797425801477
-0.000038530758164
0.003100033470334
0.006051387590010
0.007906041905229
0.007632711938247
0.004745640742577
-0.000112244100999
-0.005318934310108
-0.009149686166784
-0.010598063581829
-0.009567994135184
-0.006526170227795
-0.002151799485212
0.002728274603474
0.007137098071159
0.010052837262154
0.010753611229832
0.009278879031903
0.006507878841665
0.003694106800440
0.001695584688217
0.000428406805858
-0.000832192386250
-0.002559227501829
-0.004479167351388
-0.005791912825340
-0.005718925028673
-0.004066668334093
-0.001493508858603
0.000761393373690
0.001587908032279
0.000726228973729
-0.001120128956568
-0.002923115152680
-0.004000596170165
-0.004077076042807
-0.002976803206573
-0.000511942845691
0.003206205070267
0.007368672820411
0.010665694220058
0.012000079338477
0.010892027220467
0.007423628907289
0.002142328781856
-0.003973231012436
-0.009631101316558
-0.013611034708149
-0.015172754427615
-0.013994618736636
-0.010047487473573
-0.003890982838596
0.003191453221132
0.009517653639451
0.013444125645010
0.013960082908040
0.011289540896268
0.006782622772911
0.002021766562787
-0.002008263053974
-0.005077283662500
-0.007230958186370
-0.008169119619883
-0.007288136425683
-0.004503636180267
-0.000848812190724
0.001995029136857
0.002853889659771
0.001773567270109
-0.000263552212150
-0.002071408144410
-0.002748779984169
-0.001925319520877
0.000119985386125
0.002649464957059
0.004860092042670
0.006171380361165
0.006344954000207
0.005447379328253
0.003646415522401
0.001000419121084
-0.002435892301623
-0.006195294738912
-0.009266992408965
-0.010529952116535
-0.009228351046614
-0.005291372892848
0.000360686482537
0.005966626627996
0.009662894228439
0.010290544478515
0.007988478252025
0.004174381066995
0.000600644646753
-0.001753260993632
-0.002973637724133
-0.003674194189081
-0.004221065947774
-0.004375370629897
-0.003639312994451
-0.001903197172489
0.000291181004891
0.002191483642801
0.003436483500653
0.003989560753413
0.003678912716401
0.002246925361020
-0.000120745428159
-0.002586194334252
-0.004126864792485
-0.004159652487497
-0.002734618230136
-0.000383300202081
0.002164487700647
0.004308312711883
0.005651160202679
0.005841680599153
0.004590741488701
0.001908669260457
-0.001704014087943
-0.005361979641209
-0.008060625639991
-0.008772402823710
-0.006738766021231
-0.002146875487522
0.003557110648725
0.008137984999320
0.009650305944626
0.007628957629714
0.003401865944053
-0.000940933640599
-0.003917916255954
-0.005087642002954
-0.004661745437468
-0.003145398114366
-0.001203115177068
0.000492275988322
0.001513842729670
0.001824034085661
0.001589567229286
0.000916379020587
-0.000093825600526
-0.001120755230645
-0.001693018443471
-0.001630742910702
-0.001328070529625
-0.001338146200484
-0.001773125555637
-0.002219420728767
-0.002007331149263
-0.000651571808021
0.001650352934942
0.003952931719262
0.005207036772446
0.005032116999098
0.003713069435995
0.001563724223540
-0.001298942377036
-0.004407370217808
-0.006563178636629
-0.006548931652882
-0.004217534869464
-0.000673858991929
0.002497904546562
0.004193009979451
0.004201121041756
0.002899349792771
0.000786043356289
-0.001628805468591
-0.003724383516244
-0.004823777776000
-0.004477904278335
-0.002744942721394
-0.000174395437243
0.002402433390349
0.004103562723921
0.004330217250443
0.003078783130630
0.001027469500905
-0.000690816810304
-0.001113055644039
-0.000097699327485
0.001649660351588
0.003134675581023
0.003657472189014
0.003000436787481
0.001192349663623
-0.001575630661237
-0.004579944494578
-0.006492438871998
-0.006211916214096
-0.003858793306556
-0.000823558068280
0.001290623746120
0.001930393220691
0.001764863458510
0.001691995738402
0.001964442467463
0.002234317867241
0.002176707053934
0.001867003877799
0.001537834251072
0.001203271310109
0.000654671399522
-0.000269262761708
-0.001441855032521
-0.002496080215963
-0.003100730284665
-0.003101191387381
-0.002488492004658
-0.001303347987181
0.000360893625966
0.002086854316805
0.003090066846583
0.002731519505230
0.001034250469479
-0.001259461810240
-0.003126507645610
-0.003892674125227
-0.003429468355252
-0.001845563163139
0.000643457618219
0.003511188234822
0.005842450092736
0.006607378160502
0.005311136094111
0.002467689911071
-0.000696130570214
-0.002888025346737
-0.003308601522584
-0.002020615073589
0.000122725424535
0.001914794132874
0.002276685792063
0.000729056486590
-0.002221684239917
-0.005228052622115
-0.006873278446097
-0.006380063198427
-0.003815040819895
0.000055166294071
0.004100270685528
0.007171040767788
0.008377119876389
0.007375171110655
0.004514347160169
0.000672283326913
-0.003121013474230
-0.005993788356250
-0.007341631588955
-0.006829596777270
-0.004450972719026
-0.000838760086242
0.002566553657604
0.004146524910211
0.003204972812429
0.000598443399820
-0.001815391191883
-0.002539148623506
-0.001283217788578
0.001123966799243
0.003370494867686
0.004461613222436
0.004044273832932
0.002266598689087
-0.000237208991785
-0.002457819793203
-0.003538067554555
-0.003231939004175
-0.001934668795850
-0.000426607706640
0.000557177062744
0.000659037928154
-0.000159420111903
-0.001706878517208
-0.003408562722061
-0.004370425526857
-0.003821882524677
-0.001516128240917
0.002043804559050
0.005636552578793
0.007891776677696
0.008053373567227
0.006240328953299
0.003145802224673
-0.000345749985758
-0.003361204252562
-0.005229953958898
-0.005680826290787
-0.004933622345068
-0.003635918857131
-0.002501311469936
-0.001887746428195
-0.001732423987195
-0.001744059915721
-0.001602351633339
-0.001084362367917
-0.000045024149508
0.001561300041977
0.003423076576875
0.004846374261094
0.005249802905140
0.004612829630773
0.003376350414781
0.001992588592245
0.000670575045761
-0.000552429548667
-0.001691057339295
-0.002751620711864
-0.003645335057112
-0.004117734397920
-0.003899527836321
-0.002942310649440
-0.001475441672552
0.000011027000886
0.000933642429671
0.001045987375062
0.000624114456872
0.000132645654548
-0.000116941972108
-0.000079086391380
0.000058912338233
0.000206838038019
0.000577451186546
0.001239061807102
0.001769321686091
0.001739128806936
0.001280253896408
0.000891037811771
0.000800654042954
0.000686625799531
0.000024910920606
-0.001311323449375
-0.002778478930919
-0.003501448890629
-0.002954412374803
-0.001348223086172
0.000561599904171
0.001959664399091
0.002332842740908
0.001595627003303
0.000134884384361
-0.001313443424725
-0.002101289150573
-0.002035337998026
-0.001349969019189
-0.000505915760659
0.000078758420785
0.000267501605620
0.000123347597257
-0.000249902679784
-0.000692239558082
-0.000996621822326
-0.000951066796803
-0.000488678684564
0.000091564341692
0.000252894099769
-0.000310742800621
-0.001265786765951
-0.001781604326995
-0.001390518306222
-0.000515743214341
0.000139370998799
0.000383270766529
0.000559831885186
0.000952209535758
0.001247963426170
0.000825110998917
-0.000427314664108
-0.001891478054785
-0.002863460490142
-0.003190931498578
-0.003158363098640
-0.002916878920863
-0.002248837557803
-0.000861685556049
0.001118608842015
0.002908294533311
0.003532588665169
0.002645410688986
0.000752338577208
-0.001171786001320
-0.002210248865757
-0.002057015886991
-0.001121720765341
0.000006945500485
0.000993541855727
0.001604599724757
0.001540929014043
0.000704380025465
-0.000612123739029
-0.001899061647037
-0.002732272534726
-0.002967870602588
-0.002607253122642
-0.001681977860670
-0.000436357533191
0.000615150303440
0.000970394073924
0.000554954577235
-0.000203434905036
-0.000773814497866
-0.000857988350180
-0.000457793033273
0.000198850453024
0.000833354696132
0.001231353733031
0.001265205352392
0.000936101826623
0.000425741593380
-0.000016231905240
-0.000420271431624
-0.001119040067833
-0.002129848645790
-0.002836411090633
-0.002534914968111
-0.001127070857022
0.000662147593011
0.001789404622876
0.001774137424235
0.000932110954675
-0.000087468826037
-0.000768482537040
-0.001005273840864
-0.000989744990953
-0.000828947007276
-0.000499311256885
-0.000059276750134
0.000285125923528
0.000264969115622
-0.000197579963571
-0.000791887025241
-0.001074634864722
-0.000856141672410
-0.000259694801074
0.000421486161350
0.000913494852431
0.001064580762845
0.000795049130694
0.000236367237358
-0.000132586374670
0.000051669290809
0.000564029826134
0.000858486666813
0.000606309373916
-0.000052760147240
-0.000641185198561
-0.000802646249648
-0.000638771125813
-0.000520873336786
-0.000648782638028
-0.000896786351404
-0.001085521716239
-0.001245213323929
-0.001488493784936
-0.001706114631122
-0.001580067837908
-0.000985041866108
-0.000174524040909
0.000500333180794
0.000881302024068
0.001117731092011
0.001519803284836
0.002143506784668
0.002677129041602
0.002730725004770
0.002116952892947
0.001040868233221
-0.000027930940707
-0.000768425080343
-0.001154286212602
-0.001257072988024
-0.001072309710401
-0.000600454511846
0.000019986003038
0.000627503887564
0.001119430002893
0.001325706399197
0.001048832936228
0.000225159873803
-0.000998131118010
-0.002165163966252
-0.002681177075412
-0.002276128309576
-0.001150058266343
0.000279074345451
0.001620606091274
0.002550200570356
0.002814378372094
0.002388585659385
0.001541928751271
0.000623538291083
-0.000173681697748
-0.000814259358819
-0.001248740959911
-0.001294189554913
-0.000718862279527
0.000448671571203
0.001697429371730
0.002315796706919
0.001970346835638
0.000959229528984
-0.000054756111709
-0.000525250553768
-0.000366363454451
0.000076127891188
0.000412198219494
0.000486470556015
0.000266420357293
-0.000273465554428
-0.001029210140407
-0.001667185544525
-0.001765424407420
-0.001153264145862
-0.000113054818061
0.000852237246611
0.001420094177267
0.001584880024760
0.001491129300189
0.001235164879004
0.000874456879843
0.000529858211914
0.000312981185398
0.000149742946783
-0.000174601609898
-0.000729234981531
-0.001235235668813
-0.001214693041591
-0.000444069535020
0.000792088115904
0.001931931007950
0.002493480012924
0.002276361710204
0.001400383894821
0.000262164998848
-0.000608092639311
-0.000888175686237
-0.000661666491032
-0.000222747587545
0.000139862629485
0.000220067373695
-0.000035093918241
-0.000525646917456
-0.001052526285937
-0.001366611704635
-0.001318714891842
-0.000990218777910
-0.000575008668460
-0.000230147088494
-0.000108658170850
-0.000285726967822
-0.000516252612579
-0.000298624153086
0.000635081379467
0.001993001786281
0.003167755384120
0.003694187611535
0.003488508245155
0.002789165699047
0.001848502399844
0.000699954110946
-0.000657903724135
-0.001967895344275
-0.002821119467282
-0.002998727159536
-0.002564985737213
-0.001712159402264
-0.000667110554537
0.000310103324777
0.001004416094466
0.001337799193920
0.001324967928628
0.000996207466343
0.000419490087061
-0.000229357653742
-0.000652486864691
-0.000568072679496
0.000051409049364
0.000875676627195
0.001434311396756
0.001475216917487
0.001037711418933
0.000365700822093
-0.000126513008749
-0.000141371763761
0.000205383220558
0.000523555001085
0.000491426930168
0.000162774785508
-0.000021886274671
0.000272553558265
0.000809706460725
0.000973277942662
0.000413531332146
-0.000589162542244
-0.001387312965998
-0.001482213078819
-0.000816990937888
0.000259417450532
0.001229920974059
0.001649326792870
0.001295013201373
0.000288516972804
-0.000905121290870
-0.001718793584614
-0.001774056226632
-0.001068418977459
-0.000018551955950
0.000850584839748
0.001314533404765
0.001353740101035
0.000949557607945
0.000266880477172
-0.000353240455825
-0.000670596915905
-0.000658868060306
-0.000569895235835
-0.000787448665041
-0.001377013733072
-0.001931497873145
-0.002001354152440
-0.001564373294383
-0.000902221675315
-0.000202244950772
0.000534249155862
0.001403037823276
0.002408647407429
0.003202500905039
0.003219520584633
0.002271922361833
0.000804031648668
-0.000543293550065
-0.001378847588589
-0.001612582151200
-0.001360569930804
-0.000865911645347
-0.000432200427052
-0.000285370181153
-0.000381246017052
-0.000416079027826
-0.000109789845720
0.000521090398433
0.001152260131319
0.001424741864771
0.001273690816131
0.000922935474586
0.000546335572721
0.000122875100473
-0.000298136690368
-0.000419295520200
-0.000014485464533
0.000704059475653
0.001283151906307
0.001451683323019
0.001203741467900
0.000730287835395
0.000305289834562
0.000016468288677
-0.000280774122574
-0.000664780631364
-0.000972900367774
-0.001007717734835
-0.000861362256675
-0.000866929099571
-0.001139122736389
-0.001281542156271
-0.000713252371195
0.000645240999360
0.002137380195021
0.002982921088009
0.002993050468448
0.002484139103445
0.001712599908869
0.000718958116260
-0.000392145432861
-0.001316808672608
-0.001768776534354
-0.001716470104236
-0.001338474156477
-0.000860489565524
-0.000452930750309
-0.000118441241911
0.000286788810906
0.000800696058235
0.001226831286960
0.001296409300522
0.000881877357471
0.000102083580795
-0.000753365981550
-0.001410607456326
-0.001673078018785
-0.001404533384581
-0.000599032729745
0.000508656097497
0.001451515491495
0.001898776271532
0.002028264204481
0.002222509464346
0.002563430310168
0.002810026095172
0.002621919147831
0.001821087586985
0.000523812363760
-0.000983605802110
-0.002299156836027
-0.002948986628017
-0.002698373973532
-0.001791061294267
-0.000775778271335
-0.000052749612118
0.000383378739512
0.000672351328555
0.000771445819586
0.000578951772770
0.000184021367687
-0.000103584129340
-0.000006532046938
0.000346772668116
0.000469767435020
0.000024309280808
-0.000856342210354
-0.001590279558945
-0.001494973057177
-0.000442425877361
0.000929396543179
0.001804174104895
0.001838360870675
0.001311551575993
0.000776967441888
0.000499007720114
0.000290650182890
-0.000036033073455
-0.000306321328995
-0.000229799239042
0.000134485965071
0.000368832382069
0.000195599364235
-0.000213769054314
-0.000473447156730
-0.000372274678186
0.000012130669965
0.000508146615843
0.000945484129410
0.001052115066285
0.000542523190357
-0.000537576043681
-0.001595148643434
-0.001849853437210
-0.001001346082492
0.000569401272431
0.002104392079185
0.002922196008650
0.002810070651194
0.002035147066623
0.000991666028706
-0.000021215907023
-0.000761339711956
-0.001131534836836
-0.001286138721514
-0.001351045090335
-0.001234753254053
-0.000894558933202
-0.000454155110195
-0.000080562773726
0.000004113823629
-0.000348034794831
-0.000915720736552
-0.001255489399337
-0.001167433693140
-0.000791656227906
-0.000352545252312
0.000077957610943
0.000582800317279
0.001131147211594
0.001418573656233
0.001077228525388
0.000083119503771
-0.001059515862623
-0.001724220236052
-0.001676101527263
-0.001044986252384
-0.000041812918065
0.001169191319610
0.002374849873122
0.003125296047860
0.002905762467362
0.001637586753309
-0.000149791808665
-0.001665306666756
-0.002395592509145
-0.002371188626389
-0.001906311381880
-0.001240099467938
-0.000480459273171
0.000261990591813
0.000742069943524
0.000718885867993
0.000314911826200
0.000001306758203
0.000154601102602
0.000755115959803
0.001456288009829
0.001910559019025
0.001986546937978
0.001617732653101
0.000735686970911
-0.000504190734455
-0.001654346963504
-0.002204735230394
-0.001981680784346
-0.001353047156144
-0.000841404438161
-0.000588466280119
-0.000311934766856
0.000321529054892
0.001278957418272
0.002108046606731
0.002406158797153
0.002177604801128
0.001609241098940
0.000784220126011
-0.000228625514660
-0.001154359251621
-0.001572910029110
-0.001244081198455
-0.000294138432735
0.000797949654557
0.001387684410520
0.001130946591048
0.000227984837032
-0.000891414646580
-0.001822173031658
-0.002168788236976
-0.001737093537878
-0.000798547983165
0.000061785534426
0.000390687771435
0.000142345180334
-0.000391997734446
-0.000837341881937
-0.000994613862196
-0.000951404426358
-0.000855815015446
-0.000658832921112
-0.000267170728097
0.000231207548329
0.000578905500815
0.000494038804198
0.000026620169730
-0.000336445426050
-0.000238090049977
0.000129180242374
0.000330318398799
0.000242134825843
0.000156367034325
0.000282062615328
0.000382371663265
0.000042121274075
-0.000829307557631
-0.001791223072852
-0.002120956513487
-0.001301781332239
0.000524834147963
0.002504263553731
0.003596245492046
0.003182927858316
0.001328341666556
-0.001250185678639
-0.003489764943296
-0.004512640367695
-0.004079483905397
-0.002684745593224
-0.001175382721981
-0.000074403721946
0.000722597510043
0.001473666358893
0.002074218040821
0.002201560066503
0.001731092997169
0.000901884415878
0.000095871595452
-0.000515835959116
-0.000997748436404
-0.001402219339612
-0.001617249189910
-0.001453456057013
-0.000867237104284
-0.000128533952189
0.000289020422970
0.000119096320658
-0.000455834710643
-0.000949192678001
-0.000925759349668
-0.000383323302792
0.000286263931647
0.000723074141579
0.000844157824087
0.000743239184959
0.000470784860444
0.000065173080299
-0.000298610974113
-0.000480334947007
-0.000536106392184
-0.000549673389684
-0.000438358110311
0.000028634649703
0.000904861956184
0.001717004625210
0.001711213335180
0.000539606559648
-0.001431958540701
-0.003372843286093
-0.004445348063060
-0.004240988777796
-0.002883670498061
-0.000815651363528
0.001324508123568
0.002804841341840
0.003097167506583
0.002192980213457
0.000664203306435
-0.000706929266802
-0.001455382985401
-0.001604671053604
-0.001412078791674
-0.001036004456705
-0.000508426963990
0.000020714299682
0.000272010493508
0.000164721213038
-0.000108427341855
-0.000355620366877
-0.000509927062994
-0.000588666881625
-0.000591639204658
-0.000388847880649
0.000121046745874
0.000735432310084
0.001017787375770
0.000741580229971
0.000140152697884
-0.000457693314085
-0.001031026151175
-0.001725669619279
-0.002495887783728
-0.002963092634433
-0.002659170567396
-0.001488206660659
0.000148659185331
0.001647943719947
0.002537079666913
0.002657059852708
0.002082760825623
0.000963452925029
-0.000416985665737
-0.001571276223336
-0.002008302846859
-0.001559246681752
-0.000476368729699
0.000786825868675
0.001750146557076
0.001969053543992
0.001272756781036
-0.000091279747391
-0.001632572951950
-0.002762254351598
-0.002953670530174
-0.002125071459340
-0.000836859625675
0.000079962902580
0.000152408606997
-0.000482543955960
-0.001337382767195
-0.001948275270270
-0.002048576680788
-0.001493510954217
-0.000194016261637
0.001628720067915
0.003238972509703
0.003787864424867
0.002969936275733
0.001247417488797
-0.000509768749300
-0.001585826994877
-0.001696930956809
-0.000923783773903
0.000406343444461
0.001735364066378
0.002420413353167
0.002062105518581
0.000696252766029
-0.001202006106309
-0.002852573265901
-0.003525671971049
-0.003008343426559
-0.001731102458294
-0.000313806452942
0.000838019250861
0.001482380936708
0.001494197168654
0.000932680725732
0.000065187225095
-0.000637289815258
-0.000767718628173
-0.000374525660693
0.000152165650401
0.000550014493193
0.000807725517051
0.000923412150788
0.000779355359912
0.000319118266923
-0.000244616129657
-0.000494851010989
-0.000140880630937
0.000642438640577
0.001291945143431
0.001351567775053
0.000746026910619
-0.000316757105836
-0.001440837532486
-0.002192610937232
-0.002320978104709
-0.001808749829085
-0.000821791625341
0.000373327979543
0.001502128067295
0.002315589825740
0.002637110845893
0.002390199554408
0.001608920520959
0.000499555751382
-0.000580179546016
-0.001260417755659
-0.001343831885705
-0.000914892132387
-0.000233422276745
0.000463869840867
0.001067466993589
0.001510714156282
0.001638138125128
0.001327415504350
0.000687110937809
0.000039265771325
-0.000290268064783
-0.000284609619962
-0.000310989205870
-0.000755955237170
-0.001620387407518
-0.002457817362078
-0.002639028010807
-0.001824037447509
-0.000267301774650
0.001484610055333
0.003013269162251
0.003972262669450
0.004006310097298
0.003003515287151
0.001329593734932
-0.000316096798792
-0.001304825533303
-0.001350857360030
-0.000595849971476
0.000442226406943
0.001120929685992
0.000973298041903
-0.000087388219041
-0.001620598474913
-0.002740637022980
-0.002654247406902
-0.001257360150787
0.000805126181328
0.002585638398313
0.003403677504722
0.003150896922656
0.002167904204895
0.000890131063667
-0.000428123084590
-0.001604534326044
-0.002273959503228
-0.002075597713997
-0.001045825324318
0.000323918088706
0.001420947915672
0.001947131105592
0.001905144423788
0.001314687199544
0.000300049831177
-0.000775847257668
-0.001459541598025
-0.001406663473604
-0.000627916506595
0.000408179660448
0.001101402713729
0.001208473582693
0.000960480664543
0.000683293455540
0.000497574493600
0.000464313321400
0.000732420213794
0.001369056363987
0.002083981491535
0.002269744116033
0.001533119191894
0.000101337817751
-0.001413542032266
-0.002428639465885
-0.002584068300667
-0.001842276613126
-0.000436196729252
0.001310306422585
0.002940327389760
0.003765487266366
0.003245564392508
0.001553659358015
-0.000438844027437
-0.001754571383374
-0.001877841866297
-0.000921146416579
0.000566559497887
0.001921286173984
0.002636101916859
0.002492460489940
0.001565731821133
0.000210775928649
-0.001052172701107
-0.001838269535712
-0.002060896618675
-0.001834672051189
-0.001334393266990
-0.000639538085910
0.000224221824186
0.001023512749827
0.001341265582944
0.000961102704145
0.000125358283318
-0.000646142665795
-0.000961911942987
-0.000777922174504
-0.000261163911434
0.000473540539401
0.001336535319703
0.002100362426490
0.002538174785598
0.002632006833691
0.002522702026967
0.002356927399441
0.002118930880369
0.001553204471111
0.000446895071515
-0.001010527168198
-0.002278864407207
-0.002851709575371
-0.002642041846426
-0.001995256601052
-0.001262673661665
-0.000469267638846
0.000531790351999
0.001636652182356
0.002384830537415
0.002372803824172
0.001559071291372
0.000118896612271
-0.001673557963161
-0.003307092445874
-0.004035312437361
-0.003297901810418
-0.001190058422305
0.001526271792485
0.003847279424978
0.005034089722187
0.004905334078257
0.003777401329356
0.002124825761445
0.000280230963323
-0.001540845301478
-0.003042196863787
-0.003845991596765
-0.003721360537286
-0.002825975405129
-0.001663655537379
-0.000623089232998
0.000328343499199
0.001366258710183
0.002424379851022
0.003152262176593
0.003198097300904
0.002508845819777
0.001321350226301
-0.000053139517073
-0.001340163535310
-0.002263074548255
-0.002571880875344
-0.002158486012647
-0.001048158929457
0.000579849903030
0.002246725372460
0.003304402052884
0.003306335468889
0.002170172807371
0.000187340867159
-0.001952819832287
-0.003360599515902
-0.003454349497227
-0.002324807119190
-0.000516271603755
0.001455646950994
0.003173117353831
0.004127627593258
0.003904082429543
0.002546948627403
0.000592545485420
-0.001224744290459
-0.002348501597873
-0.002625736529275
-0.002279438000654
-0.001650441312336
-0.000929204779644
-0.000187567671533
0.000483900607233
0.001023470887586
0.001448020711288
0.001781851254660
0.001970091793215
0.001872460522992
0.001388357844383
0.000595446114322
-0.000278250353819
-0.001053868135241
-0.001731938295626
-0.002315109862302
-0.002571816010628
-0.002162610064962
-0.000997467778764
0.000623841163544
0.002152880879540
0.003001096725841
0.002794421446607
0.001601824468859
-0.000120976519052
-0.001836085224630
-0.003097338628462
-0.003500635885803
-0.002794793906737
-0.001211659510368
0.000485204948148
0.001491868605990
0.001582266377207
0.001163599503202
0.000741658605948
0.000537107166920
0.000566497224939
0.000806966345258
0.001224422379082
0.001662891328308
0.001727306906668
0.001017734461918
-0.000432499395528
-0.002085092450607
-0.003230090437261
-0.003397803591018
-0.002546346962880
-0.000910812198993
0.001069579731817
0.002585684370651
0.002721108457534
0.001194327733602
-0.001354851846712
-0.003827968405544
-0.005253655571517
-0.005091699636610
-0.003371575343435
-0.000647857323631
0.002356915378243
0.005027908484378
0.006729857864994
0.006803889490850
0.005070185814585
0.002172659079138
-0.000836937114580
-0.003137190030702
-0.004331868750600
-0.004403245154587
-0.003630713260213
-0.002383078992201
-0.000961173430516
0.000404217893531
0.001502894510269
0.002163241583044
0.002380812601229
0.002281502150564
0.001863913929097
0.000983498852377
-0.000321956872739
-0.001712533468991
-0.002872152627210
-0.003729908397137
-0.004246103833814
-0.004178620283987
-0.003181194628334
-0.001176561804186
0.001362395100047
0.003601630510381
0.004804883827723
0.004625760757433
0.003144593566053
0.000763291745597
-0.001864889024687
-0.003873760148748
-0.004461067287159
-0.003370789846328
-0.001123243671541
0.001234312274718
0.002648092916632
0.002569554490583
0.001187745932203
-0.000799065075849
-0.002639827602181
-0.003757419319449
-0.003733557425419
-0.002426183483968
-0.000183184210130
0.002192487898339
0.003776995161123
0.003962205879373
0.002686307873655
0.000386506076204
-0.002090289690798
-0.003703777784264
-0.003716712044296
-0.002098459185451
0.000462456796561
0.002837356970847
0.003978547682845
0.003470514661498
0.001700280067992
-0.000475957892209
-0.002308896303456
-0.003421319402799
-0.003615666000064
-0.002851990307460
-0.001499453231134
-0.000178468105569
0.000694477110124
0.001070917674071
0.001198470129976
0.001367222550719
0.001594594700732
0.001640683938629
0.001297683048625
0.000635701754237
-0.000081209848872
-0.000735148837392
-0.001378372782246
-0.001937595156158
-0.002173180876012
-0.001946564322161
-0.001416820842712
-0.000953461955109
-0.000861536033087
-0.001201459735220
-0.001776050998098
-0.002204524690064
-0.002190812599843
-0.001777615329303
-0.001197800229310
-0.000607305287206
-0.000073924449463
0.000336281818244
0.000644570792203
0.001081219478243
0.001820271356061
0.002614493372519
0.002937828256217
0.002426949970868
0.001244557738211
0.000065302912194
-0.000532470612144
-0.000579807524205
-0.000500539603792
-0.000588167566955
-0.000810458849696
-0.001125151217297
-0.001736457460358
-0.002724778755544
-0.003643405982544
-0.003823987928784
-0.003018978622916
-0.001599694159306
-0.000192904827065
0.000746656099498
0.001084421453998
0.000995301623468
0.000833137622742
0.000829314460747
0.000967380162034
0.001122655368816
0.001169139333330
0.001085059767660
0.001007562950690
0.001089022478247
0.001345690223411
0.001622009421068
0.001628170433607
0.001057679611656
-0.000150246070437
-0.001550997604265
-0.002434708946072
-0.002490779382326
-0.002052139960773
-0.001674922687603
-0.001690666967562
-0.002079160814070
-0.002508735548917
-0.002609204749479
-0.002262913370823
-0.001470896797084
-0.000230925567119
0.001266218896569
0.002580962802759
0.003285120264303
0.003260572216815
0.002669425908800
0.001768943145008
0.000878605892795
0.000228500151223
-0.000190834194859
-0.000444153359219
-0.000548547868640
-0.000637859097379
-0.000932775038990
-0.001565314768414
-0.002521256456572
-0.003538695197356
-0.004136437918574
-0.003910147280045
-0.002737495315317
-0.000823024981476
0.001299390343697
0.002865056260102
0.003197788897888
0.002230366493002
0.000739012038059
-0.000177344699372
0.000016393823576
0.000964762859165
0.001963784255420
0.002546018099723
0.002465195439956
0.001655021491494
0.000396582984872
-0.000837125143432
-0.001705910532431
-0.002086249641679
-0.002022034424995
-0.001659509453100
-0.001122599101712
-0.000438239698704
0.000331278429746
0.000923872941827
0.001011299731387
0.000583923215844
0.000060772286834
-0.000081145530777
0.000331761201151
0.001072503434627
0.001673137887609
0.001833664834227
0.001571888232321
0.000964286574443
0.000043385923058
-0.001042050113096
-0.001893111888757
-0.001998409088958
-0.001193291937307
0.000084620595855
0.001138564444531
0.001554013578166
0.001394005949504
0.000971464602160
0.000541551869057
0.000222821390638
0.000094053671340
0.000227035883734
0.000582299302622
0.000935624363546
0.000991303442413
0.000638517890219
0.000045249395896
-0.000526674614403
-0.000849258003529
-0.000739197556985
-0.000166176858396
0.000605854724001
0.001045512467655
0.000664422454479
-0.000557124399010
-0.001974186806968
-0.002558089345089
-0.001657373251038
0.000365207288710
0.002365347608407
0.003346432704812
0.003137937820383
0.002222043439397
0.001121006728177
0.000070947623176
-0.000891327965638
-0.001708376350756
-0.002237525432042
-0.002339460014782
-0.001931474474423
-0.001031409263163
0.000181169282181
0.001302976188281
0.001804441545952
0.001458443458584
0.000636339801359
0.000054718656864
0.000229274132986
0.001092483338522
0.002074989044670
0.002500685839809
0.001991589608525
0.000663378461455
-0.001060019204136
-0.002702924168103
-0.003763087293967
-0.003775078218792
-0.002605029188840
-0.000754558847837
0.000802670718315
0.001369241076203
0.001083060600529
0.000644042337748
0.000613665258616
0.001074403425240
0.001852199470099
0.002779281288309
0.003607332754199
0.003869097924660
0.003074738924730
0.001175218043257
-0.001155056450253
-0.002905411556032
-0.003507283693030
-0.003074235727872
-0.002062806179263
-0.000982857550031
-0.000265290479430
-0.000175092123787
-0.000661159994557
-0.001274523952704
-0.001458990272894
-0.000989500152844
-0.000129989109024
0.000637066670914
0.001020813047364
0.001068878719383
0.001042560628160
0.001136551665780
0.001265513383253
0.001166285683602
0.000742392285908
0.000215923333620
-0.000146985227700
-0.000242177140319
-0.000085339652717
0.000169237605270
0.000322907625007
0.000312901895069
0.000102822931433
-0.000454774383182
-0.001371021311189
-0.002217218320464
-0.002351103029578
-0.001521336544505
-0.000087622660798
0.001357317710807
0.002391758407570
0.002815778890339
0.002567404582156
0.001722137693136
0.000541761767892
-0.000555492303941
-0.001222884434786
-0.001363792777440
-0.001084585571746
-0.000650649127692
-0.000322202146016
-0.000120514530572
0.000032018719741
0.000098866305319
-0.000011977172602
-0.000353882416848
-0.000843371247923
-0.001196576472203
-0.001086736688393
-0.000386427906931
0.000787476773163
0.002136497855856
0.003165924263634
0.003345164237421
0.002490392401536
0.000973549767062
-0.000438749964978
-0.001037206466629
-0.000634494665390
0.000302276337528
0.001013997565246
0.001041710987251
0.000455135630866
-0.000369275989345
-0.001018505260218
-0.001242609427299
-0.001012699469082
-0.000417738763314
0.000295025312693
0.000645559420392
0.000198881799305
-0.001012402462045
-0.002381918064749
-0.003099383126665
-0.002716142711913
-0.001381551094435
0.000354561272154
0.001857338730003
0.002620665917454
0.002356172046637
0.001155188573561
-0.000294416060552
-0.001033690631509
-0.000650458836793
0.000462098785258
0.001584210858452
0.002170955144429
0.002105280561848
0.001560106458396
0.000627633681606
-0.000666998768179
-0.002047056556408
-0.002999423641480
-0.003190896341297
-0.002739614402378
-0.002000333504456
-0.001167717169458
-0.000193770981967
0.000947546041839
0.002036132909670
0.002681387213843
0.002648947014501
0.002058553248288
0.001203049461733
0.000357640307599
-0.000230708287795
-0.000385636020266
-0.000104241846731
0.000403811533500
0.000823559328777
0.000899995644797
0.000585579843586
0.000071472395741
-0.000394468330759
-0.000734485888575
-0.001091789865722
-0.001553560173667
-0.001897054051692
-0.001872909787515
-0.001577302498665
-0.001308056808343
-0.001166837115348
-0.000935762618039
-0.000337578581252
0.000647637524872
0.001707627879684
0.002367988347731
0.002302957321632
0.001586079606943
0.000652036363822
0.000054682024933
0.000201511780033
0.001080005252567
0.002157790101031
0.002652028429364
0.001997933761313
0.000223594854305
-0.002008379709402
-0.003791867407922
-0.004530064733277
-0.004200744577673
-0.003161327253950
-0.001796271668492
-0.000376673108848
0.000900214157759
0.001841622560181
0.002255818084136
0.002089314661595
0.001484387820067
0.000629570430295
-0.000287650343104
-0.000992322974986
-0.001178959032863
-0.000695269457843
0.000280207317646
0.001230278486829
0.001609600711171
0.001254266071150
0.000530257280923
-0.000003763911169
-0.000130284292048
-0.000023149069324
0.000092205597859
0.000080848884514
-0.000108276562276
-0.000375114481089
-0.000504502974973
-0.000326985200907
0.000165835959856
0.000691548019964
0.000766577066370
0.000192580291659
-0.000691580511092
-0.001284576986205
-0.001107347841714
-0.000057009263589
0.001547109827677
0.003093046360435
0.003908322510752
0.003587883406037
0.002167820922663
0.000015046874770
-0.002304297635126
-0.004109339290188
-0.004767038865464
-0.003972486235452
-0.002073157542923
0.000008757594405
0.001448356406633
0.002035071083212
0.002042729687088
0.001839687623579
0.001582584411784
0.001159099642578
0.000419335784661
-0.000587683232239
-0.001614867599724
-0.002336544240457
-0.002433326645853
-0.001763478334856
-0.000535752671108
0.000789233531216
0.001746537457650
0.002062969840505
0.001784177263888
0.001208400182588
0.000627478254520
0.000193352220538
0.000022568660167
0.000211851656624
0.000631005974568
0.000926287235821
0.000827150553981
0.000300343631553
-0.000445635578435
-0.001051546007879
-0.001312307492726
-0.001303556170711
-0.001176637332241
-0.000972691490352
-0.000609236127379
-0.000032503072682
0.000594381751612
0.000886920598542
0.000544422956458
-0.000278258969516
-0.001066728767329
-0.001377975432086
-0.001046324219814
-0.000186052446406
0.000869876057765
0.001731035672616
0.002099732807686
0.001875572127401
0.001224617988137
0.000474930604965
-0.000087662313368
-0.000323302591250
-0.000319524840494
-0.000358704354662
-0.000654043590436
-0.001184868979413
-0.001768733807918
-0.002158689026359
-0.002046283355133
-0.001198036254484
0.000154708325680
0.001284603417703
0.001506760210213
0.000626146918262
-0.000990470141572
-0.002606757566554
-0.003484181995279
-0.003179237775216
-0.001623173957954
0.000870968894745
0.003616195977195
0.005760307536881
0.006638875606331
0.005980227068574
0.003954205625637
0.001093275847513
-0.001940596719031
-0.004524169362966
-0.006096521798514
-0.006240890243574
-0.004918611549664
-0.002596098775742
0.000004306905280
0.002248522931478
0.003741301600754
0.004348883469272
0.004073251059728
0.002936428637103
0.001132611187861
-0.000837062123073
-0.002341882621789
-0.002868437419053
-0.002241860175087
-0.000762360913759
0.001039736933440
0.002687027945546
0.003680215113276
0.003517568722960
0.002044844654146
-0.000309568770619
-0.002692520966455
-0.004210392434730
-0.004317219324807
-0.003048630338460
-0.000909126995114
0.001511798972275
0.003739446601542
0.005343591980235
0.005935538624296
0.005225464272895
0.003119242098060
-0.000070880719136
-0.003609863657958
-0.006532158771006
-0.007789119653463
-0.006638374561952
-0.003276244484010
0.001049755391036
0.004675382177620
0.006335133918236
0.005668680163730
0.003185014840833
-0.000153961916848
-0.003338136671504
-0.005528655201639
-0.006089667970466
-0.004735161833593
-0.001868290254016
0.001479450775873
0.004187199074827
0.005514517015040
0.005317104343300
0.003984241210384
0.002072924975885
-0.000021364584269
-0.002014677210452
-0.003559012954938
-0.004302431203279
-0.004088446816973
-0.003052961966994
-0.001488453311614
0.000271751402953
0.001744394867705
0.002405872097322
0.002091716048550
0.001197520336393
0.000496507993016
0.000589107182092
0.001392287101405
0.002241411889473
0.002448477173013
0.001756408442804
0.000378349419249
-0.001302172805880
-0.002949535317015
-0.004166241233339
-0.004446071203961
-0.003524044785075
-0.001719467752938
0.000206648777783
0.001600311875076
0.002307649598140
0.002515679366833
0.002378490494133
0.001827131247317
0.000677296830949
-0.000902645613325
-0.002160655621315
-0.002335909494480
-0.001331987478884
0.000277316053359
0.001725086328811
0.002462375718825
0.002195184181808
0.000896053861561
-0.000991336867587
-0.002662226467034
-0.003495487913885
-0.003406914856492
-0.002676756837610
-0.001615192386989
-0.000448984031432
0.000655994151730
0.001590606619393
0.002222212904188
0.002406320705964
0.002237849838597
0.001988388895136
0.001681840935617
0.001053491539172
-0.000095147162870
-0.001580813936092
-0.002808348495940
-0.003234629552852
-0.002856717987080
-0.002075403797331
-0.001234078990140
-0.000420049559146
0.000386418215327
0.001065995703298
0.001317657404458
0.000954520448717
0.000201913432357
-0.000498794463265
-0.000898367368543
-0.000978852451050
-0.000765873940328
-0.000267931033137
0.000465971314027
0.001278580018246
0.001853291771064
0.001860076643803
0.001294494192253
0.000442250924850
-0.000505512083113
-0.001523837473831
-0.002563948357235
-0.003414274139674
-0.003688923429454
-0.003097562257145
-0.001716304695952
0.000162644613360
0.002240323167565
0.004118110926570
0.005228884588520
0.005027184431379
0.003355948015653
0.000724510144328
-0.001863243047536
-0.003433502795949
-0.003520148415163
-0.002355778871654
-0.000633927218939
0.000909452305017
0.001692127600528
0.001401644495757
0.000118712282199
-0.001713203925520
-0.003378796086861
-0.004163959908377
-0.003812127241119
-0.002614748138312
-0.001076323739215
0.000376723146155
0.001494551193906
0.002195444879980
0.002504438369441
0.002513015440267
0.002338925923426
0.001999343236746
0.001357351922282
0.000297096407219
-0.001009575741122
-0.002020245696027
-0.002181804823216
-0.001442723445832
-0.000295996765275
0.000657506693538
0.001077535655583
0.000811848887204
-0.000224222690175
-0.001795149816641
-0.003190481174161
-0.003597356613701
-0.002667989960683
-0.000817697102637
0.000980361115041
0.001879247460246
0.001708812291350
0.000852016143867
-0.000158215012613
-0.000895189634121
-0.001146552874145
-0.000860938669387
-0.000100868265661
0.000880070257471
0.001662932472433
0.001906089287032
0.001568291146921
0.000829953651851
-0.000148328099879
-0.001209154477305
-0.002037195240494
-0.002234883460218
-0.001557488731681
-0.000178299983668
0.001217797959919
0.001895934541254
0.001707221833578
0.001046985434203
0.000308944597908
-0.000389010910221
-0.001080225925811
-0.001668326221104
-0.001803279016998
-0.001175372566844
0.000067254170365
0.001346088217442
0.002140187571417
0.002324786738194
0.002059316332444
0.001516959508753
0.000753925010873
-0.000170310120420
-0.001030585878322
-0.001536184676306
-0.001569040826963
-0.001221664295123
-0.000603992101015
0.000249104148765
0.001195432915931
0.001872488832946
0.001969880433442
0.001551736221426
0.000949556412390
0.000409319000460
-0.000027614856665
-0.000355736034348
-0.000438111641731
-0.000108508178552
0.000523069430238
0.001034457467899
0.001048162309904
0.000465485948074
-0.000583914309882
-0.001787260395343
-0.002725540645359
-0.003130138359890
-0.003029260244824
-0.002536136539477
-0.001685409635124
-0.000569873038071
0.000583841566988
0.001568153367440
0.002374555549411
0.003085291950221
0.003565896852880
0.003501756316182
0.002771328283672
0.001644842194145
0.000555049309432
-0.000240324348056
-0.000696456183062
-0.000911370225452
-0.001026253950253
-0.001018987672636
-0.000795846458137
-0.000524227882089
-0.000515627594649
-0.000739881871472
-0.000832194593626
-0.000585129213692
-0.000111244155937
0.000357403020752
0.000641675866985
0.000735003796784
0.000776147308794
0.000853793704486
0.000913136566892
0.000838224851117
0.000573597268421
0.000220633990100
-0.000041635488212
-0.000172089073772
-0.000212208321636
-0.000078732067074
0.000289759821063
0.000735023619904
0.001052213408715
0.001103540461417
0.000733135434582
-0.000132198362641
-0.001292011884631
-0.002271046996431
-0.002570887270024
-0.001966776844006
-0.000602255094850
0.000999949035410
0.002098537584029
0.002229090568888
0.001543116510502
0.000592880673770
-0.000099625169083
-0.000295875319095
-0.000075900278456
0.000339659841040
0.000795173305415
0.001157225217928
0.001228621896252
0.000875582360811
0.000213659763362
-0.000423707998649
-0.000797561602942
-0.000951977526302
-0.001012893901090
-0.000968837505651
-0.000738096115504
-0.000379929168696
-0.000119926848028
-0.000078078415330
-0.000091663163617
0.000028858065166
0.000170220912400
0.000011306489265
-0.000601619538898
-0.001398896995468
-0.001786847242365
-0.001306750647533
-0.000012547075465
0.001574967459615
0.002824900331750
0.003380338057135
0.003244500737480
0.002590206787348
0.001614075186105
0.000567357744954
-0.000217236805701
-0.000513281555211
-0.000389128710957
-0.000112810550303
0.000090231519248
0.000160230066244
0.000096105276193
-0.000151508276170
-0.000575332015171
-0.001028879418189
-0.001291792375721
-0.001188692621929
-0.000741180197423
-0.000253561279132
-0.000147259186917
-0.000551900908866
-0.001148495362634
-0.001496075709325
-0.001344460904100
-0.000686221967488
0.000305096638482
0.001284372458744
0.001769755669574
0.001488533423082
0.000641209743901
-0.000314678371816
-0.000937108925687
-0.000972861642862
-0.000537359440716
-0.000037826270125
0.000183530439738
0.000076476273502
-0.000159390314596
-0.000193698227150
0.000197715897965
0.000874326472215
0.001404969256202
0.001318080180374
0.000365596212930
-0.001189080641909
-0.002651091201696
-0.003327417682966
-0.002890600220628
-0.001508005245231
0.000285595623014
0.001797840796512
0.002493462759060
0.002337606284481
0.001695626183281
0.000983453630535
0.000483595532544
0.000204947335468
-0.000093013527184
-0.000571383605801
-0.001151560394815
-0.001653525906079
-0.001829137667669
-0.001470929262346
-0.000673843987423
0.000221717788586
0.000890558667696
0.001160779018990
0.001018859680872
0.000512696895293
-0.000320125642499
-0.001373717784674
-0.002260576773860
-0.002355578751967
-0.001361116600252
0.000237148174625
0.001470831323321
0.001675725292476
0.000988365634680
0.000074820532551
-0.000573701156397
-0.000978850955652
-0.001337687388938
-0.001575647168240
-0.001411855508480
-0.000747011151625
0.000178550443454
0.001002676101938
0.001488332397774
0.001533129692499
0.001128670106830
0.000387562059000
-0.000429928747031
-0.000936425523149
-0.000818171217174
-0.000188355123406
0.000364718239974
0.000307714129976
-0.000323104932152
-0.001026118932025
-0.001346374850007
-0.001184783338235
-0.000629367037355
0.000234111799258
0.001228570389539
0.001984220093540
0.002029311811758
0.001138295290519
-0.000351267404664
-0.001704479952725
-0.002326377520258
-0.002160259939143
-0.001542739414274
-0.000733975558959
0.000209348953389
0.001148823697748
0.001717334323390
0.001581443948779
0.000827814549152
-0.000037374201548
-0.000533910118847
-0.000523245455264
-0.000156324705633
0.000286599123649
0.000627797132251
0.000902946046536
0.001108309958452
0.001069212988609
0.000663913337026
-0.000074670812841
-0.001006039919563
-0.001903815480278
-0.002557475140003
-0.002828494877229
-0.002623520600073
-0.001943662988278
-0.000913459157848
0.000254638448605
0.001306991830916
0.002077593184905
0.002536634672033
0.002622383602244
0.002254513060514
0.001578876523993
0.000907569460358
0.000402345270069
-0.000050470696035
-0.000633136254470
-0.001293369935248
-0.001733085859695
-0.001644472407104
-0.000979220519470
-0.000032069721078
0.000828603033257
0.001383049615636
0.001545220719339
0.001355293366000
0.000917427755248
0.000360870231543
-0.000038148489386
0.000001712631101
0.000353272847158
0.000580011655292
0.000491549208877
0.000281948467909
0.000184615063389
0.000191322742300
0.000127983590816
-0.000083736572416
-0.000378712347278
-0.000637786440569
-0.000726135102028
-0.000622668281223
-0.000446790138636
-0.000243523298946
0.000095323116506
0.000618371747460
0.001125646594908
0.001306858876304
0.001069701842020
0.000660856273850
0.000382147314970
0.000206088885110
-0.000176946002571
-0.000926464931375
-0.001755446636323
-0.002146709399400
-0.001867606514006
-0.001087908571513
-0.000077290137229
0.000931079890673
0.001686590642689
0.001985130278618
0.001793431608549
0.001257486477399
0.000644520894775
0.000267060658170
0.000321554769050
0.000733583230823
0.001204433494413
0.001390121284029
0.001060132059986
0.000230189087805
-0.000856479257453
-0.001854122902628
-0.002322341709528
-0.001870126165066
-0.000489929460662
0.001390663824902
0.003112287359190
0.004024046761507
0.003749088818794
0.002251022516578
-0.000233946956240
-0.003144073813245
-0.005596020399838
-0.006700804357978
-0.006088075002545
-0.004111146142049
-0.001502945699986
0.001053732686641
0.003112982135857
0.004459771420471
0.005009472571111
0.004768288158607
0.003898033379504
0.002652237901780
0.001244268419814
-0.000091124543384
-0.001102822104759
-0.001634813738654
-0.001598253890416
-0.001049592591098
-0.000345097094534
0.000011541234805
-0.000225499100242
-0.000787298817703
-0.001128408202597
-0.000938366259883
-0.000354524923392
0.000255411336043
0.000610462076522
0.000585528311315
0.000093468359637
-0.000895086983396
-0.002159889851320
-0.003150234315169
-0.003225135966501
-0.002090429470856
-0.000102037405992
0.001911005664816
0.003249210260745
0.003703096937499
0.003369658115214
0.002381900390343
0.000914472321319
-0.000660287908900
-0.001862156923754
-0.002406044515224
-0.002247801032359
-0.001423789441400
-0.000047635968524
0.001543996023324
0.002799154776166
0.003242263915692
0.002721039027275
0.001393390061018
-0.000418197550927
-0.002376141443413
-0.004173771013295
-0.005450501709140
-0.005734735786304
-0.004687179680556
-0.002493434170016
0.000119418044571
0.002265962882259
0.003365669211347
0.003428707029412
0.002935091939638
0.002394381190944
0.001959094179328
0.001415866199408
0.000540178553098
-0.000575638499859
-0.001567156383640
-0.002103878244795
-0.002080000609267
-0.001608771032011
-0.000891644505253
-0.000072023403187
0.000694276610574
0.001147784606824
0.001122087146668
0.000734408189961
0.000197373901437
-0.000467419169399
-0.001279162315128
-0.001984669119482
-0.002225015987923
-0.001933785202716
-0.001374287068306
-0.000836849807412
-0.000375988599068
0.000073026987716
0.000409826364128
0.000512379420356
0.000522206955367
0.000691549066606
0.001129865149796
0.001741223834057
0.002223552365596
0.002212825879552
0.001563570587067
0.000509068598844
-0.000470828693429
-0.001032066933066
-0.001238807176872
-0.001367040817465
-0.001523163990595
-0.001594087689231
-0.001473915479534
-0.001219797728471
-0.000949514656691
-0.000677898428303
-0.000456579042950
-0.000504468621821
-0.000902224296372
-0.001344521138370
-0.001405661100873
-0.000885199118792
0.000136872416211
0.001386953929564
0.002559285541530
0.003425420079812
0.003774535256409
0.003405023128239
0.002262054807031
0.000626721836134
-0.000923004551183
-0.001970668367265
-0.002594741577083
-0.003145013798585
-0.003802579932784
-0.004284700251717
-0.003974604737145
-0.002506610869971
-0.000185188076542
0.002191948734470
0.003898118894050
0.004698895885870
0.004735683822992
0.004184532278946
0.003108887140124
0.001558329100845
-0.000205154647217
-0.001766135806930
-0.002911885152609
-0.003643505260168
-0.003816138630856
-0.003167168571523
-0.001834538087774
-0.000531232613525
0.000008892164050
-0.000328025933815
-0.001054779293155
-0.001623918580165
-0.001764363833013
-0.001422952914196
-0.000612935523921
0.000613198179759
0.001987684801343
0.002959275812272
0.003044844321628
0.002276954460713
0.001232201752395
0.000542147433097
0.000391053678908
0.000507508628520
0.000480182746780
0.000033789292314
-0.000902340208481
-0.002279035748665
-0.003843651981636
-0.004974605280762
-0.004951943257416
-0.003534348183571
-0.001217499454493
0.001059784591823
0.002601670722794
0.003425136094790
0.003924661147667
0.004233066066682
0.004126322937259
0.003400591095954
0.002167984292947
0.000776076319583
-0.000520231456881
-0.001717399285301
-0.002829846537404
-0.003610449646360
-0.003709484828908
-0.003102244512365
-0.002212345562987
-0.001554610830034
-0.001276993885925
-0.001081113580177
-0.000489610620274
0.000759194299397
0.002342401201627
0.003474590824393
0.003550729019863
0.002588939842584
0.001087091886167
-0.000369966791276
-0.001345735351849
-0.001663035555055
-0.001422152325345
-0.000843284477366
-0.000164420068384
0.000335332198665
0.000397034470705
-0.000100292782267
-0.001078471269333
-0.002198585476790
-0.002842269292151
-0.002418871651644
-0.000876757692750
0.001181644648078
0.002928038157946
0.003864010091501
0.004005216425939
0.003537985908505
0.002456484268559
0.000695297444428
-0.001447950861771
-0.003255001990107
-0.004133154543053
-0.004104360423347
-0.003619203480819
-0.002970771075654
-0.002035500320487
-0.000667430330070
0.000868719292243
0.002051246314748
0.002558061799066
0.002517178362687
0.002359591773230
0.002426823086567
0.002699529095104
0.002877950597227
0.002680845025533
0.002020803966154
0.000984889181454
-0.000251471038715
-0.001513571939652
-0.002629205143753
-0.003381928378396
-0.003588984957300
-0.003252461464492
-0.002494288912897
-0.001345955939072
0.000120874442150
0.001513465810476
0.002303259651540
0.002238091454760
0.001519192301116
0.000704657926917
0.000330471738896
0.000554091312639
0.001193480272362
0.001967745972848
0.002640375568275
0.002954267439905
0.002484326698247
0.000901054247654
-0.001476572465721
-0.003748786386642
-0.005123873436827
-0.005282598778913
-0.004250195077900
-0.002319230308154
-0.000025274830161
0.002097303090771
0.003742773181057
0.004761381071131
0.005086568068855
0.004878675019528
0.004414184883885
0.003731150838759
0.002701665239487
0.001338134021037
-0.000201777880827
-0.001721687331562
-0.003040111825535
-0.004062811985137
-0.004717429767825
-0.004794069500910
-0.004053193646566
-0.002506132331443
-0.000473765024022
0.001619372292054
0.003472796094388
0.004902556785235
0.005700703658538
0.005640869567697
0.004651352949897
0.003019992216483
0.001359108264081
0.000201111526916
-0.000386500179055
-0.000752439357950
-0.001254565964518
-0.001872885429240
-0.002281359988616
-0.002288722272474
-0.001973784284731
-0.001481349759384
-0.000929174373026
-0.000407585999913
0.000004656663898
0.000256376393087
0.000431339561256
0.000653353342795
0.000839607547429
0.000762756427907
0.000352567822693
-0.000114696669765
-0.000167578597634
0.000434993811758
0.001462442164530
0.002345356105931
0.002516435305297
0.001731851280264
0.000142717020213
-0.001792908906600
-0.003375951187509
-0.003852638016903
-0.002798949117538
-0.000393000182321
0.002635005573236
0.005269336033586
0.006609008618145
0.006187706580931
0.004050426920920
0.000769247617721
-0.002687693565988
-0.005319165457136
-0.006388003676863
-0.005659527616210
-0.003547534190063
-0.000906545586867
0.001356232918854
0.002616327746852
0.002656469188793
0.001530609926383
-0.000397700176653
-0.002281245360931
-0.003077389251694
-0.002152363414747
0.000320616871367
0.003388856233545
0.005860676497778
0.006947938322605
0.006416905251247
0.004413735639472
0.001423078214812
-0.001735247532232
-0.004110137881891
-0.004955067124108
-0.004106098218095
-0.002220208270819
-0.000489543633619
0.000146874056737
-0.000444719167002
-0.001759622044496
-0.003049801299143
-0.003520673104592
-0.002570439302309
-0.000166678234803
0.003030121739724
0.005998265435955
0.007785852619777
0.007866636621681
0.006386542599808
0.003956962415918
0.001202606379119
-0.001400943445544
-0.003462950531948
-0.004685956665465
-0.005062512056613
-0.004978565433435
-0.004915272479038
-0.004976924894238
-0.004704785024251
-0.003460985832998
-0.001087750984008
0.001857180357086
0.004512404621545
0.006293248128365
0.007058578129308
0.006861066479633
0.005720206564027
0.003730034971905
0.001340591664560
-0.000731688085909
-0.001985633755258
-0.002434661178280
-0.002511257389614
-0.002736839139577
-0.003357528192990
-0.004189503998541
-0.004789082469841
-0.004748051874127
-0.003891244607172
-0.002363278092581
-0.000491564462534
0.001442733349490
0.003220161219378
0.004627585685332
0.005398289589340
0.005267731777148
0.004273860150101
0.002804346529662
0.001328011466275
0.000222662935587
-0.000380146569563
-0.000683824871274
-0.001035928991744
-0.001598553424357
-0.002146265360862
-0.002280158819965
-0.001895584040973
-0.001277664038389
-0.000768992957152
-0.000500552631514
-0.000398682538248
-0.000369255630025
-0.000468033267818
-0.000800142284158
-0.001252675626335
-0.001467195947878
-0.001048683719536
0.000192105852280
0.002078107290373
0.004075704671053
0.005378439779459
0.005195021702924
0.003311226689421
0.000300125184810
-0.002853006193720
-0.005209978642426
-0.006185039079695
-0.005640418762544
-0.003747589018905
-0.000881844103924
0.002232611296026
0.004507379180120
0.005083928666003
0.003952264552754
0.001805213785617
-0.000491546525671
-0.002252327670818
-0.003127742643395
-0.003023237755035
-0.001928038370705
-0.000037866245871
0.002016392655874
0.003328677771160
0.003202545394661
0.001557232418385
-0.001046739492325
-0.003735904959911
-0.005660172670954
-0.006223234975425
-0.005267208618771
-0.003131227239441
-0.000576790953989
0.001508450205267
0.002633149463222
0.002921242768207
0.002770789216263
0.002525413578204
0.002477436874895
0.002800306586800
0.003320954472464
0.003552697254536
0.002978623852378
0.001261633224209
-0.001531691486125
-0.004633933890491
-0.006772263730077
-0.007086816075608
-0.005762808305133
-0.003671710692995
-0.001663071261442
-0.000133035622498
0.000960366871798
0.001728612658347
0.002138230305719
0.002176396130307
0.002081150202625
0.002222019673331
0.002674904591622
0.003061464951522
0.002863213871823
0.001886481730049
0.000452309833968
-0.000904675414218
-0.001867023207650
-0.002398974813123
-0.002563513775732
-0.002455215430542
-0.002163648870527
-0.001711616303308
-0.001108892770610
-0.000319858405076
0.000741626300263
0.001872264539292
0.002464704122497
0.002017013682595
0.000627991427099
-0.001035842015381
-0.002208895225445
-0.002519379561973
-0.002104797027967
-0.001338126617084
-0.000492977232699
0.000266908536963
0.000696991436848
0.000560550844393
-0.000041203775624
-0.000516213059562
-0.000130812756403
0.001315046352671
0.003207974428586
0.004487971073027
0.004251124826401
0.002240661450074
-0.000939226403304
-0.004056067365145
-0.005939238113459
-0.006096261995197
-0.004767239209025
-0.002625628916386
-0.000404293838286
0.001395230958163
0.002545182104512
0.003038283116075
0.002991007117755
0.002402865397952
0.001162430769897
-0.000570886896984
-0.002298018904838
-0.003547505010838
-0.004051095677011
-0.003678625851988
-0.002398389732975
-0.000380792508456
0.001767900090799
0.003171853140534
0.003310479233736
0.002376892994859
0.001089654889575
0.000161968322499
-0.000152062588478
-0.000118631686617
-0.000223158118468
-0.000682111652843
-0.001232253825074
-0.001427871878948
-0.001037194650966
-0.000147265024005
0.000959123913065
0.001901859938047
0.002263798198232
0.001739455971966
0.000374686795720
-0.001351482625358
-0.002771267945938
-0.003317927131822
-0.002690034405125
-0.000947288424066
0.001494621591426
0.003947001569573
0.005612501969236
0.005903478151312
0.004808092902445
0.002904513535798
0.000854200532703
-0.001052234582904
-0.002773461932349
-0.004154479488479
-0.004855648678803
-0.004607251544574
-0.003495811267185
-0.001968335796897
-0.000555702074077
0.000432946494652
0.001037495825695
0.001463581445306
0.001792531744003
0.001937864896895
0.001836613029158
0.001559725213279
0.001160415635856
0.000570010515022
-0.000236539512272
-0.001054878728357
-0.001436027762251
-0.000945638757704
0.000364645849248
0.001760464399272
0.002299923280266
0.001538667302949
-0.000320934932660
-0.002682595179339
-0.004720049477656
-0.005602866188126
-0.004843436138494
-0.002527607482117
0.000621897348401
0.003406129043261
0.004718284223707
0.004251875370508
0.002654835700394
0.001008677969495
0.000128721984054
0.000182857433439
0.000850040302104
0.001662455350678
0.002132143753790
0.001813750436791
0.000556270796384
-0.001193303501855
-0.002546220949897
-0.002837983638845
-0.002166321736820
-0.001327912086233
-0.001143654149849
-0.001758072194465
-0.002574848017545
-0.002757617556680
-0.001831462418214
0.000040204168889
0.002195094631422
0.003812463729915
0.004321251643344
0.003677389448692
0.002281898518177
0.000725685297465
-0.000374020031408
-0.000606915283708
-0.000006541608624
0.001003929848536
0.001763938675393
0.001575467046409
0.000122562849171
-0.002158774842026
-0.004138702492649
-0.004619549007117
-0.003195179036099
-0.000560218630353
0.002027705670803
0.003583858308689
0.003872286867505
0.003282262342983
0.002393269652907
0.001617512510178
0.001021176855791
0.000441275693272
-0.000224840523976
-0.000956736980066
-0.001637490358929
-0.001979178665846
-0.001680109787120
-0.000713420214939
0.000628573071993
0.001784063154648
0.002098703447658
0.001238785447551
-0.000587651161471
-0.002742793586481
-0.004386737926923
-0.004808233015380
-0.003733903398033
-0.001434422314569
0.001367243873364
0.003765808083692
0.005065550426459
0.005132289402901
0.004401772274687
0.003412062596023
0.002338238090821
0.001036219952834
-0.000560390750131
-0.002165313090677
-0.003244986905155
-0.003396684400034
-0.002599554096222
-0.001121257942117
0.000563969899548
0.001741311029367
0.001784237466651
0.000648009464270
-0.001121710234193
-0.002795197816566
-0.003860965018018
-0.004144690118754
-0.003664663626169
-0.002511928326935
-0.000844142330172
0.001116788564732
0.003113961877187
0.004854481089180
0.006016889406377
0.006313311860976
0.005495814560498
0.003404580845978
0.000268899672955
-0.003058871545056
-0.005439041590459
-0.006107483343719
-0.005070169512280
-0.003087572167903
-0.001161289516937
0.000228746157126
0.001154810890648
0.001597272541775
0.001332293999092
0.000356443697829
-0.000969593269435
-0.002119151198721
-0.002702454178669
-0.002655246159190
-0.002066794768138
-0.000941312642532
0.000674350157859
0.002508112004392
0.004167329378537
0.005289006302074
0.005565623472867
0.004731752428131
0.002703011279808
-0.000210546902179
-0.003391259609429
-0.006101907771987
-0.007561707908588
-0.007267973773479
-0.005337094566536
-0.002401119893295
0.000688366405852
0.003163263086206
0.004566794180274
0.004680135319204
0.003477003994298
0.001320467355537
-0.001116322994238
-0.003240021736289
-0.004667479162731
-0.005112638027224
-0.004403731798230
-0.002563894085014
0.000143651937938
0.003092721489658
0.005291969214146
0.005873107274983
0.004740153340761
0.002531847446761
0.000019595691228
-0.002234102635877
-0.003893195761208
-0.004795992078631
-0.004834478205682
-0.003936524679338
-0.002279785004913
-0.000365721691870
0.001269798690134
0.002320887601363
0.002710400918294
0.002470391890678
0.001700638107799
0.000607559479970
-0.000517997462984
-0.001383605025683
-0.001781466742118
-0.001585468311286
-0.000766486857927
0.000435723842935
0.001554403180082
0.002221756698976
0.002338117666803
0.002042020982810
0.001579027863546
0.001045514408123
0.000267686133202
-0.000963850467073
-0.002564987427339
-0.004103896353612
-0.005032476325305
-0.004961344698211
-0.003774313310648
-0.001599537164206
0.001131408259904
0.003615542992521
0.005028595278373
0.005064232425297
0.003983332704581
0.002237654835466
0.000145909453869
-0.002153407359617
-0.004441905203651
-0.006140677752390
-0.006477377925386
-0.005074216261548
-0.002306243960574
0.000930567732975
0.003719505296153
0.005475736513221
0.005962728183741
0.005125662152174
0.003068903387942
0.000201294946946
-0.002735057709655
-0.004956384781226
-0.006049526918080
-0.006085072613306
-0.005357744754664
-0.004071123810143
-0.002260139296754
-0.000014085860431
0.002300499214934
0.004175413509667
0.005226726869497
0.005278107420952
0.004375412108965
0.002783162064407
0.000940792389871
-0.000676408069760
-0.001769369143531
-0.002219667296961
-0.001982981006127
-0.001191778558716
-0.000297976558887
0.000076230611894
-0.000421819488225
-0.001533171539687
-0.002570980442352
-0.002977317544653
-0.002642527912992
-0.001824059427496
-0.000927189822319
-0.000191438035329
0.000559300361134
0.001696374735081
0.003257238443191
0.004742202754048
0.005395398762646
0.004709172105503
0.002785338032459
0.000229586208770
-0.002164908088675
-0.003655327641023
-0.003815092741071
-0.002683099263228
-0.000719308280766
0.001294259923270
0.002522518100332
0.002500286839216
0.001351209577113
-0.000373515171461
-0.002039901176267
-0.003241455247448
-0.003870179430108
-0.003883383248683
-0.003201206397707
-0.001914793839511
-0.000315642494503
0.001336942469108
0.002849665443321
0.003948672120426
0.004317458401189
0.003740312845787
0.002217778531511
0.000122970475031
-0.001863734744575
-0.003168181062932
-0.003617048791858
-0.003339939154663
-0.002514691637409
-0.001225118717708
0.000394073854556
0.001852247332491
0.002432387967155
0.001820103989487
0.000398341063219
-0.001101674428864
-0.002077398654477
-0.002293062213678
-0.001788431275178
-0.000643731414486
0.001006655330930
0.002742215295912
0.003889988547012
0.003961412292733
0.002975474687678
0.001322848157184
-0.000562817640112
-0.002394158199026
-0.003939248208340
-0.004810228535720
-0.004579813970516
-0.003240174909809
-0.001340745438332
0.000493361888413
0.001995156292627
0.003098612374989
0.003597064840004
0.003139810317881
0.001573922582368
-0.000695419657510
-0.002793782134776
-0.003925893248913
-0.003823421323099
-0.002721120822878
-0.000992680267675
0.001058250735358
0.002973532501221
0.003982429881072
0.003451168515761
0.001543372305257
-0.000770175880562
-0.002436841198382
-0.002946356744974
-0.002350812109697
-0.001028027655729
0.000502569463825
0.001755309763363
0.002438543456161
0.002555460011002
0.002409012130641
0.002353358459243
0.002384129960267
0.002091592901397
0.001130001666477
-0.000341051359119
-0.001757043722971
-0.002619189162426
-0.002755050102262
-0.002262601965943
-0.001385471361629
-0.000393262475027
0.000430463737150
0.000771681493265
0.000512006701855
-0.000040302360327
-0.000344915505388
-0.000085339783732
0.000620180322978
0.001427444784717
0.002078375538794
0.002445377636464
0.002406264457932
0.001841199211632
0.000720201720262
-0.000756490288046
-0.002095653128214
-0.002795223290011
-0.002674696764339
-0.001893688449562
-0.000770889349414
0.000379154774757
0.001214885093436
0.001368874581539
0.000734644949972
-0.000265111767173
-0.000843013873008
-0.000449274634843
0.000785347721037
0.002192240483851
0.003001288513672
0.002781780749033
0.001654517338606
0.000054391699253
-0.001606519818309
-0.002974843546368
-0.003715520859323
-0.003601191210202
-0.002605323781405
-0.000965228751038
0.000870209553343
0.002485377617117
0.003706474617933
0.004513051286237
0.004707189200589
0.003864207568143
0.001904632814694
-0.000477234128543
-0.002272499773619
-0.002877086457792
-0.002347943972853
-0.001248877084358
-0.000245054825680
0.000274007675037
0.000270775418075
-0.000085931870287
-0.000585889039600
-0.001044151029225
-0.001295248073128
-0.001212601576444
-0.000740909740238
0.000135669083380
0.001359444245745
0.002675319241620
0.003715497558916
0.004170633724654
0.003760012961361
0.002317203844642
0.000070600013077
-0.002396167776298
-0.004521441065657
-0.005904872759424
-0.006101738670529
-0.004655295359821
-0.001593980334032
0.002237683769164
0.005557509076049
0.007362345932737
0.007208866353662
0.005051822179770
0.001327318260768
-0.002786124773300
-0.005729121812717
-0.006470402076158
-0.005023099803105
-0.002178475943450
0.001117192017729
0.004167330779806
0.006444858255941
0.007333930408547
0.006256704270161
0.003146326130539
-0.001322327581192
-0.005924232836574
-0.009255740867000
-0.010244935116407
-0.008588660583642
-0.004685070428376
0.000608105836503
0.005938282223369
0.009668424496775
0.010629933482236
0.008773911714203
0.005171443889629
0.001362573425270
-0.001554201620668
-0.003364472467462
-0.004315411633514
-0.004506853133223
-0.003846549447467
-0.002354231888604
-0.000396642701480
0.001367384309557
0.002396174701842
0.002604288220098
0.002198450748946
0.001292406562126
-0.000072438524933
-0.001603881858343
-0.002735429850306
-0.002908057678447
-0.001893732035684
0.000065581379345
0.002477970653955
0.004799246021252
0.006392278148232
0.006630927420669
0.005213776465440
0.002389151895968
-0.001057818493012
-0.004071342437542
-0.005805005573965
-0.006012304399668
-0.004944784836102
-0.003015641379231
-0.000732933357656
0.001328886164512
0.002775717020561
0.003526681334533
0.003688278478419
0.003389590610320
0.002644660393829
0.001388962008649
-0.000131114715876
-0.001248872743174
-0.001494554790691
-0.001020652404568
-0.000332266888160
0.000042633117247
-0.000259266516595
-0.001220323416674
-0.002392112222016
-0.003087626437868
-0.002638054840207
-0.000815883455768
0.001736753054733
0.003786384854816
0.004357790430739
0.003301655781852
0.001321276700778
-0.000512201555175
-0.001525476595171
-0.001741818942233
-0.001497338368957
-0.001123043958586
-0.000928216975062
-0.001064335606170
-0.001432120997295
-0.001767033863597
-0.001655232942549
-0.000681379270051
0.001214624418911
0.003543276226354
0.005393532178593
0.005831372709785
0.004393514497940
0.001403573278461
-0.002133875788397
-0.005011549314096
-0.006278703621890
-0.005611505882061
-0.003518800781656
-0.000943508246905
0.001405473359875
0.003224647746541
0.004421759243804
0.004952080093160
0.004669980723318
0.003366800325166
0.001126745712927
-0.001497037309075
-0.003759433262887
-0.005014728394252
-0.004871590550206
-0.003406750301856
-0.001197821261575
0.000956502124661
0.002320509235084
0.002528241671017
0.001895823321155
0.001215467352244
0.001053702023112
0.001318110437508
0.001428197147432
0.000826616650045
-0.000516815129032
-0.002033056243038
-0.002992530251155
-0.002883627404265
-0.001482306876879
0.001030361969595
0.003854427446489
0.005706277829882
0.005558397573775
0.003408319339648
0.000258567058762
-0.002596754991353
-0.004260106990672
-0.004496457976395
-0.003620394683450
-0.002165519470672
-0.000608666085174
0.000668015669643
0.001396377146255
0.001515420405271
0.001132248441517
0.000386117879194
-0.000567381780062
-0.001509231924112
-0.002200212570329
-0.002340530744622
-0.001561681160036
0.000175740863488
0.002219423608845
0.003531346888999
0.003404202586666
0.001891682253006
-0.000314900854358
-0.002295853919557
-0.003337596965067
-0.003218228093451
-0.002153117182428
-0.000570575432646
0.001021128743950
0.002127946030739
0.002390805420028
0.001733992733863
0.000395619183908
-0.001253763099495
-0.002771388953659
-0.003510324874384
-0.002899628525859
-0.001124165780962
0.000859327390843
0.002096607695917
0.002273662005172
0.001853416473363
0.001587744167891
0.001708102206571
0.001786149528915
0.001358256386306
0.000379002801980
-0.000857579657314
-0.001914364295820
-0.002364625723368
-0.002042971924327
-0.001208063339314
-0.000360703219313
0.000100508440969
0.000093453746570
-0.000158000158619
-0.000343602036073
-0.000297738781386
-0.000076189518885
0.000096817142158
0.000058461079528
-0.000063668852084
-0.000034571224629
0.000220962597664
0.000732351375133
0.001522735077246
0.002409827961029
0.003006418446968
0.002925090260694
0.001976430648169
0.000281825289880
-0.001730278159955
-0.003507723715292
-0.004710939481938
-0.005330398754980
-0.005391304506477
-0.004681520991706
-0.002898118692010
-0.000096315439712
0.002908199156219
0.004700467821448
0.004271997453304
0.001988374443049
-0.000683274005794
-0.002318058898800
-0.002314461901145
-0.000950133513681
0.000994612610608
0.002700508073148
0.003611959115202
0.003580987028164
0.002846463854209
0.001812454018125
0.000789667471709
-0.000155640879801
-0.001158587721242
-0.002265229041850
-0.003231545015704
-0.003805865385623
-0.004058261913475
-0.004159553848777
-0.004012715423484
-0.003314997758775
-0.001938306341025
-0.000125968455850
0.001721765005076
0.003232168266766
0.004076402348889
0.004102894858186
0.003368486741399
0.002016166210414
0.000331940806631
-0.001141389528741
-0.001774823099922
-0.001261906805731
0.000122237722341
0.001653877453078
0.002572264535875
0.002485482446080
0.001433243007487
-0.000392865672136
-0.002708641117147
-0.004839956148759
-0.005823849500099
-0.005060604696756
-0.002738703133406
0.000280117694861
0.002910692104163
0.004364679301353
0.004438605591199
0.003473982786858
0.002036846654725
0.000551607095432
-0.000743598827385
-0.001629108681294
-0.001955442108489
-0.001778164407781
-0.001188273319256
-0.000171842560254
0.001130969160624
0.002216622695221
0.002506772324443
0.001788860979881
0.000267684697674
-0.001652338678079
-0.003496443332068
-0.004754545716005
-0.004900075890683
-0.003582059262523
-0.001054423339051
0.001723819112145
0.003605428408772
0.003940978242495
0.002989530022855
0.001674147395221
0.000816688588538
0.000597883810968
0.000583526358666
0.000164122527145
-0.000949441462686
-0.002484722616629
-0.003718441047732
-0.003945576382923
-0.002947070619144
-0.001085516442550
0.000898968080007
0.002238382150674
0.002511850132832
0.001866563978180
0.000856628224846
0.000025571919851
-0.000317661323401
-0.000115408197817
0.000486763809432
0.001255299030126
0.001893842406739
0.002062784925056
0.001615125373231
0.000803955292713
0.000093745695681
-0.000255160418690
-0.000326634608942
-0.000332952110165
-0.000358823232359
-0.000343774934249
-0.000313954290601
-0.000501586325124
-0.001120748319401
-0.002046854371386
-0.002797834540241
-0.002902209765992
-0.002243197673038
-0.001036756806385
0.000352851467958
0.001473135190580
0.001905382551127
0.001596345577649
0.000915097420060
0.000288550021629
-0.000057813953367
-0.000073737678388
0.000227905313922
0.000742530921330
0.001171952856853
0.001159617486482
0.000576493679756
-0.000296256355740
-0.000883560159408
-0.000741143356011
0.000160643949750
0.001485820131394
0.002650638080834
0.002963860335151
0.001970815413124
-0.000117331872855
-0.002440481752244
-0.004101490153832
-0.004750189318231
-0.004495556859837
-0.003376704731572
-0.001328706801691
0.001291458964211
0.003562600086328
0.004511741286059
0.003806215331379
0.002070959187004
0.000406910003867
-0.000461191032694
-0.000497453735301
-0.000048952006338
0.000432922875056
0.000507199380132
0.000051478477106
-0.000590119307844
-0.001000303143416
-0.001065944732057
-0.000941364385526
-0.000791416307459
-0.000606005633270
-0.000229242992365
0.000477392003562
0.001453484537816
0.002381750964452
0.002789752757292
0.002278375962714
0.000824059409781
-0.001120674361477
-0.002801725132114
-0.003495078459752
-0.002854478842298
-0.001009744659221
0.001466788653444
0.003649300313203
0.004682473067225
0.004290614071262
0.002885345706194
0.001257971524272
0.000075263132776
-0.000482603921184
-0.000641173350184
-0.000724787098558
-0.000979083264790
-0.001445220431297
-0.001901390162909
-0.002003262110117
-0.001444352016705
-0.000202666100298
0.001128661000677
0.001563728925236
0.000523362876667
-0.001623077435518
-0.003725372794878
-0.004596059180674
-0.003792107257197
-0.001766009466568
0.000657111793033
0.002787638167109
0.004166879140368
0.004556181592998
0.003858174414308
0.002022759196338
-0.000590831962457
-0.002932222730966
-0.003893644193845
-0.003166179681874
-0.001330184023301
0.000675570467815
0.002097095485731
0.002613485148496
0.002248158424504
0.001137107549593
-0.000490460763734
-0.002180180264392
-0.003354375898867
-0.003644490019118
-0.003047641915640
-0.001746221608822
0.000003914679051
0.001829634527088
0.003352298535957
0.004301682124752
0.004490351165653
0.003750345963124
0.001971838683913
-0.000654179235649
-0.003461161052645
-0.005428982117850
-0.005635759687502
-0.003872272612000
-0.000888618916073
0.002004610356011
0.003749447242834
0.004090915833995
0.003338282800229
0.001850506496320
-0.000057241898269
-0.001909676848676
-0.003090212798374
-0.003238693260555
-0.002535648187901
-0.001474429724832
-0.000387417016883
0.000744066542506
0.001965569577666
0.002959318247794
0.003182987544607
0.002375507700132
0.000799958288770
-0.000975882178443
-0.002469750067827
-0.003511591483785
-0.004061651465321
-0.003863209339867
-0.002593252461280
-0.000361663471678
0.002159711116016
0.004062083513413
0.004739365548290
0.004193703714661
0.002781863016677
0.000942098968478
-0.000780152625737
-0.001833405163640
-0.001963559962188
-0.001306740748848
-0.000238892947892
0.000705663460460
0.001013578978942
0.000608828986226
-0.000063083812435
-0.000562744808176
-0.000872175307090
-0.001184652969943
-0.001601752906798
-0.002027327744932
-0.002080082706688
-0.001301327802119
0.000383204482137
0.002462885123250
0.004055253923928
0.004428180491739
0.003468741854601
0.001684208658792
-0.000253431399225
-0.001950700751455
-0.003226386727016
-0.003788288528721
-0.003241245962488
-0.001469735800814
0.000973712451472
0.002932482572101
0.003319152729571
0.001886464237209
-0.000609656673852
-0.002885165159432
-0.003833752933524
-0.003114607053276
-0.001214492226888
0.001022190564629
0.002887666208213
0.004012322517958
0.004310236564075
0.003799015615004
0.002525137788240
0.000760082789122
-0.000954082501547
-0.002163223036384
-0.002650568621983
-0.002295011699469
-0.001198611194650
0.000145781975007
0.001095364055319
0.001232094285449
0.000520447079357
-0.000744820323523
-0.002062952663927
-0.002866338679895
-0.002764054775830
-0.001715241995675
0.000051391823630
0.002090743261598
0.003757723108220
0.004483894456113
0.004154786322706
0.003114799071887
0.001783325731674
0.000397909218916
-0.000944675702633
-0.002139343708072
-0.002956431874825
-0.003134653817864
-0.002628421171161
-0.001693503940712
-0.000657372650174
0.000320863555776
0.001167586370123
0.001792540312091
0.002228287305841
0.002607664089129
0.002841831089436
0.002510060297125
0.001298474951491
-0.000452409163881
-0.001919285457291
-0.002478063815146
-0.001997816977380
-0.000828805580820
0.000356138649532
0.001043475145666
0.001107321890088
0.000544148843875
-0.000636542394207
-0.002181508450639
-0.003476628242597
-0.003805101209321
-0.002765127034840
-0.000516463438398
0.002244401952882
0.004534536456110
0.005539289053335
0.005056089674708
0.003454474295752
0.001233717744843
-0.001125831521962
-0.003010774612011
-0.003834260600908
-0.003447138598826
-0.002254273475667
-0.000857153048290
0.000360313471107
0.001193067718597
0.001437772600702
0.001032629313613
0.000177064993069
-0.000760995333311
-0.001354882500548
-0.001326176082731
-0.000769256173546
-0.000020028643849
0.000639003299231
0.000970455485608
0.000765549398241
0.000113794869174
-0.000578191589788
-0.000897051990794
-0.000532473987247
0.000573312974062
0.001963211841241
0.002989509188100
0.003334716912679
0.002929400073482
0.001798697278589
0.000188573667953
-0.001436965443630
-0.002491046689126
-0.002459609846082
-0.001336125457747
0.000189463687163
0.001148083235613
0.000967192728463
-0.000098803442603
-0.001173254495191
-0.001483734593468
-0.000824919977945
0.000529052408765
0.002017527046716
0.003014363725937
0.003131714089671
0.002301545015772
0.000648436534820
-0.001471574215533
-0.003427540479764
-0.004620850099817
-0.004791352350888
-0.003964437567620
-0.002274898363189
0.000043126899679
0.002534199951045
0.004499640107050
0.005236788079910
0.004522702135214
0.002872162902574
0.001123207128195
-0.000169608236876
-0.000881937259870
-0.001063270568163
-0.000775422015041
-0.000268549398889
-0.000023790792673
-0.000424311612379
-0.001497205549340
-0.002888920543026
-0.004006914826449
-0.004322176322996
-0.003613447843646
-0.002052305870290
-0.000168124604916
0.001490140803679
0.002689856635252
0.003346590552416
0.003418337380088
0.003084639884663
0.002571635325188
0.001937884816364
0.001199320362190
0.000413665136116
-0.000298076438865
-0.000763953163889
-0.000909891215142
-0.000798640278588
-0.000498410736063
-0.000115159693845
0.000028431864113
-0.000501373164904
-0.001793733162153
-0.003268284129344
-0.003967299629538
-0.003299151819801
-0.001471712666622
0.000716309179053
0.002382257272205
0.003019012807125
0.002702371214832
0.001914580683521
0.001123234486416
0.000546751392499
0.000266931343197
0.000301990854430
0.000474451802760
0.000396336827672
-0.000206267530722
-0.001076586349712
-0.001517475599900
-0.001071620182352
-0.000044714009210
0.000720052492800
0.000638866487912
-0.000065205455478
-0.000750065202470
-0.001148452729912
-0.001480035357037
-0.001890890820692
-0.002169660063030
-0.002065639199051
-0.001562689407917
-0.000810183105028
0.000011341075374
0.000836803913541
0.001731545692822
0.002616596832423
0.003088516845973
0.002679409322119
0.001312874069075
-0.000521611079989
-0.002022982353909
-0.002548297579353
-0.002018672784716
-0.000944145425660
0.000046837962807
0.000682206833076
0.001050155056649
0.001382661146716
0.001846581416753
0.002286161977925
0.002208145261322
0.001173927644751
-0.000717391205641
-0.002752640426041
-0.004156368084527
-0.004616332027658
-0.004227401784340
-0.003208161685756
-0.001731194397081
0.000057245852703
0.001882948165087
0.003281991974748
0.003777143877666
0.003272243609285
0.002248380325921
0.001357133960214
0.000864589274408
0.000586749544752
0.000242441967075
-0.000237818314116
-0.000731955337472
-0.001130174031612
-0.001479815873093
-0.001972861473952
-0.002676744542487
-0.003289521903533
-0.003346853327077
-0.002604613158112
-0.001162939266359
0.000627035502866
0.002329319266860
0.003504720385767
0.003774267966054
0.003049969867273
0.001586969027825
-0.000259745089782
-0.002099317858571
-0.003444724257677
-0.003819458300300
-0.002926695818449
-0.000902990288920
0.001490693412497
0.003210060188225
0.003600044268323
0.002706025534031
0.001056288588638
-0.000751610041265
-0.002248285180191
-0.003002160599883
-0.002659200683051
-0.001267004940829
0.000532748564675
0.001778570487790
0.001828606877986
0.000878724712505
-0.000228811465300
-0.000817693095032
-0.000850936126462
-0.000567046002485
-0.000046058890358
0.000642231955207
0.001227298441664
0.001401852603839
0.001015501872393
0.000202912350950
-0.000575808768691
-0.000938269087667
-0.001033483298959
-0.001259998587320
-0.001634214952076
-0.001758284933794
-0.001364189088780
-0.000649747583428
-0.000041414756888
0.000230619764782
0.000283815870203
0.000384800699769
0.000624817552932
0.000823034376263
0.000792638840425
0.000583888151901
0.000344960372414
0.000087167184444
-0.000316369731960
-0.000944325030596
-0.001690920185460
-0.002388468982520
-0.002888238672645
-0.002944639463767
-0.002293159662747
-0.000871669585249
0.001092275395091
0.003075958684487
0.004355037633583
0.004363428463864
0.003156971148991
0.001393028050383
-0.000232091140950
-0.001470414094612
-0.002539133530662
-0.003633377841582
-0.004446071677685
-0.004418992625031
-0.003439702810032
-0.001967653721000
-0.000443483402723
0.001068549728016
0.002554114418207
0.003663684095982
0.003884106099634
0.003117631918993
0.001907090812598
0.000963591390826
0.000536421973196
0.000256047135715
-0.000429383170894
-0.001690241684748
-0.003106563511242
-0.003901550415995
-0.003496769362067
-0.001917955341860
0.000290791513405
0.002319899943366
0.003348734453619
0.003019786594558
0.001796969523135
0.000560020668665
-0.000212657802512
-0.000664745871862
-0.001120315577206
-0.001642073347494
-0.001942340115814
-0.001737086479285
-0.001162174592854
-0.000535647819500
0.000245411581458
0.001561536676461
0.003253579234907
0.004369908654068
0.003874696119211
0.001544706540699
-0.001790207345563
-0.004798725059530
-0.006403913141031
-0.006235708056747
-0.004627043265160
-0.002232250154920
0.000282955811191
0.002255734258374
0.003133037800427
0.002821954654033
0.001815174852108
0.000790165070671
0.000109933222908
-0.000215985325757
-0.000253752673887
0.000016655937469
0.000613478859236
0.001275579266628
0.001400274862700
0.000518289845283
-0.001209786247339
-0.003101515705717
-0.004434538750747
-0.004795356877092
-0.004140358593385
-0.002606962785288
-0.000433210854843
0.001919387387744
0.003855239421537
0.004857966228796
0.004650716030604
0.003368673538215
0.001452651237543
-0.000656685871364
-0.002508699348794
-0.003539883957083
-0.003355651802605
-0.002064106403236
-0.000279824600338
0.001084301917173
0.001227726411853
-0.000013881586657
-0.001976721892301
-0.003523639297823
-0.003676753788827
-0.002090845933629
0.000844081604678
0.004123873335963
0.006457867805762
0.006879476776310
0.005281404172552
0.002462231857197
-0.000398434997653
-0.002485431183201
-0.003662005922130
-0.004173098087360
-0.004220394516375
-0.003868788505610
-0.003179602763713
-0.002199292671911
-0.000792557247975
0.001291350183824
0.003908170496256
0.006164158161395
0.006884386649477
0.005512180224682
0.002607048165394
-0.000544774799951
-0.002917391370007
-0.004219620570187
-0.004533872819649
-0.003974032324247
-0.002687816092068
-0.000889100090784
0.001065668394671
0.002614214180836
0.003275160298337
0.003009305594230
0.002108400242472
0.000820257721570
-0.000750407396132
-0.002438022201414
-0.003889179155571
-0.004669723971046
-0.004471969341988
-0.003229107808098
-0.001038500851777
0.001848300162458
0.004824088647558
0.006888288351251
0.007104553221474
0.005330888686109
0.002422780634572
-0.000463774191549
-0.002638793714741
-0.003986974719976
-0.004646092680095
-0.004677517018625
-0.004042046037163
-0.002853691981146
-0.001448820869233
-0.000137360881853
0.000982673353224
0.001917976077915
0.002598476737444
0.002915164664514
0.002930828632139
0.002927187684925
0.003125927210406
0.003374085805317
0.003177105639383
0.002078307947485
0.000030070907849
-0.002572456857133
-0.005105246002660
-0.006798519572525
-0.006845384948232
-0.004892938070886
-0.001474267771311
0.002149677853572
0.004665423356604
0.005487388666950
0.005000135469208
0.003990722045307
0.002930727894272
0.001844318083627
0.000633254543697
-0.000655349543253
-0.001846674786810
-0.002772714112495
-0.003262051746032
-0.003148350005976
-0.002420467266114
-0.001242306659685
0.000094205456699
0.001123916544770
0.001407124742244
0.000967119096035
0.000312607944820
-0.000050988931319
0.000012157093586
0.000301640209736
0.000581290875566
0.000875960095700
0.001339863011363
0.001868254458502
0.002082490100022
0.001667014648634
0.000629214209485
-0.000645468449964
-0.001539802204084
-0.001554397768346
-0.000629423409583
0.000761920010277
0.001777648943343
0.001699443276556
0.000464214149247
-0.001178663894169
-0.002048789804762
-0.001450314271678
0.000173582320259
0.001644616282443
0.002038476547616
0.001327250418351
0.000222045860420
-0.000466078235823
-0.000270772846248
0.000795814304280
0.002238406051196
0.003264128490505
0.003142660524159
0.001620432157942
-0.000769955840817
-0.002883614590418
-0.003661358171452
-0.002814474612016
-0.000993704653813
0.000652710686664
0.001151316928986
0.000203681638703
-0.001631922777168
-0.003186250307825
-0.003241891155267
-0.001157616341394
0.002587023821871
0.006347906232782
0.008207938330946
0.007207613173260
0.003855189346654
-0.000292836056173
-0.003529715859653
-0.004840031681450
-0.004247772888606
-0.002545327030160
-0.000760518385736
0.000191572390849
-0.000187218119127
-0.001595526278317
-0.002964868258420
-0.003080276319595
-0.001307355988920
0.002006044412641
0.005601509703865
0.007875113960130
0.007721269303655
0.005158864703142
0.001319694880492
-0.002228138253777
-0.004316420233416
-0.004607002731824
-0.003563228697680
-0.002121465054352
-0.001201201739137
-0.001164475728797
-0.001501882088288
-0.001224336803275
0.000285720655877
0.002803497377838
0.005374800630788
0.006697534991817
0.005694396196203
0.002224965951194
-0.002576226430147
-0.006736090852650
-0.008393549412066
-0.006841643936881
-0.003026631050126
0.001134292660928
0.004031829846393
0.005103332589887
0.004766874116813
0.003823453536106
0.002786303289390
0.001694847348171
0.000483694611624
-0.000738185859047
-0.001868578573210
-0.002938438351678
-0.003901793207392
-0.004444433168540
-0.004161705121873
-0.002994398290166
-0.001303063519294
0.000547545687959
0.002445325306573
0.004331791069448
0.005916714685751
0.006638831896911
0.005963600721015
0.003948275940899
0.001456803657460
-0.000545255905445
-0.001849800560850
-0.002883548216205
-0.003974553145070
-0.005041404282035
-0.005753162747841
-0.005772382505284
-0.004986139849073
-0.003543971986450
-0.001613690149071
0.000715715667448
0.003180921893096
0.005323663343415
0.006867852292762
0.007827666031052
0.008227675120143
0.007907365594230
0.006537772310085
0.003836946385270
-0.000044200719866
-0.004358388472603
-0.008090620614833
-0.010472627511782
-0.011223297443041
-0.010420192483893
-0.008300678882964
-0.005181528200051
-0.001444696448870
0.002475183379567
0.006144936829759
0.009134340773662
0.010882828169672
0.010714453341407
0.008291631736745
0.004133278892205
-0.000459194926144
-0.004082252735127
-0.005941693592438
-0.006116974182511
-0.005245189927140
-0.003903046662753
-0.002332096780738
-0.000706269094232
0.000699494495133
0.001772817932029
0.002659091260398
0.003444028985619
0.003930887198372
0.003653468514797
0.002180393807532
-0.000273827741014
-0.002766262257130
-0.004386412138057
-0.004863124925072
-0.004454153325932
-0.003542201575176
-0.002400667021704
-0.001216952965598
-0.000171488984747
0.000672496265349
0.001505156639214
0.002514749450214
0.003553783047204
0.004249016376589
0.004295654068062
0.003652920877710
0.002503073060059
0.000956833765281
-0.000948585048617
-0.002873267699707
-0.004158729991367
-0.004279213257202
-0.003152868126500
-0.001220241632784
0.000681853790261
0.001850224729044
0.002105131358666
0.001598432907578
0.000636234296391
-0.000309816723319
-0.000844265714076
-0.000913615104630
-0.000671440173021
-0.000273125104805
0.000099861060487
0.000345852456522
0.000609526054954
0.001036945827401
0.001483373864178
0.001655624009014
0.001391330675937
0.000768183717773
-0.000003349652099
-0.000810314975089
-0.001596626661347
-0.002101980893739
-0.001943764210241
-0.001022260662895
0.000206897081059
0.000958793881581
0.000847813358480
0.000256051604634
-0.000239436152686
-0.000500779004587
-0.000757967115329
-0.001201618234772
-0.001667690163479
-0.001646012625365
-0.000671902032144
0.001314851844817
0.003855932612996
0.006031759477137
0.006771875277658
0.005337350060176
0.001776151387141
-0.002914876078615
-0.007133768684587
-0.009370106674022
-0.008955856740390
-0.006363897495694
-0.002785608814141
0.000551946683902
0.002874707933891
0.004038591061038
0.004379040715272
0.004344482967494
0.004224051772822
0.004058995066965
0.003535512509593
0.002135099680083
-0.000290460315038
-0.003130791817019
-0.005264555185522
-0.005818209431206
-0.004818817746913
-0.003045001585223
-0.001291739638337
0.000069622272522
0.000999272177514
0.001610721314981
0.002038154173301
0.002344942022598
0.002559475386757
0.002573160203215
0.002014472220289
0.000611142849824
-0.001346189765653
-0.003122167889931
-0.004016358380013
-0.003744402700208
-0.002589815856838
-0.001186257902549
-0.000043355380041
0.000662453621128
0.000900688877903
0.000664227094541
0.000163204122761
-0.000043056711570
0.000557398997390
0.001821545448870
0.002932959754249
0.003010348671320
0.001741459266943
-0.000367593215037
-0.002362504730868
-0.003498118851267
-0.003453209682649
-0.002239930537120
-0.000272801097751
0.001666780112298
0.002811865236569
0.002855355492847
0.002088692685146
0.001088608291176
0.000279673962998
-0.000216580357814
-0.000540039512675
-0.000923948786285
-0.001389214840038
-0.001732094873412
-0.001826002310446
-0.001679414837991
-0.001255201861431
-0.000457642269509
0.000711415530205
0.002074732708187
0.003326626814406
0.004096329347999
0.004037434461013
0.002996745412742
0.001122738762298
-0.001152623857366
-0.003142760569381
-0.004135329041775
-0.003893403025871
-0.002832878849438
-0.001627467346753
-0.000799593463328
-0.000551965478459
-0.000700567396604
-0.000833257500386
-0.000592025924926
0.000159398335692
0.001215150822344
0.002128031205236
0.002515306720040
0.002215732607864
0.001465629362166
0.000974998988652
0.001373397097410
0.002539732913511
0.003632210498507
0.003689362290564
0.002272029721826
-0.000324152329198
-0.003339184649958
-0.005874421819207
-0.007070921574765
-0.006324152203946
-0.003684641543503
-0.000120998495727
0.002911033694830
0.004426187883493
0.004492531499955
0.003884629559674
0.003222852559579
0.002481429996021
0.001249023796413
-0.000644204716990
-0.002732332844382
-0.004103112795039
-0.004077228470587
-0.002728721799719
-0.000730140010780
0.001135315980545
0.002329344806453
0.002723931239831
0.002491251863471
0.001877348927763
0.001163398214634
0.000616212690421
0.000326414259860
0.000222287126429
0.000184565770753
0.000023017485440
-0.000462988414306
-0.001222686141702
-0.001910854305059
-0.002123132217752
-0.001588229429099
-0.000374395361527
0.001020234621680
0.001975255820906
0.002171916833728
0.001762796031399
0.001178001783246
0.000719174401278
0.000332276211337
-0.000205799687517
-0.000880156306852
-0.001319327873499
-0.001121942500569
-0.000180810384906
0.001254842688591
0.002670126053245
0.003499007305326
0.003348496155087
0.002125544308020
0.000194857304476
-0.001606846060825
-0.002503557568740
-0.002463168598816
-0.002110206847536
-0.002000831150534
-0.002159925660421
-0.002166594238400
-0.001586557905256
-0.000406268693320
0.000929275233535
0.001933090872712
0.002456911798686
0.002617401488861
0.002587376904432
0.002564313708661
0.002719692486914
0.002991165558959
0.002976434526154
0.002216308212420
0.000584365720732
-0.001623944795422
-0.003837108184754
-0.005366139774201
-0.005594043477173
-0.004318401271619
-0.001936931210779
0.000818403732816
0.003156234810025
0.004309765019834
0.003884676672214
0.002259502792974
0.000365827449844
-0.000971786786758
-0.001486672341682
-0.001397717537700
-0.000960369562368
-0.000198312819813
0.000896492028987
0.002043307747525
0.002634455696856
0.002158612780550
0.000713969245683
-0.001102458633826
-0.002657736350956
-0.003423037222434
-0.003036201822606
-0.001524604221304
0.000586182067238
0.002403479968516
0.003084121376615
0.002434128687581
0.001072697607273
-0.000150167421628
-0.000805150371570
-0.000997638875055
-0.001069871210632
-0.001244001626098
-0.001461178581842
-0.001460226581699
-0.000994081448427
-0.000015690999648
0.001320071548894
0.002699898989254
0.003617310027558
0.003487083380560
0.002002698724743
-0.000498315923834
-0.003032809397152
-0.004477691777156
-0.004193178130603
-0.002378470337775
0.000018897730428
0.001862214406329
0.002428104825997
0.001635147370547
-0.000069988261311
-0.001919966711571
-0.003077692064453
-0.003033533384703
-0.001865719861643
-0.000095278601254
0.001651364403536
0.002967616833712
0.003763364328077
0.003998511839411
0.003521662293861
0.002390377411868
0.001171642515939
0.000579327993924
0.000731823874461
0.000955824819703
0.000421913018309
-0.001109164459827
-0.003134163334080
-0.004801662481315
-0.005448473149779
-0.004870458509122
-0.003153522609460
-0.000542789517447
0.002374215636668
0.004744316135352
0.005890089406851
0.005594942430957
0.004102457465433
0.001876243158812
-0.000619450618725
-0.002825805826882
-0.004063133308689
-0.003822748893415
-0.002104723021133
0.000413420684334
0.002654394507097
0.003821135958351
0.003800339808678
0.002971115325882
0.001858412965196
0.000935202827045
0.000509290316594
0.000684776187215
0.001361618477397
0.002248632056034
0.002930127643830
0.003058134476675
0.002624530240219
0.001912701084617
0.001124459309628
0.000245074456788
-0.000720310865109
-0.001534289951157
-0.001822969190571
-0.001317417413554
-0.000036472388227
0.001663348431924
0.003257492180919
0.004217674839331
0.004124954895735
0.002908931957407
0.000939217626604
-0.001143909936446
-0.002752272347154
-0.003712532039394
-0.004236807307601
-0.004531490310468
-0.004535006435769
-0.003947758749968
-0.002589934284057
-0.000806835034864
0.000623492051990
0.001037246680653
0.000317523508762
-0.001148858193143
-0.002754838895373
-0.003833894543407
-0.003824341845464
-0.002627958913140
-0.000830997664071
0.000642204982068
0.001157821264640
0.000692555914978
-0.000247817846645
-0.000990043281697
-0.001132056401054
-0.000712701761071
-0.000030579371775
0.000574813319246
0.000724186949200
0.000014431358663
-0.001764975521066
-0.004466955667051
-0.007632322570088
-0.010671772935123
-0.013036662977933
-0.014331344754178
-0.014369038184871
-0.013143953240610
-0.010927699549145
-0.008415859671597
-0.006465600453997
-0.005560090195284
-0.005626741609788
-0.006304283823640
-0.007165488094759
-0.007742407313510
-0.007592878147479
-0.006467987544068
-0.004537071328090
-0.002485518077723
-0.001177141327889
-0.000962166629787
-0.001252475481920
-0.000924108392402
0.000766097960162
0.003681539822362
0.007020236034895
0.009775179965004
0.011134770221430
0.010770962525878
0.008900131135992
0.006082188372272
0.002948907384081
0.000067097587266
-0.002080914564923
-0.003145112733386
-0.002935741461940
-0.001333235943867
0.001609086503072
0.005331161290029
0.008841000776477
0.011293776330802
0.012440454039626
0.012607898492397
0.012355088551843
0.012061979255657
0.011733123068736
0.011246788273448
0.010603876061154
0.009674065273738
0.008115146730159
0.005841875768914
0.003247108232748
0.000842256668483
-0.001212975602108
-0.003276992284981
-0.006013862091765
-0.009870098945066
-0.014562033422361
-0.019074263258012
-0.022159830810726
-0.022880357555740
-0.020830670574025
-0.016118730536599
-0.009291896182218
-0.001151145665161
0.007454725612664
0.015767483652341
0.023209542927734
0.029274825159445
0.033400638466129
0.035127031627097
0.034424558139915
0.031878227359522
0.028397849673269
0.024659870991439
0.021001620165695
0.017660059532562
0.014723883619334
0.012009776528663
0.009103974826610
0.005383504709891
0.000296827858868
-0.006109612779198
-0.013156559976118
-0.020074974342603
-0.026391845525147
-0.031788254750438
-0.035809734073306
-0.037881499221194
-0.037534374142391
-0.034550402705914
-0.029011120762474
-0.021291684128004
-0.012028709710563
-0.002094149632961
0.007514404596668
0.015911698127319
0.022533706069137
0.027132245508558
0.029604880178025
0.029861452721865
0.027817999128671
0.023562940449803
0.017578748482451
0.010614113197682
0.003266572149074
-0.004115105493904
-0.011179557049236
-0.017527268120706
-0.023009625404387
-0.027920447153139
-0.032696427539215
-0.037345315546799
-0.041255787709252
-0.043582389130148
-0.043609092972750
-0.040815242371957
-0.034913095049610
-0.025896370117750
-0.014143200461009
-0.000563161818943
0.013499287862087
0.026642407818122
0.037804479326365
0.046363442954044
0.051894594521499
0.053960749357757
0.052179507528215
0.046487814085531
0.037407387327778
0.026096890896389
0.014127062480624
0.003206391506304
-0.004991984359121
-0.009313506475920
-0.009920018237927
-0.008405056956483
-0.006857772853077
-0.006730317986522
-0.008391685567694
-0.011525501775506
-0.015757384141900
-0.020818466246415
-0.026257836922644
-0.031296807545609
-0.035130124926286
-0.037227520510261
-0.037252875212784
-0.034878850145953
-0.029834404153029
-0.022151332627176
-0.012372455264363
-0.001490310042434
0.009377544831391
0.019286315627091
0.027515695549948
0.033402047794477
0.036085336342912
0.034462509867233
0.027640085734352
0.015574653714183
-0.000704384162154
-0.019278754588011
-0.037715471527078
-0.053602557053793
-0.065025332348450
-0.070752740947617
-0.070168774824592
-0.063178173627654
-0.050143092043280
-0.031834437361213
-0.009568090514147
0.014739280156104
0.038943277357936
0.061038383645851
0.079102863204179
0.091196174021508
0.095677103862245
0.091731319238495
0.079614893384395
0.060527848085021
0.036335006816370
0.009388126052467
-0.017436337854366
-0.040714874166615
-0.056940825009624
-0.063591209287224
-0.060116496522842
-0.048124762902887
-0.030804019958931
-0.012062932260340
0.004331326394363
0.015537321652501
0.020139622956684
0.018296134321286
0.011548068953027
0.002165059096717
-0.007610582360762
-0.015896271772296
-0.021288264828658
-0.023082008343511
-0.021376664769903
-0.016888498328455
-0.010595964861475
-0.003315561535615
0.004550863060420
0.012808499147392
0.021019788720902
0.028404031450381
0.034315053155989
0.038664045245705
0.041625320152203
0.043130097284596
0.042888606441705
0.040703437989886
0.036641103551904
0.030990804010523
0.024050631900302
0.015904581899489
0.006418390830565
-0.004451974659840
-0.016340040752976
-0.028484658711962
-0.039906184839585
-0.049441520260878
-0.055749857001060
-0.057592222145615
-0.054297132559525
-0.045953458400811
-0.033167040047473
-0.016762566083213
0.002123588745628
0.021725548252231
0.039692989315578
0.053634918977856
0.061847842904321
0.063775560351064
0.059873757052001
0.051307425024036
0.039979273244290
0.028497409917070
0.019605351767733
0.015212176252471
0.015581454387406
0.019313624338669
0.024181649274426
0.028074161317412
0.029326493691102
0.026554091252994
0.018644627927194
0.005282152398875
-0.012465665854406
-0.032329923896659
-0.051766556892016
-0.068842605538605
-0.082484865821419
-0.092137877236546
-0.097461582819067
-0.098354775698081
-0.095040329756796
-0.088003267962196
-0.077739296322346
-0.064619092496346
-0.049047769656515
-0.031592495463645
-0.012907581768661
0.006418682779663
0.025887607641128
0.044915224253546
0.062648153339360
0.077938739269797
0.089595349063305
0.096791078975421
0.099264143785800
0.097200748722391
0.090897631851433
0.080461541630095
0.065887773676586
0.047368141814038
0.025587721293039
0.002024562756970
-0.020979938018707
-0.040535116180712
-0.053795263952832
-0.058825591747291
-0.055356962399980
-0.044817233632980
-0.029952006178155
-0.014495467911375
-0.002410368990947
0.003306886928118
0.001459618729339
-0.007246102509024
-0.020752314172123
-0.036413981140701
-0.051480053129875
-0.063311722758578
-0.069603592812356
-0.068736148018221
-0.060076175650801
-0.044043975484479
-0.022045267703294
0.003689176359877
0.030255011526602
0.054295556405334
0.072708007440100
0.083493174701601
0.086005726271780
0.080701065372708
0.068732939689857
0.051560872501476
0.030874341734404
0.008784899902960
-0.012350612283012
-0.030610714527449
-0.044958010787650
-0.055020340341278
-0.060663395119135
-0.062000818043126
-0.059736176175242
-0.055177829687871
-0.049869819122863
-0.045219804042083
-0.042121114012428
-0.040600532366943
-0.039804168086213
-0.038398125172077
-0.035098267449304
-0.029098340223934
-0.020422638337372
-0.009999386103631
0.000823987174165
0.010907170610044
0.019533280618750
0.026328691204550
0.031184859357607
0.034260782746398
0.036068499784090
0.037475941200611
0.039416469955437
0.042531691864937
0.047162999757603
0.053478270952216
0.061308933403766
0.069962314223998
0.078234516706111
0.084500541802623
0.087088984540512
0.084806658162944
0.077072204177228
0.063897935326685
0.046184655093956
0.025867534769473
0.005397709899656
-0.013020174104983
-0.027942138864480
-0.038967708655864
-0.046671003654080
-0.052075565175548
-0.056169200088270
-0.059708591383330
-0.062939286043605
-0.065450844174768
-0.066661850428359
-0.066432500506340
-0.065132857868181
-0.063362980870014
-0.061536457471209
-0.059329976652273
-0.055680715965221
-0.049604146272899
-0.040816943337923
-0.029678902245876
-0.016965051564192
-0.003565442603776
0.009956222244277
0.023467983789094
0.036929162684857
0.050236132378721
0.063400921629021
0.076495535163173
0.089264078419549
0.100950640119077
0.110494668661072
0.116648564655511
0.117904896997607
0.112588592011924
0.099266907737627
0.077333943023125
0.047459262150136
0.011641350357428
-0.027024481224709
-0.064735864496751
-0.097605839842163
-0.122490187134410
-0.137749161003065
-0.143430738053677
-0.140726982534375
-0.131244549119731
-0.116559091759358
-0.098144365089208
-0.077523032342651
-0.056218893469995
-0.035318792496128
-0.015162516592657
0.004310756690573
0.022909950804257
0.039944478520560
0.054498728417430
0.065862097437801
0.073678468275066
0.077623011420857
0.077185372608486
0.072168246062139
0.063264301796586
0.051780271856495
0.038883105616292
0.025281072372458
0.011454296431442
-0.001886023653352
-0.013563691240599
-0.022321802540390
-0.027428555748193
-0.028800005159650
-0.026746965304578
-0.021948360589080
-0.015479130411888
-0.008479577113460
-0.001876670336821
0.003550833509222
0.007025434771814
0.007811935951217
0.005502360568019
0.000376578229047
-0.006405476261772
-0.013108252339498
-0.018043575886055
-0.019905020453479
-0.017843856650325
-0.011586371049137
-0.001601151363027
0.010781589805971
0.023588127668558
0.034924486188354
0.043653598975171
0.049361330669214
0.051936472151760
0.051370556527626
0.047745285196410
0.041313469258496
0.032654479314416
0.022725886450515
0.012680530063238
0.003618214356359
-0.003457582341086
-0.007733588706201
-0.008998021497324
-0.007937248110930
-0.005908254782386
-0.004281170539604
-0.003839571520481
-0.004749841605229
-0.006891485964686
-0.010001992502822
-0.013620812107823
-0.017178984162982
-0.020323933372917
-0.023067995275609
-0.025537933683468
-0.027700511605123
-0.029321841876928
-0.030115280623218
-0.030102052933227
-0.029944094658031
-0.030639328789495
-0.032690116847353
-0.035748078311607
-0.038966977104641
-0.041278663179615
-0.041456510882664
-0.038450836336662
-0.031805729744080
-0.021666285390286
-0.008540340958784
0.006767898262097
0.023166704778913
0.039363456448584
0.053758008157607
0.064510439334619
0.070332475270898
0.071197541217522
0.068106609149797
0.062417490109890
0.055307287453118
0.047466079293703
0.039275785386669
0.031099412966931
0.022907490081729
0.013784744339557
0.002337069275753
-0.012325299653905
-0.030024661107152
-0.049757732703246
-0.070338323474382
-0.090680142400174
-0.109346514203118
-0.123980902165222
-0.131710491517073
-0.130447192106394
-0.119818878128647
-0.101120273130227
-0.076590780742977
-0.048477860427456
-0.018403593456608
0.012609342157164
0.043632218006111
0.073429836009397
0.100406564647786
0.122797767623381
0.139098475469291
0.148381145252606
0.150167678541125
0.144238738921001
0.130724151921644
0.110297781174351
0.084339277161092
0.054878125207562
0.024055383658138
-0.006384683579779
-0.034912887220590
-0.059826698473973
-0.079353558490074
-0.092257329985179
-0.098571833077314
-0.099636928199163
-0.097043803691928
-0.091522883442580
-0.082823402932592
-0.070422893029152
-0.054462628029701
-0.036268729718904
-0.017989104795051
-0.001688966559887
0.011369968759958
0.020931641799619
0.027507816150054
0.031957104136591
0.035104139454042
0.037529188840195
0.039519262450932
0.041102177283768
0.042106905460293
0.042213380259182
0.041085214547949
0.038574440569073
0.034695322529312
0.029351311722312
0.022346408107558
0.013774725682255
0.004166956772734
-0.005675471664303
-0.014718141970161
-0.021790791897000
-0.026024697849357
-0.027147115901137
-0.025360542637762
-0.021264166873258
-0.015882395107747
-0.010555616033917
-0.006721294736512
-0.005525197658081
-0.007398300071069
-0.011962158819126
-0.018259087476229
-0.025045844195724
-0.030969251669584
-0.034748314199873
-0.035596015021660
-0.033652001996056
-0.029879990603424
-0.025218810577560
-0.019663770298346
-0.012455593275580
-0.003293303871527
0.006972234128603
0.016825433098746
0.024938412101234
0.030832031843889
0.035107815246865
0.038840499939303
0.042616939517948
0.046199298824771
0.048788040080709
0.049357294483611
0.046991333529463
0.041250421226996
0.032389238104674
0.021388469117716
0.009817103080686
-0.000602217839957
-0.008648108416276
-0.013951098661461
-0.016675427700844
-0.016996943119299
-0.014982115652687
-0.010860614550651
-0.005366699896987
0.000157193118271
0.003928231306895
0.004112839398524
-0.000484607174591
-0.009683370438939
-0.021616138191905
-0.033143594434624
-0.040926402983745
-0.042615234440245
-0.037573921146476
-0.026931575295153
-0.013037535506489
0.001574391197639
0.015189543957642
0.027153256453782
0.037581941977282
0.046875320553203
0.054881745716934
0.060550497847780
0.062691668462283
0.060852880233446
0.055650020354983
0.048650323712860
0.041573098975410
0.035206028460027
0.029144878795074
0.022378057110080
0.013868629750088
0.002926899623747
-0.010418910800697
-0.025275337756254
-0.040246512192681
-0.054057733713763
-0.065976337341478
-0.075713515618397
-0.082898157602497
-0.086817599452118
-0.086730106546990
-0.082283679789560
-0.073834789741288
-0.062595688100320
-0.050220920282242
-0.038099883122056
-0.027186484423427
-0.018027948226629
-0.010282914214743
-0.002450683909801
0.007429475435920
0.020614407943094
0.036888853266613
0.054606583622057
0.071436317338455
0.085179196949479
0.093957120321246
0.096099113549286
0.090529094690257
0.077507758717503
0.058965964810152
0.037937122836858
0.017311132345397
-0.001252271977367
-0.017486090873772
-0.031801801357655
-0.044515345920047
-0.055497686401232
-0.064264371473692
-0.070461369497721
-0.074258542257613
-0.076188624917286
-0.076695251836106
-0.075869131048679
-0.073446572184198
-0.069010859115432
-0.062323580357655
-0.053346392366830
-0.042011927104647
-0.028410977706683
-0.013159932736341
0.002593712377153
0.017409273719294
0.030092896337939
0.040412294975612
0.049194240469629
0.057536941901106
0.065825094785496
0.073352964023868
0.078766269094155
0.080938043514896
0.079670952051808
0.075705579784101
0.070053111252362
0.063337938385483
0.055743352593457
0.047265736273492
0.037749207113810
0.026952093931234
0.014873712706333
0.001940537428494
-0.011082971857701
-0.023275603218301
-0.033818641256007
-0.042219323457650
-0.048297110382198
-0.051924283276599
-0.052739210585036
-0.050253004327204
-0.044302374663996
-0.035281908642521
-0.024132754646174
-0.012276747797484
-0.001264217102757
0.007792419015859
0.014495833475798
0.018932147524199
0.021205129595233
0.021198095609809
0.018807279877746
0.014504746894899
0.009720967509900
0.006426174108770
0.006104778933524
0.009074727320381
0.014502644123233
0.020854373437729
0.026519212980156
0.030304878343615
0.031622330457371
0.030353085454876
0.026604610960943
0.020602780929386
0.012623434477047
0.002971494107527
-0.007792131679097
-0.018646407681267
-0.028283343273580
-0.035557942275916
-0.040045693763632
-0.042339752122682
-0.043576306212119
-0.044644311282388
-0.045900239129730
-0.047136028332065
-0.047519789298953
-0.045912852846448
-0.041569748377605
-0.034737804980347
-0.026649465272353
-0.018780552105276
-0.011971258014019
-0.006115331647655
-0.000569110595833
0.005105632022594
0.010692891325037
0.015559333042697
0.019233320644817
0.021639467612701
0.022942537482153
0.023491196268176
0.023980380305333
0.025350938884702
0.028291932455608
0.032876442151038
0.038509645183466
0.044026894633350
0.047921409267005
0.048559834880264
0.044392293754984
0.034421503567939
0.018761569158409
-0.001209197347609
-0.023150872190136
-0.044240613086577
-0.061610453906630
-0.072709563527436
-0.075938001528300
-0.071514372318615
-0.061628433292042
-0.049409574339335
-0.037464557553784
-0.026941903575011
-0.017594073879095
-0.008669266374750
0.000185349330912
0.008700978834239
0.016365678612571
0.022850016999758
0.028104539810503
0.032330698256862
0.036012796060247
0.039754045168505
0.043840115064907
0.047874671372646
0.050841859570421
0.051635661865756
0.049771720353720
0.045784375531419
0.040949041042614
0.036556823098417
0.033290032806903
0.030965236667471
0.028605557381533
0.024876954602761
0.018770286478357
0.010051742230629
-0.000644895085590
-0.011967824216915
-0.022408869693941
-0.031008864972453
-0.037489055372565
-0.041835395737023
-0.044061786540196
-0.044299324341421
-0.042714494343399
-0.039307755429002
-0.033970497165336
-0.026699662760699
-0.017843764053178
-0.008274540518400
0.000781549672256
0.008241135524025
0.013627528664582
0.017082570141753
0.018914596162487
0.019152079910064
0.017502536682296
0.013589662204920
0.007132939918426
-0.001845045740866
-0.012824491346207
-0.024951921745433
-0.037284945457910
-0.048809444251315
-0.058457040570521
-0.065119913195909
-0.067632432339795
-0.065041011693544
-0.057126670930410
-0.044558403528685
-0.028532857146102
-0.010460945227442
0.008186866977016
0.025985350971849
0.041404467428581
0.052663064120980
0.058100558099414
0.056898321985498
0.049468043644369
0.037228409275301
0.022101679158395
0.006041014728829
-0.009135621828633
-0.021569721943968
-0.029494302307958
-0.031932594256628
-0.029176636234934
-0.022496562907840
-0.013616858925717
-0.004433966875283
0.003377812517651
0.008853905654187
0.011814404634794
0.012602561441114
0.011859461062639
0.010396851270591
0.009099419656777
0.008905101225302
0.010717877287047
0.014992262293020
0.021346214738759
0.028693910883622
0.035692241164675
0.041074160797142
0.043726281393319
0.042792800456820
0.038155769904439
0.030835010168101
0.022565170272308
0.014775712812502
0.007886919606209
0.001387408249577
-0.005483323001559
-0.012829856465756
-0.019626568432396
-0.024212991632201
-0.025326909965967
-0.022690545812274
-0.016853647557621
-0.008851897789837
-0.000043759587571
0.008083950235419
0.014264854436742
0.017799784662303
0.018679831882686
0.017336229851274
0.014271575363147
0.010072949403556
0.005640268752375
0.001944822116743
-0.000542588619238
-0.001952864826901
-0.002608346672597
-0.002731735284846
-0.002442918342197
-0.001819835953829
-0.000985245476223
-0.000135540727991
0.000543434494066
0.000873543554837
0.000635388819659
-0.000334820005295
-0.002069299056798
-0.004463855250285
-0.007166162203401
-0.009612293087704
-0.011412748077125
-0.012607687960386
-0.013379419452193
-0.013649353466704
-0.013185635059912
-0.011970106440489
-0.010272375182754
-0.008466814307367
-0.006777508434315
-0.005089063709205
-0.002935227172364
0.000421590023313
0.005796827644257
0.013682961697311
0.023797044338245
0.034924652731079
0.045275957795159
0.053060052914367
0.056893485654946
0.055972218721598
0.049999655784703
0.039076486282534
0.023797686577707
0.005353866081826
-0.014609013114946
-0.034304601012842
-0.052174972828475
-0.067119001791897
-0.078447949251035
-0.085827987751180
-0.089385125893665
-0.089758577384855
-0.087803338643674
-0.083930296357804
-0.077755693513672
-0.068559281779907
-0.055888440753280
-0.039646895321701
-0.020048409962107
0.002190456146875
0.025705736072181
0.048498051276137
0.068042980725194
0.081796637672273
0.087941925304684
0.085691158987727
0.075253119523569
0.058068166630144
0.036972802180637
0.015523443694452
-0.003176139071398
-0.017096017854313
-0.025171886560242
-0.027043348061764
-0.022981530446663
-0.014086363627852
-0.002449665216830
0.009309099203730
0.018936268775448
0.025010517932116
0.026851550422992
0.024368777747436
0.017960031282108
0.008486128084692
-0.002579221451875
-0.013325477969120
-0.022103819127269
-0.027945742330882
-0.030386663810337
-0.029242262942173
-0.024620531330926
-0.017110556470370
-0.007927079300207
0.001364945785938
0.009385464901794
0.015130149423052
0.017855010766988
0.017149650164836
0.013148476992869
0.006553272928851
-0.001559129737335
-0.009980877637138
-0.017488988080574
-0.022836273279566
-0.024770194697825
-0.022377718144158
-0.015774939963046
-0.006335514599873
0.003935836661927
0.013106111148595
0.019540225817064
0.021972802598617
0.019696239539319
0.012761452402240
0.002188372531546
-0.010044294587878
-0.021624108917081
-0.030742883900582
-0.036440100059113
-0.038461661190523
-0.037021318680927
-0.032625471830732
-0.025953785475081
-0.017821447981697
-0.009075439420617
-0.000320973127388
0.008133390412827
0.015988228869003
0.022833689290684
0.028381725860767
0.032633842011603
0.035769596154737
0.038035848551009
0.039678211323932
0.040699565310410
0.040683827039303
0.038951691893064
0.034873546567502
0.028199701666041
0.019359984664354
0.009420563783877
-0.000498653233163
-0.009822126905719
-0.018537676363367
-0.026715100337892
-0.033958827304422
-0.039346372998761
-0.041917317076774
-0.041112010914228
-0.036919534169002
-0.029813056992513
-0.020466478243961
-0.009595107476150
0.001806639286989
0.012328674078602
0.020485724868178
0.025057928941232
0.025201973625966
0.020697080158729
0.012284016475267
0.001681319661664
-0.008912124694246
-0.017574203829624
-0.023082193789286
-0.024879928724728
-0.022990153252341
-0.017946180434864
-0.010630126540951
-0.001993086709759
0.007342729590762
0.017267584091046
0.027765240014303
0.038265871412556
0.047497866774134
0.053951059241021
0.056631951901421
0.055562097710070
0.051453804304597
0.044879656559423
0.035912079602476
0.024488448301711
0.010831605128847
-0.004514320624643
-0.020769135092082
-0.036845603038741
-0.051304060882608
-0.062483090409697
-0.068690202423928
-0.068617114473782
-0.061921235843822
-0.049231724254201
-0.031629992172943
-0.010595951570376
0.011739673183258
0.032962784120334
0.050912668152831
0.063711629795393
0.069873792870989
0.068695196657088
0.060393068226483
0.046086900036960
0.027763846453529
0.007772763882649
-0.012000237883940
-0.030354266514167
-0.046367738074992
-0.059194938171646
-0.068295219114786
-0.073653629311486
-0.075657765555429
-0.074696911060998
-0.070680041743949
-0.062890402136035
-0.050607459114176
-0.033912310009799
-0.013763014956072
0.008329751088140
0.030325194216955
0.049729157678277
0.064154778248299
0.071968903669989
0.072696266597218
0.067068477001905
0.056605889053070
0.043155658858872
0.028705488884731
0.015109786509271
0.003648072396225
-0.005294022812634
-0.012304770772503
-0.018544448994010
-0.024829325479484
-0.031015885204238
-0.036362380727605
-0.040290008945230
-0.042708140483547
-0.043909841300015
-0.044211311749525
-0.043478944994459
-0.041060886302400
-0.036122302934391
-0.027823141964647
-0.015536990277409
0.000532810392881
0.018966185380294
0.037556951828670
0.054126931752679
0.067015085134711
0.075201585879436
0.078398960003308
0.077059736324475
0.072178903858980
0.065055654214604
0.056905042070418
0.048362897092616
0.039511812268989
0.030387639282957
0.021198705504884
0.012122945418021
0.003159350415304
-0.005787276260820
-0.014744027664083
-0.023522080988213
-0.031682805738383
-0.038704632257706
-0.044248331159188
-0.048234011052939
-0.050592220298668
-0.051118864739725
-0.049710858919504
-0.046566011526806
-0.042125377485962
-0.036889697357884
-0.031191051886203
-0.025144642650064
-0.018884064706545
-0.012658355747243
-0.006497479914170
-0.000041151788115
0.007030270440728
0.014544208369410
0.021761174114716
0.027580827171306
0.030900541420510
0.030840101564989
0.026832804469693
0.018837352367048
0.007656882388010
-0.005054849177251
-0.017471012294075
-0.028384986438879
-0.037355623308155
-0.044343207676884
-0.049318546649086
-0.052096397323530
-0.052306232096591
-0.049403999995715
-0.042894843957247
-0.032745314520179
-0.019690865564769
-0.005145662257482
0.009262633938355
0.022204609700649
0.033068779079887
0.042056736978572
0.049629367557168
0.055740502991405
0.059720113702569
0.060805714373805
0.058506435814629
0.052595653822224
0.043100919548875
0.030339215350099
0.015136727595438
-0.000910427018542
-0.015812715413779
-0.027871726802142
-0.035849162853200
-0.038962044866758
-0.037110554695434
-0.030880273697961
-0.021243671938630
-0.009450353725138
0.003012195297309
0.014646481785459
0.024043277268930
0.029950644000676
0.031735832673628
0.029862494151887
0.025658685390340
0.020410584016676
0.014717083029584
0.008767213709158
0.002904198424440
-0.002328814595132
-0.006464197531393
-0.009423903525318
-0.011723085348222
-0.014159553779373
-0.017299464282343
-0.021376917769943
-0.026325822269157
-0.031621555255228
-0.036199931697895
-0.038663621643446
-0.037790088656261
-0.033127998427933
-0.025160780661492
-0.014890091985154
-0.003285449715701
0.008968998774171
0.021298886834116
0.032882237577001
0.042551750499660
0.049105628657538
0.051732424996037
0.050199681329531
0.044886686849327
0.036880550079899
0.027891978383725
0.019660450591601
0.013143157850890
0.008196656105293
0.004038477899727
-0.000009732325738
-0.004118691418950
-0.007976828390971
-0.011092448317363
-0.013171047305550
-0.014246808244943
-0.014570725921535
-0.014512859064372
-0.014416684132414
-0.014325576198847
-0.013837844528378
-0.012336939471628
-0.009436937267079
-0.005213891052559
-0.000169752821288
0.005019441057321
0.009995554295991
0.014833957041476
0.019489752502893
0.023396790345887
0.025666692604426
0.025386344602100
0.021756234830309
0.014399391048748
0.003802639708145
-0.008495789770468
-0.020147219950297
-0.028911006019698
-0.033877380060586
-0.035693928715188
-0.035605227060398
-0.034592384023531
-0.033183433150416
-0.031485260799649
-0.029328687454054
-0.026529685690866
-0.022931028418703
-0.018329080076901
-0.012612609526737
-0.005900335505161
0.001602025316774
0.009770799978315
0.018446560269287
0.027280691120011
0.035670094662550
0.042591987944974
0.046645932311325
0.046524173344491
0.041515399372180
0.031748196549499
0.018214296777947
0.002531407023118
-0.013498550143008
-0.028226429637932
-0.040394250933775
-0.049236708105905
-0.054101760466991
-0.054079009898773
-0.048462345122349
-0.037495490411194
-0.022424293770438
-0.005088073884936
0.012421118908600
0.028038096228146
0.040006090891115
0.047246739713398
0.049760307216781
0.048544713519374
0.044859839515780
0.039496392855955
0.032706627328015
0.024706259839778
0.016044192788567
0.007519901846806
-0.000046515893439
-0.006127631907595
-0.010741196973962
-0.014267628082841
-0.017127436306504
-0.019717942237258
-0.022286278706185
-0.024616239653722
-0.026095401388509
-0.026179631447542
-0.024627810281259
-0.021583172911925
-0.017709109255238
-0.013910301355172
-0.010794792117169
-0.008608951067250
-0.007485565626520
-0.007460659983593
-0.008339933098179
-0.009763277051291
-0.011467633268741
-0.013355934496715
-0.015233501292235
-0.016594604517019
-0.016723953925152
-0.015087731407161
-0.011828274655089
-0.007840833815879
-0.004256314518612
-0.001932240504873
-0.001247599054158
-0.002016339236548
-0.003539665665651
-0.004772671387843
-0.004622756889835
-0.002498708575742
0.001338662338932
0.006013336143335
0.010520698193029
0.014223743400891
0.017139025093872
0.019694469488946
0.022293546740827
0.025120135157838
0.028118980940925
0.031058453665294
0.033697999856131
0.035954065022529
0.037889539729928
0.039528245852822
0.040672652807587
0.040933966976004
0.039896010631821
0.037186550167832
0.032638414370859
0.026548815050049
0.019565789466761
0.012348641093362
0.005572258765377
0.000096196741130
-0.003264685365773
-0.004254164264091
-0.003298971283096
-0.001184252094903
0.001253530290229
0.003385662585962
0.004889880503180
0.005470333126968
0.004641209151945
0.001991576243152
-0.002463378707515
-0.008348428958388
-0.015120076308410
-0.022011979114638
-0.027971310232854
-0.031804889539467
-0.032529789017583
-0.029804254155819
-0.024190826219850
-0.017012962159444
-0.009820734316969
-0.003825642553173
0.000433674270480
0.003077965477351
0.004541006553074
0.005223497401584
0.005338987749864
0.004878295386720
0.003696596114015
0.001760874732868
-0.000600568273061
-0.002728057588726
-0.003915009124217
-0.003611430748215
-0.001431035375420
0.002763243529800
0.008614500032417
0.015245247609076
0.021589999848707
0.026845117901622
0.030756529748092
0.033376697880435
0.034372005215811
0.032720892017202
0.027276577499885
0.017580303786721
0.004149742913144
-0.011735209673703
-0.028448108162495
-0.044548760473174
-0.059117461691229
-0.071688133795315
-0.082054739031399
-0.090061212452992
-0.095301803177151
-0.096911983747832
-0.093751713627952
-0.084987358406543
-0.070634816176955
-0.051601554686632
-0.029254270356497
-0.004981407716445
0.019917016995091
0.044113697387533
0.066095616167984
0.084110376957995
0.096401859616086
0.101641823093326
0.099260677249374
0.089549811148082
0.073661065213176
0.053535947937188
0.031415102035071
0.009154825847209
-0.011867091980773
-0.030446194849867
-0.045545485322666
-0.056543479296656
-0.063296235478623
-0.066027945055829
-0.065257529983378
-0.061557790166196
-0.055279438270839
-0.046688088250536
-0.036231827751881
-0.024470160013163
-0.011922593624257
0.000725082052401
0.012450368058783
0.022291147766947
0.029821114783392
0.035102772044742
0.038284206044414
0.039238886630360
0.037490939546413
0.032590037620759
0.024771466883019
0.015147778204546
0.005154332907380
-0.003972334811252
-0.011296242948596
-0.016281672759270
-0.018996253751146
-0.020154777178596
-0.020916408892501
-0.022445388963717
-0.025390971191285
-0.029677650167997
-0.034717425661254
-0.039715095214400
-0.043771355075275
-0.045838568277833
-0.044828855516822
-0.039986559732534
-0.031235545397064
-0.019140257685616
-0.004659755125635
0.010874112778784
0.025788461581563
0.038407194127063
0.047444730735787
0.052332221813941
0.053460678916663
0.052139110787975
0.050104592731084
0.048831110329851
0.049178352362670
0.051284971618786
0.054358560370767
0.056879692905248
0.057463738412557
0.055475430745844
0.050952315577115
0.044332282404657
0.036229525374235
0.027277459433666
0.018094064642696
0.009188950581594
0.000867127503509
-0.006631810995535
-0.012992546384302
-0.017876784841530
-0.021046148489322
-0.022540031191874
-0.022808012253097
-0.022546136849992
-0.022243424204943
-0.021865930529658
-0.021037169365519
-0.019411077374499
-0.016779305872596
-0.013064912544945
-0.008417281208608
-0.003111670974077
0.002688412837061
0.008803715148501
0.014874159606764
0.020653847475166
0.026149979841118
0.031129799920166
0.034686170258242
0.035612455026422
0.033328788377004
0.028352332219386
0.021876701517520
0.015099137514758
0.008792875803738
0.003114691637339
-0.002236046627135
-0.007702022381641
-0.013735115221401
-0.020549071896461
-0.027687972824884
-0.034151665809113
-0.039225671561507
-0.042872072036457
-0.045212875464327
-0.046053400191125
-0.044913280453261
-0.041281171344537
-0.034881867011684
-0.025844334076809
-0.014793543654372
-0.002901923255381
0.008153979493298
0.016421407832880
0.020162261461498
0.018480734061116
0.011583508110084
0.000360461983219
-0.014102286109375
-0.030456096384491
-0.046869039125414
-0.061213358459659
-0.071588473004698
-0.076862055057189
-0.077007829542132
-0.072978611171504
-0.065995079071165
-0.056797582635709
-0.045568616958513
-0.032338252837921
-0.017148063862616
0.000025475065903
0.019026892861578
0.039084600849627
0.058717903279877
0.076029613388958
0.089200569628744
0.096969445765071
0.098832352380935
0.095033360087521
0.086536317028798
0.074844750304161
0.061624726510105
0.048329836245621
0.035946841153042
0.024983953214615
0.015658732947547
0.007941808307869
0.001397942556214
-0.004782718670300
-0.011348032084999
-0.018491947066227
-0.025757157524987
-0.032257610754225
-0.036956823543132
-0.038980957115086
-0.037855734834147
-0.033563958895068
-0.026608098028314
-0.018043854699100
-0.009168164773702
-0.000923940297358
0.006435606372846
0.013010031466018
0.018700309206823
0.023227385015343
0.026466885287541
0.028433676949470
0.029075250803496
0.028261680804838
0.025861226227645
0.021832195216954
0.016517235116368
0.010768245305019
0.005569358808745
0.001680009019949
-0.000445417294968
-0.000686614988589
0.000646069593832
0.002770949774778
0.004709753546625
0.005556508184241
0.004446822340926
0.000659286194931
-0.006052962768908
-0.015268450818050
-0.025917167285743
-0.036482821139726
-0.045483882196685
-0.051968818651083
-0.055561609843360
-0.056231946461634
-0.054149190251909
-0.049594461810245
-0.042992034146041
-0.034951653506828
-0.026102518313671
-0.017002720438968
-0.008222565929822
-0.000352499754242
0.005984416059513
0.010089577827881
0.011431785500308
0.010093402163998
0.006884660544195
0.002998262101417
-0.000421854851343
-0.002420711968326
-0.002230691845068
0.000466541329589
0.005278400192171
0.011243723840962
0.017215311826055
0.022138060454580
0.025017081922967
0.024864314250833
0.021071742280394
0.013979506203274
0.005007874099843
-0.003898333049499
-0.011063056344934
-0.015449794119918
-0.016544898167169
-0.014189683438797
-0.008695252115722
-0.001072128291252
0.007127617802819
0.014422671385563
0.019884097418107
0.023096420641852
0.023945566927155
0.022604219987037
0.019587208805493
0.015716125915845
0.012002486050365
0.009372803294664
0.008293016078757
0.008708460567826
0.010285206471612
0.012473477696700
0.014521019343963
0.015735452621247
0.015747659535525
0.014506480190069
0.012048344808448
0.008336074031709
0.003355898695539
-0.002691687808131
-0.009323949229989
-0.015948488053230
-0.022179619432060
-0.027937043732700
-0.033168842008937
-0.037531248115923
-0.040441715542435
-0.041477927328121
-0.040678968241291
-0.038461843356324
-0.035379601838281
-0.031985593975295
-0.028672266411402
-0.025428924818127
-0.021837941576941
-0.017319318345898
-0.011269740698516
-0.003204321676745
0.006983247654692
0.018871527349526
0.031446256608175
0.043154133371394
0.052263025176564
0.057419301763690
0.058002416462068
0.054113277514892
0.046423960184255
0.035854616317490
0.023186196615460
0.009102679740768
-0.005441597565373
-0.019116396345684
-0.030505449714400
-0.038475350089775
-0.042483661645203
-0.042727568267510
-0.039994681225374
-0.035472061430647
-0.030576483865120
-0.026494409660806
-0.023662862042231
-0.021709766509307
-0.019916604891434
-0.017827847741041
-0.015423499267267
-0.012692649328040
-0.009206879560597
-0.004286733187552
0.002446897230274
0.010787588657291
0.020080006286007
0.029471128808191
0.038194828096896
0.045893524764572
0.052640859461004
0.058671921372607
0.064278647444031
0.069630752393386
0.074297209857775
0.077224679083412
0.077351644964968
0.074030036866368
0.067016520503004
0.056358755507344
0.042211169740150
0.024780252825629
0.004633380014358
-0.017044511011447
-0.038589983709118
-0.058153205228986
-0.073901891088712
-0.084185482340676
-0.087832673901038
-0.084539563007469
-0.075037246067408
-0.060882582789888
-0.043989955411181
-0.026142523659269
-0.008726061361385
0.007279694284588
0.021217707473663
0.032728286316065
0.041793044482836
0.048640403265826
0.053429779806897
0.056130444952593
0.056822814845009
0.055918531469319
0.053915565335980
0.051038526578604
0.047110048158904
0.041669419018297
0.034356305630935
0.025153189478346
0.014158397139731
0.001401902904853
-0.013041810826459
-0.028942815427847
-0.045881886391254
-0.063218219351119
-0.080047571926793
-0.095140464653731
-0.106978060466261
-0.114121582473578
-0.115709141220313
-0.111695971659758
-0.102810659267483
-0.090193929675921
-0.074956403654661
-0.058087423445061
-0.040505890627438
-0.022907502610228
-0.005619801401470
0.011275042999557
0.027637311952244
0.043023205673051
0.056743240285163
0.068141647124680
0.076596025179884
0.081216447874009
0.080879902954443
0.074787947928184
0.062994293289027
0.046430335594941
0.026546814899238
0.005076957221757
-0.015877031197922
-0.033896495528954
-0.046792835027626
-0.053293119614319
-0.053378475331356
-0.048112931680224
-0.039084745010328
-0.027919359863771
-0.016195598992269
-0.005416021238206
0.003296203748223
0.009497254750799
0.013501454084211
0.016205952697592
0.018596489386290
0.021302248339028
0.024625087994936
0.028692675687803
0.033311885848293
0.037780728162124
0.040950852646028
0.041543327673986
0.038612066162106
0.031945480524009
0.022213373158314
0.010736772045879
-0.000965940327188
-0.011599789524351
-0.020445841248512
-0.027462483281112
-0.032933994481534
-0.036906105816105
-0.038830593817922
-0.037792389948785
-0.033345843050518
-0.026195520965785
-0.017982730877530
-0.010388901305216
-0.004278393738934
0.000484001138948
0.004531588677442
0.008471886521519
0.012756228118673
0.017626276207450
0.022845978494078
0.027650849864459
0.031151435647736
0.032696816657706
0.031952962404282
0.028768558982388
0.022980010224861
0.014565209135741
0.004094416313140
-0.007175835241540
-0.017866481934226
-0.027104388575027
-0.034399380065457
-0.039120053366313
-0.040445084534451
-0.037658275753227
-0.030407940704131
-0.018959334546807
-0.004257995099997
0.012311639259914
0.029137894339634
0.044452475084633
0.056541827847458
0.064106157042009
0.066505448886708
0.063773695882522
0.056424067218611
0.045165440674507
0.030776894213267
0.014264391300751
-0.003042261367420
-0.019752047723497
-0.034717633698258
-0.047033121099912
-0.055815392143422
-0.060165058457217
-0.059540119307278
-0.054173296068552
-0.045112485709209
-0.033849978111491
-0.021809298406025
-0.010136314904113
0.000207447461295
0.008413698982863
0.013963815413020
0.016843185951135
0.017565829982108
0.016868317210866
0.015460110889603
0.014086028430899
0.013477398144754
0.013869066962803
0.014654007396894
0.014847266762508
0.014028410983753
0.012752351615478
0.011938976411991
0.011980645847210
0.012508433633561
0.012749358590832
0.011967592116408
0.009625264686530
0.005274083396917
-0.001304461850391
-0.009768609082067
-0.019283962345496
-0.028865349460458
-0.037625047435799
-0.044869716316153
-0.050015936304212
-0.052458495231828
-0.051626854703045
-0.047272033632434
-0.039763387556142
-0.030077129002921
-0.019517793107073
-0.009488982720284
-0.001234960489811
0.004609043074451
0.008259310573358
0.010549011949434
0.012536962157133
0.015168151719310
0.018942433155852
0.023769625458415
0.029219784023410
0.034782218208811
0.039677372989665
0.042769238181231
0.043106220453136
0.040441773204466
0.035158218486844
0.027891025995081
0.019234477330376
0.009647658962976
-0.000408647037332
-0.010256869308057
-0.018939108345373
-0.025350614775469
-0.028493215257737
-0.027677490508083
-0.022584543266851
-0.013435898279073
-0.001321663791006
0.011854254171775
0.023947926344580
0.033110697906512
0.038033169044311
0.038013498925748
0.032996679711345
0.023600424540845
0.011013296923146
-0.003172202693551
-0.017176651122710
-0.029376771304228
-0.038554520834621
-0.043858833100310
-0.044831026689941
-0.041705179206864
-0.035442106429620
-0.027201844851139
-0.017821396953961
-0.007914998241086
0.001605144914033
0.009404327226541
0.014309699602700
0.015979800093928
0.014940798849666
0.012090383545006
0.008276158200495
0.004199588131785
0.000491163430435
-0.002290299045040
-0.003818398928259
-0.004114486502617
-0.003400542425687
-0.001774771788903
0.000909158285774
0.004767114928640
0.009583248465215
0.014793572278708
0.019625057442623
0.023345825092721
0.025535577813473
0.026112918336871
0.025231618131022
0.023175270036332
0.020119572934550
0.015995877395465
0.010685899375160
0.004279939900001
-0.002710506325146
-0.009279804964971
-0.014361205638355
-0.017421598555581
-0.018466186340179
-0.017647376340922
-0.015084023966511
-0.010875185515999
-0.005200794430545
0.001464728878716
0.008416163160641
0.015113719633082
0.021333731904544
0.027030595766963
0.032182015711132
0.036588447604740
0.039702793912364
0.040676897993082
0.038736255296560
0.033633728258040
0.025757337155404
0.016012089343466
0.005609810549297
-0.004382975172993
-0.013441688639941
-0.021488990366007
-0.028439690737147
-0.033920467346813
-0.037452255958306
-0.038779880928721
-0.037901637986221
-0.034804434907345
-0.029316014593071
-0.021399788597762
-0.011618284030082
-0.001096086267018
0.009053676593401
0.018018596532365
0.024956378743805
0.028698061972157
0.028058112718256
0.022656229179147
0.013419327860341
0.002074329450453
-0.009690532026692
-0.020501985295767
-0.029127590962831
-0.034294931829277
-0.034915773955702
-0.030676750222772
-0.022330762741558
-0.011535516322550
-0.000598101828185
0.008022442085813
0.012591501716017
0.012734819914117
0.009283137662769
0.003623476208832
-0.002907894335566
-0.009445634251714
-0.015740650459935
-0.021815865648754
-0.027445018731396
-0.032116095096574
-0.035390875118610
-0.037205523727618
-0.037922547758796
-0.037973267090430
-0.037401292341338
-0.035898509567868
-0.033172033364882
-0.029023840309549
-0.023202469973955
-0.015571230946214
-0.006424439543777
0.003522932599774
0.013333877877038
0.022067298846113
0.029006440945783
0.033744287107252
0.036123030382185
0.036224381671608
0.034485023251156
0.031722957118242
0.028894391311601
0.026742969059936
0.025601548748241
0.025427500160059
0.025887978103084
0.026305791622227
0.025642326900427
0.022828857421800
0.017320154528049
0.009369729872082
-0.000109571849215
-0.009897539426828
-0.018898099735287
-0.026264639711143
-0.031169613394988
-0.032957412154132
-0.031657921092827
-0.027930680913928
-0.022446584597673
-0.015631373007904
-0.008034905547244
-0.000675900735684
0.005167391021052
0.008605511700939
0.009675899493520
0.009235541517320
0.008303216563238
0.007485894070417
0.006919667684826
0.006488592330895
0.005843112163708
0.004467766948268
0.002137043990655
-0.000737877210536
-0.003237408632364
-0.004308490152944
-0.003112526633023
0.000776797960936
0.007376833762239
0.016399867357525
0.027138186908227
0.038375289651984
0.048847591597581
0.057683669180743
0.064202320848736
0.067615872934893
0.067056274361674
0.061651062498852
0.050638529336066
0.033808747948388
0.011981330344916
-0.013068775614604
-0.039065592167091
-0.063580641120703
-0.084233818884536
-0.098937807369865
-0.106376491809109
-0.106442259863940
-0.100061189088971
-0.088523599580202
-0.073001172262945
-0.054624946228287
-0.034864777541420
-0.015558975252501
0.001676498980522
0.016015847155549
0.027339631617103
0.035875119469441
0.042088673914658
0.046692738926944
0.050545317509627
0.054330785985544
0.058010824546654
0.060704338071121
0.061419506169841
0.059686808067516
0.055391950776094
0.048445699619004
0.038865598808957
0.027135006306834
0.014334876761364
0.001689617057912
-0.010009096084457
-0.020451954745150
-0.029426115860242
-0.036471367103675
-0.040924902102304
-0.042271654364050
-0.040389697439667
-0.035492869189264
-0.027914075435432
-0.017988420680837
-0.006123569586790
0.007033934756655
0.020467446004279
0.032864890959072
0.042822772352883
0.049018115147432
0.050529144276245
0.047336411906800
0.040515257695247
0.031672463197226
0.022123310130620
0.012681318737586
0.003778837192306
-0.004469922925933
-0.011977600296696
-0.018530968574325
-0.024005470251335
-0.028394494508484
-0.031595479698681
-0.033418830359051
-0.033894105926769
-0.033376915030080
-0.032317915433674
-0.031041154427004
-0.029626792770287
-0.028008406903394
-0.026235557808952
-0.024555555563663
-0.023266636486763
-0.022480635458825
-0.022072287315373
-0.021900525948931
-0.021861481457571
-0.021604511868645
-0.020319958537285
-0.017000497582528
-0.010998732689456
-0.002332816035632
0.008353024976496
0.019935612993041
0.031022940239734
0.040202986839761
0.046280492009140
0.048578636774918
0.047207167129949
0.042959753980664
0.036845125953785
0.029737557484182
0.022565156282207
0.016633867247720
0.013161899240002
0.012324178354725
0.012997469462919
0.013346940056714
0.011732321921566
0.007377599956247
0.000308492152170
-0.009007575511395
-0.019642630413078
-0.030057272191582
-0.038363437599317
-0.043052598480671
-0.043632668633802
-0.040626125789368
-0.035118065188562
-0.028342724479938
-0.021458027608524
-0.015353820631810
-0.010366180529427
-0.006152433030053
-0.002023414948137
0.002521959757116
0.007482229011041
0.012407686243351
0.016819812971615
0.020625784300468
0.024005654260413
0.026930313163949
0.028985557098092
0.029717628233359
0.028961605931994
0.026757665184310
0.023223309222615
0.018629758072962
0.013387182273180
0.007918126275589
0.002608745569557
-0.002264784811018
-0.006637251229423
-0.010577161022305
-0.014045859138717
-0.016730872450224
-0.018197110089274
-0.018298960119682
-0.017251108613113
-0.015151099597053
-0.011726111352896
-0.006637453303845
0.000161233381902
0.008281295746519
0.016920247221119
0.025007441608413
0.031507738670404
0.035769263952680
0.037634827746055
0.037318315658554
0.035143708955455
0.031319450571252
0.026116430977910
0.020149605533152
0.014094670163897
0.008112925794829
0.001761161395969
-0.005553134706229
-0.014105088548551
-0.023662271760071
-0.033575470373794
-0.043108079519489
-0.051687220701520
-0.058726443298663
-0.063399336436585
-0.064956595587738
-0.063214389441867
-0.058588279893370
-0.051760418244827
-0.043331200844600
-0.033697512180062
-0.023241990685625
-0.012694578758730
-0.003265974492295
0.003823575189594
0.008066826226912
0.009823402103606
0.009896583827493
0.009137475216386
0.008238320194632
0.007662766852512
0.007641425539445
0.008123031665621
0.008769325532344
0.009089922710484
0.008637624663906
0.007012393409039
0.003687351769991
-0.001839399977282
-0.009468672183174
-0.018147783248698
-0.026107836528400
-0.031410805790755
-0.032561185102549
-0.028968909689030
-0.020928183349000
-0.009271543301363
0.004740856488672
0.019366388570553
0.032724485755274
0.043352796144061
0.050249062428823
0.052539121924595
0.049508329969412
0.041036072885671
0.028001116128457
0.012390717069573
-0.003021919551467
-0.015305954178418
-0.022142783530006
-0.022486687659666
-0.016656731769475
-0.006112533493330
0.006721656183263
0.019035458978403
0.028537154766172
0.033944169046723
0.034906726249856
0.031739621590436
0.025199126129987
0.016310553415280
0.006304450816913
-0.003536816228197
-0.012356549892946
-0.019953031862344
-0.026350235284311
-0.031395704571647
-0.034903864381165
-0.036956789997258
-0.037917219454281
-0.038093470575344
-0.037278225256554
-0.034628941005054
-0.029153154511159
-0.020375026191657
-0.008490423939660
0.005952501571699
0.022165711117372
0.038957601844682
0.054798021202936
0.068180889576894
0.077964052446793
0.083410210396988
0.084070121971095
0.079906733770762
0.071533381024338
0.060168589748716
0.047270850110160
0.034105316373424
0.021577872751689
0.010342987675596
0.000856175499196
-0.006743776956681
-0.012799696926618
-0.018126372216106
-0.023593561743142
-0.029595030167455
-0.036037783788045
-0.042705897646174
-0.049403107175112
-0.055933762018894
-0.061999518080033
-0.066841797379967
-0.069136194787940
-0.067621066788415
-0.061856663405443
-0.052290663401300
-0.039817213437039
-0.025621002039484
-0.011316049988123
0.001293760204484
0.010864787276407
0.016856746731209
0.019213090965032
0.017973265400042
0.013379262240987
0.006134837351638
-0.002543198739865
-0.011072012271268
-0.017879157702137
-0.021753882192432
-0.021977180067657
-0.018474222229496
-0.012003778714745
-0.004074984508702
0.003516286854840
0.009331866595451
0.012827220499457
0.014365074452785
0.014617724503277
0.013988833126131
0.012533897640542
0.010264602635439
0.007350522214875
0.003934631061070
-0.000048427364577
-0.004764427854128
-0.010119334848430
-0.015397203850034
-0.019483962605123
-0.021576060132428
-0.021437997817917
-0.018961600568808
-0.013857176071623
-0.005983099844689
0.004170684918662
0.015399603941695
0.026170832532153
0.035118470678222
0.041240825608978
0.043896168004208
0.042902664790458
0.038791012131758
0.032749447034474
0.025925867655344
0.018903593349012
0.011916975440304
0.005208104705369
-0.000730475884549
-0.005043455103601
-0.006880864715343
-0.005918483876546
-0.002323758267806
0.003516011927765
0.010888711639262
0.018635344440791
0.025454681048847
0.030399096223937
0.033091356140765
0.033460506364799
0.031405198972693
0.026811363816678
0.019830752641922
0.011210065821595
0.002364254952621
-0.005094073473119
-0.010020860028990
-0.011918580727988
-0.010616600858993
-0.006233673619879
0.000350537634930
0.007448398815325
0.013360868023198
0.017127301014594
0.018569044075881
0.017956645330542
0.015707520716761
0.012226056328447
0.008015280332003
0.003822284628941
0.000319278076095
-0.002296581208542
-0.004038318995197
-0.004689211340096
-0.004010815176239
-0.002252086783214
-0.000298758988399
0.000640235566210
-0.000424827773665
-0.003853175772978
-0.009335674097845
-0.016179891408059
-0.023526503495218
-0.030257615285049
-0.035042398555587
-0.036818553454997
-0.035256705490731
-0.030742397971973
-0.023940838130048
-0.015487371713679
-0.006055879505908
0.003579127724343
0.012563785962086
0.019997907552859
0.025163272732344
0.027637343705416
0.027101519136163
0.023342606533557
0.016595016611085
0.007751940493617
-0.001924098444749
-0.011213739946761
-0.018998982282041
-0.024311251063021
-0.026575145345645
-0.025779363005716
-0.022569531962889
-0.018146379287250
-0.013810008262227
-0.010567664187376
-0.009162977577672
-0.010111631187955
-0.013377018793764
-0.018153863861298
-0.023118827087099
-0.026853396198007
-0.028320298836167
-0.027363289615595
-0.024743828865533
-0.021455191200859
-0.018043124775540
-0.014714430651918
-0.011666369707645
-0.008858394621952
-0.005822927367697
-0.002104959510250
0.002198473218542
0.006325590207987
0.009268874923905
0.010472200347651
0.010092171398047
0.008711516807815
0.007032901194156
0.005652871670327
0.004943607934570
0.004956293608020
0.005225524663787
0.005002990054733
0.003874145730705
0.002039954629919
0.000199283716617
-0.000807256591690
-0.000477732680668
0.000969333843549
0.002617564876578
0.003493027731889
0.003097303258876
0.001178188589909
-0.002514554988290
-0.007941449574730
-0.014532209414587
-0.021327829936715
-0.027179507593046
-0.030965203156258
-0.031931271014371
-0.029730403763445
-0.024232462060338
-0.015742774300220
-0.005257930855599
0.005790709743835
0.015999799623348
0.024437712282689
0.030965098091486
0.036127357126942
0.040705364494780
0.045374700859748
0.050417561403407
0.055340729107835
0.059024539492985
0.060508649379124
0.059548146868771
0.056495476378774
0.051742431574939
0.045333620081828
0.037151498088742
0.027378889419382
0.016809665094945
0.006747810526267
-0.001497377738859
-0.007111744427991
-0.009944797400478
-0.010404340553161
-0.009287761903995
-0.007674753738079
-0.006793431509017
-0.007753950123355
-0.011293092704767
-0.017626029565301
-0.026288326248448
-0.036092919133144
-0.045362891106746
-0.052319087480730
-0.055604413432442
-0.054786684156887
-0.050501886330551
-0.044184789674654
-0.037550973171684
-0.032147458579082
-0.029096245770038
-0.028834448560978
-0.030888924981886
-0.034035119557060
-0.036993266504368
-0.039129089238441
-0.040478192972546
-0.041274020426340
-0.041559192678704
-0.041055768157815
-0.039308822649773
-0.036018939804893
-0.031118232460871
-0.024426897986914
-0.015612654568928
-0.004713894227593
0.007671121883097
0.020792089441181
0.034073611528497
0.047128116292502
0.059586450899652
0.070747520720910
0.079454400631680
0.084602442889409
0.085597499859518
0.082316033399980
0.075023627331657
0.064259071124098
0.050736837890046
0.035430393449663
0.019421131503786
0.003611085520319
-0.011171416721531
-0.023889964050867
-0.033386810985182
-0.038878167168975
-0.040393322458405
-0.038607285043650
-0.034125876962189
-0.027137313943467
-0.017869454898749
-0.007018461789242
0.004375116664352
0.015195742824390
0.024419973045611
0.031198007771250
0.034929228426757
0.035436779011885
0.033213632473852
0.029484699831957
0.025726492962375
0.022973021201654
0.021532533071597
0.021073553939148
0.020865607413696
0.019992063046294
0.017467584638793
0.012506125979181
0.004861349004223
-0.005117675337848
-0.016754456764939
-0.029390739537166
-0.042542489479011
-0.055669051464395
-0.067695886871337
-0.076993103106656
-0.082031769257711
-0.081954782020488
-0.076669788803907
-0.066706134543126
-0.053002912935673
-0.036832062905155
-0.019805939175243
-0.003473623724468
0.011389275595196
0.024932659085432
0.037638558227291
0.049642014908135
0.060371869848718
0.068723475323718
0.073770124896584
0.075294280850277
0.073606323269326
0.069115200630583
0.062167687824316
0.053050310410706
0.042026662729441
0.029451334755353
0.015920561942510
0.002412168220438
-0.009820591614486
-0.019704983507550
-0.026721488944282
-0.030942995609779
-0.032811474371280
-0.032761482727710
-0.031077674210587
-0.028062585782264
-0.024051834323383
-0.019172950970465
-0.013304758146019
-0.006571115654580
0.000169007610788
0.005562513070804
0.008464048337272
0.008542683485818
0.006454910065069
0.003294146417056
-0.000246038800741
-0.004104321381938
-0.008343456645883
-0.012751658374620
-0.017039413510450
-0.020934793303944
-0.023928413517578
-0.025390044857393
-0.025090309970767
-0.023447177500582
-0.021243339185653
-0.019040430261053
-0.016648253705849
-0.013066373731248
-0.007183079359024
0.001214521099026
0.011100876431815
0.020796177942501
0.028855666522258
0.034492072494572
0.037424805791645
0.037858586663878
0.036512647385078
0.034148502095185
0.031110221106167
0.027279910220541
0.022201112678368
0.015438449184893
0.007045316625868
-0.002460980879409
-0.012602212197830
-0.023145115785097
-0.033696333580260
-0.043314787231608
-0.050715590270045
-0.054829144474890
-0.055205509052475
-0.052106846155526
-0.046283371044764
-0.038527942188871
-0.029448778120392
-0.019672108854652
-0.009924713070340
-0.000692681634451
0.007865627885674
0.015535318699804
0.021908900363166
0.026656149628274
0.029720324597887
0.031177284925616
0.030992429527044
0.029035690107758
0.025254623877902
0.019765023580943
0.012758505470354
0.004336335411525
-0.005434151673431
-0.016217236821367
-0.027071049768330
-0.036410874978851
-0.042554261248275
-0.044511218068428
-0.042294326019452
-0.036529906658481
-0.027967216056379
-0.017426740596359
-0.005890662126853
0.005618527907664
0.016150894656335
0.024896299937278
0.031318465911703
0.035057953310384
0.035765038840814
0.033409210689685
0.028608230000558
0.022350248957476
0.015494387703491
0.008571612614041
0.002103681901766
-0.002915069604068
-0.005306490253443
-0.004543529439465
-0.000996421555146
0.004407148182461
0.010505012924634
0.016169035743279
0.020583987677752
0.023330543307742
0.024327946847168
0.023885034527442
0.022635143972838
0.021237158757897
0.020072393212407
0.019124403506319
0.018297529360163
0.017664119800778
0.017034982956039
0.015705480944057
0.012884570620124
0.008090731928552
0.001299013496420
-0.007031599336963
-0.016201153779297
-0.025533765784123
-0.034346321986911
-0.041936865409434
-0.047725446924688
-0.051234841522384
-0.051970580435732
-0.049455606500063
-0.043486041962616
-0.034454732637719
-0.023424422063218
-0.011756640369011
-0.000497018540707
0.009794941042518
0.018659156659741
0.025573477996647
0.030190069891137
0.032641194485892
0.033713212487195
0.034517144188537
0.035839134481876
0.037850329534161
0.040262234369766
0.042616221374052
0.044485818565273
0.045470327323640
0.045017247676606
0.042413331833284
0.037160631385789
0.029179165335505
0.018556302946990
0.005493835132657
-0.009381795190078
-0.024854969216794
-0.039375266538040
-0.051603058178485
-0.060825768678051
-0.066909307621787
-0.069942515779966
-0.070134577368419
-0.068086353480960
-0.064795324871706
-0.061141250360341
-0.057351241601705
-0.052802777432602
-0.046212235980155
-0.036185823665496
-0.021863816229337
-0.003356837907747
0.018074550696253
0.040202343258569
0.060338975501830
0.075987493437381
0.085590548473783
0.088830668717183
0.086160565103782
0.078334640373374
0.066337045937210
0.051483708106958
0.035547811716328
0.020398596157329
0.007090102730587
-0.004573150468722
-0.015459026381049
-0.026179774786916
-0.036548533678591
-0.045621967923565
-0.052135132071522
-0.055070307741993
-0.054191613424906
-0.050156921152666
-0.044029946491391
-0.036765212038306
-0.029024762590758
-0.021078068020998
-0.012880102269233
-0.004452326618332
0.003874513082165
0.011467851459279
0.017444361033858
0.020894035261524
0.021228220268563
0.018417235131109
0.013068333697235
0.006297341397253
-0.000569275801013
-0.006290759797268
-0.009845630368323
-0.010444428217040
-0.007625245991795
-0.001352181357976
0.007974367290509
0.019433347447022
0.031622371799809
0.042980955584591
0.051958017734092
0.056956486738529
0.056553683211747
0.050089718434037
0.038173874830917
0.022626086676565
0.005766981359699
-0.010483328517927
-0.025050996805841
-0.037586339114351
-0.048150205452856
-0.056820833741724
-0.063341838143830
-0.067166551311001
-0.067756967649800
-0.064827504549903
-0.058527844612505
-0.049422741980686
-0.038259909890647
-0.025764872163377
-0.012589084488630
0.000483209644233
0.012356221439786
0.021940178457641
0.028679093218753
0.032714596935904
0.034586734755263
0.034749234064615
0.033319133466349
0.030367608175004
0.026552637866353
0.023245833080917
0.021808871315412
0.022891635575288
0.026355002534054
0.031453002047569
0.036967658334639
0.041409529747638
0.043374882010547
0.041956527126952
0.036956853689806
0.028718677651883
0.017819707237883
0.004865070927723
-0.009593120290265
-0.024788358715085
-0.039394740348294
-0.051712444362966
-0.060226957704384
-0.063961352707003
-0.062516554680013
-0.056237814228431
-0.046507149153397
-0.035525815298822
-0.025472323611469
-0.017657245377961
-0.012278959118607
-0.008803289224375
-0.006451116582433
-0.004457864561917
-0.002205274510073
0.000671572111742
0.004197996615791
0.008179993841232
0.012663000307306
0.018200742980267
0.025501049389692
0.034782124251231
0.045271533438857
0.055173700107225
0.062295350129672
0.064998540625533
0.062813596139320
0.056357021405055
0.046793985265730
0.035356057074933
0.023128094373586
0.010883797311230
-0.000876334473650
-0.011502253581709
-0.020183686525318
-0.026538415535260
-0.030809060412206
-0.033541304280305
-0.035333378557517
-0.036554510069024
-0.036978131355707
-0.035900707305791
-0.032612914057946
-0.026601527392568
-0.017588922926857
-0.005667072205502
0.008472224345117
0.023397524018817
0.037163848200708
0.047875387714798
0.054331495311623
0.056283357382287
0.054201471852757
0.049117959461818
0.042472698300518
0.035631593886752
0.029553543621568
0.024786523078081
0.021544771484784
0.019945813147568
0.020118966171166
0.021811335299950
0.024006474843463
0.025127544268048
0.023663428969904
0.018823520086046
0.010817648430647
0.000495537813809
-0.011238152889313
-0.023631702091508
-0.035922417034996
-0.047197340246851
-0.056632899811924
-0.063788035364857
-0.068489823248153
-0.070699161268117
-0.070491172491486
-0.068007784996565
-0.063689808230311
-0.058418156708845
-0.053039230591076
-0.047833239290132
-0.042496737006462
-0.036503464262014
-0.029358135807391
-0.020515260992832
-0.009457545334114
0.003916749434957
0.019103484045788
0.035023182360679
0.050194874443102
0.063092433828774
0.072307854872971
0.076578049339032
0.075093092173540
0.067810792439658
0.055479295762242
0.039463049007043
0.021398375380584
0.002899481021276
-0.014560650370476
-0.029800412512405
-0.042056664735579
-0.051014382267943
-0.056787604059646
-0.059632373171627
-0.059519163422735
-0.056267068426287
-0.050148108159249
-0.042008713290390
-0.032877914837523
-0.023709083979144
-0.015197780619478
-0.007671342557048
-0.001433652864858
0.002924222951779
0.005010482543005
0.005224484815956
0.004441136431485
0.003328430299395
0.002122300677573
0.000718879822396
-0.001160902116852
-0.003819350274523
-0.007410296162159
-0.011539455156112
-0.014987338163067
-0.016084393993391
-0.013519351018920
-0.006966860133639
0.002955118006051
0.015136793705081
0.028196281816964
0.040550513259577
0.050585429185197
0.056869391410974
0.058356457183564
0.054500627723302
0.045271144857901
0.031213940231045
0.013638413869625
-0.005352559549359
-0.023274473008208
-0.037927489989276
-0.047972966669894
-0.053103394669289
-0.053664539991030
-0.050279518874365
-0.043942775156159
-0.035975211061740
-0.027484544828423
-0.019003537285767
-0.010490399870388
-0.001429060390886
0.008672462454368
0.019583698118222
0.030324594453057
0.039809677291694
0.047296275077697
0.052324630026007
0.054721789741161
0.054694659582006
0.052586859021660
0.048702180399179
0.043318913106371
0.036560278461222
0.028603238303809
0.020213775459260
0.012545720150022
0.006251851820704
0.001120006352220
-0.003489921348817
-0.008154700043350
-0.013233995300461
-0.018887308660708
-0.025035835447889
-0.031270037228206
-0.036898785965188
-0.041093596835370
-0.042965438645246
-0.041813472658124
-0.037555540734652
-0.030657285875650
-0.021602148126072
-0.010881374822398
0.000543079317545
0.011166574581537
0.019371429161095
0.024045475424256
0.025095485600982
0.023465326714125
0.020704831527131
0.018525286613893
0.018308580990222
0.020405364055228
0.023870145100115
0.027199946791106
0.029275923049391
0.029661499128050
0.028535226271731
0.026467092712823
0.024068575549651
0.021859309269264
0.020295784291571
0.019609951002854
0.019564835407699
0.019543672493325
0.018946297708345
0.017444031734310
0.014856527476504
0.010837163136546
0.004807908924868
-0.003618302669071
-0.014044961339880
-0.025161380903555
-0.035237021313792
-0.042769840085371
-0.046978545573663
-0.048018945028682
-0.046707573134438
-0.043978474734467
-0.040589335036923
-0.037087706518478
-0.033824884250247
-0.031002856220455
-0.028709478075744
-0.026930295256060
-0.025607487255492
-0.024636833096622
-0.023625228478047
-0.021751628816756
-0.018222495210789
-0.012745665322534
-0.005371442577082
0.003605370778718
0.013331600214004
0.022497240830617
0.029897337263846
0.034686739338556
0.036450392271925
0.035368955308453
0.031956364644942
0.026585616993883
0.019558344101049
0.011233570361232
0.001752739231389
-0.008886383159744
-0.020144701375450
-0.030594663298252
-0.038372224858515
-0.041885499327995
-0.040525833927526
-0.035081887888147
-0.027194358840924
-0.018347605041410
-0.009497191263363
-0.001254080221245
0.006014266850313
0.012325382869125
0.018277508667326
0.024904653869340
0.032987378957970
0.042245928684422
0.051069304062101
0.057095777463961
0.058275550972001
0.053725622401249
0.043969246236391
0.030468461185873
0.014991267063879
-0.000840150234984
-0.016300277875430
-0.031989326499119
-0.048846543258595
-0.066830704964428
-0.084759578385054
-0.100962553022036
-0.114088937073028
-0.123701193709282
-0.129888370776935
-0.132158787893925
-0.129209748561402
-0.119944747286951
-0.104451252960648
-0.084235324013110
-0.061833136421945
-0.039706055566034
-0.019059042780366
0.000038999889518
0.017587214327703
0.033136838142939
0.045983105059442
0.055628755007836
0.062259995402487
0.066718379106503
0.069945330235615
0.072488933417797
0.074559618532304
0.076671551249114
0.080042768466568
0.085927020466093
0.094209744428845
0.102272395052056
0.105254644229602
0.098058324433631
0.077974889792563
0.046403143836132
0.008534452082211
-0.028907494547024
-0.060063324838332
-0.081078433225764
-0.090460938012259
-0.089023280491356
-0.079167045408854
-0.064051497855313
-0.047058943735176
-0.031121091378707
-0.017937603398814
-0.007751996229389
0.000400642584657
0.008464494133706
0.018614391866606
0.031887909629059
0.047581937836850
0.063919613480638
0.079006338608646
0.091348260313633
0.099832644761193
0.103228895309298
0.099817632575257
0.088079186372311
0.067953710629285
0.041306147517844
0.011410467768733
-0.018181438852733
-0.044824631935190
-0.066895985600019
-0.082886269363795
-0.091026487931648
-0.090111577104739
-0.080578575400071
-0.065037834555431
-0.047971946552895
-0.034229155408185
-0.026978169554307
-0.026676661935324
-0.031363519531489
-0.037642141324264
-0.041988157920377
-0.041784694749646
-0.035637037388443
-0.023486691331229
-0.006985734055150
0.010485471489264
0.024930822546600
0.033505381358122
0.035715450228766
0.033428126916298
0.029728097046630
0.027356303697940
0.027737392564139
0.030613012958192
0.034050333290632
0.035316464532724
0.032497596020948
0.025594024500393
0.016285311418466
0.006825578077078
-0.001168189976155
-0.007528221576197
-0.013415888234465
-0.020220966260488
-0.028594621247036
-0.038418284391510
-0.049031460404114
-0.059209082536885
-0.067161766822413
-0.070815389780905
-0.068628845696473
-0.060715722534401
-0.049234439812096
-0.037432684811259
-0.028143167291372
-0.022888759439125
-0.021650082713477
-0.022878687747658
-0.023993884929650
-0.022378129734672
-0.016022058277023
-0.003713797355803
0.014419621190411
0.036277477940610
0.058106885471771
0.075743326355356
0.086019758292954
0.088044218018153
0.083661540799506
0.076231048910331
0.068617166861843
0.062182330614094
0.057069155303404
0.052829754271864
0.048893065761598
0.044945495853048
0.041098622393139
0.037617988575969
0.034549459181719
0.032020448671207
0.030969183029081
0.032967049162594
0.039154833907590
0.049578950543488
0.063103719137464
0.077553087920201
0.090446551735884
0.100021792497822
0.105503427654072
0.106839496336224
0.104695290878812
0.100348005524147
0.095131108953814
0.089980332954098
0.085272758416473
0.080602474052230
0.074697328470274
0.065974724109305
0.053484805294980
0.037421170168026
0.018923599452073
-0.000408180869213
-0.019064831365797
-0.036061042143354
-0.050914564776414
-0.063418607356428
-0.073577448081236
-0.081540736551469
-0.087506645333778
-0.091754539030184
-0.094645082126974
-0.096476207680780
-0.097422554509346
-0.097633470902046
-0.097204279241650
-0.095942304643694
-0.093282103374993
-0.088399478633421
-0.080234239060270
-0.067565396158676
-0.049440510969729
-0.025725043503268
0.002615498336062
0.033420999125344
0.063576640768591
0.089927512209958
0.110154060112812
0.122902335717890
0.127538115910910
0.123986263323982
0.112805301750794
0.095373655709618
0.073959445648336
0.051423713164341
0.030561080442212
0.013592671031666
0.001838843689368
-0.004579934573436
-0.006556509016214
-0.005397951337249
-0.002300843689678
0.002009452299729
0.007143556324001
0.012428286369674
0.016821982772980
0.019556105846185
0.020454079274295
0.019697615186878
0.017639411161674
0.014723281913887
0.011315277934455
0.007515649658326
0.002963289470304
-0.003270745284605
-0.012243510436195
-0.024257461716314
-0.038480103594429
-0.053260929487430
-0.066463651892322
-0.075888923466081
-0.080018479803950
-0.078271234943913
-0.070676605134657
-0.057956913123414
-0.041657000453019
-0.023541343213057
-0.005075540671345
0.012456115638781
0.027918450778448
0.040716590515443
0.051068184800607
0.059774498835647
0.067771509369285
0.075592052068168
0.082759811572687
0.087915420193674
0.089911910734153
0.088512355463612
0.083923107245722
0.076109135310950
0.064662746534721
0.048971437301309
0.028498243827692
0.003167644225255
-0.026550571917208
-0.059811460978972
-0.095214571137430
-0.130568798210251
-0.163243822917431
-0.190675634755352
-0.210517299441999
-0.220893725340285
-0.220956243089971
-0.211163824033052
-0.193175725355301
-0.169492385862307
-0.142725415706616
-0.114928828389814
-0.087575970516005
-0.061859608779379
-0.038623748274138
-0.018058441464924
0.000110940836011
0.016002784158942
0.029280069608353
0.039269764135497
0.045161336609270
0.046210728634107
0.041885324414216
0.031944141393424
0.016462648177091
-0.004137978161533
-0.028789065882841
-0.055495080761592
-0.081647137663046
-0.104723646895595
-0.122785063662817
-0.134559835473437
-0.139461221013158
-0.137631632221512
-0.129651521488256
-0.116156700930472
-0.097858431906811
-0.075848683223754
-0.051897880129542
-0.028353033750283
-0.007351492986739
0.009980295874652
0.023425952991085
0.033010776238496
0.038728787100913
0.040790076040772
0.039791998182642
0.036364500250701
0.030609068487765
0.022046983417622
0.010146293039337
-0.005048956588027
-0.022611081072529
-0.040907872916149
-0.057978881550199
-0.071723844155512
-0.080024174186941
-0.081153741995900
-0.074368917500567
-0.060237541031569
-0.040542811314089
-0.017835502395999
0.005311533612719
0.026998932726805
0.046164941477939
0.062496965721606
0.076411555234635
0.088600343178922
0.099278300586149
0.108112302493875
0.114715347157906
0.118743242790701
0.119609939402996
0.116428847769333
0.108250355844376
0.094521499009934
0.075648464401212
0.053093317032126
0.028722198320775
0.004160823302511
-0.019224693689505
-0.040115471928369
-0.057129032726128
-0.068817425093984
-0.073897078260804
-0.071674412133679
-0.062243618250036
-0.046163847988952
-0.024210108356121
0.002359802733876
0.031663951020024
0.061550207336200
0.089954538257166
0.114939926699437
0.134696023697669
0.147609552370993
0.152279506901053
0.147784858771907
0.134186780459784
0.112707508019655
0.085449636816927
0.054903534308003
0.023489806171430
-0.006854125559796
-0.035016275452553
-0.060606208033141
-0.083399359656214
-0.102893763194927
-0.118390777857571
-0.129449702936166
-0.136095623968562
-0.138589198820816
-0.137253565530106
-0.132383140292810
-0.124038901433820
-0.112076503592508
-0.096315219280983
-0.076362712974836
-0.051451224654945
-0.020890726033877
0.015252269231194
0.055922573864607
0.099135592481247
0.142040094703832
0.181283020875473
0.213789751717139
0.237477246782363
0.251631837038013
0.256816044922854
0.254040529961862
0.243873260208290
0.226486815455634
0.202349981559767
0.172687360866105
0.139377122050425
0.104441918782984
0.069573385624175
0.036109613364635
0.005430730343048
-0.020773998728683
-0.040765863566035
-0.053175557936157
-0.057174973955560
-0.052628667765967
-0.040415318724677
-0.022544265880108
-0.001622106123818
0.019929067393936
0.040076673204370
0.056860255636671
0.068284579183995
0.072765260102122
0.069708814867241
0.059784767879399
0.044748593110627
0.026684976015569
0.007229170045226
-0.012579141506110
-0.032172511648694
-0.051383725940528
-0.070243440138561
-0.088752117850299
-0.106888774738551
-0.124629606784783
-0.141669829017323
-0.157169187467233
-0.169866529774660
-0.178341549735958
-0.181159867346726
-0.177074568645294
-0.165352199038923
-0.145860779003406
-0.119001820951800
-0.085907211477953
-0.048524334150177
-0.009221704302560
0.029510724772097
0.065189480260886
0.095770691886426
0.120045479550723
0.137636738974876
0.148801151901464
0.154022455111739
0.153459638883194
0.146834393844444
0.133912903123948
0.114898074256737
0.090427189973976
0.061520407118532
0.029601417347155
-0.003575259143488
-0.036185606697800
-0.066673550633089
-0.093961657704249
-0.117296830170033
-0.135778449927803
-0.148136135821861
-0.152886735840352
-0.148582180201438
-0.134324959743307
-0.110507698134653
-0.079073299535592
-0.042816850883012
-0.004225290642820
0.035122855553929
0.074244660112901
0.111950363087620
0.146296322879319
0.175048717279412
0.196834986937903
0.211566867790257
0.219509282634617
0.219891994081573
0.210473630425659
0.188672744350480
0.153316047848753
0.105513501831452
0.048267785020125
-0.014442339571534
-0.078467993155076
-0.140293539455180
-0.197628494120296
-0.249071604297720
-0.293236063418314
-0.328473036907009
-0.353315895062202
-0.366958227821106
-0.369326339965779
-0.360721652878151
-0.341273966516083
-0.310768262459864
-0.269336944398021
-0.218389271460616
-0.160454824506429
-0.098043176109190
-0.033018738527035
0.032817855483032
0.096826759534046
0.155494888585432
0.205066752816349
0.242086629943451
0.264273262043050
0.271573816616107
0.266069913655044
0.250753900434714
0.228292768411776
0.200181037740780
0.166487997830292
0.126800458780045
0.082023889661214
0.035347286266680
-0.008671561557971
-0.046055661558444
-0.074861350948753
-0.095491748616089
-0.109998420003475
-0.120742168220690
-0.129278581355544
-0.136006903411809
-0.140271803996284
-0.140705008844453
-0.135848712525313
-0.124970246987437
-0.108649557003155
-0.088810995486402
-0.068472123035715
-0.051195025013599
-0.039944133232099
-0.035935989394847
-0.038117796875748
-0.043152436188231
-0.046237584755926
-0.043065482681099
-0.031474957092709
-0.011406636689995
0.015969406499056
0.048624143578738
0.083515755556947
0.116683247058378
0.144076200885881
0.162731199950847
0.171572600190551
0.171350385265457
0.163833400916990
0.151093339124700
0.135207161624582
0.117966350541118
0.100823625770739
0.085179462560914
0.071984347381752
0.060779693384615
0.049868799211479
0.037713436273835
0.023897173051444
0.009177790894866
-0.004626603930991
-0.015069569406008
-0.020258345305351
-0.019975776263828
-0.015815744917337
-0.010328260252227
-0.005623852271445
-0.002327060893084
0.000258791566744
0.003094561543588
0.006592479225280
0.010543989080355
0.014232988981598
0.016232520294683
0.014377920059326
0.006579931880754
-0.007787510025558
-0.026950660001639
-0.047237396153031
-0.064790405460177
-0.077052045541679
-0.083170352087407
-0.083690922849985
-0.080090378490764
-0.074354566478458
-0.068546814840199
-0.064141943018085
-0.061319602377351
-0.058953821759482
-0.055282637650839
-0.048565397218666
-0.037537389288745
-0.021733926113479
-0.001674693987557
0.021067317060735
0.043910932229331
0.063717981766283
0.077877884361840
0.085343871320015
0.086910226271793
0.084831091545865
0.081916749359912
0.080353776657492
0.080974044158537
0.083430730329727
0.086886362629093
0.090569600873746
0.094094081322185
0.097502988662041
0.100901111180919
0.104118321749527
0.106893549840872
0.109198811727676
0.110991023000115
0.111585981939640
0.109471788659637
0.102653688790575
0.089242759840006
0.068162900104049
0.039594230213003
0.004922382495454
-0.033463943975196
-0.072188464014908
-0.107200993895042
-0.134994827074352
-0.154015198415264
-0.165015591224378
-0.170129309262938
-0.171494316950935
-0.170367089439645
-0.166967818680442
-0.160904189818421
-0.151788033420968
-0.139480199964815
-0.123960294457151
-0.105278590416947
-0.083717313940218
-0.059879385857888
-0.034518439872359
-0.008310963941835
0.018157718571534
0.044233088038985
0.069110186367072
0.091836609086750
0.111301949785499
0.126256287257931
0.135179620581296
0.136281193274411
0.128392594665375
0.112210250197638
0.090421090096896
0.066608592000880
0.044173391140793
0.025824471255341
0.013061188090498
0.005539688404912
0.001136303612622
-0.003118261739105
-0.009978133739749
-0.021232519351732
-0.037363843018047
-0.057585802277705
-0.079969239505939
-0.101714426606238
-0.120027871404763
-0.133408463297702
-0.142293100772829
-0.148624061568264
-0.155042364496714
-0.164142544004717
-0.177545616925793
-0.194974368332718
-0.214121422880425
-0.231298079868302
-0.242135925856411
-0.242489202936268
-0.229558828214310
-0.202349228751915
-0.161527574377117
-0.109483245286814
-0.050256571080545
0.011413653579455
0.071452081208841
0.127283297738567
0.177955644229801
0.223531912772898
0.263982749114228
0.298460919592567
0.325339755337337
0.342722066569123
0.349100429815260
0.343729787879977
0.326552649973278
0.297910464501773
0.258202057673437
0.207845443485172
0.147734162583851
0.079677102911402
0.006443630312288
-0.068478390423463
-0.141272628663209
-0.208167445675948
-0.265594872296782
-0.310128594720852
-0.338600856032715
-0.348896158735629
-0.341072607912778
-0.317726078851936
-0.283227706023492
-0.242582688876076
-0.200523856190106
-0.160742279017435
-0.125439033919156
-0.095681393566368
-0.072050432089544
-0.054654412791198
-0.042802030172101
-0.035041632032542
-0.029403378539765
-0.023697491331428
-0.016079884982053
-0.005566634421472
0.008100991141802
0.025119431013909
0.045958059717869
0.070986772426516
0.099872562936948
0.131070208876323
0.161647656809157
0.188008995282138
0.207177569054491
0.217411402717402
0.218025067057507
0.209326951668341
0.192696743561230
0.170053410917996
0.142973539655307
0.112448797264173
0.079353741390899
0.045039085851110
0.011660459966973
-0.018133693155083
-0.042226847350597
-0.059857652820535
-0.071200138233679
-0.076176814998943
-0.074013410490723
-0.063815035807498
-0.045203256103138
-0.018698648560209
0.014077727947477
0.050577002566749
0.087709494340077
0.122187253844392
0.150903098540338
0.171435732508431
0.182344716466051
0.182972271225221
0.173359296572013
0.154740496931468
0.129748065453273
0.101546665075128
0.072797110208369
0.045540222312598
0.021549471049521
0.002479462059539
-0.010161933763853
-0.015436091245943
-0.013686431899268
-0.006532558119363
0.004128575239903
0.017004931543627
0.031528755071290
0.047815681343128
0.066585732821749
0.088371170150983
0.112410046683816
0.136416785471487
0.157218766860199
0.171488634274732
0.176584928979214
0.171345293229931
0.155869570440367
0.130668487693732
0.096644480632671
0.055668134418383
0.010490030811732
-0.035898379908688
-0.080597750003423
-0.121017010190543
-0.155332308333227
-0.182506964628131
-0.201751763948921
-0.212352261628790
-0.213915382657432
-0.206344789083813
-0.189826152035776
-0.165500677647183
-0.136155843470927
-0.105732130630871
-0.077946293837824
-0.055165678659871
-0.037967441048624
-0.025525841337250
-0.016654408066784
-0.010507043866421
-0.006401579524400
-0.003640693491029
-0.002003553028799
-0.001932363809049
-0.003687285740775
-0.006636185880590
-0.009621011796365
-0.011695155088717
-0.012469008134514
-0.012235253701921
-0.012017112703300
-0.013087833235224
-0.016097756219208
-0.020725457186881
-0.025967445725512
-0.030522012534740
-0.033298567959273
-0.034080222986424
-0.033523925973345
-0.032138160029502
-0.029411041077301
-0.024178228249750
-0.015844647786159
-0.005268681832586
0.005388642031973
0.013576971413053
0.017482153125490
0.016746727542300
0.012205005004706
0.004962819940898
-0.004240418318950
-0.015055804429909
-0.027213397014868
-0.040110770281273
-0.052549394619518
-0.062993779602241
-0.070289228664504
-0.074082075885370
-0.074469889221265
-0.071565790827170
-0.065640811788990
-0.057337814365319
-0.047505527989121
-0.036961914478356
-0.026386282884815
-0.016159474775205
-0.006208460451809
0.003646067819072
0.013178507188708
0.021964370248416
0.029771694712856
0.036292361028697
0.040618096169425
0.041159059021148
0.036167886982900
0.024624152108676
0.007003814240406
-0.014660913277357
-0.037508193594632
-0.058668391934447
-0.075712747273311
-0.087057929453520
-0.092526035202733
-0.093316755817962
-0.091176772344335
-0.087807254642399
-0.084624234691508
-0.082237223680138
-0.080092384507265
-0.076704415872945
-0.070251538758698
-0.059429444878595
-0.044191062637399
-0.025790280829680
-0.006089148611753
0.013270811381771
0.031194975622052
0.046969096294754
0.060020593128750
0.069909622624508
0.076580624343708
0.080546322117788
0.082661236211990
0.083623123250147
0.083617143743873
0.082370018876050
0.079595276393071
0.075365055804437
0.069952239906600
0.063456631693271
0.055772717119833
0.046834094895743
0.036734876170106
0.025634294969240
0.013573983742591
0.000263895897397
-0.014823623617636
-0.031770146683608
-0.049557575719669
-0.066055282845704
-0.078459421595264
-0.084020738496412
-0.081119639830695
-0.070155882924029
-0.053276961774659
-0.033154991015319
-0.012095336387747
0.008246823853149
0.026933245518745
0.043490396944134
0.057463170520574
0.068290186288725
0.075667867243761
0.079898399235467
0.081795438223528
0.082409567142446
0.082638211836359
0.082695804427466
0.082040457047364
0.079906775500451
0.075665631537303
0.068759602220456
0.058855418981841
0.046162278131992
0.031247643729241
0.014663640696361
-0.002859772144230
-0.019893029418580
-0.034374838986884
-0.044463815547738
-0.049276752300575
-0.048987171639636
-0.044681245495800
-0.038039213808524
-0.030757080452533
-0.024403080071910
-0.020754095887330
-0.021337327438375
-0.026288251010855
-0.034190401753732
-0.042905407564350
-0.050237409504802
-0.054481385667913
-0.055044572215052
-0.052327435120855
-0.046893026614732
-0.039307929407492
-0.030672738959114
-0.022517683672799
-0.016211446290753
-0.012784349323958
-0.012890932115064
-0.016542474945251
-0.023008960732722
-0.031071854100922
-0.039399305209288
-0.046910315135376
-0.052955813849663
-0.057110740902987
-0.058648960025691
-0.056220622815319
-0.048269043150513
-0.033839111024914
-0.012956097366783
0.013490975667358
0.044002431232188
0.076868181661924
0.110696376144578
0.144681033880427
0.178251905683846
0.210383545319561
0.239389909543723
0.263376258354074
0.280680548473568
0.290053477553862
0.290682556224774
0.281945268590332
0.263313878612820
0.235012946077328
0.198664234741927
0.156872635947172
0.112330547454879
0.067406069736865
0.024194791435301
-0.015416439458044
-0.050018577870155
-0.079060142004568
-0.102947423258639
-0.122694515515715
-0.138907437379789
-0.150957837101351
-0.157588901331852
-0.158193360608881
-0.153095693072573
-0.142819515420546
-0.127642689372688
-0.107769982498453
-0.083514056203755
-0.055506493664453
-0.024972986247886
0.006297909452221
0.036393911985269
0.063900249896439
0.088133146551397
0.108769498641896
0.125455536198901
0.137582429115131
0.144005234886360
0.143351730210370
0.135196990223656
0.120519910888840
0.100558646787663
0.075670854550613
0.045582719652203
0.010465947311507
-0.028223969103225
-0.067702051470758
-0.104697434371487
-0.136720510094425
-0.162684233616683
-0.182323605076246
-0.195447297190580
-0.201881014420022
-0.201458522389637
-0.193939076020257
-0.179428806654859
-0.158727070746883
-0.132938722891627
-0.103046539328729
-0.070024043761413
-0.035032815651849
0.000496699604214
0.034703211147535
0.065421391489208
0.090827315070200
0.109940971530317
0.122386446254036
0.127760710899602
0.125396601469671
0.114689909599506
0.095572334246767
0.068851294156433
0.036277664704480
0.000198692748271
-0.036980248398738
-0.073080917468698
-0.106132032897032
-0.134409990657366
-0.156750637743787
-0.172741170978208
-0.182463169028412
-0.186244404324229
-0.184708872820256
-0.178552999401531
-0.167937156276597
-0.152514404248570
-0.132427098557030
-0.108978437406563
-0.084175853632518
-0.059848675375363
-0.037058210201177
-0.016156867225262
0.002383357101812
0.017243590770769
0.026697063958367
0.029728900541351
0.026499597804095
0.017997308077084
0.005638514211531
-0.008954460352253
-0.024095577743187
-0.038077814006687
-0.049217447343572
-0.055997771179426
-0.057486372338099
-0.053918520085509
-0.046714074080530
-0.037730992229897
-0.028455208580320
-0.019532247703003
-0.010393551515800
0.000742448940358
0.015777347360205
0.035280735090306
0.058154494794421
0.082452786977794
0.106336672090994
0.128622269168314
0.148935249022061
0.167231088882837
0.183086333631991
0.195761801106635
0.204436955207236
0.207817155867270
0.204141961805728
0.192108021888259
0.171665916524883
0.144075294660019
0.111562981503801
0.076852640542748
0.042647512772861
0.011337271902403
-0.015182457350931
-0.035916553900284
-0.051055789610823
-0.061599889915150
-0.068524747414284
-0.072292364498608
-0.073090486533509
-0.071167267730222
-0.066619958856360
-0.059163981621849
-0.048641371510127
-0.035705914030490
-0.021615716201672
-0.007429923561936
0.006350252615323
0.019472442801099
0.031308521476121
0.040301859144532
0.044088204587161
0.040817902121891
0.030783107500913
0.016545788428908
0.001673848810873
-0.010384829628584
-0.017012938834806
-0.017125111003176
-0.011493532608002
-0.002305050898267
0.007687325562592
0.016012680220866
0.021196400688408
0.022972285550366
0.021871838796448
0.018763572603034
0.014717679078689
0.010885027064294
0.008084969580805
0.006319819135797
0.004633099781562
0.001430542385580
-0.004869541376989
-0.015128359539211
-0.029082587679869
-0.045228571930471
-0.060931544533428
-0.073139342292615
-0.079677252096577
-0.080268753993753
-0.076436318775420
-0.070433055483772
-0.063989940793476
-0.057437601614330
-0.049757763541582
-0.039570318820473
-0.026101030370459
-0.009582482940334
0.008731174348257
0.026901234241373
0.042904341123545
0.055127537275145
0.062719056893353
0.065812886114604
0.065291394289501
0.062259628342910
0.057760844059758
0.052678998647573
0.047761916509462
0.043920665094891
0.042421204186288
0.044452972713631
0.050358437682377
0.059138503344295
0.068404277445948
0.074912474763924
0.075715166659977
0.069245801562489
0.055644182728455
0.036316339816511
0.013210983690233
-0.011686357754050
-0.036529817177798
-0.059637875727326
-0.079559737742773
-0.095170658240330
-0.105651416089703
-0.110524515905720
-0.109841923062354
-0.104242354558319
-0.094819821099642
-0.082872004662460
-0.069543335693930
-0.055585700908620
-0.041459977844630
-0.027550558003850
-0.014142049611986
-0.001434163475486
0.010353030569864
0.021216153413736
0.031446517649159
0.041068713115928
0.049560279780376
0.056330036075672
0.060835759975496
0.062030207461061
0.058490490912162
0.049541761169386
0.036164842011643
0.020894036724309
0.006851771716939
-0.003406891441540
-0.008605211651707
-0.008759236767468
-0.004671977844202
0.002469656682611
0.011010778882225
0.018821317832905
0.023942585637003
0.025313569595838
0.022818367344733
0.016838156071984
0.007839671279760
-0.003724320198187
-0.017103506979814
-0.030713853223743
-0.041992934227833
-0.048166097010206
-0.047467368501216
-0.039670645212204
-0.025817076412992
-0.007884117747997
0.011752274838213
0.031094441135755
0.048667754984679
0.063140617732993
0.073313394413851
0.078349014980528
0.077689790901665
0.070865845780230
0.057589807649017
0.038034773101675
0.012983275660057
-0.016153029744639
-0.047348885366745
-0.078223086433257
-0.106533172916894
-0.130581676730119
-0.149340547344411
-0.162272968377571
-0.169070157268300
-0.169642054751308
-0.164416791164418
-0.154543863421457
-0.141683791588312
-0.127641514461344
-0.114082193023160
-0.102229119071842
-0.092507461586683
-0.084364853910246
-0.076556277230228
-0.067800562401394
-0.057366993733951
-0.045326796775708
-0.032544316066984
-0.020252322437914
-0.009129769823543
0.001085930870474
0.010699133087997
0.019063665282993
0.024706606947221
0.026004854727247
0.021758289385006
0.011860353890860
-0.002317034057682
-0.018468204707420
-0.034328366340684
-0.048332937521058
-0.059885109982154
-0.069175459829732
-0.076642760652776
-0.082532905005924
-0.086740525053511
-0.088884350652582
-0.088465966863863
-0.084935425463119
-0.077855518796984
-0.067336118551351
-0.054305656767551
-0.039956016025333
-0.024724523838635
-0.007988504523389
0.011581019169683
0.035701299339795
0.065755136540134
0.101497841370854
0.140401305873641
0.178359633561471
0.210909323551661
0.234227884362924
0.246029759330857
0.245767065123231
0.233721618945984
0.210429603791963
0.177452021379693
0.138243284186733
0.097577702914923
0.060006633881438
0.028821067707585
0.005756562672876
-0.008829810351149
-0.015406987244250
-0.014957706291606
-0.009144767505663
-0.000306025800396
0.009198740210895
0.017948687929228
0.025875100608672
0.033792478771836
0.042770345224827
0.053762388593976
0.066950191364078
0.081116067381174
0.094128397879998
0.103994293928469
0.109138242259240
0.108224925284663
0.100368745817205
0.085391036676346
0.063852564492923
0.037435874226443
0.009313304100368
-0.016761392925501
-0.038080673654432
-0.053708812044397
-0.064167990863435
-0.070753996365718
-0.074891451374539
-0.077658573931030
-0.079453914650404
-0.079801027129768
-0.077385642989935
-0.070640606272205
-0.058845630601776
-0.042954952914021
-0.025328048577244
-0.008481978365522
0.006058155882888
0.018137859502128
0.028750946648838
0.039370095976893
0.050977618359348
0.063262110854272
0.074515728799220
0.082434311109695
0.085292080290699
0.082727123921971
0.075847739415311
0.066465925851472
0.055860520786570
0.044378649393147
0.032154135136264
0.019855454344003
0.008797666486714
0.000466648755262
-0.004244486576483
-0.005374333091769
-0.003348833424458
0.001634695715510
0.009304179065632
0.018584776368157
0.027501276854807
0.033819912399986
0.035885700417545
0.033097427215104
0.025819584854190
0.015001895093206
0.001841398192329
-0.012313583590956
-0.025865798403071
-0.037150707108179
-0.045027860173530
-0.049137454010790
-0.049573980849797
-0.046758235205225
-0.041635615222627
-0.035244345779831
-0.027629039459005
-0.017690153770406
-0.004505407326225
0.011517480698136
0.028678866027127
0.044491491773984
0.056265413404054
0.062074254898283
0.061538109114772
0.055627044647376
0.045947580490452
0.034333698349486
0.022580069741981
0.011910132040183
0.002661156947335
-0.005440248218142
-0.013124496051279
-0.021752082070334
-0.032876903326152
-0.047090043332865
-0.063398957147783
-0.079926754803385
-0.095048665048375
-0.107736086043953
-0.117181338368646
-0.122404873407118
-0.122361021317352
-0.116668004942787
-0.106171018673757
-0.092622479524192
-0.077891224277557
-0.063351672099676
-0.049593116767422
-0.036403569982497
-0.023108434472347
-0.009138720567209
0.005504528176477
0.020002237199387
0.032867868491204
0.042609777588184
0.048387937157401
0.050120936889340
0.048140522884566
0.042909959792612
0.035201836965883
0.026441250727255
0.018439022818357
0.012456780724299
0.008542751671470
0.005882785862215
0.003758272864572
0.002017133376041
0.000759049101243
-0.000251879536657
-0.002067938065315
-0.006348285874542
-0.014241368994167
-0.025504306087953
-0.038770755675075
-0.052349801304182
-0.064838073388046
-0.075464191811117
-0.083978882865605
-0.090182293216847
-0.093691536161714
-0.094213434148728
-0.091928020572667
-0.087414725461981
-0.081159760751342
-0.073103782958048
-0.062464067402149
-0.047886733468824
-0.027989730835729
-0.002463514266959
0.026811721179225
0.055941452874674
0.080529212393156
0.097147496726266
0.103993909033153
0.101033028386651
0.089886056123880
0.073322764019998
0.054494566783830
0.036343143169024
0.021245803563079
0.010676963316359
0.005019590713732
0.003825118285704
0.006209137078108
0.011053253618476
0.017400870501933
0.024880220094919
0.033319743043540
0.041922747560027
0.049080672324158
0.052869112630714
0.051781044953145
0.045493932058224
0.035042655159478
0.021887172908288
0.006757806902234
-0.010538243976270
-0.030463999778424
-0.053114228922149
-0.078026028349949
-0.104136899455646
-0.129552951396150
-0.151590026230852
-0.167533254494420
-0.175394199102285
-0.174053639780674
-0.163360150066443
-0.144439964453557
-0.119647248732031
-0.092053748638345
-0.064876132000743
-0.040811279988673
-0.021254675394160
-0.006038287022995
0.006059012895967
0.016519779356363
0.026354342904630
0.035818029387806
0.044834580904315
0.053484446938654
0.061974355111392
0.070341874461029
0.078221009798595
0.084774151554774
0.088908222245110
0.089674504741467
0.086555081360312
0.079570499440853
0.069302109520775
0.056759844414886
0.043096292425479
0.029479084141219
0.017287468088745
0.008168518150664
0.003460615861999
0.003469744482714
0.007396611644257
0.013864274222722
0.021568686484211
0.029568023550808
0.037053887014229
0.043192018913629
0.047392843377961
0.049563831450841
0.049785066402148
0.047565659557596
0.041683163726339
0.031083068024373
0.015923883550877
-0.002303644528010
-0.021371417911078
-0.038829851336545
-0.052552813977150
-0.061454626548160
-0.065579501327919
-0.065337977820792
-0.060930078608105
-0.052328494646098
-0.039193534555266
-0.021138881475617
0.001217860878963
0.025860406152749
0.050365713221708
0.072829575207901
0.091822729154181
0.106105622878363
0.114671767759848
0.116908219896052
0.112771603001209
0.102851878139273
0.087996136576472
0.068797061312554
0.045621055549427
0.019084717551863
-0.009624826597380
-0.038732903978027
-0.066097894235770
-0.089609118402427
-0.107450200975211
-0.118181643328601
-0.120875662657674
-0.115296983636994
-0.102056498834462
-0.082656752369255
-0.059230642501783
-0.034056399084107
-0.009179810695048
0.013730816742421
0.033334012416223
0.048622056442765
0.059156187730300
0.065186014357290
0.067386858769357
0.066472405883884
0.063070624391704
0.057769913951263
0.050988010329140
0.042812596632349
0.033162201099146
0.022220405242805
0.010722929782432
-0.000274521082524
-0.009958107547820
-0.017961057992522
-0.023978646529791
-0.027581928080845
-0.028715937558678
-0.028175761945129
-0.027458807763751
-0.028237304508704
-0.031867270547399
-0.039080356073217
-0.049831295325970
-0.063196644329712
-0.077311701054687
-0.089616800485090
-0.097575835898418
-0.099510843591308
-0.094929602762560
-0.084072101879638
-0.067342103523526
-0.045449659114196
-0.019806697590832
0.007686990122894
0.035225965009608
0.061350676529998
0.084801152662744
0.104589020266123
0.120570414525965
0.133668793165303
0.145074361566128
0.155136957636465
0.162904427929876
0.166536479523951
0.164477094781494
0.156614465832601
0.144184653717366
0.128631812210823
0.111018301157816
0.092403564072148
0.074072352913437
0.057018498505120
0.041506166555903
0.027393175156676
0.014658972832545
0.003605186858383
-0.005236545150499
-0.011463027197361
-0.015129722720567
-0.016695414433071
-0.016810161648352
-0.016289462893141
-0.016010893332683
-0.016592788036816
-0.018239882468153
-0.020768767765688
-0.023740258430362
-0.026770730679499
-0.029641084550499
-0.031874937086057
-0.032373703812431
-0.029943533456098
-0.024154088430724
-0.015507350755345
-0.005226112227172
0.004910650677876
0.012960533940296
0.017390816828854
0.017553394416710
0.013976800345435
0.008236141183727
0.002414197319281
-0.001411507608264
-0.001608601958549
0.002506918048484
0.010301032312772
0.019846270836204
0.028519412800307
0.033953643299341
0.034654931428515
0.030069450488856
0.020441273860359
0.006504955426658
-0.010953166278195
-0.031254505935564
-0.053496611537986
-0.076161646877147
-0.097307131504484
-0.115249093682084
-0.129073743675751
-0.138745712135184
-0.144859633137781
-0.148043841804128
-0.148387809183198
-0.145291995878808
-0.137567662761383
-0.123610199215934
-0.102001828029749
-0.072552189319340
-0.036967224185321
0.001539931607940
0.039491845782743
0.074196931449247
0.103796419096296
0.126900046534458
0.142706348186084
0.151226281971993
0.152970522061632
0.148347137600847
0.137390012967657
0.120146100633432
0.097352058859179
0.070641585631999
0.041917227409880
0.012350671681901
-0.017993739993759
-0.049469219775333
-0.081814815189704
-0.113778473972145
-0.143361378687320
-0.168105708529154
-0.185458121109985
-0.193450964295844
-0.191403107886349
-0.180086224460982
-0.161347006980633
-0.137578957084621
-0.111117709211483
-0.083742950077888
-0.056742394120528
-0.031128853236818
-0.007326612825849
0.015009894174238
0.036414000332493
0.056922744903812
0.075762939075692
0.091512855715537
0.102910865833099
0.109611197511034
0.111901405861992
0.109804137057629
0.102983162206091
0.091572497591393
0.076428843321525
0.058408318850438
0.037888361013863
0.015109212754155
-0.009239254587214
-0.033993537221256
-0.058115158003019
-0.081006909941749
-0.102073035627337
-0.120126752765291
-0.133339687709684
-0.139825335933260
-0.138478604149296
-0.129307460958129
-0.112931336211454
-0.090311496547421
-0.063241943332968
-0.034415618021661
-0.006563740789480
0.018411316420420
0.039478797333483
0.055772506530377
0.066129616963351
0.069600752763551
0.066346688446070
0.057899931839948
0.046471083356865
0.033870628466353
0.020985504068193
0.008157773208469
-0.004120715121155
-0.015021170710562
-0.023765559463676
-0.029905220796355
-0.033167277903464
-0.033298135415192
-0.030222803283276
-0.024075154206894
-0.014810501047978
-0.002137591207600
0.013824440299164
0.031928805343857
0.050159539032965
0.066601471644585
0.080571851895338
0.092890835281532
0.104902970503267
0.117046466674736
0.128277683791333
0.136910982126617
0.141962009768999
0.143478241358406
0.141735145681819
0.136585962855213
0.127593766898118
0.114595390134758
0.098280179967127
0.080285605884955
0.062411213780999
0.045444354032229
0.028833130442464
0.011528085619005
-0.007063559007680
-0.026778948554805
-0.046857731602591
-0.066122482197580
-0.083150243845420
-0.096631089883869
-0.105759569776388
-0.110484188455024
-0.111448285759307
-0.109378721010540
-0.104355687395956
-0.095780653718038
-0.083067748044691
-0.066164205801881
-0.045491308355703
-0.021957745702699
0.002789648170081
0.026570542315832
0.047331445539858
0.063528808657412
0.074293706447768
0.079722645413071
0.080719235912862
0.078223811505253
0.072681844186639
0.064177636563995
0.052854122690255
0.039134381168156
0.023761869837651
0.007852478894289
-0.007323687917898
-0.020914945032043
-0.032772943083476
-0.042959389342420
-0.051019532798746
-0.056111314198432
-0.057923312555310
-0.057170751622823
-0.055358503834440
-0.054300534303968
-0.055321356980590
-0.058430286655462
-0.062476341984636
-0.066190901415882
-0.068988540243454
-0.070981760199106
-0.072351107777915
-0.072634156049734
-0.070636723049964
-0.065095046550328
-0.055713160999672
-0.043797808416527
-0.031710648935219
-0.021461732194647
-0.013574832886322
-0.006988948378169
0.000102139954438
0.009207707851220
0.020862809350266
0.034500372699366
0.048979094450330
0.063351511629801
0.076967991126451
0.088902608426023
0.097709985698726
0.101918765310692
0.100709588382597
0.094248991781605
0.083441311239802
0.069217695936929
0.052029462860725
0.032019909593383
0.009569431061801
-0.014331248561702
-0.038172879913610
-0.060422089250518
-0.080031114873982
-0.096460907792564
-0.109173009206215
-0.117200985174690
-0.119284317538860
-0.114490653646923
-0.102765016635423
-0.084899350485336
-0.062135359404818
-0.035882527015283
-0.007735077915748
0.020477450628819
0.046846769618935
0.069627103769784
0.087570964681978
0.100097597871775
0.107053033283184
0.108608492425657
0.105356826516805
0.098162382863578
0.088012783582048
0.075932341022447
0.062656856461004
0.048498903445838
0.033742238315911
0.019031693268013
0.005301829412085
-0.006659851597723
-0.016544916064782
-0.024323893160468
-0.029904497068025
-0.033306716071750
-0.035075461665167
-0.036286726121696
-0.038108681513812
-0.041408096936061
-0.046703502097481
-0.054022937216255
-0.062675011966343
-0.071613397653911
-0.080040910950094
-0.087632559789459
-0.094443530362865
-0.100453452460958
-0.105105681759073
-0.107455135779713
-0.106600212128133
-0.101882408554882
-0.092873969578581
-0.079080224866897
-0.059709808623896
-0.034354339266957
-0.003953224660833
0.029249040919597
0.062391590573898
0.092605800485854
0.117672740238876
0.136473207004370
0.148752385763108
0.154731333589381
0.155176400854323
0.151338196992293
0.144277587208978
0.134409051128256
0.121796228249599
0.106433198475574
0.088171835426112
0.066730609903449
0.041869247871141
0.013911910946227
-0.015625261408067
-0.044329820975303
-0.069798935402131
-0.090051475134685
-0.103651925897920
-0.109880391267665
-0.108675493515328
-0.100566682589439
-0.086654412551822
-0.068131891983892
-0.045804226619000
-0.020432149461795
0.006667977303358
0.033555672097885
0.057936714986795
0.077593020007690
0.090816375593199
0.096526710989738
0.094395230620186
0.085064882822594
0.069962889765419
0.050789965985006
0.029173368810540
0.006714068070630
-0.014863398637328
-0.033752914549880
-0.048165964978123
-0.056597484551620
-0.058215497674109
-0.053044558633966
-0.042125862055456
-0.027615400427148
-0.012245028076093
0.001618896808161
0.012543057671068
0.020211510163508
0.025237098522476
0.028431091704954
0.030083707614857
0.029797142289421
0.026954924900815
0.021467426799975
0.013944081741671
0.005170526404279
-0.004305525195227
-0.014114038852985
-0.023817480062855
-0.032662259645098
-0.039481315989149
-0.043090089452727
-0.042961373751323
-0.039359589644901
-0.032818936602780
-0.023868236404272
-0.013393211347905
-0.002913397569938
0.005709939824802
0.010742817268504
0.010930090271398
0.005943565366183
-0.003274298250115
-0.014771443607351
-0.026292786722385
-0.036042017419340
-0.043144407047292
-0.047418085234503
-0.048803560724207
-0.047114603057654
-0.042100330104105
-0.033613360723151
-0.021666349156937
-0.006182720348773
0.012954059502527
0.035151179557852
0.058735439869635
0.081585188945505
0.101824711360716
0.118100421351177
0.129623723017436
0.135822733099157
0.136009375476354
0.129801783336919
0.117826953125900
0.101708814315099
0.083395869541600
0.064475640622120
0.045876063890562
0.028086641671339
0.011533609905489
-0.003313685275831
-0.016006079036534
-0.026202635482048
-0.033790798326012
-0.038919893621524
-0.041830142206715
-0.042647839940039
-0.041274602541163
-0.037258999863090
-0.029806065724951
-0.018112298468557
-0.001840089800745
0.018592781803707
0.042071136389212
0.066854410307538
0.090519522524854
0.110196507307045
0.123192998496547
0.127823035528702
0.123947416500281
0.112639590148253
0.095419612946114
0.073777003137279
0.049057411348833
0.022656237699829
-0.003815408706863
-0.028827464215051
-0.051348098118661
-0.070957180714583
-0.087811440456517
-0.102299656142188
-0.114396427213165
-0.123543404537163
-0.129096189027262
-0.130523224299040
-0.127475994805749
-0.120192611886532
-0.109647971581639
-0.096990361577186
-0.083018653489697
-0.068292557569695
-0.053495453398334
-0.039570564455266
-0.027461696356049
-0.017695461015612
-0.010410972720838
-0.005747900750304
-0.003782503966360
-0.004114862099063
-0.005921023053769
-0.008463604024379
-0.011427340804872
-0.014798775993503
-0.018454949825164
-0.021735217924894
-0.023492182036975
-0.022776368815286
-0.019340167750894
-0.013620982779138
-0.006624004864715
0.000371640850220
0.006172698128301
0.009769623869409
0.010512737254981
0.008376572784389
0.003790802602370
-0.002730824750892
-0.010727687807672
-0.019942487639752
-0.030321577995799
-0.041566761986649
-0.052996915934517
-0.064018210550071
-0.074282885173787
-0.083270327883127
-0.090132933679112
-0.094185481752235
-0.095427468854545
-0.094430811007698
-0.091554369088163
-0.086432082290959
-0.078513409632027
-0.067838088192069
-0.055190376291948
-0.041751454193478
-0.028560470338456
-0.016303460603110
-0.005608494292991
0.002602856380813
0.007173710900463
0.007286811276389
0.003003499036128
-0.004724598172356
-0.014441453850917
-0.024664799044836
-0.034045514669631
-0.041102167034690
-0.044221222613770
-0.042409893411929
-0.035932965010318
-0.026001267601333
-0.014224150253561
-0.002400550870703
0.007708589345476
0.014658077884271
0.017633863709250
0.016779929379838
0.013051811714141
0.007717064862191
0.002087347124297
-0.002627294918873
-0.005603757003509
-0.006650754357163
-0.006138958175395
-0.004606829409632
-0.002412238874742
0.000239540381770
0.003006682734513
0.005471446002726
0.007794121097392
0.010956636622758
0.016049117945805
0.023586111407047
0.033401253655762
0.044730665613238
0.056342538111007
0.066693748714592
0.074037432127567
0.076733382915195
0.073923686339889
0.066198990661987
0.055669657105887
0.045136969393092
0.036926698190872
0.032395473114899
0.032080906430087
0.035678683928510
0.041894788177886
0.048913243814027
0.055328127211068
0.060576001516605
0.064701132971895
0.068018578897514
0.070714765316881
0.072463119717582
0.072526177191722
0.070153889735792
0.064894882707985
0.056725993865548
0.045909565035720
0.032995819263937
0.019117273976567
0.005890836438167
-0.005199902648723
-0.013310741938950
-0.018319326694439
-0.020711915113838
-0.021371313813943
-0.021245574086555
-0.021144709608619
-0.021534231927240
-0.022212735272420
-0.022541674260033
-0.022116675838008
-0.020857552520999
-0.018608696740874
-0.015007190224760
-0.009759518574959
-0.003059756491860
0.004333768616109
0.011478178036147
0.017476309969497
0.021289089740031
0.021774895325855
0.018180858864434
0.010353398492768
-0.001394567333109
-0.016346688014573
-0.033573419880356
-0.052196130812369
-0.071408438583325
-0.090209188775990
-0.107087887377955
-0.120199688556686
-0.127976956799570
-0.129452011892531
-0.124102124427740
-0.111776625407322
-0.093027889541421
-0.069356783801614
-0.042877119036128
-0.015669248396051
0.010671892962337
0.035169611406348
0.057315503984348
0.076738665550787
0.093074049965406
0.106123845726765
0.115796182222908
0.121840316291114
0.124049515055757
0.122642354669514
0.118030129462861
0.110398371326340
0.099846973857785
0.086709628394337
0.071449882497310
0.054502695339948
0.036551595369966
0.018810742970933
0.002836618187460
-0.009880989710307
-0.018249779160381
-0.021922790319085
-0.021568427806621
-0.018586798713840
-0.014293196724915
-0.009338216321274
-0.003881287719191
0.001939038845758
0.007926208375354
0.014010395987104
0.020294647566061
0.026947183241097
0.033880112414392
0.040429080077589
0.045632773524837
0.048893286238650
0.050230168575049
0.050046197617296
0.048823548198637
0.047077191061735
0.045501415466877
0.044800653766044
0.045188113940523
0.046260065968287
0.047332366722709
0.047676541380699
0.046699517287782
0.044191530801506
0.040212390553852
0.034809549280787
0.028180064702929
0.020991728878818
0.014324242813084
0.009220209147580
0.006151874853898
0.004903161163472
0.004961138926677
0.005946584871355
0.007739730862234
0.010208655748663
0.012854871744061
0.014928987858868
0.015830414074389
0.015166732700418
0.012563855870277
0.007791862274812
0.001061174317462
-0.007193807176107
-0.016781367113175
-0.027664645178873
-0.039693441807879
-0.052774764557410
-0.066828655659322
-0.081209734878198
-0.094483820981689
-0.104789671924103
-0.110282854423216
-0.109752448265373
-0.103328550201991
-0.092561654379497
-0.079805343302103
-0.067444732836351
-0.057412859207428
-0.051146738917606
-0.049470739275369
-0.052131171476668
-0.057619420126617
-0.063703772684541
-0.068268375103521
-0.069958004702232
-0.068514598869223
-0.064621098341053
-0.059300573374561
-0.053526352225761
-0.048201923331291
-0.044000823818572
-0.041003904901791
-0.038618018235476
-0.035968424496955
-0.032376266442579
-0.027462470141484
-0.020960032498997
-0.012764765512002
-0.003246061537828
0.006710203889753
0.015960626160461
0.023385212702240
0.028213966137779
0.030162273315681
0.029054794294170
0.024492197275333
0.016195008093691
0.004664130531049
-0.008630687958920
-0.021783949770900
-0.033127007835397
-0.041454273812723
-0.045847196255089
-0.045442645457304
-0.039627829762092
-0.028735564012399
-0.014367869671517
0.001393488505615
0.017124317028437
0.032149882803309
0.045720577549853
0.056672172288733
0.063952616540303
0.067150225586890
0.066627192241902
0.063435545809987
0.058942704130982
0.054267820908686
0.049923820296427
0.045782035011705
0.041345249314237
0.036249172758121
0.030654350691901
0.025333130750280
0.021386496959528
0.019487334620150
0.019229797619588
0.019403679980067
0.018825453636751
0.016809494543991
0.013175279729920
0.008141290185987
0.002172390876265
-0.004292242200757
-0.011069053875931
-0.018174126461195
-0.025561275043959
-0.032852897461976
-0.039236828670360
-0.043800102291668
-0.046038829962572
-0.045981897174493
-0.044073896720794
-0.041034881886273
-0.037538998718373
-0.033898130916736
-0.029999453937306
-0.025368296423231
-0.019357909685067
-0.011614551013022
-0.002538564138276
0.006709437550776
0.014624842428204
0.019975126331161
0.022438986003796
0.022745228714265
0.022053033101001
0.021230280966098
0.020702385240296
0.020784647248131
0.021892903050278
0.024258645085639
0.027563272560763
0.031009982590312
0.033726214486436
0.035155132895971
0.035163521440270
0.033797592175988
0.031102164949221
0.027299539401403
0.022959059256916
0.018858022615376
0.015643596184998
0.013436741812691
0.011642646281127
0.009265400143323
0.005546688192979
0.000422998362102
-0.005414172624759
-0.010794095412514
-0.014529171045114
-0.015857515836872
-0.014693091874196
-0.011462891611849
-0.006744875403056
-0.001312136715868
0.003649944479016
0.006753483249710
0.006851722028488
0.003414476494294
-0.003172828022291
-0.011604247151835
-0.020133422789831
-0.027232779581309
-0.031945746246377
-0.033916320839174
-0.033369031200622
-0.031060371356205
-0.028151589259605
-0.025920127485478
-0.025275725193946
-0.026460190490020
-0.029212950583876
-0.033085548130585
-0.037415780022417
-0.041173271632834
-0.043290148180785
-0.043257475918170
-0.041421968552184
-0.038746483675777
-0.036067131724053
-0.033526416025753
-0.030717718512325
-0.027183319323985
-0.022821364558269
-0.017989521607577
-0.013172630295518
-0.008541467311262
-0.003856404967009
0.001371620530781
0.007514051865614
0.014279951851700
0.020721682120409
0.026149772026991
0.030876163018022
0.035705557787933
0.040853297431353
0.045584463494341
0.048724166356344
0.049604478537730
0.048712015176192
0.047250460141231
0.046213299472983
0.046011452608609
0.046497547559085
0.047089581405183
0.047105681549385
0.046167674269077
0.044470575333186
0.042686051967219
0.041427477750050
0.040714034321014
0.039793163294596
0.037440397036042
0.032800994574407
0.026135342668071
0.018596728609070
0.011501536015221
0.005995527351057
0.002964846107752
0.002779088106873
0.004885070183830
0.007786339445770
0.009880521372472
0.010479823965485
0.010061351536667
0.009698792555234
0.010158016871725
0.011331283421489
0.012480662638238
0.012886069005659
0.012168629142565
0.010292464102883
0.007610494312512
0.004935014437344
0.003405266208918
0.004072219903557
0.007406443765961
0.013105076180310
0.020411148920265
0.028687144603674
0.037641379128992
0.046996773283119
0.056114829485117
0.064124687343382
0.070345956887913
0.074386489636660
0.075852005052258
0.074153141774327
0.068769414359219
0.059846930983339
0.048499089247374
0.036237177531362
0.024059147957157
0.012261943153960
0.001004766574696
-0.009125782743836
-0.017172362298700
-0.022390380518530
-0.024471191157340
-0.023253427937810
-0.018727285433643
-0.011365179382696
-0.002181839538277
0.007616186716918
0.017185484057503
0.026223567608378
0.034397854705188
0.040821390543645
0.044259512968144
0.043765315377783
0.039372473562365
0.032300303404324
0.024271999466366
0.016547824796141
0.009495207007971
0.002953507866649
-0.003097821098595
-0.008345232958910
-0.012352325835191
-0.014678692572625
-0.014977693786574
-0.013322573867893
-0.010477283883033
-0.007597185531407
-0.005600746237267
-0.004832986800183
-0.005171725728992
-0.006471034198171
-0.009002056379370
-0.013390703603507
-0.019899057662334
-0.027840420318007
-0.036019624935947
-0.043564801583946
-0.050233087213162
-0.056188408057757
-0.061474893769335
-0.065774618975130
-0.068628545899708
-0.069541775252280
-0.068014975495332
-0.063702433016343
-0.056609664625651
-0.047429694916626
-0.037645954560338
-0.028996785904773
-0.022669546667006
-0.018818161223401
-0.016767212687766
-0.015693200813295
-0.015219707359654
-0.015630632891279
-0.017641079063498
-0.021890539934153
-0.028490626905425
-0.036725246949230
-0.045030332210875
-0.051697994707658
-0.055923278263785
-0.057989329989788
-0.058581256399035
-0.058218427968772
-0.057204904250746
-0.055844594185754
-0.054428514339802
-0.052917474885279
-0.050798759372158
-0.047360785406185
-0.042185109829931
-0.035467648924589
-0.027888360519989
-0.020179157289802
-0.012881165219729
-0.006460138423065
-0.001410448888526
0.001904841872356
0.003577005247587
0.004195368243561
0.004356464308295
0.004222174150159
0.003536273863495
0.001930338444337
-0.000596601584542
-0.003368266252740
-0.005297525564385
-0.005574434293347
-0.004192611713090
-0.001945259810627
0.000016176049162
0.000819193149003
0.000354671934082
-0.000696060297145
-0.001290918904947
-0.000754289670206
0.000711961738859
0.002377423793431
0.003811323211481
0.005192625756131
0.006933312524797
0.009135015543132
0.011413603951897
0.013187842133455
0.013926879207601
0.013192115452475
0.010890914980417
0.007532169790534
0.003956842023053
0.000902259869107
-0.001182341102025
-0.002214848419621
-0.002510201747551
-0.002654289858724
-0.003134504925240
-0.004016644459645
-0.005098524515226
-0.006220119702432
-0.007174563199046
-0.007435717385300
-0.006290378547973
-0.003401445764358
0.000881272462947
0.005839483334492
0.010750902259979
0.014974129040960
0.018057382638539
0.019804357342181
0.020241809336963
0.019662829719827
0.018536161249440
0.017091950850746
0.015020392108410
0.011790244422140
0.007273214345487
0.001997917541026
-0.003084761094713
-0.007026076160595
-0.009217717500500
-0.009491290986596
-0.007946334006131
-0.004707009516596
0.000132670454340
0.006399792908655
0.013713545271683
0.021456216826143
0.028726366264333
0.034157405591445
0.036200046202864
0.034003632789863
0.027896123559882
0.019115828266294
0.009296156554865
-0.000062744799049
-0.007966966581873
-0.013962625152777
-0.018023097768653
-0.020460219004152
-0.021731796401209
-0.022194742573599
-0.022036270176351
-0.021349870536095
-0.020149600979536
-0.018379341292622
-0.015945267044507
-0.012621682912364
-0.008085879150526
-0.002207933352828
0.004818129234998
0.012659234518530
0.021140159744023
0.030287981184962
0.039890246857678
0.049101997574136
0.056798355013594
0.062305074411224
0.065615410843727
0.067032353994537
0.066847067317212
0.065303488467397
0.062579030459290
0.058661917411754
0.053383888311352
0.046757721768542
0.039418936408556
0.032733968524156
0.028139672183297
0.026092630547294
0.025792823550943
0.025896227688422
0.025255671331759
0.023243974084160
0.019855672867847
0.015496016493742
0.010449128698995
0.004622809639582
-0.002169449138026
-0.009916232887453
-0.018360937839992
-0.027042825221707
-0.035341075286653
-0.042466703430027
-0.047652837223475
-0.050664569515395
-0.051941554365916
-0.052031453504600
-0.051087585565464
-0.048863368641049
-0.044864572692550
-0.038643685786548
-0.030137161166517
-0.019676608748367
-0.007886069140806
0.004350052943739
0.016120693124952
0.026889910822442
0.036645037040737
0.045551171090632
0.053395340855067
0.059453796594950
0.062978367875509
0.063607658299994
0.061261427891639
0.056016710750379
0.048263163095526
0.038800996148664
0.028685556323397
0.018942800916448
0.010163839016261
0.002299130398672
-0.004774336929663
-0.010561887982474
-0.014226561454234
-0.015323792039799
-0.014057623840805
-0.011240040736293
-0.007999129987376
-0.005139757582014
-0.002929437245770
-0.001345130463510
-0.000156402460737
0.000899667318998
0.001860984273545
0.002549342700887
0.002617759941224
0.001610304414922
-0.000732334423288
-0.004188859858544
-0.008219787827823
-0.012329636106014
-0.016090806537844
-0.018890838090934
-0.019904072000828
-0.018488932392419
-0.014615246691841
-0.008910245034647
-0.002336962702842
0.004162903833534
0.009712660535520
0.013382679503315
0.014202067007237
0.011390215509626
0.004804916270904
-0.004911565890235
-0.016767094443697
-0.029856759832172
-0.043514263389109
-0.057267423734391
-0.070549898792899
-0.082569374388923
-0.092657207185411
-0.100433520309960
-0.105541554920925
-0.107562187358009
-0.106069605989824
-0.100661377039209
-0.091201952630735
-0.078043764850240
-0.061964535949549
-0.044039634387645
-0.025452976953239
-0.007110967695720
0.010498499445653
0.026924910007583
0.041417279992694
0.052943580142266
0.060399099204581
0.063089656865976
0.061108774670128
0.054973127307482
0.045216288350826
0.032572320957480
0.018100527872906
0.003076915831305
-0.011130434828907
-0.023266896794146
-0.032325151024511
-0.037592679424174
-0.038691019086305
-0.035642541073565
-0.029065107319184
-0.020224232001652
-0.010637524225854
-0.001446696264775
0.006810002453862
0.013812233149484
0.019234769468236
0.022911049082464
0.024755223512486
0.024623315602827
0.022459981508961
0.018401767395917
0.012766534428327
0.006139474050427
-0.000693216758697
-0.007099557473836
-0.012707026790472
-0.017148869852951
-0.019938158765985
-0.020645514331355
-0.019221326371967
-0.016096753706989
-0.011926498078627
-0.007301919704156
-0.002658205148144
0.001672882925355
0.005340559733214
0.007962155482252
0.009364962416881
0.009740164989119
0.009451138496331
0.008851932164855
0.008296701845849
0.008167653824892
0.008829385207961
0.010514304252844
0.013284683402074
0.017096191439146
0.021861911078319
0.027488789167862
0.033711089621811
0.039881268944089
0.045163555620381
0.048867245369685
0.050495746953049
0.049705932451218
0.046322271902287
0.040371168349632
0.032251173347837
0.022786171414414
0.012859031021677
0.003028305332535
-0.006476896825820
-0.015476560637615
-0.023577446047338
-0.030249914310908
-0.035221266387783
-0.038771794310547
-0.041438937310418
-0.043368989259370
-0.044222222230818
-0.043606576087636
-0.041344706512092
-0.037516419722426
-0.032414501624435
-0.026421689748966
-0.019986796997231
-0.013625935619678
-0.007709230591075
-0.002312897391428
0.002627607719658
0.007096556501441
0.010891271732149
0.013716773649406
0.015405719883762
0.016017363630033
0.015775775573846
0.015008402938926
0.014158028934713
0.013727644749093
0.014034655148086
0.014972414280145
0.016055634195762
0.016683849848203
0.016422879498878
0.015172462352233
0.013044418852461
0.010087605819747
0.006312913470508
0.001919474224536
-0.002716279356384
-0.007177251838710
-0.011128688893641
-0.014471645704262
-0.017262380370345
-0.019428422371935
-0.020747893323927
-0.021161549425357
-0.020994039753995
-0.020776684618598
-0.020975005178941
-0.021987513541785
-0.024120791533221
-0.027370590603525
-0.031377823277412
-0.035705315426066
-0.040189640223985
-0.044949124192433
-0.049964223649843
-0.054800677341089
-0.058817377604940
-0.061469735129684
-0.062389735660615
-0.061368456268254
-0.058283975417865
-0.052981502587436
-0.045367522833241
-0.035728711318632
-0.024865321606929
-0.013836906924324
-0.003597986978908
0.005119757417088
0.011685656551372
0.015532321827107
0.016379295969823
0.014462964055011
0.010492988634317
0.005481422171802
0.000616861450118
-0.002864513971228
-0.003833240770480
-0.001525553718150
0.004215830149145
0.013009892977050
0.024158474285054
0.036804934150843
0.050024921040443
0.062827631471481
0.074247211375102
0.083582267273028
0.090485746985207
0.094835572593328
0.096570423037158
0.095543709203502
0.091569804737242
0.084764198491408
0.075641217812624
0.064720952417796
0.052286414556688
0.038634280274667
0.024500581178991
0.011199778900847
0.000067904966678
-0.008330109363207
-0.014188896299795
-0.017802991317195
-0.019167583303771
-0.018117241371733
-0.014790414830054
-0.009928893601546
-0.004669745756441
-0.000038996630736
0.003363738169261
0.005263051303453
0.005651426824962
0.004890682350362
0.003442090890248
0.001514737787885
-0.000908467625164
-0.003932325244286
-0.007483299996164
-0.010984742944728
-0.013611645748306
-0.014939041439003
-0.015180883976163
-0.014973686991549
-0.014896361571244
-0.015055483353006
-0.015308209453765
-0.015714731690883
-0.016456689855812
-0.017486912005056
-0.018471970053510
-0.019056045419644
-0.019136691211335
-0.018840520904462
-0.018204151975678
-0.016994063599710
-0.014984606670285
-0.012303194584386
-0.009350736147558
-0.006549734980044
-0.004223966518825
-0.002477794882714
-0.001211643226511
-0.000340305867748
0.000163743896808
0.000455164165964
0.000915079156227
0.001935802385353
0.003641578287447
0.006044973593287
0.009311631198097
0.013570325711328
0.018601329023798
0.023860806638233
0.028787535149550
0.033071819718624
0.036617811730667
0.039320241529967
0.040927874169843
0.041113058462653
0.039663711053373
0.036514831946465
0.031592911683672
0.024753950359173
0.015971408153924
0.005677241995978
-0.005127717865534
-0.015269207326525
-0.024006940538288
-0.031251469880373
-0.037170641423202
-0.041747174383223
-0.044765405752221
-0.045916364293918
-0.044822613791128
-0.041225135680687
-0.035228171553018
-0.027248734348206
-0.017762041881500
-0.007211446052286
0.003886291387741
0.014968686100450
0.025625960266323
0.035638561436633
0.044842165979530
0.053036361080743
0.059963941925351
0.065202734085000
0.068076929396887
0.068082002245836
0.065532826144928
0.061514853688336
0.057132370694632
0.052908489519855
0.048857265915648
0.044822713276039
0.040611351048539
0.036020943040471
0.030860190997974
0.024992881779491
0.018558361179939
0.012141919444361
0.006424923730402
0.001670319673783
-0.002258060902053
-0.005577917574305
-0.008383004338451
-0.010556596881368
-0.011818824369366
-0.011859620845838
-0.010524680531364
-0.007970480747226
-0.004593466020863
-0.000749613669367
0.003431228895906
0.007988199897840
0.013007748174650
0.018490662003389
0.024242755336342
0.029908307975074
0.035203600947083
0.040176159307507
0.045030046039507
0.049684078381125
0.053682617010835
0.056546473155593
0.058175606179818
0.058782752401847
0.058471124712321
0.057060350302841
0.054263107910035
0.049952618266900
0.044291628573299
0.037635821464613
0.030307018422464
0.022474820753838
0.014271853874299
0.005851052466021
-0.002726189163333
-0.011523885574972
-0.020674410380708
-0.030236235572074
-0.040053796386691
-0.049871350521866
-0.059477364018362
-0.068587358046443
-0.076718771357039
-0.083348641320854
-0.088151478563539
-0.090948289120076
-0.091514681040660
-0.089589023092483
-0.084998434529297
-0.077798579681595
-0.068482231603743
-0.058034508080505
-0.047611432468248
-0.038103373506130
-0.029978165920299
-0.023461902499667
-0.018785717131851
-0.016157701966795
-0.015493090604935
-0.016396090711977
-0.018469574503864
-0.021432656078318
-0.024985845299528
-0.028657535081554
-0.031656106103758
-0.033089339614319
-0.032692120680326
-0.031121306222116
-0.029249070626909
-0.027482039679868
-0.025821379637771
-0.024052933135506
-0.021834544472236
-0.018915763958810
-0.015332418597164
-0.011422971191625
-0.007666215353358
-0.004403475906258
-0.001661091902055
0.000736807535724
0.002913433910459
0.004803277310494
0.006120440142245
0.006494758149406
0.005751720645131
0.003829943186028
0.000402226961757
-0.004991233784961
-0.012302577054152
-0.020682792545640
-0.028910503321597
-0.036021038718248
-0.041490167476478
-0.045080806707233
-0.046760467361599
-0.046660042676031
-0.044992209711550
-0.042093673943499
-0.038516627038572
-0.034873185823213
-0.031622785036459
-0.029099405379659
-0.027534331867823
-0.027051120599270
-0.027859477164881
-0.030273795845954
-0.034331576283854
-0.039586382587261
-0.045330000553943
-0.050873418340433
-0.055826558157500
-0.060307395081706
-0.064663722877820
-0.068868746066995
-0.072254616582297
-0.073980153199406
-0.073856577653437
-0.072505081468158
-0.070621876531092
-0.068225600048069
-0.064597672323751
-0.058930947459565
-0.051133911075370
-0.042041563859388
-0.032771445506580
-0.023979992829208
-0.015876266000964
-0.008604485692727
-0.002238594304974
0.003462836905564
0.009069753063198
0.015199092248405
0.022120078744016
0.029525935295169
0.036752916811325
0.043183352371391
0.048327577240628
0.051792097856235
0.053425149702638
0.053367922727743
0.051883423312216
0.049104144826781
0.044902047171230
0.039153447069237
0.032254938445302
0.025248401379193
0.019278448307059
0.014891625211945
0.011846680642350
0.009605438837764
0.007909150883422
0.006768983134141
0.006180150407520
0.006123310095418
0.006740922356001
0.008386010806162
0.011367696578348
0.015616907163585
0.020707611185932
0.026136496896672
0.031624456003021
0.037259760585632
0.043233790395843
0.049439530867305
0.055386490704378
0.060423674608968
0.063997575620536
0.065798527194235
0.065856426235864
0.064481865464312
0.061979430733885
0.058390458749091
0.053436038238714
0.046720307068397
0.038176525471963
0.028383696002805
0.018380385974302
0.009189820636466
0.001478704918098
-0.004580529540516
-0.009112404128033
-0.012085573859983
-0.013243216751277
-0.012430804802555
-0.009755570845655
-0.005472453431281
0.000117948364592
0.006521501556013
0.012926407923118
0.018430084534410
0.022394441381995
0.024638563706854
0.025364892577979
0.024869685054417
0.023272290761416
0.020591584416754
0.017067080943332
0.013189874692126
0.009436197456724
0.006071433439077
0.003167109643918
0.000733398167453
-0.001189397646144
-0.002505564388656
-0.003227211343188
-0.003611297826380
-0.003890851262095
-0.004063717161062
-0.004049209766714
-0.003776590385423
-0.003187762233416
-0.002282696220192
-0.001027283375227
0.000629478402803
0.002548220094941
0.004533364772150
0.006633183255584
0.008982607413756
0.011430063935058
0.013456435818188
0.014405741200696
0.013887309951889
0.012063605695967
0.009472130790030
0.006630771848345
0.003968269305429
0.001987225259946
0.001282181129428
0.002323265903500
0.005160467182966
0.009399241922424
0.014532649520965
0.020177390143099
0.025983672659041
0.031726445697227
0.037590660735910
0.043921357789183
0.050761586330459
0.057756994639771
0.064101429584104
0.068695230782175
0.070780825209379
0.070322752137017
0.067632741667012
0.062916938809357
0.056320234361097
0.048077328730658
0.038611754431571
0.028668693915623
0.019157786175045
0.010873339023370
0.004494275449035
0.000535403865667
-0.001002164583775
-0.000770470115472
0.000347878787286
0.001809575692835
0.003683854548293
0.006434006307440
0.010280857472510
0.014834680023126
0.019395018670352
0.023503166795103
0.027238507312437
0.030989558075180
0.034941744657168
0.038887545459351
0.042586167976795
0.046111431090241
0.049612287115493
0.052950353995752
0.055672066140191
0.057081847011619
0.056437196416675
0.053268985998193
0.047600789859785
0.040000546988950
0.031361320846577
0.022415945249887
0.013391018768720
0.004147942504664
-0.005461103995309
-0.015256364226185
-0.024482948658645
-0.032147071182475
-0.037719770455466
-0.041318804668781
-0.043378179143465
-0.044250749843708
-0.043998260523892
-0.042594616281484
-0.040235029948784
-0.037229390192080
-0.033704224333608
-0.029619283361763
-0.024951977805633
-0.019649814285453
-0.013491261087804
-0.006204851608146
0.002106076381149
0.010499186667213
0.017256229673585
0.020718898070054
0.020203088566371
0.016233864255253
0.010224248223702
0.003947445840799
-0.001071923091474
-0.003937730432010
-0.004381291631475
-0.002698947520044
0.000236169726710
0.003191345448736
0.005053670475124
0.005167664611483
0.003364628336699
-0.000141198553109
-0.004796368172041
-0.009678189446402
-0.013765196793224
-0.016571265255660
-0.018431815521488
-0.020217928129156
-0.022886199994560
-0.026973895555765
-0.032258982472846
-0.038012783678497
-0.043608995613721
-0.048687228290458
-0.052872402328481
-0.055765301255721
-0.057185830831181
-0.057281078965530
-0.056405800384658
-0.054817710934908
-0.052630928566245
-0.050139749165033
-0.047766652855363
-0.045527725667162
-0.042909847002787
-0.039388791331976
-0.034801336917648
-0.029230616112756
-0.022766719652519
-0.015378554383101
-0.007072991149555
0.001813099501759
0.010552141161449
0.018041490625924
0.022984103207988
0.024445854724895
0.022217655741691
0.016712279599529
0.008884615774992
0.000153117294047
-0.008121244367092
-0.015268873360206
-0.021354290851486
-0.026649650702367
-0.031222752644323
-0.035119653091834
-0.038662470509223
-0.042373000838098
-0.046832538116951
-0.052372742884267
-0.058579618300884
-0.064404717829998
-0.068798136168858
-0.071112102152057
-0.071196925328980
-0.069299976242844
-0.065812553079905
-0.061096147655273
-0.055510362433356
-0.049445001257492
-0.043293177554806
-0.037561759823643
-0.032864128203368
-0.029443049856801
-0.026851211478540
-0.024544522443474
-0.022751530073409
-0.022503502907911
-0.024887613342236
-0.030217973200411
-0.037560427993041
-0.044930229337378
-0.050139985109930
-0.051693138854455
-0.049066590682062
-0.042413531051013
-0.032275210432680
-0.019543188853981
-0.005403142977254
0.008914051859149
0.022418642876698
0.034365840059491
0.043914550498907
0.050115946231244
0.052670417260800
0.052403255948717
0.050594845571264
0.048047424935818
0.044815819428909
0.040524286777244
0.034960203908259
0.028465894594916
0.021668349373991
0.014875824060765
0.007963567234388
0.000890744380754
-0.005914048899182
-0.011703585159793
-0.015733118105433
-0.017506314444671
-0.016788061735535
-0.013510801333132
-0.008122604719195
-0.001925613236554
0.003452678967984
0.006891993627883
0.008121371529578
0.007660695601691
0.006345067106826
0.004652096067897
0.002649355090602
0.000456065409230
-0.001627964624367
-0.003361917293031
-0.004729813590478
-0.005975128997618
-0.007550431337925
-0.009881403288661
-0.013108346068090
-0.017050873242268
-0.021180829947493
-0.024609522636602
-0.026585153358769
-0.027103930433926
-0.026668150464595
-0.025563762088322
-0.023673062294337
-0.020866130883029
-0.017512116531967
-0.014543415264316
-0.012717828364210
-0.011897179871589
-0.011207429552644
-0.009744175181208
-0.007173849224697
-0.003740563834926
0.000233479081289
0.004591774692010
0.009125829251909
0.013437624990682
0.017051098743752
0.019381691949924
0.019655733846763
0.017159678689533
0.011628129032627
0.003627504272847
-0.005153453061593
-0.012301506732338
-0.015860355507104
-0.015276367868805
-0.011380513350640
-0.005744530099533
0.000075711260856
0.005018494370248
0.008583094108250
0.010838402220746
0.012465744314923
0.014477132377089
0.017588364580594
0.021816157549694
0.026516656423833
0.030523508248665
0.032442474786887
0.031103392462145
0.025954351239622
0.017505527028444
0.007473620761261
-0.001890368677180
-0.008850139142312
-0.012692715359096
-0.013578607021946
-0.012215670481299
-0.009324603155127
-0.005116006663630
0.000504601338098
0.007248786736925
0.014192985676321
0.020237402561264
0.024701219841566
0.027541407893456
0.029215694868364
0.030270683646121
0.030826283399882
0.030368420149564
0.028227119563165
0.024405542704890
0.019876863488621
0.016187321819764
0.014727368850054
0.016028369679673
0.019642635034746
0.024659552251714
0.030181911362283
0.035359047826699
0.039295221354671
0.041278598873456
0.041278811057222
0.040155582358089
0.039039664788502
0.038291953129019
0.037200950492465
0.034649363916025
0.029925477473987
0.023140979271147
0.015237310113140
0.007661425210857
0.001758133474066
-0.001819751641925
-0.003239459699716
-0.003209989872577
-0.002679851082865
-0.002623742130868
-0.003747278894484
-0.006159696406593
-0.009347381866152
-0.012512890781193
-0.014982937184141
-0.016368307908980
-0.016527306940507
-0.015560056950748
-0.013729915722603
-0.011217969792377
-0.007895116809801
-0.003367714912358
0.002625728813194
0.009836649587407
0.017599577467090
0.025296623392128
0.032616440910787
0.039389090961161
0.045304863212591
0.049701149945745
0.051688153808101
0.050800343434610
0.047474997831078
0.042715561541638
0.037345606872858
0.031533106805771
0.024864000556607
0.016793498957665
0.007042660656128
-0.004304676873215
-0.016942276731720
-0.030394879586805
-0.043762961398431
-0.055587420487405
-0.064262250989344
-0.068678361216331
-0.068567106620517
-0.064387298088074
-0.057036263470715
-0.047658650941295
-0.037366694040289
-0.026825169285496
-0.016296205276241
-0.006176021507642
0.002857410898168
0.010138201316653
0.015240487123367
0.018278474361439
0.020045548566168
0.021609063716168
0.023870507812218
0.027405174987908
0.032377857849065
0.038577802127704
0.045606007792068
0.053008304028420
0.060128743026957
0.065929135388319
0.069289442650098
0.069469681958981
0.066259392669635
0.060147880622950
0.052308286088653
0.043877165164141
0.035355567813138
0.026804709818381
0.018237758559944
0.009781379694880
0.001576656246247
-0.006420806968080
-0.014330069191526
-0.021924691332395
-0.028438217296126
-0.032946271000414
-0.034903592802348
-0.034307485315595
-0.031574109885884
-0.027285432053512
-0.022009017774602
-0.016446398891071
-0.011454519330251
-0.007417793110391
-0.003766298902959
0.000382665434481
0.005248720742361
0.010189142492517
0.014119365258003
0.016169388070945
0.016193416561931
0.014753527804408
0.012671125920688
0.010502463144826
0.008380586124160
0.006124611842178
0.003333736354854
-0.000323100269420
-0.004942331607071
-0.010633690947499
-0.017592090872738
-0.025954854283175
-0.035719582810469
-0.046443259758778
-0.057035955232552
-0.066127954008957
-0.072572688129439
-0.075906810602055
-0.076672822839893
-0.075907480818569
-0.074221298849486
-0.071578934021817
-0.067652502000358
-0.062286828746623
-0.055811939198470
-0.048860644643528
-0.042012880779935
-0.035702300110209
-0.030283011855175
-0.026071964684213
-0.023177867916318
-0.021338366977982
-0.020093196678373
-0.018943244464658
-0.017343794301269
-0.014772783497776
-0.010838467586099
-0.005461924104585
0.000841391795051
0.007025769101362
0.012130981891777
0.015765917701238
0.018059938972089
0.019451953091572
0.020409419401917
0.021142743486013
0.021517650467816
0.021171375298176
0.019814294340437
0.017404956218407
0.014213077798798
0.011022066886704
0.008930559613865
0.008717158080535
0.010484711362347
0.013684486606630
0.017419169684752
0.020806314044412
0.023025243897006
0.023389815256761
0.021776237255047
0.018794995353765
0.015292950862954
0.011761095932634
0.008330453114308
0.005204149865259
0.002769223556152
0.001281783957301
0.000743079890248
0.001020195641153
0.001948072888188
0.003495665684366
0.005815969621010
0.009060473833454
0.013232814160870
0.018131188838669
0.023452386422138
0.028914202358884
0.034049286716746
0.038148173252918
0.040691394205680
0.041650473450825
0.041341332676640
0.040199664753094
0.038666327512672
0.037060952413905
0.035431202318003
0.033410064193354
0.030302250925831
0.025532259278094
0.019083373000527
0.011677031245608
0.004449822897811
-0.001814153467314
-0.006957814934872
-0.011075163062960
-0.014286813360941
-0.016767331897905
-0.018818250863000
-0.020861114793734
-0.023101666959812
-0.025217079397786
-0.026538271343791
-0.026487796317027
-0.024957733773430
-0.022338707999944
-0.019017956264769
-0.015066009521073
-0.010676174557635
-0.006480092329403
-0.003103238745875
-0.000715787517647
0.000901449621646
0.002014543204529
0.002590397561732
0.002306503109674
0.000926378454044
-0.001469977399622
-0.004631872343919
-0.008396026036178
-0.012695402969120
-0.017345452454040
-0.021990531032076
-0.026330883154687
-0.030362905585120
-0.034374799405843
-0.038641917926574
-0.043065633350810
-0.047148000122207
-0.050295150900303
-0.052139266197112
-0.052620520061608
-0.051782201883127
-0.049624593708323
-0.046120234390917
-0.041195873772242
-0.034766689883156
-0.026859050756756
-0.017752951427274
-0.007991754964151
0.001875215159832
0.011554975538056
0.021005495899029
0.030186584616180
0.038772912228385
0.046041173748312
0.051134926402015
0.053663357653136
0.053937239168295
0.052463965602243
0.049375678107534
0.044468908305316
0.037738644816007
0.029719374753893
0.021171911599782
0.012553242149280
0.003943228337910
-0.004485688575378
-0.011996092619391
-0.017537662584106
-0.020418853694928
-0.020572847122294
-0.018453972439613
-0.014784349987278
-0.010361665572100
-0.006013572792084
-0.002250489771786
0.001176172930581
0.005040052527643
0.009864238466779
0.015406583474676
0.020866420816654
0.025597371190675
0.029525040518169
0.032798382237003
0.035294628169961
0.036641765069004
0.036602697184654
0.035301528556582
0.032948318048156
0.029436921460351
0.024501135461187
0.018286957749692
0.011562762398799
0.005289251809435
0.000125241110378
-0.003644308163370
-0.006009818722696
-0.007136381378803
-0.007151047566224
-0.006169395109672
-0.004567750586350
-0.002831217146088
-0.001250384576651
-0.000020818142724
0.000794242062438
0.001510295964656
0.002697554467973
0.004808467875161
0.007834969238000
0.011211234520920
0.014175545327173
0.016270361869619
0.017603832941567
0.018690263851567
0.019965930724639
0.021504584087210
0.023028685340331
0.024029581481827
0.024053914650864
0.022918584915043
0.020617832498692
0.017206878917428
0.012925309826630
0.008321363366473
0.004045121328035
0.000471923309212
-0.002376404014619
-0.004590449897206
-0.006301700506509
-0.007750549621606
-0.009132156635786
-0.010512279600543
-0.011864651282910
-0.012869326261831
-0.012833011624668
-0.011138396268544
-0.007829919688863
-0.003659814641437
0.000583646689710
0.004608589268954
0.008269478665508
0.011166857667957
0.012942672665327
0.013621448894296
0.013528696227562
0.012928184840950
0.011820230297129
0.010287497959571
0.008739341438683
0.007613866550799
0.007121308050384
0.007195728888659
0.007649539074415
0.008574377787058
0.010264735555842
0.012621324136505
0.015153090672482
0.017579852465455
0.020101260347881
0.023114124805914
0.026675360388496
0.030301219598402
0.033367414214491
0.035415808483195
0.036030371208772
0.034794748334847
0.031515430300779
0.026404769840403
0.020041672711579
0.013202151413516
0.006660370258087
0.000941947544383
-0.003790850189941
-0.007585688000304
-0.010590507670369
-0.013059264983836
-0.015309662482563
-0.017692061011953
-0.020372257667595
-0.023109202198898
-0.025568447545404
-0.027594193493947
-0.028955200377909
-0.029302997886243
-0.028464812622077
-0.026553882807786
-0.024077126712090
-0.021921268505491
-0.020782253120559
-0.020767889038477
-0.021753683317665
-0.023680008655826
-0.026446150416191
-0.029906892579102
-0.033877728387700
-0.038047712417684
-0.042184700415870
-0.046290376911341
-0.050162920431048
-0.053087975849664
-0.054371181166670
-0.053920727231073
-0.052137273733273
-0.049597067476108
-0.046845386801446
-0.044133339149400
-0.041328277916807
-0.038098758468852
-0.034179503797142
-0.029627020100220
-0.024824419106328
-0.020211222593760
-0.016005323528946
-0.011959950235757
-0.007414047471045
-0.001926912649065
0.004182011727551
0.010095604714768
0.015010986523272
0.018310794858180
0.019646547819530
0.019120776211185
0.017360186586388
0.015179487456290
0.013062299751348
0.011135637637745
0.009483240834699
0.008208159439958
0.007321905531674
0.006619010035343
0.005645468307262
0.004008936916557
0.001729615913355
-0.000888392805032
-0.003704041219947
-0.006930781672505
-0.010743244773499
-0.014691657550620
-0.017748595910693
-0.018933393789026
-0.017746048268612
-0.014365852747701
-0.009795104956444
-0.005556482721866
-0.002943000835765
-0.002449336294882
-0.003695388016970
-0.005747061778850
-0.007741593548937
-0.009441044414319
-0.011120817963956
-0.012955762731159
-0.014791649262805
-0.016442522056014
-0.017726803949380
-0.018284659215878
-0.017859404980570
-0.016655928087739
-0.015246026859551
-0.014300997113519
-0.014268653160495
-0.015095217089382
-0.016392836292590
-0.017947521512073
-0.019908942299081
-0.022252847140603
-0.024146712359589
-0.024355545297984
-0.022419993088825
-0.019141947525490
-0.015837063315658
-0.013299587995535
-0.011556965986326
-0.010155764018819
-0.008291740862261
-0.005108684000457
-0.000382900569883
0.005009163581726
0.009377955683285
0.011242593774230
0.010206026766523
0.006750261912155
0.001408403012358
-0.005621213461295
-0.014133174118483
-0.023217470354222
-0.031136066170910
-0.036344720645614
-0.038438819502470
-0.037870907159469
-0.035237445938449
-0.030974555709185
-0.025368292502165
-0.018703323310424
-0.011289287946198
-0.003382364791776
0.004646174219050
0.012176329028863
0.018642568434108
0.023880577815065
0.028190417413956
0.032093948430297
0.035784688586867
0.038875622266320
0.040839284175696
0.041572008901448
0.041552936160854
0.041461453996101
0.041538745437234
0.041335195925320
0.040071345036128
0.037345667070789
0.033571413574333
0.029641018181687
0.026420417901410
0.024628536410964
0.024584876438428
0.025866628665046
0.027491696371121
0.028416082624087
0.027892159865466
0.025735320008141
0.022555219531812
0.019591089569495
0.017907487306415
0.017662647338973
0.018423899593436
0.020097176767566
0.023081798969885
0.027483130678693
0.032548866374741
0.037033580149199
0.040029622164574
0.041411960018116
0.041596463199844
0.040958504705294
0.039543916819277
0.037425030889453
0.035110765623634
0.033307780234777
0.032391058561859
0.032200571286071
0.032210573887887
0.031846012142993
0.030633569471082
0.028244646510227
0.024768949582730
0.020903904528592
0.017597027719036
0.015383332216382
0.014005360767225
0.012797184881732
0.011535026333698
0.010729036556504
0.011057390469624
0.012652372271370
0.014882722459638
0.016715750723881
0.017284589085257
0.016253980378957
0.013867846426391
0.010760038755609
0.007695784287640
0.005361994616061
0.004226046952991
0.004477215449298
0.006080548124438
0.008883129649731
0.012620313406087
0.016754990675310
0.020354720961112
0.022457501857974
0.022720411472890
0.021500959472186
0.019485042154366
0.017422886432859
0.015836631409572
0.014845514982123
0.014312229532353
0.013879443858982
0.012952366162524
0.010976004629108
0.007714216999365
0.003319075168386
-0.001789866407120
-0.007218619537946
-0.012628175043040
-0.017408361683241
-0.020721805731881
-0.022094896522456
-0.021735242023046
-0.020199247176467
-0.018034293513391
-0.015648873738250
-0.013156909678633
-0.010531651390134
-0.008005357737132
-0.005962247773285
-0.004558017454030
-0.003681325823871
-0.003073093246003
-0.002517698004892
-0.002069624013616
-0.001873102162939
-0.001937152959557
-0.002390455749389
-0.003563802880959
-0.005690199118996
-0.008778884068181
-0.012617188044978
-0.016854159795486
-0.021274879405877
-0.025836342062214
-0.030331073715697
-0.034163125579726
-0.036465823720260
-0.036494304947022
-0.034071382570355
-0.029702292149952
-0.024270791797454
-0.018685363488138
-0.013750428134496
-0.010095606824762
-0.008059664966382
-0.007648160526985
-0.008577034093532
-0.010356622735151
-0.012364820820287
-0.013906765330555
-0.014389532821061
-0.013654771370961
-0.012146590480147
-0.010678852184605
-0.010028644868403
-0.010622397421465
-0.012514638638868
-0.015521315199638
-0.019177406217061
-0.022726001542308
-0.025379332392049
-0.026681479652507
-0.026636910053173
-0.025478838976696
-0.023438781793359
-0.020750245464452
-0.017818372789922
-0.015383035222623
-0.014293525090859
-0.015002638738828
-0.017406692322414
-0.021118982865559
-0.025713946044416
-0.030701860144805
-0.035470413617003
-0.039447360722716
-0.042296672716077
-0.043962291395206
-0.044770334162867
-0.045449679494756
-0.046651409868215
-0.048455431729936
-0.050500063157405
-0.052259897740658
-0.053032233047267
-0.051991326033685
-0.048530451878936
-0.042678838367635
-0.035254396562966
-0.027566881485491
-0.020937513931601
-0.016438549076444
-0.014823740474856
-0.016303896890612
-0.020302580385860
-0.025668590760715
-0.031113520320453
-0.035518809824557
-0.038314098237415
-0.039664226795461
-0.040037487044035
-0.039766468718702
-0.039128567992360
-0.038413026850845
-0.037793576780382
-0.037295319648142
-0.036703880972090
-0.035516377449310
-0.033137925106825
-0.029109283211676
-0.023257594295751
-0.015711295885491
-0.006843292126126
0.002641856126190
0.011677332409943
0.019156952527800
0.024455341001024
0.027725228613137
0.029623041305465
0.030757905285293
0.031622563840411
0.032795066013925
0.034683057019759
0.037204529794396
0.039967414034848
0.042608006173733
0.044928735440455
0.046819098727568
0.048074872280489
0.048332808302854
0.047217096699863
0.044698503288534
0.041387505767186
0.038254691202277
0.035976138684101
0.034577417959387
0.033657854432749
0.032925580436232
0.032394765421863
0.032207230095283
0.032571840501830
0.033787187866953
0.036178431161562
0.039886185229798
0.044510586354100
0.049164204053659
0.053134264890875
0.056233872682874
0.058471831592479
0.059805133725016
0.060149575412684
0.059419862369361
0.057805607192084
0.055872659158919
0.054072672100559
0.052409501780003
0.050686351197032
0.048853191845841
0.047067501405182
0.045414729032391
0.043707259667463
0.041779837073410
0.039830004189900
0.038165217364886
0.036717199589526
0.035009684351800
0.032497711022075
0.028880262996272
0.024170689244882
0.018546929328577
0.012135040998635
0.004921039911376
-0.002951082813649
-0.010855190977238
-0.017932627157167
-0.023698361411390
-0.028368005667363
-0.032464825589461
-0.036045344976568
-0.038482409307602
-0.039016042739798
-0.037334394188560
-0.033605973464781
-0.028275233296364
-0.021984408682629
-0.015377229432939
-0.008848564242046
-0.002543847053722
0.003482755092698
0.009045020249038
0.013743813326843
0.017209900467551
0.019342382970265
0.020303909671040
0.020346850596756
0.019583761694548
0.017889450419300
0.015060840410313
0.011136591122958
0.006482425574386
0.001481470642981
-0.003635436136464
-0.008566497360080
-0.012914106354876
-0.016561185045386
-0.019832529861978
-0.023235252359303
-0.027086839558156
-0.031222285348616
-0.035044149037307
-0.037921673546075
-0.039504430293434
-0.039756747318257
-0.038912116293932
-0.037473468752448
-0.036072214035460
-0.035122853453950
-0.034581655213893
-0.034014713541555
-0.032908180874783
-0.031066742633465
-0.028759303270716
-0.026406089265205
-0.024203153099863
-0.022064296420185
-0.019756836562339
-0.017049612962822
-0.013885185808473
-0.010498042227283
-0.007320144058256
-0.004864290924433
-0.003753462226010
-0.004606843777180
-0.007636397677897
-0.012284158507570
-0.017277428430124
-0.021188470372921
-0.023245775637384
-0.023740201810124
-0.023585485737346
-0.023608658667292
-0.024242954242231
-0.025457865854765
-0.026722533180493
-0.027224765809858
-0.026268990443518
-0.023453197539181
-0.018745419313435
-0.012638638523607
-0.006126080620566
-0.000480698326491
0.003181251626564
0.004462176807731
0.003871187645803
0.002590382863445
0.001963613952745
0.002717629139911
0.004426558856857
0.005993627863422
0.006884483435370
0.007562627105887
0.008649913522384
0.010229046152310
0.012024624315615
0.013805882903082
0.015592135473295
0.017597543794171
0.019887706089138
0.022137326767751
0.023779704934262
0.024376098219471
0.023908674604256
0.022689532383747
0.020991253775910
0.018957265724389
0.016788716915854
0.014630083751710
0.012235334437775
0.009002723194117
0.004469393665280
-0.001241426689496
-0.007517944999682
-0.013573443400771
-0.018525212161613
-0.021524870210079
-0.022010343894098
-0.019945073018317
-0.016048960569194
-0.011593731186183
-0.007656772371911
-0.004542020519749
-0.001949364745318
0.000320202686709
0.002036391226419
0.003021012696657
0.003606237739028
0.004357668561731
0.005521628227568
0.006832416666066
0.007837835993344
0.008438000336526
0.008965625277376
0.009720758216817
0.010633052890141
0.011424461939228
0.011946798586057
0.012260260147852
0.012498203648394
0.012645690286059
0.012330269288631
0.011087815520985
0.008922792313222
0.006324212232765
0.003836807142916
0.001771731186843
0.000119403500803
-0.001348630826027
-0.002841257998340
-0.004407225943894
-0.005805859577758
-0.006360774374992
-0.005268442232005
-0.002230589419867
0.002259543899644
0.007143258007602
0.011376741271034
0.014371336393376
0.015950855959907
0.016256639810873
0.015805590859951
0.015309229644375
0.015156920809865
0.015028818907450
0.014122101418475
0.011832458015430
0.008196890848148
0.003795852787859
-0.000677716548802
-0.004852470483967
-0.008700899892179
-0.012168805422048
-0.014922504529434
-0.016553422165336
-0.017025066227683
-0.016756498807945
-0.016168227848998
-0.015279033262575
-0.013901774372555
-0.012093739210181
-0.010172695735665
-0.008398041103804
-0.006787071437674
-0.005151666979398
-0.003330466884763
-0.001447729207898
0.000208777559427
0.001556310085714
0.002748887878939
0.003921027323252
0.005029540043400
0.005892384398878
0.006404517321625
0.006668017588554
0.006905175363331
0.007386077637969
0.008426687455632
0.010362748083095
0.013335993141244
0.017029795692266
0.020828359269344
0.024215933098385
0.026892215612485
0.028660166209067
0.029369364310988
0.028975922345997
0.027697780928006
0.026124158067874
0.024909575203125
0.024160469568940
0.023319893208562
0.021792378280098
0.019590509143022
0.017362624515371
0.015815154017323
0.015153646327883
0.015186171982638
0.015834150440711
0.017211490239333
0.019281403376088
0.021822278918035
0.024583102278715
0.027295573789139
0.029834590894523
0.032220471296032
0.034215219461093
0.035217068779990
0.034708377969139
0.032691099948778
0.029672417051250
0.026271311569213
0.022775663002950
0.019039749440353
0.014788633675054
0.009899197107624
0.004516553690558
-0.000912614747807
-0.005851697549381
-0.009940473110354
-0.013027410808715
-0.015150048030055
-0.016514311793809
-0.017320813017103
-0.017578742691301
-0.017167466691397
-0.016078867353628
-0.014475324141575
-0.012508685499171
-0.010219533648369
-0.007651935715676
-0.005002275670805
-0.002611733277592
-0.000802895445834
0.000378975789500
0.001251445265702
0.002128130988212
0.002867938397793
0.002918689198124
0.001841402582392
-0.000288494616345
-0.003065611221102
-0.006197959084095
-0.009707117888785
-0.013876851653401
-0.019039536284631
-0.025297234227365
-0.032410920762621
-0.039874360325901
-0.047016257337660
-0.053085599409828
-0.057383481172112
-0.059489039109571
-0.059420767039541
-0.057488085148825
-0.053999747085495
-0.049245293675443
-0.043640712189147
-0.037759231353588
-0.032258972437036
-0.027641940310850
-0.024097821660043
-0.021732595394954
-0.020699236699188
-0.020918397466325
-0.021940974894830
-0.023315436243604
-0.024931137373660
-0.026880025704396
-0.029142396634133
-0.031414178289186
-0.033176469772557
-0.034054664916055
-0.034104632853264
-0.033555767096263
-0.032316542276477
-0.029998282159232
-0.026418192677077
-0.021878835053136
-0.016875456431929
-0.011658169705044
-0.006298284346631
-0.001022833170504
0.003767534037630
0.007652792778219
0.010327496961578
0.011796563371065
0.012390019116146
0.012440799928449
0.012061921645705
0.011299996227953
0.010337104805084
0.009478162759635
0.009012222931715
0.009074855246947
0.009589845953672
0.010344039113930
0.011133255155612
0.011789986083151
0.012109769275884
0.011947864185918
0.011372260196288
0.010611115172981
0.009895447776248
0.009197186043103
0.008177374485010
0.006699008891763
0.005093508229429
0.003761865619571
0.002907623364726
0.002550588946108
0.002488423307082
0.002411928325624
0.002207009034083
0.002096677525328
0.002532856051907
0.003931875370456
0.006388777392509
0.009661975908613
0.013406836259132
0.017308816694855
0.021120793803257
0.024696571014774
0.027823298502119
0.030021969716005
0.030817035590615
0.030207029745154
0.028616453917771
0.026503319232064
0.024216927121560
0.022155532827328
0.020955407767577
0.021275753711764
0.023252137773472
0.026397505338999
0.029986953777778
0.033482898236430
0.036904478045773
0.040672191028846
0.044916420156346
0.049220996120713
0.053001137952545
0.055784817947332
0.057149552054985
0.056730760495384
0.054512184602269
0.050952024247404
0.046655129590795
0.042103364571016
0.037707274058273
0.033767432772974
0.030369266845357
0.027343444834887
0.024173793413978
0.020243139360591
0.015343382115714
0.009794443571982
0.004202726000972
-0.001003895852987
-0.005933194695597
-0.010754284983452
-0.015009258495546
-0.018042946588634
-0.019977233775052
-0.021676808892084
-0.023865792227270
-0.026574191326625
-0.029175744691741
-0.030807125362665
-0.031074319124995
-0.030378996073708
-0.029374911989091
-0.028370318086313
-0.027367794628178
-0.026401734125559
-0.025808944448264
-0.026127374198445
-0.027577470038756
-0.029793180656663
-0.032088835409365
-0.033816256072888
-0.034564621692655
-0.034189097276419
-0.032786289032913
-0.030781946619028
-0.028836314739367
-0.027359863230471
-0.026216051824093
-0.025047944029020
-0.023737328552840
-0.022488839232179
-0.021549257178513
-0.020748541522046
-0.019500285716758
-0.017481128295085
-0.015020637079481
-0.012781636341369
-0.011282263947477
-0.010608759822480
-0.010505557162776
-0.010768432835262
-0.011375046035941
-0.012158123850366
-0.012684349240884
-0.012676730639753
-0.012284603237607
-0.011801678081559
-0.011284001497751
-0.010404129617311
-0.008665178371561
-0.005906552476724
-0.002407994080968
0.001632327107270
0.006193889311602
0.010764348844764
0.014146069126723
0.015262489908140
0.013961405903222
0.010970105757576
0.007241019447283
0.003435153708674
-0.000303905968425
-0.004421069664471
-0.009394743547459
-0.014883451515637
-0.019880784115250
-0.023659113292848
-0.026117714150212
-0.027323372262002
-0.027196545229996
-0.025777481367022
-0.023400867187058
-0.020477589375392
-0.017318774952383
-0.014101003638513
-0.010879536315762
-0.007721600422417
-0.004917252415370
-0.002889846987179
-0.001777623420520
-0.001362479549747
-0.001394619389377
-0.001760828965147
-0.002432481806362
-0.003285649617756
-0.004034117739472
-0.004456148712581
-0.004452588958960
-0.003897637669638
-0.002807362753329
-0.001555743943527
-0.000678309886695
-0.000571069338124
-0.001326873480236
-0.002639710422740
-0.003923376996579
-0.004678965328019
-0.004725189161548
-0.004065734526960
-0.002722189759768
-0.000818199968112
0.001276446167643
0.003057621611323
0.004281408103482
0.005204668350077
0.006248274321290
0.007430660926165
0.008287031348454
0.008313456727976
0.007358724121128
0.005627883064634
0.003493257609092
0.001307747604548
-0.000802534066165
-0.002947219228300
-0.005167071304392
-0.007238247876938
-0.008734332272819
-0.009073813507575
-0.007632450175399
-0.004173316001154
0.000697336449541
0.005720488772104
0.009863979416291
0.013028828076942
0.015860551526295
0.018982198581899
0.022520914782338
0.026228256184821
0.029847785454052
0.033304005702911
0.036475962082471
0.038868317358571
0.039717654291424
0.038453458714143
0.035070538119174
0.030196774437458
0.024781941403362
0.019561882024945
0.014855216652787
0.010786949073589
0.007266131337594
0.003805882320376
-0.000124999039913
-0.004549501321569
-0.008837503005955
-0.011981329493989
-0.013174729717976
-0.012286958162497
-0.009754550641655
-0.006133115233041
-0.001934486205056
0.002233155414215
0.005616934945920
0.007492779972291
0.007558371003310
0.006124712181334
0.003778047679823
0.001129365610636
-0.001122367324259
-0.002314309366083
-0.002216861091451
-0.001374714675927
-0.000917859602630
-0.001765399279873
-0.003947126952868
-0.006652655657568
-0.008770227688200
-0.009505052135404
-0.008787322471423
-0.007059390970843
-0.004772766705577
-0.002330595599672
-0.000240166356614
0.001024878414766
0.001418672267633
0.001563243496139
0.002327564795181
0.003998633786078
0.005988153822629
0.007436811917095
0.007928103339307
0.007536606544339
0.006546176635860
0.005301580756823
0.004157464810240
0.003444616463859
0.003260422429116
0.003229322372921
0.002782931164987
0.001733496230102
0.000356483697637
-0.001014642826236
-0.002299773057225
-0.003594342399297
-0.004789055028706
-0.005366214475858
-0.004759044750446
-0.002874805952444
-0.000234116005214
0.002305245432100
0.004111540906808
0.005162148710250
0.005724101576153
0.005864177915682
0.005492776045710
0.004648507090089
0.003570346667453
0.002554222062822
0.001825879224861
0.001577878534516
0.002012224112331
0.003215583507364
0.004931227134616
0.006472504568655
0.006952611407612
0.005702518792377
0.002713115524970
-0.001192336103254
-0.004883035884765
-0.007633052375056
-0.009118951431725
-0.009141145164200
-0.007771281883608
-0.005411575240010
-0.002412481114242
0.001183024629037
0.005481717025351
0.010413124620513
0.015524659358175
0.020144940926182
0.023853218208751
0.026743248745964
0.029150765579135
0.031181681279719
0.032471546881446
0.032411527579908
0.030756279897722
0.027889859317374
0.024445069149493
0.020910927730908
0.017562911144448
0.014467203900522
0.011514289424530
0.008539042682944
0.005386995955312
0.002047526638866
-0.001135638094629
-0.003564477837554
-0.004673803675650
-0.004126249535931
-0.001962799903963
0.001446063118737
0.005548109906665
0.009630874043771
0.012962307532656
0.015092646574289
0.016132470813138
0.016785288014885
0.017848239316879
0.019559854616246
0.021446532864632
0.022640350995709
0.022378103081167
0.020438047335808
0.017094687152662
0.012742048267332
0.007872952421188
0.003168063856329
-0.000798945950478
-0.003871201669770
-0.006377364131325
-0.008888596135746
-0.011626929809529
-0.014190127858758
-0.016082030102513
-0.017286491747847
-0.018049387015261
-0.018413088894962
-0.018324239134863
-0.017849883502507
-0.016994188611309
-0.015619986004703
-0.013639206707114
-0.011147378983929
-0.008519607184530
-0.006389956756458
-0.005384922001111
-0.005791570176786
-0.007380966037168
-0.009639571884332
-0.012298716869811
-0.015441660877645
-0.019046779088880
-0.022817276538595
-0.026620256600549
-0.030743814983110
-0.035441774159272
-0.040354795667140
-0.044628098416958
-0.047581166804685
-0.049005993885796
-0.048818582061592
-0.046860275223508
-0.043179791637636
-0.038145265040819
-0.032254053572757
-0.026039487850925
-0.019949339312158
-0.014121586771882
-0.008371594726737
-0.002435880554130
0.003693601154830
0.009591726474003
0.014611384344939
0.018192675221274
0.019931512181370
0.019677893982754
0.017824191555593
0.015362986486838
0.013453043615190
0.012839313950920
0.013557390043685
0.015053277700912
0.016554814831241
0.017371307354632
0.017059227583683
0.015586588218863
0.013457013930207
0.011534319937295
0.010501093170002
0.010449650682487
0.010911035929967
0.011222038361157
0.011034946206757
0.010382876597515
0.009298251238281
0.007728752114746
0.005680704347117
0.003193891562492
0.000343622719670
-0.002665903834828
-0.005525167630693
-0.007979365264904
-0.009926151122915
-0.011343135097267
-0.012251582878400
-0.012788219193263
-0.013063433020798
-0.012857929952967
-0.011793441150431
-0.009927088636577
-0.007877423837510
-0.006317286713958
-0.005543012986249
-0.005464327688640
-0.005821507880781
-0.006433110268014
-0.007237279283830
-0.008017266033133
-0.008298787914628
-0.007823489942721
-0.006985732487774
-0.006441406591550
-0.006358980822020
-0.006395064272388
-0.006301195526452
-0.006204091518554
-0.006357108884182
-0.006859664211162
-0.007593624526171
-0.008267771908585
-0.008481641687581
-0.007969262858212
-0.006869841178360
-0.005536495410189
-0.004159227290400
-0.002789623278987
-0.001557521388750
-0.000650166461066
-0.000115847507524
0.000222945629796
0.000640049089335
0.001264511252109
0.002043446088682
0.002973988013542
0.004079581010075
0.005124775491157
0.005703206704016
0.005615071858407
0.004936307168711
0.003818558520607
0.002466176297777
0.001147109240378
0.000035969848000
-0.000770506428661
-0.001186034089290
-0.001253171655937
-0.001142315093491
-0.001014800133959
-0.000800023122294
0.000015231569534
0.002068329740860
0.005509449723283
0.009893527385070
0.014493006718423
0.018587032059998
0.021729363838397
0.023929476457186
0.025517513402975
0.026836302469349
0.028057955892303
0.029110010096928
0.029680995539960
0.029432038783088
0.028239151715886
0.026211262958208
0.023615296726626
0.020758874072932
0.017848579864541
0.015016341544567
0.012324460834045
0.009645641413328
0.006780611635420
0.003770764073183
0.000959184515601
-0.001249412451324
-0.002650693599239
-0.003421216100673
-0.004061493932452
-0.005027219187825
-0.006478233038654
-0.008298608369450
-0.010183295834310
-0.011868211347404
-0.013299936954934
-0.014437321813936
-0.015137321485949
-0.015435440581617
-0.015731364912507
-0.016532906574169
-0.018004605500328
-0.019882632039427
-0.021864498868340
-0.023827064425964
-0.025624666703257
-0.027021264195567
-0.028054270868342
-0.029241025385802
-0.031104445707014
-0.033602057124665
-0.036136266004154
-0.037921795566340
-0.038318739414378
-0.037103664370522
-0.034586164070092
-0.031351502293978
-0.027875402797398
-0.024448004609328
-0.021285610082433
-0.018446186845515
-0.015652679297266
-0.012479491120685
-0.008838817002881
-0.005193904974135
-0.002160894197707
0.000102868997354
0.001948408607837
0.003771201394882
0.005729271223996
0.007819069595315
0.009969280449183
0.012023659413552
0.013826262910425
0.015315319197647
0.016501215042481
0.017541189680484
0.018755393857178
0.020387247927682
0.022348309760451
0.024219797834249
0.025617399786351
0.026587469089033
0.027527251078234
0.028721847652989
0.030101872348732
0.031471086110744
0.032728056974780
0.033771389181489
0.034384334618382
0.034271828750008
0.033233474484189
0.031382003211236
0.029061215924417
0.026484603138556
0.023576258841796
0.020156050445764
0.016224376819362
0.012019942984588
0.007806697869205
0.003755831949294
0.000022598413177
-0.003256790034427
-0.006150217646548
-0.008995953401656
-0.012074189952477
-0.015270583010747
-0.018154691871447
-0.020339797343792
-0.021815362745236
-0.022905294721658
-0.023913587717813
-0.024939470354577
-0.025926080684518
-0.026667127402887
-0.026895809098536
-0.026590367826509
-0.025940706478312
-0.025007172778876
-0.023881594716676
-0.022983630960360
-0.022719202631549
-0.022840867609092
-0.022404288050272
-0.020748912809935
-0.018152102395343
-0.015124685770972
-0.011972537095537
-0.009111539628966
-0.006969108917263
-0.005763984393610
-0.005334150855032
-0.005066670661939
-0.004439659676072
-0.003392133164875
-0.002246449226991
-0.001616017395821
-0.001840450041058
-0.002673370219486
-0.003944185052593
-0.005814203799671
-0.008310999944082
-0.011142583022301
-0.013793885225503
-0.015808539734032
-0.017032940403149
-0.017373045833469
-0.016657030051770
-0.014892132412024
-0.012377802175354
-0.009697165890493
-0.007543703439666
-0.006262951447534
-0.005597381833626
-0.004901484488952
-0.003613217970542
-0.001653425233490
0.000638171006235
0.002933341965826
0.005047565328883
0.006773637733031
0.007965494197591
0.008755300775041
0.009534574248730
0.010664539814665
0.012180271710583
0.013820465489862
0.015259315269099
0.016301584728673
0.017009701545620
0.017636331442939
0.018334641362169
0.018936916946760
0.019072198321705
0.018422629854158
0.016779014456817
0.013999320531423
0.010136008126036
0.005659469607647
0.001342668344405
-0.002302072820796
-0.005384017242777
-0.008292416267847
-0.011112380237208
-0.013476045394981
-0.014860535153927
-0.015005670144493
-0.014047070613353
-0.012192131281737
-0.009458913946329
-0.005806773404439
-0.001358863638060
0.003473735360300
0.008131750008978
0.012282626774814
0.015832316340520
0.018634830152668
0.020516405051611
0.021337212136173
0.020961533588180
0.019485348277063
0.017304055336967
0.014805345686309
0.012235621067456
0.009859880402137
0.007941264807039
0.006436581586964
0.005034501500100
0.003588445260224
0.002179459005918
0.000936490776001
0.000046587206442
-0.000437772348803
-0.000857726526530
-0.001707932721130
-0.003224600774187
-0.005290844465532
-0.007598294902588
-0.009859503550514
-0.011812540947638
-0.013088384082940
-0.013407895855364
-0.012936049066252
-0.012247693039209
-0.011896531583646
-0.011953612333989
-0.012023055007815
-0.011683062386941
-0.010712531444996
-0.009079232894738
-0.007024023552196
-0.005012674015961
-0.003364102904700
-0.001931581640076
-0.000175843909164
0.002405447479384
0.005830013367966
0.009533577921570
0.012668806998401
0.014649378461663
0.015531466009257
0.015864313773699
0.016283971187702
0.017160030862317
0.018367960315116
0.019385745366027
0.019658224563448
0.018934801026985
0.017413106374369
0.015662637020006
0.014390974357787
0.014051160264159
0.014432004123142
0.014680457864454
0.013960041561116
0.012181560586296
0.010030755857674
0.008414645771613
0.007982241432009
0.008927491732938
0.011024208880237
0.013761421784132
0.016493919720116
0.018691128927873
0.020170680242461
0.021158868982737
0.022096569219153
0.023232019704873
0.024404518108670
0.025223298353718
0.025419866233153
0.025112612597225
0.024614078075753
0.023919277167070
0.022756579520992
0.021124710542382
0.019329452385680
0.017575816774911
0.015762560711493
0.013586079005406
0.010915024540603
0.008118660782728
0.005870231864513
0.004660433719170
0.004449225570703
0.004649188699587
0.004606033139581
0.004152446782518
0.003596006507991
0.003216247235699
0.002946367567203
0.002580469886315
0.001985736453351
0.001023417498347
-0.000470291925731
-0.002524133680228
-0.004924667369266
-0.007323160201839
-0.009395244011288
-0.010925603070747
-0.011851893557107
-0.012198317109100
-0.012053767411173
-0.011661072500971
-0.011265684767322
-0.010772983861016
-0.009705973682091
-0.007607708098312
-0.004483726307590
-0.000820423422582
0.002811600967769
0.006174091904930
0.009358409975033
0.012350877529200
0.014713324293131
0.015776792620662
0.015159374427993
0.013061423440754
0.010045964065431
0.006598677331303
0.002923966640773
-0.000846917104380
-0.004436661193253
-0.007615544098123
-0.010392804375248
-0.012793416608769
-0.014618521252511
-0.015586852780991
-0.015562973048316
-0.014509392902066
-0.012448127265096
-0.009543202872545
-0.006054895510357
-0.002320773653993
0.001275642115881
0.004456091420199
0.007086608795637
0.009169661508408
0.010768097384895
0.011725856901282
0.011585762675201
0.009997920986494
0.007127184040210
0.003505977475270
-0.000420650512738
-0.004421026804005
-0.008203303470690
-0.011356237371231
-0.013666272110675
-0.015220384761006
-0.016199654143745
-0.016684801457464
-0.016580012450481
-0.015757223687992
-0.014252661189667
-0.012267064569651
-0.010111111879011
-0.008139045342581
-0.006545870096282
-0.005261140898015
-0.004184693686895
-0.003439372493369
-0.003282082061225
-0.003910281732890
-0.005440547275988
-0.007880493245713
-0.010956049481880
-0.014001228728184
-0.016221857583913
-0.017299548275176
-0.017672294583995
-0.018047922085297
-0.018700753396265
-0.019286784176274
-0.019281392421589
-0.018586749557179
-0.017600671609185
-0.016611063050405
-0.015416026910695
-0.013739826139698
-0.011700919546239
-0.009633409730246
-0.007654920363980
-0.005634169308841
-0.003534491378562
-0.001572187271194
-0.000008518456578
0.001044398190734
0.001649165135109
0.002020054964359
0.002390953424272
0.002795289851292
0.003074885760399
0.003162554292932
0.003187556002007
0.003194775699887
0.002953738124988
0.002247371165384
0.001195233757345
0.000104385697123
-0.000872060034388
-0.001838748843139
-0.003014686754678
-0.004490673833694
-0.006124266801305
-0.007702481010211
-0.009078444625683
-0.010080649802047
-0.010499362181200
-0.010322333334580
-0.009863192012279
-0.009555417415723
-0.009639480951795
-0.010004834717318
-0.010351777561262
-0.010533296185368
-0.010681739132745
-0.011049552993655
-0.011743800348353
-0.012570824533148
-0.013184781994414
-0.013422403285849
-0.013405441141825
-0.013261859000143
-0.012979775447796
-0.012619387934961
-0.012378743783273
-0.012395366008785
-0.012610799327282
-0.012891218950688
-0.013289090009795
-0.014002192312942
-0.015040421992165
-0.016078750742344
-0.016651700819504
-0.016594317961036
-0.016297886354149
-0.016298718767953
-0.016626736561416
-0.016712123644535
-0.015842338902181
-0.013627562480489
-0.010211954659443
-0.006144283172378
-0.001939607987131
0.002175104006499
0.006049625395241
0.009430302366428
0.012159537141363
0.014331773325600
0.016068642245453
0.017213754670511
0.017341004974602
0.016183948207403
0.014034849295409
0.011485023330408
0.008880924113520
0.006269485140650
0.003668867356471
0.001189030562948
-0.000997995565995
-0.002722722637005
-0.003917832303916
-0.004604782548727
-0.004687965916132
-0.003923920859180
-0.002187391922494
0.000410655638577
0.003682191870874
0.007466230336902
0.011572386290149
0.015732436427856
0.019610343023532
0.022897094394881
0.025589943253368
0.028098761004148
0.030725664464565
0.033135890623614
0.034601432262533
0.034664616790666
0.033530732473574
0.031878064036867
0.030293044303799
0.028891276431210
0.027348816479333
0.025161448039788
0.021938229029454
0.017651540341102
0.012734221541921
0.007928556724166
0.003955930429224
0.001149540143285
-0.000701893680655
-0.002096168243884
-0.003328691289247
-0.004230593256194
-0.004415988696818
-0.003791647038737
-0.002682747758928
-0.001400014537181
0.000065771877388
0.001787974588761
0.003574475891263
0.005072168005777
0.006115764434850
0.006865701155463
0.007623025114111
0.008544991932632
0.009489954798949
0.010114851568712
0.010212057462784
0.009927079365899
0.009542333198628
0.009068700668521
0.008122978884248
0.006322566688287
0.003792572900701
0.001081867833129
-0.001434830231910
-0.003852050149196
-0.006386523292047
-0.008975641737072
-0.011415937447009
-0.013725159734485
-0.016037843470601
-0.018259768402285
-0.020132426623854
-0.021505655071269
-0.022399826107266
-0.022910533324941
-0.023118091425917
-0.023141688679843
-0.023242551934293
-0.023670910368905
-0.024314461083495
-0.024647541088431
-0.024178631721221
-0.022871630132660
-0.021068582751223
-0.019153316236645
-0.017339978372700
-0.015611158136505
-0.013778056924898
-0.011667860272157
-0.009294620186056
-0.006841846701212
-0.004459771252954
-0.002136348648149
0.000128562203926
0.002103688017064
0.003523596323972
0.004435235630997
0.004993053601783
0.005032491341377
0.004249997987538
0.002649379658077
0.000564679472568
-0.001582803245997
-0.003499814220140
-0.005069654547395
-0.006193308876110
-0.006736710050612
-0.006682952514794
-0.006219365127624
-0.005644492117644
-0.005194908442751
-0.004920847770242
-0.004664513122025
-0.004227898680589
-0.003587651312467
-0.002807978405522
-0.001817501035486
-0.000415640340890
0.001539302223184
0.003917870009583
0.006226856918789
0.007838429938394
0.008436455742533
0.008212842811371
0.007566100054246
0.006699944973328
0.005737743699485
0.005062347674889
0.005095524514959
0.005789367554168
0.006583425474571
0.006875695202595
0.006464060765712
0.005453307355213
0.003957845447396
0.002154704694157
0.000383735744626
-0.001081159622456
-0.002276015265171
-0.003468457315929
-0.004905448687245
-0.006602686878977
-0.008277410716603
-0.009581611264163
-0.010456904845282
-0.011191566996022
-0.012122491233615
-0.013248083440031
-0.014180882184089
-0.014608152441943
-0.014655427467093
-0.014565971400056
-0.014212466749784
-0.013287627724263
-0.011876710120075
-0.010466970865193
-0.009404647597179
-0.008632643631952
-0.007928309521904
-0.007140427146285
-0.006235546890503
-0.005320070396076
-0.004578724521448
-0.004070387060671
-0.003636232431727
-0.003086197578798
-0.002407117577919
-0.001672487881636
-0.000861753770655
0.000011930681439
0.000718028530664
0.001007479209296
0.000942364156103
0.000808838712620
0.000677049648411
0.000336729277003
-0.000280467789372
-0.001025307000505
-0.001824216690485
-0.002643269710749
-0.003421682831981
-0.004349858158569
-0.005798831672764
-0.007722218340974
-0.009498688120209
-0.010573179991068
-0.011023641560665
-0.011301192833047
-0.011578266007568
-0.011647234095729
-0.011365422494997
-0.010874535335779
-0.010322640784001
-0.009542789855790
-0.008168064670487
-0.006060201494935
-0.003461616534450
-0.000626789648845
0.002489853088160
0.005965388001363
0.009528174811496
0.012637137889873
0.014824441936152
0.015948584350350
0.016234668651540
0.016058917861028
0.015655907418196
0.015073720249891
0.014364356516021
0.013657114501619
0.012974543555564
0.012108763501174
0.010876973806317
0.009484615494555
0.008441315391682
0.008112194430594
0.008475785440727
0.009219479865378
0.009963445664317
0.010492897264869
0.010870332773794
0.011299813837208
0.011855479278918
0.012528114232740
0.013528799995768
0.015140343993479
0.017264259685357
0.019472261549116
0.021539065127203
0.023709740081004
0.026346544809438
0.029460842653942
0.032674481848416
0.035486363776609
0.037458174740048
0.038204252750062
0.037464551583182
0.035388536547635
0.032615878799518
0.029901189966223
0.027639592022878
0.025728559646870
0.023824121053082
0.021741842621040
0.019673651728019
0.018026154581449
0.017020052418364
0.016464789251754
0.015947263148706
0.015200403788485
0.014246800732450
0.013194751480831
0.012024638093848
0.010755989097725
0.009656268667462
0.008983244823654
0.008686578045679
0.008499370545102
0.008158364099260
0.007591083043801
0.006979254461280
0.006598313435654
0.006579353075474
0.006871600260214
0.007389260537184
0.007965231430245
0.008287609577937
0.008070641189329
0.007188588475471
0.005848066615550
0.004623831331697
0.003964746741586
0.003761711436375
0.003564730688814
0.003097404265426
0.002469709612424
0.001882220518094
0.001317806403957
0.000695020788213
0.000100052668868
-0.000261592266046
-0.000177821297521
0.000523124745799
0.001850094727179
0.003497154784073
0.005024188040839
0.006235501381623
0.007169480267433
0.007781391573174
0.007881966611712
0.007391639593997
0.006451555712201
0.005257481645605
0.003914791528924
0.002422808604618
0.000717543853092
-0.001262722728935
-0.003481846695036
-0.005738249740715
-0.007680522641875
-0.008938747544070
-0.009412317256428
-0.009380596707162
-0.009273740731607
-0.009419732936694
-0.009832646062483
-0.010223750526865
-0.010463112852705
-0.010906211048148
-0.011970747516995
-0.013543605924589
-0.015097232269283
-0.016159043400859
-0.016509634719162
-0.016233856100365
-0.015616175440977
-0.014863601433265
-0.013952790618961
-0.012679559951407
-0.010828683077572
-0.008354381362711
-0.005450327398520
-0.002446323257855
0.000347117421511
0.002676738441834
0.004397562797452
0.005543633461308
0.006199396733957
0.006284138046680
0.005628908804369
0.004361553173908
0.003014068291859
0.002046875346219
0.001356650241044
0.000458384822936
-0.000831371319497
-0.002165501139193
-0.003187901726076
-0.003930671066387
-0.004594541283305
-0.005222887722246
-0.005613543415818
-0.005425523486747
-0.004445738454500
-0.002790235753331
-0.000840489645235
0.001006909915908
0.002494677565013
0.003429243213038
0.003595694867891
0.002794017062509
0.001004430896808
-0.001496841748635
-0.004314089658922
-0.007162890263962
-0.009879033912388
-0.012290563753342
-0.014200598555639
-0.015495423123266
-0.016110127114651
-0.015914072960920
-0.014754432328307
-0.012648816216682
-0.009950209403990
-0.007248431076320
-0.004964403816741
-0.002997189884629
-0.000890676989072
0.001640257204260
0.004418392937516
0.006982272291888
0.009096269407317
0.011025106752055
0.013119201902609
0.015344107073532
0.017386630667290
0.019002023677238
0.020196001504607
0.021113207707226
0.021775126371957
0.022001629043830
0.021505733972753
0.020069219413214
0.017792107679014
0.015015785087055
0.011907780309563
0.008461874218816
0.004789105211608
0.001022103642291
-0.002830421305163
-0.006737345548488
-0.010510004344586
-0.013806245904179
-0.016259395936838
-0.017723668885585
-0.018384285976680
-0.018497043638007
-0.018098575687647
-0.017191479518694
-0.016074306034302
-0.015183318360584
-0.014652946706523
-0.014240014018941
-0.013750019881251
-0.013386639198291
-0.013523070168988
-0.014274061656488
-0.015328044837033
-0.016029332913844
-0.015825305135942
-0.014839989124348
-0.013791333831334
-0.013298093651781
-0.013535808193994
-0.014482919876375
-0.016050316798188
-0.017890037581808
-0.019419475176087
-0.020256908725829
-0.020555969266556
-0.020754014699762
-0.021094804802981
-0.021534488246010
-0.021906716395726
-0.022030309099373
-0.021746996767250
-0.020945005605835
-0.019608030195522
-0.017786151275078
-0.015564617900207
-0.013224047908752
-0.011247039784841
-0.009879758972484
-0.008812291507113
-0.007535193565370
-0.005868271064433
-0.004004067586634
-0.002238068520012
-0.000698355142151
0.000749739808618
0.002259404782119
0.003692334953196
0.004662737475089
0.004845969126669
0.004190197175009
0.002826038730306
0.000788827779911
-0.002022236635894
-0.005483150855073
-0.008941134992537
-0.011542074224693
-0.012978897648964
-0.013644618246721
-0.014019468363258
-0.014315075372804
-0.014648668220108
-0.015120707342153
-0.015697220712817
-0.016210811812486
-0.016494325433906
-0.016492923366039
-0.016311572428222
-0.016146357573554
-0.016052770477723
-0.015827552708837
-0.015281823376793
-0.014508144584937
-0.013665489370134
-0.012649859239140
-0.011233327664372
-0.009490115588137
-0.007888257182564
-0.006889162457313
-0.006500220964158
-0.006288779333833
-0.005772450653203
-0.004674048969228
-0.003040932948821
-0.001343330832105
-0.000222639340899
0.000016069600515
-0.000338844922283
-0.000573017339040
-0.000009504567294
0.001589221560813
0.003996923051623
0.006754868469364
0.009443446657108
0.011880347733907
0.014150100351793
0.016491703652909
0.019048114429166
0.021664680276268
0.023996143040314
0.025672413967541
0.026302776443285
0.025550050043995
0.023347441213217
0.020050783530349
0.016349768644744
0.012902531084705
0.010042606806385
0.007883333982262
0.006482009228244
0.005782907011804
0.005612707938769
0.005857970758967
0.006524057573823
0.007521069594752
0.008580778805418
0.009497038864059
0.010215221251594
0.010673826188020
0.010798681492485
0.010580853046409
0.009980504398063
0.008923234847118
0.007522642601074
0.006005734317240
0.004345561930564
0.002299561977061
-0.000213508170377
-0.003002800147635
-0.005807982282936
-0.008468169710478
-0.010901626360348
-0.013085858575318
-0.015092826300257
-0.016935222519899
-0.018348483407502
-0.018938910279528
-0.018600455754016
-0.017675653015087
-0.016695864015974
-0.015909453965543
-0.014920769914488
-0.012952809152025
-0.009651699561352
-0.005415305703105
-0.000889459961348
0.003518901480898
0.007582087586316
0.011034325843181
0.013575577403295
0.015036185658096
0.015523578035148
0.015384356220429
0.014958875327802
0.014403766985791
0.013803296437075
0.013251832605168
0.012648906900135
0.011650088261654
0.009978716237528
0.007689462148008
0.005173172860552
0.002955142237954
0.001458057928202
0.000941731814151
0.001506352167041
0.002927366750562
0.004537104594673
0.005541169968735
0.005490134044323
0.004418557860813
0.002838545709559
0.001572291039557
0.001076843517991
0.000947405800215
0.000399051954613
-0.000919454535773
-0.002703079274945
-0.004311034794881
-0.005152871579664
-0.004931609344811
-0.003735586956762
-0.001973857144335
-0.000263310789162
0.000733064326746
0.000605205517254
-0.000560725376512
-0.002253395122420
-0.003921853601098
-0.005322339999302
-0.006552083444420
-0.007882891788255
-0.009545502123523
-0.011631271363462
-0.014064699195597
-0.016475054375809
-0.018262429702658
-0.018958349174128
-0.018478899680772
-0.017123205872187
-0.015314880103921
-0.013176496082213
-0.010534672948273
-0.007473035092395
-0.004466855043727
-0.001884034096205
0.000291476856033
0.002317008319326
0.004481224260625
0.006941347525208
0.009605837152871
0.012214292941205
0.014635844365926
0.016886477573636
0.018824788463766
0.020160125118300
0.020653632041575
0.020123172011058
0.018610286877037
0.016583902831670
0.014580099001855
0.012752857872071
0.010971878247102
0.009065760633589
0.006881948404480
0.004339546569296
0.001530019570529
-0.001206926024412
-0.003391865152601
-0.004679818042378
-0.005034864824498
-0.004684836445973
-0.003825429893337
-0.002373142765504
-0.000137277102610
0.002942219447352
0.006754975523592
0.010938871850697
0.014888961324859
0.017990920226418
0.019818362912792
0.020240049093050
0.019520483515411
0.018263590790044
0.017071667442052
0.016184955723819
0.015430967549049
0.014426906822251
0.012885290111711
0.010830931044944
0.008511372675606
0.006277672628470
0.004680589939316
0.004326144256262
0.005357495000663
0.007230227356330
0.009109772649610
0.010463599938970
0.011267012058797
0.011718737215623
0.011952317864761
0.012045561884525
0.012121630623094
0.012360900154074
0.012910017680720
0.013734881340238
0.014555055839268
0.015006825119688
0.014938143035329
0.014483039842239
0.013836050350503
0.013070927173718
0.012199580113175
0.011292096032776
0.010495968533078
0.009989228848753
0.009929942008877
0.010408103560989
0.011397444866652
0.012723146409907
0.014068222951829
0.015121897498203
0.015788769988430
0.016158270536889
0.016320886763592
0.016282575912380
0.015954834152289
0.015238027382585
0.014172702249246
0.012868372661473
0.011235803796136
0.009059369157391
0.006402066373397
0.003685626972838
0.001336859259724
-0.000564615913771
-0.002320598341481
-0.004286121908907
-0.006505387412182
-0.008681684185080
-0.010484279714454
-0.011881222027461
-0.013124669910528
-0.014374560786563
-0.015444946122928
-0.015972825152112
-0.015668149922511
-0.014427645932507
-0.012400981910940
-0.009921294344472
-0.007414140481338
-0.005368369040266
-0.004161101135053
-0.003849157940092
-0.004166670162834
-0.004754901131610
-0.005399673697404
-0.005964430423752
-0.006259751495592
-0.006176373742856
-0.005755761653998
-0.005040130848250
-0.004038624898997
-0.002838448582558
-0.001606649652232
-0.000512237121996
0.000241538859216
0.000403194233418
-0.000122794354522
-0.001104857378935
-0.002206900170457
-0.003416206484351
-0.005057881729216
-0.007275867594835
-0.009645786700365
-0.011452653851995
-0.012364370365699
-0.012680208715270
-0.012822554735715
-0.012809462039492
-0.012348132939267
-0.011215919732397
-0.009441608759516
-0.007254776218752
-0.004891989600914
-0.002403766155894
0.000313712787767
0.003329075100428
0.006519188632640
0.009573923072914
0.012277437312313
0.014725741462619
0.017095142396942
0.019322884719990
0.021148930356813
0.022317175107194
0.022625433149283
0.021945399229285
0.020380615601412
0.018371806100323
0.016494211939709
0.015081352403057
0.014027811028571
0.012895693603810
0.011228433438141
0.008945035911178
0.006473991844145
0.004318689619993
0.002612403060358
0.001290214317599
0.000429952346656
0.000249277550372
0.000903033688461
0.002316687337456
0.004217068110246
0.006395080980539
0.008811117594288
0.011254504486655
0.013106819836461
0.013721245543276
0.012960339866555
0.011231287739722
0.009096670158940
0.006969658469290
0.004998396385370
0.003100997256165
0.001204504349445
-0.000674062558200
-0.002605001805242
-0.004695806184487
-0.006797041479672
-0.008485435677854
-0.009474899486677
-0.009921261035212
-0.010251012894744
-0.010782420037962
-0.011503721556893
-0.012228148781859
-0.012951302708270
-0.013991743835319
-0.015765643923235
-0.018329679016070
-0.021194045233850
-0.023756868507546
-0.025863779204093
-0.027791336315843
-0.029771740474727
-0.031771299590169
-0.033682962394556
-0.035455572821510
-0.036968955173035
-0.037927740511346
-0.037990023520183
-0.037084142826287
-0.035543741583559
-0.033721105718790
-0.031664920766860
-0.029401513793992
-0.027193459458481
-0.025445537800695
-0.024486126237689
-0.024227318524860
-0.024117322286881
-0.023698486895746
-0.023029828785199
-0.022386148142391
-0.021826055969550
-0.021193900736740
-0.020313689739783
-0.019148914173118
-0.017858286190933
-0.016634776869343
-0.015522666859997
-0.014442650897946
-0.013287637575728
-0.011924449273028
-0.010164844854153
-0.007836512309696
-0.004987636783302
-0.002016288695608
0.000534028367160
0.002383087045701
0.003695892776618
0.004859293342156
0.006155916131248
0.007603554588928
0.008987179305521
0.010075420914868
0.010760808638006
0.010937710764678
0.010443320860405
0.009333523431368
0.008077009272101
0.007157137980044
0.006642001252953
0.006380903717305
0.006287913301750
0.006333068359510
0.006543002891517
0.006913594624900
0.007215744948014
0.007112419011806
0.006471015783917
0.005401820529873
0.004051767699103
0.002438392392755
0.000536119549784
-0.001399852203983
-0.002743313639749
-0.002928881208110
-0.001913112120984
-0.000086861921392
0.002147692793704
0.004507563791595
0.006667190896943
0.008267069433618
0.009142405766106
0.009456633701947
0.009498117153532
0.009355902685551
0.008951538508590
0.008299451127465
0.007535498230802
0.006720772737179
0.005739527136107
0.004414141204017
0.002698725972916
0.000903578766274
-0.000242237865316
-0.000038026127251
0.001585825299329
0.004132329473838
0.007149177737044
0.010387538168620
0.013496960206939
0.016000548239422
0.017443222120251
0.017519991084268
0.016296867403320
0.014296225297756
0.012300959706373
0.010910787282306
0.010158224898825
0.009648652448934
0.009027880260836
0.008231021251271
0.007307296057146
0.006143058669878
0.004573041697085
0.002666892603605
0.000731499687698
-0.000861274732785
-0.001817920213969
-0.001983277784489
-0.001374406833276
-0.000319995395056
0.000540120546675
0.000679170448531
0.000104553760452
-0.000850490285848
-0.002089946491606
-0.003796563847421
-0.005899283549397
-0.007816190930230
-0.008877110773411
-0.008909239355689
-0.008374019865903
-0.007965655302839
-0.008060696058668
-0.008544274201643
-0.009107403400123
-0.009620110767506
-0.010175482670909
-0.010808880581881
-0.011355874227872
-0.011638208416399
-0.011674867774772
-0.011729253972913
-0.012108151395067
-0.012873977633393
-0.013829522094652
-0.014688652096469
-0.015214552807639
-0.015302705427474
-0.015000156388585
-0.014424491316949
-0.013599422034209
-0.012439017164268
-0.010872405038507
-0.008908128284989
-0.006725159437885
-0.004714172948241
-0.003278756262879
-0.002588514861861
-0.002601253088518
-0.003268264200863
-0.004561655723645
-0.006370146746163
-0.008492006187548
-0.010674092133692
-0.012691044916573
-0.014460588258002
-0.016122429202064
-0.017941931463921
-0.019884345477694
-0.021451926349926
-0.022247241546451
-0.022351462007413
-0.021957388031679
-0.021005993502344
-0.019321559696969
-0.016891037955667
-0.013874795802635
-0.010402498750112
-0.006502461594539
-0.002316454050327
0.001617955916313
0.004439486838583
0.005599872171358
0.005407658758579
0.004726229342354
0.004272147631749
0.004260272299342
0.004507057707480
0.004797516609949
0.005097000648827
0.005383636520668
0.005495867352297
0.005258341955180
0.004664701234251
0.003981961962837
0.003619451842094
0.003732520195153
0.004114398327240
0.004599782873642
0.005325727251916
0.006423217154907
0.007628231221798
0.008406314371353
0.008431170313436
0.007802693094681
0.006780957865628
0.005388930931739
0.003322244181197
0.000297408949890
-0.003515460189780
-0.007496483030050
-0.010978805602055
-0.013515536030361
-0.014794220040828
-0.014518869281645
-0.012546026294736
-0.009100179744436
-0.004717311469831
0.000049154071859
0.004860313959072
0.009569407230272
0.013941597637848
0.017521285956080
0.019962430670613
0.021362844556884
0.022166074573688
0.022795722854995
0.023348796205612
0.023630012481055
0.023498995116842
0.023132703186493
0.022896225194196
0.022973878478889
0.023199383298970
0.023257576513028
0.023055340840448
0.022834337825665
0.022786207237527
0.022665198396818
0.021954731958692
0.020333992803686
0.017928241254559
0.015177410709451
0.012480622990688
0.010018273441992
0.007884514770911
0.006217399555068
0.005138188090275
0.004622230912452
0.004523011467658
0.004636171270678
0.004608260945449
0.004044505333577
0.002864413523890
0.001379478750381
0.000049776369961
-0.000741730325065
-0.000775708536804
-0.000049553266241
0.001188364611533
0.002556802983548
0.003746646985316
0.004606745497191
0.005051152729589
0.005010112707959
0.004606648759028
0.004239793119438
0.004317595250324
0.004997521641836
0.006194065965475
0.007688125975310
0.009241876693377
0.010617471625284
0.011477894571983
0.011486502189865
0.010596314945547
0.009030923698345
0.006975781968504
0.004572494609671
0.002252601048576
0.000781959359571
0.000745803878915
0.002056843362000
0.004132008599978
0.006445197134030
0.008795316100745
0.011203649315770
0.013640898642971
0.015865441736266
0.017566581783784
0.018638216403900
0.019354057643582
0.020162412189345
0.021193258221290
0.022159091631435
0.022694125087318
0.022569550897371
0.021643150451236
0.019817315414437
0.017144791835969
0.013913617073940
0.010659966056327
0.008028634711937
0.006411102423776
0.005756293094621
0.005818954994219
0.006494736284431
0.007706907368154
0.009050925532637
0.009945415874085
0.010114008946355
0.009685338603937
0.008951053451972
0.008200670323092
0.007688466016832
0.007627766809311
0.008185977918014
0.009322654221976
0.010627489793211
0.011581891375485
0.011967329260076
0.011937935975964
0.011786058072776
0.011609694594894
0.011197379891529
0.010299800185012
0.009008224221764
0.007765995684537
0.006938988585994
0.006503425685609
0.006200682135621
0.005898667590608
0.005735399806876
0.005883699391678
0.006329179733758
0.006947830747030
0.007639176587074
0.008320378836993
0.008810793859122
0.008786509357789
0.007930703339088
0.006097143268242
0.003346322421632
-0.000074086762379
-0.003789314910802
-0.007355784019350
-0.010245629686283
-0.011929172500732
-0.012218052955209
-0.011551618342585
-0.010763202221054
-0.010464431253553
-0.010692859502064
-0.011104854460986
-0.011366429058344
-0.011410483940688
-0.011421622590140
-0.011525625887830
-0.011561514192952
-0.011224893908066
-0.010265996582537
-0.008487099817553
-0.005840979208073
-0.002756008092974
-0.000183482656671
0.000882668027484
-0.000047284276077
-0.002831740982684
-0.006896064873487
-0.011445724988698
-0.015777007915677
-0.019514913764950
-0.022380334683702
-0.023996871437685
-0.024214194181362
-0.023373654426579
-0.022101294731972
-0.020933576015352
-0.020109479372458
-0.019634621039680
-0.019517241956608
-0.019783342314570
-0.020123251670223
-0.019827613907461
-0.018402554918425
-0.016060331547127
-0.013403118643554
-0.010851079883924
-0.008586101853252
-0.006860188901859
-0.006055822504807
-0.006380414016462
-0.007593606085763
-0.009142333335157
-0.010568256322019
-0.011641965585213
-0.012172963300490
-0.011968638945513
-0.010929910623766
-0.009007980160357
-0.006212568801274
-0.002768108928352
0.000853661811594
0.004076072473964
0.006372912918166
0.007351571535340
0.006827964940969
0.004939908139418
0.002138044511343
-0.000985266624092
-0.003934075004201
-0.006544844511061
-0.008903176257447
-0.010975701535684
-0.012597855888927
-0.013724663418073
-0.014381563959308
-0.014542219180614
-0.014202090206039
-0.013491900885307
-0.012724452409218
-0.012268654963187
-0.012318239286836
-0.012769775542015
-0.013258215195305
-0.013360462038892
-0.012923254938539
-0.012177784078129
-0.011395039937266
-0.010567254556038
-0.009567489507218
-0.008328770255800
-0.006748695498771
-0.004735009872591
-0.002409489297759
-0.000067038455897
0.002042282808894
0.003834559923200
0.005375117699087
0.006649412327481
0.007316731863076
0.006933038899463
0.005382224018529
0.002899268892409
-0.000121801235317
-0.003205329950599
-0.005845505198582
-0.007625681080539
-0.008381980874467
-0.008261702600094
-0.007693175119983
-0.007294460853948
-0.007555967457417
-0.008458825429333
-0.009465257915919
-0.009998699973013
-0.009900220836458
-0.009432038790670
-0.009013352236529
-0.008893692905326
-0.008941246774177
-0.008745245568655
-0.008005285988796
-0.006852260542268
-0.005645856597679
-0.004520131144107
-0.003363467523621
-0.002141749255996
-0.000922473904368
0.000357686136660
0.001823730038024
0.003429674643708
0.004886940503921
0.005726404012394
0.005562266929682
0.004292140833609
0.002031151023790
-0.000914950000451
-0.004067261800380
-0.006898140399706
-0.008983402896594
-0.010223420613656
-0.010909185020065
-0.011429529138685
-0.011968820274249
-0.012521565657906
-0.013068186969353
-0.013642061626832
-0.014222721153493
-0.014574644865346
-0.014370580856015
-0.013555130058451
-0.012331523983991
-0.010863796793146
-0.009244606944080
-0.007595156593587
-0.006063109776280
-0.004805486167797
-0.004035274369624
-0.003976163495332
-0.004600973690160
-0.005527922335022
-0.006327207714627
-0.006838946856406
-0.007073563643559
-0.006939987190080
-0.006369548630953
-0.005630433069217
-0.005184532114927
-0.005183716755903
-0.005385682588668
-0.005653755484588
-0.006105929149472
-0.006740665468349
-0.007368109833689
-0.007788657472154
-0.007840360733545
-0.007478169098349
-0.006807973340626
-0.005801166465819
-0.004006805974100
-0.000847843779929
0.003797710104768
0.009454317191625
0.015327212130064
0.020627659548918
0.024804818255196
0.027591942929060
0.028866987849043
0.028570059806435
0.026769062864374
0.023761130320960
0.020070223084903
0.016229549675000
0.012595920217337
0.009477311459563
0.007307060218195
0.006443600012862
0.006776073010658
0.007694487229486
0.008471907996881
0.008618758560925
0.007906880808672
0.006249966364209
0.003830288392070
0.001298417352016
-0.000460725640963
-0.000990279295329
-0.000717325031151
-0.000560624489191
-0.001040229700558
-0.001952312082413
-0.002804686417389
-0.003220202345724
-0.003012490919203
-0.002271218180822
-0.001327590240119
-0.000420378275672
0.000508086025385
0.001593525504135
0.002770214136568
0.003852023573838
0.004663848211748
0.004937885437781
0.004428168180826
0.003200045932224
0.001568323274554
-0.000165969169195
-0.001810910718540
-0.003231773421604
-0.004301576762939
-0.004852469398437
-0.004715458542130
-0.003967199112211
-0.002981361861200
-0.002050779313373
-0.001089362047309
0.000200621937171
0.001860242620336
0.003401813545159
0.004123213332586
0.003722020547507
0.002485447823287
0.000896420188460
-0.000703434256359
-0.002047896436157
-0.002870743412266
-0.003034948034281
-0.002602103879107
-0.001741585542435
-0.000672225123479
0.000343646435520
0.001123419038568
0.001719244920297
0.002342936783508
0.003145686930512
0.004170967983667
0.005438351281434
0.006905898646444
0.008381040466625
0.009526847794006
0.009992113374854
0.009665514453651
0.008737751206588
0.007406045938630
0.005718769258984
0.003842708900249
0.002246763470965
0.001397451160261
0.001354280602130
0.001752683995717
0.002226112188365
0.002801994671573
0.003617783334802
0.004401744127543
0.004700763262235
0.004513694770758
0.004319026782532
0.004556808502434
0.005408639920689
0.006937794811266
0.009061268799100
0.011504421308186
0.013973314075621
0.016214704725582
0.017952784859128
0.018954251525920
0.019101599169999
0.018410241027530
0.017098270011894
0.015576288851114
0.014264812862835
0.013503520381368
0.013526301381764
0.014211159915976
0.014957990279966
0.015103801228957
0.014448306031775
0.013230741160708
0.011599820510268
0.009312977055964
0.006025692909519
0.001754734164564
-0.002981665279367
-0.007546027138066
-0.011668940209765
-0.015415900300766
-0.018810946548803
-0.021624602123496
-0.023542962601566
-0.024530668194229
-0.024806608903723
-0.024505595187338
-0.023643937283297
-0.022302208104828
-0.020643497636293
-0.018844795639714
-0.017062414541477
-0.015370682589544
-0.013723350837269
-0.012012031904663
-0.010148833437344
-0.008072160842146
-0.005735656429214
-0.003252889945941
-0.001077064724818
0.000217222828018
0.000441654260054
-0.000069892871048
-0.000724135993292
-0.000985791126396
-0.000651316340838
0.000134558161518
0.001074453183711
0.001873020428478
0.002340957735081
0.002381231254499
0.001904282158629
0.000880260538127
-0.000625906733674
-0.002581028853174
-0.004954060862181
-0.007413478314994
-0.009141255858101
-0.009179133093360
-0.007158550543393
-0.003660980589261
0.000167843560509
0.003392574320501
0.005766229742042
0.007538801844199
0.009051659477155
0.010466347711557
0.011694526668863
0.012731753530777
0.013829135010890
0.015019697378906
0.015859790685891
0.015932865063933
0.015353005192250
0.014629970074588
0.014147144523173
0.013841763918463
0.013482738936247
0.013208274796634
0.013467043252589
0.014375386830595
0.015465039978879
0.016212326005879
0.016589381919635
0.016816385933539
0.016710296573203
0.015610597691750
0.012956650631004
0.008951738869815
0.004677960356691
0.001377933961483
-0.000361461356621
-0.000696299540042
-0.000074837971419
0.001102607566027
0.002533164253531
0.003979311970505
0.005188957963936
0.005842941789858
0.005675043879052
0.004626808502454
0.002904983991483
0.000903850577159
-0.000939922440514
-0.002171303502007
-0.002412326237995
-0.001708205183212
-0.000582987432644
0.000441585779760
0.001175978593872
0.001596185204110
0.001589727609169
0.000991592504072
-0.000108788350182
-0.001321451330104
-0.002392157044333
-0.003468089954682
-0.004855305665929
-0.006628915638120
-0.008477584610128
-0.009911637487888
-0.010570827301427
-0.010293653695313
-0.008992242867176
-0.006775512100759
-0.004298918021683
-0.002550937814879
-0.002110980385603
-0.002808291444599
-0.004030904881088
-0.005171771856827
-0.005821445779485
-0.005795537941740
-0.005125813664784
-0.004006660445253
-0.002647165810882
-0.001067979168242
0.000881486968989
0.003310752755632
0.006138726578832
0.008963695986197
0.011024014119864
0.011614988317374
0.010778448748483
0.009363563878656
0.008298360606859
0.007944991218204
0.007984685568493
0.007751335860197
0.006826704010633
0.005340048545218
0.003674993286780
0.001990574987608
0.000092248441664
-0.002238122018102
-0.004952658504565
-0.007787312590569
-0.010351430657435
-0.012155400587319
-0.012724116861436
-0.011816746699240
-0.009651377439863
-0.006984490297270
-0.004908518235639
-0.004278331332159
-0.005127698259230
-0.006692823371886
-0.007948790896372
-0.008131971051738
-0.007056571790643
-0.005166808452172
-0.003240296782464
-0.001840129889847
-0.000954077462451
-0.000173863023759
0.000923440281267
0.002571875535903
0.004658256417834
0.006721271003300
0.008385641966131
0.009807133723099
0.011534818085412
0.013939186391912
0.016789607340297
0.019377281512833
0.021088669042279
0.021731920013819
0.021228406036935
0.019363210496348
0.016072903706428
0.011801756163540
0.007453899192548
0.003948096548807
0.001766997419520
0.000820858601106
0.000670492835568
0.000875491924415
0.001084653347873
0.001019095374013
0.000681019774748
0.000437185549743
0.000504782440937
0.000412019610132
-0.000614634444693
-0.002812241937782
-0.005650288435483
-0.008181369512824
-0.009600853676126
-0.009687151680286
-0.008720885922597
-0.007131325873949
-0.005311669353760
-0.003609985523302
-0.002385162346098
-0.001907869252792
-0.002069219050786
-0.002337725974864
-0.002256326772776
-0.001955249340348
-0.001905377164490
-0.002212902745637
-0.002531016627365
-0.002605417064542
-0.002475241660760
-0.002256584720654
-0.002065816517168
-0.001940098596354
-0.001740921312401
-0.001408996933502
-0.001200270902834
-0.001399196967720
-0.001965338008724
-0.002694968022335
-0.003586183391592
-0.004767494723271
-0.006040263628146
-0.006802862977292
-0.006582040291170
-0.005422497743788
-0.003748955068501
-0.001965326857690
-0.000188692567793
0.001551706938819
0.003001331405547
0.003807161457363
0.003898256865711
0.003617740509198
0.003470102717760
0.003763984399876
0.004433029467476
0.005144573365775
0.005660585712370
0.006074714770766
0.006662645726446
0.007626791705435
0.008962963771158
0.010415606444550
0.011483821042220
0.011460171320002
0.009683047788861
0.006025450670511
0.001183671125821
-0.003560048363478
-0.006992736940417
-0.008534361562601
-0.008291501801279
-0.006733397370651
-0.004360070492527
-0.001686677101708
0.000551056427073
0.001562810050817
0.001105014745418
-0.000368465235167
-0.002306212901571
-0.004463038795270
-0.006713032677421
-0.008833829769712
-0.010460453554487
-0.011160104763531
-0.010663782510757
-0.009061273830675
-0.006807191936463
-0.004537851432382
-0.002769218400472
-0.001804001217519
-0.001905879512972
-0.003216426827105
-0.005410520235436
-0.007770226758712
-0.009680978301212
-0.010938014236626
-0.011655748061288
-0.011977108070553
-0.011940180436123
-0.011642958048221
-0.011268195301828
-0.010852836471964
-0.010307326666230
-0.009606216457525
-0.008825581464876
-0.008104782082496
-0.007489294915076
-0.006845017597859
-0.006108666073321
-0.005538675148011
-0.005557001377963
-0.006272448447360
-0.007221679990480
-0.007716575918373
-0.007498385632318
-0.006920009035187
-0.006445334074317
-0.006214622706429
-0.006073942395350
-0.005756074944423
-0.005043644686749
-0.003879429232509
-0.002427762906061
-0.001035862289814
0.000047006885151
0.000847357294908
0.001490192319845
0.002169791029689
0.003234240086870
0.004901105282112
0.007000145359674
0.009071427899823
0.010547330839356
0.010965403108624
0.010163650733262
0.008340951229236
0.005963728094819
0.003533727533181
0.001397188902420
-0.000336618940749
-0.001776340209241
-0.003061171031580
-0.004169732755544
-0.004925119240950
-0.005203510995360
-0.005165468242455
-0.005192231774735
-0.005493935838621
-0.005824221745991
-0.005723616634258
-0.005010805620725
-0.003889521738976
-0.002688446173392
-0.001594687856056
-0.000505952322889
0.000835889783700
0.002462044579278
0.004032195208953
0.005165260296529
0.005818268110658
0.006205112615380
0.006418060891264
0.006375684295910
0.006140668202466
0.005975257326617
0.005994049976077
0.006021695810794
0.005810348407734
0.005194311279151
0.004102821967311
0.002575642593981
0.000773644156744
-0.001066751291116
-0.002682637752591
-0.003756696419325
-0.003915066345886
-0.002950245826924
-0.001187983553581
0.000621362526902
0.001983441364584
0.002919008809175
0.003541247662717
0.003783241863987
0.003609215788788
0.003283963509051
0.003200656781962
0.003467006080517
0.003931192837947
0.004444653523130
0.004836693046423
0.004965361794178
0.004941444064047
0.005015454833196
0.005242264943338
0.005426290000685
0.005320055175066
0.004756731986720
0.003754064019570
0.002629617891272
0.001916445834306
0.002075436524001
0.003176506118606
0.004790122664931
0.006278030792362
0.007278696493021
0.007904554672738
0.008431002056729
0.008885779327326
0.009083764650297
0.008972202649748
0.008761467561230
0.008735730246903
0.008948969271801
0.009147590787595
0.009181375968545
0.009304522919643
0.009776603437486
0.010424436408608
0.010836125320030
0.010847905561003
0.010691938751385
0.010713230085201
0.011083285367790
0.011663850192848
0.012018008745639
0.011692980730371
0.010515611482001
0.008612700070773
0.006239836428995
0.003599457626691
0.000848222758331
-0.001723601391013
-0.003750042129622
-0.005178444636647
-0.006246648314756
-0.006943096222682
-0.007020442494532
-0.006498301477393
-0.005690735343502
-0.004929797127907
-0.004416697832267
-0.004205872682917
-0.004307116784573
-0.004795277783904
-0.005835212747915
-0.007487823905910
-0.009525058213344
-0.011620702185532
-0.013587864926365
-0.015353950768270
-0.016777908897505
-0.017542981944231
-0.017384600145882
-0.016403171190155
-0.014965397225652
-0.013326954179868
-0.011552720242424
-0.009773317130804
-0.008260067327562
-0.007217434384597
-0.006588547116672
-0.006037363122056
-0.005210619489481
-0.004094374900652
-0.002984144803706
-0.002161135527033
-0.001810989619071
-0.002090571379504
-0.003074888392276
-0.004733891669197
-0.006835280286809
-0.008816054056295
-0.010128280888506
-0.010828803702898
-0.011547778130204
-0.012765876790452
-0.014302252336708
-0.015603518261698
-0.016321340051467
-0.016454352209277
-0.016126914336613
-0.015449858646385
-0.014486631601961
-0.013275295803257
-0.012019280843960
-0.011115558725223
-0.010804181758918
-0.010876556849597
-0.010797580525683
-0.010200610148249
-0.009213046955516
-0.008201941526620
-0.007407297236366
-0.006879195836002
-0.006555101770167
-0.006285486830030
-0.005941280863198
-0.005625119279699
-0.005558718857393
-0.005785710820313
-0.006195020976037
-0.006591310305281
-0.006570592555107
-0.005625911677363
-0.003684841291963
-0.001385741343504
0.000454535233788
0.001393828226231
0.001327332425113
0.000321687702050
-0.001422378071108
-0.003479105840707
-0.005154145275799
-0.005821322562548
-0.005339065516251
-0.004055821788001
-0.002469447605192
-0.000902900620355
0.000583294701329
0.002067263222679
0.003559341260231
0.004973618726927
0.006320606369602
0.007689614639549
0.008976813249604
0.009855233755892
0.010103628706680
0.009907877103949
0.009710248962917
0.009744380190547
0.009931929189372
0.010223769797638
0.010741235884836
0.011525498550412
0.012390217687406
0.013119338470265
0.013636860919828
0.013900183101304
0.013808405981464
0.013277416737947
0.012226747798375
0.010542059132974
0.008277701874111
0.005850206847213
0.003857905827672
0.002649395559771
0.002116458308330
0.002021193861966
0.002387480971925
0.003337251662619
0.004745180643826
0.006257120181203
0.007538587214379
0.008456033447451
0.009071398263444
0.009528995950173
0.009845129995124
0.009827702129004
0.009405079528108
0.008775250556112
0.008054396610835
0.007132660741307
0.006050908764296
0.005260212151104
0.005251343482621
0.006030772678514
0.007020402491508
0.007402227007832
0.006699611128443
0.005080525700726
0.003101907021133
0.001276728738644
-0.000045258164458
-0.000515219092509
0.000102051060162
0.001547535894796
0.003097332151254
0.004048250656419
0.004088090276595
0.003281577451738
0.001886250704995
0.000308710948964
-0.000879564735171
-0.001100951618718
-0.000012732675409
0.002316369675867
0.005336261700074
0.008216986194070
0.010298094719583
0.011287191567147
0.011083045585583
0.009744829128651
0.007666205618848
0.005447888930941
0.003446135620228
0.001581766455803
-0.000403166100707
-0.002549011013182
-0.004443789628261
-0.005483109935449
-0.005350625019813
-0.004151809472495
-0.002261130070560
-0.000017315977731
0.002398926500051
0.004713912128922
0.006477133632625
0.007241995157300
0.006805841403315
0.005455899702010
0.003910468555192
0.002971805134051
0.003139035795114
0.004377403283945
0.006280087332278
0.008307204529134
0.009789870833001
0.010093170696194
0.009104310253550
0.007473850955248
0.006067091388259
0.005169482372566
0.004482412207367
0.003615152022843
0.002252817525060
0.000208517542852
-0.002417385969992
-0.005263294955773
-0.007948413946388
-0.010231602010662
-0.011881891488595
-0.012552274170794
-0.012015795358548
-0.010410502038402
-0.008071354332152
-0.005340218466804
-0.002732661272925
-0.000940909345307
-0.000376799071956
-0.000929904039973
-0.002224648617409
-0.003977690807726
-0.006227519626840
-0.009129084406810
-0.012309429883559
-0.014678032441484
-0.015161115562287
-0.013534902971353
-0.010466236946120
-0.006941239940265
-0.003848318782662
-0.001911606709542
-0.001617652812548
-0.003002168804426
-0.005518360849303
-0.008336332583002
-0.010946833753544
-0.013339206690368
-0.015524722323496
-0.017076613033340
-0.017337668170739
-0.016053696137775
-0.013666244214239
-0.011012693410775
-0.008750648122934
-0.007030694593798
-0.005708862086345
-0.004640976826144
-0.003684761649760
-0.002741875444630
-0.001877453911570
-0.001280032437902
-0.001246804154000
-0.002098687886014
-0.003723222526487
-0.005280955340960
-0.005763619869139
-0.004956252265207
-0.003618728689874
-0.002619774542445
-0.002145719547391
-0.001828266398118
-0.001330847637939
-0.000602607825791
0.000270176546312
0.001165071703352
0.001853795422970
0.002090241800300
0.001881681258137
0.001594026324026
0.001828469443991
0.003068199381307
0.005201521130147
0.007470846819584
0.008995244748098
0.009342242320670
0.008641479629026
0.007313170366153
0.005796748772235
0.004398476982603
0.003291574180654
0.002508498224629
0.001852584963928
0.001032961344687
-0.000039961341743
-0.001128958899399
-0.001833348739900
-0.001871327145516
-0.001231930244380
-0.000181118397602
0.000923800434638
0.001929117804920
0.002904601410444
0.003888930591933
0.004812743627113
0.005665153100853
0.006535585210229
0.007460159494861
0.008275767953553
0.008645078787641
0.008351674205143
0.007567367350352
0.006643690218596
0.005729190729168
0.004745056840935
0.003586915756308
0.002237257842812
0.000684066168477
-0.001171561718148
-0.003419232616956
-0.005906411879882
-0.007955457210902
-0.008535919568057
-0.007106943019364
-0.004161138219982
-0.000835240258441
0.001841062089772
0.003354468192172
0.003684561016275
0.003039420215088
0.001567530978626
-0.000549616049724
-0.002751698438452
-0.004202319335687
-0.004347984593333
-0.003342492745645
-0.001882780674781
-0.000560693377298
0.000506533255165
0.001471221943302
0.002486169570960
0.003652728371183
0.004990110953344
0.006363426750641
0.007588004675807
0.008615729463587
0.009488896732666
0.010167701437082
0.010507510472397
0.010423643706410
0.010085994214956
0.009886316291036
0.010187207797478
0.011164425030361
0.012806862124849
0.014903624423493
0.017038220908694
0.018811695177062
0.020174183299257
0.021311171434668
0.022163393145275
0.022343298147526
0.021614226648386
0.020287933676073
0.018938290012316
0.017706831128901
0.016163890067575
0.013957940007287
0.011311960706164
0.008710298998281
0.006421224322652
0.004562228010273
0.003287285820707
0.002638415400947
0.002373902471036
0.002125814573722
0.001715523422344
0.001171479254345
0.000424520185863
-0.000820981954398
-0.002712244829343
-0.004825796617711
-0.006356881759276
-0.006657716024346
-0.005518168288531
-0.003202777360516
-0.000378953290476
0.002207210497861
0.004059201575824
0.004812132303145
0.004091040349308
0.001814657804666
-0.001574803415424
-0.005336550783581
-0.008798956358504
-0.011552114921169
-0.013383493422620
-0.014155152628852
-0.013843484324107
-0.012632318636233
-0.010861298037101
-0.008924340324377
-0.007207573379155
-0.005926916058169
-0.005100597474101
-0.004720383203348
-0.004694990342623
-0.004756584004442
-0.004626874787832
-0.004286979667521
-0.004015112165736
-0.003960103817449
-0.003911177672109
-0.003641101276551
-0.003124241390621
-0.002430543092321
-0.001597770559751
-0.000597582395458
0.000543422148480
0.001625268335837
0.002345370737980
0.002467921135431
0.001942992922208
0.000996037876442
0.000186638043252
0.000211930422929
0.001378728403645
0.003239520860001
0.004921433973018
0.005761166541565
0.005554695069526
0.004454622258093
0.002795004646269
0.000975126953934
-0.000579670115329
-0.001501917634132
-0.001568397418198
-0.000684124904731
0.001080309582237
0.003384188989024
0.005789673944549
0.008107369187160
0.010343403257316
0.012339693606381
0.013689670951778
0.014004537166105
0.013131201103416
0.011159472101336
0.008507811657151
0.005884633893046
0.003759622422057
0.002103571521793
0.000782772350704
-0.000164609669812
-0.000633000674385
-0.000693902413384
-0.000746971369978
-0.001293895126775
-0.002587928541090
-0.004580752346342
-0.006988183415421
-0.009343855839730
-0.011202188321279
-0.012271862855019
-0.012297165684596
-0.011083953541843
-0.008819950975909
-0.006231332885192
-0.004287302593638
-0.003614972178468
-0.004193343301302
-0.005688578565580
-0.007773008815408
-0.010003364153714
-0.011816074349217
-0.012818042920265
-0.012953442553366
-0.012312444541034
-0.010962848494776
-0.009170889508212
-0.007445757869955
-0.006083968643259
-0.004958802505670
-0.003909619608627
-0.003034095688922
-0.002547231916773
-0.002728865565014
-0.003989114520486
-0.006619290745224
-0.010368882764693
-0.014377151125000
-0.017665050672475
-0.019767770406194
-0.020878540046629
-0.021382017424173
-0.021377042497282
-0.020690506719329
-0.019215232160610
-0.017196141908042
-0.015145123145161
-0.013468754668407
-0.012322382465060
-0.011740736950071
-0.011601997640631
-0.011441690172809
-0.010632447554059
-0.008891773668354
-0.006427779056984
-0.003584377759525
-0.000552738767514
0.002544824281520
0.005466021905209
0.007893612237426
0.009603542019858
0.010481642845278
0.010517074077417
0.009847594486881
0.008609641694421
0.006829090555132
0.004624399858506
0.002311597852210
0.000235419165539
-0.001421829107611
-0.002656060643282
-0.003495161328039
-0.003979921641981
-0.004265541780603
-0.004558446745490
-0.005011612203829
-0.005773821888171
-0.006899309781238
-0.008139069245849
-0.009106498460070
-0.009584091651280
-0.009500439566636
-0.008763732803830
-0.007345089610900
-0.005609233385663
-0.004242452633322
-0.003640358070692
-0.003626415363142
-0.003777282610057
-0.003849890911693
-0.003950335847915
-0.004240886738190
-0.004557751560970
-0.004610103132790
-0.004368904897049
-0.004011098553015
-0.003739033442844
-0.003696960182293
-0.003830441985790
-0.003877226925674
-0.003688708037813
-0.003564355808501
-0.003965698516369
-0.004833126209771
-0.005614921549754
-0.005978656634499
-0.006120866922940
-0.006390595542245
-0.006785165171957
-0.006909786761577
-0.006345659663498
-0.004891669101891
-0.002574665970710
0.000379371664067
0.003538341175351
0.006335806122265
0.008321140820561
0.009335833618388
0.009468323149581
0.008910405427767
0.007836058051256
0.006427502731107
0.005013611386009
0.004127372012536
0.004312841787375
0.005772119386872
0.008169696798890
0.010788656190484
0.012935784022325
0.014219913698234
0.014527399166592
0.013868889223096
0.012278502669477
0.009894392328790
0.007134746925889
0.004671242668171
0.003111382122468
0.002695506989085
0.003326172818389
0.004836681546385
0.007193051951102
0.010354125025545
0.013841469430019
0.016670578699014
0.017971491168920
0.017550548567340
0.015730405427292
0.012996119990988
0.010038493806934
0.007687419926877
0.006362826217388
0.005747307383124
0.005241574353853
0.004664487890369
0.004331163810793
0.004566859683999
0.005394084661273
0.006611029497045
0.007949469287518
0.009080521188644
0.009530375343495
0.008817446132363
0.006775210424042
0.003669623429854
0.000151020111487
-0.002876374724040
-0.004653513993760
-0.004982033222179
-0.004293453780999
-0.003351207065309
-0.002752503350183
-0.002658447080574
-0.002924186624612
-0.003320894170185
-0.003664892179098
-0.003961428576913
-0.004564370704491
-0.005991051720834
-0.008353600105575
-0.011065404845867
-0.013232617717480
-0.014288027453800
-0.014255120411841
-0.013613583209703
-0.013027904715196
-0.013053254777918
-0.013814523717816
-0.014853324874747
-0.015476375269742
-0.015273185440150
-0.014264060708113
-0.012809464725104
-0.011444033312967
-0.010559373699097
-0.010073170468005
-0.009491811989307
-0.008478330196264
-0.007254423722289
-0.006321090096514
-0.005979907291912
-0.006218901560308
-0.006812068485408
-0.007335315481611
-0.007311145596675
-0.006577076605162
-0.005338819447735
-0.003835603416617
-0.002179952826273
-0.000544587036044
0.000623666780074
0.000841071899329
0.000063511767517
-0.001390597994641
-0.003247803192143
-0.005204959700490
-0.006631636465532
-0.006880896566758
-0.005964884805263
-0.004553301724486
-0.003278557273796
-0.002303236866946
-0.001496000251843
-0.000763449518534
-0.000176890242864
0.000081219148778
-0.000112655643622
-0.000598809498882
-0.000897393501199
-0.000522769177189
0.000623934222714
0.002300449861366
0.004305367301930
0.006473611330953
0.008394795499330
0.009623442075078
0.010133518086002
0.010346398388151
0.010848381341205
0.012046450878809
0.013882953325455
0.015891303841599
0.017502414212547
0.018232352046104
0.017751918243571
0.015997350803550
0.013336811154029
0.010569983502412
0.008531307227214
0.007599615475449
0.007521327756374
0.007597785699329
0.007191898648898
0.006217244046449
0.005060869082670
0.004054112022486
0.003224888978620
0.002521596218310
0.002003014351972
0.001686639883947
0.001310245299115
0.000548866007851
-0.000399724108868
-0.000797941141231
-0.000137784214610
0.001307027405729
0.002778531323574
0.003708348820690
0.004045445595272
0.004071441345659
0.004029319142822
0.003900046902207
0.003508815724474
0.002845615987596
0.002221116087889
0.002164360660175
0.003175227199308
0.005370915435060
0.008329952732643
0.011321876410389
0.013621372568969
0.014794990025498
0.014979213644135
0.014763896912418
0.014564786477494
0.014267079493479
0.013704803287244
0.013194800851395
0.013204690631527
0.013695230269762
0.014134275364903
0.014012013044365
0.013224918444248
0.012074325960841
0.010869684945334
0.009583942059046
0.007857444291161
0.005188557655510
0.001366472534832
-0.003067354943848
-0.006980525309837
-0.009424911372921
-0.010144741305695
-0.009277460847172
-0.006918781451885
-0.003344072653623
0.000602013605743
0.003784980337345
0.005380402699308
0.005050231399775
0.002817344265749
-0.000907966786388
-0.005185212826758
-0.008743142693291
-0.010710542170116
-0.011177687942165
-0.010846052195435
-0.010233962336585
-0.009387722883388
-0.008219120243439
-0.006860479245178
-0.005657518291563
-0.004985962817154
-0.005021538225590
-0.005582661376483
-0.006325719320087
-0.007154742760671
-0.008329898006064
-0.010030302160888
-0.011914708473590
-0.013343320730009
-0.013912172830414
-0.013600603195960
-0.012588231221873
-0.011236943960836
-0.010198873007870
-0.010088922403425
-0.010902939333586
-0.012051713921743
-0.012947635817856
-0.013361455416111
-0.013352168094679
-0.013004942297388
-0.012289700689417
-0.011238240739751
-0.010188842598506
-0.009730196263648
-0.010370371359851
-0.012188473899099
-0.014555761314879
-0.016211045742155
-0.016037581635437
-0.013891229127495
-0.010542479242381
-0.007051907871766
-0.004386416261718
-0.003192541330978
-0.003461582743075
-0.004511145957575
-0.005522657996975
-0.006020955420594
-0.005821411195064
-0.004859964354200
-0.003234237447473
-0.001226489684339
0.000697121830782
0.001946750248493
0.002082581118187
0.000916485795508
-0.001616942190794
-0.005294355224871
-0.009421712585311
-0.013192859797737
-0.016008015948769
-0.017265655548115
-0.016407721102360
-0.013514859624607
-0.009502770458425
-0.005559776293405
-0.002510210318292
-0.000590628744861
0.000370211847364
0.000696091625056
0.000833297164757
0.001206768585022
0.001819962328826
0.002304618692318
0.002599743285773
0.003285938797115
0.005042575014615
0.007983942662446
0.011477848310058
0.014370236118371
0.015509208335897
0.014369464883541
0.011431762047102
0.007885555990058
0.004782980264716
0.002465925963810
0.000682646939513
-0.000824107792274
-0.001868687074723
-0.002105232498724
-0.001649585427532
-0.001072462371919
-0.000899345827297
-0.001426438638399
-0.002683937323704
-0.004231925590891
-0.005208921425635
-0.004769036847983
-0.002506954987678
0.001341925312362
0.005821508103147
0.009481699343451
0.011162140950902
0.010717009647581
0.008975701936790
0.007188096740950
0.006422535297125
0.007139966225187
0.009078340754317
0.011341476581391
0.012716896133935
0.012386936561200
0.010617591714214
0.008692113838126
0.007911210519481
0.008480467697010
0.009471485903499
0.009775178517311
0.008889265144033
0.007074575598863
0.005044922274572
0.003338872936837
0.001946625712290
0.000681035025955
-0.000257032382867
-0.000308071170183
0.000882392349274
0.003028452046986
0.005366442504491
0.007158601463192
0.007985570480791
0.007799735845627
0.006956827699213
0.006153925829624
0.006097126979027
0.006961396748718
0.008192510396719
0.009040725293990
0.009174169444483
0.008666736257925
0.007704297161664
0.006487939714363
0.005239137448784
0.004264552938728
0.004034841248476
0.004901549919243
0.006607080625110
0.008282284741568
0.008951172804495
0.008058705780314
0.005802957119350
0.002966161163260
0.000163169300891
-0.002519806558135
-0.004943380478062
-0.006447656749789
-0.006274859447986
-0.004263548925403
-0.001032238335293
0.002315786183097
0.004595319527098
0.005041486281219
0.003785414867630
0.001832755370300
0.000380830276642
-0.000021137217071
0.000290859618040
0.000581566269848
0.000489015352970
0.000456534697714
0.001215906351364
0.002871446249495
0.004740534018070
0.005904270380886
0.005797691052105
0.004482809800261
0.002430781666959
0.000029495710545
-0.002618182635736
-0.005327555501275
-0.007480876596099
-0.008372916530136
-0.007806265871721
-0.006208601669055
-0.004318790395171
-0.002780413939895
-0.001856120219429
-0.001359561313222
-0.000780833340981
0.000446962610578
0.002517407423115
0.004960486958114
0.006962709720489
0.008029636825104
0.008406330727474
0.008936048709834
0.010290547022539
0.012207351764499
0.013697662419188
0.014107423046385
0.013711335591551
0.013294024198754
0.013453119338323
0.014165544869189
0.014873325863148
0.014985935879867
0.014192910986413
0.012547454232618
0.010570549975249
0.009125919915523
0.008886516204443
0.009774573481196
0.010995528005752
0.011622892667702
0.011165695881524
0.009829701345675
0.008262920902745
0.007000670414810
0.006193654726891
0.005559709325100
0.004458346803928
0.002411295377031
-0.000256067582698
-0.002546301047581
-0.003643093230962
-0.003444967660212
-0.002442894194969
-0.001525589137613
-0.001782392234792
-0.003864817145921
-0.007306115412834
-0.010766338241666
-0.013051877594403
-0.013799914440630
-0.013356866678591
-0.012277091026901
-0.011054769746217
-0.010192851219826
-0.010138885909565
-0.010928978220604
-0.012076587680291
-0.013042226956988
-0.013626540376510
-0.013765472304421
-0.013287189306787
-0.012014230683109
-0.009988302656665
-0.007553195799858
-0.005215613494513
-0.003555669520982
-0.003093611172713
-0.003938275990682
-0.005718420530275
-0.007894659012232
-0.010026569248029
-0.011867081948915
-0.013333704099851
-0.014508249871610
-0.015594054222691
-0.016592081890057
-0.017076818876263
-0.016500344325509
-0.014713680156810
-0.012231491538480
-0.009995226593436
-0.008788112839654
-0.008876600996298
-0.010053933001475
-0.011770455236764
-0.013317472102259
-0.014057904698849
-0.013541572000832
-0.011700646849721
-0.009100219204626
-0.006717067080625
-0.005254863604173
-0.004650554070099
-0.004206919510145
-0.003226862661575
-0.001642179898662
-0.000071821058633
0.000732370211557
0.000490618711185
-0.000413519748000
-0.001228932344573
-0.001359836493394
-0.000721170899658
0.000213551514066
0.000651531897683
-0.000060797790217
-0.002041641044973
-0.004781211938822
-0.007379160114811
-0.009089333159641
-0.009767509706226
-0.009667625144111
-0.008924980496892
-0.007483968363318
-0.005390732656804
-0.002960839612238
-0.000723613434017
0.000881140380647
0.001847828699199
0.002475764334904
0.002955526583516
0.003285023137305
0.003451112759491
0.003474968030657
0.003322585212928
0.002960082939433
0.002520698190245
0.002273935008209
0.002443674195526
0.003166747125536
0.004492591638773
0.006197588572264
0.007654243849609
0.008099535763610
0.007211743096400
0.005474232769499
0.003851497748383
0.003052991474725
0.003103837236753
0.003441810887158
0.003339617169613
0.002488137036351
0.001349939708107
0.000829139081287
0.001551665157175
0.003416538824844
0.005573364126200
0.006789356262115
0.006175132755160
0.003756504421945
0.000379364935080
-0.002856393046711
-0.005218470154797
-0.006615978255542
-0.007279172806450
-0.007346830614443
-0.006888028711668
-0.006060784942522
-0.005021115752867
-0.003765946287229
-0.002272902091275
-0.000835165138576
-0.000013403002931
-0.000108477628696
-0.000883200672344
-0.001856934379092
-0.002636567185191
-0.002941727529808
-0.002514403939205
-0.001141841519547
0.001123428346753
0.003807200887523
0.006283667824318
0.008195086828914
0.009513448575791
0.010304938504409
0.010515386166510
0.009892370696088
0.008174559905767
0.005551636151692
0.002745169573050
0.000474631932343
-0.000840326583546
-0.000886710386428
0.000577468740579
0.003423841759874
0.006936189342627
0.010074233555190
0.012130101612012
0.013108937423976
0.013410555452673
0.013296763285548
0.012781495559185
0.011870987392785
0.010740424588604
0.009732355667871
0.009234207476200
0.009420654090656
0.010109828474234
0.011007847087767
0.011951958998461
0.012850815797943
0.013684927084534
0.014556316639377
0.015485100504426
0.016196778383211
0.016182677549291
0.014980979091519
0.012534344342722
0.009415380505780
0.006588049479564
0.004751351359874
0.003992821065061
0.004008288047372
0.004452117230024
0.005165908102753
0.006063320816529
0.006758214828996
0.006581842648306
0.005187194792653
0.003071905949150
0.001326600811283
0.000760304930665
0.001284026240454
0.002205106629345
0.003061733361129
0.004001461898258
0.005372872938630
0.007194894785277
0.009130277881141
0.010811422971902
0.011988923105891
0.012474987346648
0.012285668319803
0.011811243349498
0.011543226101479
0.011661612332495
0.012016560049574
0.012339601871133
0.012360016684890
0.011930512984555
0.011114601409455
0.009981456603738
0.008393906553782
0.006179243622995
0.003472161150619
0.000716105405737
-0.001756441661514
-0.003958363938796
-0.006029279829710
-0.007954584435139
-0.009512467515086
-0.010555033863912
-0.011318017591368
-0.012230384686463
-0.013398909980962
-0.014466824514281
-0.015066583174118
-0.015195459920503
-0.014983339623361
-0.014358189621804
-0.013153343754042
-0.011454232041914
-0.009646695180028
-0.008032035152942
-0.006599695694363
-0.005302200487228
-0.004389993880366
-0.004290538286851
-0.005079261329384
-0.006219377071421
-0.006955803714054
-0.006887040327853
-0.006191499821735
-0.005420573959778
-0.004961589638684
-0.004682630262219
-0.004345648151238
-0.004143916456009
-0.004417937523496
-0.005126725085089
-0.005924128683267
-0.006606811235264
-0.007438960230643
-0.009082093461914
-0.011921677623765
-0.015346587655844
-0.018128670578191
-0.019419688023298
-0.018894749402551
-0.016493017941768
-0.012589039576579
-0.007973960653650
-0.003555511736681
-0.000252220360393
0.001162057699861
0.000376631584513
-0.002311110666069
-0.006026623930318
-0.009320167513125
-0.010470637174515
-0.008447233389261
-0.003787777263959
0.001698761064923
0.006192291577851
0.008818971620652
0.009735513469060
0.009756474286625
0.009794510618348
0.010272314365584
0.011003015730773
0.011631190723565
0.012003800943375
0.012018632367256
0.011346843987016
0.009737639978206
0.007723480664148
0.006716337218609
0.008081161508001
0.011980531039088
0.017087499006593
0.021276881709779
0.022615519940534
0.020184102355818
0.014430770400213
0.007023608192507
0.000337430205297
-0.003568519893636
-0.004053324575334
-0.002043899565909
0.000855088261982
0.003350799163934
0.004837773615675
0.005175017103649
0.004472175882947
0.003169810182654
0.001946261936767
0.001413655915132
0.001879276398358
0.003110021619462
0.004316313781451
0.004596724580516
0.003630266658344
0.002060176454534
0.001112778313503
0.001776453400014
0.004250849996540
0.007932974669299
0.011619803849936
0.013877910252454
0.013886093024600
0.012071946514493
0.009687872434304
0.007766763494908
0.006455777583480
0.005190758083067
0.003416914723091
0.001282258177325
-0.000265879643242
-0.000167707455835
0.001813367962063
0.004691944835168
0.006810329551670
0.006830504425706
0.004465355708677
0.000793376548437
-0.002229016398803
-0.003067437228383
-0.001652070637269
0.000627183306426
0.001893481237180
0.001119633401689
-0.001183190779255
-0.003500642340490
-0.004447157461426
-0.003576730369976
-0.001526769656446
0.000583583461150
0.001953845124995
0.002269347070654
0.001448348551463
-0.000434840026344
-0.002965263328210
-0.005203550501101
-0.006120688010366
-0.005546684161156
-0.004453837270920
-0.004166634968825
-0.005399621506394
-0.007957506149614
-0.011002635066352
-0.013494815488887
-0.014688516662337
-0.014439443303896
-0.013121583412884
-0.011228441684920
-0.009023071701708
-0.006776280698083
-0.005115008114103
-0.004726433974183
-0.005987383281584
-0.008949816289447
-0.013230499229159
-0.017871965931479
-0.021631769829546
-0.023597507455956
-0.023658457218774
-0.022472279881879
-0.020886714596353
-0.019280052266652
-0.017498667482992
-0.015534430398733
-0.014068443967456
-0.013972055502700
-0.015397047533858
-0.017625992574916
-0.019621292824747
-0.020617263067674
-0.020327157971977
-0.018792396751930
-0.016410527106357
-0.014079215081425
-0.012806516499914
-0.013012623538775
-0.014265874168524
-0.015583824053012
-0.016054842623099
-0.015455759962776
-0.014380385136043
-0.013793369842157
-0.014415226518034
-0.016133318558831
-0.017829213942298
-0.018056539229807
-0.015927672522298
-0.011443008950385
-0.005445909445198
0.000451913190418
0.004212916799160
0.004392165318163
0.001249799813900
-0.003273448481908
-0.006788252781280
-0.007754817382884
-0.006023111657438
-0.002644139623602
0.000771151077499
0.002845069336582
0.003023530754509
0.001786729873748
0.000263600988570
-0.000635593022414
-0.000725454590763
-0.000338469916726
0.000082943725542
0.000196245833720
-0.000256616591822
-0.001454177457522
-0.003330808129136
-0.005517865862845
-0.007521404906362
-0.008881414470038
-0.009212582044059
-0.008232889357635
-0.005902563485100
-0.002667949393151
0.000447687817352
0.002239745162068
0.002034850777492
0.000087320448341
-0.002537569673893
-0.004403681543142
-0.004383438710864
-0.002387809161385
0.000399112278486
0.002264096099949
0.002118452329164
-0.000056704053790
-0.003515225088535
-0.007041233007173
-0.009142853695977
-0.008641003921849
-0.005491976004069
-0.000978109481983
0.003122448912213
0.005625346848531
0.006275739278802
0.005352442231080
0.003252940769254
0.000491679108286
-0.002167238480342
-0.003976870454886
-0.004667851000794
-0.004571192794395
-0.004367388807429
-0.004671074475543
-0.005638651280205
-0.006780367870899
-0.007125287916181
-0.005757140005098
-0.002434232192700
0.002212003825979
0.007015395603952
0.010812465815310
0.012897241774691
0.013212361413757
0.012253905081570
0.010841319104798
0.009844184539398
0.009843092588423
0.010870362477284
0.012571046489412
0.014590064318615
0.016664881108364
0.018534905149987
0.019943217256769
0.020600794860569
0.020139543138438
0.018316703205430
0.015403681327729
0.012269322084041
0.009882723996467
0.008704039039663
0.008526801926977
0.008772182916221
0.008965097885150
0.009010332119415
0.009002558426185
0.008944173345968
0.008821617126846
0.008773548675785
0.008983131534729
0.009406215500329
0.009640617893681
0.009107490065826
0.007490932027328
0.005122070335332
0.002841071657209
0.001418620352184
0.001090366440680
0.001515026940279
0.002201916600187
0.002831377846850
0.002989897765733
0.002093936792176
-0.000013641518137
-0.002650457502033
-0.004696414391679
-0.005364662862350
-0.004658755782703
-0.003204109874225
-0.001671879872904
-0.000413774724679
0.000565909076723
0.001502683748739
0.002599478306444
0.003885540377263
0.005281599468399
0.006586046247544
0.007541389930710
0.007994642177310
0.007970804435912
0.007617995305780
0.007001018260299
0.006021957799055
0.004628691614222
0.003101510295103
0.002137657103839
0.002487360373840
0.004357069745915
0.007146735397189
0.009829911478580
0.011611758192501
0.012187663666757
0.011633046074844
0.010247876716240
0.008421925826403
0.006607115963218
0.005234605211406
0.004515360515220
0.004326440561027
0.004277462150965
0.004121957168610
0.004141312331204
0.004816939992738
0.006192889571849
0.007732304708088
0.008691330925091
0.008592369306799
0.007458357707341
0.005779321225988
0.004273234954823
0.003502046905896
0.003597387530030
0.004273269038706
0.005083300945714
0.005722692925547
0.006193212938838
0.006743511091212
0.007480000695937
0.007995317768598
0.007611417704538
0.006110689576054
0.004163571705281
0.002971337651872
0.003503316397289
0.005883413494458
0.009252420451471
0.012231333149628
0.013606533829623
0.012881790625601
0.010477081863077
0.007408561924146
0.004763544995433
0.003142844721262
0.002288450295813
0.001402999208041
-0.000146802970552
-0.002411674424702
-0.004858867832945
-0.006690158309932
-0.007201338593811
-0.005917891299741
-0.002789142971411
0.001398218041047
0.005111812902461
0.006968462331485
0.006580522059604
0.004657843904721
0.002370046451682
0.000538545062582
-0.000626281103253
-0.001236314119652
-0.001368171927439
-0.001019079373961
-0.000380225137313
0.000079846214517
0.000009662905205
-0.000483112700584
-0.001114522986393
-0.001874522419390
-0.002918629459031
-0.004253023384720
-0.005759607083343
-0.007284557754222
-0.008523307142105
-0.009032467502315
-0.008510224520013
-0.007015855434549
-0.005074666833268
-0.003502324946236
-0.002754625399387
-0.002550884487766
-0.002203007063602
-0.001141354175603
0.000664424507577
0.002659971863812
0.004189610226126
0.004959053481812
0.005044151421926
0.004652632529376
0.003942419911564
0.003008855928821
0.001946850856725
0.000916831340170
0.000179167017784
-0.000143211680979
-0.000373855067980
-0.001075471228218
-0.002552129490927
-0.004722487640182
-0.007232213642547
-0.009484891342491
-0.010846176054265
-0.010946286126428
-0.009825356079599
-0.008030400265820
-0.006377749453657
-0.005345559371634
-0.004847830583891
-0.004627856809684
-0.004622878979789
-0.004891762359064
-0.005418544283099
-0.005985284020740
-0.006230995745274
-0.006003099169445
-0.005542243269417
-0.005302462073295
-0.005602842218011
-0.006351394050458
-0.007211285899048
-0.007969838866531
-0.008614567416303
-0.009163104760642
-0.009553079687700
-0.009687400445352
-0.009512873547055
-0.009090981921164
-0.008473802454392
-0.007442506395886
-0.005601277541802
-0.002859417984929
0.000121228462758
0.002105849094137
0.002164065045537
0.000333959140981
-0.002477200900095
-0.005069928968127
-0.006559332176060
-0.006709040692870
-0.005940335508021
-0.004947396432480
-0.004245791941738
-0.004190664884567
-0.005003433906072
-0.006436625397407
-0.007787919441723
-0.008464793999635
-0.008365441789396
-0.007686856716068
-0.006609209962672
-0.005404743245903
-0.004679485669568
-0.005072461515484
-0.006572482387048
-0.008294197063833
-0.009018187410646
-0.008020962668404
-0.005560778096921
-0.002572385605800
0.000078670158066
0.001934822501994
0.002809276044810
0.002624580011737
0.001474670604183
-0.000197271701103
-0.001719646563071
-0.002566826577743
-0.002472734102805
-0.001324679462130
0.000758340801823
0.003316432149290
0.005689963009976
0.007250100108417
0.007650806707704
0.007024953426214
0.005840172459470
0.004547264719743
0.003384101233723
0.002512203494718
0.002250252589608
0.002855170718643
0.004094366836049
0.005298875038182
0.005812832090962
0.005363090630342
0.004119929270723
0.002557987534879
0.001256329726748
0.000755674691822
0.001531298416567
0.003629681326630
0.006098555487702
0.007369806026878
0.006567322556693
0.004234879994743
0.001746251214200
0.000216190139216
0.000025186100515
0.001039117740295
0.002935659005050
0.005276015913405
0.007360287882073
0.008389756004458
0.008174568695916
0.007527849994846
0.007559548118321
0.008578967861763
0.009912336163517
0.010754158660034
0.011038313358278
0.011380326516501
0.012187851457518
0.013049068544384
0.013077420993136
0.011752989835266
0.009399948466027
0.006962395508106
0.005474916913384
0.005615732931436
0.007487500166882
0.010536347088564
0.013498706522202
0.014866547666964
0.013824868749131
0.010676105945920
0.006497141568327
0.002483766187062
-0.000583202112447
-0.002445876514764
-0.003157163091497
-0.002813491601522
-0.001544628851135
0.000174350508352
0.001514634976982
0.001815227187632
0.000951732832063
-0.000794056536155
-0.002995619403336
-0.005164666317282
-0.006787139290128
-0.007513329229815
-0.007315433764799
-0.006285178175810
-0.004332000395005
-0.001324097286297
0.002561463222409
0.006758173552088
0.010468681743101
0.012978626828212
0.013913433293712
0.013174659493495
0.010754510128162
0.006812823608693
0.002004616276952
-0.002438051028088
-0.005185222163517
-0.005567514488537
-0.003973575234735
-0.001477941691440
0.000803865888393
0.001992558647450
0.001543524551266
-0.000548372039468
-0.003621017148764
-0.006565763363654
-0.008338098154276
-0.008402544368003
-0.006915722697135
-0.004661897419728
-0.002834058243585
-0.002600944675727
-0.004447377557669
-0.007838156816618
-0.011535140020127
-0.014276066794070
-0.015311313872342
-0.014467011224365
-0.012062140793787
-0.008874130897665
-0.005973228178454
-0.004343175703444
-0.004348056108733
-0.005666161005329
-0.007817513496546
-0.010566037666305
-0.013829730324069
-0.017136609891303
-0.019328968701650
-0.019145241865559
-0.016115340739343
-0.010973600645363
-0.005258611251257
-0.000396563648724
0.002825595756451
0.004092913122476
0.003473014773518
0.001728915510963
0.000217435104663
-0.000113380984640
0.000329312537657
0.000165999432637
-0.001621307413027
-0.004834258839467
-0.008204715868376
-0.010232534770134
-0.010145244700859
-0.008223964797750
-0.005326812756630
-0.002330123750876
0.000022031798331
0.001100094138557
0.000431293829458
-0.002144613961734
-0.006254010587237
-0.011053997307934
-0.015647040523856
-0.019223264614726
-0.020771966419446
-0.019315966568459
-0.014879224508724
-0.008837536341476
-0.003119414671339
0.000794008359506
0.002359200449239
0.001892976465797
0.000217243691538
-0.001676362135692
-0.003002258794359
-0.003576797995501
-0.003828325882152
-0.004286105581156
-0.005001150976238
-0.005392971221729
-0.004731153056642
-0.002912116623276
-0.000575506004842
0.001738872089996
0.004121956104133
0.006576461115644
0.008179321700973
0.007457695202808
0.003693587579399
-0.002114080377618
-0.007730635517528
-0.011256641802620
-0.012165681015666
-0.010912175163396
-0.007926401468837
-0.003445636835946
0.001757526386983
0.006181425158862
0.008581930862706
0.008941074012958
0.008183884771030
0.007238931096467
0.006631774143165
0.006546204532502
0.006948537477616
0.007840526868141
0.009358588396796
0.011419361301293
0.013398601006343
0.014389944673597
0.013885096612286
0.012160796682622
0.009920778879839
0.007780597459912
0.006198791796272
0.005554834148710
0.006095710775484
0.007786672209356
0.010146070397267
0.012334500172456
0.013585260491414
0.013597327025276
0.012536018198363
0.010855048897407
0.009272289495999
0.008613613331456
0.009378081988941
0.011434166143244
0.013949540642157
0.015632824554237
0.015504977417404
0.013642694602335
0.011058716319641
0.008886341191421
0.007779686045936
0.007905484229569
0.009085552809654
0.010769145031473
0.012064665015140
0.012128407605109
0.010773445908732
0.008726685677891
0.007215339676823
0.007179631026563
0.008649086601212
0.010715829042238
0.012144210031777
0.012245140917465
0.011301609362925
0.010089243141307
0.009188207698488
0.008834086179135
0.008986489467761
0.009295882058684
0.009215279004399
0.008405668654571
0.007016053674898
0.005322810339721
0.003183951668864
0.000196565778086
-0.003522391745345
-0.006880899162756
-0.008445104578436
-0.007633405533044
-0.005121141202125
-0.002104190135234
0.000643890239336
0.002895953114368
0.004362181410019
0.004449732754484
0.002904623938486
0.000467211959852
-0.001510596430699
-0.002118463914651
-0.001392013682960
0.000011103570055
0.001478889385635
0.002882844509275
0.004278689340210
0.005347359795947
0.005502563681675
0.004424342380558
0.002210884596131
-0.000818812865020
-0.004170396586160
-0.007171086691489
-0.009205050796766
-0.009964260818577
-0.009584136030104
-0.008679992579630
-0.007990493836815
-0.007675051921753
-0.007109452610270
-0.005635592621032
-0.003377323980573
-0.001181802261893
0.000044590025949
-0.000113953714771
-0.001499341993262
-0.003716196361850
-0.006378376005706
-0.008896294104263
-0.010368611156436
-0.010125160387665
-0.008350273877531
-0.005985554165628
-0.004019227698395
-0.002979403287134
-0.003031633391660
-0.004211717747409
-0.006417031587270
-0.009294917374973
-0.012235516463877
-0.014596682120102
-0.016049682223889
-0.016659343605694
-0.016564941131581
-0.015698314205795
-0.013943880459246
-0.011480013403856
-0.008773894109991
-0.006340067523645
-0.004690676863329
-0.004266629029550
-0.005238126161612
-0.007541108293555
-0.010906622628250
-0.014619774948998
-0.017524303867719
-0.018537845217481
-0.017267347562173
-0.014183445415458
-0.010301130115461
-0.006810047500235
-0.004741582183640
-0.004608989024948
-0.006240677201148
-0.008861639538200
-0.011352743625551
-0.012601812169013
-0.011897636611391
-0.009308200516247
-0.005701433699481
-0.002242712907504
0.000176661209091
0.001097753321045
0.000426145452183
-0.001508757368551
-0.003999522598854
-0.006406066870336
-0.008565888003258
-0.010605180149538
-0.012492363197880
-0.013979251879506
-0.014847827354567
-0.015087729361980
-0.014965839977789
-0.014907624173323
-0.015167283290942
-0.015690477013106
-0.016249379204523
-0.016672607191976
-0.017092025828775
-0.017832216452861
-0.018948608084310
-0.019973420454884
-0.020079585086468
-0.018543026779475
-0.015317982714846
-0.011243481771803
-0.007576765980027
-0.005319241327248
-0.004850693598334
-0.005933693126157
-0.007950039908449
-0.010189621224223
-0.012026068560600
-0.012862513040231
-0.012182260706425
-0.009984005735834
-0.007025099563284
-0.004477139112110
-0.003322150948803
-0.003803137593417
-0.005325504381810
-0.007059344154563
-0.008585553907439
-0.009857946709581
-0.010711217528248
-0.010626987243544
-0.009077990437258
-0.005982829904766
-0.001723575769365
0.003075611801284
0.007627262556139
0.011015437635879
0.012369886174219
0.011149296662378
0.007520244901288
0.002584236179285
-0.001981589679230
-0.004771710394943
-0.005378640919526
-0.004385448754550
-0.002624412451862
-0.000560645136001
0.001606549027986
0.003516335034022
0.004547580757214
0.004293781140213
0.003060035123671
0.001663539220084
0.000789784639257
0.000652678073577
0.001190996428215
0.002296241147013
0.003686032721280
0.004872549629230
0.005497690693038
0.005587329824835
0.005416279883134
0.005220329905245
0.005112289790437
0.005234342430560
0.005837973394836
0.007026443830431
0.008476737233608
0.009607538979725
0.009979754913763
0.009532778784702
0.008572726168693
0.007465678671613
0.006364965378749
0.005486966714773
0.005378387032115
0.006376062760165
0.007968967870698
0.009083541987568
0.009019704076012
0.008067547965873
0.007159839552343
0.006893882329567
0.006999904018759
0.006738408181803
0.005706266506683
0.004291327638980
0.003379718839412
0.003659711366384
0.005146437780277
0.007184667571624
0.008954037837272
0.010104195879860
0.010869675232499
0.011592305667797
0.012218746364519
0.012297109424094
0.011434066120759
0.009651041672742
0.007338493631356
0.005071491022038
0.003445723295854
0.002944465038639
0.003793742142385
0.005663626628080
0.007660685666953
0.008951863670315
0.009327394114167
0.009125415610279
0.008652308393802
0.007758250274613
0.006208342080722
0.004279999267229
0.002678963210289
0.002030914265745
0.002534925395225
0.003928659424347
0.005712798593552
0.007354670334814
0.008335330993164
0.008282872731165
0.007234459133480
0.005682542515922
0.004241363028860
0.003276715043231
0.002917276446216
0.003344596387132
0.004799211218489
0.007151015211659
0.009608308744867
0.011119362495282
0.011326852410076
0.010936415099241
0.010712837455876
0.010386887630053
0.008951129963274
0.005846558125025
0.001734910085887
-0.001901010970271
-0.003957676413735
-0.004363135726936
-0.003636785666901
-0.002270170474977
-0.000741118568755
0.000289483778870
0.000348440729640
-0.000331970533938
-0.000858454947396
-0.000303169770192
0.001422237818748
0.003354709112525
0.004405606792884
0.004375456840025
0.003981005443383
0.004068668916671
0.004871804219451
0.005907603726874
0.006407327700310
0.005843803586317
0.004290928731594
0.002361124414131
0.000733399539562
-0.000272168085386
-0.000775382007993
-0.001041040100209
-0.001167675827491
-0.001143318428519
-0.000986032601222
-0.000678416320335
-0.000079919575354
0.000922487889311
0.002163105814092
0.003258259843779
0.003899826389776
0.003980143075634
0.003535108617202
0.002754336755159
0.002046649552814
0.001896907509366
0.002513824947530
0.003614974265308
0.004642919346232
0.005272030240308
0.005630063508858
0.005917003634029
0.005917687828452
0.005126577331849
0.003468433418711
0.001737073350472
0.000944346790818
0.001247929750613
0.001837708100862
0.001730679278544
0.000546318267456
-0.001302765531466
-0.003081787709319
-0.004268646894448
-0.004634243318518
-0.004057989552772
-0.002485318986971
-0.000128884076406
0.002398308117756
0.004328073870032
0.005250836660515
0.005272354441368
0.004553204339039
0.003006758094977
0.000646712039254
-0.001996950546223
-0.004050451840867
-0.004882857534323
-0.004468214823646
-0.003253339236265
-0.001643229975243
0.000308353185721
0.002505692622320
0.004316283331065
0.004745328012479
0.003164020346655
-0.000154235894687
-0.004182484257554
-0.007635665191959
-0.009455247748251
-0.009267446637974
-0.007562110748192
-0.005326940057543
-0.003378753151783
-0.001970019112860
-0.000895098397885
0.000191175213641
0.001521205444499
0.003097653690320
0.004648623124223
0.005701976613499
0.005948093102014
0.005603955328452
0.005281288843974
0.005520741479681
0.006512708264910
0.008104648396205
0.009904403464578
0.011383800194658
0.011957175076660
0.011232750242195
0.009448662442473
0.007414577051262
0.005855073718773
0.004964386507605
0.004419170831325
0.003594409796306
0.001954490879092
-0.000523456627762
-0.003283236734756
-0.005532875510092
-0.006637426036371
-0.006446413995880
-0.005542392428789
-0.005018862075997
-0.005696592201532
-0.007473514848218
-0.009523494925645
-0.011143015530465
-0.012240137718708
-0.013056986181274
-0.013685377017783
-0.013819533584191
-0.012900319146211
-0.010550452303859
-0.006886397062069
-0.002480133350387
0.001876068642850
0.005333172187694
0.007112134096299
0.006704810119650
0.004124495376002
0.000185828890268
-0.003610571033847
-0.005882330574214
-0.006189897690908
-0.005056942424068
-0.003284330311370
-0.001381964321734
0.000406831133101
0.001792635831354
0.002394648028026
0.002089244706218
0.001194611961509
0.000044499345624
-0.001434229888551
-0.003373460732065
-0.005389383053741
-0.006683928868196
-0.006638662490987
-0.005263792593209
-0.003127713509477
-0.000811857568495
0.001434922969543
0.003484456093291
0.005004991755010
0.005416576490963
0.004364127041400
0.002373002133046
0.000680625108227
0.000256167818418
0.001180607773677
0.002925570380351
0.004903389586350
0.006718117797447
0.008188339800719
0.009237842655727
0.009830536369360
0.010008726366563
0.009717674697833
0.008655772369473
0.006661695636086
0.004244602720517
0.002362181061281
0.001468956411783
0.001064198997644
0.000371155358964
-0.000762238705099
-0.001678369362114
-0.001520024942193
-0.000141280085303
0.001606077354497
0.002591051693771
0.002308388907966
0.001153873032247
0.000087002512330
-0.000000711422224
0.001083399128866
0.002658557087217
0.003669498839741
0.003418050643750
0.001976199275454
0.000115196022377
-0.001081610682604
-0.000809477524244
0.000861499396826
0.003012205986091
0.004630315958242
0.005321298378244
0.005276599742077
0.004643698204376
0.003221199855867
0.000860299974076
-0.002138104721638
-0.005135434987421
-0.007451679802104
-0.008587665244976
-0.008439942208332
-0.007351239577654
-0.005926621245227
-0.004796683202083
-0.004353199455423
-0.004480983414978
-0.004537841285581
-0.003826121011226
-0.002245194486432
-0.000452213068445
0.000542697717402
0.000021274928119
-0.001846180217539
-0.004098709628415
-0.005855832288865
-0.006810253340758
-0.006879728137685
-0.005957987220514
-0.004174452152400
-0.002026646364121
-0.000123462675852
0.001074858621868
0.001276791310899
0.000277826883121
-0.001879655010940
-0.004590055601708
-0.006841997036169
-0.007869205833731
-0.007576878009919
-0.006415839816335
-0.005059328488888
-0.004093021094768
-0.003581526025066
-0.003018485575102
-0.002053857242835
-0.001073167101954
-0.000915271367497
-0.002174463871437
-0.004695289654976
-0.007561451435128
-0.009648034192119
-0.010337031373485
-0.009717086105252
-0.008213400374582
-0.006266102931916
-0.004399332907210
-0.003188402584052
-0.002796524217175
-0.002811939937102
-0.002711702549032
-0.002330223143412
-0.001887568299753
-0.001547351168532
-0.001087892431147
-0.000230144747707
0.000874496478165
0.001687377087793
0.001804955385116
0.001384566214701
0.001089885456938
0.001656633266600
0.003408193405228
0.006139252209663
0.009366200900079
0.012377397215482
0.014112804211617
0.013668743380085
0.011211331255344
0.008066175809798
0.005819466525486
0.005306026291615
0.006155427479702
0.007217215467543
0.007556626828951
0.007067910937530
0.006259054873990
0.005798727347304
0.006324081485966
0.008194512992165
0.011052352804892
0.013825613749393
0.015412061033153
0.015331820165203
0.013797922765155
0.011310416936779
0.008224743570425
0.004807415300158
0.001689027476934
-0.000070206060286
0.000309372727674
0.002542480955026
0.005324432643617
0.007168190760927
0.007331093123282
0.006128345022982
0.004283675522419
0.002097328298521
-0.000358615731606
-0.002486326054102
-0.003280983802141
-0.002228984864394
0.000154409322417
0.002543767864506
0.003634958961846
0.003144602598656
0.001991982846205
0.001396695483621
0.001949584269587
0.003458798604859
0.005259035591098
0.006591235388466
0.007030554163265
0.006566379264901
0.005223955892706
0.003023323238960
0.000355788623690
-0.002042097476335
-0.003542340119618
-0.003848987292204
-0.002910436878347
-0.000912068747025
0.001582011701907
0.003611237616766
0.004218243204114
0.003143144191022
0.001103846531136
-0.000824968820671
-0.002085954926125
-0.002749668702978
-0.003052370304136
-0.003066617853586
-0.002594245375819
-0.001332185772946
0.000719246633085
0.002981544659871
0.004428050864590
0.004120774982454
0.001836523652750
-0.001669778506716
-0.005015250711682
-0.007011289430787
-0.007256557586435
-0.005992200343086
-0.003681036715105
-0.000806845813002
0.002124266238058
0.004412177381962
0.005159388977193
0.003794986025263
0.000626719789945
-0.003287178932560
-0.006792435753537
-0.009124383155278
-0.010014054076300
-0.009611278044527
-0.008288903026800
-0.006562096686830
-0.005176304853625
-0.004818088493465
-0.005505654987446
-0.006559049764291
-0.007248387018706
-0.007224866930106
-0.006496018730323
-0.005413382598076
-0.004521056379573
-0.004183419900840
-0.004529517881599
-0.005546975149530
-0.006967924076639
-0.008310710518505
-0.009137254570662
-0.009264453967791
-0.008944584688240
-0.008787600973268
-0.009223702347228
-0.010140286884527
-0.011152765600432
-0.011913961775228
-0.012112316675655
-0.011556529124003
-0.010369806405834
-0.008948796955737
-0.007714798145540
-0.006895472621278
-0.006420242553856
-0.005992362412751
-0.005407960756361
-0.004831458175882
-0.004600589082908
-0.004754347885313
-0.004945542665240
-0.004831143120451
-0.004391659338056
-0.003928481733937
-0.003802291685841
-0.004122358861997
-0.004712359131124
-0.005280308217300
-0.005578880101117
-0.005418495639052
-0.004576538792675
-0.002983387689779
-0.000999636712296
0.000696615466648
0.001431049214784
0.000795453829797
-0.001170545248537
-0.003892862410059
-0.006444937417763
-0.008065636259931
-0.008475729914825
-0.007762200114111
-0.006275313388112
-0.004512936814871
-0.002835229621897
-0.001384038682033
-0.000280026535920
0.000254891993954
-0.000035638509257
-0.001196719568270
-0.002824217595271
-0.004321229786135
-0.005444355200741
-0.006339945450297
-0.007176392371554
-0.007945730334751
-0.008465584583078
-0.008535290954818
-0.008130335669721
-0.007361129884342
-0.006329722841429
-0.005224756019582
-0.004511476027152
-0.004729828674012
-0.005941399909615
-0.007553547719301
-0.008815609668986
-0.009343963443459
-0.009201702849542
-0.008701866150284
-0.008064714721791
-0.007197989968093
-0.005920311317179
-0.004212264226876
-0.002173919055765
-0.000034280069015
0.001748750127928
0.002552422489652
0.001847844046992
-0.000463781142333
-0.003820303847525
-0.006973963216387
-0.008349316617945
-0.006950915699394
-0.003162329854197
0.001506441423975
0.005384666443437
0.007320841872307
0.006908375414635
0.004359325721172
0.000161076175938
-0.004913504266717
-0.009668904215873
-0.012830424901335
-0.013406625364892
-0.010973268372495
-0.006243433011077
-0.001067576572183
0.002703559606878
0.004297771020122
0.003943929122597
0.002113426164406
-0.000855948135256
-0.004526130286981
-0.008028837188931
-0.010108808790428
-0.009735652222738
-0.006893210061723
-0.002700304996704
0.001231933189868
0.003519314232336
0.003547706114506
0.001659393373635
-0.001286700636580
-0.004358452000777
-0.006559370019564
-0.006985431638778
-0.005343722014386
-0.002242928692031
0.001158450438008
0.003804952212293
0.005140772425919
0.005149524704165
0.004218882185681
0.002964429449065
0.002148113072040
0.002626666288790
0.004924247241002
0.008600812072903
0.012283448931990
0.014543347124068
0.014770466769845
0.013202024945229
0.010352074202604
0.006768649297562
0.003250168865521
0.000973716172060
0.001119716462656
0.003987757003464
0.008445625306587
0.012530398720072
0.014677908428300
0.014492886712900
0.012644438346699
0.010180496080573
0.007879119041893
0.006117856009313
0.005091256574677
0.004766442024000
0.004643006350157
0.004090520172557
0.003135555851919
0.002592363245189
0.003392478580467
0.005875110941841
0.009314314614410
0.012080334960597
0.012642462972461
0.010378072573552
0.005604659424820
-0.000595962822301
-0.006604658127626
-0.010847388733846
-0.012422543913067
-0.011288386759593
-0.008232475605833
-0.004549251566571
-0.001167046147322
0.001794376529016
0.004403620400799
0.006297949352448
0.006902017051144
0.006046720463352
0.004223497720094
0.002246900880022
0.000724259662951
-0.000177825213913
-0.000462617704051
0.000108833550507
0.001876613744459
0.004734669884867
0.007936632238845
0.010459458150897
0.011612354793434
0.011305729688372
0.009670617947132
0.006719185337044
0.002766688480939
-0.001049520438589
-0.003212732837130
-0.002854100490092
-0.000248196225452
0.003545321271221
0.007428162594674
0.010785147777119
0.013489021099312
0.015417529886230
0.016094328628825
0.015167737744536
0.013018696380103
0.010570510958494
0.008642832558915
0.007404885101382
0.006408704744157
0.005258337529011
0.004165057546910
0.003748909003997
0.004302680623393
0.005623532632033
0.007627448384872
0.010461169466997
0.013797566590248
0.016492072089524
0.017174801701956
0.015103041966355
0.010669253615699
0.005290923622678
0.000575602623470
-0.002441147128537
-0.003336782619828
-0.002090052187093
0.000904909760822
0.004752549146502
0.008273381308635
0.010457655129009
0.010889712651762
0.009947683718169
0.008415538217742
0.006817436061585
0.005266136039268
0.003720151992388
0.002158496112445
0.000655229724659
-0.000596870966346
-0.001347637403584
-0.001314756639511
-0.000177920105482
0.002137587679760
0.005014800537533
0.007242340231267
0.007770973742868
0.006388306851775
0.003726678683898
0.000825451276773
-0.001375576672235
-0.002471907969508
-0.002514756410573
-0.001519837038754
0.000508102067696
0.003123788219498
0.005457219521411
0.006721426487414
0.006592459886626
0.005209129864413
0.003002023638512
0.000453325320340
-0.002105412650865
-0.004395434156821
-0.006062032322792
-0.006897168286935
-0.007035572723221
-0.006742802431642
-0.006184794056774
-0.005463655872663
-0.004599896353848
-0.003559847521173
-0.002488618749926
-0.001589996773817
-0.000738643414310
0.000374509720159
0.001727412530568
0.002908791217016
0.003559515998265
0.003738737097475
0.003921346813066
0.004580051499760
0.005693217406975
0.006822600549226
0.007562557601740
0.007705246823278
0.007216553735928
0.006268128318820
0.005195489030623
0.004351542184712
0.003946813469408
0.003901082470261
0.003846493631144
0.003476468013679
0.002956103061054
0.002802198820188
0.003260074832783
0.003951690971453
0.004254136549175
0.003853018943914
0.002869336789430
0.001651898285588
0.000489625773765
-0.000450074177355
-0.000913423197127
-0.000558940493467
0.000707873213073
0.002395181069849
0.003512880808767
0.003286069572641
0.001790409517424
-0.000170819093450
-0.001580599210641
-0.001625676468798
-0.000013429412520
0.002840946244175
0.005949051151061
0.008151011026446
0.008555189357556
0.006968943395240
0.004183199915686
0.001668270088895
0.000635070495657
0.001260744663436
0.002729956115006
0.003949192540711
0.004368112592430
0.004156719378942
0.003663994003099
0.003033582368918
0.002388852533453
0.002055240748730
0.002293743148695
0.002807623312163
0.002848957171772
0.001967710116692
0.000441065947728
-0.001102290590574
-0.002355672208346
-0.003478774443679
-0.004584578469262
-0.005391635633287
-0.005505387438922
-0.004865254715424
-0.003845544226936
-0.003056085369512
-0.003040388908450
-0.003992951608118
-0.005837409093286
-0.008454894510558
-0.011448280917815
-0.013900520826325
-0.014841903727522
-0.013986647921905
-0.011921080615981
-0.009704212620274
-0.008311625604830
-0.008104996253363
-0.008698790378648
-0.009487589061370
-0.010089499129002
-0.010278794589400
-0.010020100158497
-0.009669631632378
-0.009862886579594
-0.011133938209305
-0.013454105824126
-0.016023480712453
-0.017795668507828
-0.018248937610477
-0.017544819370757
-0.016206446553313
-0.014824978655746
-0.013914671456375
-0.013825531926028
-0.014639028475314
-0.016054975425066
-0.017388669129906
-0.017983782279135
-0.017872052598746
-0.017757367945465
-0.018235315447846
-0.019237618117570
-0.020131065230620
-0.020194883993300
-0.019103859572717
-0.017099354932095
-0.014731458902414
-0.012425970249065
-0.010398141902088
-0.008840332573095
-0.007871175557875
-0.007355582241332
-0.006904703882337
-0.006080243264784
-0.004721523245155
-0.003023506547917
-0.001170827074993
0.000890527210177
0.003120184956337
0.005055710162723
0.006086491475757
0.006071158832676
0.005567089586830
0.005303103714822
0.005458873302252
0.005596896362605
0.005238044328149
0.004405928622231
0.003665736758467
0.003635680067545
0.004407052373405
0.005466852957793
0.006135597959131
0.006038528258944
0.005280632608199
0.004249647204795
0.003301991615872
0.002685679720489
0.002523430964866
0.002575485300531
0.002164595754981
0.000715354818887
-0.001559585602025
-0.003732633060777
-0.004910839587153
-0.004849526597903
-0.004031795191470
-0.003174859018950
-0.002642767973786
-0.002404228866723
-0.002350916137625
-0.002506680474854
-0.002936001857674
-0.003510593044350
-0.003965003696558
-0.004177190319872
-0.004243058295583
-0.004233203390825
-0.003944658042941
-0.003127496535873
-0.001964686949795
-0.001090739201223
-0.001121305108571
-0.002169256590290
-0.003735192400823
-0.005093570005627
-0.005850047999383
-0.006118744334697
-0.006224979459712
-0.006412080841216
-0.006813050215725
-0.007523834815556
-0.008530622748061
-0.009533252639658
-0.010057712191959
-0.009790091862440
-0.008706225032418
-0.007016832161849
-0.005097716575272
-0.003397641766778
-0.002292889810128
-0.001956501402220
-0.002334968553635
-0.003121816484905
-0.003747909400613
-0.003654586377005
-0.002698803239080
-0.001214596729721
0.000351671676287
0.001782734958916
0.003013750234959
0.003926792870038
0.004387684677204
0.004341790457792
0.003832710578836
0.002968499652960
0.001813715126953
0.000400605229146
-0.001028527123785
-0.001964201110581
-0.002091037999995
-0.001710415699015
-0.001426289180808
-0.001469157360133
-0.001603126863815
-0.001573060635364
-0.001312516983488
-0.000910412465606
-0.000559801924946
-0.000310691162898
0.000036274041343
0.000593758206677
0.001179023285184
0.001565098066902
0.001720541477060
0.001693618263034
0.001402299966098
0.000704808766773
-0.000337785748820
-0.001379119284543
-0.001990806104397
-0.001979293179627
-0.001538877517661
-0.001035770779202
-0.000665561427334
-0.000355893171930
0.000078733923000
0.000646269052126
0.001110873111983
0.001397233451775
0.001750942031618
0.002322561167654
0.003028846101856
0.003809483370241
0.004691250562702
0.005723156346259
0.006896409513558
0.008055995869380
0.008969002774748
0.009538092682074
0.009919813476210
0.010283290654104
0.010626880341836
0.011020945480869
0.011607347502314
0.012313609552392
0.012959426840863
0.013464960925282
0.013768692952862
0.013810560507810
0.013632317584427
0.013311829765325
0.012844328966287
0.012157394538833
0.011282226531510
0.010487513991470
0.010067546474027
0.010091364168718
0.010492704525572
0.011251521679381
0.012363859944485
0.013611959983093
0.014562041469568
0.014916343214209
0.014774797204710
0.014588298713564
0.014758810794470
0.015238917897675
0.015675050219335
0.015780244521948
0.015422823307718
0.014586680957694
0.013402599052411
0.012145045058462
0.011151225246556
0.010719444261673
0.010974513291597
0.011716212936355
0.012513533434831
0.013048911784472
0.013256580453483
0.013245735416598
0.013221592169044
0.013384114508174
0.013852414130416
0.014599543989072
0.015460785565677
0.016220872974993
0.016624468934389
0.016426965111232
0.015533910295220
0.014119884427695
0.012685029092419
0.011772911274561
0.011450154548202
0.011377711900054
0.011363499206136
0.011379335453122
0.011290800786716
0.010961363476667
0.010364073595570
0.009520161961939
0.008484952774233
0.007411674128188
0.006579031339745
0.006188236715437
0.006156129729104
0.006236617668753
0.006226917693366
0.006041313689431
0.005670231345256
0.005022666572095
0.003952904789848
0.002538820668605
0.001147464343766
0.000207039827456
-0.000048346679072
0.000294980697620
0.000921145079302
0.001496029449878
0.001849570048452
0.002048429945297
0.002231106538993
0.002382208785222
0.002398434450554
0.002250386031556
0.002002485269333
0.001804012144828
0.001773651917345
0.001861580885625
0.001918191650404
0.001818666857919
0.001536874048783
0.001150694122815
0.000746896714095
0.000361959714643
-0.000003624156703
-0.000294423672957
-0.000312062359320
0.000085149593133
0.000697947090481
0.001128414216287
0.001142336166546
0.000744816650428
0.000043953419282
-0.000803971073953
-0.001582630670966
-0.002124041805096
-0.002457350215589
-0.002710020849517
-0.002937037102976
-0.003165341479018
-0.003392233131413
-0.003520913705166
-0.003546429389219
-0.003711308486666
-0.004273493819364
-0.005188322226398
-0.006105567865602
-0.006615930942465
-0.006543289790250
-0.006127602850366
-0.005794135111300
-0.005741065390176
-0.005937989637566
-0.006304884489605
-0.006755411522156
-0.007237122624874
-0.007678093829303
-0.007930332734021
-0.007943262478043
-0.007913089874746
-0.008161005073503
-0.008870102341055
-0.009916429951734
-0.010971544141103
-0.011733078846976
-0.012020398133744
-0.011785250774909
-0.011116683368174
-0.010263788047148
-0.009628372567947
-0.009545051058632
-0.010039864225395
-0.010838489724462
-0.011534928368074
-0.011874183496042
-0.011917272527786
-0.011813006150026
-0.011562688570514
-0.011148535495146
-0.010718441121192
-0.010478805140528
-0.010437025426043
-0.010353150534145
-0.009967920176223
-0.009257855419338
-0.008437838281576
-0.007679091381501
-0.006993822822288
-0.006539080211184
-0.006755668113841
-0.007959075067089
-0.009902805898307
-0.011833481041183
-0.012906842650557
-0.012633200472426
-0.011148336178632
-0.009079733772492
-0.007119465509408
-0.005795876520494
-0.005483887708830
-0.006271075350091
-0.007798969469672
-0.009456448453467
-0.010691461976812
-0.011179224094542
-0.010904264161114
-0.010094209672561
-0.009129673386118
-0.008496417875502
-0.008532729169459
-0.009140368181486
-0.009858746859567
-0.010227699595159
-0.010094351893721
-0.009650308835024
-0.009230585408764
-0.009012317372485
-0.008795779726016
-0.008188930743152
-0.007102933893908
-0.005893549620874
-0.005026619131785
-0.004842395469026
-0.005484285405122
-0.006769704786323
-0.008260042995466
-0.009481760810619
-0.010006603690089
-0.009568050352085
-0.008283710059842
-0.006669899927713
-0.005303510845928
-0.004451206652459
-0.003965808787582
-0.003519494932902
-0.003113513400300
-0.003240489516230
-0.004301262108268
-0.006025518552992
-0.007600233420217
-0.008245147463890
-0.007643196483933
-0.005994657279093
-0.003886313585389
-0.002123348909988
-0.001469492408317
-0.002335728458906
-0.004547790483837
-0.007375420486932
-0.009879241171402
-0.011283438819348
-0.011150639870317
-0.009479622023414
-0.006807411078814
-0.004084641882090
-0.002232553601888
-0.001658426499376
-0.002088058822373
-0.002925551546639
-0.003693058387505
-0.004074189490987
-0.003877020718988
-0.003083139011073
-0.001803833444867
-0.000204475546009
0.001419373888454
0.002517031157640
0.002604458155950
0.001808806500685
0.000750223433604
-0.000048947876163
-0.000413837901227
-0.000330036901334
0.000280497829067
0.001421950741655
0.002698401432472
0.003392348069683
0.002966396064907
0.001530681505406
-0.000156754406698
-0.001271163493184
-0.001510566719938
-0.001153088740249
-0.000749422505389
-0.000765799538840
-0.001361465333830
-0.002311455401224
-0.003014583747001
-0.002841500992922
-0.001683414783384
-0.000046599727818
0.001301641156298
0.001729115899228
0.001029015883235
-0.000562247150436
-0.002609866880469
-0.004658011084967
-0.006224827521380
-0.006837368785433
-0.006292531502443
-0.004897057550563
-0.003269496430197
-0.001925282088689
-0.001070793782339
-0.000677629967564
-0.000748960376989
-0.001348540492779
-0.002273345933939
-0.002899221624767
-0.002430979612061
-0.000431820940528
0.002721185832284
0.006066454808898
0.008849103296766
0.010854477344673
0.011983917764662
0.011920463770457
0.010454604314195
0.008007369292675
0.005500876446224
0.003657873080099
0.002648336383443
0.002307071160661
0.002495601534873
0.003239272383003
0.004445224378985
0.005637019170650
0.006265651952400
0.006275577996108
0.006172953653644
0.006462639925331
0.007135774552606
0.007774936157261
0.008101889477798
0.008370898613695
0.009066566029132
0.010242178512447
0.011417198484865
0.012096678961533
0.012216395959605
0.012036886008464
0.011688717068362
0.011004040528752
0.009855188638676
0.008514842954117
0.007505701432886
0.007092473595831
0.007016301458375
0.006762429662170
0.006069810980802
0.005104875288243
0.004163368781358
0.003321653481241
0.002383083504257
0.001165998228546
-0.000206579654017
-0.001397609340609
-0.002085689852909
-0.002014440618208
-0.001003649904473
0.000894291203218
0.003231231180451
0.005329867457144
0.006630490267183
0.006845756856456
0.006049941478559
0.004743171286868
0.003680283445769
0.003492452664157
0.004399281959996
0.006252201717277
0.008644385601774
0.010868551996284
0.012045442722666
0.011545166090347
0.009381245592977
0.006287217032175
0.003388113779436
0.001635586846738
0.001368879157310
0.002234669340588
0.003467026882804
0.004308001158741
0.004319160487548
0.003605015122693
0.002775141133935
0.002443488343894
0.002758895543780
0.003406199793574
0.003917789670963
0.003989608596499
0.003648700248381
0.003274502850021
0.003378075149008
0.004218548500861
0.005619939096437
0.007114968040712
0.008265359158837
0.008881511567944
0.008984971807000
0.008671507837562
0.008057349380404
0.007303201362334
0.006605521304869
0.006164360875690
0.006104875125233
0.006275635375899
0.006341352847069
0.006243778392014
0.006247368419442
0.006560754842666
0.007112788862898
0.007510695414862
0.007249313884564
0.006113686705871
0.004382019733887
0.002740970280424
0.001904415783189
0.002113725276749
0.003022526519245
0.004003627486946
0.004538029813464
0.004369376555620
0.003422745461531
0.001937901074145
0.000567481417466
-0.000021545567305
0.000437738310605
0.001636717743129
0.002789939523611
0.003064906876185
0.001991837887581
-0.000102832883673
-0.002035934902877
-0.002745514907708
-0.002196977598844
-0.001078108251281
0.000047413978494
0.001063584838511
0.001867063002468
0.002168862184475
0.002028526107369
0.001867395363104
0.001863186564530
0.001834454378522
0.001364805202693
0.000142240187560
-0.001396757730689
-0.002392005256160
-0.002476315662000
-0.001757543086657
-0.000544299110160
0.000589359234094
0.001109366439057
0.001008695892197
0.000788538297842
0.000852641950850
0.001050093277080
0.001107313524356
0.001065434098231
0.000932518053442
0.000590567737092
0.000088752218405
-0.000575880929291
-0.001591326278816
-0.002876969347711
-0.003850825770120
-0.003796847145719
-0.002543416673367
-0.000926955873135
-0.000384145750859
-0.001741201565049
-0.004288604625315
-0.006331680318214
-0.006832123189591
-0.006162731183844
-0.005303209712447
-0.004811528188625
-0.004503693979912
-0.003852657308208
-0.002660484708434
-0.001179353872385
0.000298398270304
0.001523285638879
0.002028551793728
0.001300663078629
-0.000609074706763
-0.002949746516127
-0.004816146305547
-0.005534016875389
-0.004722320222619
-0.002553876188134
0.000075422156556
0.002034838501092
0.002677435687424
0.002027283112306
0.000519843282020
-0.001213520946192
-0.002575676766009
-0.003358074984822
-0.003812495343124
-0.004281936049156
-0.004825675167495
-0.005231460109540
-0.005370361909308
-0.005409078257735
-0.005541098543921
-0.005700279135519
-0.005690007365165
-0.005383714890790
-0.004827660547910
-0.004361410053255
-0.004411092354539
-0.004962353648156
-0.005491295595523
-0.005581145328101
-0.005374660853232
-0.005222273315575
-0.005202309168484
-0.005250737227432
-0.005387417309292
-0.005663671616254
-0.006074868972096
-0.006376669590646
-0.006101269294167
-0.005030037762603
-0.003488641803287
-0.002193604085595
-0.001946168799205
-0.003251211160435
-0.005966879060096
-0.009296430936355
-0.012241165340489
-0.014095678588207
-0.014577587038282
-0.013758987665235
-0.012025795000257
-0.009953249621851
-0.008080316962546
-0.006749592485329
-0.005955809071467
-0.005384742484257
-0.004916641120258
-0.004895933816975
-0.005674409323425
-0.007201630099774
-0.009089711852221
-0.010752767596160
-0.011553470391797
-0.011143703807061
-0.009717013450047
-0.007824325659638
-0.006087943579622
-0.005071651154171
-0.004942792927105
-0.005197940986131
-0.005140653430475
-0.004600676036479
-0.003949726490905
-0.003607315840871
-0.003762480366361
-0.004437226352575
-0.005526632253712
-0.006629844273333
-0.007004401697644
-0.005994905177321
-0.003670795685777
-0.000982131920720
0.000899779966742
0.001414160380735
0.000763586625293
-0.000423099483675
-0.001347357102642
-0.001325054416788
-0.000242655278244
0.001278682814669
0.002376571055984
0.002566746950109
0.001891526408243
0.000883522969019
0.000448580453777
0.001281173082465
0.003208229520253
0.005273868943414
0.006489542021060
0.006470829461203
0.005502290569920
0.004215710406523
0.003255236325124
0.003088281204532
0.003860148153343
0.005158214593042
0.005995514274203
0.005472205105507
0.003612121622632
0.001341467831452
-0.000353548277310
-0.001124875730680
-0.001268437779038
-0.001234456751757
-0.001216843858659
-0.001274398862826
-0.001595972396814
-0.002260846889767
-0.002868347799792
-0.002755056238298
-0.001569472662806
0.000457148039719
0.002666284234670
0.004348252564824
0.005104843433533
0.004916564887841
0.003977613815435
0.002630029441049
0.001372799213483
0.000687954006879
0.000738205464185
0.001212522457032
0.001485215457018
0.001117924046493
0.000302972750584
-0.000388404367959
-0.000646239653325
-0.000562514011820
-0.000322312599409
-0.000043105852632
0.000152424633236
0.000103493601532
-0.000217575601636
-0.000556471802415
-0.000545282087491
-0.000001733230235
0.000867222599508
0.001484439538513
0.001364102876374
0.000584261869467
-0.000368795133076
-0.001070126242233
-0.001309674718740
-0.000994942193764
-0.000202791244849
0.000781042830660
0.001628328765596
0.002023906974658
0.001739716597042
0.000933307873176
0.000177290107552
0.000004905448092
0.000453669469310
0.001101180505816
0.001541568751704
0.001722668331804
0.001748446069757
0.001527082577811
0.000945494337457
0.000339432537869
0.000319693205269
0.001072554641168
0.002164174180537
0.002997254335190
0.003271333969823
0.003066480674446
0.002637098538425
0.002223673773158
0.002006336087292
0.002096739002613
0.002480998837284
0.002974840721120
0.003323420883245
0.003336753649201
0.002892715965305
0.001933543457331
0.000579667910832
-0.000807564662437
-0.001837086486602
-0.002406495715332
-0.002672584314823
-0.002728713060264
-0.002503557059435
-0.001944658750723
-0.001161750113900
-0.000325201581022
0.000553556162576
0.001533710403384
0.002413587589330
0.002784418285500
0.002503873857825
0.001913982643393
0.001505288656875
0.001476045721481
0.001653707657868
0.001747897821131
0.001616297133544
0.001299857214935
0.000882273392266
0.000443218318423
0.000199210808839
0.000508684652719
0.001520811184421
0.002894663900088
0.003982733438121
0.004227584986022
0.003437119511047
0.001912478560287
0.000323943209260
-0.000722858719499
-0.000984125097599
-0.000518721662259
0.000402963582924
0.001345476136935
0.001858916658774
0.001754046861348
0.001241503976195
0.000628262587735
-0.000078815441213
-0.001075714180471
-0.002319963563195
-0.003389115124725
-0.003851485424545
-0.003720746060262
-0.003468396144336
-0.003538880483408
-0.003950303516852
-0.004395100148997
-0.004611004904333
-0.004650259489359
-0.004717766215517
-0.004745277107297
-0.004420374711021
-0.003710879351175
-0.003032926305961
-0.002840414718411
-0.003307243152343
-0.004282316774947
-0.005306444718812
-0.005774899154679
-0.005234265512649
-0.003632726260027
-0.001407366754939
0.000652735632592
0.001815749401469
0.001872564563417
0.001164655650284
0.000213349434995
-0.000542615574170
-0.000867411285262
-0.000796412951044
-0.000484821310793
-0.000048744295476
0.000355358991681
0.000542255459900
0.000566318016591
0.000841363770063
0.001808679622030
0.003396980002221
0.004902914904540
0.005558579715209
0.005173479168507
0.004196594837403
0.003252200519527
0.002649287100499
0.002353691855129
0.002293561035273
0.002471540923495
0.002802021911431
0.002989247576598
0.002743805007890
0.002145786497896
0.001577987034559
0.001257861158759
0.000986398045986
0.000360963222670
-0.000740449199707
-0.001771310701485
-0.001810664079506
-0.000486265148518
0.001555768151607
0.003245300351891
0.004005479455989
0.003993386481505
0.003634628036992
0.003160005122045
0.002665715281283
0.002423239223472
0.002772813615726
0.003711401227291
0.004737242344655
0.005170851854419
0.004726476680390
0.003635089023191
0.002302218983305
0.001127893630530
0.000421835258035
0.000305449551281
0.000804210472966
0.001928284944388
0.003490931659631
0.004956657485841
0.005738312387680
0.005642797720942
0.004925587175696
0.004069107536889
0.003519814753586
0.003452655587552
0.003730325340157
0.004053919346286
0.004206004871867
0.004256212982697
0.004519200628702
0.005297170244369
0.006605586492267
0.008124551806131
0.009418125304383
0.010134421422722
0.010134433462462
0.009587656590939
0.008852438804172
0.008222176731080
0.007855624030831
0.007849348219418
0.008198100473248
0.008738791024689
0.009210078460371
0.009365507104443
0.009091234497763
0.008397226991192
0.007358955716299
0.006218236022971
0.005415419237925
0.005307193579027
0.005823001673504
0.006449188875726
0.006656013814948
0.006382481775414
0.005986382004236
0.005787388528247
0.005812197755586
0.005918654880815
0.006058489134314
0.006310250878701
0.006682240710940
0.007050858260053
0.007285476892161
0.007365264977299
0.007435083501930
0.007795704929682
0.008708788080434
0.010026647631983
0.011075481332297
0.011151803028875
0.010185961539488
0.008773815144349
0.007577831210610
0.006851039493330
0.006548813568267
0.006676029851158
0.007215777149964
0.007795695749760
0.007834210796017
0.007112962667856
0.006064338853685
0.005369265516847
0.005251077498029
0.005335031146787
0.005164697562505
0.004692022640506
0.004287354238675
0.004303925693625
0.004644951404005
0.004814773096441
0.004371115236812
0.003207584300724
0.001590304744291
0.000100704788017
-0.000716548235484
-0.000673537000184
0.000022320991277
0.000743298472957
0.000704239206255
-0.000371269147932
-0.001899309914695
-0.002941231743729
-0.003131428082838
-0.002945245209898
-0.002997236189582
-0.003399546314344
-0.003866649241460
-0.004045582589303
-0.003740446217968
-0.003131538573289
-0.002707769308833
-0.002894901245514
-0.003840036676894
-0.005370875065746
-0.007003643307817
-0.008155315963721
-0.008416079316707
-0.007628424457592
-0.005949297579783
-0.003972595029339
-0.002486110664030
-0.001913736387428
-0.002205910413845
-0.003141483380112
-0.004390649157967
-0.005501768224459
-0.006142529509152
-0.006315532132882
-0.006325800513443
-0.006572809523823
-0.007176749395656
-0.007658496681665
-0.007292031897262
-0.005955873282921
-0.004277364228596
-0.002932204570508
-0.002237954490106
-0.002263313034389
-0.002882518667850
-0.003827329801123
-0.004809108031098
-0.005497639911890
-0.005624291024731
-0.005260163211293
-0.004753679947691
-0.004373763527846
-0.004128042456337
-0.003941899271642
-0.003946891664138
-0.004381189998032
-0.005236499123396
-0.006141838399930
-0.006602497142704
-0.006472543586529
-0.006052096278152
-0.005545381644509
-0.004801103627849
-0.003782833196602
-0.002898562369277
-0.002652989879533
-0.003168131272994
-0.004126357255438
-0.005076267745976
-0.005709013279401
-0.005867077911386
-0.005453473419046
-0.004451035734141
-0.003046746757111
-0.001726168906159
-0.001099835609393
-0.001440483330838
-0.002399402714404
-0.003278972075830
-0.003589561975619
-0.003373399829616
-0.003011755394527
-0.002707928138753
-0.002308764763837
-0.001698244339754
-0.001120177459707
-0.000987104735387
-0.001477617994079
-0.002332441169276
-0.003000413186524
-0.003040866755307
-0.002513046847572
-0.001936283295569
-0.001759164945637
-0.001949025139447
-0.002070944822625
-0.001697482633862
-0.000809164297210
0.000225326847524
0.000988142289555
0.001225839095937
0.000817078538722
-0.000299774124577
-0.002019687629139
-0.003971659259500
-0.005672041680164
-0.006764665251952
-0.007142799063560
-0.006929506982831
-0.006348105757333
-0.005560705575946
-0.004699689302804
-0.004024928829376
-0.003780253624385
-0.003966153503097
-0.004470207071587
-0.005240432784272
-0.006226850084243
-0.007260175333241
-0.007985650243376
-0.008033562142346
-0.007433541656140
-0.006675104449779
-0.006104129890505
-0.005497715868212
-0.004612434246631
-0.003831151048870
-0.003736984008968
-0.004320275560485
-0.004973268877543
-0.005096245618585
-0.004562466844432
-0.003641340528231
-0.002667280481723
-0.001914523108941
-0.001606996920576
-0.001829936236568
-0.002431053986636
-0.003111077515041
-0.003619793971665
-0.003799861561431
-0.003548069712030
-0.002987182457470
-0.002573416408929
-0.002713279595625
-0.003332027310374
-0.003955939203756
-0.004136219999670
-0.003749506290631
-0.002964017342138
-0.002032274253592
-0.001222608469174
-0.000959107523847
-0.001693969879074
-0.003264222854734
-0.004644370251689
-0.004845302728595
-0.003926407600280
-0.002753363718229
-0.001986722027923
-0.001648197314338
-0.001481038292579
-0.001401472347149
-0.001468712414944
-0.001498449007469
-0.001054026899764
-0.000050104523110
0.000933744937803
0.001253719131034
0.000882558465820
0.000272607770819
-0.000208771870230
-0.000522524589587
-0.000770009603167
-0.000887725030453
-0.000684367470607
-0.000234425441044
0.000075231627803
0.000015655685797
-0.000164129252023
0.000053489034179
0.000912162120855
0.002070941385710
0.002904035349226
0.003064938941440
0.002692982647415
0.002093865581107
0.001382043997208
0.000557713807017
-0.000179348454337
-0.000434250217955
-0.000003577297146
0.000871909767538
0.001631648110148
0.001789536322503
0.001307537338086
0.000474730196649
-0.000561307537902
-0.001912199862120
-0.003577229781438
-0.005105107778491
-0.005791449122204
-0.005361959322790
-0.004402260328808
-0.003898067704697
-0.004291564727922
-0.005073529642920
-0.005349840270408
-0.004725065536678
-0.003518307965716
-0.002279834553977
-0.001378628527513
-0.000982497757217
-0.001146215066383
-0.001807804184911
-0.002693227347795
-0.003236577464656
-0.002891878323809
-0.001757938285892
-0.000547379246663
0.000167791764301
0.000269494485924
-0.000198101542467
-0.001138484259790
-0.002261646428035
-0.003082899721142
-0.003176526429528
-0.002620552528168
-0.002130933990410
-0.002355507204476
-0.003150451628769
-0.004021344083443
-0.004989988828758
-0.006410689128121
-0.008130837170319
-0.009382790927941
-0.009422994151284
-0.008004662648918
-0.005426635267373
-0.002363985181864
0.000427734913080
0.002367918261771
0.003173392676970
0.002943519643417
0.001992603143428
0.000478946187022
-0.001433623490462
-0.003100060462576
-0.003709876123993
-0.003130019316438
-0.001917289705414
-0.000513456655221
0.001015471509428
0.002486219256538
0.003398489376231
0.003334056071216
0.002363755884549
0.001043670886130
0.000087729423716
0.000026583493664
0.001073201130577
0.003080778871210
0.005386696105430
0.006912823754652
0.006858061020148
0.005319692752022
0.003185614258255
0.001499823055078
0.000763414479013
0.000745716872177
0.001028819115056
0.001473206529064
0.002000912039654
0.002350509637802
0.002378569661708
0.002311968085697
0.002439184094386
0.002786561182208
0.003125846727773
0.003104629714639
0.002603211618905
0.002052590661084
0.002044095109544
0.002631235346728
0.003306909001820
0.003545035128574
0.003184255045912
0.002506450470855
0.001957366255457
0.001589123832192
0.001027428081725
0.000184496365057
-0.000309002958690
0.000306965946396
0.001903244088096
0.003282479099880
0.003222784597315
0.001700590990292
-0.000004225017735
-0.000513425054852
0.000370327596798
0.001684081394209
0.002386139296389
0.002166402153152
0.001443437274279
0.000826658638292
0.000550283814958
0.000500481071663
0.000709881675169
0.001512442431184
0.003120448468535
0.005185088134655
0.006913148880678
0.007592062785877
0.006964569088703
0.005269813072015
0.003005321614748
0.000644789497419
-0.001237576375114
-0.001725616246561
-0.000052173667623
0.003479434965968
0.007403246979680
0.010018712088424
0.010348133496549
0.008495871391344
0.005484144064577
0.002724918787760
0.001266918074208
0.001305712838205
0.002308754538353
0.003492575804777
0.004418478279209
0.005278156857230
0.006331343611646
0.007249805737137
0.007409577879733
0.006660526213576
0.005602441045962
0.005046560165625
0.005216470782450
0.005664115091511
0.005912093002815
0.005997735019813
0.006373304186454
0.007328967747483
0.008575547488929
0.009353022270516
0.009022130510033
0.007688380706131
0.006164879224872
0.005289195556145
0.005420189493057
0.006493955490672
0.008196079219121
0.009969760495988
0.011110856211453
0.011217950720075
0.010557307249257
0.009739823808119
0.009195117422353
0.009106754830880
0.009579776057407
0.010596387882181
0.011807118625787
0.012628201362646
0.012764346431763
0.012551462093340
0.012624770598090
0.013214973765161
0.013797742145676
0.013577963587708
0.012354434532009
0.010705965247413
0.009341242329416
0.008455361574606
0.007748455376117
0.006923700622445
0.006053504284914
0.005500675905418
0.005461272819363
0.005639882120041
0.005521684031806
0.004878692220908
0.003884881696749
0.002753361019789
0.001453334036177
0.000014177424237
-0.001096027903752
-0.001267470754773
-0.000405761809973
0.000821323790123
0.001404884835635
0.000831319755001
-0.000389820706401
-0.001236151088722
-0.001262309913170
-0.000927944974302
-0.000855796416373
-0.001099158206103
-0.001220857916242
-0.000788420198532
0.000290755361916
0.001627230808070
0.002455466080779
0.002054608830355
0.000226421514900
-0.002520375757808
-0.005234933737778
-0.007006131143219
-0.007295580607540
-0.006058754129645
-0.003781515797190
-0.001361619376945
0.000284344594346
0.000604242465610
-0.000522176401707
-0.002883155379153
-0.005953769062205
-0.008875625743402
-0.010668033036177
-0.010700837331693
-0.009092652227266
-0.006719041632638
-0.004734798014600
-0.003929934820048
-0.004517270995272
-0.006348256958690
-0.008931630941771
-0.011334637720646
-0.012623705139925
-0.012625116520800
-0.012121897197030
-0.012061819208248
-0.012485898250388
-0.012564498686870
-0.011760710148352
-0.010524884039765
-0.009694423337405
-0.009454030559988
-0.009156985000343
-0.008276981796130
-0.007257498069180
-0.007048987718930
-0.007892770852973
-0.008951187374727
-0.009256672040966
-0.008787937480847
-0.008385484551422
-0.008649861516106
-0.009155440617128
-0.008899864726570
-0.007474764297791
-0.005601751321340
-0.004419049632027
-0.004444909160278
-0.005396710321727
-0.006753633611993
-0.008220295367967
-0.009743566078185
-0.011165401415073
-0.011858250095833
-0.011012193819786
-0.008535984094654
-0.005465733029181
-0.003246320237518
-0.002581140034546
-0.003129690139668
-0.004322247216916
-0.005975021578402
-0.007923973431392
-0.009589186422203
-0.010197615753653
-0.009293046382762
-0.007114303002572
-0.004543536359483
-0.002506913646220
-0.001517408547559
-0.001704456269392
-0.002798648064010
-0.004180469682110
-0.005332505023879
-0.006121745125343
-0.006472176202656
-0.006060698433810
-0.004690934563314
-0.002796820252640
-0.001226044451821
-0.000542068243520
-0.000678839710351
-0.001217757945156
-0.001820343783895
-0.002402052179642
-0.003029242513105
-0.003675305732200
-0.004132064032654
-0.004267483592176
-0.004324719320463
-0.004696296066930
-0.005369507861557
-0.005907974357156
-0.005918465816609
-0.005319703265144
-0.004290767324292
-0.003127597493324
-0.002174230190755
-0.001679071238214
-0.001607379673143
-0.001865162593877
-0.002525735072574
-0.003460715216541
-0.004131106995527
-0.004015652229267
-0.003111900140783
-0.002109239378864
-0.001947207285862
-0.003011219808912
-0.004881766000477
-0.006853923083311
-0.008519621198761
-0.009732444257726
-0.010131086187275
-0.009161653150653
-0.006924037649983
-0.004681109410362
-0.003952518050538
-0.005054556032679
-0.006801745357480
-0.007715516479023
-0.007408245148733
-0.006690439457431
-0.006431520603808
-0.006543688610585
-0.006195225927132
-0.004875675563212
-0.002967399607879
-0.001236025335574
-0.000070500918936
0.000622280995788
0.001103060855498
0.001612413605903
0.002270683699544
0.003005525310310
0.003628209717698
0.004015672015390
0.004157294166925
0.003940130408306
0.003088969432040
0.001572563769538
-0.000019817246913
-0.000718883800979
0.000057528083371
0.001938586978924
0.003882781949992
0.005037035949715
0.005183774672685
0.004469137595402
0.003154797409555
0.001694823241209
0.000720676332439
0.000818766186312
0.002313233703184
0.005062008781699
0.008214209986629
0.010436072296068
0.010844431232282
0.009613247533646
0.007528956003613
0.005249140521561
0.003063219084353
0.001111563040548
-0.000311465776243
-0.000695558148589
0.000399433674739
0.002915675117594
0.006203549170184
0.009376177033612
0.011573376203586
0.011996434470121
0.010226458178507
0.006697663957789
0.002588646550842
-0.000697400461123
-0.001962777455271
-0.000793284700397
0.002077499606909
0.005301917536646
0.007726781897529
0.008713718537683
0.008131297873338
0.006216618499194
0.003332428706234
-0.000127533716756
-0.003547893070776
-0.006082232402410
-0.007139529587846
-0.006758533561133
-0.005395578472281
-0.003560699409748
-0.001663898608641
0.000076615346883
0.001554521147710
0.002540732366179
0.002813621916000
0.002408796127877
0.001431456618298
-0.000056585405986
-0.001702493389846
-0.002786948361224
-0.002697781307562
-0.001326842188682
0.000854143525734
0.002971542798631
0.004253317728116
0.004461935423245
0.003870717316657
0.002976263326602
0.002143035343898
0.001413094667672
0.000775842550892
0.000510225002951
0.000932966173913
0.001872372789170
0.002746523120726
0.003171555138145
0.003270744572783
0.003419001059708
0.003768291411348
0.003953452128016
0.003342858520962
0.001720031782938
-0.000357358145037
-0.001937796195993
-0.002332415900085
-0.001419100941094
0.000447733162580
0.002678123879386
0.004736418638982
0.006242329266690
0.006943545935315
0.006939328043358
0.006757045039206
0.006779677924642
0.006739051042795
0.006202788605333
0.005436184291242
0.005359183947700
0.006668508119722
0.009117700750989
0.011640148103876
0.013147008343247
0.013185615288804
0.011954851144052
0.009858752959458
0.007348379366364
0.005224505795906
0.004415916070735
0.005191781726810
0.006982468050770
0.008893885762933
0.010199687364714
0.010627597026210
0.010294761221620
0.009392444588406
0.008122506881370
0.006732859174079
0.005342576696108
0.003848955389425
0.002201196900014
0.000880622473592
0.000873642854471
0.002775366613359
0.005990555945718
0.009102613111575
0.011016475726222
0.011565679712352
0.011078828046068
0.009671077767842
0.007168437940995
0.003703768136330
0.000168474136660
-0.002152052311135
-0.002392902302403
-0.000535904574939
0.002720421720886
0.006336716246609
0.009448136031816
0.011688978401163
0.012960409501241
0.013068319673054
0.011731434985633
0.008925197538417
0.005249851242261
0.001804792397915
-0.000421081486218
-0.000934668556546
0.000319096341112
0.002962579394614
0.006022755577530
0.008199912593036
0.008702163994532
0.007733826739448
0.006066151675261
0.004326251693226
0.002731404532658
0.001278558917788
0.000060158272322
-0.000669388574059
-0.000811473967956
-0.000621788813757
-0.000345115077757
0.000106139300103
0.000810971833166
0.001417470447448
0.001287357706323
0.000055788321832
-0.001774156789854
-0.002864488655083
-0.002222184165975
-0.000399030055849
0.001017878767997
0.001140068008732
0.000651262897972
0.000931506734745
0.002515525824616
0.004585034125338
0.005810493724319
0.005387903711446
0.003403296574115
0.000523788621767
-0.002420241818961
-0.004516954716336
-0.004945761833177
-0.003511105117651
-0.000907407161833
0.001657269224840
0.003044602389714
0.002512480330979
-0.000138950375350
-0.004434621774631
-0.009189638336071
-0.012798272254912
-0.014067271683177
-0.013053173107287
-0.010862033963693
-0.008462048323863
-0.005952791291120
-0.003266850965184
-0.001163355512675
-0.000947450473405
-0.003261922562182
-0.007427194093096
-0.011999974489885
-0.015742555535018
-0.017924368120460
-0.017977354875198
-0.015315608642734
-0.009879433783178
-0.002837450860384
0.003606802161088
0.007262636141621
0.007046565730143
0.003470155049805
-0.001842529821914
-0.007093450457896
-0.010776319681337
-0.011845277700942
-0.010167406530891
-0.006811157274797
-0.003476721990316
-0.001308647922311
-0.000153531932195
0.000943175341452
0.002513238041109
0.003975685641024
0.004154778909592
0.002542260921957
-0.000084917451117
-0.002427170049438
-0.003711862170561
-0.003894323173787
-0.003370469505385
-0.002796467421229
-0.002792810511591
-0.003451368207612
-0.004134283128527
-0.003812209938902
-0.001866675695371
0.001173093622772
0.003804717245910
0.004567608243154
0.003002854408480
-0.000130451138889
-0.003486813341290
-0.005972405406960
-0.007097382019938
-0.006810552961089
-0.005217253791290
-0.002678365266526
-0.000001849210963
0.001938454663286
0.002676959238392
0.002121010483692
0.000366613194883
-0.002249920933091
-0.005074974743387
-0.007314892132067
-0.008256843624629
-0.007498619745088
-0.005308139642015
-0.002600919681045
-0.000370175837353
0.000747810964882
0.000545858975558
-0.000744115290349
-0.002576927855607
-0.004365000284654
-0.005572219025958
-0.005747455301581
-0.004782080449814
-0.003082730051561
-0.001302888545087
0.000066252696122
0.000771886672879
0.000670976883144
-0.000197568109548
-0.001493313681900
-0.002641785826122
-0.002984154680620
-0.002064136111322
0.000157045051176
0.003370080713991
0.006917016588963
0.009730804363069
0.010610598084662
0.008914970120714
0.005191271352988
0.001015141711490
-0.001911293778386
-0.002615772012668
-0.001007675342578
0.002558505276707
0.007434173923749
0.012326741556091
0.015509837740800
0.015978050402416
0.014167797706339
0.011358866642376
0.008761815690268
0.007186258828985
0.006983385009307
0.007962974822514
0.009397483193940
0.010307027974273
0.010098894712857
0.009042552449745
0.007898247864505
0.007125135871691
0.006715664366541
0.006593820947939
0.006909234679165
0.008086383573222
0.010433031376511
0.013424547037239
0.015648581893930
0.015775132292307
0.013536636755007
0.009758761747799
0.005689036645888
0.002413903743374
0.000614405298941
0.000478734319244
0.001815229602855
0.004300749637527
0.007408475671697
0.010173618521476
0.011455101391585
0.010529319957417
0.007459150563985
0.003183379528588
-0.000811569128269
-0.003369703483608
-0.004249878478422
-0.003735839882244
-0.002102063705926
0.000351814329482
0.003132852298543
0.005576116109669
0.007015479576283
0.007098069712534
0.005894993627690
0.003569974570665
0.000201477824422
-0.003815019357635
-0.007414257399530
-0.009277694513848
-0.008741238764435
-0.006219796636238
-0.002769098057008
0.000575579833372
0.003081175106407
0.004298868986186
0.004070178810238
0.002600935688249
0.000341130457125
-0.002349547719623
-0.005286986160924
-0.008134937574914
-0.010186084749655
-0.010523096028857
-0.008398968125104
-0.003887411869910
0.001641543349127
0.006102975768587
0.008006462967987
0.007266308471493
0.004938965151243
0.002266294160228
-0.000089072600395
-0.001986138197816
-0.003317146730172
-0.003927338414389
-0.003826311855603
-0.003113461585569
-0.001794951786294
0.000060920219631
0.001991610422851
0.003251773975043
0.003337478970067
0.002280441664279
0.000539862725460
-0.001315442076023
-0.002933979127853
-0.004312562035423
-0.005584748465683
-0.006679214994244
-0.007278434156278
-0.007048518060727
-0.005950649262343
-0.004401348912613
-0.003000675786010
-0.002232716672374
-0.002482028254149
-0.003811741933244
-0.005619339807377
-0.007090516300574
-0.007896702294599
-0.008164538993792
-0.008215790825817
-0.008313875730166
-0.008273186803167
-0.007587630319854
-0.006142002927581
-0.004537602440514
-0.003625830650586
-0.003786809701337
-0.004585045966037
-0.005146209662938
-0.004995804288798
-0.004432402107149
-0.003960470578853
-0.003577450114188
-0.002927280307751
-0.002039782195010
-0.001540459295052
-0.002009185784600
-0.003311403463239
-0.004737369687169
-0.005696623078170
-0.006019275182038
-0.005592164036360
-0.004145097847110
-0.001672456387212
0.001194826020932
0.003366829151627
0.003885274683506
0.002617333038720
0.000288737853323
-0.002329980141341
-0.004934302032820
-0.007196915691463
-0.008303035536028
-0.007579554663567
-0.005354241617832
-0.002739344827063
-0.000712717560446
0.000523982598380
0.001466433328628
0.002509522305000
0.003283333929218
0.003083860781924
0.001757418287468
-0.000252437743660
-0.002449294494295
-0.004490370806074
-0.006094318292415
-0.007090141473999
-0.007570474036765
-0.007828066458221
-0.008035170376598
-0.007932090630673
-0.006983973090325
-0.005139618321788
-0.003217728879493
-0.002221398718782
-0.002431854501319
-0.003203997799076
-0.003536543860761
-0.002994317566856
-0.002093121910558
-0.001624891855647
-0.001784331591281
-0.002192208259806
-0.002488935210188
-0.002602795523113
-0.002664319045909
-0.002839637424901
-0.003131211019675
-0.003397913333243
-0.003591089171986
-0.003763179813212
-0.003910170942190
-0.003998592297917
-0.004033446972490
-0.004024220818481
-0.003952115895007
-0.003672587186623
-0.002950060496411
-0.001933212165881
-0.001365570123704
-0.001873619369126
-0.003206919686629
-0.004422815160732
-0.004767735599171
-0.004328115895053
-0.003846521239173
-0.003949000172529
-0.004616583103108
-0.005434796374277
-0.006040167679197
-0.006136021050957
-0.005590098923457
-0.004726188360444
-0.004048121034444
-0.003657592533724
-0.003356861167671
-0.003218201006089
-0.003691417120267
-0.005162242296852
-0.007386646714768
-0.009347669796786
-0.010039142593437
-0.009435949133243
-0.008268465629703
-0.006921461646261
-0.005218104329371
-0.003298429058995
-0.001809519673397
-0.001072752649852
-0.000786685417639
-0.000666903124707
-0.000976316190778
-0.002108024928120
-0.003693412398711
-0.004621713009742
-0.004214157215137
-0.003088198968413
-0.002473021300797
-0.002737720630966
-0.002946863116108
-0.001989093336778
0.000086685708957
0.002192065517746
0.003477724959181
0.003995277210151
0.004059450065099
0.003546536980758
0.002354952042671
0.001030079147169
0.000166377435985
-0.000449309791828
-0.001481806085816
-0.002914579801555
-0.003641681882231
-0.002436916238411
0.000633560168896
0.003923718174432
0.005514233028746
0.004802795305327
0.002775032651446
0.000893374865823
-0.000109701053318
-0.000413066000764
-0.000402779052009
-0.000123102004971
0.000598374068545
0.001784832626563
0.003161323435551
0.004291388646306
0.004908573476209
0.005079730512232
0.005007652781529
0.004854472430125
0.004727098163169
0.004624382587906
0.004456386883299
0.004279105360422
0.004434488262659
0.005235293226284
0.006526121583467
0.007678400812727
0.007945383705708
0.006982733293479
0.005305347151046
0.003971241888384
0.003612757346198
0.004005365310347
0.004466573904916
0.004404356082520
0.003615392252071
0.002374189191981
0.001360976831912
0.001257793699753
0.002265039686563
0.004031423773055
0.005781152124481
0.006591320248558
0.006050938103587
0.004613752196689
0.003124310371089
0.002215076135408
0.002194968563054
0.003150515721933
0.004923188377147
0.006945278576681
0.008117911902111
0.007361802727971
0.004708794590727
0.001538959698148
-0.000482286120694
-0.000594939174036
0.000808522467427
0.002749897669784
0.004271651665591
0.004797434216779
0.004333054022596
0.003365022353820
0.002420202437095
0.001650364470409
0.000909577738541
0.000203087525689
-0.000281763612663
-0.000631181372799
-0.001344377716706
-0.002822026381536
-0.004664059709795
-0.005742660954296
-0.005288242390100
-0.003641715881302
-0.001721555583690
-0.000137745710415
0.000928076321863
0.001271121023583
0.000521632598047
-0.001319372144700
-0.003489959988296
-0.005031346286772
-0.005627466534961
-0.005647181607312
-0.005406387902432
-0.004653417213800
-0.003001227965254
-0.000726858147937
0.001111908303471
0.001437083598938
-0.000014016585774
-0.002587654141437
-0.005218819115915
-0.006997698701298
-0.007508153550309
-0.006794388584428
-0.005185342729333
-0.003238479080937
-0.001582469519800
-0.000650289166332
-0.000511593874574
-0.000865164089952
-0.001303933606490
-0.001617434773004
-0.001787803284082
-0.001817218384221
-0.001667011135720
-0.001383622557633
-0.001149538171504
-0.001096365234022
-0.001194173103026
-0.001356144782530
-0.001532029120754
-0.001790459171959
-0.002299316435506
-0.002927318253884
-0.003085736243479
-0.002382700851309
-0.001153594037789
-0.000091775898774
0.000353300401141
0.000078475084944
-0.000820414540916
-0.002088961212350
-0.003274523593991
-0.003628581319135
-0.002405380628929
0.000324680981610
0.003430509512666
0.005544757213699
0.006009278751426
0.005089104628907
0.003585033041753
0.002285949815139
0.001610151703555
0.001672664330306
0.002404064398507
0.003379009198164
0.003843903172086
0.003272161454522
0.001993628760338
0.001093010669922
0.001376150010489
0.002514393300051
0.003320413070838
0.002818854107535
0.001214369867079
-0.000250499639765
-0.000505142181905
0.000480155756108
0.001897850870009
0.002867198488172
0.002975508752977
0.002282736971074
0.001166762535753
0.000267217919377
0.000329420312146
0.001738003266743
0.004035874783436
0.006072760963365
0.006726269598017
0.005626758066957
0.003412017742967
0.001246092682008
0.000045716013348
0.000049758687671
0.000892343778913
0.002011691247561
0.002960655528024
0.003422207451129
0.003185857763051
0.002250693698303
0.000899411306562
-0.000418826151042
-0.001325840709753
-0.001761529328807
-0.002012946836560
-0.002297312192632
-0.002337572910143
-0.001589652931402
0.000115247907944
0.002340273957457
0.004372088884532
0.005558660467765
0.005474909872959
0.004076839272115
0.001779189063147
-0.000610435543507
-0.002094496690414
-0.001915832651438
-0.000104336253205
0.002362509603369
0.004085108055785
0.004052828657297
0.002187288058084
-0.000607831006668
-0.002975918714474
-0.003934948055899
-0.003319534835847
-0.001621771950380
0.000386043883892
0.001960686567336
0.002604125288800
0.002235845818171
0.001211597779693
0.000056211841718
-0.000818479925074
-0.001137349240599
-0.000771349668030
0.000067956265720
0.000790170792759
0.000858771603510
0.000307612677485
-0.000335577300545
-0.000651180330962
-0.000681150718755
-0.000660891373966
-0.000596338756755
-0.000235300217939
0.000564978039426
0.001492636772109
0.001943236693625
0.001604626814055
0.000714839672706
-0.000308305663811
-0.001254252343537
-0.002066084034280
-0.002648738399817
-0.002861065232146
-0.002589876112738
-0.001855438972876
-0.000927515486276
-0.000153227365865
0.000303828626416
0.000344151256490
-0.000133466250237
-0.000994430682300
-0.001810031679072
-0.002041547576615
-0.001363076471882
-0.000017507171328
0.001214857049003
0.001579409406142
0.000905169053583
-0.000438079838807
-0.001917865117127
-0.003062718561946
-0.003600624065619
-0.003518543873939
-0.002966496600924
-0.002147140011396
-0.001296613691438
-0.000667956911105
-0.000448151526916
-0.000716960308914
-0.001421571086741
-0.002379560229119
-0.003388163846602
-0.004198641799331
-0.004409335297258
-0.003700157934084
-0.002201612342628
-0.000431957409526
0.001097801726335
0.002124645204661
0.002535257785689
0.002097599617636
0.000571564512570
-0.001696791121843
-0.003663331607294
-0.004341637492048
-0.003513885408677
-0.001746203868811
0.000106960466395
0.001406170090600
0.001896229532827
0.001639614038506
0.000891898558255
-0.000025172790027
-0.000850775856636
-0.001541500683933
-0.002218144418880
-0.002840774326444
-0.003090971421710
-0.002623285496780
-0.001416764948933
0.000016924874989
0.000841082703905
0.000528925700150
-0.000682203698266
-0.002102303562977
-0.003220144783959
-0.003859637436359
-0.003986695935768
-0.003592225606548
-0.002617568844451
-0.000975156838587
0.001224238355704
0.003586644367923
0.005634572902464
0.006903576116398
0.006987808642231
0.005824917766725
0.003877808497863
0.001928726226103
0.000707033635043
0.000493643612042
0.000931708704154
0.001333953001394
0.001216998512315
0.000546176588653
-0.000431283275915
-0.001460952692240
-0.002349442948943
-0.002870719532698
-0.002810641093600
-0.002229143434568
-0.001511098021735
-0.001004180966852
-0.000748403395369
-0.000613748837820
-0.000559864579357
-0.000725289019565
-0.001284139720635
-0.002175978848826
-0.003098905018434
-0.003782016560387
-0.004053417835514
-0.003789452775049
-0.003004284318725
-0.001963025069808
-0.001153714563539
-0.001042126499744
-0.001877035636012
-0.003580911055518
-0.005550517849927
-0.006817202636530
-0.006797467917417
-0.005851314250948
-0.004899415671815
-0.004554762247765
-0.004754900330061
-0.005109094724801
-0.005409386492108
-0.005667939425040
-0.005805920276267
-0.005691179028837
-0.005477104489141
-0.005558054585790
-0.006060457275728
-0.006590274638699
-0.006632260307406
-0.006035413717283
-0.005038173117174
-0.003922604731343
-0.002668516234550
-0.001139989092508
0.000313615538991
0.000870909736800
-0.000004993577163
-0.002058153615619
-0.004424090559006
-0.006190504930545
-0.006848445902211
-0.006321642907825
-0.004743148947861
-0.002436990092107
-0.000083921957082
0.001407952626907
0.001354058981828
-0.000300272412229
-0.002845476220088
-0.005081924197561
-0.005996466821286
-0.005332174231698
-0.003486473113853
-0.001093729471992
0.001134067530899
0.002479049366019
0.002481935933682
0.001240166215982
-0.000595925493012
-0.002186065471638
-0.003003833356358
-0.003171790974053
-0.003201675690482
-0.003340283866957
-0.003430102814971
-0.003267126120057
-0.002777356157459
-0.002025786134619
-0.001189503476283
-0.000554280643789
-0.000549507096617
-0.001530362257840
-0.003407341555560
-0.005588755273190
-0.007335157100104
-0.008131626496381
-0.007777475309887
-0.006367527349639
-0.004262657836250
-0.002010012252046
-0.000261725554091
0.000399055740336
-0.000202123192074
-0.001623110775060
-0.003112800982618
-0.004125898083700
-0.004488533240728
-0.004260281418401
-0.003531183983579
-0.002369518843999
-0.000907105204946
0.000666319647855
0.002083460046789
0.003015975914829
0.003298998216166
0.002978735797398
0.002108678686031
0.000777548360967
-0.000631661020165
-0.001495283816664
-0.001465567051648
-0.000824041476456
-0.000130893962541
0.000409991641618
0.001085273687869
0.002252703377481
0.003859150019644
0.005306574232739
0.005888467017306
0.005409968970416
0.004249511759860
0.002951798549391
0.001944463506846
0.001495000862312
0.001810314175978
0.003022454500556
0.004916306599662
0.006891371115664
0.008333515512294
0.008915865330615
0.008628440827065
0.007750924466696
0.006822292866949
0.006380902898694
0.006595495653301
0.007174857356580
0.007612439051143
0.007539125833207
0.006907051609771
0.005970954390132
0.005163347656539
0.004902721109030
0.005446459026308
0.006826684690682
0.008830895787531
0.011016649196534
0.012755509755385
0.013357166946216
0.012453126810229
0.010462630061540
0.008368529759063
0.006906403131956
0.006238184450522
0.006190199716612
0.006499801103909
0.007059022836863
0.008000343731683
0.009369714458104
0.010871079547356
0.012093942652751
0.012762645871660
0.012669983276370
0.011531592867247
0.009082336753846
0.005574298989843
0.002115950299060
0.000150303852777
0.000508330444725
0.002931299294388
0.006303008753775
0.009244388544894
0.010662854831796
0.010179634274587
0.008300929172834
0.006066486725405
0.004476144895870
0.004098954586502
0.004857013971733
0.006132941063423
0.007232355972385
0.007835004537934
0.008123322091848
0.008445312551476
0.008861935391004
0.009128442344567
0.008957310889246
0.008191055522949
0.006894214442386
0.005328519365762
0.003753596500673
0.002291546632972
0.001047115859712
0.000289767483591
0.000390225890002
0.001561483191241
0.003705720301005
0.006327616213399
0.008498951135682
0.009280171882552
0.008355518143023
0.006149102004587
0.003466092494535
0.001049144816510
-0.000668378445173
-0.001472606950595
-0.001274202248826
-0.000193434063273
0.001395284805985
0.002913189119582
0.003689398250098
0.003221578529417
0.001575083545952
-0.000456447247406
-0.001845558139064
-0.002039270295001
-0.001059116869766
0.000740601012727
0.002679939243538
0.003908539968359
0.003902349503503
0.002841094675100
0.001549282357348
0.000882366419396
0.001012643980643
0.001398087123089
0.001450628517368
0.001140216233719
0.000778703295551
0.000378777311223
-0.000344954451193
-0.001508398903949
-0.002876169603023
-0.004011765762637
-0.004599017184395
-0.004629459219732
-0.004268988360759
-0.003702121055147
-0.003060837694656
-0.002425747803455
-0.001914312857518
-0.001587469657082
-0.001363757720439
-0.001244946493987
-0.001391464717741
-0.001920734197725
-0.002785649478932
-0.003745977590931
-0.004446731211718
-0.004637501082301
-0.004387822898571
-0.004081177665730
-0.004074448270883
-0.004380202219201
-0.004771372011900
-0.005071100713126
-0.005208123892193
-0.005143606762805
-0.004942643462260
-0.004835026442614
-0.005056413290422
-0.005619067831639
-0.006212066414081
-0.006345272997561
-0.005777727290359
-0.004808923641161
-0.004001035324387
-0.003720330425902
-0.004011020609859
-0.004724784978032
-0.005631181927371
-0.006442803771495
-0.006861467654238
-0.006635810831089
-0.005618971932344
-0.003926056484571
-0.002016931642924
-0.000461757126998
0.000399376696110
0.000539065386402
0.000057640627301
-0.000932761986509
-0.002195868326641
-0.003330254674819
-0.003995681701539
-0.004131808045821
-0.003879729576718
-0.003339855414055
-0.002417719557616
-0.000882865042379
0.001255400651750
0.003396031213540
0.004621434737309
0.004413126693648
0.003020558958305
0.001218952793208
-0.000174259047459
-0.000653793352722
-0.000138393736909
0.001043937461916
0.002264855324400
0.002968774942487
0.003133892971723
0.003311477371499
0.004050024822844
0.005190496639547
0.005843981425497
0.005155920855566
0.003110578607539
0.000646488100560
-0.001017334098642
-0.001248853268822
-0.000310007849381
0.001133511642578
0.002641619275598
0.004030769192432
0.005138703691778
0.005864168760809
0.006279503124831
0.006504200166579
0.006485277968971
0.006049815998517
0.005206036185866
0.004332146262772
0.004024584839804
0.004658364409887
0.006054326594936
0.007574637256081
0.008509743417016
0.008450985638124
0.007436056506054
0.005802414182482
0.003928675252449
0.002164434515260
0.000889238302922
0.000348092585970
0.000318860375755
0.000146175336944
-0.000680013964263
-0.002046636991824
-0.003367068183452
-0.004053521043728
-0.003879897566215
-0.002986608269931
-0.001519822220298
0.000411350254777
0.002276320538874
0.003174843632225
0.002547192773168
0.000609781052297
-0.001777128729064
-0.003613047074507
-0.004367286137675
-0.004195975741434
-0.003588619226627
-0.002943660156208
-0.002466198230336
-0.002174597266993
-0.001909476245342
-0.001509858624426
-0.000988880069226
-0.000480069547545
-0.000150387797488
-0.000243791983612
-0.001005888304756
-0.002392965974304
-0.003978899333261
-0.005302461586757
-0.006199570369100
-0.006726596157364
-0.006932185270587
-0.006775678587146
-0.006227893932867
-0.005415202966082
-0.004602172701580
-0.004014458957023
-0.003682050507135
-0.003527376529787
-0.003576248932054
-0.003890129588984
-0.004366105140844
-0.004821274750610
-0.005185265938362
-0.005471473545188
-0.005673541141116
-0.005731635019110
-0.005577204925328
-0.005331448705506
-0.005339376450624
-0.005819228108843
-0.006577896542079
-0.007041979594645
-0.006560146124709
-0.004938200909915
-0.002707332630459
-0.000768891181582
0.000118351555463
-0.000385745529414
-0.002087549437680
-0.004336735606663
-0.006279846643104
-0.007160746998370
-0.006728946101769
-0.005488275305462
-0.004287759369476
-0.003545878737383
-0.002966711802630
-0.002013429837305
-0.000572997490121
0.000849430181317
0.001555452029977
0.001199885249369
-0.000086780933824
-0.001927482193182
-0.003893362058609
-0.005485765970565
-0.006141232367530
-0.005465865246376
-0.003493276878491
-0.000809833189468
0.001616467132134
0.002975406210656
0.003017906567542
0.002006500799847
0.000524355460901
-0.000725163365170
-0.001248984950222
-0.000986978708245
-0.000169161527804
0.000964167163518
0.002288854954510
0.003729311992059
0.005151084134818
0.006344798708620
0.007028094948372
0.006950672452521
0.006148587271895
0.004949200017889
0.003673521442069
0.002520007560444
0.001683305047824
0.001390203166016
0.001735005465804
0.002482361980910
0.003194941708570
0.003590454573363
0.003721088076796
0.003881416477451
0.004245330479337
0.004625822907808
0.004732983748476
0.004417371866177
0.003643445008119
0.002576422825884
0.001609426342863
0.001083157540959
0.001133389818921
0.001774280817983
0.002834060614359
0.003848588963936
0.004260566273207
0.003866288450930
0.003086171787351
0.002699521468937
0.003196445227730
0.004343064429297
0.005420475393316
0.005835110690568
0.005454637760348
0.004557167165194
0.003581426742207
0.002834077196832
0.002383920838605
0.002167617188498
0.002080803677765
0.002045767401993
0.002169858371471
0.002731260364740
0.003750235358454
0.004676911515111
0.004740602832657
0.003599322686170
0.001667449830981
-0.000196368455305
-0.001350313031505
-0.001642426042147
-0.001168143388511
-0.000007816707979
0.001700342951627
0.003517826058505
0.004759403229826
0.004930991325932
0.004163021917964
0.003147445389426
0.002506893558050
0.002279871733233
0.002119186035025
0.001771748842630
0.001172420055070
0.000321742223499
-0.000708908869208
-0.001776574693209
-0.002680911292027
-0.003155175430666
-0.003031404655959
-0.002428793198351
-0.001650791476046
-0.000963439313292
-0.000558735059739
-0.000582802445411
-0.001061744649110
-0.001855154057520
-0.002699006569914
-0.003343443421225
-0.003709844963385
-0.003848933933022
-0.003813234050670
-0.003611005229215
-0.003203951229106
-0.002638369903608
-0.002136190154731
-0.001936126406237
-0.002160168295453
-0.002803474861122
-0.003721421913448
-0.004627870986685
-0.005113468885776
-0.004770526831561
-0.003451953023823
-0.001483338058300
0.000360812807404
0.001213776461307
0.000620426705372
-0.001172032814051
-0.003286850952878
-0.004717144192289
-0.004993119918366
-0.004309847829083
-0.003129890192874
-0.001919326798036
-0.001039894538370
-0.000626840788751
-0.000525659962362
-0.000338869435717
0.000259576841120
0.001175730930877
0.001957070408768
0.002149044303937
0.001605674966109
0.000542869635999
-0.000645333338963
-0.001614354407641
-0.002191497642556
-0.002321616563480
-0.002003948042749
-0.001397810081034
-0.000863794979259
-0.000727412286750
-0.000989513829417
-0.001333001322548
-0.001487957797730
-0.001559368499498
-0.001908842537195
-0.002660534710182
-0.003380324147584
-0.003460057719712
-0.002801014550337
-0.001936809286624
-0.001488016557456
-0.001557183051635
-0.001765101867199
-0.001790715820841
-0.001641338569740
-0.001502876305538
-0.001501467072985
-0.001586429355886
-0.001602457952440
-0.001425914397763
-0.000987084751447
-0.000252244271628
0.000675961780903
0.001498035016664
0.001888012468793
0.001794906314853
0.001584250924166
0.001765155011884
0.002553155328145
0.003768343258815
0.005076248608550
0.006191557928330
0.006858775059206
0.006761007749184
0.005621610955196
0.003593444626197
0.001443271526495
0.000055089649106
-0.000202959784091
0.000463499760226
0.001637336424368
0.002999992779574
0.004381028167697
0.005576905730858
0.006242859458812
0.006102557395734
0.005228430846682
0.004043345268175
0.003035986003592
0.002479669151176
0.002415305230647
0.002811070553311
0.003607988740675
0.004607949776431
0.005494894656255
0.006036015152361
0.006205818446104
0.006202975828032
0.006307553926185
0.006537472151796
0.006598137118029
0.006280439294821
0.005620237395717
0.004667822795560
0.003407918069551
0.001932918160498
0.000572924962837
-0.000254297794898
-0.000335560602105
0.000245353197297
0.001176193253436
0.002057164341780
0.002601714018422
0.002665020317850
0.002173246483247
0.001241495467551
0.000219140914457
-0.000624736347076
-0.001310103015661
-0.001896798454963
-0.002294732733414
-0.002403144115327
-0.002137904642667
-0.001431311038975
-0.000486473831977
0.000168095775608
-0.000007094410653
-0.001206343786648
-0.003104014864224
-0.005082908439557
-0.006638958883478
-0.007469581892993
-0.007397463858942
-0.006580581750582
-0.005658379101926
-0.005246690127599
-0.005359440424542
-0.005536517534096
-0.005400931654576
-0.004995968326926
-0.004716615066136
-0.005012157991616
-0.005964137132745
-0.007114290174305
-0.007914351014407
-0.008215547384273
-0.008133390562465
-0.007687622723628
-0.006837817939258
-0.005725883460143
-0.004702439271713
-0.004129859452978
-0.004130559493139
-0.004552437710844
-0.005197499468863
-0.005881544594803
-0.006317305289519
-0.006237758009036
-0.005576546660348
-0.004461803256075
-0.003245667232535
-0.002462118079734
-0.002433688496756
-0.002913716710205
-0.003328930849279
-0.003322381202476
-0.002920911015301
-0.002342342595630
-0.001798656303184
-0.001420856928378
-0.001233531657751
-0.001160130352017
-0.001165514301837
-0.001295825090013
-0.001570096323184
-0.002116741182549
-0.003203002441392
-0.004783709995856
-0.006242193681336
-0.006769683987210
-0.005885799049207
-0.003703781937476
-0.000967839676406
0.001299072239774
0.002370129335439
0.002057183627115
0.000650984610198
-0.001228514159407
-0.002879602080181
-0.003808993053381
-0.003944690751608
-0.003578433603084
-0.003121970459723
-0.002896161995065
-0.002948533719627
-0.003083368937419
-0.003124697143219
-0.003012863244554
-0.002773641371081
-0.002551238790079
-0.002518319083128
-0.002745354907697
-0.003187065101833
-0.003601257662480
-0.003521228949790
-0.002625567188646
-0.001239671374236
-0.000278747981609
-0.000509924155269
-0.001938364607799
-0.003924000511646
-0.005624095839044
-0.006383659792518
-0.006022097514199
-0.004779029941917
-0.003101780302369
-0.001595767219550
-0.000886224385617
-0.001283859313671
-0.002584204779885
-0.004229377399144
-0.005675554338991
-0.006650749286520
-0.007135274790773
-0.007092698988383
-0.006304733812418
-0.004567715449420
-0.002064707614851
0.000435282709352
0.001847901502319
0.001376810323438
-0.000977643548800
-0.004374635137243
-0.007630073501361
-0.009708743800365
-0.009961887215433
-0.008412000081877
-0.005822197200560
-0.003242010736345
-0.001407249368537
-0.000443628287202
-0.000018564006066
0.000240225892702
0.000386510008810
0.000180451008981
-0.000529945366053
-0.001646879235966
-0.002948199206083
-0.004065051047863
-0.004518565651172
-0.004011404141243
-0.002585386493576
-0.000606729869854
0.001275529551617
0.002477208813248
0.002879285503116
0.002629258498590
0.001770294627368
0.000431945387195
-0.000831206604733
-0.001286879450008
-0.000656158513408
0.000589380159467
0.001564811880580
0.001728948559055
0.001362238145680
0.001120435717208
0.001273335429130
0.001614031526609
0.001812512569563
0.001656328444577
0.001093585177911
0.000182007590249
-0.000909545854716
-0.001901366092527
-0.002458448500866
-0.002346566358621
-0.001702579462503
-0.001019089358298
-0.000725532434368
-0.000859150398406
-0.001087576400967
-0.000963881768036
-0.000255381352334
0.000905056926811
0.002263762751248
0.003741309813993
0.005255440989050
0.006425909194089
0.006778277601799
0.006193057555658
0.005039272807038
0.003893895966762
0.003132950376573
0.002775859313362
0.002695031796852
0.002877953947872
0.003361719249510
0.003962687574205
0.004324974021274
0.004338021459325
0.004305122993346
0.004566861958733
0.005114995223098
0.005663439124196
0.006012553573576
0.006289006166199
0.006714512374641
0.007191963308135
0.007359432092834
0.006997327280557
0.006235636685821
0.005397062372316
0.004686263578736
0.004100559932755
0.003675453069165
0.003649570991026
0.004216155363684
0.005207890598835
0.006182142323022
0.006798379093584
0.007045823034669
0.007110283675007
0.007083691425111
0.006852453924801
0.006253724884326
0.005278453817740
0.004143280012292
0.003240451794511
0.002924189598765
0.003244265499518
0.003955645244653
0.004698872381007
0.005061975771513
0.004739155307738
0.003816347407505
0.002798691665008
0.002285034423716
0.002482357220990
0.003013973425151
0.003260716881357
0.002835661027012
0.001923474843993
0.001211051950667
0.001256468795062
0.002099699476364
0.003488127928718
0.005063308023578
0.006346942458220
0.006817315853385
0.006153475154452
0.004564886491557
0.002820614934143
0.001718138775056
0.001497929516522
0.001799170208741
0.002083129172690
0.002088686560718
0.001932546400356
0.001876547788421
0.002093652706111
0.002550675402925
0.003092046458924
0.003632296966298
0.004090306491602
0.004247026446585
0.003907470473510
0.003154085000619
0.002369117984047
0.002012123618486
0.002263061351676
0.002815833146191
0.003136036158470
0.002892855446522
0.002125518252611
0.001185026889028
0.000528605655018
0.000489771055890
0.001135439826922
0.002178076734661
0.003106854303722
0.003528008536818
0.003417003032618
0.003128652886651
0.003130669460025
0.003632975686139
0.004476135211071
0.005342098816166
0.005948245959580
0.006085833818429
0.005692970841182
0.004972923561866
0.004385699720547
0.004414429586622
0.005211900508564
0.006409328707405
0.007314789269138
0.007373668342827
0.006460938217392
0.004862283822879
0.003078550432581
0.001620181709973
0.000908162377501
0.001108872926078
0.002028393978116
0.003337657062726
0.004686773772448
0.005609928992779
0.005745837045370
0.005142632566125
0.004198431507097
0.003348302717164
0.002726584439192
0.002159177390044
0.001486024783877
0.000720228625797
-0.000070716406369
-0.000852308225121
-0.001491930554033
-0.001731106181223
-0.001507222159531
-0.001124150560573
-0.000984128502050
-0.001276868052462
-0.001864915475214
-0.002393154905838
-0.002663564470569
-0.002850419104603
-0.003172544157404
-0.003562541802415
-0.003800970697648
-0.003795264567507
-0.003684455655210
-0.003702602223961
-0.003919188421849
-0.004175999776714
-0.004302673927991
-0.004256382979576
-0.003977591277419
-0.003343671586006
-0.002419056153572
-0.001580421811557
-0.001335942031793
-0.001983495499823
-0.003273494484013
-0.004474950213855
-0.004890746935954
-0.004291766573312
-0.002978590696422
-0.001578359303287
-0.000780553823522
-0.001073257912000
-0.002439307567973
-0.004266953158858
-0.005696587443683
-0.006127035943206
-0.005511808335604
-0.004344013802276
-0.003338240416505
-0.002934740679961
-0.003076736631784
-0.003454785913038
-0.003801600840247
-0.003984990102198
-0.003991415304416
-0.003906897485580
-0.003870626137839
-0.003944060076672
-0.004075127462834
-0.004169857267196
-0.004141909698260
-0.003974089349102
-0.003671444234919
-0.003153383571230
-0.002339528691049
-0.001326641752431
-0.000450401495572
-0.000199195794209
-0.000926600322436
-0.002473514350145
-0.004175658729072
-0.005352499894394
-0.005681128019695
-0.005226597083475
-0.004358883526549
-0.003511951071382
-0.002933977161539
-0.002748296353348
-0.003021804773527
-0.003645965068683
-0.004404104165684
-0.005156071355396
-0.005871224662500
-0.006608262260229
-0.007376355025575
-0.007977386390146
-0.008155551338823
-0.007835819670012
-0.007160935147787
-0.006366050602126
-0.005578335110259
-0.004791661133321
-0.004124201439692
-0.003912983284706
-0.004319117472060
-0.004996407402655
-0.005400976058290
-0.005333378144076
-0.005006981833410
-0.004652639562260
-0.004249880678191
-0.003649950122187
-0.002861456520550
-0.002166956182388
-0.001868713786917
-0.001936151718593
-0.001967514376940
-0.001524116267363
-0.000550582871483
0.000572108869138
0.001366445570845
0.001566984411701
0.001163824063725
0.000303593976489
-0.000694177452232
-0.001311444668426
-0.001168921020080
-0.000399743761075
0.000505294737544
0.001108238838492
0.001267727943008
0.001126729358774
0.000874838251222
0.000601914618705
0.000385037321527
0.000374917628275
0.000712242280879
0.001318312936393
0.001848850532075
0.001925922167499
0.001434121274589
0.000672052526997
0.000151215472316
0.000138291134387
0.000484465850415
0.000926399038697
0.001356091926765
0.001769642665921
0.002153817640412
0.002457504985506
0.002648009289275
0.002775440473754
0.002816615456986
0.002497656600833
0.001543114860885
0.000116839332058
-0.001180000425161
-0.001788742509653
-0.001616834180360
-0.001032305265257
-0.000489036927342
-0.000142221969249
0.000198444123247
0.000738875433807
0.001396513198620
0.001965748293028
0.002415970802771
0.002737429280634
0.002686278214656
0.002024587993703
0.000912947806244
-0.000153317659967
-0.000760009871238
-0.000872179008996
-0.000771533837628
-0.000773287434237
-0.000963666238340
-0.001118810644513
-0.000927092007359
-0.000302828991703
0.000548439941227
0.001301850728668
0.001675144798977
0.001483460600503
0.000697268482815
-0.000486436927196
-0.001644057195692
-0.002317631413086
-0.002319268442691
-0.001836563247548
-0.001294439252265
-0.001003764353471
-0.000868109906003
-0.000640635080035
-0.000340892223322
-0.000195716716751
-0.000350822357815
-0.000747238673168
-0.001192564037686
-0.001572916230860
-0.002002453795564
-0.002623001359262
-0.003287456343818
-0.003669749030317
-0.003641336300824
-0.003382766392878
-0.003160208255981
-0.003025955652021
-0.002860665685504
-0.002702897479298
-0.002683997632557
-0.002665009023832
-0.002304734584264
-0.001456986527208
-0.000345654778766
0.000545342133896
0.000786859903865
0.000418015548313
-0.000076583372441
-0.000286330567356
-0.000209976867518
-0.000132744267350
-0.000240106579729
-0.000395416234985
-0.000308409743058
0.000170124856650
0.000876405058979
0.001491802772982
0.001811459552527
0.001725809256155
0.001163860870595
0.000204874506210
-0.000822115808922
-0.001455057689675
-0.001438731740171
-0.000934237683541
-0.000362682290998
-0.000059564890838
-0.000026816236372
0.000038700885084
0.000420716588408
0.001041310069928
0.001562837467282
0.001759148463822
0.001558079226915
0.000945444784622
0.000083427597045
-0.000654211751895
-0.000864568063499
-0.000349475785637
0.000688579791284
0.001728530076211
0.002404124110710
0.002779034908055
0.003024404351064
0.003108868543696
0.002872549734084
0.002251491496497
0.001468453600743
0.000872218669836
0.000537168238941
0.000221905475969
-0.000249026256128
-0.000665609570018
-0.000627088505910
0.000003673780780
0.000982746751610
0.001851950123894
0.002233987331345
0.002097982724082
0.001593044262097
0.000808414242845
-0.000083721519315
-0.000757313561612
-0.000926852669628
-0.000557528831477
0.000014720691870
0.000304797397732
0.000120511808890
-0.000340554719706
-0.000775578947946
-0.001032759840913
-0.001094004847065
-0.000956941972747
-0.000673646840073
-0.000376051629303
-0.000199337232268
-0.000247893868633
-0.000428445615202
-0.000304696091036
0.000473959511428
0.001567882346844
0.002087855748976
0.001372838078783
-0.000476902142681
-0.002698607748959
-0.004342165484188
-0.004819489719869
-0.004167700619939
-0.002836040066851
-0.001357499313777
-0.000212488970596
0.000238133495367
-0.000064992372893
-0.000746794425752
-0.001258016855545
-0.001351835723807
-0.001267453904385
-0.001393257596576
-0.001752251233396
-0.002060983829402
-0.002226915259329
-0.002387582585686
-0.002573046289080
-0.002604710926208
-0.002259231724082
-0.001536652223712
-0.000781439186214
-0.000373064717807
-0.000288665401782
-0.000142426443176
0.000323980232713
0.000936195294516
0.001302726809296
0.001196257305468
0.000672808394867
-0.000039916840029
-0.000703701256683
-0.001157439067440
-0.001235814306347
-0.000777805584759
0.000101611393294
0.000907068663929
0.001088564831260
0.000460589163934
-0.000656805850959
-0.001655045048939
-0.002133663343994
-0.002246246128808
-0.002415447896020
-0.002835551784568
-0.003373168296355
-0.003701660514068
-0.003475488701827
-0.002561197403769
-0.001106075590231
0.000633113402807
0.002387660101069
0.003803348802347
0.004550489851812
0.004634944733770
0.004378016698658
0.003993349017776
0.003362399516092
0.002335801642610
0.001165063550988
0.000419402142071
0.000425636093618
0.001022457763223
0.001844947566220
0.002598908253237
0.003153126520925
0.003515153086505
0.003699206761729
0.003695118981337
0.003558840740063
0.003403211094624
0.003250174578073
0.002929286960056
0.002275595042577
0.001470995270282
0.000965120310450
0.001029700533045
0.001564335368411
0.002287127337989
0.003005029757730
0.003687639022130
0.004333938886819
0.004863793540877
0.005117618692945
0.004938646357240
0.004302332298509
0.003371716253078
0.002431095830689
0.001718434002663
0.001284711754982
0.000988322942849
0.000565640834795
-0.000168775157540
-0.001057452949071
-0.001548213477767
-0.001009982200774
0.000738171785636
0.003162958237492
0.005231384201721
0.005986101499572
0.005192080574825
0.003455734953335
0.001691487892671
0.000545972798335
0.000190827134673
0.000405508672584
0.000821012227459
0.001194803279664
0.001529617047068
0.002025790964763
0.002901623118598
0.004071829287519
0.005010187068432
0.005106738483128
0.004210502165936
0.002832523875319
0.001729157728386
0.001212772119892
0.000967268977827
0.000487759527136
-0.000386030207430
-0.001343989152862
-0.001894721328078
-0.001675763622757
-0.000628408060461
0.001036545877073
0.002975545792386
0.004694267992340
0.005616895262853
0.005413752151821
0.004244165709884
0.002632696007089
0.001081811180613
-0.000175550071323
-0.001009825299361
-0.001136038278069
-0.000293343578827
0.001334176726115
0.003091076142673
0.004235848910428
0.004372438300394
0.003710499736712
0.002878030665179
0.002400857995828
0.002446940539356
0.002912727919750
0.003543913244194
0.004023661398482
0.004074774954733
0.003584832483452
0.002669944906160
0.001621266433356
0.000737538535835
0.000129413094910
-0.000292605579158
-0.000577062072858
-0.000520887735883
0.000093635643297
0.001074682777458
0.001917577183077
0.002234415808878
0.001919557587966
0.001121190764259
0.000158684533605
-0.000665857140691
-0.001172764967625
-0.001245542368813
-0.000860780224834
-0.000190214246141
0.000499156002704
0.001002874224079
0.001210689494967
0.001127512572752
0.000848654206891
0.000443767868568
-0.000108551877847
-0.000808803445367
-0.001497368018756
-0.001947218005046
-0.002070976623637
-0.001936208756847
-0.001588572228666
-0.001018967297174
-0.000363036247601
0.000026536953468
-0.000197625456147
-0.001106333423357
-0.002439455272504
-0.003741311741314
-0.004536868047957
-0.004525471305778
-0.003731231051650
-0.002504398908069
-0.001381660371715
-0.000854760458541
-0.001120888126692
-0.001985932470473
-0.003021491403277
-0.003819964986060
-0.004223157996795
-0.004414934531290
-0.004600492152127
-0.004640257469870
-0.004342015280124
-0.003910048214909
-0.003698023861579
-0.003750852972851
-0.003940529785266
-0.004376852954818
-0.005404356404801
-0.007139468511899
-0.009143481174229
-0.010705360811212
-0.011325333553186
-0.010899163431176
-0.009707058144472
-0.008284783317258
-0.007160492382251
-0.006643760953003
-0.006800460195066
-0.007520587568762
-0.008529675450907
-0.009434131721087
-0.009971771654978
-0.010179350676831
-0.010184434777239
-0.009952392422573
-0.009296382231653
-0.008047040963337
-0.006264661414994
-0.004379792892800
-0.003049953940859
-0.002766308883895
-0.003563161858906
-0.005014300942877
-0.006497461193384
-0.007543260504253
-0.007897144102750
-0.007434416060030
-0.006255148723588
-0.004650980505500
-0.002883879776565
-0.001119779735146
0.000525600348012
0.001868900087034
0.002552958528456
0.002223888125257
0.000905336844477
-0.000808831221041
-0.002122320171804
-0.002707089231732
-0.002839425869207
-0.002899934707382
-0.002911643281509
-0.002612310449916
-0.001886976550241
-0.000936700498471
-0.000080126108138
0.000427328794646
0.000516616338596
0.000313794066173
-0.000102870076727
-0.000738534168291
-0.001372305058071
-0.001627020008224
-0.001424650818196
-0.001077330532637
-0.000905239724164
-0.000811721876727
-0.000379739056894
0.000517272080262
0.001531256313879
0.002310008828087
0.002827072867602
0.003226527722011
0.003490722063044
0.003362750974660
0.002653776290604
0.001557531442506
0.000540556084526
-0.000074857530675
-0.000302235690882
-0.000279942716383
-0.000039702959967
0.000473405717313
0.001234349931768
0.002076767621127
0.002888687897874
0.003743839480063
0.004651708546695
0.005342424411512
0.005508333794862
0.005120389328323
0.004405461886592
0.003684949345343
0.003247947792261
0.003253272425524
0.003691929105594
0.004376562515025
0.005058689055054
0.005613254152531
0.006017040867234
0.006249314902088
0.006283524530835
0.006106930864981
0.005748406636070
0.005240781923187
0.004587686596148
0.003845890808870
0.003185905001106
0.002887837469057
0.003266930667629
0.004370578524273
0.005718388997333
0.006723808720767
0.007350629088132
0.007941211384087
0.008607229402943
0.009126268116281
0.009233439237111
0.008839272452368
0.008098064150037
0.007348460881115
0.006837501390631
0.006516257008891
0.006224417869780
0.005904710421794
0.005568781087584
0.005267951655919
0.005139798081535
0.005341713629700
0.005910692246735
0.006650259517384
0.007117779861387
0.006885269418032
0.005916068547322
0.004644501953764
0.003682971803712
0.003398181846388
0.003692553088975
0.004207283911954
0.004721331358821
0.005288320347379
0.005961270728002
0.006569487422953
0.006987544057294
0.007292859960985
0.007414383988085
0.007036646289745
0.005986078148704
0.004478702284214
0.002937608608872
0.001672951429426
0.000776987588593
0.000227498077864
0.000088102730568
0.000551791222934
0.001632586605982
0.002961767959696
0.004093982449829
0.004899214921629
0.005512935224557
0.006020455948701
0.006323464428715
0.006283480954016
0.005978340773487
0.005730642079714
0.005748875717164
0.005851736575164
0.005697779685635
0.005205976681519
0.004570029557065
0.003957584941279
0.003447935028122
0.003100789786504
0.002905244038982
0.002812612495083
0.002784636726263
0.002672139827482
0.002228621454629
0.001433835460194
0.000652396405751
0.000352855626645
0.000744357849875
0.001670836136756
0.002781876337770
0.003818208105084
0.004730056833453
0.005466488998285
0.005798549845983
0.005557216477163
0.004930841738429
0.004325758604113
0.003966133147137
0.003664758703339
0.002965398839345
0.001671396703869
0.000243934459931
-0.000543605448640
-0.000320842119483
0.000659306917216
0.001883858793899
0.002928342735675
0.003541319812506
0.003633680812096
0.003310187685196
0.002929688031617
0.002938019136207
0.003453252148367
0.004071377874664
0.004205456525713
0.003642358770984
0.002695775565832
0.001862989351051
0.001503442210469
0.001723411889349
0.002336219307668
0.003039464835696
0.003600906501458
0.003782537226170
0.003367026752148
0.002396531374255
0.001262011117649
0.000402650046019
-0.000083315625449
-0.000388729714409
-0.000658864200984
-0.000791519359870
-0.000524652462247
0.000248944808952
0.001286905382008
0.002182349968810
0.002685992858720
0.002761600830132
0.002470673759110
0.001964532369741
0.001497693974053
0.001367224849593
0.001763351953299
0.002581690866315
0.003401302314290
0.003721567823432
0.003264503843137
0.002085537970070
0.000529285925372
-0.000948205101531
-0.002068118480674
-0.002786596235192
-0.003128677067553
-0.003166652772979
-0.003125180456287
-0.003270587815103
-0.003603131487827
-0.003853943835890
-0.003783253570956
-0.003305526339844
-0.002479146005624
-0.001545005471155
-0.000902287575332
-0.000866917994664
-0.001341448896027
-0.001909147405475
-0.002322494835507
-0.002650734963349
-0.003001460909206
-0.003425302604915
-0.003994193532801
-0.004594382377600
-0.004791676216281
-0.004281765082184
-0.003312963446800
-0.002394718992801
-0.001815827066456
-0.001658745003887
-0.001943459312789
-0.002570490157635
-0.003397827882291
-0.004387345761163
-0.005507532940053
-0.006508100064869
-0.006975031743726
-0.006703378336625
-0.005812673340321
-0.004560494274579
-0.003295893860122
-0.002399845140988
-0.002104019315149
-0.002433828989232
-0.003176577834338
-0.003862533476019
-0.004050456312072
-0.003694291092058
-0.003056816265660
-0.002358226843966
-0.001743285260990
-0.001419540119055
-0.001583098990043
-0.002277849530940
-0.003268224595801
-0.004042114610982
-0.004186934020029
-0.003684120368510
-0.002703627177643
-0.001379781106595
0.000108631136659
0.001482313116685
0.002444913121226
0.002681592748550
0.001951577670457
0.000468920544479
-0.001098240805392
-0.002274248475041
-0.003040961875746
-0.003463532525139
-0.003570351395867
-0.003507019747683
-0.003437353785139
-0.003443436636991
-0.003682220065482
-0.004327522227677
-0.005245894655921
-0.006005568055669
-0.006175032737001
-0.005538139807091
-0.004236449732370
-0.002767746087231
-0.001702178449849
-0.001331567718192
-0.001583011585459
-0.002129424044049
-0.002536994998741
-0.002540699226031
-0.002297703960006
-0.002213991320744
-0.002467732361844
-0.002908856460781
-0.003410590439623
-0.004005503009616
-0.004649696883636
-0.005076415764804
-0.004964887548711
-0.004230808866128
-0.003177014760109
-0.002336077936322
-0.002024585681159
-0.002149698941939
-0.002525743186686
-0.003069672492013
-0.003691464731108
-0.004239156696446
-0.004547031136204
-0.004567092300494
-0.004458039756098
-0.004420088290421
-0.004398443529877
-0.004137163397647
-0.003640831376492
-0.003275304344013
-0.003296725937547
-0.003592038268590
-0.003862066308432
-0.003797126007347
-0.003278785257132
-0.002636343278629
-0.002387340771884
-0.002632620089092
-0.003017578028624
-0.003197647941434
-0.003107252720243
-0.002882459420957
-0.002638404113349
-0.002359196266787
-0.002063544734634
-0.001962374693091
-0.002259684404784
-0.002802735139257
-0.003017488578226
-0.002340198727406
-0.000845606752319
0.000731490481351
0.001656543338311
0.001664000083481
0.000910054544480
-0.000280272588377
-0.001612542864329
-0.002758192505234
-0.003325320348758
-0.003206234274264
-0.002702758916517
-0.002178937718588
-0.001810624104379
-0.001508834276263
-0.001010791102841
-0.000304609170275
0.000162886852958
-0.000031885971713
-0.000795189844350
-0.001649904096239
-0.002142595977626
-0.002130662857221
-0.001846097870084
-0.001638124924139
-0.001638292980335
-0.001763045003556
-0.001973328729750
-0.002292137456776
-0.002587778326116
-0.002641327675733
-0.002435547734615
-0.002199356392024
-0.002176409882178
-0.002383002770416
-0.002635244249651
-0.002860108498376
-0.003280313165024
-0.004118018016743
-0.005139887970734
-0.005784093773098
-0.005717415358463
-0.004991115546184
-0.003836894630196
-0.002591304862415
-0.001680960852754
-0.001488088312489
-0.002160214637925
-0.003443286090643
-0.004702134080670
-0.005351739439260
-0.005345436214561
-0.005064866794515
-0.004865968290442
-0.004862187009880
-0.004866868031199
-0.004542613020197
-0.003861160123715
-0.003303570313147
-0.003391488239147
-0.004112527719951
-0.004941785328921
-0.005282067951201
-0.004853074095673
-0.003895499181785
-0.003055101842940
-0.002964370375130
-0.003850058423819
-0.005413984953231
-0.006966592048731
-0.007702456230860
-0.007119784825110
-0.005424345505052
-0.003457545534899
-0.002088446754304
-0.001656184790178
-0.001898103617728
-0.002325467423220
-0.002726995770999
-0.003294688920033
-0.004306874753485
-0.005843020704278
-0.007720339249743
-0.009510734133074
-0.010594623509644
-0.010379332923620
-0.008764342887224
-0.006442521073455
-0.004533978799438
-0.003810412958200
-0.004175196255406
-0.004810468255583
-0.004931172883386
-0.004458221466142
-0.003905237160536
-0.003712112803473
-0.003849251289797
-0.004034169925803
-0.004182925009044
-0.004452982238165
-0.004871046131507
-0.005213325159145
-0.005245927453885
-0.004923023534637
-0.004361019580685
-0.003632250638659
-0.002721268015721
-0.001784659655789
-0.001235904640226
-0.001388985940057
-0.002089870568043
-0.002814579638732
-0.003105885272569
-0.002859806181317
-0.002275337545303
-0.001602135915814
-0.000911254669991
-0.000095426364876
0.000879192503879
0.001772128691328
0.002275951017615
0.002304613476128
0.001926445498251
0.001271118311101
0.000563809923007
0.000097557762787
0.000168281345971
0.000873004497104
0.001865636934029
0.002470179259005
0.002234578960827
0.001409272635036
0.000681480778743
0.000514333088708
0.000900258330103
0.001542124908403
0.002165798523837
0.002666863832798
0.003007493128334
0.003111729065782
0.002912599458470
0.002529278539327
0.002252725084849
0.002255865695430
0.002452731125600
0.002654207397598
0.002802094706547
0.002972975945095
0.003133571707867
0.003100199718636
0.002809887877639
0.002434945928743
0.002205842804961
0.002243067887315
0.002461352890268
0.002609983774622
0.002595993699180
0.002645451546348
0.002956018695195
0.003397085124791
0.003711104181414
0.003863175806547
0.003985404850032
0.004034396823582
0.003755041882931
0.002979300606910
0.001896643537290
0.001051899738610
0.000968431312892
0.001743186083683
0.003033965235013
0.004366651244805
0.005434504501390
0.006153236783143
0.006542829546971
0.006648608563477
0.006545781407821
0.006373153007176
0.006294080303690
0.006383613196869
0.006587167290726
0.006748826906321
0.006676507717552
0.006249177141183
0.005461172008092
0.004416172979271
0.003372471471701
0.002782647165746
0.003124835162531
0.004480602466990
0.006371710534727
0.008199361398408
0.009602872685815
0.010314062104070
0.010153935363592
0.009250305867008
0.007912187882455
0.006448406196770
0.005227331887632
0.004522941673082
0.004227943317715
0.004037577943423
0.003895458847006
0.004000730691422
0.004476445096657
0.005208918764157
0.005911618052650
0.006342704050146
0.006471502351304
0.006360218209315
0.005994325528515
0.005313474852644
0.004441485645811
0.003783534301602
0.003662471965637
0.004021968169671
0.004577324534810
0.005006990131490
0.005078102986969
0.004775458546341
0.004319672800397
0.004056260976124
0.004254410344775
0.004925982887423
0.005805663902651
0.006449657400111
0.006392068539056
0.005525875019500
0.004388340055500
0.003746336933075
0.003931194173334
0.004644473520799
0.005263708624771
0.005324266777510
0.004727390090146
0.003670844584887
0.002488426756693
0.001428780766776
0.000680193490180
0.000532958847985
0.001094406818727
0.001885299848081
0.002150765994270
0.001558065785583
0.000379790353542
-0.000832983304064
-0.001604905870098
-0.001715296931821
-0.001209018784380
-0.000309635478097
0.000698313201404
0.001544227361222
0.002018223473681
0.002027793956012
0.001603915684010
0.000883742931804
0.000091454572376
-0.000526243880929
-0.000767708517718
-0.000583140954310
-0.000152498085704
0.000268798288169
0.000551968647105
0.000731136336843
0.000933574735431
0.001233458726045
0.001551312571780
0.001680143997785
0.001463431377176
0.001044716101510
0.000764217569645
0.000716153814982
0.000617279043815
0.000208287783135
-0.000402150601963
-0.000889676185798
-0.001008499391935
-0.000768289683508
-0.000477233861969
-0.000418077114886
-0.000519598058151
-0.000575059486587
-0.000533977214237
-0.000402649474411
-0.000134568660234
0.000226249629138
0.000387686563148
-0.000054930219110
-0.001214875537344
-0.002669299121118
-0.003656850554318
-0.003595805554889
-0.002601718517985
-0.001466980156262
-0.000963477969932
-0.001317563395937
-0.002337071826346
-0.003586239659517
-0.004508153687370
-0.004853938273773
-0.004883330981659
-0.004956620423323
-0.005207914427944
-0.005597299998869
-0.005910104022522
-0.005807404259033
-0.005162757299157
-0.004190824947695
-0.003210423345565
-0.002523879498058
-0.002338310861374
-0.002563237649114
-0.002900194467650
-0.003141374609181
-0.003147834768504
-0.002722360204705
-0.001835883008363
-0.000852157760805
-0.000228927151047
-0.000074130357638
-0.000155622195148
-0.000206109560459
-0.000180474710075
-0.000307489990149
-0.000806367545789
-0.001551812235999
-0.002151501888048
-0.002325995431811
-0.002030988031018
-0.001272084290116
-0.000125394779776
0.001128388467440
0.002177715889395
0.002892265608632
0.003318276853826
0.003625626151140
0.003972031920225
0.004333081915702
0.004617923670279
0.004858531309650
0.005071172403847
0.005159178525587
0.005042036070196
0.004599302941089
0.003642114395621
0.002253265790296
0.000955867578306
0.000286026447506
0.000373052225522
0.001042030801870
0.002059448101048
0.003224223671764
0.004393429576762
0.005402605031369
0.005994385847869
0.006096092858972
0.006058875613682
0.006212559607051
0.006400904200784
0.006243794780843
0.005605686127897
0.004717996217462
0.003916119923296
0.003311470043971
0.002823391429896
0.002428783587138
0.002277635475196
0.002563852288504
0.003292083260821
0.004245490403743
0.005126372755813
0.005720400816108
0.006034481205475
0.006146519492339
0.005890539198111
0.005018316251269
0.003712503316409
0.002546227250260
0.001888213479706
0.001669418750460
0.001630346002601
0.001494739956755
0.001084938762596
0.000474960696366
-0.000148433243391
-0.000730920309207
-0.001217479917810
-0.001403105933475
-0.001145988733950
-0.000569711828914
-0.000022304740449
0.000153551793590
-0.000104641143891
-0.000571424945236
-0.001024464444534
-0.001441839217043
-0.001837450938068
-0.002092876451896
-0.002154510803800
-0.002224828525422
-0.002584524719247
-0.003260917627842
-0.003933364591464
-0.004265574362725
-0.004248051261177
-0.004072617780719
-0.003873515419483
-0.003684468036000
-0.003474219927903
-0.003201968579436
-0.002904416930780
-0.002747451037460
-0.002869070862318
-0.003155304903882
-0.003386060744423
-0.003510315901286
-0.003582522743517
-0.003538706473813
-0.003221885669458
-0.002668104271252
-0.002193381640469
-0.002073005647075
-0.002220635299645
-0.002261948060307
-0.001856089696760
-0.000966362708816
0.000053995519789
0.000761529697985
0.001001728081884
0.000783237023896
0.000077884442702
-0.000916883924849
-0.001673392187428
-0.001823932555340
-0.001539553291734
-0.001333594397069
-0.001656463777348
-0.002522397078428
-0.003389684909022
-0.003644574945928
-0.003219324702279
-0.002505015527501
-0.001762039426562
-0.000912177769157
0.000091811642615
0.000980476946719
0.001343162713300
0.000984020994887
0.000179076639187
-0.000487464220116
-0.000699920193700
-0.000589382361092
-0.000354520383107
-0.000142966446675
-0.000152160487238
-0.000464790111967
-0.001022649266602
-0.001771774526796
-0.002481342664510
-0.002723335429128
-0.002365531394572
-0.001716773145079
-0.001085213130833
-0.000599772683672
-0.000372110471473
-0.000436250773716
-0.000735804879339
-0.001254758872445
-0.001724839595345
-0.001521234233687
-0.000370059657615
0.001209991670887
0.002354863895397
0.002507893976194
0.001730691650294
0.000592694610490
-0.000221272024482
-0.000305325400983
0.000359552258216
0.001547965575044
0.002831571597171
0.003545405971165
0.003186480413828
0.002023315193580
0.000895604656989
0.000353754673400
0.000306205737586
0.000346234824795
0.000214798259750
-0.000009055150864
-0.000206347637521
-0.000478899304991
-0.000829053680443
-0.000893416721026
-0.000352256318904
0.000673243092715
0.001849847021537
0.002846483497771
0.003271371441417
0.002879468421899
0.001774032148387
0.000232035285551
-0.001426961134992
-0.002836704792266
-0.003672587567472
-0.003783574426490
-0.003234750980992
-0.002255731305901
-0.001150132454825
-0.000108285406979
0.000903514035917
0.001966159602346
0.003043919788114
0.003988082251050
0.004588306233959
0.004703044815377
0.004340884346790
0.003551519514998
0.002340909254184
0.000841097513781
-0.000568749347079
-0.001551139069130
-0.002035863822864
-0.001990172994551
-0.001282517405542
0.000076219757063
0.001756242506849
0.003262679205389
0.004235163335695
0.004586837039163
0.004434391263633
0.003937369890093
0.003113839770984
0.001886877642158
0.000447798071825
-0.000683740334392
-0.001176963808286
-0.001166453532384
-0.000891356597595
-0.000361664375952
0.000542274250196
0.001801562155923
0.003137679022453
0.004132985554459
0.004480912322587
0.004129345893521
0.003214998026269
0.001945794937067
0.000562323910214
-0.000692557110756
-0.001659021809697
-0.002319958196207
-0.002752766277218
-0.002998732390885
-0.002942517314906
-0.002403196588310
-0.001434132475417
-0.000327351921140
0.000715354657082
0.001615505990211
0.002269759792466
0.002623413514967
0.002587862886438
0.001845633029888
0.000156037564864
-0.002162763653004
-0.004363812072832
-0.005834230269264
-0.006357236888408
-0.005989146248564
-0.004873504727101
-0.003157067193345
-0.001164631988250
0.000492818279595
0.001344786169152
0.001478008094335
0.001299686748682
0.001054596751819
0.000681122585255
-0.000032440870959
-0.001128278441278
-0.002212363469243
-0.002784343042646
-0.002851339307571
-0.002858509797308
-0.003087083130499
-0.003367159743014
-0.003321448489976
-0.002732669284540
-0.001667284560660
-0.000341282765900
0.001003162966496
0.001997386757551
0.002158153045875
0.001277991239658
-0.000329982680710
-0.002102807851477
-0.003543934813161
-0.004303288531123
-0.004287990836590
-0.003656729332073
-0.002581192922511
-0.001222378621947
0.000106133424892
0.000995611037121
0.001184630516313
0.000711003903869
-0.000179279003253
-0.001212612568260
-0.002164288645159
-0.002918017227826
-0.003520953042166
-0.004073896449342
-0.004537194712213
-0.004715772164593
-0.004362431239440
-0.003234952418824
-0.001323034716720
0.000845805838028
0.002404980763647
0.002776494442256
0.002015130342711
0.000594944916082
-0.001034549921259
-0.002697536942109
-0.004343049877922
-0.005709209932150
-0.006320406633052
-0.005819027118093
-0.004179822257200
-0.001810498102200
0.000539854347364
0.002243107637989
0.003051550829926
0.002872863491345
0.001699689545774
-0.000123276345657
-0.001920718651073
-0.003114442257224
-0.003489543980594
-0.003160200915765
-0.002421693983837
-0.001551469268760
-0.000755858578275
-0.000258406612343
-0.000197567544560
-0.000429802310153
-0.000618170062927
-0.000462011570130
0.000155592756031
0.001080188468626
0.001961943408901
0.002448979248827
0.002390038642880
0.001962998689475
0.001503948196896
0.001179430473417
0.000914954794248
0.000610696859093
0.000324668240818
0.000230847515457
0.000482373727792
0.001136996742453
0.002096893884466
0.003079825476977
0.003762990493840
0.003988030366767
0.003846250950886
0.003523585527018
0.002968718118069
0.001936877812055
0.000451644039357
-0.001009663150009
-0.001759399468160
-0.001296853519843
0.000308283827776
0.002384975046839
0.004121863722736
0.005002036598825
0.004885696936616
0.004051874778935
0.003164700266896
0.002874510889646
0.003412432630314
0.004511218665518
0.005436893471198
0.005283448021318
0.003697600077832
0.001257504776791
-0.000996006868266
-0.002235466986910
-0.002144930259743
-0.000929983341079
0.000835514778919
0.002547312278715
0.003850416242278
0.004665082954477
0.005126668131538
0.005475620026060
0.005782078367733
0.005706125525397
0.004674573163916
0.002459539327531
-0.000387992495926
-0.002771287628659
-0.003827798429488
-0.003497873404392
-0.002311499838882
-0.000808937469046
0.000746889658199
0.002404641164020
0.004348905177773
0.006514962217945
0.008491493177919
0.009763992201443
0.009862386122263
0.008525154296811
0.005999052741409
0.003095186191174
0.000755195198922
-0.000569321031650
-0.001048241208023
-0.001057776408445
-0.000784947303669
-0.000082886827592
0.001265953658387
0.003002256247990
0.004336087419628
0.004639709342179
0.003980602551453
0.002829129235587
0.001638690716907
0.000806916516134
0.000592852524375
0.001017958573790
0.001867886801409
0.002649974761190
0.002844854874901
0.002405483610883
0.001756745106178
0.001252293764377
0.000868088059562
0.000374904724193
-0.000450560494541
-0.001595674344029
-0.002612946027285
-0.002990231260952
-0.002649682291553
-0.001783485629250
-0.000642031322541
0.000283996258753
0.000408416934933
-0.000470653356450
-0.002002088336933
-0.003445148633987
-0.004086961189071
-0.003785062078395
-0.003058119450399
-0.002554404051568
-0.002512245696593
-0.002766225493149
-0.003108047303313
-0.003490272054633
-0.003978114192569
-0.004611293477672
-0.005280881950014
-0.005825543031163
-0.006330864038407
-0.007097896268200
-0.008209212253782
-0.009380063142852
-0.010243063330108
-0.010598987113164
-0.010463152688233
-0.009955375308278
-0.009125736657492
-0.007964379190037
-0.006663012167927
-0.005687980148195
-0.005363625113816
-0.005548569406479
-0.005893415211211
-0.006204497240219
-0.006526530413309
-0.006997879669302
-0.007536613509963
-0.007801461099849
-0.007644970352417
-0.007358908361875
-0.007338589799063
-0.007739256863391
-0.008487659474286
-0.009376931679862
-0.010157341337384
-0.010698974527700
-0.010969894332282
-0.010843467944713
-0.010190474861012
-0.009207086097583
-0.008367327149912
-0.007888257563162
-0.007476263536968
-0.006802847440822
-0.005941470653576
-0.005210486680793
-0.004885612283241
-0.005014234527732
-0.005412475615125
-0.005940714177404
-0.006565740442108
-0.007107929238150
-0.007201828217165
-0.006571810091278
-0.005353040048389
-0.004136794447732
-0.003562850776161
-0.003845382820883
-0.004666491547834
-0.005400947288386
-0.005552502805496
-0.005039114239604
-0.004038179079607
-0.002816318682721
-0.001709394967067
-0.000970090938085
-0.000619625737936
-0.000442159721639
-0.000123557223896
0.000396817969219
0.000796894717947
0.000796333719043
0.000503823123048
0.000226641549405
0.000156551096162
0.000229721588111
0.000152663507253
-0.000355145570628
-0.001310890759477
-0.002465651590882
-0.003492291298108
-0.004098914854951
-0.004003121194071
-0.003127296069556
-0.001885171175266
-0.000997813638265
-0.000950276311326
-0.001579956741100
-0.002122374563833
-0.001734024659338
-0.000050864518300
0.002598029515909
0.005297993496402
0.006997373702781
0.007126364470472
0.005852490237496
0.003908537623855
0.002239097798721
0.001501979002800
0.001678534584288
0.002180135363216
0.002357307851490
0.001970689092554
0.001302695655284
0.000806450383166
0.000683619922355
0.000885857001806
0.001301817438339
0.001813788705128
0.002323816010158
0.002714218340951
0.002752778465305
0.002278452386106
0.001517415111587
0.000858244302354
0.000415583446681
0.000194729425588
0.000365643318931
0.001018024646009
0.001947961338754
0.002843933312114
0.003457309674845
0.003735734774323
0.003999719469499
0.004625977271379
0.005513736702131
0.006226175738724
0.006383046065395
0.005768411029357
0.004486614005493
0.002915735040241
0.001315596206611
-0.000150209581268
-0.001082261743569
-0.001072896298460
-0.000164941393844
0.001206547828283
0.002511845279992
0.003393823392842
0.003902975206290
0.004333897730946
0.004770921767571
0.005046405692378
0.005193361521688
0.005579593128986
0.006383842211206
0.007258201385915
0.007667651104291
0.007338795960918
0.006360395070837
0.005046370905006
0.003810917600452
0.002986825085362
0.002577980167406
0.002340122075538
0.002080937533291
0.001759729051988
0.001452695767465
0.001319730169918
0.001541619441215
0.002177171931631
0.003030525421219
0.003705711303057
0.003858777978925
0.003446025172800
0.002706188341438
0.001973715427655
0.001585877989773
0.001808724891272
0.002694405682135
0.003992947232801
0.005204278252659
0.005739652185252
0.005220841498398
0.003851758655922
0.002325363385638
0.001215892131271
0.000701758028423
0.000713082131119
0.001046232521096
0.001530867305191
0.002078458992290
0.002443894071578
0.002263478033996
0.001515485922910
0.000632931986720
0.000034542523476
-0.000215034414333
-0.000345235737762
-0.000594174290125
-0.000827739151100
-0.000611494119624
0.000224506248629
0.001360039926883
0.002311551980410
0.002848907010467
0.003136595142088
0.003467588301961
0.003865696551555
0.004005744749197
0.003557578276426
0.002567486089932
0.001432569296157
0.000554925116534
0.000128799105074
0.000233719055556
0.000892751021466
0.001907248601054
0.002869718481844
0.003503241936766
0.003873824577731
0.004232149557090
0.004706155675849
0.005133871431046
0.005217373920346
0.004877890934621
0.004311203694326
0.003645437586678
0.002860110363451
0.002076418142387
0.001554345954774
0.001440795754171
0.001707371740104
0.002147475712400
0.002483678738606
0.002653643804572
0.002766836299204
0.002812376321088
0.002690188364045
0.002388644471170
0.001998510466092
0.001622666413055
0.001200802215999
0.000448313119548
-0.000872994923468
-0.002609915327297
-0.004206002687000
-0.005059768862953
-0.004909044459423
-0.003938300720762
-0.002592789546376
-0.001301287371416
-0.000275017721163
0.000549132373094
0.001281597768501
0.001859253907812
0.002195460149525
0.002302507464728
0.002177745123169
0.001734477786215
0.000875835631694
-0.000332312908390
-0.001560118285165
-0.002312669417463
-0.002194176265834
-0.001153960106311
0.000513517442916
0.002268545681207
0.003415731789854
0.003517038910460
0.002855258632031
0.002136939357696
0.001814806413181
0.001893701172550
0.002020729019507
0.001706552968135
0.000832075265055
-0.000119093254380
-0.000517837654371
-0.000172399834143
0.000639938413553
0.001571520464679
0.002483172930123
0.003391604331128
0.004184402631738
0.004522389237230
0.004249232909215
0.003672853282036
0.003211659287903
0.003011996515048
0.002960896386767
0.002887843351042
0.002738997300730
0.002471711899082
0.001837140041140
0.000628499886419
-0.000890402794995
-0.002163869492162
-0.002864773714291
-0.003049893043009
-0.002929517911210
-0.002559774262732
-0.001816067332748
-0.000694727222084
0.000499734308311
0.001263470337372
0.001205981042357
0.000416245332170
-0.000550260866697
-0.001125359487877
-0.001123817891258
-0.000786390991777
-0.000534106013274
-0.000652044340138
-0.001092343365394
-0.001551476691086
-0.001755297820311
-0.001593211219597
-0.001134357513104
-0.000683293483352
-0.000618040478769
-0.001018926459011
-0.001520087958745
-0.001588155919183
-0.000985358681616
0.000005015375024
0.000813949357790
0.001085219524716
0.000951898218789
0.000807855091168
0.000918105244173
0.001303557252150
0.001765167085115
0.001970150581382
0.001701410420226
0.001008003108905
0.000156602356122
-0.000466128587165
-0.000515608342642
0.000142294799831
0.001361167636249
0.002748341242143
0.003855533995943
0.004469140654190
0.004656241777467
0.004499178697551
0.003927892522728
0.002810530034108
0.001165586665935
-0.000672911024725
-0.002141705594771
-0.002802092785804
-0.002599281087099
-0.001741214011430
-0.000591272244175
0.000344513669597
0.000741443493719
0.000646283065163
0.000283747444971
-0.000075614005183
-0.000260874119070
-0.000312605012454
-0.000329917316518
-0.000350771318083
-0.000411747599908
-0.000591003563615
-0.000984418584528
-0.001622136874189
-0.002295698497001
-0.002671439774558
-0.002816303721746
-0.003188867238917
-0.003893592406459
-0.004461577623624
-0.004469089191796
-0.003923555837271
-0.003085221951242
-0.002276591257387
-0.001741842368165
-0.001490235832741
-0.001372337233036
-0.001290279588276
-0.001238985682395
-0.001160074615014
-0.000909085144736
-0.000474477401628
-0.000048216047936
0.000202985130860
0.000290715329116
0.000357285848214
0.000569710022166
0.000958777855532
0.001268061853240
0.001092704744492
0.000242307775504
-0.001138291346848
-0.002720169761962
-0.004122588388924
-0.005004972621750
-0.005103124484150
-0.004307291041376
-0.002872829084764
-0.001308983401824
0.000011474931908
0.000893255830438
0.001221510657904
0.001009584021925
0.000323163644458
-0.000687143893369
-0.001562924312539
-0.001765368552675
-0.001231364540375
-0.000385562759611
0.000394242862712
0.001043972081971
0.001565634118319
0.001831477228703
0.001694562883967
0.001142013410597
0.000370719687932
-0.000329906246409
-0.000872223959633
-0.001417791918996
-0.002047940974274
-0.002538802786223
-0.002614174289663
-0.002298065820409
-0.001852183962995
-0.001452950260936
-0.001018712821740
-0.000452136368598
0.000076004657270
0.000377962483352
0.000472030712465
0.000417092989004
0.000270394858029
0.000073543256576
-0.000214604639897
-0.000609100487861
-0.000990148560489
-0.001155299785875
-0.001068682039157
-0.001086229657572
-0.001695228160731
-0.002976931892890
-0.004520899612361
-0.005812050419387
-0.006500962654432
-0.006542000045996
-0.006291899532187
-0.006118956285158
-0.005875108610103
-0.005095749110851
-0.003576230901456
-0.001535833152697
0.000547197222297
0.002106146675398
0.002722437378132
0.002291624059650
0.000963331379397
-0.000852840949600
-0.002580643907388
-0.003918231485216
-0.004934905175885
-0.005626505724492
-0.005754272961411
-0.005194934042017
-0.004298378329918
-0.003790509166054
-0.004124789956321
-0.004967721906197
-0.005610678619333
-0.005821406617752
-0.005989300735667
-0.006469149614837
-0.006976328296728
-0.006748237083758
-0.005375402822703
-0.003312284349857
-0.001434341033466
-0.000321150595583
-0.000074338824872
-0.000565617305633
-0.001650646985900
-0.003058777132355
-0.004144922286237
-0.004143676313344
-0.002921514847199
-0.001255350699961
-0.000197253709929
-0.000264918222105
-0.001158688907557
-0.002087845924724
-0.002502628550690
-0.002534264449580
-0.002607013916460
-0.002924957536556
-0.003486686370524
-0.004078850574998
-0.004143584875128
-0.003184986893003
-0.001304993549685
0.000930312998349
0.002984874905087
0.004619043892492
0.005746025756229
0.006142638460274
0.005515516230699
0.003884472311478
0.001727460037264
-0.000343021041129
-0.001936816642797
-0.002932081996806
-0.003331058617948
-0.003072027869185
-0.002018649841180
-0.000234730313636
0.001788097655808
0.003348093214655
0.004063534196080
0.004108817413748
0.003942449158429
0.003848090094361
0.003685772967833
0.003102746711737
0.001967177921696
0.000586532456339
-0.000414048701897
-0.000505484588752
0.000312628276055
0.001482774248264
0.002318723242800
0.002568055260743
0.002552057240646
0.002649310480786
0.002842011812006
0.002873688570239
0.002536708373563
0.001755608512834
0.000726970773771
-0.000012058895311
0.000056457074605
0.000996384920716
0.002363797559993
0.003430171272362
0.003526838896756
0.002447508026120
0.000701551986980
-0.000711694045326
-0.000952482083978
0.000125767002792
0.001891179554306
0.003318494802515
0.003670758323318
0.002986653636449
0.001946349651648
0.001262383492357
0.001168145067561
0.001402954170868
0.001656005305064
0.001985539489372
0.002651024743238
0.003600274643333
0.004329056979092
0.004215910640499
0.003018633913487
0.001159992627311
-0.000501177066502
-0.001253247052407
-0.000961542662542
0.000057608273892
0.001458582768746
0.002929551073113
0.003983599263591
0.004075396365390
0.003031301751938
0.001310991419061
-0.000205114913771
-0.000845698533638
-0.000618912599928
-0.000045761708213
0.000332146372043
0.000326677017463
0.000176240941857
0.000267812839620
0.000768518969124
0.001525143088338
0.002345789149265
0.003233264526328
0.004069030236251
0.004340418406712
0.003605813114970
0.002059026751776
0.000418374464841
-0.000675545194249
-0.001115625095483
-0.001232794280454
-0.001313492451407
-0.001306356504937
-0.001083245114265
-0.000733861222333
-0.000358658744204
0.000072850150580
0.000497208754832
0.000743226369965
0.000801530145927
0.000901919391728
0.001228386239725
0.001653366449505
0.001882430478199
0.001777579489040
0.001415156650490
0.000908039604435
0.000315731400666
-0.000309227228522
-0.000933405959779
-0.001710829782281
-0.002976791715636
-0.004739557587323
-0.006339976414059
-0.006878627095590
-0.005821077400694
-0.003284793524812
-0.000060674727788
0.002697775218521
0.004028769646932
0.003574102488120
0.001728107988057
-0.000494741568481
-0.002083955060280
-0.002682145676907
-0.002436763120539
-0.001465709664648
0.000125259984256
0.001914586597724
0.003276526514209
0.003719071263437
0.002945496548234
0.000938156129125
-0.001766136900846
-0.004219795481644
-0.005749085046556
-0.006283976177800
-0.006042643722981
-0.005340404567303
-0.004608229393995
-0.004180451794808
-0.004114094922582
-0.004175273081251
-0.003876477028533
-0.002878211843590
-0.001494993401108
-0.000487556537452
-0.000332022169262
-0.000906626693764
-0.001825824910626
-0.002815768660493
-0.003737855932734
-0.004420979241778
-0.004528014255314
-0.003773890042732
-0.002413014163392
-0.001159434422223
-0.000602692641864
-0.000934805215312
-0.001813310474663
-0.002393554098633
-0.002012195423691
-0.000783297014254
0.000590285508264
0.001228808533282
0.000360967487004
-0.002181577375002
-0.005491795792124
-0.007894469402042
-0.008053888819538
-0.005956465123452
-0.002723759968434
0.000574372810698
0.003600244026262
0.006198727543384
0.007624027660143
0.006680988379348
0.002748225478176
-0.003344767262913
-0.009605266410519
-0.014001828350291
-0.015204866914160
-0.012813632577693
-0.007549415424087
-0.001178180332366
0.004175800648090
0.007154502599639
0.007776686348281
0.006796797756340
0.004726854865475
0.001620396389452
-0.002428518706697
-0.006630175758214
-0.009496961933270
-0.009763230672371
-0.007384237057656
-0.003613825848281
-0.000003586635987
0.002619114969468
0.004150365264136
0.004616651572080
0.003897433694637
0.002036871871259
-0.000175381360385
-0.001321493880867
-0.000569611258663
0.001319804372772
0.002548749294456
0.001916296502426
-0.000150470562033
-0.002143123591482
-0.002845642139459
-0.002111541690836
-0.000619797877835
0.000886907875473
0.002194868988627
0.003574574610665
0.005244908089675
0.006789213042084
0.007110348079504
0.005246152691655
0.001258917808328
-0.003577591383102
-0.007265991156438
-0.008135102574856
-0.005926640500001
-0.002035538011808
0.001407126656993
0.003021767194481
0.003031080376014
0.002775358525531
0.003470084583991
0.005322823931950
0.007569888967310
0.009225802291140
0.009870398662565
0.009672571022905
0.008756104916280
0.006885484157242
0.003778965393305
-0.000385315635493
-0.004620284813991
-0.007230867393082
-0.006680879900452
-0.002882698707450
0.002392926783841
0.006628792519086
0.008083389437939
0.006464375750110
0.002706064802376
-0.001614512376766
-0.004874136750123
-0.005905033550770
-0.004406856205162
-0.001079765682266
0.002904345093399
0.006719223398948
0.010008112203676
0.012377620159564
0.013220253359854
0.012118363769060
0.009223916008691
0.005279467819670
0.001407451330103
-0.001311966810788
-0.002213051001102
-0.001218221393926
0.000825670313620
0.002141658385339
0.001223043257617
-0.001678170889691
-0.004563088246513
-0.005224334728442
-0.002853547092397
0.001459693607829
0.005702546837219
0.008571525689960
0.010190880283169
0.011252585633595
0.011665692489055
0.010439674328404
0.006939607385134
0.001926098593053
-0.002755348255608
-0.005501109757776
-0.006056471945535
-0.005377505294412
-0.004631172236892
-0.004590159651168
-0.005630219831781
-0.007637278067305
-0.009875858715795
-0.011240605333134
-0.010671859101180
-0.007531000336889
-0.001958498189624
0.005163446099783
0.012611588293353
0.018802612319254
0.021623460577392
0.019287724142523
0.011756122275954
0.001046338095543
-0.009740113885632
-0.017643501568876
-0.020859094555165
-0.019211763012944
-0.013823349615610
-0.006609175097800
0.000066452535851
0.004085961053985
0.004453298355501
0.001629142687264
-0.002887949265495
-0.007339654902628
-0.010245745338565
-0.010558642350520
-0.007789257990446
-0.002297297507926
0.004522154152710
0.010482637572710
0.013409266622465
0.012195176665388
0.007318686731535
0.000556866288927
-0.005754118935707
-0.009755958890356
-0.010951267269483
-0.010191174718131
-0.008777750388633
-0.007466316137755
-0.006173851436583
-0.004524266048426
-0.002550858362907
-0.000821993684951
0.000027849633429
-0.000202375900519
-0.001193280858334
-0.002348050676527
-0.002962877694886
-0.002290344178065
0.000148273920338
0.004116937820649
0.008616339372716
0.012336022429237
0.014209488285674
0.013734445241069
0.011041250697381
0.006764667014623
0.001723685170531
-0.003376509439452
-0.007972268810251
-0.011503572789340
-0.013326651571649
-0.012795630141136
-0.009565468096757
-0.003949947534510
0.002969448219595
0.009655968453291
0.014684375557818
0.017025811421289
0.015966590035767
0.011276503599233
0.003696258701860
-0.004806427878975
-0.011452381051927
-0.013848508126973
-0.011234016523928
-0.004807439471508
0.002963938050169
0.009463550460124
0.012837405740767
0.012522189243924
0.009364327437406
0.005160505257497
0.001788318828201
0.000360305251536
0.000840805386316
0.002350575489418
0.003850022878722
0.004670195020805
0.004583318924587
0.003630908258179
0.002064646515282
0.000214365955092
-0.001649907241363
-0.003070840139614
-0.003279886465838
-0.001675639036304
0.001674589801565
0.005955166901164
0.009856956460875
0.012163147248866
0.012457710963672
0.011251109311197
0.009359862480371
0.007448525785166
0.006030154086424
0.005313195910176
0.005046236490385
0.004717984758281
0.003853335258014
0.002356522960863
0.000742046604564
-0.000217212901536
-0.000168882359348
0.000542130616144
0.001211671407293
0.001334290834684
0.000890909576059
0.000297767893677
0.000155209726517
0.000889324940566
0.002584207636220
0.005118607668429
0.008225099930658
0.011369377289205
0.013771824564640
0.014731398909755
0.014111135116840
0.012454243147914
0.010422412152101
0.008137328065719
0.005262826537368
0.001791284103591
-0.001633939237480
-0.004303109524217
-0.005849161672813
-0.006078975493829
-0.004863210649586
-0.002182956070935
0.001739631496365
0.006142468409654
0.009784814371460
0.011637576597463
0.011484895564924
0.009888887503301
0.007725660750625
0.005755786352295
0.004432712725956
0.003919823216763
0.004151910133147
0.004725880474836
0.004930764247653
0.004188375661658
0.002436121433889
0.000183214632003
-0.001782557694317
-0.002954034895964
-0.003266410110783
-0.002741481095637
-0.001395698969371
0.000346014669182
0.001507654894681
0.001267981393821
-0.000187842620727
-0.001649424249341
-0.001801042636507
-0.000373984193907
0.001609814820067
0.002786494621071
0.002536829229429
0.001274004373871
-0.000121645441842
-0.001014114935413
-0.001149003284814
-0.000591331349417
0.000142182761587
0.000313894228268
-0.000332120047439
-0.001181109949875
-0.001293010647270
-0.000403558223700
0.000770286807739
0.001099359854135
-0.000135663063362
-0.002662292856649
-0.005400882122237
-0.007268147749417
-0.007749053906394
-0.006859037128041
-0.004809405574624
-0.001915460375110
0.001331459349394
0.004339870099271
0.006408253422310
0.006687823992400
0.004501855881769
-0.000031439213559
-0.005631238161496
-0.010279609542364
-0.012191807649655
-0.010606963502483
-0.006079447523425
-0.000280736126890
0.004713034358990
0.007329494571603
0.007055838334671
0.004426465853355
0.000575536085983
-0.003171163216990
-0.005581028858506
-0.005991087483613
-0.004667071135991
-0.002665344176850
-0.001202935764573
-0.000870197260642
-0.001408227446257
-0.002234265967103
-0.003066117873879
-0.003928883079630
-0.004703245953720
-0.005128929985641
-0.005250280245962
-0.005439044145502
-0.005888648635087
-0.006243574031099
-0.005865745439701
-0.004475477115795
-0.002435157841418
-0.000415999210235
0.001080919548319
0.001825768702954
0.001665474776242
0.000440886532772
-0.001792770585844
-0.004480014979258
-0.006729283570456
-0.007919234462877
-0.008020497636042
-0.007229031289330
-0.005574605176287
-0.003151148650201
-0.000550470058124
0.001058963743591
0.000445534511696
-0.002725917385978
-0.007382475486147
-0.011585439185252
-0.013626280177912
-0.012802605420044
-0.009589089922517
-0.005295396861491
-0.001268962913826
0.001743648769205
0.003538952964266
0.004105585610839
0.003386863009727
0.001254821013209
-0.002208281362780
-0.006354467400006
-0.009943147900587
-0.011652554892933
-0.010914333290634
-0.008285070293776
-0.004951804096404
-0.001952698959429
0.000219426529698
0.001436551108261
0.001535256643536
0.000328257217323
-0.001954836460872
-0.004425373282609
-0.005912893383468
-0.005746162351286
-0.004269665687117
-0.002527997163745
-0.001395856189584
-0.001070514638378
-0.001180781923347
-0.001092681392657
-0.000339847559358
0.000895093089140
0.001807414232955
0.001625012809464
0.000241731653589
-0.001617088487486
-0.002787051294622
-0.002547217048464
-0.001285560000206
-0.000188229485931
-0.000231354782525
-0.001444582975962
-0.003072023124026
-0.004248141267039
-0.004452467354850
-0.003677321179887
-0.002305631703516
-0.000728162914256
0.000785159221289
0.001979359483479
0.002687924675943
0.002996618814510
0.003231527593924
0.003701671364001
0.004402237355432
0.004968285070040
0.004944114722752
0.004105941760874
0.002561598406262
0.000754728475650
-0.000617128452695
-0.000965352764965
-0.000178913218800
0.001290428399193
0.002653234553471
0.003293366465735
0.003157799868717
0.002655701272497
0.002209429123719
0.001876240551042
0.001437019623824
0.000747033495187
-0.000106737290777
-0.000832827266410
-0.001117067373435
-0.000851444400589
-0.000094828573168
0.001105849453080
0.002686905844443
0.004380081695766
0.005681272283165
0.006172306296675
0.005917734090879
0.005384512483812
0.004924740867592
0.004428150118349
0.003471201526149
0.001774870776461
-0.000481864865512
-0.002765080605829
-0.004540568079623
-0.005526531399124
-0.005657307693312
-0.004936227357736
-0.003418971231175
-0.001290756282890
0.001035845156518
0.002980594086299
0.004129131150555
0.004358512384649
0.003593554823403
0.001739229948823
-0.001076288963327
-0.004310634544903
-0.007153250764599
-0.008881476965813
-0.009178424300237
-0.008327754404916
-0.006963926927272
-0.005532781866223
-0.004201822670477
-0.003115721822839
-0.002381985505209
-0.001894632369525
-0.001470934525438
-0.001055317701825
-0.000612912536427
-0.000130580695899
0.000241727899421
0.000337922540026
0.000102428824847
-0.000509176109967
-0.001456583189529
-0.002548587820127
-0.003721445673751
-0.005127725029015
-0.006762631200450
-0.008174519138705
-0.008606121757773
-0.007479170281436
-0.004898030149955
-0.001757710066952
0.000713505923703
0.001676181909839
0.001046204457436
-0.000670063855688
-0.002725364647704
-0.004418587484261
-0.005196613689938
-0.004812119377436
-0.003682716719667
-0.002754636303431
-0.002691241702111
-0.003283086766853
-0.003655103553294
-0.003019107039671
-0.001306221760557
0.000759267599033
0.002167244414897
0.002351144078675
0.001324637098960
-0.000787620385174
-0.003844963192673
-0.007311984733436
-0.010130964348171
-0.011132723157188
-0.009667120736988
-0.006003395346025
-0.001300495340440
0.002947383670136
0.005613336981390
0.006174558048442
0.004637228359309
0.001454737197454
-0.002539619427594
-0.006246403615901
-0.008734468629349
-0.009670905017449
-0.009224016472857
-0.007746989448270
-0.005568974911100
-0.003001313945808
-0.000475006636322
0.001500965405770
0.002463233992526
0.002203854584704
0.001054762280682
-0.000336631818391
-0.001570060614483
-0.002598346590446
-0.003515089686493
-0.004462894778815
-0.005554233395723
-0.006692942817000
-0.007452906892735
-0.007266683190879
-0.005813908511246
-0.003242932490520
-0.000201525710619
0.002421644184742
0.004005068869148
0.004403721630926
0.003782232756415
0.002428204254488
0.000740704262381
-0.000782556050132
-0.001844169649020
-0.002513761268728
-0.003013954122167
-0.003520970826943
-0.004046764928360
-0.004447060209492
-0.004597372539991
-0.004476387890447
-0.004048838134461
-0.003066330996024
-0.001204997144143
0.001367597961778
0.003795072778108
0.005085555184382
0.004783600035262
0.003116867058298
0.000650496259798
-0.001930818110393
-0.003753965874149
-0.003976699957456
-0.002312946157351
0.000742101374684
0.004156465143107
0.006790521212382
0.007884814794320
0.007498876760833
0.006334283066105
0.004964264874173
0.003546554183194
0.002164915849725
0.000928569265540
-0.000166581193504
-0.001143633850739
-0.001833404595406
-0.001844452937866
-0.000811194854584
0.001281751210552
0.003968108792501
0.006401970422991
0.007809174179785
0.008048619216498
0.007542736842343
0.006701571321067
0.005653606054361
0.004416604274389
0.003138529497871
0.002094165847366
0.001450721306226
0.001199033571100
0.001350047106271
0.002004466264724
0.003141069958663
0.004546280689532
0.006031456420587
0.007484906907777
0.008773021557166
0.009765107074686
0.010299137691595
0.010076727441614
0.008837581648883
0.006778900960951
0.004609819018262
0.003067860645865
0.002452333389706
0.002575503796478
0.003085706088045
0.003774483252077
0.004556243902663
0.005307683170180
0.005988766848365
0.006910707449907
0.008414690651101
0.010240794695056
0.011608172264966
0.011780621578877
0.010452459709524
0.007925605531290
0.004961083584736
0.002266585601073
0.000207998913891
-0.000907332082721
-0.000674057671969
0.000994555625533
0.003563585506515
0.006109745036230
0.007754195583471
0.007998216677813
0.006872031688729
0.004895468642842
0.002878411885329
0.001614018521772
0.001525541421231
0.002433567186885
0.003701425225931
0.004623353698063
0.004765072273439
0.004191774274118
0.003341982344433
0.002577761027384
0.001959169848314
0.001419115000271
0.001025151101390
0.000913093543557
0.001018293834324
0.001162530476029
0.001257191024880
0.001280504505780
0.001241676778985
0.001055112400340
0.000452230086098
-0.000714891188017
-0.002056286078984
-0.002736250829751
-0.002238622315945
-0.000967319737709
0.000141607257987
0.000454055973128
-0.000084953935473
-0.001255101532466
-0.002790090475326
-0.004348289169621
-0.005533174463536
-0.006026022506073
-0.005732738112289
-0.004860327440367
-0.003732885093096
-0.002505245463194
-0.001189420603842
0.000115939491263
0.001075059940057
0.001154338232269
0.000040040770919
-0.001921462634328
-0.003898005917061
-0.005145218555040
-0.005355551974101
-0.004655877406969
-0.003519852769176
-0.002590940375704
-0.002293698103376
-0.002599310412456
-0.003117586482333
-0.003346035487943
-0.003025177921302
-0.002312468536038
-0.001720708143860
-0.001882612650882
-0.003010832868538
-0.004662631001167
-0.006131979316531
-0.006817588018205
-0.006371928559725
-0.004757098458359
-0.002256301754747
0.000428655135344
0.002269761091252
0.002431328521972
0.000813792124029
-0.001842563850860
-0.004344181454371
-0.005678439140197
-0.005511321274133
-0.004258543650011
-0.002753820647326
-0.001736766496134
-0.001511710339657
-0.001941807177478
-0.002610141011407
-0.003070046899878
-0.003134568816401
-0.003010196002558
-0.003085428794196
-0.003451839806733
-0.003677738602534
-0.003204115406617
-0.001913930912915
-0.000210197640389
0.001293345317419
0.002086917524051
0.002075753623927
0.001632475314479
0.001191864834495
0.000984437735535
0.001138457248473
0.001608444672003
0.001988791901846
0.001758545675224
0.000816230183996
-0.000390748845777
-0.001297308419491
-0.001639243979585
-0.001482768781215
-0.000992334306494
-0.000287860526529
0.000441930305302
0.000946870480248
0.001183220105336
0.001323310602753
0.001475361288291
0.001630176555610
0.001761547374492
0.001792984361434
0.001693566150731
0.001705418819154
0.002138697410392
0.002922201163187
0.003669157352043
0.004061634848717
0.004032691025482
0.003755928096913
0.003490725667097
0.003356712829739
0.003188574604724
0.002729035601826
0.002002739790400
0.001233081194147
0.000531406269671
-0.000079359837902
-0.000499292014974
-0.000572049338210
-0.000294221139043
0.000118593940326
0.000450929173390
0.000642092936678
0.000711195962260
0.000680776474705
0.000618164263892
0.000687509384876
0.001089163679270
0.001849554087996
0.002689107930590
0.003171566293994
0.002978751740361
0.002140896124495
0.001087124725206
0.000397101508129
0.000422345588066
0.001090256513396
0.002010383576724
0.002754873193999
0.003109512788738
0.003141604783319
0.003013678866800
0.002726111480537
0.002160957409651
0.001319313152326
0.000330239729225
-0.000644632386125
-0.001353145505529
-0.001446801842361
-0.000739694418643
0.000537730512543
0.001830427229498
0.002608276029737
0.002761263571973
0.002698808302554
0.002917661570343
0.003554103893829
0.004436733006686
0.005361806378078
0.006136708940156
0.006442226063571
0.005872578706837
0.004217755009188
0.001686065547097
-0.001162747770732
-0.003736280177905
-0.005664782299326
-0.006686490269940
-0.006463139840912
-0.004800610275362
-0.002052813423558
0.000904028280878
0.003232664514764
0.004592366477318
0.005095976923045
0.005026796648844
0.004526671099339
0.003540721450929
0.002144416337446
0.000681058055882
-0.000534413263830
-0.001457263179115
-0.002188390763173
-0.002658859561517
-0.002573149699945
-0.001746351449450
-0.000420181200353
0.000774085424328
0.001206377375004
0.000689754066526
-0.000417442594015
-0.001495107014935
-0.002177894941222
-0.002650771976056
-0.003268907448470
-0.004046131029889
-0.004639611453974
-0.004537028185967
-0.003303532665873
-0.001065071730695
0.001246776139298
0.002473006233636
0.002006210551232
-0.000097873530951
-0.003287670086053
-0.006646606364078
-0.009298375149293
-0.010757286634816
-0.010859162801015
-0.009620390357784
-0.007320878915285
-0.004597242795905
-0.002322997983442
-0.001396291319098
-0.002395352410537
-0.005126548672964
-0.008634318709639
-0.011718900442333
-0.013330798736014
-0.012849604898333
-0.010435739462709
-0.007031782275238
-0.003921885382124
-0.002197046334921
-0.002249173835161
-0.003552812368176
-0.005131612947607
-0.006361490291026
-0.007158828097453
-0.007536381070898
-0.007418225379996
-0.006811168127916
-0.005861104571382
-0.004861298499066
-0.004253545771385
-0.004334753820974
-0.004928196958764
-0.005508865176414
-0.005537425759968
-0.004691189092298
-0.003130651706145
-0.001612909809730
-0.001056980285283
-0.001912881222424
-0.003913847701536
-0.006104847491521
-0.007210613599244
-0.006479289225816
-0.004200765918637
-0.001389376802583
0.000897757768101
0.002091071554555
0.002225843842327
0.001667963558646
0.000731946454893
-0.000459564219705
-0.001855880597534
-0.003355996896058
-0.004684245552040
-0.005347814263845
-0.004897785935150
-0.003278514861244
-0.000971100850155
0.001167060509553
0.002384075993484
0.002418920609340
0.001417411261684
-0.000271727420973
-0.002179819356152
-0.003857212090522
-0.004948358155405
-0.005118565376435
-0.004136921042214
-0.002125778055243
0.000313119482222
0.002270057435105
0.003041733701290
0.002517629099420
0.001032179615811
-0.000899781896998
-0.002712144592138
-0.003958433547717
-0.004519366896757
-0.004676969061766
-0.004839667573219
-0.005086004228957
-0.004995721019871
-0.003897596073812
-0.001456716362954
0.001826100344149
0.004862622071596
0.006612614904568
0.006383621060824
0.004011207267962
0.000010731386966
-0.004593488892198
-0.008557279864684
-0.010654790350995
-0.010103560717635
-0.007072908315450
-0.002687567184836
0.001575436320209
0.004496251780151
0.005420714913042
0.004345245246173
0.001758950145621
-0.001581147566428
-0.004729868657735
-0.006751674442401
-0.007170410376967
-0.006146037904929
-0.004119264766630
-0.001477619547153
0.001409688941354
0.004074199760043
0.005967613164521
0.006703029751072
0.006370308866039
0.005414512111251
0.004203268107742
0.002882986781705
0.001529350270743
0.000260325954241
-0.000865252437609
-0.001904572698959
-0.002862673374156
-0.003557300956147
-0.003575947495063
-0.002440563740115
-0.000062257621178
0.003000945593405
0.005851541842541
0.007788544857239
0.008572008554410
0.008359795912552
0.007480176709813
0.006241028223367
0.004901209742724
0.003664824648511
0.002628192063379
0.001786633526738
0.001144506950234
0.000837753335515
0.001115975498260
0.002138453610127
0.003728919893885
0.005353374657546
0.006470852021659
0.006965914707794
0.007111781128548
0.007145929269230
0.007116531166193
0.006967721559400
0.006462806590658
0.005303675589921
0.003531149985547
0.001545088202122
-0.000086454151381
-0.000622919335983
0.000458627398173
0.002813035004024
0.005412881025133
0.007426876019847
0.008607374789550
0.008906525581269
0.008206141018040
0.006619435661601
0.004754327878323
0.003496877145284
0.003507097424225
0.004728456143239
0.006307897507813
0.007243495625020
0.007226990218165
0.006653132734402
0.005968477111629
0.005361773771341
0.004881027321790
0.004594202762343
0.004580307522901
0.004774757490852
0.005025378099721
0.005282937384802
0.005653700536688
0.006196145522078
0.006556155894912
0.006092087293447
0.004488358318907
0.002114781753610
-0.000090283465372
-0.001059276413850
-0.000134722588056
0.002583832830903
0.006333360426003
0.010112101944747
0.013053007290442
0.014545070897433
0.014174500628104
0.011854957907915
0.008105618730993
0.003893971264380
0.000072046116880
-0.002908143889472
-0.004731628787534
-0.005087659386410
-0.004009500836076
-0.001935828865156
0.000617594362728
0.003157739382960
0.005265818650962
0.006761702720587
0.007560674011208
0.007500845667164
0.006603234718577
0.005285661112682
0.004079367003389
0.003219978002610
0.002553398373316
0.001736561748685
0.000632173847988
-0.000430384717903
-0.000952626642113
-0.000797287770092
-0.000290991676177
0.000174551967808
0.000430706392370
0.000394819853985
-0.000037850708803
-0.000881039542373
-0.001900121966092
-0.002591035669369
-0.002465649433836
-0.001500309698587
-0.000249306709509
0.000650780281361
0.000903585783127
0.000434719777605
-0.000668404220053
-0.001965202920660
-0.002698520459054
-0.002293904102359
-0.000880573884500
0.000724561001971
0.001537459992159
0.001155123848443
0.000041967467053
-0.001138317527572
-0.002188952071611
-0.003188938975779
-0.004115499993932
-0.004881698852446
-0.005417825649799
-0.005623053553163
-0.005438991849173
-0.004930849392674
-0.004229580836818
-0.003578081506262
-0.003340748518402
-0.003677328423308
-0.004300150016116
-0.004669215241335
-0.004412417645505
-0.003612140668407
-0.002695881297192
-0.002048409656769
-0.001650232300585
-0.001084501529236
-0.000069205628307
0.001088456326488
0.001771438535842
0.001656811567007
0.000895704816604
-0.000112867173109
-0.000956452757154
-0.001249316239708
-0.000648171862152
0.000860656045008
0.002718978758441
0.004085167181941
0.004365126449502
0.003451374968956
0.001627359500281
-0.000651298708452
-0.002946350437791
-0.004864105743625
-0.005897144778130
-0.005443598602617
-0.003285492646437
0.000036565379048
0.003552278865406
0.006445640503241
0.008200522993829
0.008501632434167
0.007339175689075
0.005076361802710
0.002344448544364
-0.000015735162861
-0.001245341072868
-0.001155474270874
-0.000126044547388
0.001358467569485
0.002955810628785
0.004352307799405
0.005229023936056
0.005417539169175
0.004989707036413
0.004167019803211
0.003098294708638
0.001808804728008
0.000380582553130
-0.000972231911772
-0.001896219231580
-0.001947500658880
-0.000899706595634
0.000997415966687
0.003176706767674
0.005051324295680
0.006095060453469
0.005935606364055
0.004620623809404
0.002665446500415
0.000761293146979
-0.000566920453442
-0.001237818962026
-0.001643622962464
-0.002188118643148
-0.002805638847713
-0.003132478239873
-0.002981296832174
-0.002450632740317
-0.001739957784610
-0.001028072592717
-0.000513391948388
-0.000413627713605
-0.000828897796098
-0.001665079816651
-0.002572946050782
-0.002975929249190
-0.002512945222880
-0.001407211755261
-0.000167376186423
0.000874782036766
0.001621209143012
0.001994569548138
0.001779406278872
0.000759263540380
-0.000893878236396
-0.002527231095465
-0.003562307312726
-0.003997976144840
-0.004137954079502
-0.004013540355122
-0.003296755152309
-0.001751260070078
0.000387420631289
0.002525434821973
0.004069722633218
0.004715656674693
0.004492480527284
0.003510672565953
0.001842447975786
-0.000241161203853
-0.002205014330955
-0.003585644104341
-0.004233255817872
-0.004174990502738
-0.003453326515593
-0.002136747070783
-0.000300301820128
0.001895262616563
0.003981558417496
0.005303995845137
0.005468980986914
0.004490611678609
0.002638531687372
0.000361547190653
-0.001792738066665
-0.003272816573809
-0.003671738469251
-0.002977598682030
-0.001575992042866
0.000001030866798
0.001370017908279
0.002488644290097
0.003481905678441
0.004292127993280
0.004609072280168
0.004191707411873
0.003226775185661
0.002238920039648
0.001640719527630
0.001496642645632
0.001702989954501
0.002189521828211
0.002896023435294
0.003693045114313
0.004327455078234
0.004411725703680
0.003635532990502
0.002067373320911
0.000131775039605
-0.001642542780583
-0.002727166003904
-0.002711165822338
-0.001644241662955
-0.000089328812162
0.001284177339771
0.001982282173445
0.001892487433950
0.001437243346035
0.001154069731321
0.001156730028473
0.001267282141207
0.001381055381206
0.001406708183267
0.001168555449946
0.000583266345948
-0.000265853743894
-0.001141741040011
-0.001692538462269
-0.001725383436489
-0.001434327442787
-0.001191651761844
-0.001112407479358
-0.000959651980324
-0.000457371398715
0.000397812349232
0.001239248629993
0.001565413740345
0.001134381274404
0.000026520193650
-0.001508588660696
-0.002996782458406
-0.003776364129380
-0.003435046710237
-0.002117209074184
-0.000391803854330
0.000957671570297
0.001282472825949
0.000583836776297
-0.000541591680870
-0.001583972197829
-0.002517507155798
-0.003541806045968
-0.004687239651600
-0.005714141740802
-0.006201761412700
-0.005811042906173
-0.004592241813423
-0.002953224909597
-0.001399868117145
-0.000355845395721
-0.000100283107537
-0.000729043407559
-0.002102273397835
-0.003824767370948
-0.005298038090891
-0.006001678141606
-0.005860055727097
-0.005218339878406
-0.004503346388860
-0.004017709202682
-0.003929452522979
-0.004266891366553
-0.004892268731927
-0.005540544190836
-0.005939412503337
-0.005979413790801
-0.005733089187739
-0.005155633723592
-0.003956668562853
-0.002054906777292
-0.000007031111073
0.001209064599955
0.000868340500337
-0.001030591495884
-0.003920683030499
-0.007036180944981
-0.009580376757539
-0.010849646005275
-0.010396708821704
-0.008233083677123
-0.005023029143858
-0.001840810344907
0.000532738936794
0.001878459176754
0.002176035739898
0.001443540886740
-0.000133661674420
-0.002174324847490
-0.004115190833107
-0.005357704107226
-0.005601867651457
-0.004950557513609
-0.003692964635749
-0.002153751525180
-0.000709391312578
0.000235819109439
0.000339915970089
-0.000595879551506
-0.002417809491694
-0.004483177396110
-0.006039683452597
-0.006706947288784
-0.006507679735967
-0.005689691628889
-0.004566139917027
-0.003346286036484
-0.002065373010215
-0.000671208232675
0.000826517486729
0.002218675633689
0.003103190791910
0.003128146128178
0.002268584854857
0.000875838729091
-0.000560875541729
-0.001743684149601
-0.002713159088953
-0.003699871394866
-0.004727284920308
-0.005387452313344
-0.005177256686517
-0.003963896510140
-0.001963895140766
0.000535321948949
0.003157032305405
0.005342034968607
0.006590290151494
0.006666508654394
0.005538358792544
0.003395223727101
0.000685589430295
-0.002040725548930
-0.004195956986964
-0.005123029231454
-0.004438215508103
-0.002441619565005
0.000116979053621
0.002536148130205
0.004330690878174
0.005276384497558
0.005421386598113
0.004904571959728
0.003777600752172
0.002136578283185
0.000285614912575
-0.001460724748614
-0.002884210190065
-0.003695359906492
-0.003611102146206
-0.002571653639060
-0.000833025604393
0.001033133600196
0.002375003474164
0.002858543948747
0.002679676174754
0.002297460325296
0.001973029995022
0.001674242905201
0.001213654545451
0.000471917197941
-0.000366407944074
-0.000961338808270
-0.001137510128299
-0.000903856552878
-0.000338715170335
0.000356955856268
0.000821524201375
0.000740394186295
0.000066096507995
-0.000876920420787
-0.001472738125755
-0.001306631627306
-0.000664146097630
-0.000351787339611
-0.000956995107256
-0.002307744333211
-0.003614373434318
-0.004064320686906
-0.003349282820715
-0.001797388312870
-0.000106589079204
0.001064711062042
0.001348514923996
0.000718113355252
-0.000429750733210
-0.001370452262576
-0.001653239274629
-0.001438936894895
-0.001053432406217
-0.000643385258380
-0.000245738943836
0.000232553565248
0.000877865870965
0.001427269032532
0.001438006230880
0.000740462102709
-0.000597963597473
-0.002537844445991
-0.005014889987215
-0.007619056095977
-0.009505298130209
-0.009859283972374
-0.008441441612633
-0.005663299515105
-0.002219286675732
0.001313527002159
0.004425949814550
0.006500846987945
0.007037027825427
0.005901469803670
0.003368304907824
0.000049240731943
-0.003397318659415
-0.006473508653779
-0.008665834552255
-0.009355876192366
-0.008126052875590
-0.005101789376696
-0.001053975196787
0.002796551618582
0.005318684418977
0.005992775765666
0.004965508034058
0.002796318681222
0.000215860444052
-0.002021051540968
-0.003314741255854
-0.003487616150638
-0.002739292808655
-0.001265131663364
0.000844309964990
0.003345675158335
0.005714573634556
0.007284614868553
0.007450935231837
0.005944795410292
0.003121906434202
-0.000128157790629
-0.002823401291653
-0.004197573017622
-0.003832344307072
-0.001889081420665
0.000781021046267
0.003056886072592
0.004216495593351
0.004229140605508
0.003544574114039
0.002683722632965
0.001960551812255
0.001507052767114
0.001415661736348
0.001744443051478
0.002454960582969
0.003371834228571
0.004178096673828
0.004564112770916
0.004512044850727
0.004326505179750
0.004249190701386
0.004191277024744
0.003879979109813
0.003155904161498
0.002175218223897
0.001290927800313
0.000660767784450
0.000024966053414
-0.001045980961746
-0.002665977255037
-0.004420758644333
-0.005591964667974
-0.005586174548475
-0.004205131854486
-0.001585330384673
0.001829778572041
0.005149394706350
0.007252221722451
0.007411950287179
0.005754397695666
0.003119853001329
0.000419713643515
-0.001808360734299
-0.003322255027544
-0.004064276062049
-0.004156056277172
-0.003743435574033
-0.002880197732398
-0.001598674798278
0.000058770365439
0.001949120322462
0.003639543825932
0.004534184966901
0.004326960495554
0.003278956234512
0.001943219532954
0.000607029363641
-0.000819788740797
-0.002406432402426
-0.003901029885673
-0.004837068995745
-0.004887710592733
-0.004134040844505
-0.002976690598157
-0.001734678510125
-0.000383749709623
0.001228981793634
0.002990665313287
0.004454293585876
0.005118601204460
0.004674366994355
0.003143544912911
0.000975977026498
-0.001153765569965
-0.002740050964479
-0.003547585853421
-0.003512647427490
-0.002846337566296
-0.002025560119147
-0.001273792618534
-0.000258966935103
0.001423732745698
0.003749750444293
0.006308449023724
0.008479193344565
0.009583731476824
0.009219532697793
0.007497268190529
0.004968029043056
0.002413867565334
0.000535966417837
-0.000332421812356
-0.000268523672712
0.000390342584607
0.001275820691336
0.002176985308526
0.003023750971774
0.003669643892749
0.003725821222232
0.002819564218834
0.001127447363843
-0.000613476684888
-0.001710002865881
-0.001911200512359
-0.001306225767677
-0.000068342618627
0.001679462475622
0.003757081813495
0.005833810340442
0.007636447832376
0.009145728191033
0.010353284723556
0.010885525963687
0.010268329637427
0.008521951137263
0.006118337107613
0.003608366124406
0.001471631222041
-0.000073648728003
-0.001108831621229
-0.001655070547383
-0.001621047816626
-0.001187822071357
-0.000832611323388
-0.000938310143803
-0.001462350939949
-0.001964760392853
-0.001943044960955
-0.001027061883737
0.000912447923810
0.003574871044839
0.006321033916284
0.008468990978119
0.009425404133936
0.008815319020438
0.006762670399306
0.003925386410404
0.001001072920750
-0.001729090323678
-0.004174792140880
-0.006017027809827
-0.006857892982850
-0.006581681453154
-0.005324362531760
-0.003310297413069
-0.000848207312864
0.001715676107727
0.004094447612805
0.005974943734215
0.006926698574372
0.006668735137883
0.005387829713191
0.003558082285979
0.001498407122959
-0.000669363216710
-0.002690415748575
-0.004164474811970
-0.004845391806223
-0.004656571030083
-0.003596271555979
-0.001857498204700
0.000137269881873
0.001903039640497
0.003000118175943
0.003053804542237
0.001983243401523
0.000273325592728
-0.001292559849356
-0.002132380530797
-0.002061350368147
-0.001356155226175
-0.000580160356679
-0.000189134944670
-0.000398041469498
-0.001223006182804
-0.002441186564558
-0.003498510550323
-0.003588233372154
-0.002174329629742
0.000443608550801
0.003266214484809
0.005331046869843
0.006213891896080
0.005950410526871
0.004815402003821
0.003166343255024
0.001253053858976
-0.000794045365060
-0.002787267677831
-0.004489809099406
-0.005727177274845
-0.006333871720815
-0.006153491993451
-0.005261327085347
-0.004102978492378
-0.003193444875517
-0.002657528173739
-0.002233850854106
-0.001600121645951
-0.000590167217213
0.000604498084097
0.001386793128049
0.001233367988782
0.000260710175224
-0.000934845918661
-0.001897183513606
-0.002508831465853
-0.002774070880807
-0.002725436004320
-0.002478732583775
-0.002188546991130
-0.001966280746718
-0.001813030884490
-0.001571312431093
-0.001174249457094
-0.000939383529136
-0.001286103751104
-0.002210575235019
-0.003233766534974
-0.003789228626850
-0.003615769795038
-0.002896448992244
-0.002068030619490
-0.001526308031157
-0.001559276983668
-0.002340619275865
-0.003787453992463
-0.005501202104342
-0.006902459396364
-0.007467380542270
-0.006992020647662
-0.005772108729595
-0.004410231090759
-0.003345830872190
-0.002749287033172
-0.002732190159009
-0.003266411718156
-0.003954970042142
-0.004223961363836
-0.003802773240689
-0.002852517397018
-0.001713360233998
-0.000667606135428
0.000155700843918
0.000716324916695
0.000970900435980
0.000889173647513
0.000513351701378
-0.000017434643204
-0.000647560285907
-0.001682510654988
-0.003600623546750
-0.006377713641540
-0.009169110875997
-0.010876673519160
-0.010989760502439
-0.009798427306080
-0.007983172624316
-0.006137032128249
-0.004477785119360
-0.002897173340025
-0.001369533132874
-0.000262536877813
-0.000086143601501
-0.000891992850505
-0.002109583198275
-0.003063873980249
-0.003443385399977
-0.003264744109397
-0.002671202089912
-0.001880342792186
-0.001185917889652
-0.000840741337947
-0.000883325963385
-0.001102010624998
-0.001299375366006
-0.001679499751416
-0.002739972346293
-0.004606447047832
-0.006723332946813
-0.008243237169809
-0.008446264413833
-0.007015256587302
-0.004272740649486
-0.001060425529745
0.001677715331576
0.003204974206369
0.003160317865363
0.001803045958444
0.000024949290997
-0.001298286265598
-0.001964053893795
-0.002341663781209
-0.002828896442800
-0.003490655599553
-0.004021334508365
-0.003975731805129
-0.003206025467536
-0.002025577165288
-0.000839541644891
0.000103515770068
0.000511326809694
-0.000005766582501
-0.001550826458854
-0.003622580531545
-0.005390732573420
-0.006258506777030
-0.006034852709989
-0.004814816269117
-0.002884379117937
-0.000570826737442
0.001846333207453
0.004115047094034
0.006056309767595
0.007503804979675
0.008144219085332
0.007625172768269
0.005769074385654
0.002647925378882
-0.001282000658352
-0.005144922274974
-0.008034518438723
-0.009441316237986
-0.009220109554103
-0.007325976005612
-0.003782874864009
0.001048853278623
0.006242690210309
0.010507977842995
0.012764974811941
0.012637745413529
0.010494721772907
0.007088871326086
0.003195381885426
-0.000456785524131
-0.003020384040224
-0.003751664520058
-0.002759088238391
-0.001004629856660
0.000702710294817
0.002180302001056
0.003502520656875
0.004760223634941
0.005983076523322
0.006895860887808
0.006977153946304
0.006041179300658
0.004550217660414
0.003229582541963
0.002646158044203
0.003037402668514
0.004073851536297
0.004938155513112
0.004974553721107
0.004134907352726
0.002891673883287
0.001980266665361
0.001952749581982
0.002703786934071
0.003601644565329
0.004120096966382
0.004144103432686
0.003762983768950
0.003120933531905
0.002504863606075
0.002248756256584
0.002392504394036
0.002570051975705
0.002293115741779
0.001364300202509
0.000127052468047
-0.000714266525065
-0.000622797481335
0.000402372457665
0.001958121092526
0.003711627068977
0.005609443240993
0.007490682640767
0.008760098554555
0.008724976216151
0.007214446544211
0.004764435260235
0.002178453394843
0.000115921296115
-0.000968813075186
-0.000967474651736
-0.000130521021952
0.001213722220649
0.002660012189862
0.003632558669279
0.003765919045783
0.003290615393289
0.002784111180639
0.002682809355829
0.003087750371698
0.003741545321643
0.004179092658139
0.004145659365062
0.003868304908827
0.003762479536225
0.003959105651213
0.004312488592710
0.004597440402000
0.004525660494292
0.003898355612783
0.002729462964788
0.001141317235559
-0.000595559024215
-0.002027847779888
-0.002769813323313
-0.002634650247636
-0.001535625455027
0.000459340937136
0.003010264419879
0.005600390992516
0.007718661892064
0.008949700704926
0.009035638176895
0.007967373859056
0.005902221346872
0.003024920003792
-0.000252201847974
-0.003089951796903
-0.004605816822652
-0.004517323973158
-0.003210243651740
-0.001174511726114
0.001364076225990
0.004275072879473
0.007250525431869
0.009677285621507
0.010781967253208
0.010123707142698
0.007862032188756
0.004453389420230
0.000431961327377
-0.003427931442238
-0.006173183066880
-0.007099679950808
-0.006011991435106
-0.003232022025585
0.000478079580384
0.004208029404443
0.007257453196434
0.009221811793240
0.009904585834310
0.009363074000039
0.007997320036394
0.006358299274991
0.004807303262857
0.003386442895130
0.001971664622466
0.000570009016955
-0.000601966212071
-0.001368948219870
-0.001723055751734
-0.001698722112629
-0.001246949691505
-0.000227411744479
0.001420512370328
0.003492488082766
0.005536655826388
0.007055513551873
0.007665309743363
0.007073973622510
0.005171818335682
0.002290591396664
-0.000771550243530
-0.003044047480773
-0.003789606738570
-0.002888603292168
-0.000909114871037
0.001357898266762
0.003320390635523
0.004533429356299
0.004674331003538
0.003701124198000
0.001925982433360
-0.000039284270459
-0.001563372102950
-0.002349114542106
-0.002498088746910
-0.002219352350813
-0.001475346893032
-0.000111852458570
0.001647681312868
0.003127112287150
0.003659463993087
0.003095281874566
0.001876518403285
0.000513680846095
-0.000902948022928
-0.002491876159074
-0.004073290789394
-0.005078010906113
-0.004914335874972
-0.003461010975131
-0.001251272458217
0.000843919483351
0.002088030922931
0.002163637660385
0.001109731451073
-0.000873685166531
-0.003279906148929
-0.005307298849354
-0.006429289957902
-0.006630441053293
-0.006122442080265
-0.005157755153298
-0.003953206060226
-0.002687545192902
-0.001612391372312
-0.001009731996779
-0.000986790063814
-0.001459414098157
-0.002244476874259
-0.003032801473113
-0.003548614609989
-0.003767659920344
-0.003751559598854
-0.003540409178382
-0.003344333452514
-0.003510852510645
-0.004192389452866
-0.005182498217006
-0.006100652964692
-0.006585929423250
-0.006361972893324
-0.005360137665997
-0.003873515170326
-0.002535991347647
-0.001975714935772
-0.002478560074832
-0.003978735439932
-0.005976429886632
-0.007505577604229
-0.007727528977925
-0.006534502366158
-0.004409097845282
-0.002017012100375
-0.000006583344784
0.001139396554324
0.001153264559677
-0.000076534007577
-0.002407253195497
-0.005365023540362
-0.008297853348157
-0.010569262807505
-0.011733133267349
-0.011627115471966
-0.010354671327431
-0.008328947806815
-0.006249140427615
-0.004755157526789
-0.004025209341091
-0.003769642451833
-0.003577218611090
-0.003248280727961
-0.002843119379980
-0.002405613364720
-0.001841577892614
-0.001248906429926
-0.001083153652548
-0.001819026292909
-0.003472900301095
-0.005396697297262
-0.006733413410930
-0.007188959886185
-0.007108734044890
-0.006823946558980
-0.006300764507186
-0.005445576829013
-0.004391917761333
-0.003427060797527
-0.002756102207512
-0.002346903249118
-0.002125048365241
-0.002291984576570
-0.003221489348499
-0.005025664851124
-0.007261478720234
-0.009073723474192
-0.009723860088197
-0.008979741969491
-0.007072429685947
-0.004556991358330
-0.002238829252428
-0.000875515072015
-0.000710448533342
-0.001417404894569
-0.002526265359272
-0.003669571200902
-0.004486648535804
-0.004781919771802
-0.004839868306513
-0.005155790631886
-0.005923555441266
-0.006977430628805
-0.007905299548516
-0.008156299788676
-0.007347553407149
-0.005533290773423
-0.003136818113535
-0.000716068548193
0.001161953939525
0.002114440841578
0.002178362843297
0.001585674015252
0.000416108557995
-0.001235992376567
-0.003025027939560
-0.004522819781513
-0.005438576284861
-0.005670534365512
-0.005354081413625
-0.004759119605287
-0.004044482245262
-0.003258336798755
-0.002522913687455
-0.002058275679424
-0.001991968069916
-0.002225513731463
-0.002571979590169
-0.002910418109285
-0.003151763580394
-0.003192145899351
-0.002951398238423
-0.002501353394621
-0.002132574567590
-0.002123056228089
-0.002438009029850
-0.002693007808567
-0.002338836395836
-0.001032753012496
0.000912845521153
0.002554596111535
0.002993345621808
0.001955517940070
-0.000259283198974
-0.003079115768334
-0.005696506428424
-0.007101911730435
-0.006511072307081
-0.003837294541783
0.000182007622701
0.004256774982464
0.007165985831333
0.008287278245292
0.007568103417709
0.005188593537191
0.001460169672267
-0.003001408483914
-0.007164200899721
-0.009758635172382
-0.009759932420238
-0.006957069222229
-0.002154273179870
0.003261824414228
0.007933351695613
0.010765806900695
0.011095790516270
0.009084242034357
0.005731607714349
0.002281309109021
-0.000360363157608
-0.001784857823683
-0.001873286392859
-0.000575314154989
0.001984452284821
0.005256286394087
0.008261987980251
0.010073046066409
0.010376634463798
0.009415035109183
0.007599735321690
0.005363799500800
0.003103730266050
0.001161759114940
-0.000104236045908
-0.000324815149647
0.000770134034046
0.003237730625594
0.006761435317573
0.010427879992170
0.012858932089510
0.012930558081435
0.010499568312751
0.006513513415061
0.002508048832193
-0.000152945603509
-0.000838352658436
0.000327332539846
0.002819850761651
0.005991917584702
0.009154469212316
0.011645584799687
0.012914050232277
0.012668488729613
0.011080525268495
0.008646376775371
0.005772268518379
0.002773209869269
0.000180229518876
-0.001323070060983
-0.001219504099596
0.000607183423562
0.003749133771117
0.007423343967770
0.010759023459756
0.012855556641193
0.012811554608085
0.010208376878161
0.005801420780545
0.001425594576018
-0.001076407620494
-0.000847194883320
0.001737750047986
0.005429506365721
0.008840270842015
0.011106516771768
0.012005657202768
0.011626044019111
0.010124661933222
0.007744497722756
0.004837938061364
0.001859665956150
-0.000660925791898
-0.002112303406145
-0.001815429404173
0.000470546522471
0.003947521947761
0.007042861574815
0.008353432008400
0.007416733863198
0.004816769630646
0.001744243602743
-0.000602861606747
-0.001500658472438
-0.000808591083201
0.001171882335589
0.003784779663755
0.006221761557748
0.007919134859809
0.008767576934366
0.008916039714200
0.008403311458076
0.007051098165899
0.004711773600222
0.001569456089334
-0.001751407043953
-0.004397105226196
-0.005660991341559
-0.005201149885031
-0.003054797491746
0.000360430798394
0.004210998480298
0.007522350127498
0.009728848257987
0.010812834562437
0.010909263696059
0.009977890546949
0.007905032676141
0.004846253582402
0.001483782594724
-0.001087857041224
-0.001936766036734
-0.000868654805080
0.001416360499808
0.003715587728477
0.005198015222036
0.005821783491097
0.005824841538612
0.005389114620793
0.004831233271849
0.004498608621649
0.004450054289048
0.004459317581656
0.004143479184931
0.003138112314220
0.001507215457244
-0.000155531740080
-0.001341875569016
-0.002062720838954
-0.002360362826806
-0.001853352454431
-0.000192463507719
0.002432572866974
0.005410833476629
0.008007459657970
0.009692493143358
0.010364062553160
0.010106204922467
0.008936555618983
0.006952335385472
0.004384128494581
0.001495707433325
-0.001327892931286
-0.003601495480821
-0.004940224708384
-0.005188017426279
-0.004604584513178
-0.003807168925005
-0.003246070013210
-0.002892548738485
-0.002363641555906
-0.001158843714418
0.000943139984293
0.003559161596195
0.005955601176252
0.007602980021930
0.008390509779306
0.008401313572743
0.007612400523761
0.005897524870213
0.003291214778223
0.000228466200139
-0.002478695814196
-0.003997045976775
-0.003821869083322
-0.001936802904685
0.001125393572980
0.004467629482314
0.007126002274163
0.008274954507464
0.007517255414580
0.005064693986950
0.001528955221151
-0.002401679096072
-0.006119191228063
-0.009120094536603
-0.010906243728109
-0.010822195877659
-0.008291599914580
-0.003470871922064
0.002564821997145
0.008323083940370
0.012373708240818
0.013685212322609
0.012013720496994
0.007995212343750
0.002846056880434
-0.002076674925800
-0.005783193837867
-0.007838716315988
-0.008073090346850
-0.006398488499703
-0.003015768155548
0.001214999928370
0.004754113823613
0.006111726271523
0.004655634225943
0.000744625824941
-0.004477058284661
-0.009375969922612
-0.012427461585709
-0.012767322344404
-0.010235015209235
-0.005287758125447
0.000866179224467
0.006514296706756
0.010231560400572
0.011304801766783
0.009593417330466
0.005422946013224
-0.000426626722062
-0.006727155023650
-0.011969192160754
-0.014962252630209
-0.015255417397412
-0.012907636067529
-0.008346913761493
-0.002567616381210
0.002944011530749
0.006637001171407
0.007387484445660
0.004984590011102
0.000389329477466
-0.004721058747230
-0.008938885251325
-0.011641127708095
-0.012789202868820
-0.012576653401211
-0.011072039596273
-0.008078419649232
-0.003552339369763
0.001998239572488
0.007622720446679
0.012058546201751
0.013946036175955
0.012458180814282
0.007690484846164
0.000561161221123
-0.007276688594656
-0.013766309285109
-0.017354107337736
-0.017598691716996
-0.014848683487728
-0.009789781537051
-0.003500669873072
0.002372732299652
0.005964238254240
0.006138018713610
0.003127509041554
-0.001701961756595
-0.006443025804299
-0.009362061618555
-0.009626853124525
-0.007483961914462
-0.003859232931410
0.000083238384512
0.003187755331446
0.004560203358314
0.003850689238279
0.001267839336996
-0.002563249659640
-0.006563178880244
-0.009256695017332
-0.009385469643575
-0.006790603727191
-0.002764800033040
0.000559903831008
0.001508331514926
-0.000101255247400
-0.003094239460368
-0.005967844925949
-0.007749842361827
-0.008185040441864
-0.007438399590357
-0.005749936255842
-0.003342569682008
-0.000622038510811
0.001538809304481
0.001910149973468
-0.000381343235909
-0.004920744645116
-0.009594433954798
-0.011437521143623
-0.008545186417213
-0.001691755047964
0.005720640529686
0.009581624026855
0.007561478731333
0.000475313636254
-0.008309238822061
-0.014940219385972
-0.017107943511685
-0.014805745839951
-0.009762803812950
-0.004196001275311
0.000309915055911
0.003148227101864
0.004222202721644
0.003474841254236
0.001110337711347
-0.002053225979313
-0.004813022638313
-0.006068160782244
-0.005268019932891
-0.002820491910455
-0.000001698188012
0.001789545712798
0.001868336949202
0.000486589141824
-0.001741910809220
-0.004359534294253
-0.006989124949926
-0.009208300329701
-0.010504055548853
-0.010259459506479
-0.008163872373124
-0.004685157720725
-0.000880622690091
0.002151811155903
0.003568603555526
0.002927327257399
0.000373220009074
-0.003323528760376
-0.006943841222819
-0.009193049586688
-0.009239084918021
-0.007067463832216
-0.003404482094117
0.000641962669978
0.003928965190291
0.005410702827859
0.004260056921875
0.000279549975038
-0.005561117860417
-0.011046259456916
-0.013661101210871
-0.012114732483451
-0.007160077944500
-0.001176274105525
0.003167899027619
0.004447745336884
0.003110768378590
0.000787342943328
-0.000871127790156
-0.001064384180339
-0.000319258548996
-0.000131790019893
-0.001684739039911
-0.004921238379296
-0.008758594225959
-0.011664162500332
-0.012101781436558
-0.009245353643516
-0.003639612843863
0.003064643704112
0.008848728482283
0.011791866324801
0.010693400120687
0.005725728089146
-0.001583778979422
-0.008912549152289
-0.014062052691800
-0.015931246245558
-0.014704995785207
-0.011205120067715
-0.006285746581589
-0.000765912882706
0.004344084420999
0.007804423339034
0.008578600853205
0.006485518577655
0.002403186325161
-0.002284649776287
-0.006385343446054
-0.009039960482078
-0.009569605613641
-0.007586979727859
-0.003294987550983
0.002432011689363
0.008279170553785
0.012810070085811
0.014675189076233
0.012862912940858
0.007272142008789
-0.000810659495199
-0.009052243044385
-0.015035785435108
-0.017183695513470
-0.015303026531919
-0.010391223556982
-0.003847996756113
0.002901217988838
0.008353658732622
0.011370054187371
0.011723080870944
0.010009898183073
0.007256672761088
0.004409924232700
0.001798682482275
-0.000763166602018
-0.003230174837295
-0.005029698075747
-0.005486770350795
-0.004224318839967
-0.001388386957193
0.002309383918689
0.005848575506296
0.008152400139518
0.008327107355087
0.006078989955651
0.001994459280503
-0.002753225796615
-0.007007507855024
-0.009926456001037
-0.010993732692035
-0.009945079128945
-0.006762618303946
-0.001985347096999
0.003213971350053
0.007581752152912
0.010127858780127
0.010158713399718
0.007654057099958
0.003442685641693
-0.001288935095891
-0.005378142485343
-0.007712481252259
-0.007575031403284
-0.005140765604322
-0.001335996338741
0.002709230581606
0.006037590871630
0.008047660122839
0.008467355324843
0.007239500059936
0.004558484016638
0.000951513835718
-0.002745235417071
-0.005594100713208
-0.006957477039765
-0.006658201756402
-0.004714647729036
-0.001315604775814
0.002848510488185
0.006611417628043
0.008816497237136
0.008806239782921
0.006654107063904
0.003123990969200
-0.000644961561401
-0.003663704996712
-0.005345746911748
-0.005403195597265
-0.003862804909369
-0.000988169043496
0.002943974229115
0.007519635207738
0.011988001988614
0.015277781835032
0.016121258556511
0.013574910462894
0.007825307574379
0.000344947838463
-0.006791474074305
-0.011690958224745
-0.013321452863811
-0.011769383051046
-0.007670937136765
-0.001783376574929
0.004769669982995
0.010549818697856
0.014403278923726
0.015752489698028
0.014376920718813
0.010432144779693
0.004736370787344
-0.001309245120086
-0.006069784554917
-0.008222191554090
-0.007403782506848
-0.004255032166235
0.000083372160513
0.004452455458162
0.008043629039931
0.010410357159321
0.011188400849852
0.010173988000265
0.007666390604383
0.004430353973927
0.001274233893461
-0.001302763055326
-0.003110221691277
-0.004053016965498
-0.004055280418338
-0.003145204381017
-0.001465422933439
0.000804705233645
0.003440619210001
0.006008573820952
0.007743951266882
0.007764543338019
0.005608931990400
0.001762736830451
-0.002403781069395
-0.005393392804569
-0.006243031749163
-0.004719941080839
-0.001313271721972
0.002977266310452
0.006946655059958
0.009423598383696
0.009619925298054
0.007500295713288
0.003717358536219
-0.000826166885245
-0.005293297274347
-0.009003133482823
-0.011340515176504
-0.011602527099104
-0.009315651439493
-0.004912284844517
0.000346385578617
0.005273327597906
0.009180110594356
0.011575640911347
0.011976130589527
0.009973019604199
0.005569641297579
-0.000287241483734
-0.005901129209969
-0.009723557689817
-0.010866025515751
-0.009259583197172
-0.005697788131878
-0.001422194349612
0.002384538588199
0.004844044614644
0.005616302995737
0.005049289642648
0.003901142865939
0.002771324435074
0.001825945640212
0.000932823778571
-0.000098166296267
-0.001298909025322
-0.002517558870886
-0.003541671729103
-0.004123541348648
-0.004006326646358
-0.003083518659342
-0.001527657727251
0.000262513806210
0.001892306599884
0.003179261890172
0.003954551643647
0.003772064092139
0.002284194187257
-0.000175631615711
-0.002579608240386
-0.003662630463473
-0.002788647441225
-0.000650359474252
0.001302958393605
0.002136864568081
0.001868493886646
0.001088931397687
0.000542380474470
0.000737512530742
0.001655571180809
0.002858511199756
0.003840281970410
0.004222036357651
0.003851791678514
0.002952890128647
0.002095052679618
0.001769318527780
0.001776252282057
0.001231125294845
-0.000439083430077
-0.002690919295701
-0.004402041828505
-0.004929217617608
-0.004366261138126
-0.003104300223628
-0.001394540406356
0.000772151768624
0.003389090073353
0.005999640522426
0.007624603490357
0.007307815456747
0.004896295026962
0.001201461417752
-0.002665689471462
-0.005780527609710
-0.007350035892479
-0.006984176278669
-0.005104501742452
-0.002588963985504
-0.000162491892876
0.001782133283052
0.003233985615298
0.004379987237121
0.005034266836293
0.004575379463821
0.002676289633810
-0.000288000177449
-0.003492615766681
-0.005964641767343
-0.006995109750481
-0.006519850917849
-0.004926174300877
-0.002647482615572
-0.000091502692279
0.002283960923160
0.004176275270419
0.005576862650169
0.006257722094136
0.005502159118425
0.002841303382326
-0.001272201488902
-0.005573686774643
-0.008480440627846
-0.008779667284025
-0.006280187437175
-0.001853888058656
0.003142523253461
0.007480764265910
0.010316407195783
0.011095004895478
0.009501275237552
0.005648469886582
0.000187943314560
-0.005816100295661
-0.011091557020726
-0.014253061227784
-0.014062471937611
-0.010158217687307
-0.003488825334788
0.004039511002343
0.010276213928714
0.013682653822358
0.013854114265309
0.011281048986016
0.006812600733383
0.001389813782767
-0.003902242907701
-0.007886377059619
-0.009714353330331
-0.009224053047911
-0.006800300627886
-0.003075205125804
0.001137126277785
0.004923664583955
0.007524028888803
0.008504730377144
0.007746386667056
0.005401655958223
0.001915817972893
-0.002033600548385
-0.005582670368564
-0.007715603124267
-0.007655379019532
-0.005302511597102
-0.001191241558662
0.003740011747635
0.008243082072369
0.010943419147953
0.010778082582805
0.007579952598644
0.002409396768809
-0.002938796978308
-0.006835949146017
-0.008198938115311
-0.006726184113360
-0.003252784439722
0.000674375133973
0.003815652033418
0.005713019186087
0.006548446184042
0.006734154461368
0.006375800143593
0.005153013300634
0.002752444512497
-0.000679297965846
-0.004345393488593
-0.007016573252916
-0.007588552135244
-0.005519814653759
-0.001058019007180
0.004628176425711
0.009778065728704
0.012795522723570
0.012737662058950
0.009467364690355
0.003687550911289
-0.003201276821102
-0.009247244719086
-0.012332243182063
-0.011135081847814
-0.005913230624316
0.001644458202180
0.009193183633541
0.014596292903845
0.016529336724379
0.014657755729858
0.009583215673272
0.002678505636866
-0.004346151770380
-0.009873655680771
-0.012508010649689
-0.011371639861847
-0.006664420148153
0.000197097024433
0.007014746724205
0.011592360811121
0.012696241906703
0.010565309205301
0.006454218915221
0.001685732218994
-0.002879539770671
-0.006682040294366
-0.009109442513814
-0.009474756647557
-0.007283840715078
-0.002596621907023
0.003532637709723
0.009144125117393
0.012504085747664
0.013126829857151
0.011495421016923
0.008172391120899
0.003437363043104
-0.002403937410165
-0.008512764961656
-0.013450357043282
-0.015714210885420
-0.014317661988576
-0.009217851958835
-0.001685986398689
0.005980154174301
0.011491196318427
0.013417670550603
0.011536763023970
0.006711389654187
0.000279812945715
-0.006387667029099
-0.011864539132459
-0.014733451446958
-0.014075029508537
-0.010096748580096
-0.004189726763718
0.001776477785434
0.006173336791328
0.008030697935382
0.007442694842915
0.005544569985480
0.003595432528256
0.002024579895095
0.000400235181190
-0.002056379935922
-0.005937403958617
-0.011023518929367
-0.015915828631434
-0.018419173399363
-0.016607933343487
-0.010120215525855
-0.000700073616938
0.008674655336861
0.015168254103980
0.016839171119547
0.013088890735631
0.005043032814010
-0.004881190437115
-0.013945221985217
-0.019733593327476
-0.020728097709885
-0.016837042249586
-0.009279460282395
-0.000021137281240
0.008721272793734
0.014965415865642
0.017398117882429
0.015452316648594
0.009305175698570
0.000160381301536
-0.009729062669134
-0.017815776145481
-0.022199042055703
-0.022087685815620
-0.017921801358750
-0.011082996292132
-0.003071546759602
0.005069196874745
0.012521808742484
0.018137812137590
0.020348829763413
0.017881367920374
0.010664838906845
0.000150404394999
-0.011037673648499
-0.019909005758871
-0.024047559626186
-0.022238273586351
-0.014737008154564
-0.003445134911744
0.008375242590985
0.017247580162138
0.020759080275648
0.018217064739598
0.010584786119024
-0.000140930700344
-0.011505128999987
-0.020811792710496
-0.025430610945347
-0.023559700854829
-0.015197421458705
-0.002662259411032
0.009959230658301
0.018478365684456
0.020378331903633
0.015462580259608
0.005420316583124
-0.006858052030302
-0.017953901680978
-0.024668131590085
-0.024842665070391
-0.018088088869192
-0.006010840180097
0.008140190412287
0.020270528344051
0.026565896570244
0.024662127647853
0.014699103872916
-0.000255055692084
-0.015207331656897
-0.025351285439324
-0.027913862496793
-0.022824350149109
-0.012309780952240
0.000158369417899
0.011087285583118
0.017796609089935
0.018713623291402
0.013581384221643
0.003861491119136
-0.007281449983692
-0.015983262285902
-0.019120664829935
-0.015358087959252
-0.005661778824299
0.006767670892610
0.017570676269053
0.023107347535452
0.021957908384040
0.015173546896089
0.005388997136957
-0.004543967191122
-0.012580354593849
-0.017692721732375
-0.019489656071640
-0.017799897065127
-0.012733670608273
-0.005174006979732
0.003044619014474
0.009802429913086
0.013740217364380
0.014634375137651
0.012919718247502
0.009137476070298
0.003770037539808
-0.002531802340151
-0.008671583103903
-0.013208023452382
-0.014826375898536
-0.012897169102929
-0.007729418010543
-0.000436756209501
0.007279941324395
0.013404654278286
0.016253241064048
0.015307490507714
0.011230524828654
0.005045284453720
-0.002186782358251
-0.009044367531494
-0.013821764287593
-0.015035577167087
-0.011904547480286
-0.004950578849155
0.003689310240089
0.011055778745391
0.014762450781421
0.013947984466209
0.009430512359531
0.003104859604284
-0.002971299758733
-0.007292446126076
-0.009175503823645
-0.008501007739471
-0.005393853493511
-0.000317610509820
0.005598558582741
0.010479646313778
0.012345118224544
0.010243923651407
0.005000221989955
-0.000982118903227
-0.004897628368295
-0.005070516116803
-0.001737421002154
0.003283233838847
0.007506152745503
0.008874668076423
0.006775538022844
0.002306344050312
-0.002481802266933
-0.005640166514308
-0.006017774268936
-0.003524890661206
0.000971275491487
0.006086688196519
0.010583184304292
0.013630472675224
0.014471365379227
0.012535797631254
0.008140856017485
0.002559633047889
-0.002667338895834
-0.006263085638580
-0.007432288700951
-0.006058903666576
-0.002682258512836
0.001770827134573
0.006177372104527
0.009447243752015
0.010922440331600
0.010594731407848
0.008987150148979
0.006878199516566
0.004891727890956
0.003249078910792
0.001951894400240
0.000913417842705
-0.000024145123637
-0.000769837745811
-0.000790242052838
0.000494301411787
0.003134021197308
0.006431723830315
0.009204091302719
0.010315109559283
0.009202964939897
0.006106903421600
0.001824474108335
-0.002650567075803
-0.006224220898817
-0.007791671589071
-0.006673421045356
-0.003062610707911
0.002077134360044
0.007492992401507
0.012037027185241
0.014827360801261
0.015188034462662
0.012769841158551
0.007996724736541
0.002181400037287
-0.002944484282868
-0.005913804406608
-0.006130971189774
-0.004080247810973
-0.000877010199998
0.002432761897954
0.005116723946228
0.006631745363157
0.006636530355283
0.005142821404353
0.002621119246443
-0.000070035330426
-0.002047472438053
-0.002858573696708
-0.002552391027330
-0.001386767280374
0.000244371154575
0.001789029394680
0.002895788984340
0.003637269180759
0.004206869658627
0.004640820573025
0.004749906973706
0.004117209893847
0.002486791931712
0.000260268191915
-0.001808221954362
-0.003408886389311
-0.004782593776777
-0.006042566698622
-0.006705561754642
-0.005940180713179
-0.003222126985259
0.001017273068388
0.005284108283796
0.007790497233752
0.007520389711658
0.004694890298697
0.000444791374119
-0.003829149319569
-0.006917595795277
-0.008065903595706
-0.007209269841068
-0.004928994320285
-0.001978317235458
0.001179574517991
0.004392965214255
0.007354981647538
0.009188062614162
0.008748491139746
0.005464076149605
-0.000044380302723
-0.006098891072432
-0.010766291903891
-0.012707918962019
-0.011596683366187
-0.008031265882933
-0.003171414579866
0.001715275854830
0.005624786445539
0.007900873228380
0.008158477208499
0.006280512276326
0.002684201370913
-0.001348773085935
-0.004131686010437
-0.004720229749763
-0.003536882593767
-0.002016317348048
-0.001524871102928
-0.002154741195327
-0.002617920257077
-0.001541808053895
0.001222638037382
0.004408819934336
0.006159423938142
0.005299667047186
0.002200674735261
-0.001523452798499
-0.004155981333745
-0.004811370291446
-0.003683836167085
-0.001783310680024
-0.000301071475873
0.000078430583238
-0.000630512781210
-0.001932475703347
-0.003066459569499
-0.003331867420991
-0.002497746813692
-0.000840660059638
0.001163800120761
0.002974778823453
0.003927653759394
0.003481026902533
0.001608060583541
-0.001169024489752
-0.003958777437727
-0.005877578836263
-0.006674764296410
-0.006884000582696
-0.007092651675792
-0.007182029563244
-0.006429063827540
-0.004212268270952
-0.000691505475770
0.002940960377625
0.005053477630245
0.004682389592715
0.002066496843451
-0.001731895366917
-0.005449000450573
-0.008034551474908
-0.008979410923538
-0.008412901162272
-0.006792205326605
-0.004625067942056
-0.002401279562288
-0.000509587553926
0.000679440896347
0.000763832109957
-0.000304491625518
-0.002047973495254
-0.003901496281425
-0.005470185711021
-0.006408720402377
-0.006534241570251
-0.005953566932353
-0.004884040165872
-0.003645262354420
-0.002687632476600
-0.002250060896647
-0.002141069852860
-0.002019523679677
-0.001759859922757
-0.001475896850640
-0.001340698576172
-0.001392533449406
-0.001414585641701
-0.001227958908437
-0.001151236320424
-0.001837131700699
-0.003595839650432
-0.006031318909889
-0.008219880046375
-0.009079366430039
-0.007869809779137
-0.004681373702090
-0.000385075081742
0.003826726428782
0.006807488473253
0.007741911822779
0.006313566461102
0.002660428330923
-0.002604607771772
-0.008297800740861
-0.012841447558768
-0.014680448183278
-0.012732600578137
-0.007036357493024
0.000664035457045
0.007472652445521
0.011085624047239
0.010989730926603
0.008117870227285
0.003863327673192
-0.000636275211949
-0.004689060809403
-0.007783624977161
-0.009399131391125
-0.009213554970351
-0.007370952352060
-0.004385659811112
-0.000860276657776
0.002585672972198
0.005364125609193
0.007083416024580
0.007495227285113
0.006376410253674
0.003641068653902
-0.000528932420578
-0.005464837620404
-0.009795081595132
-0.011874064955595
-0.010819700130788
-0.007165653968824
-0.002430185981156
0.001751000437551
0.004189188617700
0.004513537617226
0.003240766706537
0.001413520695937
0.000160259520251
0.000339743748965
0.002078216255099
0.004487200393944
0.006153488263881
0.005976250527450
0.003709818323507
0.000331681600042
-0.002290494836604
-0.002827615551863
-0.001399986494507
0.000982782818529
0.003147894033054
0.004090756793807
0.003351840486771
0.001133704683935
-0.001952240413023
-0.005018641713068
-0.006975629724058
-0.006949408477573
-0.004881839491494
-0.001663668603995
0.001435774705033
0.003397629646982
0.003749702022555
0.002757773032229
0.001294600290020
0.000318288834682
0.000442714349665
0.001668489903704
0.003350957868853
0.004692559433943
0.005259343571423
0.004942946184264
0.003739148596073
0.001797890207358
-0.000376108464474
-0.001969944499172
-0.002250463204315
-0.001038029305126
0.000977737953759
0.002584642692859
0.002987995539537
0.002234100873318
0.000871056347676
-0.000379720985863
-0.000871454160278
-0.000430034375868
0.000599834955333
0.001727511503494
0.002461611810090
0.002426177211245
0.001712709605779
0.000838565650844
0.000306435398610
0.000426740025363
0.001305963004915
0.002644267037731
0.003706614843386
0.003819488041687
0.002892962086058
0.001355268754246
-0.000124874094156
-0.000766519802045
-0.000135108453414
0.001418125140013
0.003054892462161
0.003981379020716
0.003750463075196
0.002395205391757
0.000313590596089
-0.001986346162726
-0.003999188849369
-0.005164909241207
-0.005057818334810
-0.003869830238729
-0.002350049772309
-0.001087329003330
-0.000109355871653
0.000795017553346
0.001529742499409
0.001624276505841
0.000728803458509
-0.000948259966935
-0.002653365045912
-0.003516749607346
-0.003121124812486
-0.001680686796260
0.000335354895164
0.002484110690462
0.004137244254987
0.004502726985323
0.003195708426355
0.000518775759930
-0.002805470576832
-0.005949812364973
-0.008230855549808
-0.009273272159595
-0.008959516175531
-0.007355208322170
-0.004763590699125
-0.001703224567314
0.001234800438744
0.003472032326851
0.004523080928505
0.004186060594294
0.002673910843902
0.000485594620828
-0.001829048406061
-0.003781561749130
-0.005073949258032
-0.005733945502258
-0.005913234066009
-0.005596559671401
-0.004660559563485
-0.003056007059256
-0.000901631089407
0.001436894663415
0.003333079554406
0.004161500913195
0.003747251437787
0.002384424328414
0.000430338212664
-0.001780939129552
-0.003774797970906
-0.005067237710891
-0.005435510440647
-0.004964407603122
-0.003880237165852
-0.002418108738714
-0.000865090518077
0.000433212296728
0.001270686940474
0.001791272048985
0.002341723201060
0.002910494471237
0.002951807013436
0.002036670663702
0.000339179787557
-0.001579606404722
-0.003020075794246
-0.003382418249493
-0.002701803441090
-0.001730354013417
-0.001161499825527
-0.001125515519660
-0.001541158531224
-0.002385456566473
-0.003492952147179
-0.004452909887168
-0.004762180171727
-0.004111521270718
-0.002647663245085
-0.000877369890811
0.000768364537561
0.002247333672566
0.003692583520820
0.004950162127856
0.005586117711077
0.005244832854208
0.003770019148799
0.001236077473651
-0.001901290842520
-0.004844891336585
-0.006774076877960
-0.007152864190912
-0.005924167309292
-0.003607101946721
-0.001123269204239
0.000749600638980
0.001936180421708
0.002866273811441
0.003623732727731
0.003764320493662
0.003000065761034
0.001537042948171
-0.000193728736535
-0.001718952251116
-0.002567817645101
-0.002560921437188
-0.001981628374829
-0.001218071784737
-0.000507951880818
-0.000094472436526
-0.000098329176978
-0.000212477070167
-0.000071470801299
0.000135335939684
-0.000115857634836
-0.000947089831181
-0.001858814903698
-0.002200738139878
-0.001760150543366
-0.000901747108932
-0.000212750942758
0.000019013745722
0.000100902413664
0.000588080229334
0.001539770889080
0.002384427536374
0.002581382942394
0.002012141595654
0.000709776614568
-0.001229600001103
-0.003358083692318
-0.004877374220446
-0.004983523404638
-0.003238567305943
0.000004890579219
0.003475344794006
0.005764533402082
0.006392913957857
0.005822495426505
0.004676216679075
0.003421944582744
0.002425548407164
0.001659878394713
0.000576053351125
-0.001220049331945
-0.003326299676277
-0.004818787861897
-0.004877607092881
-0.003122055569341
0.000130840321737
0.003701592772584
0.006188357438438
0.007100565910870
0.006905235609395
0.006064958111944
0.004714279739796
0.003014990656724
0.001184197193403
-0.000570219776235
-0.001828651144227
-0.002092157090975
-0.001325245324573
0.000051491839457
0.001726173365987
0.003544137786341
0.005116435614154
0.006012276794141
0.006262699238749
0.006192602492110
0.005948952587152
0.005548334989703
0.005030414171733
0.004294864649834
0.003178215499887
0.001842013640617
0.000737308561656
0.000122234379244
-0.000093414215402
-0.000065145374110
0.000116528915451
0.000372575577388
0.000780235177527
0.001631368537786
0.002968591517509
0.004240450295745
0.004751559266502
0.004197072692833
0.002697246754395
0.000763980903527
-0.000782536412261
-0.001320578990700
-0.000977439428348
-0.000398656245646
0.000029819798170
0.000419150281844
0.001032372506775
0.002075117881960
0.003612086544664
0.005318609181653
0.006402026134732
0.006061754905563
0.004119563234875
0.001230015009158
-0.001399020910119
-0.002614555268573
-0.002042256887905
-0.000360825542687
0.001212010491632
0.001803780245747
0.001340714263150
0.000259305755517
-0.000899507346238
-0.001648984990033
-0.001768809870031
-0.001381278412076
-0.000694112530815
0.000123204306999
0.000878543994642
0.001435976357321
0.001744370310947
0.001692087388405
0.001122383366405
0.000132906229230
-0.000757291857816
-0.000984111188325
-0.000477602757630
0.000342828526834
0.001039720080996
0.001518160170707
0.001925178466693
0.002191072899322
0.001808019567228
0.000209093334791
-0.002564858954316
-0.005599106049615
-0.007711294512005
-0.008303947611190
-0.007549042293938
-0.005982932554349
-0.004042716391901
-0.001913635700248
0.000365791678428
0.002788595027140
0.005261801299775
0.007480309638256
0.008733121427665
0.007862686394669
0.003884709782268
-0.002964709217817
-0.010697267343852
-0.016248819797352
-0.017041387610524
-0.012399958381101
-0.004006901163831
0.004947031328155
0.011331363725114
0.013238046152198
0.010444982010315
0.004353826451175
-0.002616345029056
-0.007969495175056
-0.010140449248731
-0.009078822948260
-0.005815111322903
-0.001632965136086
0.002162728893364
0.004325977549209
0.004166782673491
0.001855963457832
-0.001736369193186
-0.005286125178514
-0.007500894692512
-0.007715488508508
-0.005958249866439
-0.002684431151377
0.001332087970088
0.005009652981887
0.007147605831474
0.006934614347921
0.004502148240892
0.001032873767111
-0.001865408510673
-0.003191458509700
-0.003056026344762
-0.002201526049977
-0.001226279029363
-0.000402098276791
0.000126178218583
0.000309662018500
0.000154544864402
-0.000373213924460
-0.001186195104199
-0.001893906143207
-0.002137095253617
-0.002087222419398
-0.002305406900168
-0.003072768556667
-0.003877455856492
-0.003560362361749
-0.001128864013665
0.003349338441711
0.008451922035031
0.012076243886749
0.012708738827775
0.010220599908818
0.005642418652082
0.000423713358145
-0.004070344487418
-0.006650795357895
-0.006447828342517
-0.003348272789603
0.001663176644874
0.006659752712133
0.009467172498036
0.008654572401225
0.004298389425058
-0.002103136096072
-0.008428016865750
-0.012602433933365
-0.012986855008033
-0.008898314665038
-0.001215313277556
0.007596424350611
0.014475631147411
0.017145444982059
0.015021286167421
0.009340746977338
0.002425390029050
-0.003502303579539
-0.007118456325768
-0.008090894657330
-0.006716019264736
-0.003484265412461
0.001025289659581
0.005931516537558
0.009991952543550
0.011788070120799
0.010222990962472
0.005458237332803
-0.000697737680282
-0.005731579540145
-0.007782727299569
-0.006498509207566
-0.003279818642282
-0.000467469886060
0.000518007613019
0.000217279366373
0.000120599009945
0.001150850380128
0.003166504761982
0.005296268659779
0.006610573696014
0.006664459824997
0.005573455545784
0.003705520275151
0.001305102943703
-0.001455049191152
-0.003995533884062
-0.005238746000068
-0.004252436952367
-0.000988667293439
0.003498985769222
0.007420320889277
0.009024526286357
0.007543882835918
0.003652296867578
-0.001026459485363
-0.004812014263575
-0.006538291937416
-0.005660273399366
-0.002268379843497
0.002722929403925
0.007631347660710
0.010493640708441
0.009727590657310
0.005012523679589
-0.002112885814331
-0.008891260796089
-0.012728977372825
-0.012055929562788
-0.006714313487143
0.001844398080274
0.011068576891900
0.018316828778687
0.021554997938263
0.019705624303796
0.013127226269333
0.003908564865543
-0.004929573026344
-0.010951724093877
-0.013251800597255
-0.012336634929260
-0.009358868690321
-0.005370290605685
-0.000981701122597
0.003364037594869
0.006934960884113
0.008995620451060
0.009366755757448
0.008344886296433
0.006435471214911
0.004236199226090
0.002194063525461
0.000397433539292
-0.001334459411672
-0.003095548840975
-0.004528780215643
-0.004831094683233
-0.003287486066548
0.000021371207701
0.004019009001534
0.007113034943279
0.007984463319529
0.006331297076236
0.003011045928293
-0.000719289303724
-0.004028956051110
-0.006506924269612
-0.007786198229370
-0.007571258404785
-0.005850573226393
-0.002910221672613
0.000711726000255
0.004261738752341
0.007066090049023
0.008896016287508
0.009724368332508
0.009290377271167
0.007365546910661
0.004121681421045
-0.000018424395702
-0.004372879597071
-0.007746274177214
-0.008837739986873
-0.007256260014585
-0.003968017878480
-0.000662860336756
0.001326339176031
0.001718411106305
0.001157766638217
0.000510329736280
0.000248434751454
0.000273896277019
0.000246899595356
0.000105483747399
0.000007481188568
-0.000185129256749
-0.000800381111310
-0.001716125748165
-0.002353747197739
-0.002206150430495
-0.001025184219730
0.001106891207724
0.003493859637119
0.004927386119518
0.004446376536519
0.002042497831659
-0.001297589875188
-0.004093705597973
-0.005185364413059
-0.004530358211992
-0.003202993937178
-0.002298599675143
-0.001854238323828
-0.001046040632502
0.000715779353820
0.003071315033239
0.004948252999957
0.005368603048292
0.003979648438409
0.001132649603825
-0.002234383322882
-0.005056958301798
-0.006592313598776
-0.006432841983265
-0.004567073556049
-0.001598341449801
0.001420671176108
0.003528755109834
0.004195101913746
0.003246581003191
0.000834058096202
-0.002420460636884
-0.005456635520402
-0.007053532316480
-0.006282695785252
-0.003082198949883
0.001500232316295
0.005804211216980
0.008319920337399
0.008065961699231
0.004791458995063
-0.000714645620438
-0.006599815576648
-0.010601302123500
-0.011144819043507
-0.008134209156618
-0.002879163579544
0.002583821813870
0.006292145799865
0.007029568620577
0.004653403527405
0.000063160371927
-0.005093776128090
-0.008954728520924
-0.010086002947389
-0.008109322858184
-0.004012272175727
0.000352393299234
0.003342360817535
0.004207994899761
0.003084133168407
0.000784780370085
-0.001562467616538
-0.003171094478821
-0.003967440938083
-0.004424126684679
-0.005204357475851
-0.006616161640108
-0.008133517592746
-0.008747982364555
-0.007908922635336
-0.005877917646076
-0.003227268164016
-0.000316750499985
0.002606482217736
0.005019884073084
0.006142165079736
0.005228777348968
0.001884094812595
-0.003443156446063
-0.009274533522923
-0.013724978627636
-0.015350104867119
-0.013526989206273
-0.008536024475539
-0.001743045711624
0.004628797627230
0.008524907435628
0.009031608621295
0.006544856483751
0.002226938218372
-0.002631436924009
-0.006853405408159
-0.009475279152958
-0.009904205434224
-0.008104992788715
-0.004908846384522
-0.001913932729259
-0.000551926570064
-0.001172955240739
-0.002961602712006
-0.004475336713352
-0.004422489306166
-0.002371757868734
0.001015218461145
0.004359419731607
0.006258023790913
0.005820036605242
0.002978542093448
-0.001293736279941
-0.005332173476810
-0.007753069562017
-0.008077317723498
-0.006484913573250
-0.003400542916086
0.000490532377677
0.004184531784030
0.006594574505889
0.006969518774175
0.005416809690714
0.003109222290449
0.001578093275806
0.001458672418545
0.002072914264982
0.002361645619999
0.001873448653852
0.000829344815183
-0.000312207612423
-0.001198213783393
-0.001592179486065
-0.001321266786182
-0.000404204661488
0.000949841426621
0.002462953012663
0.003842715070021
0.004817198689537
0.005123833291741
0.004599532032049
0.003430947322129
0.002240672369137
0.001803949245175
0.002477140633142
0.003760853516706
0.004633251325632
0.004462276875737
0.003459493148016
0.002330643714028
0.001657918331061
0.001526003618255
0.001610773906587
0.001578049886427
0.001304994672778
0.000722124168622
-0.000193582462806
-0.001128472588626
-0.001514596217880
-0.000975770791565
0.000436079377666
0.002209994066008
0.003609632687757
0.004306831795739
0.004596364341075
0.004805513522673
0.004931288011579
0.004904838125316
0.004714586011360
0.004242937114324
0.003372222953437
0.002120229415574
0.000455323002355
-0.001549531891066
-0.003312149697796
-0.004085139711652
-0.003640243795145
-0.002232161569329
-0.000163941784852
0.002263015391455
0.004561143245248
0.006109772937491
0.006451802259122
0.005588317580256
0.003950386031896
0.002010183434100
0.000152573205706
-0.001070917076511
-0.001101028596130
0.000045127660692
0.001694201425584
0.002988036925448
0.003204570462389
0.002016796978573
-0.000123906197181
-0.002145131609275
-0.003127388137908
-0.002773389280782
-0.001343506618167
0.000516939311961
0.002158355329821
0.003376514468654
0.004214730074218
0.004561346274017
0.004412413641989
