-0.001037761502426
-0.001071645968032
-0.000770961326740
-0.000194464415333
0.000421819436473
0.000692043495252
0.000366276881375
-0.000377295823223
-0.000895850746715
-0.000828073219998
-0.000525322787383
-0.000442373500185
-0.000623834619829
-0.000729809317239
-0.000598192766936
-0.000483722122430
-0.000368963391418
0.000058532112957
0.000832452893073
0.001696384303583
0.002178565395244
0.001975659176713
0.001308903124495
0.000563397226835
0.000126999539670
0.000217057705020
0.000538340299952
0.000628254159649
0.000304603019018
-0.000291573178024
-0.001004423242270
-0.001868533897923
-0.002589387252326
-0.002568688610645
-0.001728907329531
-0.000642138078849
-0.000071779205488
-0.000250073237260
-0.000582890857903
-0.000500743170929
0.000066475936473
0.000918769635865
0.001635462328511
0.001881000245974
0.001627255295683
0.001027458295145
0.000328454417993
-0.000313736644810
-0.000748322927795
-0.000783905658147
-0.000563585607224
-0.000488328597540
-0.000785002443604
-0.001235823238334
-0.001409989555895
-0.001354940921823
-0.001392086979614
-0.001498002745169
-0.001489863819711
-0.001123683734987
-0.000270295972147
0.000669188808901
0.001146418466652
0.001002409291601
0.000566319545238
0.000407978661171
0.000671806830507
0.000968383066245
0.000945757885557
0.000639596933176
0.000298463697410
-0.000111034537516
-0.000623265586806
-0.000774528543542
-0.000293657990874
0.000495028776720
0.001059377865155
0.000854488010618
-0.000159657965154
-0.001332291967188
-0.001955089076230
-0.001704272119291
-0.000904484416279
-0.000268203071112
-0.000108492597783
-0.000200767552251
-0.000219787600038
-0.000190711787138
-0.000315165737461
-0.000301979115040
0.000260870937555
0.001143476356031
0.001752862126358
0.001768952621719
0.001401186526659
0.000943977802054
0.000407315406749
-0.000099946467963
-0.000433800102788
-0.000588002373534
-0.000461224005476
-0.000213053380819
-0.000302883777836
-0.000909011193422
-0.001839449653064
-0.002557512767804
-0.002468781347221
-0.001590833741371
-0.000532381606750
0.000241537464681
0.000878511264292
0.001568216384564
0.002024207716423
0.002153644697656
0.002195265163639
0.002159101704603
0.002006928397788
0.001643621210511
0.000828109564670
-0.000298240917487
-0.001264627121818
-0.001781126743908
-0.001924806168112
-0.002021815748087
-0.002238858759293
-0.002432835473003
-0.002309379367099
-0.001728578506984
-0.001015663418114
-0.000447938063587
0.000184215655226
0.001013536991773
0.001798611247409
0.002147720744198
0.001879972442223
0.001272851544780
0.000695123452176
0.000414747107665
0.000546457343226
0.000768153626681
0.000781224698679
0.000698239910904
0.000602193130045
0.000331661275289
-0.000363426155285
-0.001380643052288
-0.002071908046271
-0.001961193846783
-0.001253310313387
-0.000503970181027
0.000024026849784
0.000494371916461
0.000798213167556
0.000643466466267
0.000255382865487
-0.000026567364843
-0.000036456301312
0.000452439526513
0.001357841885486
0.002142870464633
0.002290188522311
0.001786501665459
0.001101049976662
0.000509326010160
-0.000066342190817
-0.000628480938060
-0.001016816776725
-0.001001497694578
-0.000702943906795
-0.000681253884880
-0.001108845483366
-0.001584169729777
-0.001691023805871
-0.001321967995380
-0.000726277048352
-0.000100645410790
0.000510400689311
0.000974185198211
0.001324987726104
0.001571281176672
0.001430786927852
0.000883093590285
0.000218816150494
-0.000397646545702
-0.000990550927690
-0.001625298095665
-0.002140968306098
-0.002243321950514
-0.001900329146079
-0.001456174496978
-0.001316589788548
-0.001328276888863
-0.001068499892729
-0.000650252694861
-0.000278331108686
0.000090369409119
0.000343635586422
0.000484782703611
0.000727612006465
0.001054620543176
0.001228290227509
0.001119874186580
0.000979220337687
0.001119557478420
0.001381143170334
0.001309105050646
0.000631859464895
-0.000394409392173
-0.001266873962424
-0.001934377917537
-0.002502393521606
-0.002774585432919
-0.002590128915565
-0.001914315952878
-0.000852888768180
0.000270031218055
0.001163706368487
0.001699030941272
0.002038248375126
0.002415182536271
0.002578802389422
0.002191563071850
0.001433660076366
0.000740368492122
0.000326439464912
-0.000000369684122
-0.000470195216212
-0.001004188639841
-0.001385430909510
-0.001413994086682
-0.001171405789408
-0.000934168515569
-0.000639991893640
-0.000223161648715
0.000116026148650
0.000357704191688
0.000446698819267
0.000194716259133
-0.000223185552058
-0.000404166475692
-0.000212400618694
0.000117876615116
0.000422670522545
0.000836635016035
0.001278572096057
0.001386605149319
0.000920044194479
-0.000005606239563
-0.000740175484709
-0.000799858126201
-0.000522356791429
-0.000377821026233
-0.000510068202566
-0.000896052177531
-0.001393019672155
-0.001807370306293
-0.001873216654535
-0.001545035678343
-0.001102374249890
-0.000550660007414
0.000186531386237
0.000778187897824
0.001017736531321
0.001180541244300
0.001611984979778
0.002185212796071
0.002368573396625
0.001934566865958
0.001132922223477
0.000391217738918
-0.000063131881206
-0.000583864934901
-0.001493333727564
-0.002508931421865
-0.003252550646717
-0.003391717063352
-0.002719874770205
-0.001638012078202
-0.000734281852545
-0.000057779858302
0.000685343279359
0.001483154655670
0.001999339941971
0.002183040480330
0.002208696438837
0.002097158813529
0.001876403630841
0.001486244518691
0.000852451102044
0.000223414051098
-0.000205030617027
-0.000457270807227
-0.000604010949354
-0.000827332179382
-0.001182031259467
-0.001502586001297
-0.001625032718494
-0.001567091495774
-0.001586256264856
-0.001629724491043
-0.001262096936683
-0.000496322320420
0.000259793153643
0.000812842226445
0.001266502749745
0.001816840129458
0.002380563834902
0.002640276776378
0.002379698798540
0.001601850463774
0.000690982543176
0.000032983493672
-0.000445234473250
-0.000919322430484
-0.001516916093615
-0.002214541572799
-0.002531787863397
-0.002114433801028
-0.001330986766346
-0.000767240660005
-0.000488850812708
-0.000198311288224
0.000057158174657
0.000134712924933
0.000341662172351
0.000912965995706
0.001663001468699
0.002206349870318
0.002137183794048
0.001470147095952
0.000638509957710
0.000048813179675
-0.000039358541749
0.000234136560070
0.000355406731767
0.000001713368176
-0.000725824488593
-0.001502225283220
-0.002228555735764
-0.002975001943770
-0.003363159769963
-0.002918136424795
-0.001807627394913
-0.000628567396262
0.000143537840079
0.000466137019169
0.000565343591123
0.000711750153205
0.001195081481284
0.001909152012074
0.002458080919562
0.002716671455806
0.002560652640896
0.001841292521801
0.000721090202413
-0.000513116917287
-0.001410366472752
-0.001494884251213
-0.000934943171933
-0.000528105662284
-0.000860522416919
-0.001680594381913
-0.002368376691649
-0.002638748176591
-0.002364801592179
-0.001550252420016
-0.000484268871480
0.000589253127520
0.001413166437166
0.001680675476093
0.001438925707426
0.001053983945516
0.001012385206684
0.001543619127871
0.002201970591813
0.002385339252497
0.001960011472015
0.001195697341174
0.000398300184307
-0.000441750892389
-0.001346766647286
-0.001976018685013
-0.002004798898525
-0.001525843811272
-0.001041658661735
-0.000923795955029
-0.001002768136420
-0.001042835187971
-0.000871851200343
-0.000288915627541
0.000468620307946
0.001011036757858
0.001331716109856
0.001464164797488
0.001295290217128
0.000774626584499
0.000114192344548
-0.000217378157595
0.000043892425036
0.000589307221472
0.000706094118792
0.000019001458659
-0.001024021573724
-0.001813303255298
-0.002050335857720
-0.001644312348280
-0.000927369395706
-0.000321868797409
0.000116202684407
0.000418012661024
0.000653067283447
0.000885015068292
0.001053922919133
0.001185358003021
0.001229915549946
0.001024131533398
0.000624968111973
0.000251982572269
0.000076042617021
-0.000010775724282
-0.000301332463925
-0.000760604016068
-0.001067121334860
-0.000952736630053
-0.000427689879608
0.000107285739289
0.000293734611426
0.000009286862104
-0.000663203712111
-0.001154406445714
-0.001011967810661
-0.000542839010412
-0.000132064408355
0.000236758718782
0.000661536974689
0.001008955230772
0.001033247417812
0.000818806301649
0.000663210772638
0.000665040003942
0.000665801591571
0.000373419251542
-0.000149550648501
-0.000512280526182
-0.000642658319612
-0.000558436629726
-0.000187713178522
0.000212016422068
0.000347229299786
0.000285993961094
0.000220323094086
0.000064440278287
-0.000446314503443
-0.001062883166690
-0.001186427437680
-0.000708236163532
0.000072553904836
0.000837386145559
0.001362310160439
0.001544578613554
0.001257712966280
0.000539726117731
-0.000218181183618
-0.000554129798846
-0.000280567739785
0.000255016353500
0.000562443943528
0.000514821732570
0.000044640308732
-0.000679376145826
-0.001052186840624
-0.000960627920993
-0.000896827093444
-0.001014105638876
-0.001015556524824
-0.000752833250611
-0.000408854438772
-0.000085760897873
0.000292004078622
0.000711982710255
0.001138779246726
0.001374430548438
0.001102195194031
0.000478458995100
-0.000097975617797
-0.000404397524986
-0.000277355053629
0.000043900500077
0.000030732348266
-0.000330701238857
-0.000568534242204
-0.000386666026480
-0.000053442817236
0.000028790639284
-0.000049933151006
-0.000053259879439
0.000047349726067
0.000223501635821
0.000357842176573
0.000374357745286
0.000308493944156
0.000191521023040
0.000115675169952
0.000134560191134
0.000260991513305
0.000470414849836
0.000556871549744
0.000382646462510
-0.000157093118155
-0.001126354349938
-0.001930955186754
-0.001793417967667
-0.000809625595267
0.000313092776809
0.001074402950507
0.001437338043749
0.001504089682061
0.001336225808833
0.001128694610751
0.001015082241740
0.000991090504605
0.001058857504568
0.001017075885407
0.000673476076302
0.000110815516448
-0.000497700439325
-0.000778991910567
-0.000512734109672
-0.000189068521412
-0.000387657482366
-0.001014721503529
-0.001447635363207
-0.001302221789651
-0.000910592155381
-0.000669651070849
-0.000489909995355
-0.000163322897791
0.000339900990447
0.000819648678344
0.001024914662837
0.000924859797638
0.000652734419722
0.000455309176087
0.000411952858029
0.000231589981690
-0.000179082074817
-0.000567913494721
-0.000714865635926
-0.000554513992097
-0.000388373582345
-0.000498232017872
-0.000572040523066
-0.000320140903574
0.000002272161592
0.000059820187164
-0.000121409426401
-0.000349398454755
-0.000598402709589
-0.000721632182269
-0.000451783956037
0.000121474525531
0.000795595604771
0.001375952091158
0.001482042553363
0.000947360155755
-0.000010199842664
-0.000865304775221
-0.000973284932760
-0.000329059966699
0.000330370558272
0.000384816616811
-0.000050151164793
-0.000342658049087
-0.000231439707559
0.000025404752756
0.000296123740613
0.000548017364398
0.000666949102478
0.000628006868208
0.000449656381690
0.000093121466299
-0.000519589920028
-0.001186113360514
-0.001387650839534
-0.001040620784155
-0.000519659810867
-0.000048850988082
0.000259235170948
0.000423348692397
0.000514340962987
0.000372045591899
0.000064444370047
0.000048841376555
0.000488126789566
0.001000355666733
0.001170795328353
0.000984851131822
0.000546566220675
-0.000011022476703
-0.000280488811506
-0.000191536150520
-0.000166759210138
-0.000257835523095
-0.000214508859840
0.000022098113954
0.000348382875839
0.000562272098065
0.000611777793145
0.000604491423822
0.000510697444127
0.000189947362492
-0.000393981311220
-0.000909711270434
-0.000977305971868
-0.000736298508900
-0.000393306855843
0.000109063161466
0.000680507273075
0.001117042796407
0.001300364802990
0.001146631358421
0.000490232697719
-0.000732055575061
-0.001898626156113
-0.002175671715366
-0.001543353483702
-0.000490107318539
0.000513756190300
0.001092632839715
0.001179869293186
0.000881854616787
0.000372410113774
0.000023507951369
0.000123556926081
0.000508835665187
0.000658688998179
0.000313775686209
-0.000294162186711
-0.000912690766313
-0.001232667256338
-0.000943772947801
-0.000287083355705
0.000356108104419
0.000916869950799
0.001235574091786
0.001052329668539
0.000292766594385
-0.000775286517718
-0.001560564067414
-0.001634399705099
-0.001067102275361
-0.000326129955416
0.000148790265912
0.000365060466987
0.000464635946573
0.000495332890745
0.000585481824063
0.000686013705603
0.000578467058756
0.000223195636372
-0.000227487820024
-0.000572410907161
-0.000870559668755
-0.001240368683010
-0.001373121424281
-0.001016241690512
-0.000308991341766
0.000525451842509
0.001154562731218
0.001308270124026
0.000991976163486
0.000308835024968
-0.000475972181199
-0.000903654465913
-0.000650569212199
0.000104510221651
0.000801814532844
0.001081808526969
0.000769760557311
-0.000109657129084
-0.000833747460387
-0.000752703330654
-0.000221052415759
0.000131511993883
0.000136540533132
0.000004021735509
-0.000014207806938
0.000082137173983
0.000201500713113
0.000316010755119
0.000475028990955
0.000782211169525
0.001099467298873
0.001191524921500
0.000998915499644
0.000473914456724
-0.000241657863252
-0.000834421341831
-0.001183853245060
-0.001212514109763
-0.000796602504480
0.000073932062009
0.001037107808524
0.001354071121850
0.000849452226621
0.000150470961751
-0.000313565623413
-0.000515668721556
-0.000503997295574
-0.000376771901114
-0.000226912189685
-0.000174074982746
-0.000273859125697
-0.000423817371143
-0.000440700500885
-0.000138320539977
0.000350321342221
0.000643949953847
0.000514416552069
-0.000130806800209
-0.000898185502717
-0.000936571576275
-0.000090133551349
0.000931455310527
0.001485443124677
0.001398375258734
0.000823213048243
-0.000013280753832
-0.000805642155752
-0.001219266479173
-0.001183048480063
-0.000781862238943
-0.000209170025929
0.000213753122648
0.000411892603306
0.000478580274306
0.000448698055117
0.000366168951559
0.000126510989614
-0.000370306096673
-0.000973070859679
-0.001399789447601
-0.001314788213106
-0.000761873922380
-0.000210301735778
0.000250366771593
0.000837099265863
0.001460567653537
0.001840457905002
0.001783873004646
0.001258426830623
0.000323549194704
-0.000805047164897
-0.001731643448812
-0.002271904887115
-0.002389581976930
-0.002003405105110
-0.001276612178229
-0.000406849557669
0.000471257074891
0.001075501114445
0.001459382527213
0.001908565431420
0.002189608215790
0.001828947825821
0.000863048719903
-0.000124682522166
-0.000705871804341
-0.000919059325029
-0.000780307575334
-0.000339478671683
0.000139017142974
0.000579559759300
0.000967586349379
0.001115778374086
0.000880111512997
0.000326665798027
-0.000130028818609
-0.000122595751875
0.000159368481949
0.000278140540814
0.000012754616042
-0.000354179194907
-0.000354905164212
-0.000132463942308
-0.000046439500392
0.000017123855344
0.000184398601743
0.000320161252074
0.000297346515256
0.000065655266396
-0.000391111925478
-0.000940027997217
-0.001163919162155
-0.000868688845422
-0.000393779366661
0.000011123798420
0.000268983891215
0.000337588015981
0.000443595971587
0.000592097444577
0.000525377183883
0.000455635772009
0.000701988369869
0.001013877221109
0.000864032331620
0.000114017653009
-0.000841339959193
-0.001588646201358
-0.001854990674396
-0.001503594643658
-0.000872925691507
-0.000398491733938
-0.000104617483575
0.000159399431202
0.000496173090255
0.000811488646652
0.000967540828983
0.001061689583554
0.001083938286477
0.000825450253680
0.000207500296799
-0.000575218890623
-0.001049114399041
-0.001042713879829
-0.000965817007835
-0.001064429920360
-0.001210282268342
-0.001244375974931
-0.000959325519728
-0.000184384922679
0.000849189625344
0.001465734487798
0.001335374903035
0.000889851968224
0.000497303424319
0.000220220954681
0.000172079659389
0.000258271337473
0.000298086756439
0.000229669845317
-0.000103642016862
-0.000563204327224
-0.000591588872856
0.000071781434898
0.001079300707714
0.001893881254800
0.002342907059069
0.002548970334557
0.002641053294104
0.002851461972785
0.003157916093727
0.003067655439387
0.002291881297863
0.001031290565186
-0.000270535846616
-0.001308684932853
-0.002157538395434
-0.002795644463087
-0.003001871580094
-0.002780948155598
-0.002295484574951
-0.001783432185623
-0.001317625388402
-0.000592100738293
0.000533985590394
0.001864866155316
0.003144478410804
0.004062188678773
0.004475239218343
0.004540222040985
0.004466210147055
0.004198015427698
0.003498460497671
0.002624224790147
0.002097414476402
0.001854117551644
0.001613618570893
0.001298149535091
0.000851617050164
0.000324599137469
-0.000305681489574
-0.001282439809277
-0.002813317430930
-0.005088832841959
-0.008321032278041
-0.012563353538724
-0.017451801235068
-0.022143735480840
-0.025700186932188
-0.027299829265780
-0.026574592919927
-0.024159071900132
-0.021131008817924
-0.018114289534837
-0.015176720050660
-0.012029562763800
-0.008547003098052
-0.004770077197549
-0.000311129043209
0.005231535838454
0.011601868377331
0.018001152073564
0.023482824038744
0.027506103453774
0.030143757929463
0.031889600743133
0.033460180767828
0.035363548532850
0.037713785726207
0.040431384320943
0.043428919196578
0.046644148208390
0.049550410001812
0.051130301238244
0.050401526409512
0.045858436569869
0.035285919632824
0.017166937471463
-0.008105206933252
-0.037553537498423
-0.065543976031475
-0.085116660429913
-0.090370251409738
-0.079081241426048
-0.054312703260526
-0.024173090872666
0.000523802859088
0.010408893361073
0.001219755878778
-0.024475381432600
-0.057613699092096
-0.086062051289908
-0.099536142833377
-0.092760789113743
-0.066183905040306
-0.024781123286388
0.023818355096858
0.071111974150005
0.109649008972387
0.134004998401194
0.140748256394546
0.128721155137622
0.099295630018658
0.056433475259731
0.006556070771496
-0.042404586209758
-0.082341373883787
-0.106414449143651
-0.110509040267552
-0.094070535211958
-0.060219740818137
-0.015240463218023
0.032005913272668
0.071237188596759
0.093906201213962
0.096067181429534
0.078801359702872
0.047819116090429
0.012102732086165
-0.019120280277362
-0.039306702184891
-0.045993443368711
-0.040468535638674
-0.026474932486790
-0.008595907703831
0.009006023251573
0.022381649463877
0.027484606363381
0.021354926395815
0.003756484225506
-0.021604885180331
-0.047778028246539
-0.068011996522809
-0.079007353442813
-0.081481392455666
-0.078186320049774
-0.071097184457974
-0.060025859314898
-0.042855383536632
-0.017122310621167
0.017388333936976
0.057139436320612
0.095148330943456
0.122617730992177
0.131820453073548
0.118953141245112
0.085952254708959
0.040743730589690
-0.004806858884440
-0.038702255635394
-0.053265622838112
-0.048090242253458
-0.029584784135432
-0.007957543616605
0.007624431097386
0.013635859334445
0.012322387634937
0.008098602821461
0.004356347406440
0.002113342087444
0.000481685873606
-0.001739785741538
-0.004760236415630
-0.007942261286041
-0.011114838221858
-0.014943263554464
-0.020209232432251
-0.027255536662867
-0.035233133643552
-0.041856318991302
-0.043974961447709
-0.038035451742993
-0.021670040136630
0.003865302231047
0.033018254432237
0.057613712250198
0.069949409654783
0.065683299165991
0.045514369995192
0.015513730050777
-0.014826250778258
-0.035909999852880
-0.040910914993485
-0.028159695610717
-0.002184117504301
0.027543251441818
0.049862846350716
0.056215079649574
0.043665379569314
0.015788920391710
-0.018305554318456
-0.047299311114430
-0.061902071340263
-0.058164024699596
-0.038687135175127
-0.010316873279144
0.019445230078499
0.044142757318876
0.058835689420411
0.060157120937319
0.046208618575069
0.017200260682441
-0.023298013166505
-0.067809122253257
-0.106434411245966
-0.129635341356140
-0.130930118894267
-0.109418307844981
-0.070600385245796
-0.024544567735983
0.017260070219375
0.046036775402358
0.059072027459413
0.059540057438424
0.053810554773367
0.048340677389514
0.047362222339964
0.052054396636704
0.060803865649243
0.070490371762431
0.077916136597332
0.080125949285197
0.074699514953355
0.060699219647581
0.039453667831667
0.014365907364074
-0.010660006808929
-0.032862991648390
-0.051447384615260
-0.067649998166182
-0.083120714566619
-0.097785113491873
-0.109287845009636
-0.113818633184085
-0.107996956203837
-0.090452469238443
-0.061559260564878
-0.022770795032910
0.023143728076688
0.071382309758918
0.114667609824001
0.143986064775979
0.150871165848217
0.130991668135642
0.086929129649833
0.027590725722032
-0.034702522449048
-0.087702613190473
-0.122611179167677
-0.135764573269339
-0.128404588367417
-0.105136090360294
-0.071329930478316
-0.031281619488842
0.011827351040868
0.054849989753360
0.093510721259876
0.122658540038026
0.137866662595923
0.137272945589496
0.122822732337231
0.099398786991889
0.072397916927625
0.046011957536933
0.022638571926255
0.003035205055395
-0.013214076011758
-0.026900164845915
-0.038264075222137
-0.047592548052703
-0.056542353075945
-0.067913750647622
-0.084199878202642
-0.105418432582650
-0.127462104128312
-0.143046417665763
-0.144386807312156
-0.126216095490826
-0.088594428105908
-0.037810848538671
0.015730864589770
0.061615656052042
0.092799563455149
0.106850492554759
0.105622475598175
0.092967001707996
0.072002904253857
0.045023751270700
0.014918814074457
-0.013943754012769
-0.035812560093811
-0.045276249430255
-0.039457501562536
-0.019232875956354
0.010681991359283
0.043079295481013
0.070273969355676
0.086067539263139
0.087405997505814
0.074851155811407
0.052200097086746
0.025420625820018
0.000565125350487
-0.017981181582468
-0.028254927656225
-0.030885602634095
-0.028629413240155
-0.025215845886079
-0.023310672163267
-0.023203830456291
-0.023893331251288
-0.024507168037600
-0.024756359055092
-0.024987599191272
-0.025389179493337
-0.025292823419744
-0.023629186262271
-0.019744583015704
-0.014061322483234
-0.008120369580942
-0.003752954042876
-0.001844776660895
-0.001562155286433
-0.000791874764757
0.003248633640252
0.013330510298408
0.029934152943635
0.049265031002286
0.063982538862649
0.065948023873078
0.050051974726001
0.017259585841213
-0.025315921154286
-0.067261658146669
-0.099136096909027
-0.115573944637296
-0.115771200537723
-0.102176687912779
-0.078473053849596
-0.048468708168421
-0.016228831039788
0.014013618701516
0.038255365147606
0.053663986778976
0.060155369957583
0.060903320649838
0.061186592893198
0.066183609044703
0.079066449168879
0.100377637007202
0.127194460047106
0.152404720755033
0.166221838074818
0.159253467413755
0.126061077624443
0.068289738905455
-0.004845851514048
-0.079433579849965
-0.141635329200780
-0.181876662510204
-0.196625803267805
-0.187858827142190
-0.161073860250920
-0.123378749023164
-0.082196622164268
-0.043659162040802
-0.011872849325877
0.010477675442217
0.022340111369185
0.025059112716619
0.022381638803778
0.019612089230112
0.021687475761016
0.031068788282578
0.046541554700511
0.063361547073086
0.075127069339238
0.076306863992168
0.064320850847852
0.040641145934439
0.010113590552601
-0.020878407686877
-0.046589489211309
-0.063881694109177
-0.072724607427332
-0.075199809641006
-0.073545332392096
-0.068234972896510
-0.057767798234710
-0.039549298809619
-0.011263141291213
0.026818396316979
0.070399357340191
0.111738987256165
0.141669157063006
0.152860375757361
0.142809655408714
0.114778250916387
0.076185011363854
0.035183490010145
-0.002160431461336
-0.032802291303001
-0.056113710513238
-0.072464781169306
-0.082532364986109
-0.087089126476387
-0.086600261079180
-0.081848107074868
-0.074776770765103
-0.068063152918287
-0.064006369322195
-0.063349834441914
-0.064915344032560
-0.066158152080740
-0.063854832926998
-0.055347821679736
-0.039600923309184
-0.016941469274317
0.011465516756218
0.043647067703355
0.076435985072885
0.105456043660813
0.126223520089524
0.135302263025776
0.131101864647280
0.114463847667243
0.088272165445034
0.056385679458951
0.022250370845253
-0.012153222334885
-0.045669126076917
-0.076769374867738
-0.103078918060803
-0.121197500187586
-0.127287167759734
-0.118374077452824
-0.093432017948756
-0.053885990348692
-0.003829319451495
0.049397305741293
0.095723740928329
0.125470723793026
0.133127600104236
0.119583456363692
0.091423130578135
0.057321221904487
0.024646245109091
-0.002007026092001
-0.020948961421231
-0.032430136293716
-0.037664769573897
-0.038502478204962
-0.037168696923679
-0.035670579151333
-0.034800112487474
-0.034000171277508
-0.032426299188756
-0.029550811928074
-0.025491285278751
-0.021414969736908
-0.019031156305320
-0.019472374211114
-0.022076219065284
-0.023926240429894
-0.021216333249162
-0.011374724994668
0.005250346755659
0.024938035284066
0.041996027520904
0.050960742342396
0.048940884877714
0.037259876049392
0.020705879693513
0.005293182249830
-0.003853344305614
-0.004289937466021
0.002954980054002
0.014338039649061
0.026102543793698
0.035780492728901
0.041700376449254
0.042390429417969
0.036639402294643
0.023856617354330
0.005198797191306
-0.015982007653308
-0.035306058327490
-0.048953673799181
-0.055247465557170
-0.055384525625230
-0.052558099168415
-0.050226259390046
-0.050452177699401
-0.053266565363719
-0.056886632911459
-0.058398980428264
-0.055287431306022
-0.046275539029979
-0.030579110769854
-0.007291073303526
0.024165257406035
0.062507556197844
0.103211013262899
0.139085108758858
0.162382351318955
0.167443361339534
0.152743977073333
0.121054000532647
0.078326393942876
0.031820523109305
-0.011974383786640
-0.048235338080711
-0.074278655841370
-0.090026546872627
-0.097294708368509
-0.098546124573548
-0.096184785211062
-0.092377264780893
-0.088689544120666
-0.085206101473101
-0.080565056625145
-0.072904644031293
-0.060580564206879
-0.043155934282050
-0.021882611720299
0.000870717294068
0.022095744110646
0.039124342754625
0.050857108575548
0.057766379492262
0.061267401910686
0.062913091967289
0.063409149260915
0.062126766904166
0.057689204727358
0.049608676355506
0.039166769884671
0.028675443285175
0.020527571813063
0.016116586101018
0.014874710328853
0.014444751532614
0.011697041709688
0.004557021937906
-0.006442473639207
-0.018530809470793
-0.028178462739781
-0.032800233598048
-0.031953642321476
-0.027103139700958
-0.020666942316768
-0.014765028761054
-0.010237924561347
-0.007103070291422
-0.005437670401567
-0.005538487620789
-0.007680038520490
-0.011928134424053
-0.018123812304353
-0.025388136910664
-0.031785424462655
-0.035121874880961
-0.033516506375067
-0.025686367120283
-0.011759094121915
0.006585152056698
0.026499386255892
0.044198602226547
0.055713908802818
0.057858552570514
0.049075567980279
0.030153255645555
0.004249715897952
-0.023797180575696
-0.048663310247380
-0.065407537064646
-0.069804713790432
-0.059454223318703
-0.035124147141113
-0.001138333802758
0.035171386997768
0.065311106209758
0.082027721551634
0.081338606490806
0.064017044591512
0.035305571305062
0.003139388409080
-0.023933671964990
-0.039349297719553
-0.040655317550780
-0.030115125173817
-0.013700561062655
0.001546768617641
0.010158829676434
0.009744952883056
0.001594215427215
-0.010083565919196
-0.020197706197544
-0.025550168866934
-0.026720632322319
-0.026864716450528
-0.028971166765428
-0.033878216755836
-0.039183298338533
-0.040112528940027
-0.032284239939786
-0.014295576098194
0.011081574206153
0.037588938668314
0.057622352145775
0.065120064944407
0.058419009704120
0.041119257037073
0.020193548289566
0.002419807803598
-0.008841308205645
-0.014033275231374
-0.015524278756165
-0.015686540889037
-0.015335420773291
-0.013314267227129
-0.007629999135637
0.002860479985283
0.016966499269869
0.031195211615707
0.041318585941051
0.043991819305777
0.038226580577644
0.025934374787827
0.010824899391866
-0.003173645801989
-0.013095143084676
-0.017216229803175
-0.014861307569435
-0.006725284520736
0.004926874080359
0.016750260431115
0.025449593139127
0.028951358575622
0.026360959110543
0.017667092081516
0.003924798518649
-0.013353538927569
-0.032633022065773
-0.051840421140607
-0.068381774779076
-0.079661305451261
-0.083412278894883
-0.078024580351806
-0.063181888504194
-0.040718111737294
-0.014615601867112
0.010195861189574
0.029552963467282
0.041360329716337
0.045371650174211
0.042581606182206
0.035389258000180
0.027013797598743
0.020190038745687
0.016302921213941
0.014965831322864
0.014575024344169
0.013645542547343
0.012122662488761
0.011979951283972
0.015862171478395
0.024928858194906
0.038091227495616
0.052270051771704
0.063050606868037
0.065666636919008
0.056361491390075
0.034176941011287
0.001936487645405
-0.034216959800063
-0.066403719805431
-0.087451124241973
-0.093003546453851
-0.082993188991240
-0.062190644661092
-0.038180224194124
-0.018084101828891
-0.006384328595508
-0.003644247963618
-0.006820701268251
-0.011587310742603
-0.014699964209665
-0.014831576341668
-0.011904799883656
-0.006253094799984
0.001757814416031
0.012023031857274
0.024519449020898
0.038858739079687
0.053693744356589
0.066103021308280
0.072651019104147
0.071335474318641
0.062148206281945
0.046697108409332
0.027284162346662
0.005715553697035
-0.017054411997168
-0.040479841206487
-0.063619980123192
-0.084844146617524
-0.102322612988585
-0.113963444676036
-0.117042868732723
-0.108722343250866
-0.087451882942808
-0.054546641594119
-0.014265319327083
0.027670589311520
0.065595983336762
0.095356135090268
0.114956237468597
0.123997338434723
0.123196415640720
0.113818677496533
0.097304044020568
0.075830801649456
0.052376143550926
0.030094784969422
0.011786088231553
-0.001145384663080
-0.009873132027492
-0.018026499766855
-0.029442515803282
-0.045332336132789
-0.063548524837449
-0.079782900715617
-0.089403350578599
-0.089420842904597
-0.079558953607631
-0.062383258467100
-0.042668692638144
-0.025739143683551
-0.015769941785182
-0.014325012745680
-0.019310064260527
-0.025606934244112
-0.027052597055286
-0.018926869916603
-0.000075259617787
0.026708727316852
0.055648443125020
0.079843422754241
0.093915548832603
0.095750232901514
0.086346561850420
0.068288235379091
0.044361894892559
0.017565776545907
-0.008725461594055
-0.031104486036464
-0.046481597860506
-0.052832702531981
-0.049526937426543
-0.036975753848509
-0.016736852716790
0.008442853263855
0.034743912476630
0.057363254875176
0.071615030509547
0.074456599191980
0.065162845443738
0.045093050912148
0.017186374918132
-0.014194099790269
-0.043991448578123
-0.068021190851490
-0.084051926759733
-0.092177908480343
-0.093945933223661
-0.090512793967413
-0.082078682785801
-0.068359199263395
-0.049102682412829
-0.025146118134855
0.000888010067062
0.025040858760806
0.043099024808584
0.051668677541507
0.049031976977723
0.036427184132428
0.018640298475197
0.002235839604232
-0.007025503654088
-0.005804674256590
0.006291325254198
0.026770267947682
0.050322495034350
0.069896881876489
0.078778291622512
0.072221690148505
0.049122938647491
0.013172240133006
-0.027966210209208
-0.064701289501571
-0.088339746070575
-0.093968088560321
-0.081730712235134
-0.056351907435990
-0.025211150110118
0.004523264811490
0.028225037162224
0.044086666916874
0.051355033608046
0.049130081504576
0.036898914522305
0.015173629845051
-0.013767029311451
-0.045226251192045
-0.072979559971281
-0.090946092765551
-0.094680034161179
-0.082456596651926
-0.055481761689088
-0.017784045164733
0.024276255735801
0.063400037678558
0.093033810455465
0.109041721839379
0.110743153971341
0.100828339269585
0.084479211585685
0.067039548875127
0.051078745390707
0.035591995938801
0.017894871429969
-0.003456928045196
-0.027087871538428
-0.049308508211660
-0.065602072426988
-0.072989014871359
-0.071880610555153
-0.065377519429479
-0.057489614343746
-0.051659868227500
-0.049527676629881
-0.050608225738319
-0.052690161244223
-0.052660248423595
-0.047684656748710
-0.035796793644841
-0.015817460611290
0.012572162418431
0.047760296506903
0.084804961730704
0.116219887596623
0.134801031077023
0.136428162979187
0.122010665462458
0.097033373435455
0.068477824798851
0.041487287454224
0.017506497911520
-0.005094661728877
-0.028512494362724
-0.053200001666057
-0.076758400294767
-0.094662153509779
-0.102577531173340
-0.098785353102537
-0.085409868552263
-0.067166699816465
-0.048568385063177
-0.032172837817654
-0.018260810464255
-0.005639955370286
0.006961656931818
0.019986791477214
0.032477399835397
0.042335667003293
0.047579076750370
0.047138438120700
0.041353698588559
0.032052268435232
0.021333664195636
0.010419275095821
-0.000465751498420
-0.011370021898051
-0.021365785039735
-0.028190375254049
-0.029354534761521
-0.023682594099021
-0.012000259866514
0.003278503275095
0.018628739964936
0.030380380868477
0.036259058670077
0.035583770139381
0.028774080622433
0.017290958899607
0.003093411680808
-0.011793835272825
-0.025209162068649
-0.034918368934834
-0.038832730174681
-0.035869201646090
-0.026756520852250
-0.013637447794017
0.000813077289795
0.014133609918116
0.024328647704269
0.029938290827039
0.030709969018268
0.027746151934028
0.022738366093037
0.017239462428810
0.012080515176651
0.007654664264817
0.004743378911249
0.004512984236868
0.008122426105444
0.015906601177041
0.026249585876377
0.035783000142516
0.040609985167075
0.037324200950497
0.023804982898259
0.000044138688096
-0.030983754991068
-0.063552704847010
-0.090989627677289
-0.107735685319158
-0.110905129719753
-0.100695741504276
-0.079866483755722
-0.053345257277758
-0.026965348712568
-0.005533568488771
0.007954991416817
0.012641625414321
0.009932812502490
0.002797074517416
-0.005048316032956
-0.009827914502448
-0.008319364131749
0.001247720207302
0.018008346576419
0.038819377450545
0.060262589070883
0.080421042187287
0.099190581442536
0.116760806502199
0.131871858178337
0.141368150343123
0.140944488290196
0.127005257856010
0.098454731538655
0.057296072340568
0.008266341726678
-0.042492491715885
-0.088621426362080
-0.124117964067805
-0.144784184597512
-0.149651548582804
-0.140879677578768
-0.123046257529718
-0.102269417818456
-0.084675413664655
-0.074155363588763
-0.070576566425023
-0.069894782123720
-0.065788751875214
-0.052378470576298
-0.027162325408578
0.008059260300797
0.048082661484958
0.086066947777998
0.116156992477451
0.135004540721930
0.141546210474707
0.136600254184540
0.122222966384459
0.100784581361164
0.074500640875034
0.045573948602099
0.016462625671398
-0.010656244214621
-0.034587101662446
-0.054943371695870
-0.071504633971497
-0.083260783551288
-0.088164284123173
-0.084245043544584
-0.070611791137419
-0.048228742932634
-0.020409234589507
0.007753132688844
0.029993784117073
0.039683279401730
0.031798035010579
0.005456146992618
-0.033964801085331
-0.075300733452829
-0.105374369934005
-0.113444550107163
-0.094600554072084
-0.051354226368054
0.007212625660267
0.068370493763736
0.119904757285906
0.153525133872210
0.166298409825867
0.160523536243830
0.141807260097330
0.116570174020892
0.090473636824091
0.067065325223915
0.047286134168279
0.030164714903931
0.013351748694818
-0.005944810766328
-0.029539982446979
-0.057777133985709
-0.089876581188795
-0.124124322090988
-0.157173865585921
-0.183404535511841
-0.196013001479004
-0.189552867376804
-0.162860901160868
-0.120518248235805
-0.071160359814850
-0.024054605045279
0.014308307870848
0.042392635538924
0.062973401990185
0.080557750009634
0.098507853626705
0.116753226983972
0.131503378414320
0.136984333992450
0.128484868002131
0.105436971210100
0.072024690526321
0.035399542320867
0.003232278145075
-0.018750611856345
-0.028320443204231
-0.027036926601914
-0.019208890024700
-0.009769873873917
-0.002709455928516
-0.000261810817569
-0.002608388883589
-0.008602957772963
-0.016523245300639
-0.024710970151164
-0.032325870718918
-0.039246915203180
-0.045793965035479
-0.052407427308283
-0.058488203391985
-0.061898326474797
-0.060233431912804
-0.052795043608938
-0.041369254302614
-0.028922177155801
-0.017711257309777
-0.007901884491700
0.002838809351590
0.017767952326667
0.038836624872457
0.065318379278473
0.093307641888099
0.116884650619335
0.130078686166997
0.128232748189630
0.109452514852833
0.075688996621199
0.032403564977236
-0.013224493694603
-0.054769058504618
-0.087860075876571
-0.110141693813979
-0.120798384551799
-0.119600252397309
-0.106403437341364
-0.081749059979984
-0.047992210852633
-0.010109693384390
0.025504061208644
0.053681725460591
0.072136855191806
0.081618886400215
0.084350909779887
0.081657769810039
0.073185309095411
0.057881263004523
0.035754135060667
0.009131531277045
-0.017950660906417
-0.041146862900731
-0.056509709648663
-0.060680107358939
-0.051353891085106
-0.028496359547176
0.004847884508381
0.042859421245375
0.077965911569732
0.102996693961740
0.113509049477887
0.108880245688987
0.092191425414310
0.068513594266241
0.042594171925673
0.017544998269308
-0.005783134221714
-0.028279844889291
-0.050841936854391
-0.073272858218389
-0.094548980843776
-0.113908107720523
-0.131459637697880
-0.147502462165319
-0.161581147719571
-0.171815870907569
-0.174774475357783
-0.166480520910364
-0.143992167994998
-0.106957351084716
-0.058162220279465
-0.002553042451140
0.053713968015227
0.104156926801818
0.143354933009426
0.167803794453530
0.176623612104881
0.172189770480845
0.159528062814545
0.144571194524621
0.131438012433908
0.120037750253353
0.106450757212114
0.086023692441378
0.056955818263270
0.021741284116584
-0.014225989705731
-0.045119862402549
-0.067310569322844
-0.080928253114189
-0.088983615289534
-0.095429773159603
-0.103287999359968
-0.113356086789233
-0.124354793875287
-0.133630717171566
-0.138152574463318
-0.135875288419287
-0.126059901074148
-0.108652503680946
-0.083780846830826
-0.051802043269861
-0.013894646970626
0.027693762076621
0.069605797767995
0.107276088085754
0.135838210269652
0.151663115783579
0.153535660549103
0.143132212844132
0.124520461303903
0.103237068962110
0.084566150873531
0.071019860680141
0.061448399327526
0.052109561296788
0.038380758538608
0.016946699736557
-0.012553103182422
-0.047027248578994
-0.080439394295562
-0.105704842188250
-0.117146782172865
-0.112294071420948
-0.092448930880526
-0.062057475530158
-0.027735753488297
0.003334292998827
0.025481957301972
0.035530585847298
0.033197998635707
0.021336163924735
0.004980350136525
-0.010243208798440
-0.019760663759176
-0.021419792703611
-0.015810352193859
-0.005912343513727
0.003873511692778
0.009467227473369
0.008747419105001
0.002343749494948
-0.007004258225225
-0.015685874116061
-0.019825316593238
-0.016148448274800
-0.003216833197698
0.017810463508778
0.043086860815263
0.067227038189296
0.085091498554626
0.093556656098660
0.093096808380117
0.087202176820674
0.079829430537399
0.073440438999265
0.067879842249051
0.060130063461077
0.045590698462047
0.020482526110576
-0.015508692002678
-0.058075761044786
-0.099561913478137
-0.131908839093562
-0.150031241253810
-0.153601591862749
-0.146482127618223
-0.134362171116354
-0.121150191338374
-0.106925896673028
-0.089071639988301
-0.064458123180148
-0.031755603438464
0.006692175785075
0.045008580945372
0.075741055613912
0.092715353603655
0.093625209800241
0.081075812072482
0.061878426234887
0.044736791787657
0.037325475570346
0.043748752758093
0.062728104020127
0.087928045194512
0.110475401785403
0.122168988378156
0.118605795934585
0.100486863845170
0.072240857542158
0.039421279958476
0.006287786581781
-0.024911507415181
-0.053290506913021
-0.079026014929834
-0.102748298667799
-0.124532313724125
-0.143677566921735
-0.158867740494289
-0.168366307877554
-0.170294292889122
-0.162896246358030
-0.144851955869802
-0.115580911529399
-0.076061304862021
-0.029528262872038
0.019086730734796
0.064107867070698
0.100589727377738
0.126161502644052
0.140991449652712
0.146722128183590
0.146189924323417
0.142720462974623
0.138540657619551
0.133559036555060
0.125621084084697
0.111878805857842
0.089860573627492
0.058363602891722
0.018310236283847
-0.027036869687247
-0.072268372932917
-0.111044861918143
-0.138189076612089
-0.150912261133660
-0.149228828236388
-0.135542257764166
-0.113180542800280
-0.085534631704331
-0.056044229270407
-0.028035083966419
-0.003934018836136
0.016121051246248
0.034245439798733
0.052551150627729
0.070999861618205
0.086992702497815
0.096978854383314
0.098965713052519
0.093947324402776
0.085429022695400
0.077056831954586
0.070142583169088
0.063143514944976
0.052661512057905
0.035422264680169
0.010178603238298
-0.021798749751740
-0.056707605400375
-0.088970852879918
-0.113402119451614
-0.126742382130941
-0.128189357661608
-0.119796903949419
-0.106061778494145
-0.092210019116631
-0.081435049298885
-0.072823465076198
-0.061811752211093
-0.042645072444158
-0.011676998552468
0.030039934167539
0.076355928792736
0.117768123770601
0.145021347455341
0.152893729608244
0.141816880066032
0.117332334766327
0.087689621766780
0.060224053669639
0.038531056158988
0.021604041497264
0.005577491963967
-0.012988008894218
-0.035257559467219
-0.060238947881161
-0.085675838730406
-0.109033414718053
-0.128022784664327
-0.140648645604255
-0.144703259313047
-0.137670475846489
-0.117951961074159
-0.085681173562134
-0.042873543960484
0.006189206064760
0.055543841111538
0.098814849623548
0.130495175907098
0.147675321110872
0.150623393967568
0.141534950776974
0.123179809342123
0.098233618521680
0.069013982353287
0.037428814377600
0.005668818157777
-0.022879653597653
-0.044333065152742
-0.055960155421460
-0.057376393076932
-0.051126981817620
-0.041752970294528
-0.033816365013038
-0.030329545699765
-0.031904681836478
-0.037363864930565
-0.045079885412113
-0.053381444265993
-0.060474709627652
-0.064353000854302
-0.063120196757487
-0.056009501381443
-0.043757069933888
-0.028273874429038
-0.012317097182566
0.001476212057337
0.012052053783980
0.020778763479371
0.030627266534197
0.044175073385336
0.062004426131974
0.081479367843217
0.096796832840869
0.101604549161683
0.091926371141309
0.067729312146102
0.033308942911615
-0.004047047936819
-0.036184958290984
-0.056213936187672
-0.060892618858835
-0.051713076235853
-0.033689523857833
-0.012916631609981
0.005530380218669
0.018470997540453
0.024955324598642
0.026035011388539
0.023884932591332
0.021458150580304
0.021925715272121
0.027329060688382
0.037547453088835
0.049588968164676
0.057999784011631
0.056808323965113
0.041521344973567
0.011146628062271
-0.030191328518437
-0.073844764469394
-0.109591408878929
-0.129486341209082
-0.130133451372338
-0.112472007468173
-0.080694703298943
-0.040978639842948
-0.000133015975823
0.035663888419956
0.062127408120931
0.077554535617497
0.083129334727748
0.082501871314300
0.079734332758152
0.077642666625074
0.077569417076768
0.079154199932861
0.080496229302889
0.078763791273559
0.070845229369754
0.054833725494897
0.031224345646238
0.002551534710041
-0.027662585235130
-0.055772380426601
-0.078562062945925
-0.093997959271268
-0.101630132690494
-0.102049248701418
-0.096846845403500
-0.088590499054741
-0.079573290880931
-0.070912866010686
-0.062422671181557
-0.052832326183477
-0.040802411093033
-0.025918524369000
-0.009181841858392
0.007147693240343
0.020732334096316
0.030336330338074
0.036286850146672
0.040024585568631
0.042977664861127
0.046192270954694
0.050534839339489
0.056636742332607
0.064978176834884
0.075773978987360
0.088587569857913
0.101827991073903
0.112230468201396
0.115436304356671
0.107128475911817
0.084021154493301
0.045606146351213
-0.004640310469316
-0.060078184748742
-0.113047958735073
-0.157267740023517
-0.188943718742601
-0.206491910660122
-0.210231830137658
-0.202071228891571
-0.184870964498311
-0.161354246887207
-0.132935202892193
-0.099484614968087
-0.059732402369504
-0.012494763495134
0.041034664475848
0.096253280664590
0.146239816912755
0.183755715992993
0.203514050481897
0.203554448320024
0.185501776774351
0.154018660764261
0.114921790738336
0.073244070443610
0.032444106963556
-0.005744043814995
-0.040823842745777
-0.072792478615544
-0.101432307530815
-0.125486003035033
-0.142396062401565
-0.148837716900625
-0.142182557890836
-0.122304592821394
-0.092093455302854
-0.056946974441503
-0.023222525470859
0.004454228236754
0.024328543694820
0.036915187622852
0.044647695869298
0.051015483255103
0.058847051760930
0.068840937015611
0.079150573160860
0.086583456429818
0.088613704668579
0.084838449107461
0.076983809567409
0.067605720917754
0.058780188274274
0.051172650960882
0.044008142728547
0.036257683910609
0.027160248474398
0.016121875549188
0.003360434442647
-0.009939985288044
-0.022397585073404
-0.033091618413455
-0.041586630233027
-0.047130085720758
-0.048231604837197
-0.043228444043502
-0.031020920392895
-0.011964439544356
0.011646519182395
0.036014333290713
0.056610364652827
0.069178208560996
0.070391541405936
0.058184007938251
0.032645385261080
-0.003381092613357
-0.044574400768121
-0.084187957281776
-0.115792598146658
-0.134168817983568
-0.135859098779514
-0.120657830970472
-0.092018420976449
-0.055852607599639
-0.019158274117612
0.011512360877377
0.031600855039035
0.039732999722719
0.037963904864821
0.030706171146110
0.023144534239478
0.019344176948262
0.020770591617651
0.026222764247967
0.032344776886041
0.034902186823131
0.030775498323332
0.018849709101160
0.000293488606160
-0.021134979998847
-0.039833590155411
-0.050170714334254
-0.048825003173309
-0.036186797037943
-0.015882663688557
0.006354784074706
0.024246056704065
0.032729957506419
0.028928158942946
0.012932223438198
-0.011385299004662
-0.036528983487138
-0.053279728655410
-0.054162007468457
-0.036493644942489
-0.003658043252085
0.035830244728790
0.071940340866512
0.097260382461883
0.109378268118616
0.111179155621297
0.108169958912833
0.104443054803676
0.100837225654552
0.095509029223252
0.085528668112078
0.068512357743471
0.043472260100193
0.010696705926754
-0.028917032982189
-0.073595215835707
-0.119699836406707
-0.162105519969297
-0.195512893554443
-0.215836326090807
-0.221365987439405
-0.212309764298892
-0.189838610759378
-0.156124481473379
-0.114024496771307
-0.066562116842805
-0.017309469460037
0.029021845284397
0.067031061783075
0.092469751359794
0.104008750111652
0.103850622616147
0.096950472172591
0.088383117044094
0.080722070784840
0.073407556938099
0.063710483628944
0.049009143762986
0.028970277866000
0.005933106905494
-0.015895655436703
-0.031924582404743
-0.038732665760322
-0.034813280038465
-0.020792249039845
0.001272862355072
0.029113784800962
0.060336783848347
0.092000457992286
0.120771806099075
0.143359172699709
0.156923741023008
0.159404790236197
0.150075610034913
0.129868434679881
0.101009479866412
0.066878700331666
0.031657037125449
-0.000840876852041
-0.028094603488728
-0.049322472539637
-0.064999356014415
-0.075546888957631
-0.081231381891073
-0.083017160508832
-0.082649442804544
-0.082043476412632
-0.082580626119777
-0.084796605869198
-0.088207471586228
-0.091190753159395
-0.091689610285845
-0.087839278205895
-0.077924730031778
-0.060850648676796
-0.036952758858432
-0.008303774904182
0.021943416398605
0.050854573937256
0.076244247860035
0.096700499797800
0.111684999386420
0.121188303363610
0.125422244636401
0.124335200090726
0.117176605646301
0.103630256516684
0.085090478559279
0.064399670509273
0.045009323402220
0.029908359890904
0.020300506219065
0.014864906829073
0.010301495348828
0.002634260488607
-0.011883506805634
-0.035537253860593
-0.067398719960747
-0.102988066639062
-0.135332128176981
-0.156656769840674
-0.160469265895283
-0.142611548557060
-0.101874203950512
-0.041535079560351
0.029795186911112
0.099485682657675
0.153936130418536
0.182018327983051
0.177645942020384
0.141244730882371
0.079459429918314
0.003196500689062
-0.074444663325727
-0.140327612352640
-0.183681241271601
-0.198198422157262
-0.183490140379824
-0.144745559737896
-0.091087156629956
-0.033943434386291
0.015480061897330
0.049151731354101
0.063871234145703
0.061461524935663
0.047263787235119
0.027583651647762
0.007498590431342
-0.010574625954711
-0.027100629198293
-0.044319291144492
-0.064264737750482
-0.086987487874661
-0.110074923905018
-0.128700034192251
-0.136735688120121
-0.129825021424602
-0.107339418232892
-0.071895312158337
-0.028297030953741
0.017938679179191
0.062096996098477
0.100941164060511
0.132832580134364
0.157455575403242
0.175294061224245
0.186821996977755
0.191900805218823
0.190133379195371
0.181244606620152
0.165516241171992
0.144613009056769
0.121084984716299
0.097093252939156
0.073947394623440
0.051675990091181
0.028751580737829
0.002649806482574
-0.028949282983555
-0.066807586228708
-0.109835652677154
-0.155581923568994
-0.200493163723822
-0.240209975373629
-0.269649185927862
-0.283445068855294
-0.277550799753671
-0.250467126557499
-0.203336776638059
-0.139442437163150
-0.063183084782296
0.020716169875467
0.107099824945112
0.189886902700754
0.262579321598713
0.320032737313603
0.359223571897635
0.378649093174038
0.378010101312881
0.357825965691035
0.319062748143036
0.263173539372011
0.191821835866389
0.107044754658052
0.012218980005703
-0.087264680775411
-0.184188988760818
-0.270975305399308
-0.341770654481415
-0.393993639858324
-0.428733298099113
-0.449317372805721
-0.459274972211102
-0.461129775511610
-0.455322425426381
-0.439922782298250
-0.412238771951041
-0.371286011566530
-0.319430983764200
-0.261677779287677
-0.203428175631776
-0.148928161990987
-0.100390482891348
-0.057906475627606
-0.020515768612854
0.012861422959387
0.043090750370944
0.070861207796294
0.097057212578378
0.122925868699293
0.149811400922001
0.178266405881968
0.207048416180252
0.232710746797580
0.249584836271511
0.251512133409581
0.235041967339216
0.200586617785270
0.151684062255202
0.094262969180487
0.035544515323624
-0.016972631057458
-0.056323514246451
-0.077448374726241
-0.078755171203648
-0.063031751077436
-0.036845066633492
-0.008870096089132
0.012072378085633
0.019139131119444
0.008193553321069
-0.022474951546658
-0.071536056042895
-0.134635493412058
-0.205341297965042
-0.275254202897419
-0.334431543181911
-0.373287694050349
-0.385071193382279
-0.367466893575666
-0.322437037181082
-0.255137330978014
-0.172362018842922
-0.080580347179300
0.015204883119630
0.111702692821804
0.207193515033163
0.300966955073703
0.392877695719360
0.482842097341422
0.570216918564481
0.653720691028741
0.731633240659194
0.802231110307978
0.864000130367188
0.915154593233175
0.953611283738334
0.976795698137062
0.980510157311913
0.958856383002685
0.905601078478576
0.815849535173849
0.687687430681951
0.523181539271055
0.328398464521872
0.112242689827698
-0.115413378617971
-0.344857965254020
-0.566851225082473
-0.772603575102237
-0.953765915998899
-1.102695314008186
-1.212140638897128
-1.275301963420947
-1.287439756494289
-1.246602803652701
-1.152344193629582
-1.004204469329275
-0.801673425726669
-0.546309022186679
-0.244151885446146
0.093001229264046
0.447177423190296
0.795812779966280
1.115165572417300
1.383459988708566
1.583310294089052
1.703318152592949
1.738398657226046
1.689018342059791
1.560235442160203
1.361439506522425
1.105851110850287
0.809540700847066
0.490546327945528
0.166511953171041
-0.148124776040414
-0.442891017607757
-0.711398348324088
-0.951046530368484
-1.161069317524325
-1.340417964728812
-1.486338134620327
-1.593029800791911
-1.651072844778278
-1.649162157164754
-1.578100067763065
-1.434622354416021
-1.223549904826055
-0.957936960355844
-0.656180639231697
-0.337524885815605
-0.018924133530393
0.286102784432182
0.566450658488081
0.810987534046916
1.007254467482521
1.142496696654488
1.206388756444695
1.193697362551845
1.105632438855347
0.950026819345218
0.739812633755573
0.490400477048596
0.217936791179003
-0.061668781464040
-0.333800128485720
-0.586315020802702
-0.810060537867130
-0.997903905608251
-1.143435596474826
-1.240110110859729
-1.280874097071619
-1.259629237861099
-1.174094098090865
-1.028477239698120
-0.834721336434552
-0.610178073556982
-0.372958772389949
-0.138622580646073
0.081268252828849
0.278934727677507
0.448700828689776
0.585374542005879
0.683794369509552
0.739945800314449
0.752405057646865
0.722633665431690
0.654696044869004
0.554347383460575
0.427641690098313
0.280528168532490
0.119567004414114
-0.046397812425921
-0.204677505027310
-0.339664414889743
-0.436200598782369
-0.483618516279914
-0.478607607620005
-0.425819816329300
-0.336602179839236
-0.225453927182256
-0.105647772508212
0.012328260683929
0.120569589682108
0.214311851872703
0.291882576791546
0.353548868416889
0.400588864134698
0.434815531154166
0.457787970402665
0.469431789979383
0.467390695850935
0.447789749024380
0.407315929029034
0.346621479878843
0.272362247648798
0.195815650463711
0.129853513114524
0.085578916650701
0.069243052457163
0.080897798671781
0.115171526570811
0.163114603133948
0.214277675581742
0.259204112191871
0.291443347088619
0.307748825487699
0.307817192190289
0.294194860778782
0.271193900563335
0.243764617392967
0.216536274274707
0.192340852890830
0.171877837177495
0.154634309007258
0.139399856607985
0.124386248234328
0.107476428395981
0.086889111485510
0.061955357768805
0.033597835331407
0.004528310968855
-0.021732427842058
-0.042356620828973
-0.055279550308577
-0.058798962364566
-0.052192091146036
-0.037199216775770
-0.019119197774776
-0.005683552754879
-0.004497428376307
-0.020432706172266
-0.053023412689096
-0.096043429071253
-0.140284122693029
-0.177260646088404
-0.202363594414195
-0.216173106192088
-0.223043766851630
-0.228325017574518
-0.236069631270276
-0.248222637793947
-0.264736650777677
-0.283837114100995
-0.302369823084956
-0.315536460592822
-0.317249415506430
-0.302812962488080
-0.271483598773379
-0.226683261652169
-0.174396451286930
-0.120569993806934
-0.068995147894796
-0.020727037580153
0.024663892419119
0.066608990514183
0.102249988249136
0.126975267159993
0.135852109076636
0.125844343673902
0.097215758183753
0.053181758038554
-0.000976529037268
-0.059259298996664
-0.116485129130383
-0.168879993137555
-0.214091348767379
-0.251658761413199
-0.283469730206460
-0.312390957704231
-0.339706313625718
-0.364156505838378
-0.382548241384578
-0.391303459478937
-0.389120376041101
-0.378332977972848
-0.363681577364186
-0.350294469988748
-0.341841457427957
-0.339231654062209
-0.340571858564382
-0.342407800167172
-0.341203399679835
-0.334005208495686
-0.318643563344852
-0.293374667487793
-0.255857506037807
-0.203512477927079
-0.135264243439762
-0.052426908346253
0.041259608353768
0.140053493966130
0.237059367342573
0.324913295046591
0.396611912863107
0.446499878692003
0.471373813324910
0.471688191778295
0.451338991420345
0.415739346979479
0.369631643542092
0.316015998353182
0.257185316153222
0.196494431961202
0.139171892784491
0.092265161972599
0.063332009177418
0.058284305893447
0.079439597109062
0.124172456494054
0.185394527820444
0.253330321998190
0.316914201689069
0.365612080767304
0.391680141691815
0.391521026467268
0.365936907354465
0.319256252755475
0.257659727221299
0.187468569262154
0.114345292260931
0.043842235169034
-0.018192707912404
-0.066215494423561
-0.096267122811465
-0.107825960780862
-0.104206621991810
-0.090695735963808
-0.072883070782159
-0.055611623863671
-0.042057543345297
-0.033651870192688
-0.030286167961353
-0.030372387554388
-0.031030145068950
-0.028749632343694
-0.020722062117477
-0.005708944352972
0.015426131615580
0.039030136856497
0.059517793574495
0.071592009862860
0.072348846834030
0.062674562326496
0.046375488387612
0.027326882649021
0.007105728567358
-0.015446700232193
-0.042746667969502
-0.076931937239699
-0.118995348939439
-0.167852243194691
-0.220442906108897
-0.272488150562543
-0.318476121631163
-0.352170673074424
-0.367863621357389
-0.361089108896162
-0.328918282732280
-0.270100547885915
-0.185027085851319
-0.075538855053658
0.055184665737921
0.202481926119925
0.359904898784102
0.517961166126047
0.663010009166589
0.779167908070855
0.851837714266368
0.870385333788082
0.830511556088060
0.735599235522176
0.595663462389847
0.424703103343967
0.237865103851951
0.049167107304826
-0.130432065496693
-0.294007351297781
-0.437729000752050
-0.559212617000566
-0.656193238754940
-0.725898727471550
-0.765465459861039
-0.772143841564695
-0.743548597867840
-0.679111233932825
-0.581229249037063
-0.455521119499477
-0.310732269796028
-0.157927778158348
-0.009484110973122
0.122112083437989
0.226050164296301
0.294877565015008
0.325862889141257
0.321428502931647
0.287960079569571
0.233748790611875
0.167111894224589
0.095598906764930
0.025599281916522
-0.038670422991257
-0.095354046579130
-0.143956143523542
-0.184159535340005
-0.214646439066093
-0.233087171430549
-0.236932076723986
-0.223476117990095
-0.190486813460576
-0.137862076880494
-0.068832442180688
0.009725467148151
0.087973126390724
0.154925860691041
0.201390631876297
0.222786562936815
0.219991960456048
0.198796883395125
0.168335472377890
0.138015027721942
0.114655937061731
0.100966939326230
0.095576666102020
0.095076801065112
0.096376932456683
0.097807657169056
0.099132444996353
0.100830064749392
0.103438760550815
0.106785070138864
0.109112409501085
0.107597541645997
0.099796328066005
0.085016719759640
0.065520583822749
0.045759272926796
0.029251892908512
0.016116031983371
0.003629744268940
-0.011025438289516
-0.028701992807058
-0.047865735185728
-0.065410138806345
-0.078798588286323
-0.087457108539903
-0.092297917716553
-0.094972589118472
-0.096432283550449
-0.095389649599622
-0.089045314823350
-0.074925861689580
-0.051829784472644
-0.019838856193624
0.020150675387888
0.067030118604634
0.119792306996364
0.176313855713538
0.231365955457954
0.276852016939224
0.304243460514401
0.307347794953039
0.284141517588208
0.236508010547672
0.169076553684193
0.088618914790521
0.003382927904629
-0.077739129221876
-0.146339159042608
-0.195917947754882
-0.222815186388839
-0.226694383764707
-0.210059600246243
-0.176708195104337
-0.130745453505647
-0.076317295545078
-0.017547343613289
0.041019441292361
0.093716362777160
0.133715516362978
0.154738836275665
0.153324180863638
0.129366239600037
0.085611289495476
0.026799066069608
-0.041486763328977
-0.112947666633287
-0.180584066828211
-0.237656951931902
-0.278371132003384
-0.298548531328679
-0.296733835848895
-0.274955680037739
-0.238808454288803
-0.196474068126253
-0.156812318436625
-0.126714412474043
-0.108596765745067
-0.100389147662607
-0.097733638456807
-0.096317216661262
-0.093671594388221
-0.089746368650505
-0.086423531262270
-0.086386265683576
-0.091053983587913
-0.099009996925946
-0.105998472470405
-0.106277005494611
-0.095297861400704
-0.072101895121374
-0.039909316489046
-0.004935045988751
0.026383889113666
0.049923123632144
0.064501312970747
0.071446886193125
0.073640176420684
0.073783771766018
0.072388823095830
0.067164154732864
0.054962999703146
0.034299202032561
0.006999806064832
-0.020793390722330
-0.039912157940385
-0.041198007714656
-0.017867579446328
0.032291203295413
0.105445655997091
0.192689552730910
0.282488942754319
0.363224269054767
0.425401266588095
0.463139326304516
0.474148699103996
0.458520724529022
0.418431816387376
0.358181269974908
0.282946102218624
0.198163446442816
0.110119296195626
0.026109457892905
-0.045945682096002
-0.098605219534160
-0.126583264061781
-0.128119242754772
-0.105390566192791
-0.063172259105242
-0.006847474235688
0.058615823963015
0.128856840237116
0.199357770877656
0.264414594860979
0.317143368075951
0.350404131453914
0.358615402235123
0.339843313456486
0.296779516820482
0.235859665270967
0.164498964434838
0.088749257796780
0.012948078065938
-0.060251971130721
-0.129333541761905
-0.192422614418417
-0.246828264602430
-0.289793448464921
-0.319389468402133
-0.335058268269003
-0.337270558026940
-0.326808408770159
-0.304114428172228
-0.268894356428615
-0.220540048127746
-0.159104810378394
-0.086623086695276
-0.007847780566388
0.070684464048691
0.141840723726528
0.198845734114789
0.236615392448751
0.252440337716734
0.246270629600542
0.220973471696134
0.181487042108553
0.133290923304868
0.081042701518350
0.027828482872865
-0.024787102190249
-0.076731492106512
-0.129140107496089
-0.183313720470674
-0.239474322328284
-0.295442768764747
-0.346484986637799
-0.387349280003878
-0.414584944136842
-0.427145952474020
-0.425197646972546
-0.408866665116213
-0.378210986662777
-0.333485060070311
-0.275955967475936
-0.209297056846256
-0.139382416542348
-0.072737113623605
-0.015048589523034
0.030157170737363
0.061863317546585
0.080771674744909
0.088040299519638
0.084303627151143
0.070023432550450
0.046578020246128
0.016909332636639
-0.014878450127617
-0.045155915311199
-0.071952140807135
-0.094855741579645
-0.114578261751950
-0.132039107161897
-0.147437574257282
-0.160072896213662
-0.168453955910994
-0.170783484892945
-0.165510366714848
-0.151696176228273
-0.129786447504408
-0.101821133609741
-0.070625629075006
-0.039236529121620
-0.010684422700584
0.012385418412844
0.028530254770462
0.038319264689934
0.044175002296683
0.049559799395272
0.057851383088759
0.071290629204349
0.090767843242556
0.115393235020732
0.141854518356675
0.165183408390832
0.180209758083702
0.183002651370120
0.172272729604410
0.149374139922320
0.116880660684794
0.077387914514066
0.033660536097392
-0.010752264458175
-0.052268644430646
-0.088507114148791
-0.118455936409802
-0.141973258403324
-0.158839070480724
-0.168363617678670
-0.170079468839588
-0.163866856254315
-0.149729518518260
-0.128047175147231
-0.099536121380204
-0.065141054330111
-0.026081648410196
0.016025970875436
0.059006505403347
0.100631979469267
0.139138267546149
0.173335763034640
0.203171017730244
0.229867025943469
0.254843058730386
0.278202404633195
0.297881348414981
0.310307474273680
0.311725082785558
0.299199788489009
0.271332057568404
0.228348479917957
0.172290110710561
0.107392773073268
0.039260215538826
-0.026072335799273
-0.082443462783310
-0.124653065250964
-0.149468352262980
-0.155507715154175
-0.143130247653913
-0.114751914975869
-0.074596517406668
-0.027373589785316
0.022602334349648
0.071163855095197
0.114363180841841
0.148598352528396
0.170699695223301
0.178965598254930
0.173676448713917
0.156705041474523
0.131411665775328
0.102028290608209
0.072517690882751
0.045882715639268
0.024074975300599
0.008242420297530
-0.001204923860636
-0.004127119359288
-0.000045528537101
0.011133301633526
0.028402917689299
0.049985918551072
0.073247406075538
0.094142784813746
0.107053540481620
0.105743805457659
0.085500292229214
0.044956692966297
-0.013018053699282
-0.081629115328358
-0.151904278479520
-0.214481004568826
-0.261247477215879
-0.287060421695554
-0.290276771866500
-0.272575471851972
-0.238550939357605
-0.194201619002166
-0.145303485716334
-0.096967267625425
-0.053874291391735
-0.020016942275516
0.002144657366369
0.011884121888970
0.009906649394951
-0.001887491507552
-0.020937530819348
-0.044015018925438
-0.067057999554961
-0.086122681157016
-0.098068642940380
-0.100679697022304
-0.093083614457725
-0.075569776963362
-0.049065862719599
-0.015183826880038
0.023571085059276
0.063967227015688
0.102722053845951
0.136842515877482
0.163503682218568
0.180410060363443
0.186083603899900
0.179696071467855
0.160756685554055
0.128618159468398
0.082967190074328
0.025324266841142
-0.040014627842694
-0.105998495152392
-0.164281429822214
-0.207536592055883
-0.230983967955068
-0.233225903012913
-0.216160053150753
-0.183924338071655
-0.142101477413408
-0.096749346971417
-0.052785559941502
-0.012892534809536
0.022202601266173
0.052525017700694
0.078246667164244
0.099681959095276
0.116971805522877
0.130285448321245
0.140319627337591
0.148300170912126
0.156106271443787
0.165719549839481
0.177833160950796
0.191165485812247
0.202467925404786
0.207527049732156
0.203413024286228
0.190190065489918
0.170944774997820
0.150401958163514
0.133356372217425
0.123676680800132
0.123014805347272
0.129643000944500
0.138609697994328
0.143181462348856
0.137159096751596
0.116779732213372
0.081811962851316
0.036275785735675
-0.012596407797755
-0.056889749645431
-0.090120127064347
-0.108938181088611
-0.113977537784970
-0.109050952408519
-0.099278340640152
-0.089133179494821
-0.081717436851207
-0.079157789442305
-0.082766907057352
-0.092643568677432
-0.106923262463454
-0.121751557367811
-0.132415404800471
-0.134425393211502
-0.124836959139732
-0.103710945889691
-0.074157763972856
-0.041415764108810
-0.011568018431433
0.010150408663763
0.020635442179844
0.019517969501785
0.008823876968725
-0.008095100869497
-0.027334123361303
-0.045347247628997
-0.060116534813831
-0.071740728889314
-0.082147669240815
-0.093550080856990
-0.106758578694207
-0.120953405004571
-0.134430919847468
-0.145554712551847
-0.153141375143303
-0.156126204547962
-0.153487368290418
-0.144201600267715
-0.127522141856634
-0.104077442241507
-0.076030141802986
-0.046370508358431
-0.018754350292588
0.002958653569381
0.015728369299577
0.018523649792326
0.013386018161023
0.004944884863006
-0.001709284227750
-0.003074384722675
0.002164694026883
0.013492619635111
0.028542145532106
0.043960736585396
0.057325966313287
0.067408936596970
0.073641895729843
0.076310257405928
0.076002589824616
0.072721113956986
0.066057692185834
0.056022984147975
0.043495412274266
0.029912446019753
0.016902619669513
0.006012792272244
-0.001324782220102
-0.003311739045627
0.001584239547889
0.013120066045990
0.029183346805589
0.046398948942613
0.060629268495074
0.068092006272680
0.066388524520344
0.054823815383900
0.034190985387232
0.006341936716667
-0.026255570318581
-0.061427857190162
-0.097684369355550
-0.133260008945227
-0.165519401366947
-0.191169660306424
-0.206552428416878
-0.208317175132733
-0.194189648040829
-0.163583345752377
-0.118102234915449
-0.061368947050000
0.002091143967184
0.068241169965854
0.133395548088194
0.192749705568207
0.240405071607468
0.270677307166489
0.279348052156936
0.265535755729002
0.232577291244720
0.186519973398710
0.134078436918811
0.081144484135853
0.032039788050722
-0.010473298048696
-0.045036149362919
-0.071392275192256
-0.089716861224084
-0.099653930757645
-0.100275538277352
-0.091616359867377
-0.075363232171341
-0.054027830703206
-0.030394528513341
-0.007056892259591
0.013830435124777
0.030213898897317
0.040178633390792
0.042112365260318
0.034849220842838
0.017992481323302
-0.008183797618384
-0.042625858914229
-0.082858295178089
-0.124767716997337
-0.163204754531453
-0.193236729199998
-0.211043175043868
-0.214061991456411
-0.201109840042162
-0.172206348559006
-0.128271215548311
-0.071119583622844
-0.003332323006364
0.071401411099352
0.147786368952798
0.219339248042703
0.279029487758040
0.320442231965453
0.339708578095620
0.336471648681227
0.313530895508997
0.275784947898339
0.229051828024369
0.179513232471555
0.133145382290120
0.094794643134045
0.067408120316245
0.051530216761988
0.045468763410541
0.045623482232097
0.046785589794060
0.043595443151153
0.032494488713806
0.013095996080314
-0.011322600674652
-0.035176055627763
-0.053065173133068
-0.061706868543500
-0.060643619057594
-0.051539966817854
-0.037205583917825
-0.021037651345603
-0.006099386222698
0.005802238718057
0.014254891058444
0.019534761385538
0.021894312564577
0.021979601356651
0.021327817235569
0.021880518789312
0.025042774349842
0.030515111911700
0.036175549378964
0.039246370876951
0.036881566056132
0.026831407877924
0.008563188919390
-0.016811542608589
-0.046935915930203
-0.078048932554124
-0.105641449438089
-0.126258261238823
-0.138920907935837
-0.144715031572140
-0.145383648434930
-0.142278563076336
-0.135464840810347
-0.123599031091440
-0.104824690470715
-0.077754862534467
-0.042767464466974
-0.002795789169731
0.037377759752281
0.072311132719363
0.097359771123224
0.109938276112650
0.109645172910804
0.097908702539345
0.077401575791280
0.051440482076731
0.023656313930629
-0.002809231075822
-0.025956890115906
-0.044756996402449
-0.058947121712495
-0.069089237297293
-0.076749099995184
-0.083965371946957
-0.092031266144204
-0.101244705600824
-0.111413097918926
-0.122553972228682
-0.135752656328720
-0.152557031801094
-0.173274474119553
-0.196125506044213
-0.217425216131505
-0.232935683061869
-0.239721565773939
-0.236795847214482
-0.224626912351220
-0.204634302843528
-0.179178455049538
-0.151159249487438
-0.122732272845517
-0.094832534302517
-0.067780729863315
-0.041862657567825
-0.017955607421710
0.002453766151265
0.018001480113142
0.028059085886388
0.033549060400129
0.037405314723197
0.043986338304043
0.058149026497337
0.083792081738553
0.121997701328959
0.169963163231606
0.221488218938273
0.269170777114804
0.306666220567482
0.329592785310464
0.335879091047831
0.325819408052181
0.301717598716404
0.267299168375993
0.226783528909824
0.184114206594081
0.142123964756639
0.101755333766908
0.062718106400389
0.024610518128761
-0.012517246101424
-0.047314788515378
-0.076812533512729
-0.097209984263457
-0.105089523528501
-0.098948042038743
-0.080069951488627
-0.051931390171579
-0.018833141692980
0.015163464118306
0.046537751122766
0.072680338405400
0.092124116255481
0.103859927077735
0.107009818078154
0.101018272787291
0.085808775708322
0.062720289253567
0.035224277055721
0.008390243182048
-0.012225442990154
-0.022388768516664
-0.020986737147698
-0.010352150932288
0.004905305613787
0.019699310213024
0.029813281549258
0.032917018396844
0.029432712133096
0.021930884660229
0.013397620159844
0.005947303539233
0.000348375008998
-0.003586019285455
-0.006465003578502
-0.009187786018267
-0.012759536707774
-0.018198096739506
-0.025962305593731
-0.034841205532023
-0.042145026939301
-0.045087908262464
-0.042133509334748
-0.033901980646140
-0.022830295115231
-0.012213660463651
-0.005626708589715
-0.005987042226428
-0.014214728253939
-0.028556038338419
-0.045474890274021
-0.061399490971774
-0.073758303058093
-0.081709089440775
-0.086390568080993
-0.089701224558935
-0.092941702274388
-0.096055021409602
-0.097263021141466
-0.093906076242138
-0.084164829735421
-0.068871170605873
-0.052400664157869
-0.041033235309069
-0.039712845515012
-0.049719781111106
-0.068584947300459
-0.091865172848196
-0.114798601061690
-0.133254963384054
-0.144533309859383
-0.147650580362616
-0.143450257185761
-0.134303223476172
-0.122862659473258
-0.110891845048902
-0.098294290159917
-0.082735592803533
-0.060988384555699
-0.030718671343127
0.008420644298413
0.054217573541535
0.102352608911470
0.147741923733384
0.186139260326514
0.215059804501065
0.232938247110445
0.237556446560667
0.225666211747188
0.194485775699945
0.144008601502646
0.077995179807628
0.003424829575309
-0.071071386084318
-0.137723883146493
-0.191077581641428
-0.227715255095578
-0.245868772858211
-0.244962052516094
-0.225328747544403
-0.188586049010592
-0.137898183031717
-0.078142223067686
-0.015690189553767
0.042806459867281
0.092002888527489
0.129027286610824
0.153429416753200
0.166320544016720
0.169789214389804
0.166162748170206
0.157457348330420
0.145466889806492
0.131617975059658
0.116965378662872
0.102399356328402
0.088535787923923
0.075756274926951
0.063884293848917
0.051827438263722
0.038472986291937
0.023569421295659
0.007533694975560
-0.008992118652923
-0.025086369859212
-0.038872359718068
-0.047457665485442
-0.048159892116556
-0.040052184296812
-0.024885333810539
-0.006291197705344
0.012189679418383
0.028510532870010
0.042953865693908
0.057700318529641
0.074805888274474
0.094769314558399
0.116046243218483
0.134885400020603
0.146133323036616
0.144926787237656
0.128852090961827
0.099199159750242
0.060008944785242
0.016272056292023
-0.027366250763284
-0.067006285223906
-0.099258653304315
-0.121465219333961
-0.131822539777291
-0.129127994414931
-0.113093388016625
-0.084537742583321
-0.045336023157664
0.001344572829339
0.051095681309669
0.098703751696459
0.139221948916312
0.169205787879172
0.186756320299216
0.191148785325420
0.182804186824062
0.163161712426289
0.134614676598057
0.100194781622492
0.063060162472660
0.026271769435224
-0.007566108489062
-0.036613040308308
-0.059916149668542
-0.077387262226985
-0.089138667218293
-0.095042451430464
-0.094809268698586
-0.088073872753438
-0.075421263750374
-0.059400736575181
-0.043814540592873
-0.032472733553907
-0.028478759868096
-0.033755873932614
-0.048316169706299
-0.069421401137868
-0.091876183121385
-0.109456119751076
-0.116749017524184
-0.111040743190495
-0.093031711018799
-0.066376452301686
-0.036581979136400
-0.008891932062090
0.013373748216102
0.028993140958141
0.038333195740227
0.042198430446665
0.040823278227869
0.033711870524870
0.020063131850702
-0.000079399342161
-0.025300539335754
-0.053513309973482
-0.082150814784625
-0.107813671144559
-0.126251228880308
-0.132910143046318
-0.124306461321281
-0.099485442751553
-0.060710310301778
-0.012890857184627
0.037971141804744
0.085949049951741
0.126277708895359
0.156454671177185
0.175907763195230
0.185078382187506
0.184561808725581
0.173872181135232
0.151554373990872
0.116872283633403
0.070997678776752
0.016993579769814
-0.040905823850209
-0.097936447363678
-0.149361864887075
-0.191200446613359
-0.220552390784747
-0.235710372498528
-0.236110688546607
-0.221945837887043
-0.194400583163997
-0.156054255854571
-0.110826181741216
-0.064116323819238
-0.021992339179972
0.010662260903022
0.031006064757651
0.038064397231229
0.032321287244366
0.015584414574668
-0.008918156874817
-0.037313999785739
-0.066344079994991
-0.094091007697873
-0.120130929313027
-0.144886387964252
-0.168730494021410
-0.191281797193471
-0.210858196117848
-0.224886013576059
-0.230763576483068
-0.226479075691251
-0.211286046606491
-0.185790539860950
-0.151838959301539
-0.112644751573820
-0.072101319953111
-0.034013818150950
-0.001754267094294
0.022653377615984
0.039360116541428
0.050419167072219
0.058456323975842
0.065223240093914
0.071104433626545
0.075246193854931
0.076286569831860
0.073549374588986
0.067443893659563
0.059365688639924
0.051308735950739
0.044801843488948
0.040351292348490
0.037272725018451
0.033445801298415
0.026291001722298
0.014508568936110
-0.001101815702348
-0.018249960250881
-0.034447423146776
-0.047539720502067
-0.055927728867598
-0.059319743653856
-0.058851344962225
-0.056201215749982
-0.052427716510477
-0.047331165821765
-0.039886480481590
-0.028927862356301
-0.013920501723380
0.004210337979642
0.023471140664567
0.041845804819161
0.058034993571836
0.072011452183750
0.084675191840488
0.097215809707523
0.110938712618547
0.126587492907104
0.143744142806919
0.161204097675711
0.177655145286829
0.191889078365873
0.202422521289529
0.207626340952837
0.206282662870698
0.197502393487662
0.180899018216804
0.156851386873531
0.126036866240501
0.089400812515279
0.048555289294409
0.006190400114653
-0.033405822040787
-0.064868474228202
-0.083096478606136
-0.084361356551704
-0.067320278194853
-0.033730441232452
0.011325282291283
0.060245891649995
0.105074886242224
0.139512347570350
0.160049434551522
0.166377676383177
0.160782374017337
0.147070750896475
0.129447251529433
0.111606973854866
0.096294558915286
0.084653292550914
0.076112637820182
0.069475895057203
0.063727366243503
0.058259861805831
0.052614891419188
0.045689741824233
0.035975613024696
0.022642079316141
0.005827752229391
-0.013581070358223
-0.034137159395314
-0.054259383040845
-0.073019764012140
-0.090486022361808
-0.107081462923383
-0.123202233275490
-0.138985449126944
-0.153368750322705
-0.163978050628688
-0.167963108098929
-0.162629362334694
-0.146199245371839
-0.118166542047951
-0.079288388847274
-0.032204528646367
0.018331511206813
0.066492050321141
0.107019340802018
0.136363454897420
0.152776536948826
0.156254013558690
0.148382739448939
0.131494503051986
0.107849644973457
0.079156609473973
0.046557492681956
0.011196527523074
-0.025330305523972
-0.060453768919007
-0.090554836446712
-0.112190678473937
-0.123023241296711
-0.122014912246722
-0.109809917773078
-0.088707158050951
-0.062217415707457
-0.034298139730369
-0.008125059718378
0.014459553741502
0.032481776508597
0.045229587900626
0.052288033402457
0.054035413110950
0.051590289510418
0.046682790891358
0.041666921299398
0.038690966997861
0.039031631837262
0.043069129705042
0.049942665875864
0.057658733637268
0.063844834406787
0.066526669559264
0.064971493558749
0.059582679966588
0.050850476193897
0.038897326743922
0.023878809660837
0.006729198873973
-0.010519416678349
-0.024986130563668
-0.033375282597280
-0.033170734917718
-0.023884164850399
-0.007185383215200
0.013527245491931
0.034055362657393
0.050569634307883
0.060535998325718
0.063567984906907
0.060935432492307
0.053910577891579
0.043088558119530
0.028543022014396
0.010259692302842
-0.011307599405888
-0.035160250628693
-0.059613434442442
-0.082031548548776
-0.099154074321652
-0.108026021526323
-0.107270591591916
-0.097691086914969
-0.081857265425429
-0.063262122790753
-0.044887776282044
-0.028318772114014
-0.014190922498075
-0.002551345802277
0.006691484983580
0.013063016175521
0.015713385444690
0.014128532482575
0.009006623459270
0.002678463512649
-0.002000971674252
-0.003127320202124
-0.000269908075400
0.005980686097044
0.014821566849062
0.025333232909334
0.036300665030767
0.046189539971871
0.052908418899272
0.054267952183544
0.048884055893565
0.036527097282078
0.018227124814745
-0.004104022146463
-0.028106074393894
-0.051103079080277
-0.071030433489847
-0.087232069870589
-0.099931070460544
-0.109331769105724
-0.115047786716011
-0.116263765798926
-0.112321882508122
-0.102966861129839
-0.088523205915226
-0.069785123516118
-0.047765788676176
-0.023894175568665
-0.000045324394261
0.021512370375667
0.038505435372904
0.049725547945819
0.055055367924087
0.054825894672268
0.050151318665832
0.043147515558043
0.036321843642731
0.031509853200306
0.028966966223755
0.027622659500788
0.025880433920367
0.022254075597839
0.016013215295222
0.007389798066092
-0.002600765547996
-0.012627511661422
-0.021671777163350
-0.029229221282387
-0.035684408380499
-0.042479010508037
-0.050976467848079
-0.061262933247991
-0.071854697784995
-0.080308915534013
-0.084394259216910
-0.082461197186446
-0.073537447039293
-0.057985250329773
-0.037362768162629
-0.013612955715014
0.011441075511504
0.036343255692658
0.059712612036290
0.079744039701506
0.094173397820568
0.100934333063822
0.099209173439477
0.089767137408331
0.074820668008501
0.057768496192459
0.042162526951495
0.030986517529495
0.026370171862617
0.028573033621242
0.035806900581723
0.045551350077641
0.055648241056003
0.064522477524318
0.070819625976750
0.073315572273751
0.071179601937947
0.064027584745799
0.052159035340230
0.036431805663627
0.017583980878399
-0.003857938273450
-0.027450393330813
-0.052646288665522
-0.078384244971161
-0.103393937693022
-0.126577457692960
-0.146655958647331
-0.161778943270681
-0.169546842416143
-0.167817817331256
-0.155571205710740
-0.133074073544158
-0.102272903674681
-0.066786499267527
-0.030602061456405
0.003282911128768
0.033634266760719
0.060984568882492
0.086711887526275
0.111705592999768
0.135141738634049
0.154518775687964
0.166823602542433
0.169533245084502
0.161592405447184
0.143732647518914
0.118064574778166
0.088236246128003
0.058684642865812
0.032568159893077
0.010931553626167
-0.006653349966973
-0.021136177821855
-0.033283889189409
-0.043460726412990
-0.051726355595942
-0.058365941102101
-0.064041367126243
-0.069180323490626
-0.073778308363116
-0.077214180078834
-0.078075066169115
-0.074834116820666
-0.066204538072970
-0.051367068097136
-0.030711532475526
-0.005687643108995
0.021976552649244
0.050716378994154
0.078962513373177
0.104454177498446
0.124532650728087
0.137126767319645
0.140951902905630
0.135500624365823
0.120978839465090
0.098072386932112
0.068070596016008
0.033143705439685
-0.003454567278972
-0.037961501804872
-0.067403246545466
-0.090073567680606
-0.105435126323730
-0.114005468895392
-0.117019726216867
-0.116367033719169
-0.113829379752479
-0.109653713962886
-0.102804256237045
-0.092377057162520
-0.078490761502423
-0.062602238616675
-0.047057453647189
-0.034088801553023
-0.024827405765183
-0.019059455650839
-0.015944255611938
-0.014490240450857
-0.013916783932966
-0.014229235320445
-0.015982673891174
-0.019776527265572
-0.025635046138564
-0.031985583470385
-0.035982317950429
-0.035074580606024
-0.028122556971799
-0.015851079360996
-0.000576489341970
0.014486253347136
0.026116923822026
0.032179702085630
0.032003442007055
0.026273233056791
0.016784119361469
0.005665403851585
-0.005054085235165
-0.013508741481034
-0.018140207019416
-0.017679023655106
-0.011853147035621
-0.002066892105742
0.009530591889478
0.021265239832330
0.032414585641685
0.042990620933829
0.052891728595891
0.061589546597865
0.068421861033192
0.072530528626193
0.072667734847858
0.067416368026313
0.055949936947333
0.038562128877107
0.016570028713745
-0.007788612960587
-0.032070243201398
-0.054644306398352
-0.074525172974716
-0.090995505705866
-0.103703160770500
-0.112648348651668
-0.118184786412387
-0.120379677736119
-0.118327866317474
-0.110822351842140
-0.097241987100225
-0.077863690140249
-0.053853851635108
-0.027000387388163
0.000365223085063
0.025648429281016
0.046479517217087
0.060938863541026
0.068052205082430
0.068146062069793
0.062621070017074
0.053431283890347
0.042359482552230
0.031008909245362
0.020871747543548
0.012366698009255
0.004665901504364
-0.003412418040537
-0.012813967231417
-0.023690849411115
-0.035301980642351
-0.046526355741178
-0.056086129960480
-0.062656265038489
-0.065004263841565
-0.062248765463680
-0.054267010002709
-0.041774323914190
-0.026411127788079
-0.010561019159308
0.003285005805611
0.012575986908289
0.015031509587749
0.009823876075329
-0.001898457738315
-0.017399760496081
-0.033491798307952
-0.047791174554003
-0.058831049294259
-0.065780102377306
-0.068496461680576
-0.067453070758830
-0.063455508391196
-0.057086432887773
-0.048466469475256
-0.037475140691170
-0.023752949574805
-0.007074125104671
0.012088553426324
0.032743547059401
0.053725951003023
0.073738550800389
0.091011583623956
0.103339775773967
0.109279408817568
0.108572836794491
0.101368227211111
0.088188905143768
0.070198842225310
0.049237195050188
0.027836673572195
0.008481927256024
-0.007332218138780
-0.019358393185451
-0.028282623813649
-0.035123561793560
-0.040638781702311
-0.044590309564476
-0.045579966276534
-0.041714466530779
-0.031023651505904
-0.012622655009340
0.011569251002020
0.037260578799093
0.059720954111517
0.075337327799656
0.082602533085533
0.081996091517547
0.075098004882851
0.063802351611544
0.049806727504871
0.034551726769407
0.019194419065391
0.004666953564505
-0.008020105518727
-0.017990820783247
-0.024743466078454
-0.028042294488573
-0.028022434151788
-0.025021720088853
-0.019259951255149
-0.010851257374111
-0.000088560891418
0.011993923540640
0.024037588781926
0.035514768879422
0.046529497242706
0.057089566374353
0.066899353389612
0.075217242346764
0.081348632149983
0.085219828531296
0.087121487494680
0.087197869944959
0.084998603193784
0.079539968151368
0.069900138492329
0.055808124225355
0.038024315938065
0.017872460103592
-0.003193335228685
-0.023174517667427
-0.040001560913072
-0.052398811795012
-0.059687631256014
-0.061631476305431
-0.058482138617777
-0.050854215365123
-0.039698163838691
-0.026142312490265
-0.011323868444786
0.003900661328642
0.019046874541635
0.033426298980456
0.046134689800056
0.056692982744025
0.065380214162482
0.073323336295891
0.081746869690254
0.090809229057437
0.099551594785180
0.106634122493270
0.111040115445082
0.112147273997621
0.109456216278836
0.103007144988756
0.093344552240797
0.080619135325511
0.064432290088875
0.044053944753026
0.018571597428452
-0.012384064874385
-0.047880085106533
-0.085486937129223
-0.121757776614062
-0.152987958328640
-0.175689872396394
-0.187092701415119
-0.185468642013979
-0.170469259521675
-0.143885513970204
-0.109296164263778
-0.071025991435164
-0.034037292300240
-0.003253351164636
0.018039866554610
0.029097604751345
0.031517549830487
0.028042968614238
0.021305110031731
0.013124948773294
0.004148704335151
-0.005712792017958
-0.016539273480941
-0.028022417792542
-0.039207852637127
-0.048705826732400
-0.054970352103393
-0.056582762411271
-0.053210615968478
-0.045969244441129
-0.036670399074290
-0.026944131463228
-0.017706865380778
-0.009659079922802
-0.003907303897540
-0.001542917976219
-0.003357465695547
-0.009825051907648
-0.020701989002825
-0.034834692283319
-0.050303409689400
-0.064662298176546
-0.075066673708366
-0.078683981025616
-0.073854321809536
-0.060755170035111
-0.041362770241524
-0.019363069807610
0.000722120841729
0.014495280744623
0.018336153442772
0.010763151319542
-0.007031201507784
-0.032317233915673
-0.061775387257335
-0.091777077938361
-0.118583258419918
-0.138744567368492
-0.149568994007895
-0.149362417323669
-0.137853533553741
-0.116230682221114
-0.086403590909679
-0.050767113653306
-0.012214728104337
0.026213661499858
0.061682156637342
0.092190235692257
0.116663490901059
0.134057083521987
0.142871572376365
0.141507449203044
0.129324984134102
0.107469828523574
0.078416287976079
0.045439779164977
0.012276027937935
-0.017683301173671
-0.041757055452825
-0.057924397042044
-0.064977658981268
-0.062738156249638
-0.052029100017708
-0.034278771410996
-0.011635111693490
0.012831695176786
0.036194733888398
0.056695857681602
0.073845395609828
0.088042937917308
0.099448261962949
0.107476941096882
0.111637541272122
0.111963175712537
0.108840459987028
0.102933031304098
0.095012327022162
0.085525809860796
0.074287963446248
0.061068102118803
0.046182062671337
0.030283547709445
0.014663089692739
0.001526512804193
-0.006893540377191
-0.009346386560211
-0.006206890008518
0.000639739891175
0.008781874297553
0.015878341806400
0.019990242199373
0.020026515980304
0.015987902459314
0.009146094396126
0.001400065901291
-0.005840148405044
-0.011721645300581
-0.015549057421650
-0.016544306464170
-0.013627315704206
-0.005676194874613
0.007591345869723
0.024574826542328
0.041945533670253
0.056020008155989
0.063551501263913
0.062436601434376
0.052532290675843
0.035168323497727
0.012549624495966
-0.012523492480446
-0.037698607889880
-0.061641753928765
-0.083643471703517
-0.103256679224651
-0.120122777358303
-0.133734970799922
-0.143014440919092
-0.146442662878891
-0.142696589374086
-0.130929980100951
-0.111495673171069
-0.086592773789101
-0.059332953304820
-0.032372006898691
-0.007159217761936
0.015991032453596
0.037052185643000
0.055986134840787
0.072797762943355
0.087120235743061
0.098082540699963
0.104560572633254
0.105845841435635
0.102484083428694
0.096200056316481
0.089313012814612
0.083943655172237
0.080962037256785
0.079858259166438
0.079487912018525
0.078646819961308
0.076082820285271
0.070393673252843
0.060850098927948
0.047966876237764
0.032683273343256
0.015857835218407
-0.001784554569597
-0.019741542524734
-0.037111277943222
-0.052271935591469
-0.063224303417182
-0.067723753274638
-0.063754621937445
-0.050449167727277
-0.028670798230699
-0.000871126057191
0.029414200591268
0.057988240636759
0.081057619042496
0.096207891709481
0.101926196021544
0.097450098413497
0.083505411761465
0.062270142676220
0.036795172853836
0.010184059092127
-0.015160099301476
-0.037498745310837
-0.055663363380086
-0.069113350609236
-0.077932990226812
-0.082960787859533
-0.085509368005633
-0.086934373682329
-0.088411694927543
-0.090515623468212
-0.093103914610328
-0.095420191662694
-0.095900128959825
-0.092316051607319
-0.082621962075071
-0.066237392084482
-0.044417703803201
-0.019127355634187
0.007515487290061
0.033083421119514
0.055262953269227
0.072159371667465
0.082626673925439
0.086668633094000
0.084949469978106
0.078129625792613
0.066651117154954
0.050897860929002
0.031687938865948
0.010478033348385
-0.010884359220243
-0.030987349308559
-0.049551709313661
-0.066789061051983
-0.082844244280467
-0.097920007395206
-0.111695978086977
-0.122820089559828
-0.129181644210899
-0.128541294701584
-0.119421939345224
-0.101488581399619
-0.075535915710204
-0.043507129275591
-0.008003223715873
0.028095640874241
0.061640659836701
0.089563567922747
0.109406715071525
0.119868633681660
0.120847195479616
0.112917259399217
0.097260164588085
0.075835154651843
0.051383800326752
0.026983431312293
0.004956777769367
-0.013211261701523
-0.026101897997892
-0.032657495386153
-0.032699864240734
-0.026898865800430
-0.016792836461109
-0.004517635019063
0.007864137945067
0.018966974418843
0.028105934642353
0.034875228855795
0.039153916740301
0.041230807315494
0.041794397872837
0.042017237977334
0.042959856147514
0.045091803540885
0.048789870108828
0.054157639293040
0.060366529948681
0.066042570181209
0.070213337119069
0.072848925413956
0.074412884535541
0.075127804810617
0.074717933147606
0.072116300335996
0.065928268134060
0.055563928631630
0.041347726902485
0.024242149896394
0.005796438707393
-0.012189044372778
-0.027980410606499
-0.040291388118563
-0.048600551854011
-0.053174053373690
-0.054840777819640
-0.054328345880702
-0.052272994412249
-0.049674970998590
-0.047165599300377
-0.044682004528071
-0.042309947282060
-0.040419097257513
-0.039514708021372
-0.040486833710182
-0.044372033658063
-0.051612011988590
-0.061642969528961
-0.073263310348889
-0.084944941433892
-0.094830070132317
-0.101143504315136
-0.102407022248251
-0.097735869629447
-0.087641185259178
-0.073628058880185
-0.057252914454145
-0.040295124556240
-0.024813669337772
-0.012509513200578
-0.004154276395371
0.000482903414098
0.002230458663056
0.002179331530219
0.001093667831552
-0.001198699436666
-0.005305571064356
-0.011604187800103
-0.020177943666603
-0.030775524017517
-0.042866020557563
-0.055404287928474
-0.066528021677925
-0.074122014878454
-0.076622652135682
-0.073462368063658
-0.064868099537264
-0.051281272682481
-0.033626598071046
-0.013528233365543
0.007249769061525
0.026840200483981
0.043318489450627
0.055232124475138
0.061662530226288
0.062086038476005
0.056559638274928
0.046165605971507
0.032950085252739
0.019016137633891
0.006009722327994
-0.004926336248612
-0.013084996746677
-0.017756873155085
-0.018497778308082
-0.015592675680703
-0.009436227507971
-0.000239909220468
0.011511846187655
0.024798562309317
0.038063225429926
0.049623125822239
0.058230374181610
0.063645230736465
0.066900317345813
0.069340217531947
0.071656213432263
0.074081290428628
0.076626451571892
0.078887363591250
0.079843015128431
0.078364790617181
0.074301542936439
0.068603856234091
0.062869524383941
0.058989304786590
0.058235154729238
0.060821993798076
0.066014842570613
0.071771322942745
0.075200246004724
0.073829410646851
0.066344346932248
0.053057815239588
0.035965181191543
0.017855145173223
0.000915280756778
-0.013826203830629
-0.025821311796823
-0.034874489654187
-0.041455168683985
-0.046127630923874
-0.049202026647991
-0.050605947814098
-0.049706962337218
-0.046257037653175
-0.041057889929550
-0.035265913585023
-0.029878157272751
-0.025692022693500
-0.023133428064579
-0.021945881419757
-0.021370437114176
-0.020877279858986
-0.020178838202401
-0.019089479060987
-0.018142338640761
-0.018402426431871
-0.020350137178663
-0.023294291121545
-0.025791410223505
-0.026762861531614
-0.025952192426410
-0.023588389275825
-0.020281612178458
-0.016711643816775
-0.013398503361714
-0.010896270188988
-0.009510123432797
-0.009166767288217
-0.009658203095231
-0.010470835056437
-0.010868933649864
-0.010140107552450
-0.007359582265611
-0.001479524159680
0.007738033725289
0.018883621393899
0.029587734611866
0.037835326009462
0.042110760190083
0.041504136929665
0.036107075788024
0.026623236674059
0.014176586454927
0.000219516886737
-0.014200002372614
-0.028751956413839
-0.043461092558193
-0.057953192517678
-0.070762038961566
-0.079567542193004
-0.082085615763839
-0.077171246190801
-0.065387690035928
-0.048489129491451
-0.029132278778430
-0.010796526349505
0.003242376016754
0.011270313834000
0.013817655421949
0.012946150400699
0.010943120972901
0.009850909611002
0.011034730089463
0.014839791332451
0.020984074476766
0.028516077386607
0.035844494850655
0.041534806124822
0.044616940672582
0.044507875860413
0.040988813972017
0.033982171077253
0.023561892373557
0.010334724120802
-0.004411883070372
-0.019616388391265
-0.035305779072041
-0.051577217425233
-0.067601642079084
-0.082012079892066
-0.093035330652640
-0.098852151751928
-0.098447052376837
-0.091660868584879
-0.079142431061317
-0.062469350143051
-0.043746894014572
-0.024980207767264
-0.007560551602430
0.007772558191761
0.020697357717582
0.031115034489760
0.038856518556284
0.044029682115668
0.047408177430112
0.049681095042743
0.050910624523171
0.050833676007324
0.049258205971231
0.046237266012554
0.041760391413075
0.035840826293142
0.029006701460770
0.021985927266812
0.015353902639534
0.009438973842528
0.003951615787814
-0.001801213705401
-0.008293844700953
-0.015494412981877
-0.022741289633587
-0.028949003961824
-0.033051236362739
-0.034257453177234
-0.031858279694761
-0.025137635198589
-0.014368070824019
-0.001278109643118
0.012083320080097
0.023947794132337
0.032936233813862
0.038649473301173
0.041552641681845
0.042455803197446
0.042365484069416
0.042213688615210
0.042529463785660
0.043268375013353
0.044027658983949
0.044541224315804
0.044943884762220
0.045725857665543
0.047028197569333
0.048104087910055
0.048086679840278
0.046494192056689
0.042867706800511
0.036835783746421
0.028425498957633
0.018276487275165
0.007433672923797
-0.003249951739545
-0.013010432684923
-0.021056082351328
-0.026852373137392
-0.029740692534666
-0.028849097419006
-0.023890978896605
-0.015651907871745
-0.005760844931100
0.003947185811915
0.011714895314003
0.015859401932205
0.015197218291978
0.009428082510667
-0.000555662907159
-0.012824286530450
-0.025527218387459
-0.037176476385193
-0.046182538807774
-0.051239320018770
-0.051582587625356
-0.046934912633873
-0.037856691743097
-0.025779716230601
-0.012399583280896
0.001065678847265
0.013881238331503
0.025273523213467
0.034614384904127
0.041771297093635
0.046966693365309
0.050384856644410
0.051514502141392
0.049391640185567
0.043726276242562
0.035096455810964
0.024460057775393
0.012809140594334
0.001091213588780
-0.009585136699450
-0.018243065504527
-0.024384723555325
-0.027906906855359
-0.029378441580655
-0.029774242850710
-0.029512660142899
-0.028435387383769
-0.026455907745079
-0.023936025082040
-0.021469910637181
-0.019322341115490
-0.017382920670144
-0.015396571544539
-0.013233001377397
-0.011046180212127
-0.008818381462176
-0.006503936153167
-0.004507770648092
-0.002894527116914
-0.000995901772949
0.001891389397085
0.006267062251220
0.012265686839712
0.019183044424812
0.025462564990978
0.029677062236586
0.031691452148162
0.032337169054726
0.032440805940857
0.032540934065451
0.032709129312596
0.032645203126249
0.031846434033880
0.029551055720498
0.025322928424913
0.019434870527037
0.012434878335605
0.004753391711328
-0.003620776290846
-0.012992964738085
-0.023494282485057
-0.034979623093058
-0.046739700221076
-0.057658132653555
-0.067039811887838
-0.074477157285000
-0.079153505662998
-0.079906016672483
-0.075919813612351
-0.067138564365318
-0.053851391341954
-0.036694538204221
-0.017163106011880
0.002698995861455
0.020628469904196
0.034418110873770
0.042761993331490
0.045402230254382
0.042857238880262
0.036459236158215
0.027901388745533
0.018731055508560
0.010219912033101
0.003102700579137
-0.002822312291978
-0.008627772818576
-0.015052813280344
-0.021576202782750
-0.027076196429908
-0.030442292414687
-0.030715580433210
-0.027516039999033
-0.021288505856072
-0.013460614928374
-0.006154447274512
-0.001208096663416
0.000448102071806
-0.000950569814692
-0.004240570810766
-0.008144316442398
-0.011692139179090
-0.014447896727890
-0.016313360681424
-0.016839697536428
-0.015619380535402
-0.012861506020176
-0.008751846138531
-0.003046964557736
0.004313583778199
0.012473349269200
0.019917782840845
0.025361877262812
0.027940663715504
0.027364002548495
0.024143819630600
0.019081005572803
0.013153705540405
0.007635303537143
0.003605712059461
0.001875959139725
0.002979925712181
0.006741480420916
0.012419603307402
0.019282257445796
0.026745138399451
0.033942653225536
0.039708989735459
0.043343984056075
0.044614509846214
0.043247422155050
0.039106043706764
0.032270990581497
0.023278183713743
0.013532877286186
0.004892713514198
-0.000777632058927
-0.001925082880512
0.002204032507409
0.011596180237061
0.025637951008938
0.043246685386619
0.062989081900053
0.082958978150279
0.101156498232000
0.115821827863773
0.125131508520919
0.127560187901645
0.122770227754709
0.111804339198364
0.096274633436942
0.077403675226906
0.056231636204761
0.033992629340557
0.011855658325792
-0.008925943620771
-0.027176319971594
-0.042229904165350
-0.053472238970711
-0.060117282747889
-0.061557497284772
-0.057712910790748
-0.049619792031273
-0.039443383271066
-0.029565190047717
-0.021726924355947
-0.016994709420429
-0.016246140761760
-0.019829884045276
-0.027049771838310
-0.036827680266511
-0.048133482002186
-0.059857549846997
-0.071048576606738
-0.080912708842955
-0.088830582764324
-0.094566088190711
-0.098119017092714
-0.099651736659966
-0.099276761058618
-0.096761687413769
-0.091850675401605
-0.084712207362402
-0.076180610193297
-0.067430250972072
-0.059051845943534
-0.050895348478674
-0.042642948098886
-0.034153353984566
-0.025436667658878
-0.016422244101888
-0.007432844347365
0.000298671456107
0.005364735297536
0.006848582264532
0.004648472793719
-0.000093711298019
-0.005553569096581
-0.010101021045555
-0.012654502879960
-0.012954940811311
-0.011465774974681
-0.009195521842467
-0.007613847309896
-0.008135039390615
-0.011415986778626
-0.016917588094532
-0.023510602710960
-0.030495556073006
-0.037349512327165
-0.043398899006772
-0.048216174746413
-0.051486281189016
-0.052803785161376
-0.051809832389247
-0.048298972226522
-0.042350930692314
-0.034266498827178
-0.024712435982054
-0.014756446968142
-0.005101943904210
0.004294536708268
0.013972206872988
0.024603642675642
0.036345330999752
0.048720974402688
0.060869390304403
0.071283734852880
0.077849058468736
0.078595391970460
0.072693137131763
0.060795238771796
0.044461660814545
0.025946794619413
0.007832840467671
-0.008075177188900
-0.020756716592464
-0.029329745137413
-0.033237104092919
-0.032556379312413
-0.027981603695427
-0.020406977337985
-0.010534142445863
0.000788034894249
0.012198483187334
0.022026375865993
0.029124218858560
0.033575680640785
0.036015164775139
0.036921417223950
0.036810039386448
0.035995803466742
0.034503724573732
0.032494476671074
0.030230594516176
0.027969481608700
0.025998815512851
0.024840865836192
0.025395722641331
0.028165143435655
0.032597446954160
0.037421400111931
0.041091635990685
0.042097604922844
0.039124706585251
0.031448665844831
0.019681232377541
0.005761456335992
-0.007727830189097
-0.018470970753368
-0.025288990533626
-0.028006623851055
-0.027081290745218
-0.023457606923414
-0.017848993364856
-0.010645735488858
-0.002474148694566
0.006025970340640
0.014323126440136
0.021521888192122
0.026211928062321
0.027000576202406
0.023322576914163
0.015511315614604
0.004305413714156
-0.009436034264099
-0.024773795393393
-0.040210791010824
-0.053654059225682
-0.063339737976666
-0.068078798496394
-0.067198205633039
-0.060981403114221
-0.050542967282827
-0.037403159495133
-0.023244859349751
-0.009659645292446
0.002120249314899
0.011694789054803
0.019241119062890
0.024638389324058
0.027591559244520
0.028137862028242
0.026718270477338
0.023978576049448
0.020275814471010
0.015700075955682
0.010452767856262
0.004921866420439
-0.000253651838917
-0.004443840234926
-0.007183881516031
-0.007991019418040
-0.006705095217568
-0.003428479665134
0.001878211791387
0.008834446461111
0.016426964302933
0.023594367634963
0.029302918631435
0.032411607718991
0.031973302996077
0.027908484941385
0.021304502842679
0.013869137851556
0.007201658490164
0.002024264154443
-0.002007501714154
-0.005477822235272
-0.008918105306788
-0.012741636489520
-0.016583662211612
-0.019460774489747
-0.020303369224303
-0.018012420271518
-0.011863503602814
-0.002033504837478
0.010133936041333
0.022419101167049
0.032615072487583
0.039001307186329
0.040629918498078
0.037755685898499
0.031783090589673
0.024765600292802
0.018403753550403
0.013371197032549
0.009719574767235
0.007217594867110
0.005632043292343
0.005043397391070
0.005474436111138
0.006785600304725
0.008901232596018
0.011748020706048
0.015439965446824
0.020117033168219
0.025371332377373
0.030404957389872
0.034622180066503
0.037801536932569
0.039647645032283
0.039599101051537
0.037387610389326
0.033049091983685
0.026597863779160
0.018265461487388
0.008480179885255
-0.002101686261170
-0.012369413608614
-0.021122039887764
-0.027319930428244
-0.030363110382761
-0.030686639482661
-0.029494995105762
-0.027902349717769
-0.026422362666069
-0.025041200013665
-0.023547333388881
-0.021258582864424
-0.017033953093877
-0.010310304475352
-0.001688830834899
0.007283370706079
0.014742643105699
0.019324380817091
0.020410161924618
0.018031112156683
0.012606211048440
0.004670452018295
-0.004900721232940
-0.015113873551074
-0.025334157901511
-0.035027438753535
-0.043679045438311
-0.050804955832330
-0.055795333575640
-0.058403869995775
-0.059023521637707
-0.058069182714687
-0.055333896778965
-0.050144768371956
-0.042219054771450
-0.031864729402020
-0.019654586933054
-0.006602704702074
0.006030209446340
0.017156007444366
0.025841835189302
0.031579014678981
0.034486717410149
0.035284625698587
0.035165753237755
0.035007094441216
0.034945128550167
0.034829980001341
0.034568579622846
0.034182121753280
0.033481985412380
0.031926548711096
0.029145857546020
0.025052408594424
0.019629247233091
