-0.000436365813368
-0.000556229014364
-0.000795145332166
-0.001032844295291
-0.000968632000963
-0.000408765881392
0.000453660171620
0.001095220997434
0.001093711797976
0.000592270686981
0.000201099019360
0.000386958482696
0.001038643313575
0.001630280862707
0.001704012372561
0.001101505918277
-0.000085670479779
-0.001497557286311
-0.002569730863828
-0.002839955164603
-0.002169448928726
-0.000812017044592
0.000644451394977
0.001637048297654
0.001948049109589
0.001677355989605
0.001176430541906
0.000844206567192
0.000721709653665
0.000537870911434
0.000127963608119
-0.000413591835112
-0.000836136243204
-0.000941901786334
-0.000778088390604
-0.000581461944204
-0.000553556054345
-0.000702918458094
-0.000926368479753
-0.001143484625940
-0.001139813128336
-0.000650797262077
0.000156282140386
0.000844953179203
0.001270229460798
0.001470909989148
0.001389489236906
0.001020163773812
0.000517609638092
0.000071170979067
-0.000247245501974
-0.000556765124248
-0.000979512293922
-0.001341364465449
-0.001251511309768
-0.000535570785267
0.000487156247763
0.001226336859945
0.001297946199880
0.000754567430839
0.000051799520740
-0.000231954118859
0.000047695472198
0.000463650458089
0.000575600984376
0.000359032407418
0.000129633863837
0.000209001223005
0.000568253974143
0.000828309143511
0.000607273392109
-0.000222171180781
-0.001419224580746
-0.002410917997075
-0.002677498028984
-0.002125844611909
-0.001030757581936
0.000192900746288
0.001166194663722
0.001683127506177
0.001734094502222
0.001413893434220
0.000822446389004
0.000113738477604
-0.000423482336781
-0.000565652697503
-0.000398885195856
-0.000132600082891
0.000231560196537
0.000762280891706
0.001223221303818
0.001186963139553
0.000570132333315
-0.000212547324975
-0.000639494689140
-0.000443933853514
0.000219353171220
0.000826138742560
0.000971391668893
0.000783115849888
0.000584049741281
0.000377985825927
0.000019910999472
-0.000384834477652
-0.000605380769271
-0.000600104521672
-0.000476207420285
-0.000312680301359
-0.000150430492075
-0.000000900461620
0.000159816903028
0.000294532230605
0.000240581865670
-0.000154715899731
-0.000780498046980
-0.001256428721154
-0.001305588869688
-0.001029637431021
-0.000709302857214
-0.000466407613856
-0.000268626013077
-0.000071880241913
0.000203492122090
0.000641372877010
0.001167887880871
0.001489736075264
0.001313134315817
0.000659601380835
-0.000160741795361
-0.000762464808796
-0.000815666204278
-0.000296515784543
0.000445895210349
0.001048502679864
0.001341596750637
0.001262199465298
0.000824237424279
0.000149921141477
-0.000559301320357
-0.001136013191540
-0.001528666046497
-0.001691680016155
-0.001483330651881
-0.000840168998442
-0.000000761399293
0.000571696987838
0.000567366982413
0.000119851811042
-0.000340489285190
-0.000466619307671
-0.000273347040795
-0.000146372173097
-0.000446213070648
-0.001091276109166
-0.001656069622154
-0.001709685044033
-0.001080744273337
-0.000060287724956
0.000796116791352
0.001175805476152
0.001143213552249
0.000857352939777
0.000418653856472
0.000011179332926
-0.000084104886469
0.000211905559363
0.000662712447597
0.000925901806721
0.000742521194064
0.000150459776326
-0.000485850145497
-0.000859018042577
-0.000934110276479
-0.000798246937710
-0.000543984052937
-0.000243718139233
0.000097702851083
0.000549707455315
0.001102239125053
0.001565436872897
0.001762504062462
0.001635488973014
0.001107889564740
0.000192617442596
-0.000808947494398
-0.001487754777444
-0.001554121125421
-0.000971644253837
-0.000134561868270
0.000411512267654
0.000516585422335
0.000331319046380
-0.000034444086273
-0.000392647032666
-0.000436022432800
-0.000077194851344
0.000404786583181
0.000627525539692
0.000453786810104
0.000134537629815
0.000153599079634
0.000775723533812
0.001627170310457
0.001965945656414
0.001441627471753
0.000351998062551
-0.000719384094784
-0.001345882272650
-0.001503036130158
-0.001368419596968
-0.000976328470076
-0.000391316587868
0.000077859094418
0.000208678021785
0.000052798289193
-0.000275520147130
-0.000632088986955
-0.000817617835121
-0.000786617579101
-0.000690632766498
-0.000567373142281
-0.000218478690146
0.000394880511352
0.000915507375784
0.001012815053219
0.000731147102392
0.000330471723256
0.000048457513712
-0.000096002501749
-0.000280694120117
-0.000480357327119
-0.000385470685975
0.000106570474800
0.000683840182903
0.000963296972262
0.000780668236778
0.000220147945108
-0.000423173135867
-0.000792476540481
-0.000726171972444
-0.000312898475589
0.000225006667462
0.000569342390519
0.000480251850601
0.000081055865384
-0.000251280076639
-0.000223744672548
0.000282342619685
0.001141140107069
0.001897425170818
0.002087453305705
0.001667377806749
0.000968304177726
0.000298326571225
-0.000322106750015
-0.000989313016876
-0.001606009078094
-0.001909606581615
-0.001689413670395
-0.000984554534386
-0.000188404010505
0.000217396310882
0.000078103425678
-0.000324318720575
-0.000467831956029
-0.000012597507812
0.000857742604848
0.001624372350109
0.001917345864847
0.001701823380832
0.001099259151505
0.000238162059339
-0.000646885759542
-0.001195032276312
-0.001212976179672
-0.000837836400940
-0.000368199128732
-0.000096286560741
-0.000156755295062
-0.000417789421700
-0.000645680881820
-0.000726429989480
-0.000611462567102
-0.000200111103844
0.000487943864510
0.001126514571329
0.001322967005401
0.000964108019454
0.000177003678888
-0.000822045173689
-0.001660022318880
-0.001911958637176
-0.001460935877592
-0.000566784306871
0.000378115248689
0.001081537951572
0.001417903745680
0.001305695409527
0.000746939789933
0.000019831943925
-0.000513337392122
-0.000750237061151
-0.000784411673035
-0.000629813156789
-0.000165289256543
0.000573757884171
0.001228518860762
0.001456242510776
0.001186019240075
0.000554041865641
-0.000164688113336
-0.000739579535241
-0.001077470038894
-0.001074356707488
-0.000691687096059
-0.000093971525470
0.000525148574954
0.001026663903788
0.001270331849427
0.001224566687904
0.000949407022530
0.000449146040899
-0.000264305733743
-0.001043113556347
-0.001571449666355
-0.001540829947692
-0.000955673150701
-0.000165015195604
0.000312632582920
0.000102046963917
-0.000599827675916
-0.001180507629532
-0.001268284341197
-0.000914626588871
-0.000342431512312
0.000260296211334
0.000828434950696
0.001286258278497
0.001448662969040
0.001226541932189
0.000709892660126
0.000016918195908
-0.000670152274789
-0.001008051258303
-0.000686486706530
0.000243116689131
0.001292435316091
0.001837389658609
0.001503000675501
0.000357563112476
-0.001102264722041
-0.002218818171202
-0.002564855750549
-0.002046378966128
-0.000774525055862
0.000930563419624
0.002588352032040
0.003726933093519
0.003954913075037
0.003136100064794
0.001582150640746
-0.000161806100059
-0.001679923118337
-0.002685554298258
-0.002880367188793
-0.002162185045425
-0.000899336497715
0.000250751233750
0.000741510403875
0.000434650343484
-0.000285815208584
-0.000893605265101
-0.001247463233829
-0.001427034391989
-0.001305882964268
-0.000699795322581
0.000334742240859
0.001501629116284
0.002345605462468
0.002496156784128
0.001970814299411
0.001094899414044
0.000180647348714
-0.000615809024932
-0.001167157066668
-0.001311645110599
-0.001044887083378
-0.000536887876289
0.000041020537668
0.000526911228206
0.000800418055601
0.000807299629118
0.000459533354054
-0.000236286596767
-0.000960560891328
-0.001256394358710
-0.000908284219104
-0.000095237046473
0.000713867799922
0.001042971541498
0.000752668735291
0.000142086761226
-0.000350040637221
-0.000522711045184
-0.000430072674577
-0.000191354122048
0.000066711326006
0.000272658140890
0.000445817111440
0.000576990636089
0.000642020885205
0.000617357458704
0.000346464345166
-0.000256599278942
-0.000885113464270
-0.001089068767692
-0.000772356730923
-0.000280843077771
-0.000054244155381
-0.000222574868071
-0.000584240822773
-0.000867988473750
-0.000852681730180
-0.000466864302141
0.000094488465607
0.000524926051744
0.000620034367401
0.000345381733916
-0.000101489422233
-0.000333559303317
-0.000066131056013
0.000587290885273
0.001184804049707
0.001307738457398
0.000803541828071
-0.000118031882995
-0.000920351840522
-0.001164418078546
-0.000931558844921
-0.000578675085512
-0.000323919943155
-0.000221714055748
-0.000180351670880
-0.000064650802652
0.000050883317131
-0.000009001276404
-0.000238921374292
-0.000482647858807
-0.000590024861871
-0.000502245219951
-0.000281534673023
-0.000107051517068
-0.000164192822256
-0.000380703846272
-0.000404439728082
-0.000042810700203
0.000491001302724
0.000877093163864
0.000954013727798
0.000698208418080
0.000167195798429
-0.000513708882038
-0.001120988949425
-0.001318594337050
-0.000828804735478
0.000244887932063
0.001343215560107
0.001854211739520
0.001605288816978
0.000902989457970
0.000170553416153
-0.000313472382934
-0.000483137894154
-0.000511551942524
-0.000658733538493
-0.000968124870206
-0.001167146694164
-0.000940198419289
-0.000264088651647
0.000565780403654
0.001128647786165
0.001113359869221
0.000550442262351
-0.000218462157392
-0.000832719462137
-0.001077141536760
-0.000930537663900
-0.000559317630879
-0.000131549448280
0.000280761587512
0.000645210127811
0.000960634023824
0.001170127061577
0.001119246902897
0.000685262288493
-0.000165371086610
-0.001271612181724
-0.002170057334036
-0.002391029024262
-0.001868197995737
-0.000991058820710
-0.000307552372000
-0.000020223585893
0.000163928168491
0.000511675544362
0.000903051603691
0.001063140672942
0.000833042038923
0.000337952600536
-0.000039828101569
-0.000040251584565
0.000249153806275
0.000550255889030
0.000625289038058
0.000384995462810
-0.000163735261496
-0.000887261075769
-0.001422008260056
-0.001392222889641
-0.000782399047391
0.000036833285226
0.000641385486501
0.000836441562992
0.000655567167918
0.000280038314310
-0.000042082630402
-0.000168605768806
-0.000128370487321
-0.000012848108358
0.000096611315038
0.000170554097597
0.000264032699921
0.000439182518666
0.000666449216110
0.000778623051490
0.000506833377328
-0.000233360875364
-0.001040594723227
-0.001246551468954
-0.000529620625673
0.000728890023746
0.001724623241183
0.001912407046669
0.001391330914433
0.000662975809422
0.000159832294116
-0.000055292824600
-0.000253461912331
-0.000680590556744
-0.001311375922968
-0.001991358550659
-0.002611391223075
-0.003018974702325
-0.002866041125513
-0.001845210269435
-0.000210795960718
0.001279913322798
0.002026278944332
0.001882162237400
0.001065667327655
0.000133474103108
-0.000314684298378
-0.000137203288333
0.000333640149185
0.000689210606978
0.000708570511734
0.000364397135817
-0.000220056453293
-0.000756746023274
-0.000950089408243
-0.000774660530489
-0.000441152381988
-0.000169465629664
-0.000068104720354
-0.000050355675461
0.000084255803572
0.000428450603733
0.000921686367323
0.001359356039801
0.001432685582175
0.001047033270405
0.000501185186772
0.000101589944322
-0.000183683444858
-0.000499578645680
-0.000785318677931
-0.000833174255461
-0.000525711727199
0.000004061598798
0.000374111070802
0.000267112761681
-0.000234538563271
-0.000845835620885
-0.001402499863477
-0.001741321878585
-0.001629361961164
-0.001014808340961
-0.000092857759965
0.000791480850462
0.001213908827601
0.000993682759239
0.000395108504319
-0.000181212721067
-0.000471450410203
-0.000434015522175
-0.000270835461178
-0.000175335311256
-0.000134318989149
-0.000085431986618
-0.000060019175887
-0.000121113236577
-0.000235115365577
-0.000291050329839
-0.000259884105249
-0.000171448513526
-0.000018834725943
0.000206853494518
0.000505518231256
0.000786062586789
0.000800762892932
0.000431775129199
-0.000049426370834
-0.000269791869969
-0.000200846692101
-0.000135143434630
-0.000301686104832
-0.000617301979951
-0.000819942830599
-0.000798018247927
-0.000684843536724
-0.000618264068034
-0.000529001871653
-0.000299576336156
-0.000012221643438
0.000181929003314
0.000284602592014
0.000419021125414
0.000690187591255
0.001045710403919
0.001249553853354
0.001073623645585
0.000532705033455
-0.000117134303685
-0.000618506537183
-0.000842107633863
-0.000683174181431
-0.000147732116152
0.000439785191530
0.000659476939574
0.000365552179505
-0.000208622194201
-0.000571236145233
-0.000422552822164
0.000005842356569
0.000263223504827
0.000142133705959
-0.000210973800237
-0.000446442221728
-0.000315804116969
0.000104349456902
0.000521585714452
0.000700817784118
0.000617044193895
0.000387258788358
0.000051106430966
-0.000402708034487
-0.000794228920220
-0.000873016606898
-0.000566230478041
0.000020046915404
0.000601595833660
0.000894943342479
0.000938287217957
0.000953265308284
0.000989869709990
0.000936689689360
0.000668886936521
0.000144219329636
-0.000417251158954
-0.000580907380597
-0.000151519543478
0.000545187664950
0.000995128895069
0.001000305048794
0.000686416061932
0.000227188207578
-0.000172496492862
-0.000315592985958
-0.000192935851942
0.000112006558454
0.000517509760642
0.000822496122668
0.000790331545585
0.000379363029385
-0.000201852828310
-0.000647344388109
-0.000768509432127
-0.000550003407321
-0.000147069503664
0.000138584451820
0.000104590810931
-0.000207503787324
-0.000653133131127
-0.001036552821409
-0.001129468707285
-0.000821738601839
-0.000208728661649
0.000432604534830
0.000819566264685
0.000938017123717
0.000973370026751
0.000940762370305
0.000680124013228
0.000214110584453
-0.000184793042739
-0.000320544653524
-0.000285106820498
-0.000242295572289
-0.000166021582088
0.000011528629513
0.000220832293164
0.000329747279814
0.000215683629233
-0.000082784015488
-0.000344119662053
-0.000465000174259
-0.000500663767955
-0.000489303371912
-0.000425939993938
-0.000217996813638
0.000202948623887
0.000650586181631
0.000809342494456
0.000559107716253
0.000073947137648
-0.000380182121690
-0.000705604122069
-0.000932751096783
-0.001015353698132
-0.000874375972402
-0.000538140954226
-0.000123339408602
0.000211656285164
0.000362397149758
0.000381650478440
0.000350388228716
0.000249858847866
0.000086796599017
-0.000015532496730
0.000086186552207
0.000407377380766
0.000763343672713
0.000897237707870
0.000692747193691
0.000276249094535
-0.000060319371425
-0.000119175852969
0.000007997851162
-0.000021375961173
-0.000505091308270
-0.001252076010951
-0.001684750320694
-0.001489746500800
-0.000747061224438
0.000331008963461
0.001316876137035
0.001656278693480
0.001168650941240
0.000203026403349
-0.000693686191669
-0.001076339842231
-0.000769032614127
0.000026684176761
0.000840118243469
0.001233064896773
0.001048173712288
0.000440240519449
-0.000228967113444
-0.000607140857502
-0.000641630316118
-0.000528433661796
-0.000389520802148
-0.000212502043729
0.000025855762488
0.000304386333338
0.000540044497870
0.000666007162985
0.000721531406475
0.000684341331833
0.000374119367663
-0.000201988794065
-0.000716954565117
-0.000904827829462
-0.000724909634557
-0.000253846384376
0.000277151148597
0.000553139925533
0.000478428473511
0.000249041823122
0.000009065751722
-0.000290742621343
-0.000591712833881
-0.000764538399821
-0.000863285207205
-0.000909069458028
-0.000767326172444
-0.000423736350634
-0.000058801113333
0.000136460655584
0.000099145959865
-0.000075374906594
-0.000226555601648
-0.000286039681117
-0.000311708546489
-0.000347247823734
-0.000327908952399
-0.000184629742515
0.000095809551323
0.000520945620918
0.000942092609722
0.001014949382152
0.000620771018922
-0.000003504575531
-0.000639200768760
-0.001179190527060
-0.001502375422044
-0.001500499475623
-0.001124957436936
-0.000438160700286
0.000332105463892
0.000813535357195
0.000756466676762
0.000366874064789
0.000064092186502
-0.000028531271809
-0.000069526076883
-0.000162210037541
-0.000185335106664
0.000050406435796
0.000467787801532
0.000715472595685
0.000576509636800
0.000190825607800
-0.000172897744389
-0.000359116648843
-0.000331818727662
-0.000132076484280
0.000142388396859
0.000372849635763
0.000451377519570
0.000276347456726
-0.000164780227900
-0.000576209458580
-0.000527982348681
-0.000060741487797
0.000302507198002
0.000264938329182
0.000041126102548
-0.000037626353549
0.000174746223118
0.000591247382735
0.000932139939785
0.000967761293772
0.000725928370193
0.000379379670322
0.000047283266863
-0.000218936798812
-0.000373362860808
-0.000408632813980
-0.000367331586548
-0.000284481709356
-0.000170050673041
0.000010018897134
0.000285157768359
0.000547195425067
0.000587493077297
0.000279937594406
-0.000283424145207
-0.000815582892695
-0.001066825481078
-0.000957797915357
-0.000554534667874
-0.000107009662830
0.000113715369570
0.000064889573357
-0.000118708290508
-0.000199869274229
0.000006377925070
0.000317457789119
0.000395783314276
0.000267081010908
0.000167381351877
0.000125128920160
0.000102114019079
0.000137420695676
0.000139280950398
0.000000540063624
-0.000178316838428
-0.000272105082862
-0.000271190716625
-0.000194516370043
-0.000046913939054
0.000132443195179
0.000299299428912
0.000463087071731
0.000602544524281
0.000701078619681
0.000795066990176
0.000780705152351
0.000484564142641
-0.000037730950434
-0.000587873773672
-0.001064751535646
-0.001365099543145
-0.001274589549283
-0.000714089339864
0.000082544434247
0.000768850802849
0.001125776610359
0.001036560776945
0.000483372657567
-0.000270157714968
-0.000845450352907
-0.001117598776355
-0.001088253799610
-0.000685283570014
0.000028855308354
0.000769028922748
0.001228799776278
0.001271556294735
0.001036026892778
0.000751172930423
0.000470505688006
0.000166804004476
-0.000102367958787
-0.000199686396105
-0.000015951995573
0.000356201983874
0.000627152262795
0.000534552467028
0.000059489322475
-0.000489011011152
-0.000699194737444
-0.000472771037885
-0.000066374799722
0.000164826937916
-0.000064700882920
-0.000709882819309
-0.001323059833922
-0.001448491982368
-0.000964845760863
-0.000180543362271
0.000348065815409
0.000297679096525
-0.000174753083136
-0.000663431982308
-0.000780388177913
-0.000324354718126
0.000494248042145
0.001113823832638
0.001106437116694
0.000523434661845
-0.000211558289559
-0.000606584751449
-0.000434708850318
0.000023637027257
0.000256031673361
0.000148290441336
-0.000002423536735
-0.000037673700953
-0.000000851466999
0.000120335882294
0.000292420653723
0.000362330709148
0.000244385120384
-0.000019057340680
-0.000357022798069
-0.000658222329331
-0.000731384670979
-0.000510160801748
-0.000159258518253
0.000165103157869
0.000328656080777
0.000131905137376
-0.000341870524209
-0.000684571214027
-0.000702303176715
-0.000540100884477
-0.000395870018657
-0.000384513005636
-0.000437941520017
-0.000373215104696
-0.000186110679749
-0.000103548143670
-0.000341144100953
-0.000843699654922
-0.001238340122173
-0.001129854149927
-0.000411830811992
0.000627543103525
0.001373793903692
0.001370186254955
0.000781892091145
0.000119753572188
-0.000239323496225
-0.000157839251474
0.000271325478599
0.000773730270318
0.001054310471786
0.000994524380731
0.000780048479892
0.000737342737617
0.000992366434370
0.001438564103383
0.001935918046884
0.002352225809322
0.002612498945834
0.002759645634169
0.002820875161956
0.002781112736445
0.002574169198685
0.001888426734076
0.000260954613599
-0.002495750100868
-0.005881246268019
-0.008659581905787
-0.009540753160493
-0.007996731538599
-0.004460315976484
-0.000098911586308
0.003678903477245
0.005845218037212
0.005986378750654
0.004155323569088
0.000779008271397
-0.003286439777835
-0.006701520755721
-0.007934670982137
-0.006081845197100
-0.001569963630422
0.003933464567287
0.008234216765462
0.009517342983679
0.007148965211033
0.002038322788319
-0.003730113562837
-0.007848154661116
-0.008664311592927
-0.005681962535870
0.000206291532058
0.006970512834398
0.012246210408943
0.014263922382123
0.012563632095265
0.008124362916925
0.002751320838559
-0.001802345595844
-0.004511096537170
-0.005276342670652
-0.004593905247508
-0.003213284003221
-0.002009205689978
-0.001659755788218
-0.002211065957168
-0.003044756112784
-0.003368255504425
-0.002821276387700
-0.001692633371255
-0.000686721153049
-0.000457947073855
-0.001125070267106
-0.002185874019030
-0.002943635959880
-0.002912263810542
-0.001942815898329
-0.000172218982580
0.002163674598152
0.004709406401931
0.006775498385449
0.007561639420340
0.006640453608326
0.004081370672943
0.000371635038364
-0.003659769454455
-0.007080368793467
-0.009120620783171
-0.009260558969297
-0.007392243233179
-0.004094311218881
-0.000490170667346
0.002347768979736
0.003867962835692
0.004163230590841
0.003851740030067
0.003714056544815
0.004257470291527
0.005511571715918
0.006981339526160
0.007647787881787
0.006449582662024
0.003285629775746
-0.000510064533999
-0.002875997225603
-0.002389903770201
0.000604011725250
0.004036810517051
0.005478718300253
0.003575027338845
-0.001599826167722
-0.008863186838883
-0.016056610565053
-0.020308180150629
-0.018986810163331
-0.011069237271730
0.001541441972893
0.013819689632190
0.019974218556883
0.017356859508251
0.008622099526565
0.000279522524230
-0.001409569002164
0.005299967692655
0.016018582899181
0.022668863572349
0.018704609308700
0.003685635999934
-0.016200607618842
-0.032007295555639
-0.037006744991530
-0.029439434464385
-0.012292715129094
0.008477454902441
0.025774311988523
0.033316187562079
0.027946492260881
0.011298859021256
-0.010359001281362
-0.028568686719712
-0.036253743872100
-0.030448881331667
-0.013540182738333
0.007306089724345
0.023232913333697
0.028071537804695
0.021037983317492
0.006148275329789
-0.010590880297655
-0.023819323957606
-0.029966003389341
-0.027406755552238
-0.016368938670157
0.000972102349168
0.020163473543272
0.035092841448760
0.040253338206498
0.033322484875549
0.016465716067844
-0.004242438720411
-0.021113013525266
-0.027909195220030
-0.022531153481813
-0.008267400751104
0.007388468877827
0.016148084449025
0.012780463663446
-0.002343268220082
-0.022859942877911
-0.038644425755127
-0.040429336562845
-0.024761956563468
0.003579950362013
0.032930746236925
0.049405195049021
0.043892697681061
0.018200683106850
-0.014974076603783
-0.039421517530305
-0.044045037317536
-0.026746480673643
0.006302187045011
0.043102118348323
0.069046007212584
0.071810257095523
0.047262286782306
0.002975316440396
-0.043863413284845
-0.074051428250129
-0.075553419747743
-0.049160529843556
-0.007707107452213
0.030623740719612
0.051134573144200
0.048690824211635
0.028488498800581
0.002074920380019
-0.019058761603846
-0.028829904973569
-0.027948666881479
-0.021312522647910
-0.013866066459902
-0.007787307276445
-0.002374361402344
0.004104995098256
0.012300830820645
0.020926488173953
0.027338807523180
0.028203919414783
0.020204615292220
0.002273698993941
-0.021631121479100
-0.042491046170272
-0.050210852567224
-0.039318486137182
-0.012426500158605
0.020905872428437
0.048878725935785
0.062554821914175
0.058607683230281
0.039150801406304
0.010127742157201
-0.020446914324722
-0.044619777761482
-0.056868618290760
-0.055372309252851
-0.041791714231900
-0.020530345079448
0.002023328949256
0.018951965975743
0.025311507895430
0.020338611248444
0.007874069099679
-0.005217533237823
-0.012022707935886
-0.008599443719106
0.004441749422610
0.022165105723208
0.036853623697341
0.040708899753099
0.029601016373321
0.006167536957270
-0.020576538628230
-0.039692060327541
-0.043908781145004
-0.032852146863873
-0.012561944406993
0.007838334527355
0.020415192305752
0.021605814009248
0.013314166817139
0.001924878450478
-0.004896188670300
-0.002570729323563
0.007756286907943
0.020091372925182
0.026947523464071
0.023142412729075
0.008588687732540
-0.011214760758587
-0.027855483599366
-0.034411986586952
-0.028534248077204
-0.012718774440301
0.007420940797409
0.025542789462676
0.036737236204772
0.038889907141456
0.032641568232020
0.019941808397174
0.002689448466047
-0.017144055224851
-0.036507413266650
-0.050968439380097
-0.056134481671181
-0.050107633291719
-0.034805465099594
-0.014906462464070
0.004651867755101
0.020351857816092
0.029659298718759
0.030441783148554
0.022602588200602
0.009998915152609
-0.000643907811010
-0.003256361401804
0.004315560417241
0.019052534269016
0.033998186307472
0.041268328700635
0.035505952237711
0.016485410334150
-0.010476294904452
-0.036878150756456
-0.054627825861491
-0.058640116305421
-0.048104535850455
-0.026893831734390
-0.002368059929550
0.017884567179356
0.029364135829070
0.031616803565587
0.026963459228256
0.018567040270186
0.009161251864926
0.000724632398197
-0.005754784741344
-0.010386705502182
-0.013654176964615
-0.015711763554907
-0.016590343245428
-0.016421884762288
-0.014998650004379
-0.011464816426438
-0.004976519623568
0.004264081074969
0.014925292272103
0.025229583078010
0.033308892937713
0.037342709838851
0.035838427909101
0.027960620297805
0.014089171942900
-0.003715431673554
-0.022136346515692
-0.037727868992698
-0.047806147112446
-0.050645634905577
-0.045450035187912
-0.032933137004673
-0.016072299602266
0.000552959236328
0.013019964164870
0.020126899133888
0.023415289418084
0.025144195703465
0.026264142996186
0.026222842706983
0.024311057528309
0.020715919206666
0.015937048420646
0.009631725610496
0.001087404799552
-0.008894230834523
-0.017164883996381
-0.019679020297072
-0.014207240974665
-0.002349311000379
0.010861148811971
0.019625662282694
0.020375254757011
0.013272057613036
0.001570744662409
-0.010473886853311
-0.019473765392626
-0.023268867530038
-0.020615566455064
-0.011991995231137
-0.000901617314323
0.006845851014144
0.006470016517265
-0.002316665126094
-0.014706655719814
-0.023653863682093
-0.023905506422745
-0.014310650050330
0.002401674073975
0.021195943159409
0.036398005424321
0.043144585947259
0.038908754015413
0.024711671249766
0.004888300527420
-0.014675801847664
-0.028544338065618
-0.033219843813510
-0.028349950600379
-0.017275512785887
-0.005796089015344
0.001134043768932
0.002682291552386
0.002068371389915
0.002957154286439
0.006103311868590
0.009468813784574
0.011065901014175
0.010889607056241
0.010000572633624
0.008837877493249
0.007024296331604
0.004216944134088
0.000584315465282
-0.003553498797869
-0.007859920704034
-0.011283833078351
-0.012153476267751
-0.009794919296391
-0.005696935605203
-0.002650199685274
-0.002570431258232
-0.004885016123714
-0.006738673434891
-0.004812323538060
0.002416367347263
0.013412436271019
0.024168454151107
0.030078558218773
0.027870695759594
0.016911683522797
-0.000412639583087
-0.019330417094104
-0.034067299880090
-0.039743471088175
-0.034179348326519
-0.018609285427187
0.002801300445956
0.024058336681107
0.038806999436578
0.042025362495576
0.031771080311790
0.010571444446437
-0.014495539806598
-0.033993015365808
-0.040374860641261
-0.032066913960753
-0.014420171582426
0.003588280490253
0.014893255865875
0.018018914434711
0.016109751508383
0.012816989715210
0.009319582832632
0.004831295420255
-0.000996120050633
-0.006781564974795
-0.010353875616474
-0.010608347726686
-0.008375161119101
-0.005460932369185
-0.002772769806230
0.000431427979612
0.005264989793994
0.011489460462674
0.017326587939981
0.020528237147342
0.019158689922699
0.011918605680736
-0.000907444583494
-0.016224097263713
-0.028820704389978
-0.034208928906473
-0.030913549270139
-0.020767530612769
-0.007879841359549
0.003217715342963
0.009587464989439
0.010772494734328
0.008259228144185
0.004388956841581
0.001440016029713
0.001175417589275
0.004451606070935
0.010373767806059
0.015907162181665
0.017268261717614
0.012532845067447
0.003226169091901
-0.006531431853596
-0.012387105831616
-0.011873863917519
-0.005448003259041
0.003945684684821
0.012337401759090
0.016040504811233
0.012864864521411
0.003523347151506
-0.007920890126476
-0.015779878746490
-0.016384292792911
-0.011062841814338
-0.005256040331041
-0.004019174154479
-0.007945702509466
-0.013087916605731
-0.014431917348640
-0.009535436372620
0.000166697548391
0.010763993603202
0.018708049407054
0.022476045886233
0.022026464734810
0.018109975782813
0.012690717053714
0.008992161724948
0.009833739502911
0.014902439653128
0.019370819389036
0.016406170867775
0.002829750003769
-0.017088853725607
-0.034075508305269
-0.040524649902522
-0.035045516652277
-0.021735690531894
-0.006595249759278
0.005433254601292
0.011589645680191
0.011187813619479
0.005473922288173
-0.002441814818868
-0.008629388022815
-0.010195774157310
-0.006751348587514
-0.000751997909800
0.003947465584071
0.005038466680460
0.003665608329293
0.003115813669299
0.005738663362653
0.011275534350871
0.017344698647248
0.020685021455550
0.018453295477408
0.009699796830276
-0.003479064357238
-0.016307718900832
-0.023749382467348
-0.023555608059189
-0.017263896979355
-0.008345011248064
0.000106725437748
0.006095198337163
0.008418914063719
0.006485710812300
0.000720557328882
-0.006757128137063
-0.012330527486311
-0.012564630806028
-0.006494994646271
0.003334080892913
0.012240462594335
0.016159735410138
0.013941750974755
0.008160379967962
0.003821506293894
0.005244617267552
0.012880210208069
0.022228396067777
0.026300301542660
0.020491720693812
0.005766877313100
-0.012474570541312
-0.027932117128720
-0.036180361062498
-0.035783399305467
-0.028156423422776
-0.016488219881796
-0.004262500610157
0.005976826934133
0.013192176093529
0.017541389643470
0.019418571277406
0.018787930844026
0.015670941541995
0.011006617156524
0.006387368916804
0.002841889833319
0.000152128481380
-0.002565483263240
-0.005898663527541
-0.010012207202431
-0.015026554925171
-0.020737527867686
-0.025726371253446
-0.027222045144136
-0.022802336057450
-0.012772205837241
-0.000548909394814
0.009476721915440
0.014528453685226
0.014575280259841
0.011536861469733
0.007655150122821
0.004647549429946
0.003608883987781
0.004615350540060
0.006309696047907
0.006562507463930
0.004315192340944
0.001176799903634
0.000749605756507
0.005543880517633
0.014249672378079
0.022182956838484
0.024554034943228
0.019425394005037
0.008018742314134
-0.006675520357959
-0.020932430422439
-0.030836563816655
-0.033266629722746
-0.027427092956362
-0.015821763018322
-0.003209318248624
0.006224744211932
0.011218205349978
0.013328383288193
0.014468415067229
0.014531099277355
0.011758850836982
0.005269790872078
-0.003341938867758
-0.011011381885159
-0.015636411792237
-0.017229757428628
-0.016605065028942
-0.013569396689427
-0.006984683196332
0.003214416965753
0.014229767601818
0.021531337585010
0.022431622008009
0.018075397694751
0.011429323312640
0.003804550322474
-0.005639478899987
-0.016770810806139
-0.026207343082513
-0.029534750775340
-0.025314125316409
-0.015659483171239
-0.003300824742387
0.010225677580726
0.023081120757882
0.031508366746351
0.031320090456961
0.021206064847689
0.004562981977316
-0.011876918330943
-0.021856137086576
-0.022880368266131
-0.016426869725552
-0.005823438168035
0.005611404262204
0.014887172610554
0.018925019935838
0.015164291058364
0.003616204432515
-0.011504286918092
-0.023118377036788
-0.025744629356465
-0.019186290923866
-0.007785263951369
0.003381039441001
0.011399071252474
0.015649681370816
0.016269108700036
0.013265394881272
0.007303082651593
0.000675784885645
-0.003392918868667
-0.002850198884743
0.001595445575363
0.006842459056699
0.009571240417288
0.008475837933747
0.004484050416438
-0.000770968369193
-0.005734220517584
-0.008377418504310
-0.006579298161800
-0.000249501539379
0.007254419903007
0.010720084313576
0.006914538229740
-0.002567846887093
-0.012346213819516
-0.017497548281343
-0.016866685104452
-0.012612537095237
-0.007393834607634
-0.002507843744513
0.001544927160753
0.003730389879054
0.002895186762945
-0.000158984817496
-0.002031152418861
0.000577727926254
0.007468912297043
0.014814482768552
0.018436544577958
0.017090849010892
0.012676648466839
0.007429747014343
0.001552373234885
-0.005618438045627
-0.012804486942211
-0.016769315256476
-0.015612455761252
-0.011339340358970
-0.008100958492378
-0.007600834673440
-0.007120106077191
-0.002847197110683
0.005237249718006
0.012571920228479
0.014042177690174
0.008171449698983
-0.002343167328421
-0.012809030660149
-0.018893131247875
-0.018206867322135
-0.010849833443799
0.000972492324174
0.013654269533925
0.023255399279518
0.027059719775753
0.024736375194723
0.017951477178390
0.008624312967149
-0.002123363866657
-0.013094211541915
-0.021969333037475
-0.025974564344380
-0.023731698230628
-0.016366705044175
-0.006566338689346
0.003335891676116
0.012080500485530
0.018692517139551
0.021652600811271
0.019341581412319
0.011493695562362
0.000000418101553
-0.011801325101637
-0.020265668471089
-0.022147811030819
-0.015524616149647
-0.001240654650086
0.016112050590054
0.029307829154727
0.032090826062894
0.022931410525295
0.005903089842594
-0.011986230374925
-0.024783968024705
-0.029803841580813
-0.027311251663973
-0.019498377171583
-0.009696555277139
-0.001066813276827
0.004961520058296
0.008867647381180
0.011580250143650
0.013098209502942
0.012475529332754
0.008782982655017
0.002057912966553
-0.006308500383592
-0.013731167211132
-0.016994818704984
-0.013404430467881
-0.002376529319300
0.013444818816889
0.028423564532023
0.036063481861299
0.032663407266891
0.019866332040583
0.003275657948227
-0.011528143176779
-0.021516486732044
-0.025996175471009
-0.025386517274376
-0.020494701521422
-0.012563479781596
-0.003405400847129
0.005151529780651
0.011908576915596
0.016014755975624
0.016371782937246
0.011937408174889
0.002922008491646
-0.008133792776502
-0.016665926425849
-0.018307661229629
-0.011813960772487
-0.000344260234543
0.010291104718386
0.015223766919135
0.012974858574227
0.005037319401176
-0.005887406002162
-0.016431529754104
-0.022254297833436
-0.019374530386760
-0.007168827533444
0.009960166158753
0.024596035915216
0.030738038011274
0.026921981684609
0.016183431880031
0.003791815405280
-0.005836658582167
-0.011217305060511
-0.013301157056722
-0.013488818955985
-0.012578730872487
-0.011030345852090
-0.009166044995960
-0.006773820908433
-0.002910845981847
0.003344905703256
0.011484900024555
0.018810292942823
0.021551442441975
0.017357603384097
0.006890921113814
-0.006749241599468
-0.019459815264351
-0.027251774458741
-0.027508632962289
-0.020152025241164
-0.007692744583431
0.005964200017177
0.017302618639830
0.024430540600226
0.027043201521032
0.025707372275892
0.021356247625880
0.015135198590894
0.008054773519850
0.000324340890289
-0.008418653941510
-0.017449020436475
-0.023935946209494
-0.024653168501558
-0.019187959124709
-0.011102588990005
-0.005290230898941
-0.004033821027737
-0.005845024450619
-0.007687471378585
-0.007594298486980
-0.005334826861235
-0.001409811533500
0.003800257665538
0.009564230482151
0.014053357379640
0.015132875554210
0.012414686289856
0.008060810013595
0.004909301163443
0.003819693406012
0.003120816133236
0.000560063121755
-0.004391379559024
-0.009990649986709
-0.013592833184336
-0.013396901772644
-0.009099644147116
-0.001484186481391
0.007792297922385
0.015593050984484
0.017622287200125
0.011367834040362
-0.000823516844175
-0.012489409842655
-0.017117486786745
-0.011915659705493
0.000713728341213
0.014159808919261
0.020866693589495
0.016644383436073
0.003297225903931
-0.012463855963845
-0.023001351071805
-0.023977567661443
-0.016297901799767
-0.004568047890229
0.006282345140832
0.013209438160741
0.015388537967044
0.013639972123417
0.009451081843478
0.004121101139603
-0.001329032870735
-0.005829312720916
-0.008526174488068
-0.009382388946672
-0.008816280892029
-0.006900743602659
-0.003771872982543
-0.000583295199633
0.000903481915075
-0.000051754638245
-0.002019874164009
-0.001856233917963
0.003225838164094
0.013088031155273
0.023582565635623
0.028337429355652
0.022861657531852
0.008051932910493
-0.010239615363108
-0.025165344799752
-0.032414096350180
-0.030950416017437
-0.022050686796071
-0.008592074413061
0.005195663220987
0.014728790744194
0.016947038954907
0.011892300797326
0.002967654770225
-0.004626128071830
-0.006788349022852
-0.002998585291698
0.003658041081671
0.009236588243973
0.011839883228010
0.011874654185913
0.010320911344659
0.007658666287105
0.004184724106329
0.000521483597626
-0.002627704665218
-0.005124342807486
-0.007350073085038
-0.009392028423048
-0.010411434587479
-0.008772046909146
-0.003066908340451
0.006354893522670
0.016523253608772
0.022748160352409
0.021359667406845
0.012424352489157
-0.000249262134665
-0.011832587834094
-0.018968710431112
-0.020174055731638
-0.015410242760693
-0.006449116256185
0.002732616397849
0.007409923752753
0.005244991618746
-0.001641053228351
-0.007859819662678
-0.008601016854898
-0.003342630372592
0.003668395796634
0.006750501454879
0.003242545440220
-0.004434304316671
-0.010659481431936
-0.010605379006727
-0.003033257799715
0.009371797532824
0.021181848102985
0.026382679144186
0.021562319142031
0.008501734805217
-0.006391498425308
-0.016102608670406
-0.017573521908979
-0.013120957431316
-0.007902014261202
-0.005992531216209
-0.008219521871571
-0.012845421981773
-0.017288254609665
-0.018847354584300
-0.015200365738182
-0.005985334841174
0.005904948427002
0.015511841302096
0.018921032971618
0.015693867296940
0.009228079783604
0.005066641271420
0.007489141497519
0.016208268588445
0.025972035736132
0.029609316718731
0.022455149110301
0.005559991587745
-0.014477888024874
-0.029307756635901
-0.033581097628818
-0.027371017466567
-0.015089393443954
-0.002293013406589
0.007056080343516
0.011400954343554
0.010950895635656
0.006855102869398
0.001036978145259
-0.003609837050312
-0.003853060782385
0.001965710980633
0.012055037274914
0.021448651650658
0.024756801791080
0.019208241642780
0.006135883310807
-0.009489587483677
-0.021586179560774
-0.026256626083897
-0.023408776855616
-0.016133326564190
-0.008881194905568
-0.005230407298376
-0.006059406567183
-0.009134811921840
-0.010635452931893
-0.007612264718068
0.000401688761625
0.011022631130994
0.019918751886915
0.023287177853827
0.020258980208495
0.013174805517113
0.005914254738206
0.001579137778646
0.001003679951766
0.002851253374780
0.004466341028537
0.003056628577132
-0.002310372006345
-0.009198079399728
-0.013130255227521
-0.011276492000896
-0.005047798315761
0.001051247540299
0.003252105016324
0.001305623973168
-0.002126177233791
-0.004258323920287
-0.004175396194166
-0.002544443933682
-0.000267974218341
0.002181989636715
0.004493244988671
0.005885978331396
0.004961411896130
0.000677812073165
-0.006367228797934
-0.013847103852353
-0.018900749634429
-0.019451690629157
-0.014806995510207
-0.005766606822874
0.005340481624243
0.015118660655136
0.020375548393202
0.019444776343871
0.012846940009384
0.003278946420945
-0.005264562054720
-0.009467284494380
-0.008628406681067
-0.004691746083559
-0.000433933770340
0.002125937814386
0.002032631634560
-0.000795558257862
-0.005537520677914
-0.010382602363772
-0.012973240908397
-0.011729966030858
-0.007102032065443
-0.001264968505794
0.003510504066834
0.006266701330897
0.007516680890686
0.008372120766473
0.009624753400571
0.011161808772610
0.011819122657345
0.010347572183709
0.006897822961158
0.003341118565589
0.002328184896613
0.005691990402596
0.012711970202469
0.019938886137904
0.023254943480074
0.020144835711648
0.010551684426877
-0.003302455941173
-0.017561250777205
-0.028008099978014
-0.031891732752793
-0.029108966753084
-0.021768983270849
-0.012913051027694
-0.005433851977614
-0.001150729053671
0.000049091445913
0.000329206668025
0.002491326928804
0.007680869208006
0.014332672821647
0.019244958242799
0.019543160266488
0.014431775310127
0.006016690969733
-0.001746293014663
-0.005479346998008
-0.004518666365073
-0.001512195819509
-0.000725680227858
-0.004934237874382
-0.013373433558244
-0.022117259803576
-0.026230503239893
-0.022370686209463
-0.010867788431711
0.003787752163596
0.015160359807335
0.018846866833395
0.015214839663467
0.008908881501531
0.005651079291110
0.008460601747712
0.015624716899926
0.021624243539898
0.020636481458846
0.010727711832253
-0.004560622548613
-0.018964421160307
-0.027893944728176
-0.030337868993369
-0.027332515100113
-0.019782971583311
-0.008503214944819
0.004118577407823
0.013700851186485
0.016109462617327
0.010661786736683
0.000954091341729
-0.007852038178264
-0.012367330855547
-0.011904814836415
-0.007416523743502
-0.000289966955724
0.007880967973880
0.014673929770444
0.017000008563209
0.013045688138206
0.004232349270175
-0.005131812272087
-0.010443064429860
-0.009591191992700
-0.004007400798656
0.002511949967669
0.006202819866957
0.005327735146936
0.000770056342667
-0.004606688531761
-0.007377810660715
-0.005413480985179
0.000753091577514
0.008214672083046
0.013557843986534
0.014740464030077
0.011731510548232
0.006217210305871
0.000903805987447
-0.001769762632203
-0.001122345335921
0.001329941189426
0.003122340685129
0.002960086304859
0.001773038091148
0.001448534976145
0.002477952695044
0.003011837871046
0.000426804843969
-0.005823872964663
-0.012838444677368
-0.016138303471131
-0.013240878629167
-0.005604327848894
0.002748701008104
0.008450854158878
0.010553755301558
0.009614473278664
0.006109329775113
-0.000039114139286
-0.008660450720724
-0.018008592750635
-0.024554683766867
-0.024725326873669
-0.017170266527507
-0.003732709346231
0.011229533651265
0.022452405617525
0.025766937764612
0.020080831504751
0.008251798366968
-0.003981171956975
-0.010554992869560
-0.008156417716992
0.001622906002495
0.012948804881056
0.019311785472269
0.017445160175830
0.008878696666455
-0.001629148152554
-0.009299001831863
-0.011845496106350
-0.010181198936386
-0.007390665451311
-0.006553278623269
-0.008980707362225
-0.013851547774938
-0.018567025124525
-0.019855863453495
-0.015754868981518
-0.006763173401258
0.004868977498162
0.016527564157087
0.025927678933777
0.031028115663016
0.030020838827967
0.022051717542482
0.008303552305019
-0.007594083221204
-0.020479948389412
-0.025675396858131
-0.021226700954673
-0.009173862991064
0.005158550770081
0.015851550429988
0.019440302371416
0.015966695767803
0.007680238284378
-0.002627027749046
-0.012258776687839
-0.018645675168074
-0.019701974987731
-0.014760339534911
-0.005538577878316
0.004006884496811
0.009817758834243
0.010460419548030
0.007660205562576
0.004197623207712
0.001384292543613
-0.001565448113038
-0.005756920350550
-0.010442153986718
-0.012989512837431
-0.010905926029079
-0.003621997180896
0.007316112177302
0.019042034289624
0.028167527471655
0.031513043869781
0.027204561742242
0.015892937765382
0.001046618543915
-0.012445598157910
-0.020773504742946
-0.022963120900412
-0.020560485390458
-0.015982418191405
-0.011272800100515
-0.007753433572123
-0.005879311603478
-0.005059112490186
-0.003985111343674
-0.001785389929199
0.000967318296391
0.002823493709116
0.003192338599617
0.003084502104499
0.003975186516749
0.006331049595555
0.009319862564658
0.011569481933476
0.012214225688467
0.011414313949745
0.009645901036611
0.006646052828555
0.001869589217426
-0.004036398984363
-0.009012178258141
-0.010967007469481
-0.009342180513484
-0.005668702702522
-0.002516638211976
-0.001582290740894
-0.002712065383976
-0.004468055245158
-0.005311412162515
-0.004450809461021
-0.002107442955046
0.000677203784370
0.002600662370385
0.002870948643085
0.001800976778661
0.000461276747089
-0.000565374627334
-0.001433230229021
-0.001607283238421
0.000666804703376
0.006324520587457
0.013260200089433
0.017012637338880
0.014061980849073
0.004686705567303
-0.007157434722616
-0.016561706246007
-0.020286367249218
-0.017409995829886
-0.008728484867361
0.003433781634485
0.015079116021533
0.021637051511222
0.020395399294549
0.012294633200492
0.001433616274417
-0.007507588829130
-0.012009008227044
-0.012677179717826
-0.011964034112860
-0.011603136320407
-0.011010500400733
-0.008358805719560
-0.002872282949372
0.004295830127750
0.010741994797563
0.013796013697415
0.011559636442471
0.004053069203239
-0.005954384438922
-0.013366456316295
-0.013363673748550
-0.004743971825719
0.009052054562171
0.021831923011571
0.027794799320614
0.024279558507442
0.012716081112689
-0.002574347420891
-0.016549451216511
-0.025265711088581
-0.026826955512216
-0.021533482925163
-0.011480267630246
0.000169756550283
0.010019910811816
0.015420972613342
0.015555364263967
0.011759863001053
0.006593524687498
0.002449724002593
0.000488442227402
0.000271467106055
0.000361904936903
-0.000487544152910
-0.002346321751152
-0.003989819553000
-0.003895767918261
-0.001601935288364
0.001768918634096
0.004104939455416
0.003521049379750
-0.000421689586587
-0.006186066535039
-0.010980554299820
-0.012596989425346
-0.010918213039801
-0.007541149165898
-0.004103721627586
-0.001048536780995
0.002356892402798
0.006748153214518
0.011320666904696
0.014153134219788
0.013988176433226
0.011423568549240
0.008264734930192
0.005921284612401
0.004634815392344
0.004049580234434
0.003900357367042
0.003764380796828
0.002512581640028
-0.001195605291765
-0.007364952376066
-0.013881357392249
-0.017736776441919
-0.017195919117039
-0.013133511526646
-0.008442062654939
-0.005722669194674
-0.005293166475601
-0.005309860350505
-0.003540528916192
0.000845813879125
0.006648445070816
0.011372034711447
0.012699142588883
0.009836371449910
0.004086595515108
-0.001692527740120
-0.004702206057548
-0.004185531258283
-0.002097633213273
-0.001349613609508
-0.003210629656172
-0.006355424199148
-0.007979316335840
-0.005935583494385
-0.000547287226975
0.005384425502623
0.008590432301470
0.007699967622147
0.004027460968013
0.000159694247769
-0.002175496537115
-0.002776522270249
-0.002086309435215
-0.000341004235208
0.002315314685289
0.005256339639201
0.007405085908922
0.007807864025289
0.006088113626093
0.002695285132866
-0.001184059482343
-0.004162343264598
-0.005322704405617
-0.004545549355456
-0.002247830511213
0.000840675416728
0.003384945693439
0.003653222896793
0.000756291251824
-0.004552785258144
-0.010457618555227
-0.015043252212764
-0.016638579367377
-0.013814531284258
-0.005984844414523
0.005355180465700
0.016277504003387
0.022088148273755
0.020166291563042
0.011940561236181
0.002084837935156
-0.004812060092392
-0.007013217479291
-0.005433430417607
-0.001574320482003
0.003670796126977
0.009347553713589
0.013534633746876
0.013952873361059
0.009585905788327
0.001580274245554
-0.007404214747310
-0.014664535252858
-0.018375611717930
-0.017635429653210
-0.012410772901540
-0.003690034406354
0.006394368932705
0.014671925877304
0.017955539692545
0.015001479231803
0.007629833120234
-0.000251090949500
-0.004919398985898
-0.004856498124359
-0.001313946273599
0.002821861413325
0.004963176138130
0.004253367737442
0.001788982005292
-0.000345717248407
-0.000717855737870
0.000259531121308
0.000657421262632
-0.001403992878323
-0.006351981598629
-0.012811460041659
-0.018260454936360
-0.020218086832247
-0.017211459814721
-0.009259928473172
0.001783342291458
0.012392045877755
0.018597890320728
0.017877769254041
0.010682800646939
0.000500991555544
-0.007889065134069
-0.010872085450391
-0.007707158673183
-0.000597393410429
0.006954675057612
0.012200802882342
0.014042050277595
0.012688717510295
0.009053396076747
0.004454906082451
0.000324384410558
-0.002437298585691
-0.003890785105363
-0.004664939613287
-0.005179342646944
-0.005231099894897
-0.004191048324225
-0.001690128953793
0.001685546311059
0.004329491917585
0.004374425506601
0.000874529636994
-0.005329634917208
-0.011786388885146
-0.015768587639903
-0.015861764195800
-0.012445857578315
-0.006789993358724
-0.000022081067263
0.007014237509513
0.013365796117540
0.017709523016789
0.018479712189925
0.014514988081671
0.006206036595964
-0.003854716868407
-0.012041896293917
-0.015870364637184
-0.015002773721935
-0.010631603142208
-0.004283311394051
0.002804651603882
0.009219254453230
0.013008540848437
0.012735830878017
0.008840390302246
0.003521516777636
-0.000667807138377
-0.002235469340733
-0.001253570939959
0.001246813433836
0.004297857278618
0.007429446124744
0.010197964964688
0.011587967731811
0.010335752785281
0.005861696319351
-0.001418703896280
-0.010372825607751
-0.019289753011488
-0.026046423031107
-0.028444056458273
-0.024673938466291
-0.014410138953103
-0.000073096904368
0.013449045574640
0.021044606338024
0.020047674183909
0.011509334034270
-0.000629277700016
-0.011453492049526
-0.016781204022522
-0.014650601324039
-0.006465754261565
0.003540552466117
0.010831859998806
0.013069737662468
0.010794630425536
0.006450266819133
0.002597385910731
0.000284707532609
-0.001052380969454
-0.002196135412505
-0.003267041296221
-0.004124397566263
-0.004797729895747
-0.005385479361343
-0.005764958574941
-0.005468163202753
-0.004073051228830
-0.001798787239207
0.000424284058979
0.001588168504289
0.001462607011224
0.000782890436873
0.000555398025880
0.001303672646966
0.002810606757869
0.004488814398825
0.006020476539223
0.007273949029991
0.007800998239019
0.007223224367404
0.005978900163120
0.005087679731664
0.005247755695736
0.006127371159851
0.006245108323226
0.003868094308302
-0.001258248003766
-0.006814935142422
-0.009139157662149
-0.006275404167165
0.000147152771170
0.006085290754723
0.007913328707692
0.004417957922185
-0.003122499575280
-0.011995637543888
-0.019089843741894
-0.021939483929356
-0.019826201346123
-0.013868271835527
-0.006007017480695
0.001784562732096
0.007686527347430
0.010236959987986
0.008748607913852
0.003795521666077
-0.002447967598566
-0.006633580625051
-0.005885288532622
0.000273471716834
0.009489413127385
0.017942032241258
0.022278572012751
0.021087870642988
0.015290829005197
0.007313805576903
-0.000283911807346
-0.005846577892481
-0.008908639797433
-0.009833675955035
-0.009339667197455
-0.008427777454128
-0.008473648665392
-0.010714954047157
-0.014980274842909
-0.018919619106917
-0.019075175139426
-0.013156404407605
-0.001722072198537
0.011764054673803
0.022439881534106
0.026222194257369
0.021621369129289
0.010687266524626
-0.001578966645420
-0.009702463958779
-0.010718615841703
-0.005805259942905
0.000431729831182
0.003074270508618
0.000491362359068
-0.004721361525772
-0.008422164251794
-0.008550193018847
-0.006090657880692
-0.002884637423643
0.000740758674631
0.005848170072119
0.012542925668623
0.018202965357892
0.018907342970096
0.013015596263084
0.003011216788519
-0.006236462930030
-0.010942751216021
-0.010627983210816
-0.007537140896086
-0.004291398316392
-0.002218186091368
-0.001532056877355
-0.002227383652165
-0.004013197337455
-0.005642906674519
-0.005315033535538
-0.002162856300674
0.002780498391365
0.007105179825087
0.008606275594191
0.006670407389093
0.002409887494596
-0.002266480702835
-0.005742367883111
-0.007450349272237
-0.007990670013612
-0.008371913482810
-0.008944024291155
-0.009181552524567
-0.008478050418294
-0.006770997660697
-0.004301994052662
-0.001209690027778
0.002392118439769
0.006168305783136
0.009515661469494
0.011733988936150
0.012408190475569
0.011715389157452
0.010287020502005
0.008792969884858
0.007554445781609
0.006293715873596
0.004375244380211
0.001475386129271
-0.002182293334789
-0.006219919277317
-0.010287099413849
-0.013630291686478
-0.014836224487607
-0.012576479471951
-0.006908319694314
0.000128571146976
0.005469227520340
0.007086751216319
0.005367217645170
0.002549061542232
0.001005372089722
0.001853318290226
0.004684866374071
0.008151760989539
0.010585860593830
0.010685057979666
0.008366778125595
0.004869104728165
0.001827842261141
0.000121602347781
-0.000742065868944
-0.002024654159043
-0.004329349479872
-0.006900571667377
-0.008365137783388
-0.008228210131442
-0.007451270102967
-0.007051997215500
-0.006485903287517
-0.004055256779319
0.001169909356183
0.007847311099201
0.012704999487454
0.012848101583059
0.008023607373661
0.000577218825690
-0.006498308607812
-0.011277300497426
-0.013280243082172
-0.012958152197580
-0.011057121926764
-0.008173384007143
-0.004541484908115
-0.000199045198016
0.004551876040913
0.008954250933582
0.012256403417654
0.014323122108404
0.015386710159460
0.015053497167210
0.012207477883342
0.006309774393737
-0.001447341788763
-0.008455942066456
-0.012380790065075
-0.012773870090190
-0.011101120239487
-0.009297721020302
-0.008211550324993
-0.007192192917924
-0.004995895955073
-0.000965326987211
0.004302809686089
0.008850026699928
0.010185389934854
0.006952205895776
0.000092291134565
-0.007423628870370
-0.012027798014115
-0.011271948027765
-0.004890063040889
0.005122568545969
0.015223603001440
0.021625733410476
0.021735001964278
0.015182194947995
0.004190495203277
-0.007058661916554
-0.014303832974282
-0.015464911378551
-0.011453418123800
-0.004942507269806
0.001278824442771
0.005002827435859
0.004846594395526
0.000695620703669
-0.005994594925833
-0.012399326435125
-0.015279387303418
-0.012767192888579
-0.005767401033566
0.002520229826398
0.008692667750184
0.011087504553357
0.010166054115225
0.007560378997755
0.004897157900137
0.003073590587729
0.002187495948232
0.001855621825185
0.001543788644601
0.001031483945738
0.000473788987633
-0.000306174292089
-0.001755463183774
-0.003629490349264
-0.005111864320523
-0.005690268550800
-0.005228878189473
-0.003630039384270
-0.000867771358410
0.002633442762745
0.005700003697699
0.006736713138255
0.004635266549063
-0.000252355200274
-0.005830596212204
-0.009344734806820
-0.009007245165143
-0.004622268271266
0.002678711547217
0.010672004358173
0.016238520216599
0.016046578937806
0.008291734149716
-0.005198396914241
-0.018992382264597
-0.027083285411629
-0.026416935076062
-0.018207072693870
-0.006463939390410
0.004688242551620
0.012548540017296
0.015809157338539
0.014478440509626
0.010243014483043
0.006150832655857
0.005005854005315
0.007460476165350
0.011421782300643
0.013524054453662
0.011761336487958
0.006969499054392
0.001628392118599
-0.002480994504962
-0.005147199506822
-0.006959920761038
-0.008364853893814
-0.009390128693755
-0.010052825954610
-0.010615879573702
-0.011064724586095
-0.010704866891853
-0.008724925921569
-0.004971473464247
-0.000111895308026
0.004668599999557
0.008130965647924
0.009468075040129
0.008600211610766
0.005999576406015
0.002304910136114
-0.001610669895128
-0.004355042687150
-0.004338448730629
-0.000850447065114
0.004923891532149
0.010241422938945
0.012614342553340
0.011375321797558
0.007610906566573
0.003018778396579
-0.001091027071120
-0.004037676361886
-0.005409705261699
-0.004949034201525
-0.003097053271770
-0.001357410044501
-0.001573464726979
-0.004581334786693
-0.009546770791119
-0.014617653892091
-0.018194750383989
-0.019480709420343
-0.017939337342197
-0.012871912370620
-0.004075716499266
0.007185220578399
0.018044159571658
0.024939078100329
0.025228012599303
0.018691039006210
0.007843304301758
-0.003409505315484
-0.011959882020670
-0.016568912220679
-0.017042394868391
-0.013305864792044
-0.005757338328116
0.003909665470213
0.012629911202240
0.017315938469189
0.016825736855335
0.012470111554976
0.006690301678694
0.001455402233081
-0.002496527339530
-0.005377778776799
-0.007650810119250
-0.009742259144985
-0.011853223647553
-0.013469236963925
-0.013309198629254
-0.010054219844279
-0.003409993814518
0.005087423390527
0.012509842214605
0.016336464196329
0.015913214426155
0.012407763619496
0.007905659962740
0.004482164201701
0.003489869139696
0.004930949886610
0.007162528306906
0.007740823173276
0.005039480529842
-0.000744035530078
-0.007635814107905
-0.012898371388091
-0.014699451570064
-0.013169830789365
-0.010099840513042
-0.007709533213629
-0.007109019670903
-0.007566506429661
-0.007269768012957
-0.004719326655667
0.000085307408266
0.005284494406756
0.008470937885503
0.008725448869928
0.007105690225993
0.005423882004358
0.004923468286826
0.005622497397689
0.006424464731934
0.005976589480670
0.003583677249033
-0.000434398138278
-0.004830811957718
-0.007850065731479
-0.008110506875549
-0.005672624516379
-0.002301970063674
-0.000347149478766
-0.001117603205182
-0.004158264510263
-0.007811850827601
-0.010322772524129
-0.010578460557061
-0.008165147380399
-0.003125042853138
0.003818548492897
0.010820892431863
0.015460206480687
0.016052765935555
0.012567044920170
0.006652740158085
0.000586629706778
-0.004033059858040
-0.006372078973165
-0.005757654449709
-0.002015478934562
0.003507634496013
0.007880881736596
0.008205550778752
0.003774213332663
-0.003277372505664
-0.009430735187470
-0.011937444447504
-0.010180999245128
-0.005639708886424
-0.000782001375237
0.002197319664332
0.002383105348158
0.000503483464612
-0.001770004899110
-0.002959459000013
-0.002506442759897
-0.000938707860371
0.000411635841540
0.000155374353252
-0.001997967882496
-0.004538509565022
-0.004939712190262
-0.001382011532139
0.005982498285583
0.014731849669914
0.021040379512315
0.021653449571147
0.015691963812436
0.005103478978009
-0.006210739720912
-0.014095171167989
-0.015879312979664
-0.011500447067675
-0.003639101854344
0.003750998923298
0.007752363186558
0.007621882551248
0.004522917709203
0.000671106896901
-0.001868390875068
-0.002194354638999
-0.000897862597309
0.000254587637536
-0.000683568389560
-0.004505978324693
-0.010105510164912
-0.014869024478116
-0.016036944349502
-0.012296994033357
-0.004776040281497
0.003196211939760
0.007883744268234
0.007486789068779
0.003006084116065
-0.002825645536056
-0.007222192276847
-0.008460650255489
-0.006101425529134
-0.000732293943677
0.006251106797516
0.012979213490232
0.017687092945065
0.019144810627280
0.016817956776981
0.011027267757777
0.003057844332037
-0.005161222202300
-0.011762391160663
-0.015375821954510
-0.015115320127727
-0.010740237382614
-0.003234990530478
0.004781245446443
0.009696816106603
0.008963903922963
0.003110527424231
-0.004586267320542
-0.010449234711476
-0.012329971718919
-0.010023879736625
-0.004685651579282
0.001866944837971
0.007539010805404
0.010448072260994
0.009672474695535
0.005738011992418
0.000364521601900
-0.004534433798678
-0.007791769042204
-0.008990069984846
-0.007938507234279
-0.004590201933366
0.000519837929601
0.005902352168187
0.009491148638063
0.009913670909400
0.007629247476806
0.004680023997185
0.003047530268461
0.003052166049519
0.003296269401328
0.002054278340708
-0.001285282759497
-0.005854612083327
-0.010103896269421
-0.012815561394277
-0.013351725688359
-0.011336769631991
-0.006529550228511
0.000893077953817
0.009945637838504
0.018865509437292
0.025683173559539
0.028769247879318
0.026816708827464
0.018818246860308
0.005122450580688
-0.011278197206689
-0.025276371631437
-0.031956974800709
-0.028991090012101
-0.018033254423671
-0.004172767882000
0.006949811307203
0.012064890299414
0.010857113217408
0.005066296888117
-0.002434066993682
-0.008530316256865
-0.010672137457198
-0.007530934229461
0.000272841620346
0.009907402049378
0.017371561679085
0.019476479929700
0.015264346217637
0.006082756690802
-0.005053314548857
-0.014482137013711
-0.019304672033259
-0.018393333359933
-0.012599735859556
-0.004441838089228
0.002885534542597
0.007006104778562
0.007373692935758
0.005189551631960
0.002376725111069
0.000371349317986
-0.000305130812283
0.000330840598233
0.002169983068935
0.004967632052874
0.007861388586600
0.009312686326783
0.008028606052097
0.004127906661757
-0.000517685396914
-0.003166770739625
-0.001904821014118
0.002990033040527
0.009022311397643
0.012721435799967
0.011512278922334
0.005290942454253
-0.003557897538843
-0.011730024623754
-0.016694515010639
-0.017490372503116
-0.014635967769094
-0.009708568328085
-0.004859222516655
-0.001951132371853
-0.001698145195049
-0.003507247564546
-0.005868468464840
-0.006944541997534
-0.005286341358692
-0.000696515447632
0.005126436034557
0.009121338409668
0.008668125321325
0.003369247234983
-0.004462440146329
-0.011107288977572
-0.013878115344100
-0.012691270922758
-0.009294390556131
-0.005288904302245
-0.001177775952579
0.003220865386396
0.008220474187253
0.013964124410970
0.019812601144093
0.023831430828707
0.023543953001712
0.017672045577043
0.007301614012308
-0.004470489188816
-0.014244590602481
-0.020095544614594
-0.021816335827965
-0.019953365622503
-0.015388366515918
-0.009739961283564
-0.005215336271232
-0.003297582351790
-0.003597067613447
-0.004287012689162
-0.003545153262490
-0.000494009752131
0.004738501354383
0.011164682162726
0.017042972798353
0.020506928150939
0.020698989752356
0.018246209366037
0.014450173706189
0.010086098791845
0.004957831330570
-0.001401961603669
-0.008502250390730
-0.014585979457424
-0.017675553813049
-0.016641224841610
-0.011444866212258
-0.003027620893894
0.006769659273628
0.015298837865345
0.019517529808358
0.017081967055887
0.007822994095389
-0.005346842850432
-0.017199515204245
-0.022824377751242
-0.020337434972990
-0.011485498270191
-0.000104244282310
0.009855410970134
0.015351657996216
0.014598390501441
0.007841410158605
-0.002061561824187
-0.010875639954307
-0.015306506940047
-0.014356690238256
-0.009118200026272
-0.001563944965532
0.006514982410223
0.013533385628288
0.017797146806659
0.017918214848944
0.013722298412445
0.006680718227534
-0.000722321537804
-0.006294334149814
-0.009191165007257
-0.010116054316263
-0.010442979836083
-0.010882023084614
-0.011001089033917
-0.009885950133790
-0.006898959689804
-0.002006221920100
0.003994675411321
0.009504379173404
0.012737838950654
0.012513325389798
0.008713913545745
0.002296789756482
-0.005091854227633
-0.011627546685922
-0.015579312518295
-0.015479812575899
-0.010663189905427
-0.001891694608927
0.008652129617307
0.018072540865893
0.023715180523710
0.024046631716526
0.019213745214202
0.011019445200790
0.002231537615590
-0.004625202121163
-0.008214726650342
-0.008377764605862
-0.005795257696239
-0.002030500697185
0.000554219870967
-0.000216119307183
-0.004766296131657
-0.011001799921510
-0.015219105139138
-0.014408393062704
-0.008458862080332
-0.000309533980198
0.006152442227669
0.008615693660617
0.007424487949678
0.004701181207200
0.002654959653602
0.002632827114261
0.004950010721651
0.008648704714948
0.011510513522698
0.011042610973109
0.005997026967089
-0.002607466629031
-0.011758256978395
-0.018017784458054
-0.019352713959772
-0.015982104485627
-0.009793710680307
-0.003050347288181
0.002431310804536
0.005540226651458
0.006119957046401
0.004963181188938
0.003391434515814
0.002615487365362
0.003019522883335
0.004058724647528
0.004929205918821
0.005148326337792
0.004647595475330
0.003613590314916
0.002383562923343
0.001350629218881
0.000495508023060
-0.000928177063100
-0.003686193921085
-0.007657824366523
-0.011861652185734
-0.014942484303836
-0.015527039517908
-0.012630889657298
-0.006211919806806
0.002421795683414
0.010905611285984
0.016803663559537
0.018413977768506
0.015173750767610
0.008028637370834
-0.000608879768481
-0.007660430261699
-0.010678124920481
-0.009014537960514
-0.003963238872590
0.002101762397641
0.006755100365359
0.008529073807735
0.007491259395341
0.004696358541169
0.001327295337014
-0.001522429555044
-0.003096755197673
-0.003452886601575
-0.003328556225850
-0.003576214774672
-0.004684701420518
-0.006247780556303
-0.006809260442353
-0.004846716548550
-0.000210339657579
0.005614916773356
0.010511909809028
0.012691342225335
0.011211734441567
0.006316291927952
-0.000558449571234
-0.007115999590090
-0.010873389870529
-0.010243915424776
-0.005399852974131
0.001751157781649
0.008365027158172
0.011930414788108
0.011485331532212
0.007897846098103
0.002909440021912
-0.001988459902244
-0.005561563282350
-0.006427248952881
-0.003756089683096
0.001483863054176
0.006405619302490
0.007557001113792
0.002919127998001
-0.006614967835427
-0.017297681822975
-0.024266426584869
-0.024220657057982
-0.017526632984878
-0.007922658444062
0.000108925384582
0.003949042406421
0.003714214196813
0.001559294824501
0.000224813932521
0.001617883384343
0.006060463048075
0.012296942046131
0.017957215100620
0.020541386002977
0.018823588376712
0.013536953591345
0.006666536182986
0.000269531231211
-0.004314584640545
-0.006835797861340
-0.007769347503507
-0.007352741424534
-0.005268397858822
-0.001404476652141
0.003151670926998
0.006090420756344
0.005342747612245
0.000693826338597
-0.006055873314715
-0.012258888574903
-0.015808384742085
-0.015812596523314
-0.012308326166653
-0.005746142453125
0.002950966830185
0.012032912069567
0.018953731137147
0.021109240808611
0.017024188527260
0.007175030921265
-0.005771234538082
-0.017329024119935
-0.022872879397636
-0.020094867783620
-0.010292135730002
0.002413021838101
0.013188925412731
0.018636952136111
0.017889449985951
0.012274674201626
0.004120827355829
-0.004058660301207
-0.009698530632975
-0.010815533319241
-0.007339014683863
-0.001503306964118
0.003465022757384
0.005275642127833
0.003711346597311
0.000324892399423
-0.002864196393034
-0.004514565597125
-0.004199808180774
-0.002094912629540
0.001146347306347
0.004321219742109
0.005989304851318
0.005195377446532
0.002146494595671
-0.001577152363489
-0.003831906147109
-0.003359256127550
-0.000565083149180
0.002739589306848
0.004418390550591
0.003432616671616
0.000340889678840
-0.003400641631878
-0.006219047577821
-0.006919287891517
-0.005240377825689
-0.002226825483309
0.000218059280374
0.000529490537959
-0.001476915402259
-0.004351800097742
-0.005727840399989
-0.003835031358210
0.001213976438121
0.007493067604633
0.012453522038759
0.014062173572568
0.011552250887634
0.005833444880128
-0.000996616821564
-0.006827447278609
-0.010358117881049
-0.011230039281661
-0.009786018862074
-0.006647080180226
-0.002353883415383
0.002443973188546
0.006502299106146
0.008242443869717
0.006799552284736
0.002680675202580
-0.002570848989658
-0.007312954544706
-0.010532958383971
-0.011711960469170
-0.010292706063114
-0.005772944603716
0.001485426192631
0.009547934316441
0.015298473818485
0.016300591843089
0.012732773383485
0.007212421728627
0.002692365822143
0.000760099409006
0.001379315554591
0.003426836706736
0.005445379035729
0.006339190003710
0.005742771853135
0.003895257301979
0.001264525678901
-0.001761189994537
-0.005056695574611
-0.008472111439835
-0.011264237639526
-0.012394084933228
-0.011520454138752
-0.009204590633161
-0.006179930157493
-0.002768420431321
0.000979288637586
0.004780497876576
0.007936926006929
0.009568041686690
0.009080249802563
0.006646719135328
0.003043191702237
-0.001089242160354
-0.005480705258961
-0.009711430573479
-0.012730470255934
-0.012996937357429
-0.009267236451661
-0.001696334302725
0.007568936615259
0.015250974038444
0.018817018648179
0.017674493513036
0.013007631683070
0.006955761556003
0.001777325133025
-0.000927642835292
-0.000882045892313
0.000622292993100
0.001235173862892
-0.001040799923946
-0.006324478540012
-0.012539540025113
-0.016675743771505
-0.016816640075327
-0.013368586751272
-0.008437709997453
-0.004210072145756
-0.001819950064679
-0.000962345893307
-0.000090712382629
0.002428887385492
0.006695939997413
0.010888138730807
0.012610536157858
0.010564504772083
0.005371181573404
-0.000777563416248
-0.005614826033553
-0.008162687852438
-0.008659923011079
-0.007807505160732
-0.006392391936784
-0.005063079983078
-0.004134908700247
-0.003701675248265
-0.003716239571436
-0.003751749740494
-0.002906459162179
-0.000319649045872
0.003973404331674
0.008835072589058
0.012765385028401
0.014660357259081
0.014025286172366
0.010915120705660
0.005882898281094
-0.000108587820783
-0.005959520490318
-0.010654452033524
-0.013227414323762
-0.013034217692483
-0.010343954937744
-0.006220995209240
-0.001780740986563
0.002292990992143
0.005862001018723
0.009052855446387
0.011716587019448
0.013401564683041
0.013888975723509
0.013367031673518
0.012050520673500
0.009872241148309
0.006505658145921
0.001648598013713
-0.004581582379821
-0.011453099938978
-0.017769868407342
-0.022154842435751
-0.023332226999478
-0.020530675119958
-0.013894891840535
-0.004576983640673
0.005502329330338
0.014082660704124
0.019209474671056
0.019968549098064
0.016908705546830
0.011765508943989
0.006527611378252
0.002509163761220
-0.000079598849296
-0.002033740800489
-0.004293815454086
-0.006722444275101
-0.007967140518968
-0.006780678668857
-0.003446603369377
0.000068996374284
0.001560294415961
0.000360868207543
-0.002313341141628
-0.004460974436335
-0.004567750155174
-0.002233944302825
0.002029077203440
0.007133652284562
0.011256440954865
0.012066270639261
0.008075334144713
0.000119208528811
-0.008563848081855
-0.014233800744299
-0.015183490964893
-0.012455991298915
-0.008380442949104
-0.004897800820598
-0.002858116997093
-0.002086556085073
-0.001740437403688
-0.000708599508383
0.001921488779247
0.006500380908094
0.012326160243961
0.017217778540300
0.018547334588140
0.015199767039990
0.008222658969096
-0.000073629834138
-0.007264575503159
-0.011539657685626
-0.012162905374031
-0.009725263224540
-0.005760087936906
-0.001782371411044
0.001298032220939
0.003049180222557
0.003381881690923
0.002642275474287
0.001588259422625
0.001128005306156
0.001914699329118
0.003994963951342
0.006526078959447
0.007874801471327
0.006597292549684
0.002490628777192
-0.003228003325122
-0.008303200167682
-0.010353920359345
-0.008226255903897
-0.002582989307476
0.004609166807079
0.010783457432183
0.013556217022360
0.011924211534242
0.007190372628593
0.002340792404755
-0.000083093383233
0.000440383011203
0.002746267219340
0.005256364671522
0.006930582470496
0.007452006018975
0.006718260426688
0.004381522061999
0.000123834123309
-0.005585676005643
-0.011128069824429
-0.014616524436355
-0.015455725851715
-0.014647777249660
-0.013493674025097
-0.012371115232617
-0.010838829827271
-0.008794514936828
-0.007139812132212
-0.006774475567184
-0.007133183312919
-0.006476314306707
-0.003762676352866
0.000164237045204
0.003240081077808
0.003928253742440
0.002590245507792
0.001243442152437
0.001806040838822
0.004568357525317
0.008404011336384
0.011961998867585
0.014194060384343
0.014359476712256
0.012255458153604
0.008352998138256
0.003577356610605
-0.001129960151925
-0.005255658413456
-0.008633249649496
-0.010939423439729
-0.011554047380903
-0.009904743738081
-0.006022407543694
-0.000934957014915
0.003548581531770
0.005661022939948
0.004880852453481
0.002551298514937
0.000725851933699
0.000402734672393
0.001409570360068
0.003469792039926
0.006424681890754
0.009552675393465
0.011349909254914
0.010286241619202
0.005832617064306
-0.001102022114257
-0.008537399229231
-0.014353200732177
-0.017277443620805
-0.017299574123532
-0.015277762298274
-0.012140977185890
-0.008438231115005
-0.004533204040091
-0.000828793294964
0.002360768705800
0.004826220767841
0.006256237384607
0.006173708678991
0.004157234018786
0.000349097896695
-0.004144202056306
-0.007520065006160
-0.008014628700197
-0.004633880212208
0.002106140447816
0.009759596784964
0.014756917664102
0.014506518090890
0.009356880108542
0.002593479683846
-0.001765268070576
-0.001543654682569
0.002540052708426
0.007817292852464
0.011559203528180
0.012209369899618
0.009697160700134
0.005387114712601
0.001354533287045
-0.000880878757157
-0.000902388809890
0.001085833846805
0.004769108577164
0.009535220083125
0.014035908164728
0.016506162709517
0.015795726479505
0.011989656191003
0.005932068742934
-0.001700076763713
-0.010522323938263
-0.019791033985307
-0.028022692279939
-0.033101086151218
-0.032795257095425
-0.026126419223280
-0.014783034142843
-0.002763900118731
0.005650522077575
0.007929747295858
0.004293175528895
-0.002484412613652
-0.008124152323370
-0.008560332843010
-0.001988695500801
0.010069168374598
0.023450926950764
0.033097763376591
0.035069144376826
0.028103061883742
0.014115106907140
-0.002257498178743
-0.015107520014700
-0.019699805484140
-0.014648046946258
-0.002402025219638
0.012092083126156
0.023528869577520
0.027982789128521
0.023899851666179
0.012440224959050
-0.002811149026458
-0.016814173678067
-0.024906192406023
-0.024843193842322
-0.017632569353635
-0.006715440666467
0.003733525997388
0.010443788836976
0.011912910797937
0.008148273583730
-0.000222597548476
-0.012672352373915
-0.028843538190582
-0.047722792939349
-0.066744956403632
-0.081984096020542
-0.089199235844606
-0.085118722142331
-0.068688555389297
-0.041799729911462
-0.009155559905874
0.022920888795368
0.048673777523778
0.065104267393217
0.072842958679577
0.075145293372474
0.075631279744765
0.076271398158161
0.076877688008939
0.076035459553817
0.072445670253123
0.065747464426233
0.056279768269192
0.044053769237833
0.028118704537253
0.007100191769947
-0.019438478023772
-0.049728326986652
-0.079461508695318
-0.102754831271487
-0.114069085862302
-0.110056060384146
-0.090492435761586
-0.058320313740628
-0.018869011655704
0.021636598417497
0.057483552860936
0.084198784720252
0.098751427514428
0.099457431865038
0.085955237228728
0.059791057602113
0.025413874154939
-0.009550138758156
-0.035829339455479
-0.045888639327003
-0.037983145563894
-0.018742089925997
-0.001820682618486
-0.001975861561802
-0.027397203852361
-0.074600506424684
-0.128522726431301
-0.168098043750148
-0.175112068541107
-0.141928948169084
-0.074529986442575
0.009687937139275
0.088170271904976
0.141381487312639
0.159634960116970
0.145547954733367
0.110951024032354
0.069928835698892
0.032181505026851
0.000527223107090
-0.026778151634647
-0.051510086034322
-0.072251426580881
-0.084313669445982
-0.082528906370581
-0.065227626215220
-0.037155083874562
-0.009251458329282
0.005976251739273
0.001959647966102
-0.016674796449666
-0.035726393989799
-0.039480870855264
-0.020112571064961
0.017490684876594
0.058400266150694
0.085995545682713
0.090751559130652
0.074274196192799
0.046971691672626
0.021914373381998
0.008442334239380
0.008102445036770
0.014755544415409
0.018926438290379
0.014007821132877
0.000599554680172
-0.013967427968628
-0.020504575252729
-0.013359465720696
0.007099821788494
0.035053818011521
0.061400883042598
0.076591229501449
0.073635676331331
0.050618099124147
0.011723579665335
-0.033768335430851
-0.074336744779962
-0.100229942263464
-0.106841546677138
-0.095589742731620
-0.072404791850771
-0.045037335614205
-0.020186370648457
-0.001402791564868
0.011676745130682
0.022634320389296
0.035965763888725
0.053850032951709
0.073886601281143
0.089675024073071
0.094443893447208
0.085303433951530
0.065085112276358
0.040957087761272
0.020978438080367
0.010498671322659
0.010159452066117
0.016002220983712
0.021014119029484
0.017367023956628
-0.000937219508302
-0.035177529030172
-0.079828170981655
-0.123112551950082
-0.150724118447774
-0.151294550897252
-0.121397289312537
-0.067739753511267
-0.005293937069013
0.047913610820597
0.077394851092389
0.077556629248025
0.053479911879684
0.018398903877794
-0.012125924118223
-0.026775649255490
-0.022655011638258
-0.005316523804999
0.015225118165900
0.030005307046188
0.034518253352416
0.028921731477915
0.016729707449474
0.003482235785904
-0.004435164830326
-0.001566291919507
0.013797178035734
0.037406979471992
0.059874024197088
0.070451706272244
0.061695651436876
0.032862653597934
-0.009364098713446
-0.052812204429529
-0.083672489006433
-0.091512458347652
-0.073868627639978
-0.038051478768927
0.001705827119189
0.031108483105801
0.042574183876448
0.037526463327936
0.023401963821106
0.007990364946280
-0.004948526502941
-0.015982953234426
-0.026994283593274
-0.037997982940484
-0.046003275655668
-0.046184585033935
-0.034626800903948
-0.011401960292190
0.017719291152060
0.042314751272953
0.051517373424498
0.040101651059704
0.013003906802840
-0.015516641487781
-0.028910016038869
-0.017827203464495
0.014112141539325
0.052152904150634
0.078107275936427
0.078553317272783
0.049718381848307
-0.001358895202869
-0.058865796097069
-0.103321475747556
-0.118819789074291
-0.099878431174285
-0.054144347102130
0.001425697133205
0.048843782457860
0.076666274141401
0.082825875517079
0.072437615940884
0.053485978371413
0.033246733153448
0.016135895677941
0.002536618577348
-0.011247806544585
-0.030921967418513
-0.059864635761401
-0.094695096740153
-0.123983132517155
-0.132055980150430
-0.107008623867810
-0.048765350498908
0.028150790715484
0.099834895769941
0.143936366100577
0.150030798339537
0.123544350862623
0.081925355646256
0.045777454877784
0.029358354806050
0.035005571748637
0.053695856114583
0.070483700540552
0.071876182224447
0.051889814889515
0.014043143647218
-0.031582626262403
-0.074365961291683
-0.108194957904887
-0.132180411242721
-0.147665276280222
-0.154950632224475
-0.152042130019319
-0.135621489285580
-0.103186142986217
-0.055130980139708
0.003554048845160
0.062829680317909
0.110017692435048
0.134586831410876
0.132527312667631
0.107675727480706
0.069341633715393
0.028057627578583
-0.007918826989196
-0.034006798704307
-0.048905686714723
-0.053477614468549
-0.049650606836393
-0.039594482309950
-0.025348600449180
-0.008642349619067
0.009331683587987
0.027718638763924
0.045437852054319
0.060997655461664
0.072583618458987
0.078050234563507
0.075223403808809
0.062666780413433
0.040424965861367
0.010467066561294
-0.023386903480929
-0.056455835350256
-0.084792602396080
-0.106117380408163
-0.119427071818858
-0.124214635108017
-0.120239727277448
-0.107691513531015
-0.087623836942062
-0.062514998763641
-0.035942602198891
-0.011012567609087
0.011122618278334
0.031261959224954
0.050522478599596
0.068299423027653
0.081707063609485
0.087235691846624
0.083470196030240
0.072633642365766
0.059272688374850
0.046984727807442
0.036367928121603
0.026105911964220
0.015373398583768
0.004741275809662
-0.004488450358117
-0.010802271835634
-0.012344985541948
-0.007104639488863
0.005823115304173
0.024294757670289
0.042160796418909
0.050929001764134
0.043599890924668
0.018389341360660
-0.019761493202542
-0.060700244728780
-0.092849801506994
-0.107342174292332
-0.100622737170517
-0.074726103850005
-0.035727520112931
0.008363778368745
0.049271215703331
0.079629910661782
0.094322186905272
0.092164922467357
0.076755275471169
0.055119346557569
0.034546699847061
0.019339398661491
0.009377113964358
0.001400298224846
-0.008354317275228
-0.022363551215344
-0.041163047423043
-0.062828692484815
-0.082592961096649
-0.093659749692239
-0.089952419911861
-0.069758426369627
-0.037575215149426
-0.002270582124993
0.027369415731578
0.046422876958174
0.054674206005318
0.055010044201641
0.050925122623473
0.044272256483106
0.034588707206298
0.020560023273759
0.001960647637157
-0.019378644965803
-0.039472065197308
-0.053171163843003
-0.056377297744034
-0.048312199404828
-0.032085372312294
-0.012738533858951
0.005539696498459
0.020578130663560
0.031565054174732
0.037851320278322
0.038538732080945
0.033161503915236
0.021999100219442
0.005355950854661
-0.016556347037472
-0.042121251805206
-0.066734031082588
-0.083339174272767
-0.085270901127957
-0.069274730348637
-0.036655854590064
0.007526772038623
0.055918918969781
0.100062882774421
0.131705690093353
0.144923397479118
0.138302139208604
0.115480270618467
0.083580033287404
0.050233839992124
0.020323169771557
-0.005748803882701
-0.030934258773187
-0.058317374813501
-0.087946458321243
-0.115599324979129
-0.134038840809521
-0.135989606318518
-0.117425755436370
-0.079794112307240
-0.030062829288811
0.021835977646454
0.066779250919733
0.098912641297196
0.116011302748827
0.118639419777267
0.108638187490536
0.087883506485382
0.058693360213961
0.025160144846477
-0.006907236682456
-0.032143809856346
-0.048190234745612
-0.056462973257041
-0.060443887519501
-0.062635607453981
-0.062577136053327
-0.057851356267719
-0.046987264482069
-0.031185864308291
-0.013818309712191
0.001276182747609
0.011761013435053
0.017658057520032
0.020127673484944
0.019628132668332
0.015450166919155
0.006962838832226
-0.004556872771385
-0.015411441803900
-0.021289054638392
-0.019906040948927
-0.012139267881997
-0.001101063841355
0.009694501965804
0.017805858588438
0.022312666172013
0.023187538801210
0.020379362370888
0.013895911231238
0.004733572929334
-0.005119446696379
-0.013986409542888
-0.021656513318057
-0.029311821661310
-0.037956479581309
-0.046478227429447
-0.051612742840112
-0.050001005318593
-0.040169176927480
-0.023297276157384
-0.003029271687222
0.015770930820828
0.029241717139617
0.036428351629807
0.039434132845095
0.041965883750981
0.047202379438557
0.055689954502245
0.064558424707841
0.068914525081044
0.064245453325236
0.048293996962977
0.022284300065703
-0.008463441515895
-0.035389611138476
-0.049804398878368
-0.047391281795573
-0.031061130047500
-0.009761845701277
0.005993280057458
0.009490898371999
0.001215756041887
-0.012235734207562
-0.022892166096721
-0.025681799604496
-0.019498919380367
-0.006067459529429
0.011208551732784
0.027834684898586
0.038637409547849
0.038485507831571
0.024135004564292
-0.003368951709977
-0.037872291475904
-0.069585847589062
-0.087855245466090
-0.084711477289608
-0.058431775408709
-0.015014971807676
0.033684769548010
0.074170752043657
0.095699948924612
0.093240421787154
0.068609329009119
0.029631919209849
-0.012649107097712
-0.047616034371461
-0.068209385900978
-0.072731580459085
-0.064725757277778
-0.050729604941274
-0.036793096274371
-0.025759490560499
-0.016974644789140
-0.008157589488872
0.002161788693540
0.013314637474828
0.023440499131951
0.031752460792348
0.039299542246596
0.047246848607166
0.054802119238734
0.059123505160832
0.057393916155600
0.049183400047699
0.036962880941534
0.024389790249287
0.013652310627859
0.003829264706317
-0.008181182387523
-0.024785053712823
-0.045103318292298
-0.064435783741781
-0.076341367493279
-0.075877847411171
-0.061475384879692
-0.034895885425329
-0.000573232190395
0.035008567393947
0.064373334252548
0.081015764567537
0.081710010671389
0.067842781554676
0.044783524100016
0.019252744924643
-0.003874742057915
-0.023164448927321
-0.039996493484771
-0.056617372649172
-0.073698885292812
-0.088657864319963
-0.096337503322089
-0.091908607382004
-0.073903127338341
-0.045411896118194
-0.012991638028453
0.015902666410597
0.035788222464444
0.045052265702558
0.045765662181433
0.041698051595699
0.036188604117757
0.030971021466921
0.026019889008515
0.020355760440124
0.013421054746955
0.006073796811161
0.000388346491348
-0.001519308934771
0.001359678699937
0.008384773477002
0.017407327291326
0.025596844165128
0.030642368211380
0.031607190655101
0.028827994717325
0.023105511574379
0.015206359529875
0.006142667244697
-0.002580551663312
-0.009427608130573
-0.013632410323651
-0.015571333413518
-0.016173800892595
-0.015885303994392
-0.014413336274368
-0.011385078338521
-0.006774088105305
-0.000650248202937
0.006903399209479
0.015273523986184
0.022782935175242
0.026808236860039
0.024673251336144
0.014868581720670
-0.002025930552731
-0.023151072739058
-0.043792649184041
-0.058165369700623
-0.060998685359699
-0.049899863405727
-0.027127611591353
0.000486569539723
0.023800822375034
0.035066394774901
0.031161516582333
0.014575934639046
-0.008198122386845
-0.029673248615937
-0.043881216001975
-0.047475867313966
-0.039961320127169
-0.023585856113662
-0.002642232999428
0.017973120026249
0.034284020735667
0.044027043416498
0.046606833370758
0.042818602036422
0.034685621829612
0.024972907183849
0.016052443798378
0.008701644911477
0.002085305644913
-0.004712150819891
-0.011248521726955
-0.015846361938791
-0.016761170793382
-0.013437581207930
-0.007257726404179
-0.001074912612370
0.002453605845271
0.002482216857897
0.000389768892685
-0.001098610024058
0.000400235516182
0.005363448286135
0.012188950058681
0.018416351247321
0.021808796994450
0.020743887744274
0.014716999859382
0.004777042022636
-0.006764645758391
-0.016943592708816
-0.022862013474471
-0.022750973481285
-0.016619342427069
-0.005850028919320
0.007338894260223
0.019811614778185
0.027771301333506
0.028307264625802
0.021291278823386
0.010026065101887
-0.000081468209951
-0.004634988548588
-0.003283900724737
0.000101226963468
0.000505292461015
-0.004536151225252
-0.013476071647759
-0.022427494308740
-0.028491079916530
-0.031836063799729
-0.034762095453173
-0.038788489793729
-0.042382013635154
-0.041390029694079
-0.032082485540483
-0.014302966262890
0.007811870091845
0.027741437451896
0.039345441548457
0.039057201321871
0.027347514206411
0.008940228113998
-0.009052320995460
-0.020370982008381
-0.022350458394908
-0.016483205966828
-0.006603395838044
0.003380784078264
0.010493698936172
0.012968367844252
0.010705480916698
0.005604399279995
0.001042991403398
0.000259552426228
0.004414149379503
0.011643508705000
0.017832185139082
0.018870171379065
0.013092748250753
0.002455658823884
-0.008240279316997
-0.013946210488970
-0.012236537531981
-0.004369000550364
0.005964789551997
0.014881270482067
0.020000141025382
0.020884448425136
0.018302679127070
0.013232006120190
0.006570023881950
-0.000635079472964
-0.007192137389988
-0.012177870375212
-0.015292859430957
-0.016751962459319
-0.016879977069356
-0.015789200246709
-0.013325156014138
-0.009407925194456
-0.004504453194942
0.000218952729246
0.003213307924968
0.003395938471150
0.001059388756205
-0.002067187560916
-0.003641595168972
-0.001741345744722
0.004292236441328
0.013397631377026
0.022955189686820
0.029650421795391
0.030747575492764
0.025170016407044
0.013791772453534
-0.001033290103791
-0.015870938568194
-0.026346327177322
-0.028091737979136
-0.018989542804280
-0.001255569215749
0.018705439135950
0.033057850387722
0.036364818400952
0.027986247287434
0.011357076982421
-0.008565689382349
-0.027238294990804
-0.041382913699301
-0.049237649258853
-0.050277446484837
-0.044786537557042
-0.033658411992284
-0.018175468152443
0.000369854073754
0.020687147681203
0.040741666619920
0.057017091418045
0.065107479355778
0.061785521852526
0.047139336581292
0.025046555435682
0.001517768498358
-0.017793013950182
-0.029404764243911
-0.032699162501472
-0.029469766631048
-0.022628805160538
-0.014922139716030
-0.008132751800201
-0.002965801648996
0.000272775253680
0.001145951360490
-0.000622939274538
-0.004729696784505
-0.010248115206307
-0.016069100258744
-0.021665433983588
-0.027227057809051
-0.032673502711532
-0.036747734585806
-0.037436252063961
-0.033100446767725
-0.023240877344706
-0.009016518461652
0.006479244723770
0.019080699462209
0.025543255621025
0.025223297332223
0.020427899084872
0.015424886154431
0.014329509365677
0.018695288954195
0.026303349328460
0.032153839779471
0.031387114753024
0.022338094354444
0.007548814132812
-0.007748305722001
-0.018370723625012
-0.021394831231174
-0.016830096505803
-0.006999492999023
0.004743999031772
0.015384471785840
0.022968438040423
0.026577044835083
0.026143963712469
0.022392606420322
0.016608763542894
0.010166986414550
0.004295567473004
0.000245456429580
-0.000848551205977
0.001232648026722
0.005209540384315
0.008654782525057
0.008892661718912
0.004060529078705
-0.005906975403027
-0.018941660576491
-0.031241057535116
-0.038143387712832
-0.035535956200403
-0.021709551335762
0.000863781607037
0.025166820655431
0.042001454879011
0.044153474236620
0.029961181671770
0.004554858249658
-0.022048976546841
-0.039305252089042
-0.040642994818447
-0.025944011685753
-0.001108886415220
0.024749509983316
0.042770589960491
0.047061751983844
0.036441056858200
0.014915503539736
-0.009881717884163
-0.030191049770741
-0.041552220920346
-0.043621279540881
-0.038463824731604
-0.028544404374058
-0.015830749738774
-0.002161745229431
0.010200157066037
0.019063549912626
0.023204971667556
0.022545420114665
0.017940969961030
0.011000818230850
0.003687048547508
-0.002129072060996
-0.005134385303872
-0.005277418326313
-0.003986701010481
-0.003403991316665
-0.005200552571708
-0.009723119439393
-0.015862390900179
-0.021498262388487
-0.024385654563205
-0.023103162355474
-0.017343959776487
-0.007901821854666
0.003172003164077
0.012960454493520
0.018831221551877
0.019515071217782
0.015629030662712
0.009480083438345
0.003976724610839
0.001238753913365
0.001873469870126
0.005014539282819
0.008745124144142
0.010808101764858
0.009548487810567
0.004698324455777
-0.002519924562367
-0.009888271127408
-0.014985967992405
-0.016226365564734
-0.013511370211252
-0.008014218823765
-0.001566268142539
0.004055184687329
0.007838639930508
0.009814061492888
0.010567980986735
0.010195278218651
0.007894630507908
0.003134003658525
-0.002948482937188
-0.007867208400401
-0.009635395698395
-0.008235023971504
-0.005593011940430
-0.004392930009889
-0.006383976535876
-0.011219549276924
-0.016924198156357
-0.021423459429784
-0.023294192366427
-0.021347075903060
-0.014484413343618
-0.002373951368910
0.013881364446115
0.031537897655551
0.046688506895512
0.055481771126405
0.055536014658915
0.046805627437782
0.031495752480275
0.013384030369431
-0.003156824082206
-0.014778686154849
-0.020774327770623
-0.023036309895074
-0.024299707726872
-0.026329207132135
-0.029141613865909
-0.031321987640519
-0.030943641362931
-0.026578672436141
-0.018248709262487
-0.007778749030236
0.002022595288018
0.008921533902402
0.012472916927031
0.014089879937748
0.016007902723718
0.019688237296707
0.024508427150482
0.027858011817857
0.026867900688100
0.020500713258673
0.010465313258196
0.000417430909143
-0.006069523837838
-0.007456184262780
-0.004811398112186
-0.001027938315170
0.000652657816722
-0.001727902221564
-0.007849095317340
-0.015488594842913
-0.022178217744407
-0.026650935492365
-0.028739041703660
-0.028614509143389
-0.026628578744232
-0.023217989831409
-0.018423698840197
-0.011733977742826
-0.002564873417102
0.008938389269309
0.021437976716016
0.032893234932193
0.041422296669988
0.045644702829574
0.044733597325727
0.038608264974647
0.028149176945997
0.015301405124094
0.002730295649712
-0.007299728254161
-0.014050176177774
-0.018187618672095
-0.020508870601770
-0.020960459187569
-0.018875042084796
-0.014023000117505
-0.007564330277401
-0.001953342881816
0.000471481168009
-0.000975103091154
-0.004943275522579
-0.008746275769552
-0.009695368622674
-0.006675204724372
-0.000893811255226
0.004837970533404
0.007556474582880
0.005353258273851
-0.001783527608784
-0.011438018088833
-0.019378114910879
-0.021620850382763
-0.016376272445713
-0.004606534804140
0.010537753283199
0.025019012556344
0.035370093613435
0.039348208875340
0.035945098117158
0.025699505378929
0.011093426486978
-0.004090980498375
-0.016498318903186
-0.024539851803784
-0.028388632211892
-0.029186024594653
-0.028182947263184
-0.026173747523452
-0.023362908310844
-0.019485220156843
-0.014218956374272
-0.007846390043370
-0.001385557280683
0.004048917488914
0.008026801189908
0.011389498790397
0.016008939414520
0.023133318999621
0.031691806274101
0.038390345026856
0.039455750890143
0.032935592393039
0.020397586446013
0.006432188331841
-0.004274935264585
-0.009799082556512
-0.011228372575835
-0.010751211192422
-0.009934717854239
-0.009519002872011
-0.010204996739677
-0.013023991234529
-0.018358078445103
-0.024673481131516
-0.028938621830030
-0.028564789352629
-0.023064909598704
-0.014374633138779
-0.005587180501210
0.001126682883593
0.005570556969685
0.008779426684807
0.011594037916106
0.013901526706927
0.014844214828027
0.013447149396572
0.009224693295255
0.002606052393992
-0.005123281503413
-0.012342596667955
-0.017606837772243
-0.020102083061010
-0.019985816770063
-0.018058368783697
-0.014955354143861
-0.010602988257630
-0.004191784246384
0.005207943471619
0.017740656639480
0.032204809125385
0.045817264636939
0.054656239400581
0.055289084317148
0.046768023858746
0.031607387279032
0.014794624473528
0.001206370547226
-0.006505533713974
-0.008279306305106
-0.006099410227225
-0.003206705024577
-0.002800012367402
-0.006432149881837
-0.013007886776784
-0.019293535661671
-0.021750770461912
-0.018357071275996
-0.009461650404137
0.002415970354908
0.013569483503909
0.020277122814696
0.019919850002416
0.012172052693661
-0.000416460019858
-0.013339735598082
-0.022383724203976
-0.025814613647108
-0.024719016753432
-0.021372965929769
-0.017329379231765
-0.012600457723333
-0.006326012848369
0.001799534387123
0.010712512710176
0.018081738216025
0.021098495634420
0.018078428936133
0.009964382701930
0.000248488227363
-0.006689779450571
-0.007818007201530
-0.003261842112935
0.003476139976137
0.007230748311937
0.003861899286262
-0.007192291871365
-0.021940170042941
-0.033696755680110
-0.036925883269410
-0.030438539135333
-0.017688983195298
-0.004239933846918
0.005377062675916
0.009438452561059
0.008894154871065
0.005911812047769
0.002292850503612
-0.001313959404656
-0.004941423565619
-0.007998157940386
-0.008727404528316
-0.005282625904048
0.002693467311087
0.013453203834650
0.023916666755738
0.031198238467940
0.033868762350090
0.032262847271710
0.027710781216604
0.021490061829957
0.014488448250572
0.007348697950463
0.000432812475804
-0.006148746764897
-0.012181646953184
-0.017117581211013
-0.020234122175129
-0.020931953133465
-0.018927452222185
-0.014392135722937
-0.008113391148559
-0.001459379263978
0.004001121652197
0.007076768751379
0.007574169554104
0.006494124244719
0.005118806457300
0.003707905483315
0.001536169053105
-0.001757159380032
-0.005323743612243
-0.007774758869459
-0.008278845845365
-0.006649865248043
-0.002879394340884
0.002852997976325
0.009815679268080
0.016397366405402
0.020294149738332
0.019599977477580
0.014029367262978
0.005152561412979
-0.004554374549542
-0.013139176096882
-0.019759728068083
-0.023763827109588
-0.023710402440134
-0.018082962390764
-0.007108714764515
0.006219392756005
0.017040753248842
0.021003238921823
0.016318399899912
0.004326171317930
-0.011149277974564
-0.025261027795167
-0.033821025427230
-0.034462992125912
-0.027158590981760
-0.014160886595983
0.000434684566091
0.011693789291613
0.015773514239731
0.011766481259809
0.002114429700285
-0.008541281231554
-0.015633143310617
-0.016865675484676
-0.012722749764151
-0.005341869417059
0.002858352739099
0.009983626949580
0.014812097789014
0.016645386099304
0.015394073584125
0.011910869717765
0.007985078635585
0.005628419418111
0.006161696795549
0.009718691434187
0.015157605777564
0.020341102719026
0.022928876516481
0.021462470793251
0.016208098344152
0.009306992885236
0.003747914180154
0.001438908154914
0.002124404066567
0.004199639911092
0.006170784567751
0.007144123504908
0.006476446064202
0.003792173719099
-0.000358779225698
-0.004152873978564
-0.005224894276171
-0.002254142697072
0.003715451906997
0.009490420009500
0.011479110954563
0.007668036246858
-0.001232753151173
-0.011904691816838
-0.020014924606561
-0.022499516155760
-0.019038655579823
-0.012197018463445
-0.006173787056835
-0.004372383879930
-0.007438662345749
-0.013284798016028
-0.018703584042173
-0.021176900979178
-0.019878667845894
-0.015634485841659
-0.009929249308224
-0.003863464496244
0.001827390501462
0.006292866297930
0.008587050915233
0.008036101420298
0.004797982132733
0.000258568030452
-0.003506098657269
-0.004908868060876
-0.003439113255414
0.000615446943422
0.006536892416278
0.013064735556513
0.018050656896915
0.018856641127249
0.013910691527815
0.004315705134429
-0.006145721312050
-0.012992254177583
-0.013636578208279
-0.008884035379640
-0.002263287770742
0.002552364401961
0.004102880143614
0.003367464328443
0.002329815370665
0.002413483938966
0.003661978178371
0.005141440119640
0.006191671523997
0.007051088110224
0.008331933182778
0.010279436218992
0.012381336551513
0.013322138285670
0.011522535958716
0.006285173957354
-0.001269320617412
-0.008410854316887
-0.012087546799942
-0.010621458134712
-0.005066871917400
0.001149018729380
0.004706307686491
0.004703466184541
0.002679823885041
0.000817405246172
-0.000021912473636
-0.000896051422608
-0.003566543398201
-0.008758639051991
-0.015504723507716
-0.021858206869088
-0.026052433282569
-0.027130764216304
-0.024977069833786
-0.020099843464558
-0.013253898119333
-0.005159448605839
0.003420439139895
0.011608887537999
0.018648106987779
0.024129187521971
0.027833668876146
0.029219297091475
0.027247095329963
0.021064735325644
0.010863391748024
-0.001876256904023
-0.014759963464294
-0.025316133205038
-0.031933622155875
-0.034299539730141
-0.032959164741949
-0.028351474551579
-0.020339672082579
-0.008651187648144
0.006388765934192
0.023359096209025
0.039533744163429
0.051237862168781
0.055174415237661
0.050177159298952
0.038014731225258
0.022556495298630
0.008025691089569
-0.002469492003846
-0.007597032950003
-0.007814624403020
-0.005091394753233
-0.002355726913681
-0.002449563490198
-0.006854803757913
-0.014953781552817
-0.024388569945101
-0.032173433220421
-0.035571525592409
-0.032543374831644
-0.022522498475812
-0.007367998389036
0.008771074493860
0.021001792486151
0.025829118571963
0.022832780072037
0.014746172030358
0.005834355841287
-0.000261830197921
-0.001961874777346
0.000117425200496
0.003981401382351
0.007347464961233
0.008549848555542
0.006973526085702
0.002997853708323
-0.002240536580367
-0.007135042578121
-0.010138391777077
-0.010387157581306
-0.008061993131935
-0.004349787161867
-0.000835078812826
0.001417305924037
0.002147372049252
0.001386695873922
-0.000975744393390
-0.005009712766970
-0.010123406029012
-0.014737376343802
-0.016852570541207
-0.015214013787519
-0.010357566745006
-0.004549418569106
-0.000078125710303
0.002385688922558
0.003510776169787
0.004253230709179
0.005409090368625
0.007277722767627
0.009499922055882
0.011646246061496
0.013824837929108
0.016283091076922
0.018571367820555
0.019509421102347
0.017871835391746
0.013013685485147
0.005174180714996
-0.004521703552720
-0.014251711688589
-0.021696552891215
-0.024542839878764
-0.021628430204759
-0.013871823444883
-0.003974728003390
0.004753641446007
0.009568971759139
0.008938426715986
0.002849550170386
-0.006878688694197
-0.016915825341268
-0.023703922984251
-0.024920408664910
-0.020577079026890
-0.013186816083629
-0.006398992788109
-0.002840094929032
-0.002653847195937
-0.003555246492807
-0.002187309686425
0.003734427985587
0.013353211094698
0.022644718655939
0.027170089582760
0.025158059933941
0.018396323537218
0.010918768696074
0.006578356253444
0.006776297512521
0.009917119996438
0.012944461682201
0.013414055383639
0.010589917218066
0.005356539431287
-0.000565151861360
-0.005493511963354
-0.008314194125643
-0.008748637574137
-0.007584665198576
-0.006441403902243
-0.006699265222446
-0.008445668920920
-0.010393863123323
-0.010705029578861
-0.008264910817552
-0.003722273526322
0.000574789565762
0.001856718079778
-0.001434799605146
-0.008557583962683
-0.016422514630919
-0.020969363198975
-0.019448102385763
-0.011908834656016
-0.000948386945762
0.009623825060816
0.016438002643592
0.017950757187518
0.014593115247494
0.007830682253137
-0.000504886430137
-0.008378180350093
-0.013888344748334
-0.015818306486884
-0.014089952397987
-0.009811605327912
-0.004620624047438
0.000252281740504
0.004381247500062
0.007849037615931
0.010645696053443
0.012279735914602
0.011958291269459
0.009108329527965
0.003983130894034
-0.001749222793123
-0.005242669472095
-0.003814234909877
0.003626106605633
0.015658117508926
0.028409006309676
0.037129148965888
0.038371427514300
0.031417169412665
0.018607362450654
0.004446159566557
-0.006405196261256
-0.011244693979957
-0.010436163759725
-0.006972852515473
-0.004739264921911
-0.006513040038818
-0.012825222778697
-0.022041627524754
-0.031319455684483
-0.037793884692677
-0.039468226665926
-0.035731486373233
-0.027456522577701
-0.016454165072824
-0.004524287593985
0.007109046892325
0.017583663901541
0.025851459284115
0.030342112871269
0.029336570125600
0.022251093867119
0.010669959680409
-0.002038914157387
-0.012099362986638
-0.016865578638301
-0.015754640702167
-0.010047096428326
-0.002069424719315
0.005598121132579
0.010646533198234
0.011338746170568
0.007080234989755
-0.000952398214964
-0.010020899592844
-0.016747498507987
-0.018114947265216
-0.012529460650363
-0.000665505152745
0.014526349024292
0.028733099296219
0.037919626151976
0.039987415659157
0.035367249009322
0.026326189180615
0.015557750069152
0.005102222184491
-0.003532063578016
-0.008973456304550
-0.010642083358476
-0.009613665645630
-0.008288119270189
-0.009082816202551
-0.013132996086831
-0.019720514333648
-0.026713499165610
-0.031625735370250
-0.032591705951300
-0.028881892586663
-0.021090912802258
-0.011151659012676
-0.001693147299222
0.005308974484430
0.009447722882629
0.011742421203090
0.013861118081213
0.017047079443830
0.021068889155451
0.024085865063681
0.023895250879659
0.019391695732312
0.010978684770957
0.000127412984130
-0.011213991704418
-0.020963899301360
-0.027050557029641
-0.027809544464099
-0.022823546817606
-0.013575530611739
-0.003143377925215
0.004996882878929
0.008512853265500
0.007292598773519
0.003210574395777
-0.001118865301696
-0.003590896500149
-0.003242336310521
-0.000274575735008
0.003987251640991
0.007327290474900
0.007700777371268
0.004601819679287
-0.000475702857569
-0.005039826608588
-0.007297443057340
-0.006921369720025
-0.004470876984387
-0.000571877025419
0.004356717385793
0.009799456216859
0.014779899911869
0.018230739726810
0.019702854512361
0.019167279862255
0.016321865197406
0.010876875695534
0.003471494652515
-0.004171884675875
-0.009966407441664
-0.012369457782141
-0.011073197738290
-0.007284583790216
-0.003227931149523
-0.000812062828971
-0.000514526200817
-0.001395275003134
-0.001860490674635
-0.000557623923578
0.002991236503679
0.008264325388546
0.013909843541307
0.018237646604953
0.020229654171008
0.020298720579265
0.019832159584267
0.019834513419024
0.019864227281513
0.018105520906055
0.012508187495415
0.002184814583993
-0.011833134949426
-0.026896395644038
-0.039710366518677
-0.047178687085484
-0.047147840671478
-0.039446959178465
-0.026496824428366
-0.012597939532199
-0.002083250419742
0.002720146013373
0.002367552147704
-0.000624282826741
-0.003557762098058
-0.004890771341465
-0.004462108537192
-0.002778447053770
-0.000447900775262
0.001777067039236
0.003182722677003
0.003435505298153
0.002262421530985
-0.000814294659358
-0.005792025577533
-0.011476139527708
-0.015841593574014
-0.017058373961832
-0.014264016226997
-0.007856816239371
0.000688184424754
0.009635608316666
0.017812584996642
0.024533167340141
0.029107791196686
0.030617437893297
0.027851627633136
0.019913242236583
0.007600302388885
-0.005942477945712
-0.016314978475382
-0.019942300820177
-0.015699602761734
-0.005263907903301
0.007616587002670
0.018542467474140
0.024187513651713
0.023635053134124
0.018566506107306
0.012031608393378
0.006608061047445
0.003232912949494
0.001206538130936
-0.000984421241676
-0.004531303681051
-0.009358802550215
-0.014053427543774
-0.016863276281151
-0.016842191302204
-0.014109099272276
-0.009389711162174
-0.003650231699160
0.001989382068279
0.006356926970066
0.008349886755066
0.007180601080688
0.002981721159593
-0.002831653871516
-0.008135445061774
-0.011110329497281
-0.010906768996064
-0.007903185077720
-0.003536627002387
0.000545058298953
0.003376281497805
0.004701225633758
0.004544122996670
0.003049781450573
0.000576791974003
-0.002064132681210
-0.003574919093885
-0.002824102180709
0.000301978015496
0.004734034938705
0.008788158258855
0.011008275392504
0.010676195029980
0.007674570504372
0.002258467844707
-0.004818238463482
-0.012144792929526
-0.017846174696458
-0.020182679959267
-0.018246479377907
-0.012438832401144
-0.004505801539797
0.003159628662110
0.008554037240362
0.010719714994887
0.010036153977202
0.008039256680949
0.006365027853691
0.005476440775654
0.004416116531137
0.001779354621809
-0.002998965307918
-0.009115860761045
-0.014990187094306
-0.019269507977915
-0.021310854033688
-0.020888219003483
-0.017717544772154
-0.011569260205478
-0.002931529429579
0.006526426669312
0.014339406174249
0.018471195243663
0.018419632436204
0.015181407583902
0.010419210178604
0.005789587053419
0.002473759955505
0.000821318823972
0.000462809724667
0.000699804794687
0.000855482007808
0.000673466229214
0.000506439417696
0.000948811464614
0.002081873472728
0.003110909639549
0.003089685069431
0.001881375754723
0.000113032948660
-0.001556281635538
-0.002884667375591
-0.003837469398051
-0.004112021819918
-0.003012906308109
0.000198295516380
0.005658284474483
0.012254867976256
0.017670193808174
0.019507561319266
0.016588458061281
0.009462395660839
0.000268549849708
-0.007973912871019
-0.012621612770946
-0.012427546969891
-0.007740884561308
-0.000099005967908
0.008398741972455
0.015697630592891
0.020189301484327
0.020725139231229
0.016525976663480
0.007589706761481
-0.004769047112433
-0.018039455195137
-0.029014365033630
-0.034360918009926
-0.031635797604546
-0.020497235011370
-0.003391331456755
0.014845010172779
0.028826807649564
0.034956115023967
0.032493712179477
0.023118910074074
0.009933080941678
-0.003612561131448
-0.014699421331840
-0.021561377930057
-0.023235968303198
-0.019545419088086
-0.011771661604119
-0.002856189430929
0.003747245721236
0.005811844938640
0.003533986286057
-0.000636013934014
-0.003679784723411
-0.004056993048897
-0.002451092904927
-0.000718998677101
-0.000154074173296
-0.000518737037788
-0.000461268412443
0.001100932359930
0.003950136340422
0.006860763043496
0.008530456933459
0.007986221945914
0.004541583922912
-0.001961994639117
-0.010719300295239
-0.019920977233032
-0.027178634485991
-0.030219309582054
-0.027601271482147
-0.019154877498170
-0.006260377296826
0.007976577980250
0.019337192973467
0.024268757407297
0.021764767439960
0.013838339575041
0.004271950408376
-0.003404692306729
-0.007452255355625
-0.008189944619596
-0.007082238611620
-0.005509063226329
-0.004064722482842
-0.002457354483669
0.000149062495063
0.004335375264974
0.009569618783570
0.013940247073247
0.014964704235659
0.011139420801033
0.002901762509702
-0.007642659404592
-0.017556852728573
-0.023853625963469
-0.024283845770797
-0.018233708414190
-0.007437510890941
0.004167972444020
0.011944503686200
0.012900935754691
0.007522467727181
-0.000373180095260
-0.005879971051628
-0.005723329843088
0.000061800923448
0.008281668148577
0.014654797275402
0.016284599022148
0.012842377716709
0.006274180883540
-0.000570517605103
-0.005500659138122
-0.007629986062457
-0.007234665656171
-0.005292817899642
-0.002838669694294
-0.000531643823909
0.001509644976543
0.003658777024353
0.006429118353231
0.010031388758286
0.013907107429298
0.016680444709900
0.017036619579367
0.014696632422683
0.010572019920369
0.006160703639189
0.002606119467132
0.000181462284923
-0.001418156270664
-0.002510198448538
-0.003125023812402
-0.003183931544035
-0.003113678894850
-0.004093028011434
-0.007130137152351
-0.011839951000759
-0.016395377125294
-0.018824244237714
-0.018505292408246
-0.016277536924320
-0.013114494213084
-0.009098939991192
-0.003757957387842
0.002836604166562
0.009499732420906
0.014559255599614
0.016957355071450
0.016773150411485
0.014833957111681
0.011780191398744
0.007621214156749
0.002309935885758
-0.003485064894256
-0.008316483615809
-0.010731069958354
-0.010226276968013
-0.007490664441695
-0.003806256136183
-0.000331687707874
0.002289772886736
0.004032316207215
0.005144095803214
0.005698459554721
0.005754600927956
0.005797272445415
0.006652315552541
0.008844613462121
0.012013683305720
0.014924151745403
0.016052146735240
0.014448980485706
0.010386256865333
0.005048901174111
-0.000349065820397
-0.004844012846693
-0.007609041791120
-0.008176405523558
-0.006803646189025
-0.004596198715077
-0.003093725895230
-0.003377216002411
-0.005440939350551
-0.008362403082929
-0.010810114280294
-0.011429185639887
-0.009401502713124
-0.005103183326882
-0.000138599556170
0.003471120325486
0.004352807100705
0.002392146982507
-0.001282764650674
-0.004874760345076
-0.006871588846186
-0.006855141452930
-0.005661774534723
-0.004607134715386
-0.004237028549049
-0.003872569398631
-0.002384626683307
0.000684497478295
0.004568224022027
0.007595089613019
0.008142243402189
0.005498723613382
0.000126188459020
-0.006497811839181
-0.012278845421695
-0.015275476875170
-0.014706640994044
-0.011495839771892
-0.007788839298442
-0.005734647913922
-0.006232130498532
-0.008344513805442
-0.009885683633219
-0.008781441646084
-0.004085825737218
0.003612546597241
0.012107018509106
0.018357902802005
0.020121429559377
0.017172387191603
0.011289010624375
0.005164202343186
0.000958802495993
-0.000753049469395
-0.000932708373841
-0.000833037191925
-0.000910792405441
-0.000986096648509
-0.000853793197008
-0.000430734520836
0.000330295410238
0.001499813874150
0.003115325114969
0.004939257930999
0.006429337391582
0.007117919052123
0.006855919449707
0.005694883142008
0.003885229918488
0.002006881541421
0.000698699773786
0.000093880127155
-0.000325232308628
-0.001257418637948
-0.002901326148291
-0.004602149427140
-0.005264165461014
-0.004147035990173
-0.001245010504750
0.002782246498815
0.006852085396001
0.009893984767834
0.011183634351933
0.010273222101446
0.007083456348319
0.002406098785495
-0.002099737929240
-0.004853486361722
-0.005385764683854
-0.004526836791886
-0.003741646580002
-0.004128384257047
-0.005561008000520
-0.006726309013119
-0.006363215086014
-0.004410417652726
-0.001874260476256
0.000052790819085
0.000774029933279
0.000573878959719
0.000325675742568
0.001004592103777
0.003176546547012
0.006522940369787
0.009870933996895
0.011738595185729
0.010909386363943
0.006981058532275
0.000735756552462
-0.006110909597455
-0.011754075338818
-0.015239175665994
-0.016645359854974
-0.016389804286335
-0.014652990237167
-0.011314094926941
-0.006344679723528
-0.000564924856837
0.004285988510096
0.006597000389010
0.005929960124953
0.003333940218826
0.000920392646376
0.000691796752614
0.003204166831448
0.007138867123474
0.010200094134286
0.010639270669585
0.008293942259419
0.004487412098509
0.001002670700765
-0.000970913907260
-0.001221584695135
-0.000286064648651
0.000993842490082
0.002026750693141
0.002968028552528
0.004511206914474
0.007136217257410
0.010681063335577
0.014199820230226
0.016005887281124
0.014382343317960
0.008647210703559
-0.000322250198052
-0.010385724100447
-0.019011957788750
-0.024288588276939
-0.025529015715587
-0.023145118460744
-0.017993251171019
-0.010843611640199
-0.002435249920645
0.006145641901126
0.013425180458638
0.018050869234630
0.019452726074857
0.018107090116578
0.015082471143134
0.011233187278145
0.006844398407263
0.001875305179684
-0.003653641214457
-0.009407843651145
-0.014674638754632
-0.018534162595390
-0.020249320459764
-0.019542716657551
-0.016669215544491
-0.012433399316004
-0.007806717546557
-0.003324905050231
0.001047911506357
0.005680253993448
0.010824694759093
0.016042596123612
0.020037376754397
0.021149178465044
0.018225800502874
0.011291853125677
0.001547455787872
-0.009092739696274
-0.018509849518393
-0.024868796021839
-0.027036773897899
-0.024877998595440
-0.019413089740882
-0.012513356733553
-0.005936904774313
-0.000383161220665
0.004562273438331
0.009579022204069
0.014741597390331
0.019395645257281
0.022538206884736
0.023152915174726
0.020584712764308
0.015020814019645
0.007651925525060
0.000334291132347
-0.005151492900356
-0.008017031747030
-0.008870781379509
-0.009234268537123
-0.010505710202606
-0.012978540917363
-0.015686989397287
-0.017140186009819
-0.016162172336319
-0.012384028983497
-0.006269293431286
0.001279488311623
0.009306355824592
0.016913177237246
0.023210962649742
0.027312851366102
0.028409597373830
0.025915977782372
0.020003782358771
0.012170238735695
0.004730553889269
-0.000441059610460
-0.002679227421523
-0.002582420781870
-0.001623972262399
-0.001527368342659
-0.003515786348602
-0.007661192844398
-0.013035398928159
-0.018527730563510
-0.023049392093463
-0.025097241891816
-0.023050303109084
-0.016301011889335
-0.005981537777115
0.005248284364176
0.014230150967291
0.018871058323621
0.019095996177985
0.016255143743654
0.011824011134625
0.006788411905862
0.001837023551489
-0.002404279291000
-0.005185273989030
-0.005510061149329
-0.002881990353408
0.001719013802498
0.006164449115389
0.008336160067102
0.007157748769110
0.003257151368864
-0.001318753868954
-0.004314556697960
-0.004633961516261
-0.003041351160341
-0.001390717081307
-0.001079290244593
-0.002419895084495
-0.004966222695792
-0.007942415849857
-0.010521021347437
-0.011857132834292
-0.011147906305851
-0.007959197569649
-0.002657271389597
0.003340247533636
0.008105797637893
0.010421220596222
0.010454138813334
0.009336957898951
0.008228563695167
0.007523432411570
0.006677113272008
0.004790527085836
0.001365925270885
-0.003257355019572
-0.007855124789158
-0.010790598464194
-0.010699058612337
-0.007091763355462
-0.000821261978222
0.006082665368292
0.011176029144053
0.012419789980673
0.009051130888239
0.002260206535325
-0.005109082062853
-0.009936643906951
-0.010499000104092
-0.007408599204817
-0.003126703460984
-0.000398054630536
-0.000708109573097
-0.003654016320967
-0.007361245473706
-0.009442612648405
-0.008188662001214
-0.003558407665287
0.002862968796295
0.008789855784658
0.012232211631018
0.012382582445025
0.010016169714424
0.006837381953252
0.004311686783424
0.002814118347355
0.001476560778157
-0.000961456408284
-0.004940744595400
-0.009713048037784
-0.013824149699206
-0.015811279162037
-0.014821786210052
-0.010969682274177
-0.005384659909382
0.000100377942754
0.003654267187546
0.004250693940342
0.002196640880145
-0.001056789500521
-0.003822481353233
-0.004885556064218
-0.003652880203525
-0.000351629260316
0.003894600756058
0.007570735400337
0.009450355914608
0.009074425659964
0.006822509667948
0.003578816693991
0.000265217577708
-0.002642110753298
-0.005132996953576
-0.007126474661714
-0.008137798323442
-0.007414561070325
-0.004490004948961
0.000151506220925
0.005121686267232
0.008850914795053
0.010339333067845
0.009690939956730
0.008031936677249
0.006646172001114
0.006057535966994
0.005890152262325
0.005432952750096
0.004239528345162
0.002395762825272
0.000455341393888
-0.000819881422897
-0.000890420357109
0.000085358537798
0.001214464584763
0.001397593117596
0.000036335243307
-0.002561614916694
-0.005483796560347
-0.007799803403588
-0.008632856403576
-0.007155772836627
-0.003145698330164
0.002509043146503
0.007892795037197
0.010607841670050
0.008776886973704
0.002190878092817
-0.007402268089653
-0.017149102470787
-0.024236431040651
-0.026803153210638
-0.024500240724888
-0.018395320664033
-0.010323429565854
-0.002253010340783
0.004178294981232
0.008078907564808
0.009473177891578
0.009168288176561
0.008466199508153
0.008613963962264
0.010193572044293
0.012980254310113
0.016163282484364
0.018596273010253
0.019178669097602
0.017334813166507
0.013167022811233
0.007036581207206
-0.000707105730967
-0.009141552736062
-0.016405722733363
-0.020471844307983
-0.020032992775143
-0.014899878536887
-0.006287521135928
0.003342519526135
0.011174127053260
0.015112080161385
0.014511865441352
0.010250875558842
0.004187596184420
-0.001539060971402
-0.005129238862648
-0.005693193217752
-0.003692247258427
-0.000743246938021
0.001486343551919
0.002354142250227
0.002174192263108
0.001374747895913
-0.000001829883315
-0.002102365557013
-0.004580294015984
-0.006231477624481
-0.005750897327662
-0.002805955392479
0.001646197039332
0.005795348835519
0.007919289026001
0.007282885909943
0.004379778683914
0.000415329301977
-0.003538538742463
-0.006949916414084
-0.009715367911076
-0.011952871247310
-0.013665125248920
-0.014632183088432
-0.014841593440626
-0.014585935050277
-0.013853777641746
-0.011939017060895
-0.007928837833077
-0.001588318826641
0.006263977395348
0.014109702491739
0.020304297855067
0.023543910033758
0.023401004762816
0.020555296367803
0.016264378338936
0.011770357758060
0.008007257382451
0.005293279400165
0.003207519485597
0.000900673100013
-0.002202159911166
-0.005897038430006
-0.009466978272953
-0.012046783079263
-0.012760251645057
-0.011282275949007
-0.008302879603411
-0.005028299186698
-0.002419881046061
-0.001006055724325
-0.000928261873358
-0.001835665214377
-0.002968916898037
-0.003530657831481
-0.003049089011614
-0.001754913985515
-0.000618970485527
-0.000549534079876
-0.001494739415259
-0.002563126203970
-0.002820110710678
-0.001685811530336
0.001041289536573
0.005057550372917
0.009508838851526
0.013193263651412
0.014994873753637
0.014421809445463
0.011787359186321
0.007900517693946
0.003652874238316
-0.000145771108916
-0.002792467626894
-0.003969550875041
-0.003987629896149
-0.003604217226507
-0.003724307832027
-0.004962907881446
-0.007148020834903
-0.009446329600748
-0.010972065454664
-0.011152584831883
-0.009807130993253
-0.007098454438957
-0.003334256401595
0.001065170763247
0.005354781288669
0.008643465110910
0.010516173801071
0.011270680947160
0.011490803896498
0.011560646490880
0.011552561122947
0.011161868364246
0.009644611773445
0.006349680496879
0.001460973683385
-0.003964618190837
-0.008538451567027
-0.011206752766591
-0.011758007246987
-0.010862491085060
-0.009517831903033
-0.008171253009701
-0.006427142617602
-0.003675031569301
0.000170878767307
0.004232150762223
0.006753624682081
0.006103191524896
0.001968210311694
-0.004406208433508
-0.010946479281019
-0.015729374589133
-0.017755859511054
-0.017054313848276
-0.013962608433146
-0.008521983115083
-0.000810485131584
0.008098212136841
0.015764886222318
0.019533707781392
0.018218603842271
0.012840955470295
0.006219514799679
0.001560126384435
0.000718324677043
0.003304016792229
0.007060815198466
0.009287120681107
0.008277957268188
0.003838733892001
-0.002804986953844
-0.009401132322735
-0.013635184045159
-0.014294664929221
-0.011665623384328
-0.006949389751366
-0.001435128961728
0.003972792984648
0.008827008192899
0.013007903873768
0.016310092733606
0.017907284574505
0.016681409288558
0.012339334927207
0.005869342364211
-0.001047002465062
-0.006963342118415
-0.011306483526988
-0.014247992797663
-0.015954785402312
-0.016063695644244
-0.014022410789659
-0.009942941097219
-0.004972096394022
-0.000787447810892
0.001307634992848
0.001088204818195
-0.000463078462750
-0.001688746742307
-0.001237446322934
0.001093068669550
0.004291626013404
0.006761626932177
0.007185797685770
0.005305562555165
0.002044762534184
-0.001283126065384
-0.003924312823755
-0.005882460446944
-0.007420522906420
-0.008488199226913
-0.008633479192337
-0.007527382405425
-0.005360162456252
-0.002712964167208
-0.000348781174277
0.001032904955029
0.001141184597300
0.000210909162798
-0.001283508051324
-0.002981947001964
-0.004635871888854
-0.005912259012610
-0.006393269184580
-0.005802851430679
-0.004157880004373
-0.001744090571843
0.000960445242435
0.003529228822036
0.005703711563351
0.007265471742468
0.008273835246434
0.009154225484325
0.010010042322167
0.010265661174668
0.009276225763580
0.007030709652873
0.004189614693336
0.001555694768457
-0.000339520176768
-0.001241014915859
-0.001092940168635
-0.000093934782512
0.001125742896874
0.001615401211702
0.000744987225010
-0.001223706154113
-0.003129927175817
-0.003599858043945
-0.002205601736444
0.000088848082333
0.001908362943247
0.002614197164101
0.002351452489956
0.001357623582520
-0.000562901599942
-0.003678477432700
-0.007422572162769
-0.010323292614347
-0.010951108589256
-0.008841480350857
-0.004646495115388
0.000469741314790
0.005413593849098
0.009352487617795
0.011796942906623
0.012553691771463
0.011617516664651
0.009288550374673
0.006260557865930
0.003324408392419
0.001114046541308
0.000093380434253
0.000276752864345
0.001100981285917
0.001993076458390
0.002807841975401
0.003533345894379
0.003778185373203
0.002855333645406
0.000429113161195
-0.003198307415906
-0.007195042053422
-0.010337073802120
-0.011425862529309
-0.009747997874271
-0.005310705172109
0.000995230025279
0.007418788885652
0.011751372796086
0.012222138915309
0.008572516343132
0.002498129480946
-0.003066160785503
-0.005431718363570
-0.003473493420209
0.001723462227275
0.007251383902897
0.009916167397487
0.007893887902551
0.001516077277293
-0.006972314369697
-0.014495721195324
-0.018534534010278
-0.018183792268033
-0.014301266354367
-0.008748867983845
-0.003523582848044
-0.000043447531874
0.001390479054204
0.001427173372434
0.000956965318420
0.000518376992606
0.000062890037381
-0.000719389317721
-0.001778437797464
-0.002542169590102
-0.002319344678342
-0.000784757499731
0.001814265736503
0.004837391039637
0.007610933884820
0.009628739099818
0.010536880147823
0.010058125916263
0.008061244729494
0.004813009893483
0.001147188783275
-0.001755144308406
-0.003169737096536
-0.003611789444164
-0.004460575496196
-0.006667750524784
-0.009862734325938
-0.012496364601467
-0.012866109388751
-0.010312038673024
-0.005620119997440
-0.000408357204813
0.003846127547521
0.006442414248579
0.007489464228817
0.007618431184048
0.007641980484479
0.008044455191801
0.008574557866771
0.008463806321170
0.007167294969112
0.004926096575720
0.002551459250445
0.000735747894247
-0.000372391136235
-0.001124355767583
-0.001947162050127
-0.002893016001259
-0.003714014487533
-0.004267453810958
-0.004566685856834
-0.004546635294437
-0.004140521778671
-0.003530525352556
-0.003073850304396
-0.003042063826574
-0.003394866412169
-0.003723949528976
-0.003459450356868
-0.002019149496120
0.001117195291989
0.006097178882421
0.012204087031097
0.017660915142901
0.020318832322537
0.018841941715175
0.013334049658180
0.005168215348988
-0.003726314626426
-0.011615774879318
-0.017139857289693
-0.019336488681526
-0.018113042503775
-0.014462275115719
-0.009810644409586
-0.005231888231438
-0.001216513323118
0.002141046633310
0.004910234778204
0.007254986624775
0.009230414032422
0.010470373739985
0.010323957403064
0.008321357292011
0.004606449183073
0.000045574790006
-0.004226314235997
-0.007250510405581
-0.008358405737164
-0.007454072463399
-0.005166740959016
-0.002321746088221
0.000488658947410
0.002688724296721
0.003616396689227
0.002906735664524
0.000860179404095
-0.001598165035085
-0.003368445256989
-0.003849117813351
-0.003331226546767
-0.002594382019943
-0.002081950332010
-0.001610120193466
-0.000844447111732
0.000157356755394
0.000847448667877
0.000493463547172
-0.001233081723004
-0.003798527010955
-0.005912348107815
-0.006255224386333
-0.004452939435508
-0.001320449477637
0.001910384589409
0.004363165513871
0.005733255541055
0.006277273865912
0.006553106210188
0.006801635788391
0.006646688165643
0.005619915301454
0.003774690072155
0.001640156528556
-0.000149039312622
-0.001202850484472
-0.001686895299168
-0.002164515209323
-0.002919203564707
-0.003657121858939
-0.003997651410779
-0.003954631235058
-0.003846275043378
-0.004009166814127
-0.004603556431713
-0.005499977085290
-0.006291582509322
-0.006433754886026
-0.005503114273033
-0.003462686659119
-0.000783785517309
0.001732775654053
0.003448664739284
0.004237327191919
0.004425626039363
0.004540417421917
0.005001577555389
0.005937751727883
0.007239781319894
0.008522401871562
0.009066708978091
0.008284766636638
0.006270673919436
0.003703448603620
0.001352510176521
-0.000313427058601
-0.001183326965792
-0.001337701802036
-0.000891242051253
0.000103271373514
0.001485816111729
0.002746296579404
0.003203136334794
0.002287390759532
-0.000404411002623
-0.004931246028863
-0.010616409722099
-0.015896671514403
-0.018820258520882
-0.018091916869046
-0.013801581282199
-0.007178190334148
0.000133191907361
0.006653749012797
0.011435183957451
0.014141210455834
0.014761543299662
0.013204571973170
0.009408077234641
0.003914587437260
-0.002068176524486
-0.007242513514458
-0.010608925633633
-0.011512053588818
-0.009768017262992
-0.005825327669597
-0.000751858200130
0.003885721581623
0.006486433489403
0.006292537487184
0.003871373265072
0.000651761146239
-0.001905310496433
-0.002775554824534
-0.001484499506728
0.001824977650759
0.006275734300197
0.010301898053986
0.012114994237372
0.010490996046844
0.005531464721039
-0.001086960135271
-0.006811510413408
-0.009586475828197
-0.008975295309018
-0.006271468305560
-0.003583434619938
-0.002601944978445
-0.003803409539027
-0.006431259577646
-0.009139609009916
-0.010769989226862
-0.010819504726978
-0.009402508516561
-0.006812582015015
-0.003298844804284
0.000766256087177
0.004783038318139
0.008023175540567
0.009914809418549
0.010332642530166
0.009529813885486
0.007901510820500
0.005913166051438
0.004166901751447
0.003399409615468
0.004061718847369
0.005680979805146
0.006869586172622
0.006243117099799
0.003546953870191
0.000098929071729
-0.001989614430251
-0.001351263905702
0.001645026700741
0.005158759943853
0.007162683394519
0.006774370250214
0.004456350497377
0.001325837996528
-0.001517981731995
-0.003558579331936
-0.005053355357959
-0.006645229050270
-0.008885136905420
-0.011885107473728
-0.015140509363988
-0.017686359493072
-0.018515556368770
-0.017087916749570
-0.013581830238536
-0.008601095769588
-0.002829607818307
0.002913545674731
0.007663348233563
0.010594817205216
0.011280702534941
0.009843052201235
0.006903507409148
0.003260308055815
-0.000256583380880
-0.002785699808629
-0.003737703613522
-0.003138015794982
-0.001596995998221
0.000090153371366
0.001304174974567
0.001743494705520
0.001649464924011
0.001713044781730
0.002454030029483
0.003910335951654
0.005813999533189
0.007806009252249
0.009624661047678
0.011095659005194
0.011870404780969
0.011493493372569
0.009763624847349
0.006727311550855
0.002598143473457
-0.002077517389433
-0.006531054129390
-0.010123628646845
-0.012356030654434
-0.012716700978442
-0.010924411993895
-0.007180482610752
-0.001942991165103
0.004055661255005
0.009390306002974
0.012293772045492
0.011735072169526
0.007947529559844
0.002149283614332
-0.004026850881067
-0.009154011648445
-0.012435028268511
-0.013605413317671
-0.012480795846340
-0.008798391111889
-0.002669119836993
0.004791587048643
0.011440354561365
0.015067198386246
0.014629197280251
0.010685296469296
0.004984631582014
-0.000202276390112
-0.002958020398213
-0.002698475869534
-0.000394729691645
0.002136937553151
0.003107048014131
0.001469002014930
-0.002723721494092
-0.008416358749185
-0.013796682602582
-0.016865874440518
-0.016387779827970
-0.012445865020755
-0.006164127459344
0.000968945793086
0.007562624596543
0.012595559132301
0.015688461975478
0.016962909366740
0.016493877420004
0.014210807229012
0.010272738833605
0.005162802013658
-0.000488146556429
-0.006069020590617
-0.011101849572122
-0.015056459896600
-0.017130859290379
-0.016653261647580
-0.013717095348525
-0.009193622854100
-0.004291224082314
-0.000108191779928
0.002825655271654
0.004669469183680
0.005769880848915
0.006172492409070
0.005688341639905
0.004208865576330
0.001890922265173
-0.000815746963460
-0.003383402964614
-0.005605701375424
-0.007523483438397
-0.008851700114708
-0.008976026140078
-0.007574699281801
-0.004872463592123
-0.001436195518805
0.002004289713227
0.004696240318770
0.006091647226420
0.006073574460306
0.005050838047305
0.003795028512843
0.002888868570148
0.002162465961874
0.000947122651675
-0.000963232197421
-0.002905549046675
-0.003943262548186
-0.003539424603675
-0.001839173979458
0.000309831446437
0.001821460063957
0.002068700580701
0.001152933208311
-0.000267254638631
-0.001286394337239
-0.001171800591236
0.000177783969195
0.002254757693280
0.004523080300617
0.006700847819036
0.008502092500880
0.009496096183717
0.009242273024499
0.007514108777333
0.004671267544879
0.001756840743079
-0.000203114841475
-0.000996018024581
-0.001130945782295
-0.001168182705848
-0.001320065543959
-0.001411477059668
-0.000955739571593
0.000490253647960
0.002822850267367
0.005359225078222
0.007237549794077
0.007735998811424
0.006484100340814
0.003638648227074
-0.000137288101801
-0.003917213742899
-0.006905301638415
-0.008698137583204
-0.009154931298316
-0.008269574053218
-0.006232778708985
-0.003408500526727
-0.000338777101879
0.002238985476295
0.003569211285091
0.003166977956289
0.001219365461756
-0.001258092422359
-0.003038899723312
-0.003438150282923
-0.002441978656216
-0.000560426488268
0.001378189435167
0.002541788357637
0.002281545503208
0.000316801161455
-0.002953349456804
-0.006382013407343
-0.008440930150756
-0.007925895784505
-0.004647144647905
0.000367027428608
0.005197980611682
0.007828132703660
0.007169039279469
0.003650466649198
-0.001056514309369
-0.004939337087081
-0.006601173659301
-0.005843206799080
-0.003686948115984
-0.001793625041598
-0.001440395019806
-0.002726812103800
-0.004680499346684
-0.005955176404022
-0.005514273812234
-0.003182738602160
0.000193338620027
0.003316692359733
0.005274186128147
0.005933108628696
0.005839979980973
0.005766124055250
0.006116231426862
0.006724220675243
0.007285940692563
0.007756678224905
0.008037174421725
0.007709759208825
0.006485242595611
0.004415656070418
0.001623074548600
-0.001619962734424
-0.004707890297725
-0.006834727439048
-0.007155763544596
-0.005137414360781
-0.001058705894861
0.004003109082154
0.008691323413706
0.011757737185786
0.012168201915377
0.009391602250528
0.003940185258908
-0.002603736831990
-0.008269439502000
-0.011427761992435
-0.011350328141503
-0.008529490392895
-0.004446778005663
-0.000956342101595
0.000485498001599
-0.000419326763182
-0.002856478169637
-0.005778675470435
-0.008387017969146
-0.009980248505647
-0.009954039198109
-0.008024049117239
-0.004310160948521
0.000572145004237
0.005375748105590
0.008652525164868
0.009693496383391
0.008890337446764
0.007154891921999
0.005237749092840
0.003506010378904
0.002032504892266
0.000856302106735
0.000059026385613
-0.000619174106544
-0.001906663660458
-0.004320500175355
-0.007463519756220
-0.010131721887723
-0.011150666528794
-0.010248649105585
-0.008197046746250
-0.006245963310120
-0.005356412609443
-0.005592411875954
-0.006114331041005
-0.005719389452157
-0.003494792167133
0.000683704064587
0.006110443385404
0.011577685397445
0.015726179483875
0.017428077705705
0.016243813791835
0.012657958361872
0.007746702671940
0.002501590247025
-0.002481529083526
-0.006698743404743
-0.009435805759551
-0.009954744759407
-0.007901293594341
-0.003663131445126
0.001511212812145
0.005939837405662
0.008301169273300
0.008222250773920
0.006361114600835
0.004005887290802
0.002384058074321
0.001978227601453
0.002296597448243
0.002425280454072
0.001765861134211
0.000205499662181
-0.002021666291800
-0.004443721455860
-0.006444003070761
-0.007336625314280
-0.006603879479451
-0.004202772130169
-0.000675309552486
0.002876322172709
0.005157962675595
0.005436413206035
0.003918611841979
0.001378041407116
-0.001535593218229
-0.004608724764913
-0.007573156665759
-0.009606495411384
-0.009741799816856
-0.007590557780077
-0.003709353043162
0.000533782658779
0.003839436649519
0.005863830288632
0.007081163985427
0.007992597846215
0.008598734976726
0.008549532798429
0.007640575512274
0.005974646005656
0.003771950416931
0.001171852439617
-0.001760004785913
-0.004751345198187
-0.007359501057764
-0.009467122615533
-0.011191562607048
-0.012239673603611
-0.011937209937846
-0.009844309866020
-0.006116612353458
-0.001580360749689
0.002477121423110
0.004979366253176
0.005776501535239
0.005665942100872
0.005635430042960
0.006145866503789
0.007093209413439
0.008112222994851
0.008692446869955
0.008159850394743
0.005808251125896
0.001306929939071
-0.004802449780213
-0.011016180107696
-0.015336310788498
-0.015932694458769
-0.011805692113241
-0.003418476372080
0.007088539970269
0.016541198304600
0.021939381003560
0.021503371372829
0.015274516676390
0.005168022780228
-0.005725883902424
-0.014262118863063
-0.018201533544067
-0.016969763408843
-0.011952021428975
-0.005701822352809
-0.000491380521434
0.002624079901492
0.003762030970414
0.003598510531414
0.002819253019659
0.001981091162910
0.001717755589551
0.002754876821482
0.005344396720509
0.008721427434055
0.011336908241268
0.011655770327479
0.008883771759122
0.003397823989028
-0.003233246935140
-0.008871594294243
-0.011740459147880
-0.011120120615573
-0.007688397458451
-0.003160348222852
0.000725238698855
0.002873432158977
0.002855297420741
0.000927919681798
-0.001879000259911
-0.004103420900126
-0.004542138553987
-0.002707241605605
0.001002812157807
0.005235368031670
0.008133922271401
0.008339066281286
0.005702647783351
0.001321868937152
-0.002978477925514
-0.005619089494702
-0.005992824928106
-0.004291252762595
-0.001051980316126
0.002901931285133
0.006492609732890
0.008710626940071
0.008980061215826
0.007329447508349
0.004329088720225
0.000821894885829
-0.002462386810210
-0.005101947047274
-0.006809176181668
-0.007318671811736
-0.006539303903251
-0.004631476020283
-0.002026506330329
0.000560456534462
0.002358165520173
0.002906929446855
0.002285206167653
0.001013707784664
-0.000332754020602
-0.001370509779811
-0.001841369547925
-0.001594160553199
-0.000710029954111
0.000464473696479
0.001540360707099
0.002410496145204
0.003170059299316
0.003724630355075
0.003766122237096
0.003023896817334
0.001451346912944
-0.000645858714484
-0.002753349619530
-0.004356294839762
-0.004935133498343
-0.004174331771694
-0.002366860661599
-0.000443028047457
0.000584222624123
0.000414011229820
-0.000300490072142
-0.000545986764976
0.000400598372539
0.002789984272397
0.006331759592780
0.010093551799483
0.012715048852231
0.013022170024959
0.010611419032190
0.006010348546429
0.000475875055475
-0.004514966796680
-0.007940753933191
-0.009510448869966
-0.009502596763318
-0.008651916530448
-0.007913221573770
-0.007909524534501
-0.008607999751982
-0.009470016395194
-0.009735419524440
-0.008671268047113
-0.005888601767450
-0.001677518075961
0.003039610885218
0.007134372955307
0.009617742231134
0.009934910320033
0.008268928326858
0.005557873218347
0.003132493675099
0.002019046614456
0.002315829683564
0.003313632815047
0.004118215604595
0.003986455374809
0.002522934882374
0.000083584551042
-0.002240277539095
-0.003298962675019
-0.002495416169776
-0.000053285264751
0.003003520131256
0.005361387478122
0.006231967484079
0.005779889412071
0.004663218866921
0.003221067553631
0.001360258879836
-0.000946466510702
-0.003353764725743
-0.005282317888540
-0.006349294087516
-0.006619247281476
-0.006392991416466
-0.005937968254949
-0.005390846649923
-0.004806348781326
-0.004410358045763
-0.004634269587233
-0.005616370442089
-0.006822747439130
-0.007291914257050
-0.006207119542983
-0.003476091288693
0.000102178055660
0.003349204204884
0.005302417772132
0.005505313321237
0.004211831735198
0.002303918217585
0.000812808893795
0.000430501101878
0.001192349894722
0.002448159690761
0.003174440648125
0.002562333949204
0.000654507813915
-0.001628267036447
-0.003129334236069
-0.003054214367831
-0.001251586886836
0.001655632437238
0.004401327722460
0.005831402827717
0.005790773992043
0.005004421900854
0.004202903504252
0.003748936986626
0.003721042975534
0.003789811211240
0.003359840676291
0.002220762703769
0.000829822579124
-0.000107440597501
-0.000192081439359
0.000407421929830
0.000984052392625
0.000578964397196
-0.001349609176298
-0.004366663595007
-0.007495936583606
-0.010032127409232
-0.011413929732531
-0.010824681025011
-0.007753637411830
-0.002824643554939
0.002309405535282
0.005923573577139
0.007149960632009
0.006259490652281
0.004292767615062
0.002283442128441
0.000586656352791
-0.000974589615509
-0.002370136185693
-0.003114380923738
-0.002802174513446
-0.001601494367558
-0.000056215603865
0.001389091842499
0.002510248913572
0.003184940737526
0.003280460037563
0.002610074497538
0.001183518283399
-0.000513545380126
-0.001764595377423
-0.002018634819532
-0.000932825202462
0.001586477397639
0.005103593176944
0.008526804025221
0.010490396730296
0.010010540469540
0.006880746487921
0.001750285693391
-0.003924996681385
-0.008387886045035
-0.010436302786412
-0.009604118874068
-0.005936102325461
-0.000305543910211
0.005544559674628
0.009788715174737
0.011309750990847
0.010027649105764
0.006669049186588
0.002264743805966
-0.002088523232980
-0.005332028166039
-0.006691912677221
-0.005889149667836
-0.003209224113605
0.000431142836957
0.003549288688193
0.004618208913105
0.002910740679871
-0.001056162550054
-0.005888321489627
-0.009839971345231
-0.011227195058918
-0.009271150754332
-0.004650661243483
0.001026698253730
0.006013386432652
0.008903507015069
0.009016419308013
0.006680406682796
0.003026811442116
-0.000699216528409
-0.003578204020854
-0.005059196655854
-0.004953497428353
-0.003381194120286
-0.000792446963594
0.001892897643044
0.003466521193953
0.003103856817814
0.000902840446456
-0.002259751199517
-0.005368684419900
-0.007783420603601
-0.009027443711526
-0.008353828610364
-0.005199625998935
-0.000102345121513
0.005155760873865
0.008288685788189
0.007585975257653
0.002799210129558
-0.004592768779058
-0.011897986189347
-0.016419676107300
-0.016594566875681
-0.012201589666487
-0.004156310288630
0.005408364358783
0.013383907206636
0.016854688502469
0.014712450415998
0.008448111924016
0.001216299204086
-0.003958412049953
-0.005394946630064
-0.003116352356069
0.001513970919304
0.006580884469237
0.010250478619912
0.011259476832357
0.009425848923381
0.005746931561625
0.001695590005053
-0.001723869983667
-0.004126246207824
-0.005238895174080
-0.004757726318186
-0.002648700415125
0.000632382696884
0.004102780552793
0.006488825686959
0.006810190649430
0.004981071778551
0.001886137671079
-0.001298334082763
-0.003827010735901
-0.005313558581974
-0.005318779410634
-0.003518479805521
-0.000259920124652
0.003301798922881
0.005672997690060
0.005709775910951
0.003120182777892
-0.001387260169593
-0.006281344902650
-0.009871705648449
-0.011259556490939
-0.010594699978647
-0.008565366707473
-0.005986981258522
-0.003497036129301
-0.001281895790843
0.000737587566206
0.002493790523905
0.003801013480845
0.004739013126187
0.005625976307876
0.006595669389713
0.007487771636326
0.008040076276328
0.008010098222793
0.007199770406758
0.005450670752906
0.002716109991639
-0.000716319569978
-0.004141012073495
-0.006752391558473
-0.008021889571624
-0.007798378642832
-0.006185147705175
-0.003417688073495
-0.000022324692202
0.003017669984505
0.004527684105775
0.003744931567470
0.000981630929025
-0.002345722389725
-0.004673995157628
-0.005203740353083
-0.004064271853202
-0.002095329020936
-0.000398928617350
0.000203558604890
-0.000473888748952
-0.001864771357576
-0.002864454965873
-0.002447481223405
-0.000448402222872
0.002086682194974
0.003485390651854
0.002572635340486
-0.000597813273206
-0.004745764861415
-0.007985764709730
-0.008823759360019
-0.006887504298973
-0.003027216960283
0.001063906654171
0.003673751712643
0.003891558774492
0.001835195044774
-0.001499250495210
-0.004512045881792
-0.005564582689543
-0.003741432271270
0.000667906587721
0.006288360701775
0.011148946003505
0.013221603849309
0.011190984997035
0.005354630169123
-0.002239901457707
-0.008830772961021
-0.012442247288265
-0.012680623389890
-0.010296995910400
-0.006370682542013
-0.001962468766177
0.002041681312704
0.005033295702838
0.006522643180200
0.006168418939318
0.004232357467621
0.001800222772025
0.000366938307002
0.001095092961476
0.004133073347488
0.008224703707863
0.011054027551573
0.010574099453202
0.006328718516908
-0.000379868863047
-0.007151859145788
-0.011397312488403
-0.011516045090069
-0.007713448973879
-0.001598986422229
0.004886933738594
0.010121481266266
0.012951212444722
0.012802288884768
0.009836411655485
0.004894476189890
-0.000879213948342
-0.006357076373454
-0.010553760439239
-0.012795392266045
-0.012908083248931
-0.011361431581562
-0.009142604962509
-0.007132550997871
-0.005528808904607
-0.003848886925145
-0.001434078667315
0.001868864479122
0.005525482879843
0.008706116936861
0.010491791503063
0.010030939993632
0.007079400249279
0.002300139924596
-0.003062383902499
-0.007616131546221
-0.010085396613717
-0.009655301554730
-0.006388023211954
-0.001304930700545
0.003948510717612
0.007551430963922
0.008100558205618
0.005409137701666
0.000824445755557
-0.003428480487966
-0.005321671405015
-0.003929124484482
0.000141076314520
0.005184102886734
0.009366258927982
0.011324956001379
0.010337949614505
0.006476069034667
0.000710654097514
-0.005338406038625
-0.010129562681419
-0.012876357037906
-0.013583870408216
-0.012534440492309
-0.009738944271613
-0.005036475347766
0.001167728681923
0.007503490540769
0.011976649524004
0.012770655415680
0.009302862519345
0.002800410467106
-0.004268647685643
-0.009410692869858
-0.011105872440070
-0.009159454023626
-0.004518646362153
0.001022100822599
0.005290260862065
0.006703590567880
0.005276263419195
0.002601942078905
0.000518085667224
-0.000337469872863
-0.000639841107250
-0.001358777178939
-0.002933303626383
-0.005093855478061
-0.006946678600134
-0.007318710440711
-0.005399473268250
-0.001339768491671
0.003505641462337
0.006969755052726
0.007112836127873
0.003439631130626
-0.002529965244042
-0.008037230763480
-0.010675440106072
-0.009464638018592
-0.004907285254212
0.001586532345596
0.008324932455294
0.013671946174933
0.016236744002843
0.015113590307277
0.010243976742751
0.002842675545049
-0.004821063278350
-0.010501132815284
-0.012822865097854
-0.011520808980003
-0.007489091333559
-0.002492921533489
0.001556701765608
0.003467759337036
0.003369466088393
0.002480136646290
0.002038395814686
0.002404660770862
0.003058328975321
0.003258595792269
0.002772351696707
0.002061904053252
0.001863817617267
0.002541442541465
0.003690037311859
0.004522705705922
0.004621287620877
0.004119436026467
0.003346608223035
0.002431492857987
0.001177865065208
-0.000637553280036
-0.002851132563262
-0.004890207166530
-0.006193727286490
-0.006680662724231
-0.006722222436019
-0.006531037078194
-0.005825133653202
-0.004285961150458
-0.002124783928602
-0.000155894837066
0.000676176394970
0.000038186604294
-0.001534436746548
-0.003088717007371
-0.003817115284287
-0.003348054857599
-0.001712564170508
0.000832746099361
0.003899059160709
0.007054113600622
0.009845901419568
0.011687080633964
0.011940865944053
0.010258436873983
0.006848592922887
0.002551941282848
-0.001430521607947
-0.004061063964294
-0.004795442177998
-0.003735617276449
-0.001693650548503
0.000142699457310
0.000746299013945
-0.000490746086455
-0.003530098551557
-0.007414982439436
-0.010525671496963
-0.011290118705873
-0.008884455712035
-0.003732679992815
0.002534593932682
0.007826039368262
0.010639775953241
0.010642361827771
0.008459224985266
0.005243442748510
0.002272096782933
0.000411673469254
-0.000179867621282
0.000133665320574
0.000850386366601
0.001589471765591
0.002071383568937
0.002106896240936
0.001811238176122
0.001588737926909
0.001738717557506
0.002164644688833
0.002435594458578
0.002113909999923
0.001100075576583
-0.000213083532995
-0.001075436133042
-0.000969730156555
-0.000157260943568
0.000607816758162
0.000792779652685
0.000413249780262
-0.000193485981272
-0.000888885783250
-0.001970114156939
-0.003752604938747
-0.005938803456590
-0.007562089285632
-0.007618270768002
-0.005780741462380
-0.002661199659176
0.000544727516387
0.002780675531446
0.003700826358056
0.003647717821299
0.003111955995691
0.002311255904805
0.001216293958266
-0.000253892488259
-0.002024263074964
-0.003720101164106
-0.004809094391034
-0.004895285087139
-0.003872442131722
-0.002022892064899
-0.000077431724097
0.001089265075647
0.001085093558164
0.000262183789988
-0.000679125061274
-0.001185856849863
-0.001153123954110
-0.001003381556864
-0.001246069981021
-0.002001440059055
-0.003137153295708
-0.004418543214918
-0.005411929359663
-0.005694127799179
-0.005160767908436
-0.004036658032037
-0.002755714079954
-0.001816344700126
-0.001640969203806
-0.002472208322131
-0.004184033103674
-0.006025879598065
-0.006661213259391
-0.004870945503673
-0.000431771850282
0.005739809732940
0.011921158990857
0.016066536804525
0.016772989517734
0.013974772009053
0.008663245398844
0.002402364721219
-0.002972801328000
-0.006003117851922
-0.006402111858041
-0.005070732466991
-0.003311267350259
-0.002035947005756
-0.001446062040666
-0.001258018957275
-0.001187214103183
-0.001226933055835
-0.001514461732356
-0.002000637910953
-0.002344509225214
-0.002199305719965
-0.001621059667132
-0.001116426547080
-0.001172145217958
-0.001740001927275
-0.002298773257516
-0.002361649503588
-0.001768368818448
-0.000667612631013
0.000521127099544
0.001228443519678
0.001088703757684
0.000234414576630
-0.000735716349363
-0.000877248278133
0.000842284213288
0.004781132298715
0.009912106552732
0.014253612919803
0.016127638417087
0.014888795484673
0.010861580966914
0.005052791006134
-0.001205063290028
-0.006689207584684
-0.010503278152232
-0.011941063518952
-0.010598752970607
-0.006883427978151
-0.002011039353431
0.002632195049477
0.005953015711432
0.007350994800295
0.006854383252133
0.004938301135368
0.002176962359014
-0.000956597784925
-0.004117515683930
-0.006881562382278
-0.008674659324243
-0.009099448893171
-0.008126705193635
-0.005887285406424
-0.002521195413052
0.001539331142488
0.005324825531821
0.007764867517870
0.008304959987857
0.006980530942333
0.004280495905716
0.001081263822903
-0.001682308637916
-0.003382107459689
-0.003731337509883
-0.002892886377094
-0.001601222548790
-0.000729640166668
-0.000621232344261
-0.000862265670856
-0.000779741682338
-0.000228394189265
0.000357778479482
0.000612300176231
0.000543682994029
0.000329874399478
0.000206161662853
0.000584427929963
0.001875948752738
0.003858290697992
0.005494877423259
0.005687117243820
0.004032772394670
0.001004833691131
-0.002259586450370
-0.004567076645425
-0.005301723291654
-0.004538624673493
-0.002852369606701
-0.001129408124929
-0.000290044422218
-0.000869498186378
-0.002691978034197
-0.004971612733092
-0.006738763460587
-0.007219086381653
-0.006084555033108
-0.003541499745833
-0.000285869726668
0.002567376173654
0.003873039422944
0.003112356024844
0.000640223791703
-0.002558863365981
-0.005302175682904
-0.006731267671241
-0.006546054195404
-0.004771227640202
-0.001661135896953
0.002033601225373
0.005216769322852
0.007080853421112
0.007329959308782
0.006071448710284
0.003845453666373
0.001452519779593
-0.000410301137965
-0.001220351050053
-0.000585696029784
0.001473297888074
0.004246978978804
0.006603743379617
0.007581407388686
0.006835139836434
0.004787378534276
0.002422333734255
0.000804819675315
0.000594104105915
0.001687101263303
0.003086420101134
0.003401613408430
0.001870871004992
-0.001125305219636
-0.004445748606618
-0.006796396917860
-0.007191292023949
-0.005478905337194
-0.002660733711723
-0.000339734408644
0.000253262958364
-0.001232687945453
-0.004133236819858
-0.006976948417736
-0.008275791133993
-0.007292812569520
-0.004158073555338
0.000403101186936
0.005374436184693
0.009702980546484
0.012492381098951
0.013223419134577
0.011910943827811
0.009113701497398
0.005787386099952
0.002822991949557
0.000578907862542
-0.001088046921891
-0.002442758130356
-0.003585639609183
-0.004446069296886
-0.004846592533111
-0.004523087500406
-0.003413823248574
-0.001974348062728
-0.000910672089930
-0.000703649476146
-0.001414963013533
-0.002614108998616
-0.003530499354506
-0.003510687139761
-0.002338076123224
-0.000195948891571
0.002440237296254
0.004813217258702
0.006039916124185
0.005578605464985
0.003624708702968
0.000971523263642
-0.001439790541627
-0.002903278658346
-0.003182473841651
-0.002437678047932
-0.001061855043349
0.000313227072553
0.001015988382187
0.000759600293871
-0.000213982847337
-0.001340460872069
-0.002076206773188
-0.002230496778488
-0.001997758698076
-0.001647419715030
-0.001313927810911
-0.001091392812815
-0.001118549246348
-0.001416657802689
-0.001798489211133
-0.002145324217246
-0.002636748155264
-0.003580367994277
-0.005096575691668
-0.006888394344774
-0.008274235832874
-0.008572985005161
-0.007468744988177
-0.005100622597491
-0.001994361394597
0.001153436486635
0.003765470616617
0.005506984511121
0.006280795851944
0.006257029380503
0.005846321522389
0.005517091959423
0.005553791616230
0.005944952329304
0.006394649699513
0.006401203749392
0.005567590616487
0.003880431215164
0.001512957052718
-0.001466820266527
-0.004959866271145
-0.008484287056879
-0.011120938403192
-0.011988246538101
-0.010849669084909
-0.008100929436684
-0.004291236064612
-0.000026624579251
0.003919873826716
0.006812509720664
0.008163996427299
0.007772829979455
0.005793622092153
0.002894802059177
0.000200726575925
-0.001297738437598
-0.001336475525469
-0.000344225536742
0.000968502203226
0.002029705720269
0.002723604609615
0.003387173924144
0.004392372031154
0.005667605271183
0.006589796869352
0.006380468314530
0.004697160130069
0.001905310632548
-0.001011020684601
-0.002824975559944
-0.002738402906630
-0.000881363062390
0.001759057590909
0.003920752116256
0.004787527952087
0.004236645053232
0.002565190521546
0.000275506762471
-0.001996157033325
-0.003693702305197
-0.004519613770754
-0.004409845970864
-0.003473904346044
-0.001969932119577
-0.000280226964417
0.001252958483368
0.002515356279940
0.003452892930867
0.003930750945870
0.003988329216005
0.003873412086149
0.003652324866872
0.002936318447741
0.001114380025975
-0.001965204050849
-0.005575516422820
-0.008511535899988
-0.009919086354733
-0.009765542806663
-0.008577098639608
-0.006903451944744
-0.005125720775883
-0.003479779871705
-0.002024326971445
-0.000744260231148
0.000278095822492
0.000914606903668
0.001055014628672
0.000648912123699
-0.000135643054624
-0.000949041468401
-0.001447977048792
-0.001367316380833
-0.000598143235437
0.000715633139627
0.002217090711469
0.003480685825849
0.004102384115768
0.003775305175169
0.002431501357031
0.000338610331564
-0.001868327528450
-0.003243259945663
-0.002983672437889
-0.001211334285065
0.000953335423966
0.002354745603492
0.002555330246810
0.001810610093068
0.000730409597608
-0.000249848048331
-0.001134088789048
-0.001973431138115
-0.002519866010473
-0.002360670456161
-0.001221295441364
0.000723597036773
0.002758537786664
0.004036477671175
0.004221375202947
0.003686188711379
0.003063204511794
0.002821929633370
0.003237170222935
0.004259875456962
0.005367137935637
0.005910394860537
0.005562385640761
0.004324716228678
0.002387048760563
0.000134429922794
-0.001869484118268
-0.003086311564627
-0.003362802168746
-0.003065325031189
-0.002706221656820
-0.002601113112435
-0.002814654472052
-0.003016099695451
-0.002505331176313
-0.000750301310947
0.002103448574556
0.005341240191097
0.008135203840966
0.009789899117648
0.009909285729043
0.008631580329302
0.006435105336253
0.003665645614696
0.000583299808889
-0.002332130580934
-0.004488388352418
-0.005496237144699
-0.005357589207632
-0.004431394513416
-0.003191124360451
-0.002038340593391
-0.001245685581827
-0.000937401163670
-0.001132930954644
-0.001744236820126
-0.002462802276821
-0.002684807153347
-0.001751128982114
0.000393227906348
0.002853358225677
0.004433872154888
0.004530735526744
0.003363031712104
0.001672930973962
0.000217422666787
-0.000586078980302
-0.000645460240388
-0.000104686685457
0.000660390920993
0.001062394535688
0.000581552186503
-0.000717835412846
-0.002200447452255
-0.003330078719574
-0.003987350381776
-0.004247954806002
-0.004318861230849
-0.004577975262201
-0.005365322464179
-0.006705466451526
-0.008161171543209
-0.008985526117010
-0.008593732121985
-0.006897782482865
-0.004277529766386
-0.001369548561737
0.001250604881896
0.003279840246200
0.004582457915475
0.005033167788705
0.004585187445709
0.003466592256936
0.002203375918861
0.001282746100867
0.000831505039316
0.000695283429741
0.000610270893769
0.000304221876342
-0.000264588255019
-0.000833156087725
-0.001204273612449
-0.001563330643286
-0.002264034898025
-0.003350987980888
-0.004425303999858
-0.004967409839458
-0.004677742415141
-0.003590367105356
-0.002024046977018
-0.000373216899471
0.001137830243361
0.002501121500140
0.003714437681536
0.004518851300472
0.004538798403540
0.003688005471286
0.002262961507655
0.000840498454777
0.000068179531800
0.000280352546340
0.001317438990291
0.002639287046406
0.003569731897001
0.003634583876251
0.002762825430511
0.001194359926227
-0.000682647442610
-0.002425848695120
-0.003606770513977
-0.003843966253675
-0.002902332328990
-0.000913479511357
0.001466156314413
0.003212895165303
0.003546339470254
0.002576447638201
0.001268121051415
0.000753722238476
0.001600410619928
0.003444851783675
0.005260933579086
0.006162488374993
0.006045002424583
0.005488517448357
0.005134233888603
0.005267020592226
0.005821052795740
0.006275505797337
0.005606642063198
0.003013373186276
-0.001200243544481
-0.005622539654066
-0.008455749827970
-0.008505979598176
-0.006011923356036
-0.002540022957901
0.000072133691885
0.000687128419907
-0.000866817802720
-0.003926078819350
-0.007250619308222
-0.009573771486654
-0.010173971803542
-0.008865626744817
-0.005774288836150
-0.001481273153790
0.002974607599756
0.006523435935959
0.008438661547169
0.008526382216146
0.007028178795071
0.004276242545294
0.000695268212255
-0.002909789410762
-0.005509262633588
-0.006435213483191
-0.005739955537777
-0.004063563554544
-0.002210777109414
-0.000752646046507
0.000112215157532
0.000503386363745
0.000723998413626
0.001097873528928
0.001851333070185
0.003057615176008
0.004645817511742
0.006360203854488
0.007757145172576
0.008456335464048
0.008294036671573
0.007106191236255
0.004672306536224
0.001078408973223
-0.003032622811142
-0.006614884898289
-0.008657841257738
-0.008653780987762
-0.006724616476507
-0.003471564136594
0.000175971921481
0.003228084209869
0.005092846183449
0.005793719447727
0.005637396900701
0.004842808861278
0.003560334849719
0.001911605005762
-0.000017580971388
-0.001909908570505
-0.003164959085910
-0.003485668827365
-0.003255572680150
-0.003121876732214
-0.003444701574860
-0.004166405571175
-0.004951285125029
-0.005347878298832
-0.004965859176563
-0.003689246674696
-0.001746197102228
0.000351668047213
0.001877277630413
0.002183305907325
0.001143802961471
-0.000724718882640
-0.002468884493780
-0.003132675452103
-0.002388403083554
-0.000802325732696
0.000622988807314
0.001119634261137
0.000488411607624
-0.000853324167472
-0.002005431517798
-0.002081788737833
-0.000808750778248
0.001433546002470
0.004058622923184
0.006510780399387
0.008277628646172
0.008996027017035
0.008431135967958
0.006512499357501
0.003610881789727
0.000438842173123
-0.002336764924403
-0.004166658428919
-0.004646677955292
-0.003702179570930
-0.001616739746804
0.001078110478969
0.003680129234202
0.005387020096839
0.005567919061758
0.004242600469004
0.002213848223555
0.000603310529234
0.000205235443947
0.001000531715969
0.002223060583868
0.003060860520950
0.003231772930131
0.002959138682587
0.002523007297166
0.001851218975308
0.000709110261229
-0.000879710774382
-0.002664863061685
-0.004326468635239
-0.005466518149241
-0.005728215219278
-0.004998732634813
-0.003481348425895
-0.001641398496678
-0.000008319912039
0.001097360514570
0.001726144963330
0.002196952962626
0.002767548473792
0.003466255029017
0.004185556539099
0.004679988080210
0.004603211973949
0.003806875541588
0.002510802373168
0.001214056997717
0.000451201406002
0.000342126854876
0.000400211463808
-0.000069996048288
-0.001489436636376
-0.003790433519865
-0.006494113511816
-0.009040981996649
-0.010973130107562
-0.011800113855311
-0.011009704742344
-0.008444753561197
-0.004689222355793
-0.000978529873697
0.001495117595510
0.002312675792759
0.001951046975019
0.001347323205680
0.001308011964277
0.002144095590918
0.003663415584609
0.005320182047751
0.006462510650852
0.006633362834912
0.005728540831521
0.004054550302337
0.002188272778119
0.000549559769048
-0.000753456152024
-0.001682986843348
-0.002250866232107
-0.002667077172315
-0.003182054209507
-0.003763866779871
-0.004075073084860
-0.003807046810857
-0.002920764372448
-0.001595849701607
-0.000174558318953
0.000952538629939
0.001634560141527
0.001997467689776
0.002235363678515
0.002508368489868
0.002805340685801
0.002872685817080
0.002412514157519
0.001287070395409
-0.000340266630392
-0.002009444866392
-0.003296003819407
-0.004024259081063
-0.004079634233887
-0.003319376596598
-0.001744420060081
0.000396699548490
0.002660850150096
0.004540032448705
0.005629232256143
0.005792285523320
0.005215048031229
0.004307795936216
0.003555141950315
0.003230885536094
0.003064660455701
0.002473818179876
0.001258189809541
-0.000236338171857
-0.001558959069945
-0.002528495202350
-0.003306674300202
-0.004117773603980
-0.004876903378442
-0.005181207107394
-0.004563737397351
-0.002796944237658
-0.000166152093231
0.002542036373387
0.004348969744185
0.004579995879969
0.003324982265821
0.001275270875145
-0.000863596785277
-0.002673418665769
-0.004051163217922
-0.005008284463857
-0.005399821692407
-0.005044960191411
-0.003975268465153
-0.002382554077408
-0.000560298523371
0.001033936701289
0.001997441386418
0.002331285755358
0.002337877306803
0.002274929181072
0.002287221715697
0.002456215607488
0.002697951977103
0.002724987489090
0.002258031374638
0.001245921090962
-0.000060302634862
-0.001146401839608
-0.001583147606028
-0.001444141737408
-0.001194076944641
-0.001236828225171
-0.001600406223345
-0.001961299815184
-0.002054007327482
-0.001939646889242
-0.001798881115281
-0.001756791301905
-0.001841760103140
-0.001823369466646
-0.001331835989367
-0.000327412767963
0.000785358966283
0.001554513804162
0.001822715440033
0.001718353473425
0.001582419502207
0.001902329586105
0.002924672147342
0.004306369142178
0.005408711653159
0.005804978893308
0.005418056408974
0.004416120150181
0.002987766051290
0.001129019592765
-0.001195759877814
-0.003700089199064
-0.005748543497567
-0.006702949012305
-0.006309123873349
-0.004765535248959
-0.002613214134462
-0.000688029903180
0.000268144292700
0.000116968675144
-0.000788146696991
-0.001953079166429
-0.002960654461592
-0.003649067183200
-0.003926225797645
-0.003555115710864
-0.002469041565344
-0.001016266127599
0.000330003293236
0.001308076692903
0.001905404479158
0.002245848097949
0.002442672289540
0.002447231610022
0.002107980569430
0.001525967392613
0.001194178573795
0.001551158744317
0.002560548300021
0.003812499267767
0.004782651992722
0.005037370056802
0.004381317525365
0.002892919911121
0.000968684067022
-0.000820990718420
