-0.000145387839864
0.000076877033194
0.000082860013678
-0.000152691289791
-0.000518500650287
-0.000791887950091
-0.000815699875255
-0.000603865432727
-0.000249666584198
0.000110403450415
0.000315859092606
0.000320842029211
0.000231427894894
0.000181848326422
0.000208313577237
0.000236222857548
0.000229413577952
0.000266484171469
0.000387847091030
0.000499162797102
0.000499773468040
0.000405257488242
0.000298583241924
0.000199890191428
0.000037897915767
-0.000185670986172
-0.000309047620148
-0.000184674869054
0.000146887504155
0.000436648518024
0.000426691903059
0.000118704466086
-0.000305031305260
-0.000670551374494
-0.000801358174617
-0.000638806627922
-0.000354327379038
-0.000122340963193
0.000033263874979
0.000128402471927
0.000119960681281
-0.000046433424516
-0.000274527712604
-0.000392374274804
-0.000411477298161
-0.000448731267417
-0.000521755579141
-0.000555252264768
-0.000399695831027
0.000094716476906
0.000881077950115
0.001631553675837
0.001858146563423
0.001271551048400
0.000101896477483
-0.001082954585815
-0.001760765058846
-0.001659300184544
-0.000899856031000
0.000100585804670
0.000974927203294
0.001550108407984
0.001766307323400
0.001555987779712
0.000843886546544
-0.000210190411345
-0.001177210039684
-0.001704811439529
-0.001681053237814
-0.001161803752745
-0.000322127198786
0.000608894560158
0.001380836568045
0.001768645033690
0.001659221221970
0.001018106853806
-0.000054823897463
-0.001174545007418
-0.001906000234549
-0.002079675435345
-0.001678296584810
-0.000762614747409
0.000429504114855
0.001576217996539
0.002356852310475
0.002460303309339
0.001730882761239
0.000328494696732
-0.001293333855271
-0.002589853689820
-0.003117573908288
-0.002631089166958
-0.001236487228404
0.000537629858326
0.002008356245806
0.002653555143664
0.002257126904804
0.001062854869289
-0.000285285008432
-0.001165191263365
-0.001338059995837
-0.000982525831029
-0.000422681020911
0.000136747320550
0.000578803449328
0.000825027091054
0.000864287658209
0.000706694449150
0.000383424900562
-0.000089691327351
-0.000731753180597
-0.001358984882594
-0.001548622025365
-0.001041211439983
-0.000010135863282
0.001036445767899
0.001620843568865
0.001642835869518
0.001269425942076
0.000654069574838
-0.000067928043806
-0.000703832825687
-0.001018054426167
-0.000856760192877
-0.000312271413888
0.000343149806669
0.000851710475178
0.001034386435462
0.000869634274428
0.000531603394189
0.000222947323229
0.000021109389601
-0.000179286525990
-0.000544734405315
-0.000980323639725
-0.001125029180683
-0.000729421188793
0.000128539062836
0.001057676502685
0.001516368343652
0.001170288301154
0.000108084463288
-0.001230198502974
-0.002230320767172
-0.002432278985436
-0.001788968437495
-0.000605419852913
0.000586579243247
0.001214142461447
0.001024878798637
0.000278059365496
-0.000443117202706
-0.000683752139819
-0.000457436693653
-0.000061477060216
0.000232062384147
0.000265536857368
0.000140441395342
0.000114874727512
0.000231233820266
0.000350114874266
0.000367961350442
0.000214382291019
-0.000101438216008
-0.000452727939050
-0.000698723480881
-0.000762719757877
-0.000672300244506
-0.000523421596022
-0.000393706891755
-0.000308333803403
-0.000208781347230
-0.000030256173074
0.000174853099460
0.000315267471297
0.000332647855000
0.000160840256312
-0.000199904913367
-0.000610777293393
-0.000859556800069
-0.000781519787262
-0.000404838187417
0.000100222336696
0.000615422516295
0.001040121129368
0.001251463186784
0.001216211467626
0.000949984643367
0.000454551103017
-0.000194092090430
-0.000804046217842
-0.001130199156005
-0.001033116606102
-0.000628570659614
-0.000168242171795
0.000164803627250
0.000287574278980
0.000250397204524
0.000179460044329
0.000093841954466
-0.000052808215611
-0.000284288935216
-0.000592826150091
-0.000819348274895
-0.000754871008417
-0.000389764629733
0.000114915941965
0.000503532962147
0.000524691529835
0.000138495474492
-0.000496820205246
-0.001127155409841
-0.001417186293032
-0.001152401832305
-0.000476872624370
0.000170053189380
0.000383047509104
0.000136157317502
-0.000277533807983
-0.000605619187761
-0.000741818341826
-0.000699643377471
-0.000587104224352
-0.000408472075130
-0.000090998810082
0.000300510997092
0.000664945955395
0.000924998659529
0.000954583092494
0.000727515859234
0.000333387437995
-0.000112679846139
-0.000375552738885
-0.000252617338475
0.000135731135861
0.000465316341452
0.000515096882284
0.000287063088806
-0.000115546846741
-0.000619177788359
-0.001086910113544
-0.001366327396888
-0.001448534555550
-0.001283251447309
-0.000781751741416
-0.000145877308554
0.000280588335046
0.000363876395676
0.000148052981050
-0.000218451357936
-0.000511194732439
-0.000567267141201
-0.000358838972061
0.000010745225511
0.000331265271350
0.000329484267485
-0.000200775415532
-0.001117600042146
-0.001871605029266
-0.001907746647397
-0.001065029489127
0.000325289413758
0.001583343391954
0.002174208507752
0.002085918362561
0.001564272895824
0.000857185376076
0.000249713290467
-0.000085985736183
-0.000186137832113
-0.000140757824208
-0.000037744931751
-0.000034834777819
-0.000326124974764
-0.000909145932246
-0.001475902517438
-0.001664767076211
-0.001274510326325
-0.000364196669540
0.000676733738711
0.001414816519516
0.001666134555057
0.001383881207618
0.000626975831536
-0.000344484091556
-0.001221041466356
-0.001772566350472
-0.001833239251992
-0.001392407457250
-0.000667330993492
0.000022495079698
0.000472738019948
0.000648031663238
0.000583873042726
0.000415631873425
0.000352340318920
0.000432245132995
0.000515339740357
0.000533400661554
0.000494520530177
0.000357653652217
0.000094091190494
-0.000247172044878
-0.000575131015968
-0.000836424139543
-0.001064984530234
-0.001251548952515
-0.001266345671956
-0.000995139157671
-0.000393679447920
0.000479838597581
0.001387230561237
0.002028270586406
0.002178643584161
0.001723537337403
0.000761700898607
-0.000379495975175
-0.001263395520110
-0.001484366214199
-0.000960455904108
-0.000082344260948
0.000553792432291
0.000498777532861
-0.000195646744282
-0.000937938358859
-0.001213843626082
-0.000977833072713
-0.000408722207492
0.000250704422442
0.000739738498954
0.000940441475982
0.000934274312575
0.000907055857855
0.000954747119692
0.000947397154014
0.000676459805739
0.000084002586486
-0.000657396544799
-0.001213235768833
-0.001350707204384
-0.001090795031750
-0.000554090606857
0.000112865059412
0.000713425831276
0.001034968308545
0.000894319282001
0.000358623024180
-0.000187309632576
-0.000496383889230
-0.000685653048773
-0.000876979588953
-0.000993194355170
-0.000914010936468
-0.000581956482169
-0.000017537497221
0.000573506656455
0.000784563154268
0.000388388620812
-0.000333623459724
-0.000904961513469
-0.001052287536844
-0.000681289426470
0.000072293525174
0.000774387821315
0.001004707820366
0.000630456644653
-0.000157667178689
-0.000872388617541
-0.001045085027796
-0.000629088529555
0.000052123804474
0.000591575747542
0.000772239420049
0.000777296657056
0.000950056729634
0.001331644073237
0.001599679239744
0.001399008917743
0.000693568221621
-0.000228506628783
-0.000956104229199
-0.001080232217602
-0.000484922656694
0.000461794776206
0.001233755556554
0.001474927258423
0.001103369937240
0.000377837608060
-0.000293700712944
-0.000653450257368
-0.000646277104588
-0.000371651527658
0.000026286399650
0.000470088114154
0.000855322522446
0.001013266661368
0.000843602370772
0.000390941660005
-0.000187145612858
-0.000739950934658
-0.001121126116022
-0.001101660614653
-0.000538256006618
0.000451467968615
0.001549707403015
0.002312730516243
0.002361316662419
0.001642726068680
0.000384977263731
-0.001048128692058
-0.002220196931617
-0.002796747221200
-0.002627009986474
-0.001693740191613
-0.000213566753986
0.001316532430401
0.002338120561025
0.002496323124099
0.001793593113370
0.000561428992751
-0.000711736101168
-0.001521592350379
-0.001543431541668
-0.000839107480213
0.000196669636393
0.001039187288516
0.001301944671649
0.000990879536435
0.000377781649971
-0.000313668144242
-0.000960731950235
-0.001469233678233
-0.001767147057891
-0.001834282784570
-0.001668253723190
-0.001169855864318
-0.000241098948320
0.000954328253140
0.002014795303244
0.002518197301082
0.002221352221046
0.001226757480006
-0.000083393562579
-0.001210636491348
-0.001655174208942
-0.001247300405430
-0.000345304631913
0.000535299604546
0.001070424031544
0.001148741125279
0.000912001134168
0.000635447972821
0.000434601563655
0.000238900297552
-0.000034321630599
-0.000364398834536
-0.000612347361380
-0.000582218166960
-0.000164440440648
0.000426307363581
0.000711926421984
0.000452326764764
-0.000162343533478
-0.000789822099662
-0.001104811838942
-0.000929471045777
-0.000417039347144
0.000060497093973
0.000220983354672
0.000052816947298
-0.000227731287111
-0.000423553245560
-0.000501984248255
-0.000459420317371
-0.000228448481670
0.000218263108964
0.000751378100800
0.001107212451226
0.001126869935563
0.000953015520500
0.000818919003281
0.000728540343571
0.000485906592694
-0.000020684072025
-0.000626141984170
-0.001052747880407
-0.001172633455550
-0.000975142521754
-0.000529383058600
-0.000064336384421
0.000175246653329
0.000143315428975
-0.000012575504605
-0.000111441269460
-0.000096966272003
0.000003955955442
0.000183782416548
0.000394596890661
0.000592876378483
0.000828403083890
0.001068056043568
0.001124171145821
0.000879634568701
0.000375877400177
-0.000263637556469
-0.000836278624296
-0.001108479899897
-0.000962373656007
-0.000524182956315
-0.000072916309277
0.000277021518322
0.000580912212684
0.000795885819549
0.000795677460303
0.000490257558266
-0.000095753470395
-0.000705246470609
-0.000979125419339
-0.000757470353233
-0.000181388772187
0.000467168927398
0.001030175713255
0.001466124024449
0.001651744085069
0.001498912435459
0.001112079081745
0.000662195370971
0.000289684632165
0.000030706668164
-0.000195958683686
-0.000393436807337
-0.000506197533952
-0.000586821813460
-0.000645215583942
-0.000548814427381
-0.000207744600652
0.000293526690920
0.000690224201145
0.000696782757093
0.000248213086952
-0.000463588608869
-0.001127941305351
-0.001558546689592
-0.001821254693173
-0.001979507587484
-0.001916194891651
-0.001529050666940
-0.000849209794498
-0.000003604918780
0.000783029294306
0.001308195615381
0.001520228523394
0.001442854381814
0.001117596732266
0.000621652791054
0.000078381955438
-0.000341542516226
-0.000519902058286
-0.000435743015816
-0.000085256522157
0.000434249124818
0.000851026194634
0.000898257628770
0.000482056139896
-0.000214770637086
-0.000755583347611
-0.000763004536779
-0.000198595639228
0.000617113790786
0.001172752374932
0.001159370365585
0.000734546927842
0.000275043341789
0.000021689680125
-0.000069575550813
-0.000284161539790
-0.000809828485199
-0.001476922857209
-0.001905865589519
-0.001751534859042
-0.000908332637382
0.000372485482942
0.001572431729974
0.002127675480675
0.001758356874877
0.000627534430084
-0.000827946993630
-0.002027935691414
-0.002412689450109
-0.001799361727473
-0.000552250306715
0.000619328177321
0.001121113361607
0.000908060714371
0.000404763064634
0.000001845385522
-0.000196323930785
-0.000285255495481
-0.000406835240656
-0.000532100624754
-0.000434366391843
0.000002746707759
0.000607393809674
0.001064111446458
0.001103029266455
0.000652177496309
-0.000084843004259
-0.000754401765313
-0.001122860476191
-0.001188756447289
-0.000970211810566
-0.000427999638587
0.000311469424338
0.000996288188811
0.001445280590843
0.001529796933636
0.001193445917462
0.000482797001888
-0.000478535771500
-0.001395122999029
-0.001889033000168
-0.001804162983666
-0.001266621574869
-0.000537931269646
0.000153752433182
0.000688520607388
0.000938627497904
0.000791259972516
0.000325719608355
-0.000227958473900
-0.000621176232543
-0.000713055689931
-0.000565407104440
-0.000234262424676
0.000339880721202
0.001022774675978
0.001442572279487
0.001299091721036
0.000533997767417
-0.000580380608704
-0.001529677584529
-0.001884558860128
-0.001524350538813
-0.000677146361958
0.000267088580195
0.001017196380615
0.001384116674758
0.001325303773499
0.001020614707554
0.000598779768017
0.000051774125824
-0.000501593431183
-0.000835217581628
-0.000781628067761
-0.000327300127465
0.000259553613106
0.000590537587814
0.000480672895823
-0.000043839583659
-0.000804918111536
-0.001441347831036
-0.001579244404042
-0.001083642460450
-0.000118471907319
0.000966541462217
0.001790854665418
0.002068121570344
0.001761213608324
0.001130545215711
0.000507822898725
0.000081236610834
-0.000142068798883
-0.000315199328339
-0.000561608162622
-0.000791602256729
-0.000879192371603
-0.000823575331469
-0.000648678134597
-0.000406283035335
-0.000216027152425
-0.000152011609455
-0.000152063865161
-0.000080098449663
0.000070597520549
0.000155289377435
0.000112102835442
0.000029938638301
0.000085412969778
0.000389712932231
0.000689318070299
0.000562294310530
-0.000005052882783
-0.000651160821731
-0.001064602534943
-0.001151019605002
-0.001026612297530
-0.000857381031892
-0.000692794992658
-0.000531364297318
-0.000351352201468
-0.000079031224467
0.000325880468062
0.000839774943399
0.001372260662161
0.001712859364627
0.001616994164360
0.001040152858009
0.000297163337494
-0.000195121409324
-0.000373972262005
-0.000424194161931
-0.000390737639588
-0.000223400644670
0.000077934401675
0.000494686358232
0.000933124988757
0.001180559163142
0.001056743239705
0.000585339074736
0.000003328275606
-0.000413405512617
-0.000519611476186
-0.000310308209774
0.000054376310765
0.000282898817692
0.000233738796603
0.000013684870242
-0.000231856238608
-0.000400785112921
-0.000460030724578
-0.000444147553959
-0.000328288951538
-0.000159768787982
-0.000163580113842
-0.000381684389324
-0.000591758365937
-0.000643508731219
-0.000483051038583
-0.000079269422177
0.000469311576343
0.000935247631903
0.001082882897747
0.000832917281856
0.000340416333642
-0.000109671130599
-0.000210622073043
0.000179085421136
0.000824555305069
0.001323789196314
0.001433811664938
0.001069259670677
0.000364415760285
-0.000301479458008
-0.000635476866439
-0.000617699337600
-0.000400066350801
-0.000149368758579
0.000083652997859
0.000257703011672
0.000232301859943
-0.000095299717383
-0.000671957441058
-0.001261740415325
-0.001569891712341
-0.001464461954572
-0.000959547147733
-0.000161604159566
0.000680610382259
0.001344648209500
0.001724925707122
0.001689427919366
0.001178761341479
0.000320643219482
-0.000657296035663
-0.001373202118581
-0.001420489541220
-0.000799873122308
0.000063824908856
0.000722764418849
0.000944922536868
0.000738891827871
0.000280977541212
-0.000250269107780
-0.000740827981354
-0.001035873353405
-0.000925383475222
-0.000337626379021
0.000542203363995
0.001392813167570
0.001895781534302
0.001839841584119
0.001236146284230
0.000296969783297
-0.000673941709020
-0.001389126431556
-0.001727145308879
-0.001744196582377
-0.001481572479453
-0.000943730593217
-0.000261967210584
0.000328892588884
0.000631226163175
0.000609210273526
0.000411170189547
0.000138123678091
-0.000221667494142
-0.000552078074913
-0.000637294013336
-0.000408801172604
0.000022826801283
0.000522641547185
0.001030967617855
0.001418144523640
0.001388604018077
0.000806217695243
-0.000060559615010
-0.000803223882491
-0.001211905763417
-0.001308254327913
-0.001102227373349
-0.000472896320294
0.000502007542303
0.001350056837600
0.001582693456274
0.001097874758535
0.000225931571012
-0.000532445249589
-0.000894580245820
-0.000892866506619
-0.000689786756507
-0.000433847677534
-0.000148363981109
0.000205444285724
0.000488047781371
0.000491608060026
0.000239062761147
-0.000087247852858
-0.000317222634938
-0.000341886635343
-0.000162231934019
0.000131621734077
0.000392800309435
0.000479833350338
0.000373508582479
0.000141944238919
-0.000137224186539
-0.000362138621289
-0.000474650863069
-0.000489352452896
-0.000357928847923
0.000005768790398
0.000550800016614
0.001088301848428
0.001431294504825
0.001512575887317
0.001324972397536
0.000813936980559
0.000031585004632
-0.000737199104169
-0.001120061260832
-0.000869791848880
-0.000119980418009
0.000592902605932
0.000781970614567
0.000393900960977
-0.000232425166939
-0.000645589384848
-0.000644647682071
-0.000425880964165
-0.000329601747211
-0.000499029113799
-0.000741659853116
-0.000677683542930
-0.000110464354011
0.000729678759207
0.001294795283219
0.001147023687719
0.000413966560844
-0.000350279615180
-0.000736097183739
-0.000646589037430
-0.000166848129300
0.000468994511037
0.000963484411875
0.001084314108202
0.000786146692037
0.000295084378961
-0.000036915534087
0.000040501958187
0.000513434748125
0.000994042847358
0.000995722917072
0.000461739820663
-0.000172674236935
-0.000411762221550
-0.000132750994912
0.000287622844216
0.000339941021199
-0.000111168203370
-0.000773994531287
-0.001207797690133
-0.001143410653682
-0.000688161186384
-0.000138024261268
0.000322315050312
0.000614826921062
0.000670283142985
0.000449113269419
0.000028969099022
-0.000389234746113
-0.000634425345076
-0.000663062532622
-0.000550465566751
-0.000455335840200
-0.000444524256997
-0.000389105086854
-0.000153712455718
0.000254510388031
0.000707468471705
0.000969103402112
0.000879669450959
0.000566829662003
0.000240974659802
-0.000022941937898
-0.000202666842726
-0.000306438075003
-0.000384967531400
-0.000472286065624
-0.000580565285687
-0.000680830288908
-0.000718398939267
-0.000660553683053
-0.000441453411252
0.000013186671635
0.000692711299793
0.001431251209246
0.001838190192445
0.001574436562840
0.000715956318184
-0.000364794553569
-0.001265580091121
-0.001716299044815
-0.001662925920502
-0.001197305792137
-0.000535958741363
0.000050828005340
0.000511892481942
0.000942009156085
0.001199360984744
0.000988549154822
0.000252888896701
-0.000714350567282
-0.001469019355464
-0.001741175930319
-0.001547218109778
-0.001022902197617
-0.000329084709169
0.000324678623208
0.000679027903176
0.000531907336469
-0.000017948646723
-0.000562622545060
-0.000729321956934
-0.000372934860525
0.000403368750907
0.001226939569590
0.001712267666901
0.001759875058283
0.001448062861366
0.000839475618931
0.000049139301315
-0.000686601476433
-0.001130508818916
-0.001170528237585
-0.000851020951459
-0.000365099581738
0.000036605626993
0.000259316037297
0.000387825747520
0.000441990447732
0.000344001961390
0.000028912100574
-0.000535809295481
-0.001157431698960
-0.001412747420061
-0.001101351548691
-0.000426353507129
0.000241605679265
0.000551304261548
0.000343359575758
-0.000211027198386
-0.000712519894679
-0.000775553137716
-0.000290886769772
0.000411764959543
0.000803871131010
0.000663656628070
0.000260859250406
0.000029885112880
0.000150775709586
0.000489592853144
0.000742664137928
0.000573978006466
-0.000081047252170
-0.000855520251741
-0.001294906560444
-0.001193467302443
-0.000583538390664
0.000324892169340
0.001224237370889
0.001840303789719
0.001960313181293
0.001469097596388
0.000501669589318
-0.000478062335133
-0.000987537533341
-0.000959514846027
-0.000592830236518
-0.000027369471802
0.000520818827773
0.000765979604807
0.000596983784942
0.000028899408739
-0.000763196923019
-0.001373198109892
-0.001577947707748
-0.001484878316172
-0.001113552321603
-0.000439775472431
0.000265382951824
0.000602402796972
0.000340725226250
-0.000537405451653
-0.001834079257331
-0.003054726057905
-0.003549582844350
-0.003020777733132
-0.001731823417652
-0.000174618291891
0.001199102850832
0.002132566151426
0.002703879995928
0.003067113745498
0.003169005440174
0.002966981626795
0.002518693710882
0.001757025494251
0.000588314287672
-0.000854283610922
-0.002171324500018
-0.002798743935818
-0.002311879998298
-0.000730732600335
0.001497503795282
0.003761711412850
0.005560214888900
0.006502326001500
0.006277078053328
0.004948668835036
0.002982339973170
0.000866334571105
-0.001048866268878
-0.002665793617608
-0.004182674335498
-0.005721696685427
-0.007125397455533
-0.008175538559195
-0.008702612522833
-0.008529799203854
-0.007499433100919
-0.005552349118334
-0.002778925790182
0.000523407537030
0.003741768058769
0.006029529010974
0.006773713803427
0.005960393808181
0.004162822672494
0.002335402011021
0.001232283215808
0.000874118645737
0.000756970667088
0.000305062285161
-0.000849503100717
-0.002590589712468
-0.004332469026144
-0.005390617194667
-0.005243345138795
-0.003672944046839
-0.000925523616648
0.002390979550616
0.005754872117605
0.009059837347913
0.012240735293723
0.014445540511515
0.013854299263900
0.008738891244516
-0.000662439435432
-0.010958033311273
-0.016947302992782
-0.015110762891394
-0.006389611450580
0.004026090224800
0.009914765894211
0.008165933348279
0.000683263207397
-0.007342872317463
-0.010935081092034
-0.008066547454183
-0.000438935528763
0.007825017759626
0.012564710170085
0.011436028404591
0.004500653625229
-0.005979698599535
-0.016113382503058
-0.021618709980352
-0.019580289226576
-0.009818473779430
0.004649138127796
0.018397018260206
0.025969047596626
0.024840462279018
0.016690224443341
0.005864241840490
-0.003497206060095
-0.009263778684683
-0.011299551441936
-0.010575908969081
-0.008271763076611
-0.005333936601101
-0.002681253619087
-0.001280611473467
-0.001641679806383
-0.003449972815397
-0.005508183860053
-0.005843530873383
-0.002592010242277
0.004405245393515
0.012624448128232
0.017800541806037
0.016424872260747
0.007584154411058
-0.006938020416222
-0.023159911910341
-0.035462131398682
-0.037958516800944
-0.027249341981856
-0.005541815090277
0.018928654789594
0.035888605827734
0.038750471174307
0.027855406967086
0.009507424342159
-0.007811995350611
-0.017205088658524
-0.015442531989299
-0.003678418898007
0.012895290442035
0.026846123129171
0.031679713284302
0.024994674272669
0.009439462000260
-0.009005407673312
-0.023561325717917
-0.028790554079125
-0.022580748294089
-0.007416325971681
0.010151542843079
0.021853005523252
0.021218863383122
0.007251656683260
-0.014019118854266
-0.032490214943262
-0.040015757835597
-0.034473135310591
-0.019474924780777
-0.001794689560264
0.011496292215388
0.015738326202597
0.010622474172980
0.000474924589305
-0.007787721623946
-0.008560729795801
-0.000703832275338
0.012460241825872
0.025661715785667
0.034259299489907
0.035412183103412
0.028359078573709
0.014772714732338
-0.001364134026195
-0.015446277384616
-0.024785648857934
-0.029622199058302
-0.031229166433071
-0.029289911236253
-0.022033899695098
-0.008783398372891
0.008381148064233
0.025096862926482
0.036303447410254
0.038084211761288
0.029328656329189
0.012555861302664
-0.006702284583138
-0.021936131200448
-0.028503549342915
-0.025844914660278
-0.017027203849757
-0.005870893461631
0.005034173506178
0.013984820339784
0.019571964203736
0.020931359027729
0.017971346877524
0.011305391179462
0.002164210792077
-0.007653698000187
-0.015893109921926
-0.020302854876835
-0.019558439400226
-0.014262374608090
-0.007174197000959
-0.001913449705833
-0.000644454559729
-0.002433267378608
-0.003713894816260
-0.000945820381348
0.006559602841500
0.016158885263638
0.023559517224106
0.024862085249598
0.018239595294727
0.004815233541044
-0.011627324885164
-0.025612428115712
-0.031644498902528
-0.026875034974180
-0.013238967157377
0.003213252786187
0.015723975399335
0.020284326428720
0.016887353006520
0.008679695840417
0.000040911407667
-0.005444733137996
-0.006079208491895
-0.002156263575229
0.004245717482287
0.009966472221592
0.012185711751971
0.009882757167558
0.004316697917744
-0.002001050800590
-0.006916894415646
-0.009495128154484
-0.010154777009012
-0.010276261094625
-0.011069732380105
-0.012598754741739
-0.013811427505663
-0.013120681726872
-0.009211665540398
-0.001950947389616
0.007249822508888
0.016016456145812
0.022150722774549
0.024388418714855
0.022284747927447
0.015920705285626
0.006070790413293
-0.005537170182311
-0.016395992845595
-0.024010398585412
-0.026712392121587
-0.023706757757401
-0.014977437927887
-0.001673918322043
0.013659492853809
0.027305973570650
0.035079977399702
0.033716136148103
0.022376417712200
0.003289199524620
-0.018880347709355
-0.038466738684267
-0.050202737272579
-0.050400477062665
-0.038157868490862
-0.016100317293305
0.010046149867433
0.033072843197098
0.046716456670666
0.047981730944399
0.038090086607105
0.021630620966528
0.004431593601878
-0.008767570206968
-0.015648600876556
-0.016405720576584
-0.013006250636743
-0.008161708723837
-0.004565539818467
-0.004168097460336
-0.007302653056177
-0.012335762899516
-0.016269197614218
-0.016298652190954
-0.011643512057143
-0.003948696285840
0.004177560326463
0.010924489098327
0.016052031352918
0.020194807211924
0.023175033947669
0.023243720662311
0.018189950979453
0.007115060147377
-0.008317930201447
-0.023821377961724
-0.033917806637500
-0.034192722623613
-0.023512907762511
-0.005336364659865
0.013282823076358
0.025229515518516
0.027331357903614
0.021772261284423
0.013585170995194
0.006655244484231
0.001890924688526
-0.001673984181881
-0.004827335085244
-0.007423147589246
-0.009299321093893
-0.011035853208771
-0.013267725252927
-0.015527745569143
-0.016158490337410
-0.013586400250018
-0.007736292187409
-0.000200623291802
0.006710203252088
0.011110358197464
0.012396828302415
0.011415385286891
0.009781636137135
0.008705487055277
0.007953253898401
0.006210486684940
0.002949191533635
-0.000646293042029
-0.003176416937827
-0.004942371421229
-0.007627489796991
-0.011961152362230
-0.016121414545413
-0.016563093819085
-0.010269406833646
0.003030460821296
0.019519148906642
0.032167702940832
0.034527770871719
0.025112750209239
0.008548908125575
-0.007677401120411
-0.018143131422869
-0.022120497438571
-0.022162802600092
-0.020596893265289
-0.017841670303592
-0.013729317906512
-0.008774708044188
-0.003393985581565
0.002938337019885
0.010705645244570
0.018640956249803
0.023558567036838
0.022569301270284
0.015698244033745
0.005824660716806
-0.003897529849428
-0.011739168226841
-0.016698017244044
-0.017563727002977
-0.013679716231674
-0.006353068969872
0.001226691443574
0.005994628879615
0.007117469921290
0.005984751122400
0.004329142692741
0.003054800782648
0.002702273025594
0.003766146692365
0.006158192808420
0.008854289435297
0.010092064724188
0.008059673264912
0.001958813769271
-0.007304638420045
-0.017391586475715
-0.025517376388573
-0.029295624006701
-0.026947527188656
-0.017573589228881
-0.002030632810036
0.016160970721112
0.030935834300990
0.036069254216199
0.029086910102677
0.013114333960322
-0.005160896229394
-0.019373454357200
-0.026441066671741
-0.027045359758251
-0.023711802749521
-0.018416411020126
-0.011693145768802
-0.003269439046077
0.006830220588477
0.017373740236364
0.025898467053881
0.030059101204572
0.029027890550211
0.023514788497451
0.015311277080979
0.006929925966673
0.000420411523978
-0.003820091487141
-0.006680139218126
-0.009005228239513
-0.010667357329771
-0.010772662914731
-0.008910614310895
-0.005857156167693
-0.002668073712871
0.000428750636364
0.003796851097298
0.007201886483679
0.009249850993353
0.008553763881760
0.005584239684995
0.002802025978027
0.002515034546717
0.004536703904359
0.005810106914106
0.002357186315372
-0.007725764240308
-0.022196311608399
-0.035261526021210
-0.040836383302323
-0.035896802524988
-0.021655925942062
-0.002771194761020
0.014701793416591
0.025952040718543
0.029095362619240
0.025061856921393
0.016573892536928
0.007092389254696
-0.000207235727091
-0.003304566508160
-0.001788205557984
0.002939751668783
0.007781585534950
0.009124256133152
0.004945374812230
-0.003650601312778
-0.012556054670187
-0.016620451668837
-0.012913996212731
-0.003016262042042
0.008017951803249
0.015005784789232
0.015468061342858
0.010439716900468
0.003050815199845
-0.003946709311214
-0.009534500132003
-0.013750443035943
-0.016028363152325
-0.014411443830167
-0.006967194472620
0.005460030979410
0.018245115569856
0.025543171916600
0.024296786049259
0.015933547769345
0.004416166440596
-0.007202428788613
-0.018319135034454
-0.028824895126778
-0.035969946969569
-0.034611232154735
-0.021695137389914
-0.000257501818177
0.021422496131135
0.034797418019182
0.035874467221508
0.026417933269051
0.011788744276537
-0.002223320013386
-0.011916497540670
-0.016483462575538
-0.016934968087931
-0.014531079483138
-0.010146811867664
-0.004718046712721
0.000376014663530
0.004002885083194
0.006168432108008
0.007817887653421
0.009859794889880
0.012283767139831
0.013641952262209
0.011288047362676
0.003225948494580
-0.009128532824153
-0.020472942025824
-0.025021765793318
-0.020536794015230
-0.009142478006524
0.004745789394941
0.016735450627745
0.023606106531769
0.023775904812957
0.017834563700683
0.008589108671414
-0.000233545792159
-0.006079258135101
-0.008764445341466
-0.009553294711698
-0.009119151498158
-0.006934369782171
-0.002642159754453
0.002678572016472
0.006909240181448
0.008425529798091
0.007081751613973
0.003777190626567
-0.000277691200881
-0.003603159166323
-0.004620202314644
-0.002685997630623
0.000829576761432
0.002899712464299
0.001182590540828
-0.003518015245339
-0.007552874007519
-0.007488843822792
-0.002987957160998
0.003007650462782
0.006673472494435
0.005971542199428
0.001606833621744
-0.003844616876016
-0.007509195995161
-0.007519728482100
-0.004065137135103
0.000228111661129
0.002038538270460
0.000425989280044
-0.002245611435244
-0.002597466266169
0.000768263507024
0.005992958826578
0.009420929237991
0.008644084603369
0.004128343808087
-0.001662184843876
-0.006047020063132
-0.007542492289335
-0.006432930477997
-0.004200837141488
-0.002285925776592
-0.001128626953500
-0.000095821190588
0.001853919534436
0.005113068811287
0.008285803824787
0.008566849716167
0.004479749787115
-0.002106996129543
-0.007421175418351
-0.008879665067398
-0.006764445783265
-0.003314003725834
-0.000378396398532
0.001701091585790
0.003145535574860
0.003746374405751
0.003307636317484
0.002602944004537
0.003032444781351
0.004846690625982
0.006184072186239
0.004598974604611
-0.000195556184719
-0.005327574534857
-0.007108914321618
-0.004507773973800
0.000156390016175
0.003683661983523
0.004626039853873
0.003745307242867
0.002205164712223
-0.000290782241949
-0.004997182753422
-0.011901323448365
-0.018402914698957
-0.020438163933552
-0.015384060458399
-0.004211215977754
0.008953041866758
0.019111405892130
0.022842637939513
0.019530339715447
0.010947824803346
0.000296733846272
-0.008605364613236
-0.012529664144852
-0.010494003799200
-0.004771947914297
0.000391067648578
0.002142657930437
0.001029808971805
-0.000652051716920
-0.001566326402743
-0.001575207320827
-0.000165579821761
0.003726404025293
0.009775944225371
0.015119622946918
0.016279708258328
0.012362218677456
0.005875863714865
0.000148393166525
-0.003725120523741
-0.007035335224794
-0.011306671419295
-0.016604664191219
-0.021062201912293
-0.021540589969267
-0.015685453036858
-0.004142338245219
0.009015731558539
0.018225147259351
0.019693353594102
0.013771265522747
0.004474039194818
-0.003624023971115
-0.008348102466170
-0.009943822428169
-0.008896113577609
-0.004831077900792
0.002376924492810
0.011162135217750
0.018308458927379
0.020549995241801
0.016355434319003
0.006840820519882
-0.004340929455107
-0.012795867141010
-0.016336710480775
-0.016094037121703
-0.014539453322047
-0.012765453390381
-0.009756670290639
-0.004219894302805
0.003108606293153
0.009249444973734
0.011013013532176
0.007547260967126
0.001396788857717
-0.003261407609434
-0.003988975989642
-0.001799070407644
0.000435878044249
0.001141672909344
0.001327446030137
0.002620859740318
0.004822998657001
0.006167847756246
0.005510687153859
0.003493129113284
0.001661329293213
0.000969168571087
0.001185058960453
0.001486855733840
0.001658988362452
0.002443019170391
0.004228996834930
0.005976732379008
0.006166876673134
0.004445182414165
0.001950557727536
0.000045011721912
-0.001227715867267
-0.003028100276118
-0.006187001103780
-0.010497681889091
-0.015168417327599
-0.019053140615212
-0.020478158045442
-0.017745710230734
-0.010901279587648
-0.002942234921266
0.002098571162098
0.002878003321032
0.002139984545900
0.004255496263652
0.011208775435796
0.020543105923743
0.026946533931673
0.025968839754545
0.016966389231860
0.003320228437826
-0.009739844191973
-0.017443144254721
-0.016890226813846
-0.008375744395956
0.004033560819312
0.014248055052340
0.017536030425391
0.013106695887788
0.003981986212342
-0.005683935283525
-0.013194699977757
-0.017551362607015
-0.018211207580242
-0.014576609906087
-0.006909545130500
0.002553917152380
0.010053877684596
0.012683685596870
0.010757218424202
0.007312367716070
0.004641755699948
0.001967436854293
-0.002778796913279
-0.009773416940466
-0.016616574900891
-0.020081058238568
-0.018016101282505
-0.010231753948649
0.001381776403354
0.013198903384017
0.021219145369759
0.023420137860664
0.020929762443226
0.016266175541229
0.010602861672273
0.003495801936630
-0.004756051118484
-0.011524105986172
-0.013542121915178
-0.010181944366238
-0.004458981686101
-0.000495166445143
-0.000343525984041
-0.003310494835541
-0.007291568714289
-0.010109418392096
-0.010443640415441
-0.008367927916128
-0.004958658360930
-0.001255493242862
0.002297982528694
0.005452334435333
0.007629889904809
0.008202888128315
0.007170030909094
0.005158840590293
0.002606983228307
-0.000669102512749
-0.004657685782630
-0.008169916852812
-0.009249544216226
-0.006746244471987
-0.001457438311118
0.004320911853531
0.008611580762632
0.011063486622902
0.012126720942753
0.011586021503681
0.008803437259227
0.004031167115117
-0.001189209176849
-0.005117619683229
-0.007421476951347
-0.009462831688365
-0.012638227572365
-0.016441212749752
-0.018119637651292
-0.014477086847368
-0.004715043564673
0.008301512009233
0.019756004806228
0.025776356296537
0.024950473049890
0.018157947002414
0.008117232769338
-0.001239268321603
-0.006637884114639
-0.007410486471550
-0.005237154098030
-0.002464849958248
-0.001070279822282
-0.002190785043891
-0.005506507381157
-0.009080710754122
-0.010563932665261
-0.009120521670634
-0.006175898325212
-0.004295874987118
-0.005141560965533
-0.007613675299838
-0.007865390197436
-0.002318752112132
0.008541747859193
0.019430587602175
0.023876159184824
0.019456396449800
0.009772569730108
0.001244049796197
-0.001866944152487
0.000055504057147
0.003083901020280
0.002942733343862
-0.002234730340366
-0.011270220865242
-0.020959388955081
-0.027376199970172
-0.027099787976973
-0.018876587696763
-0.005094014167269
0.009015098754158
0.018654025964614
0.022168093892204
0.020756520781925
0.016379556586412
0.010593034718009
0.004932007963229
0.000896145548253
-0.001297050711795
-0.003253046592580
-0.006866382152260
-0.012009764234161
-0.015825192742843
-0.014747941855553
-0.007648360656467
0.002916093316633
0.012364138600073
0.017031890183526
0.016199639506729
0.011925343216814
0.007022351076718
0.003061575072140
-0.000010298465647
-0.003006713100677
-0.006644629585857
-0.010690082054136
-0.013269034150730
-0.012085464659299
-0.007028310448931
-0.000805015965676
0.003246885382842
0.003677126463880
0.001520596732665
-0.001228292413179
-0.003348931716154
-0.004420390768016
-0.003878462392755
-0.001005734626428
0.004132302955389
0.010203665879893
0.015141300137894
0.017132101261445
0.015529870648923
0.011159490033353
0.005506962839872
-0.000313180753896
-0.005592039740046
-0.009742974950092
-0.012426568655770
-0.013492565294996
-0.012916344920618
-0.011127353528386
-0.008962655483080
-0.007102362238806
-0.005651020611754
-0.004039810037139
-0.001617095156653
0.001125807670036
0.002330759635751
0.000533683343333
-0.003345930538189
-0.006353393777863
-0.005940277520994
-0.001592987535308
0.005458531814837
0.012823352702998
0.017304566707369
0.016107359840856
0.008836401113675
-0.001381376186517
-0.009252740073080
-0.010618293340405
-0.005063482782168
0.003991953538148
0.011477107541718
0.013775435166923
0.010774424259989
0.005368893896113
0.000947924264566
-0.001096904203482
-0.002040353534670
-0.004339130769652
-0.009091519061509
-0.014375803483598
-0.016390727403963
-0.012684119083019
-0.003979664657523
0.006731171915174
0.015790949782186
0.019903839802075
0.016971414909802
0.007045259973906
-0.006823368702890
-0.018991645468902
-0.023788356354020
-0.018915130317044
-0.007044410370827
0.006054972444687
0.015557521043443
0.019993344816535
0.020183767229046
0.016863685480637
0.010030822620572
0.000556578815184
-0.008524881363125
-0.013392656341719
-0.012218150184720
-0.006535474711689
-0.000130498604524
0.003609236666182
0.003742338360676
0.001693765770969
-0.000387433904689
-0.001427060847450
-0.002026593035886
-0.003171797693921
-0.004647682361436
-0.005154974948106
-0.003604218868102
-0.000123397490545
0.003780434537644
0.006110043536764
0.005784822338264
0.003117679150966
-0.001028605168474
-0.005997137241722
-0.010874362554636
-0.013771235696566
-0.012417398605023
-0.005863062768621
0.003992783516981
0.012385798587477
0.014226454900808
0.007905754898851
-0.003015715391281
-0.011865933212729
-0.012971027609532
-0.004974689829540
0.008283764788119
0.019519552925139
0.021864277420526
0.013072151416509
-0.002947463456624
-0.018609670695982
-0.027210797229799
-0.026261627153646
-0.017408608387868
-0.003969473787847
0.010637365000466
0.022639426865882
0.028128472260023
0.025073036945412
0.015334729419298
0.003924240228501
-0.004543061214867
-0.008773417180916
-0.010461789240937
-0.011712549222082
-0.012895413873741
-0.012606568158286
-0.009186086052116
-0.002156073975904
0.007005891906871
0.014876842806913
0.017561841223537
0.013413248452212
0.004879220780383
-0.002716238968853
-0.005035080311109
-0.002080529260619
0.002012019924091
0.002744841737078
-0.000815220947461
-0.005660347580092
-0.008179492787383
-0.007648046697358
-0.006716651462896
-0.008788277933631
-0.014427617498094
-0.020008818806669
-0.020096902582765
-0.011338327289467
0.005257744868097
0.024713199427968
0.040395980406540
0.046782328797497
0.041599704596593
0.026588670006502
0.006323163648510
-0.013871942263427
-0.029379883477257
-0.037095688991688
-0.036078969868195
-0.028144494234853
-0.017538242697423
-0.008490116349195
-0.002137468821438
0.003732218494031
0.011607513212068
0.020849334113533
0.027161184054999
0.025712551233727
0.015318071167906
0.000007193546347
-0.013229401376285
-0.018638819432067
-0.014830393458448
-0.005108453594647
0.004669297334113
0.009492770316053
0.007947415524576
0.002281677529672
-0.003857178495654
-0.007672970132046
-0.008074804158811
-0.005415613175195
-0.001139030216306
0.002390303341085
0.002899790380732
0.000001246982230
-0.004212898527353
-0.006691967868094
-0.005630217818126
-0.001465007841130
0.003812827641448
0.008060094902833
0.010091707119937
0.010155860944304
0.009566209992139
0.009599886791099
0.010217643512609
0.009442811927448
0.004597828197935
-0.004887621736333
-0.015932785730774
-0.023347452852830
-0.022931960130349
-0.013819814269378
0.000947157216929
0.015647766127114
0.024391997859660
0.023887476818482
0.014977804304707
0.001904996258251
-0.010208840432675
-0.017939280598660
-0.020393812034190
-0.018248806943802
-0.012805239927854
-0.005836518494037
0.000622259153717
0.005040384510778
0.007307111069991
0.008608984981063
0.009824124823369
0.010520135889221
0.010015489362737
0.008444570090835
0.006215591423336
0.003327307315983
-0.000153888815772
-0.003363623663387
-0.005071764795052
-0.005014300716560
-0.004454623816635
-0.005130695707817
-0.007457171705103
-0.009815752543713
-0.010041655357583
-0.007511755469415
-0.003431850344042
0.000482118274911
0.003322353573332
0.005304632729309
0.006975832254818
0.008298730879738
0.008461790258482
0.006369036414569
0.001697071294502
-0.004130907238975
-0.008352792162160
-0.008617660337666
-0.004583936258969
0.001773003200981
0.007341238415780
0.009595177327977
0.007524054177032
0.001634450868223
-0.006358343568561
-0.013850114203483
-0.017730505184031
-0.015384361922042
-0.006543710717536
0.005389778574352
0.014583930393607
0.016744050341721
0.012624780091810
0.007221838910958
0.005276387948805
0.007552113305516
0.010651284358006
0.009876504998975
0.002841331811404
-0.008857958766128
-0.020634938381641
-0.027252217229083
-0.025309009998805
-0.014845946385057
0.000737936821064
0.015970003920657
0.025167294869694
0.024808460639019
0.015377776718592
0.001186325019378
-0.011915427938342
-0.019501573804739
-0.020202998516529
-0.015187591364113
-0.006731708912442
0.002713578678419
0.011055564370761
0.017100344465271
0.020390015051338
0.020200478228033
0.015464192154447
0.006247612848725
-0.005229695279660
-0.015377816868450
-0.021033605469351
-0.021040541498998
-0.016588721876124
-0.010064431354299
-0.003607241984371
0.001377741830313
0.004041907789356
0.004214329605596
0.002744116548033
0.001269759109630
0.001322215657659
0.003357285825652
0.006286208620388
0.007972320960434
0.006619576263898
0.001983918170777
-0.004462479418649
-0.010208968493855
-0.012787902859852
-0.010886372278131
-0.004894542367616
0.003413712429317
0.011644357250009
0.017403730004361
0.018931016034386
0.015973502814049
0.009967075588104
0.003019419373517
-0.003076666045438
-0.007125142489664
-0.008694749242928
-0.008286933526468
-0.007236200387117
-0.007194956433194
-0.009062617330915
-0.012021420717607
-0.013890780838738
-0.012842049700664
-0.008816407474575
-0.003024860434823
0.003657820775772
0.011055147671053
0.018562355442058
0.024419551697353
0.026330504677287
0.022781376231617
0.014024674666421
0.002313532876189
-0.008703515772138
-0.015744101564467
-0.017629927170735
-0.015212039455441
-0.010344586399837
-0.005286017583133
-0.002002077564285
-0.001235022492583
-0.002185693157739
-0.003187808608600
-0.003041845691186
-0.001836278426965
-0.000357057972483
0.000954154251924
0.002123422567477
0.003018871422213
0.003109419737188
0.002160892477766
0.000894107328851
0.000440143073451
0.001230786404677
0.002571553638532
0.003157574662189
0.002037326696040
-0.000993206731989
-0.005637426012233
-0.010846281884088
-0.014484146069740
-0.014286555432182
-0.009547119624870
-0.001857437079698
0.005868163432661
0.011199364177085
0.013158765609129
0.012051300555579
0.008845403790573
0.004311487954523
-0.001375571247656
-0.007801086671982
-0.013301442049642
-0.015209426439705
-0.011364242309175
-0.001935939131342
0.009996998665408
0.020075760812373
0.025344526015646
0.025627546991480
0.022458858359509
0.016974063496340
0.008935015587439
-0.002487271988265
-0.016774152663601
-0.030508965727798
-0.038266381259067
-0.035792792512004
-0.022766160949578
-0.003143280424132
0.016741414733118
0.030914382790946
0.035747977517922
0.030701659030743
0.018181268059990
0.002478602954848
-0.011959131646893
-0.021875662064186
-0.025585047382050
-0.022925614933034
-0.015445428870573
-0.006172950054032
0.001817166466234
0.006874552186693
0.008971273566773
0.009021958575629
0.007966945693514
0.006228684381636
0.004083445590975
0.002097513384332
0.000763043130829
0.000055003227137
-0.000420947919294
-0.001074063265658
-0.002220577807486
-0.003995492407522
-0.005879654440218
-0.006440218187172
-0.004165544374514
0.001122784949335
0.007662669183755
0.012721269360298
0.014295615660054
0.011831241057667
0.006059097840340
-0.000874134303566
-0.005780492876714
-0.006279459394121
-0.002541174702914
0.002834260745516
0.006375471092591
0.005486948157826
-0.000246721622601
-0.008760171541627
-0.016830836564909
-0.021984301836436
-0.023023042649246
-0.019551249477118
-0.011947408815084
-0.001544079533958
0.009505410950114
0.018681842309160
0.024025586602196
0.024950420055789
0.022272699271392
0.017681970559783
0.012677046207440
0.007516642207790
0.001609205931693
-0.005051958022055
-0.011225671254599
-0.015002159363230
-0.014893419936687
-0.010767531153432
-0.004366356769598
0.000994163504862
0.002179527193516
-0.001510403692827
-0.007836484084497
-0.013120377233819
-0.014247304517235
-0.010305850302719
-0.003276465126183
0.002968788541452
0.005232012469832
0.003362608688308
0.000040045141751
-0.001803345824421
-0.000950465823186
0.002136187210319
0.006210293419050
0.009874067609949
0.011792018884423
0.010941237957196
0.007103641925975
0.001196343417070
-0.004947351945844
-0.009494505699853
-0.011698042856082
-0.012099730808518
-0.011739493097535
-0.011204869931912
-0.010185801762837
-0.007761102978226
-0.003107484642859
0.003855737694706
0.011926736839316
0.018496012998282
0.020623530521640
0.016910798108359
0.008599854365220
-0.000886610811132
-0.007677107282292
-0.009574052872356
-0.007233135791666
-0.003460703702790
-0.000986700783442
-0.000558667225797
-0.001131749764962
-0.001561226061976
-0.001648376042756
-0.001594159860038
-0.000890093085395
0.001602777385817
0.006190936605351
0.011418619711855
0.014760353281829
0.014039919386362
0.008658579255284
0.000017156321017
-0.009263063815909
-0.016641986989100
-0.020429006264156
-0.019856303141828
-0.015128746794262
-0.007592382933391
0.000896797834590
0.009062968659857
0.015971127365228
0.019968127250500
0.019035674645200
0.012572977261598
0.002690322365577
-0.006511334865938
-0.011254085798330
-0.009840931173982
-0.002919274925293
0.006842069236895
0.015423927917424
0.018961207129274
0.015667506723567
0.006857343165953
-0.003987013563598
-0.013443615926781
-0.019738134033911
-0.022765153134700
-0.023102395346578
-0.021005408104867
-0.016247502531298
-0.008829074240102
0.000211348553819
0.008602654961273
0.013873576077652
0.015057537365128
0.013107577670031
0.009672880936450
0.006114535710196
0.003682843219013
0.003738969260487
0.006958753719611
0.012176433099387
0.016400601812785
0.016332607047184
0.010194502967368
-0.001261306900609
-0.014833784285730
-0.025894477395467
-0.030259281033286
-0.026368931405234
-0.016133661890345
-0.003661637296361
0.006804601150577
0.012627074694149
0.013653163764069
0.011430025189172
0.007567713101543
0.003092665733962
-0.001322456717268
-0.005297275876065
-0.008741062967017
-0.011421703848564
-0.012460131390696
-0.010728226100578
-0.006036205942606
0.000471608118062
0.007165291000986
0.012757311998996
0.016440824615337
0.017707700056010
0.016258997023791
0.012090838141190
0.005644948732243
-0.001915065185355
-0.008605863172613
-0.012426861298248
-0.012523407708030
-0.009439613064614
-0.004606532591181
0.000303079987741
0.003959544110128
0.005477390297147
0.004261031721147
0.000361021620800
-0.004958816678577
-0.009428509915723
-0.010983937250584
-0.008998990173882
-0.004391590363663
0.001219092537226
0.006331309497656
0.010050676641722
0.012355373649629
0.013893183169602
0.015095113423842
0.015183217206966
0.012390383876536
0.005747391641591
-0.003378416087436
-0.011805918255247
-0.016580106006272
-0.016692483667083
-0.013233179489625
-0.008096382766674
-0.002594636517781
0.002784306980509
0.007508974772982
0.010255872390345
0.009356935401264
0.004119039781917
-0.004003766234341
-0.011541712841886
-0.015021723104820
-0.013169586299473
-0.007076954327544
0.001158935906734
0.009434567509615
0.015846565696817
0.018799912218592
0.017478570814509
0.012212093834615
0.004090114001533
-0.005449450096031
-0.014407972657802
-0.020449540012440
-0.022068161447242
-0.019413126396454
-0.013842612800095
-0.006933270890890
-0.000022113503078
0.005767844756378
0.009578977641891
0.010950752520164
0.009855612013586
0.006575471961558
0.001470448092567
-0.004836811553561
-0.010824742797603
-0.014134497897068
-0.012810590021861
-0.006647590055843
0.002408708578765
0.011109090765926
0.016524623544554
0.017270212358201
0.013763234297032
0.007769945788329
0.001482417863541
-0.003411952066733
-0.006194658147681
-0.006962995358078
-0.006104951535511
-0.004057303844902
-0.001416923997290
0.001030102437772
0.002458732528617
0.002428949359569
0.001278389294886
-0.000234014416612
-0.001633074858803
-0.002727637918013
-0.003091127381808
-0.002022147113580
0.000778339305240
0.004544023809481
0.007673052711165
0.008803028556444
0.007693034128906
0.005104511957659
0.001834795645297
-0.001958750645906
-0.006205968170787
-0.010015070541998
-0.011763775992107
-0.010060629901826
-0.004697211949510
0.003072733328091
0.010978053537342
0.016323948929584
0.016853769733912
0.012121426711997
0.003959757785047
-0.004803226194928
-0.011865973918994
-0.015967403882062
-0.016686540776797
-0.014183715581973
-0.009243122692134
-0.003321200811485
0.001784948483644
0.004514198332163
0.004302060829860
0.002143860288357
0.000056545005631
-0.000375226179635
0.000994532104973
0.003229196784296
0.005537970580631
0.007931572245313
0.010771326559196
0.013961402186008
0.016407162233245
0.016327546831603
0.012650892719162
0.006143066445697
-0.001027239723742
-0.006721245227851
-0.009878083981301
-0.010478785504007
-0.009060812593199
-0.006625516988561
-0.004534021914121
-0.003891101879098
-0.004968886489901
-0.007184122237680
-0.009413844003691
-0.010381702421303
-0.009165325542136
-0.005810042701581
-0.001560774889975
0.001734481063644
0.002670508386377
0.001162625874172
-0.001301969228047
-0.002518190088714
-0.001077546330977
0.002577747261650
0.006162648986796
0.006930867946400
0.003740224869909
-0.002124678771272
-0.007948838503081
-0.011088380494724
-0.010157122785362
-0.005708282911694
0.000174442054384
0.005218569455279
0.008097419033666
0.008729322943669
0.007922241990663
0.006686866605435
0.005438580649196
0.003790740976711
0.001411171484039
-0.001243875872754
-0.003276211716566
-0.003950802457057
-0.002987251764846
-0.000693564083040
0.002205737681405
0.004790321297502
0.005948753825717
0.004752988382339
0.001233715989662
-0.003326845330088
-0.007035356464911
-0.008417687719657
-0.006942704354194
-0.003053207603029
0.001879827655986
0.006043803775041
0.008134676481043
0.008062727159210
0.007001906306593
0.006420820545546
0.006451677697249
0.005382659589640
0.001241655799875
-0.005863290308764
-0.012987951939873
-0.016198535987988
-0.013292746888720
-0.004981017554333
0.005856897615017
0.015670402337855
0.021357214395555
0.020776750272679
0.013342333089383
0.000910729612922
-0.012101171991991
-0.020390288161788
-0.020777101373887
-0.014411813565429
-0.005963952632362
-0.000358567738974
0.000147122244941
-0.003172081890744
-0.006832658555327
-0.007784845205768
-0.005269511556545
-0.000592343662135
0.004198398851804
0.007552170966254
0.009224268967462
0.010203639684532
0.011460881418287
0.012490152386413
0.011499435457654
0.007268323740435
0.000424644704587
-0.007005161492238
-0.012930633643852
-0.016230924299979
-0.016593947646669
-0.013751822751897
-0.007665535974113
0.000552237016462
0.008455145886922
0.013408655228226
0.014316180812321
0.012331544262549
0.009741383463674
0.008040522880907
0.006870211834806
0.004644664319308
0.000195638423317
-0.006082842923341
-0.012347275170891
-0.016364531209671
-0.016695732972579
-0.013161955549203
-0.006616030132075
0.001362885683897
0.008681888306848
0.013190836761083
0.013683200278194
0.010838968191350
0.006873859328339
0.003859057676914
0.002170090021183
0.000456986898408
-0.002810075650471
-0.007688309263535
-0.012412723455750
-0.014396957772493
-0.011921855461565
-0.005492050060398
0.002224962874430
0.007833502027499
0.008979800865949
0.005614137661988
-0.000008472706947
-0.004846098245025
-0.006700767479372
-0.004822746261105
-0.000072843414765
0.005321711403597
0.008897998243599
0.009261065673816
0.006692583007969
0.002922206941285
0.000161545230591
-0.000314198025379
0.000916420939610
0.002125226139010
0.002172787058717
0.001296775768956
0.000395460695678
0.000002098888341
-0.000174212539731
-0.000915542811385
-0.002655034898762
-0.005135498143019
-0.007792844725418
-0.009976277749676
-0.010731176861492
-0.008744101307579
-0.003210753039970
0.004613183519099
0.011252352939029
0.013259186728371
0.009674725929190
0.002588990704012
-0.004049451274948
-0.006567632782133
-0.003813194762634
0.001892013165979
0.006229741881631
0.005974007596538
0.001200930798029
-0.004990086027781
-0.008735972421773
-0.007964610524017
-0.003519281967593
0.001696110091205
0.004635811288490
0.003861245990073
0.000181964749134
-0.004096566348097
-0.006671947061743
-0.006550189622095
-0.004360773614162
-0.001422343657257
0.001428696503908
0.003924514111087
0.005615465256969
0.005618995225675
0.003446005319028
-0.000015504348437
-0.002781182501795
-0.003191891796933
-0.001040809636317
0.002368141094563
0.005096958463179
0.005650963759841
0.003491411852733
-0.000918573439680
-0.006213896612342
-0.010434572067860
-0.011624732257199
-0.008759107811724
-0.002582850190227
0.004552460884966
0.009972297927283
0.012156609820470
0.011577187416638
0.010243765205050
0.009925030457603
0.010600947625066
0.010687686204291
0.008668801981281
0.004590722144616
0.000109631214867
-0.002815633160214
-0.003353314678012
-0.002422151661393
-0.001986602657997
-0.003420383915499
-0.006492019973133
-0.009755961990677
-0.011751537283728
-0.011817881295572
-0.009654195749049
-0.004710263180448
0.002921192191887
0.011128574863224
0.016123808860114
0.014641478686530
0.006355687933582
-0.005460219757617
-0.015749054982961
-0.020522728119811
-0.018813399407751
-0.012678815990388
-0.005409011451578
0.000542396258634
0.004650558373008
0.008209983584482
0.012699431978427
0.017651129760930
0.020432810604446
0.018178924935384
0.010072736153230
-0.001599645751128
-0.012582317432384
-0.019285911373364
-0.020717313060538
-0.018188370571613
-0.013296783286363
-0.006513820273593
0.001931110058665
0.010376865705330
0.015756540512034
0.015549717719274
0.009882821057957
0.001618262823339
-0.005744606404037
-0.010094456387115
-0.011093887907079
-0.009254360111133
-0.004992238155768
0.001056890518526
0.007193766896023
0.011049344918592
0.011023347912162
0.007429803956557
0.002641935173879
-0.000172005505334
0.000768632050911
0.004545605891042
0.008222468221094
0.008944984518821
0.005739624557476
-0.000386057845007
-0.007303603815707
-0.012544733210606
-0.014382919602626
-0.012812747499301
-0.009451454886202
-0.006533894726989
-0.005487647009126
-0.005962225641410
-0.006212213807257
-0.004271862153024
0.000837783472653
0.008127496800004
0.014771569344106
0.017805379974616
0.016099216058689
0.010867625280840
0.004598360430977
-0.000328719340880
-0.002658311422001
-0.002699431589883
-0.001659012088477
-0.000402163226425
0.000877125343294
0.002030819966019
0.002670847242096
0.002541314494262
0.001814259806920
0.000965564987727
0.000380555206877
-0.000036635283113
-0.000805105728984
-0.002191689030008
-0.003731861154133
-0.004669303117217
-0.004593004693600
-0.003541331922968
-0.001915682129682
-0.000430844981724
0.000219821692173
-0.000021461329031
-0.000344842737519
0.000329851963785
0.002411118042074
0.005063158896073
0.006275427930890
0.003976881138599
-0.002138293072032
-0.010109933726679
-0.017226247992574
-0.021519012436098
-0.022043101844526
-0.018624801294505
-0.011744263910453
-0.002748318338811
0.006159161664461
0.012753074114883
0.015773367789856
0.015336218144743
0.012776643247727
0.009936858247358
0.008227195846599
0.007964289648585
0.008361919180130
0.008340305682632
0.007363597930639
0.005482484325467
0.002861680303223
-0.000718355391733
-0.005685756412357
-0.011393197533361
-0.015376817668986
-0.014725560967463
-0.008172003159408
0.002913773037178
0.014770383127856
0.022501474666049
0.022236560143293
0.013485186009841
-0.000182236949253
-0.013240019300712
-0.021171346312084
-0.022080894782405
-0.016958233463399
-0.008726723245118
-0.000328394121224
0.006557742483575
0.011149087636733
0.012537099317679
0.009674540235303
0.002509521213291
-0.007195905829090
-0.016272467799089
-0.021356065012973
-0.020218653353491
-0.012777944517940
-0.001324534054957
0.010314653534387
0.018415777280000
0.020985057036396
0.018498344479202
0.013438005593096
0.008726121934720
0.005893177982424
0.004512924701075
0.003183899218281
0.000869362114946
-0.002301774238124
-0.005209590305809
-0.006719418282080
-0.006450628952089
-0.004889634068126
-0.003012724052099
-0.001639018689027
-0.001132332924782
-0.001568134790619
-0.002909148883522
-0.005016126110511
-0.007392980013242
-0.008986509774569
-0.008637649059542
-0.005969137119991
-0.001877185450156
0.001950388797508
0.004194002486824
0.004618498734133
0.003904376591561
0.003244290186335
0.003728077715135
0.005475525806897
0.007570811255155
0.008822807712192
0.008321323883671
0.005859628091882
0.002122527075747
-0.001979371784601
-0.005972501417579
-0.009471158983138
-0.011560026717945
-0.011106892787158
-0.007847088320805
-0.002900064948541
0.001838888605130
0.004763448318806
0.005508316158295
0.005036137740205
0.004387433919372
0.003638594854753
0.002482577332274
0.001233224202549
0.000745337975170
0.001527468418258
0.003135665369841
0.004462920379045
0.004560786651785
0.003108892408370
0.000267668952135
-0.003569770616393
-0.007768178382032
-0.011366898562156
-0.013184502472422
-0.012063963385006
-0.007336289493295
0.000434242430358
0.009192747318338
0.016065541945735
0.018418756968727
0.015082362769551
0.007205600002455
-0.002346391037403
-0.010578221097093
-0.015454698525713
-0.016147635007682
-0.012798332948694
-0.006240399436618
0.002051938347941
0.010162536488217
0.016144286989319
0.018358452511662
0.016010585831514
0.009800902113417
0.001885150914933
-0.005160040434005
-0.009617615507828
-0.011117315988130
-0.010287090246581
-0.008315653907686
-0.006446565534755
-0.005212319843108
-0.004237070254310
-0.002911243537523
-0.000984751284726
0.001405697718735
0.004037303505605
0.006727977823379
0.008843197743745
0.008988767991208
0.006032078803653
0.000626552133104
-0.004682373425504
-0.007251302777043
-0.006251199975248
-0.002731077726292
0.001536316607938
0.004785904728753
0.005693110152065
0.003989385612594
0.000596398302472
-0.003168444312099
-0.006471693945363
-0.008934822278527
-0.010070212686722
-0.009278884059968
-0.006447825011994
-0.002199050442026
0.002588571796916
0.007270148863053
0.011158930184828
0.012986512118664
0.011336083367617
0.005937907318314
-0.001531158096430
-0.008015484768358
-0.010711372277017
-0.008510142906661
-0.002363231591331
0.005240803286016
0.011411901941655
0.014199047238832
0.013100781298143
0.008573744097936
0.001660493895472
-0.006075226428287
-0.012947950345467
-0.017453453684129
-0.018335088675128
-0.015191226623166
-0.009105083647802
-0.002195597337740
0.003594512305332
0.007324102687601
0.008839246480925
0.008146844608301
0.005338568260870
0.001017794668409
-0.003424699426188
-0.006307212373784
-0.006587641431821
-0.004149171745125
0.000437656050293
0.005972760082607
0.010642070260451
0.012334254540281
0.009606894374633
0.003051897081145
-0.004413620732272
-0.009123138500144
-0.008975069870680
-0.004662805672923
0.001091324842152
0.005382835889854
0.006464523558097
0.004143649252915
-0.000353514448985
-0.004827346518947
-0.007046574395704
-0.006137756091230
-0.003229238813031
-0.000382340942831
0.001041825287176
0.001028188261962
0.000439641440471
0.000084038373829
0.000328578602372
0.001441381564142
0.003453248417689
0.005587926605273
0.006586049370558
0.005719095905094
0.003423970879635
0.001022872790073
-0.000427512168026
-0.000914097795915
-0.001035032299954
-0.001348139672329
-0.002168174087403
-0.003447633048304
-0.004557137379464
-0.004343179587137
-0.002026979814202
0.001780116524764
0.005344460466344
0.006959693205016
0.005823269361865
0.002484732634787
-0.001265254955591
-0.003316361584107
-0.002641024140480
-0.000226753376874
0.001609024026569
0.001105512394891
-0.001727301002853
-0.005340759595223
-0.007874516206956
-0.008420886248613
-0.007092777688657
-0.004231319870651
-0.000234478949444
0.003979906193685
0.006838928274781
0.006856545681702
0.003972222861398
-0.000071170839811
-0.003064478897184
-0.003805955238737
-0.002469366432463
-0.000207291657744
0.001613085897696
0.002205328881349
0.001745747841160
0.001268709761274
0.002029055995074
0.004471345403928
0.007567729340751
0.009208473352256
0.007530682735892
0.002054121009799
-0.006203611874002
-0.014950827269576
-0.020934555573092
-0.021106966413450
-0.014402378108115
-0.002986033338767
0.008322032423493
0.014887758359789
0.015095463601746
0.010612281266051
0.004641540821818
-0.000044601400569
-0.002279553244755
-0.002447173747674
-0.001696471927514
-0.001204847544594
-0.001554923434552
-0.002269034173698
-0.002080220530404
-0.000199361869855
0.002536859943863
0.004103982616885
0.002926086655937
-0.000825174614477
-0.005023677015969
-0.006859123984088
-0.005086318779977
-0.000901711870155
0.003534339437975
0.006816256827809
0.008622203870525
0.009006947194936
0.007770165976082
0.004824715209047
0.000962367004450
-0.002261716708296
-0.003523002629202
-0.002640320267185
-0.000478711985366
0.002077318959662
0.004702135430758
0.007038673358884
0.008065552647409
0.006590106439498
0.002420951995570
-0.003257499919282
-0.008714311978649
-0.012398171372331
-0.013040975958544
-0.010052547385720
-0.004224208596320
0.002293154931356
0.007136835906075
0.009085752146443
0.008344967070975
0.005824242551505
0.002338951500792
-0.001897666436030
-0.007003687631768
-0.012302834071553
-0.015938939905292
-0.016080040763561
-0.012398640518894
-0.006380485997170
-0.000218868954090
0.004554849664323
0.007403487278781
0.008272219937330
0.007205636897034
0.004431253679730
0.000653549315630
-0.002823441878317
-0.004526582656405
-0.003616807720554
-0.000386181522851
0.003823925543533
0.007310350691694
0.009010401520920
0.008924633405852
0.007512071431753
0.004779522694314
0.000225900985694
-0.006247827115424
-0.013494160539069
-0.019123891624341
-0.020519912612814
-0.016385848306818
-0.007608147291004
0.003198490002136
0.012837291337407
0.018734917509531
0.019731805490655
0.016067007224727
0.008863052533374
-0.000286120730399
-0.009254085153860
-0.015303894273924
-0.015936138457946
-0.010432591113895
-0.000845750197687
0.008574213793552
0.013676344079063
0.013007678181909
0.008525788515282
0.003910662002245
0.001956723017865
0.003061915725225
0.005892000930716
0.008934696828662
0.010934812883888
0.010533759104168
0.006441586041298
-0.001676036391770
-0.012130883831332
-0.021342250787042
-0.025870778823316
-0.024496529812871
-0.018525129593421
-0.010537956033597
-0.002771025717566
0.003680374687589
0.008652092325314
0.012388865341175
0.015099252709037
0.016674298166295
0.016686717907522
0.014801350103800
0.011379794357647
0.007461260696381
0.003950955715963
0.001077664310822
-0.001422842194052
-0.003976056816289
-0.006903523356117
-0.010224048377319
-0.013618295095384
-0.016335193766897
-0.017125126940533
-0.014734571460080
-0.008848975044134
-0.000640743721502
0.007643121708698
0.013851380220965
0.016930303315572
0.016899673230959
0.014228670138675
0.009516754887234
0.003569833807407
-0.002375976594232
-0.006671302942406
-0.007963043101699
-0.006245449447427
-0.003145742256487
-0.000908262828213
-0.000950323207896
-0.003276773300225
-0.006830166297664
-0.009990642471715
-0.011046735465298
-0.008850883777970
-0.003503584182796
0.003332007442911
0.008903869751951
0.010745916964467
0.008296716883508
0.003399663230190
-0.000993244917458
-0.002750573739720
-0.001630791934668
0.000837749993972
0.002480457305635
0.001907699749455
-0.000815066847561
-0.004377950071594
-0.006937978073809
-0.007106977795759
-0.004553019628473
0.000062603180633
0.005278556926800
0.009212097937955
0.010453847282892
0.008785266107900
0.005097840368377
0.000915572937097
-0.002164793021444
-0.003153406754423
-0.002141936293931
-0.000008882555224
0.002378154629246
0.004365100066369
0.005144956610061
0.003846325508615
0.000174071052550
-0.004942946290197
-0.009345331988400
-0.010807158139942
-0.008536431169622
-0.003584341499009
0.001921004420614
0.006055997741760
0.008161293509782
0.008742435420677
0.008421665489733
0.007250054672544
0.004892369786721
0.001210175776968
-0.003374188024519
-0.007967823759648
-0.011616764017634
-0.013677420521300
-0.013688294155558
-0.011251877361236
-0.006700540148783
-0.001511011370657
0.002549672991067
0.004429888653834
0.004085992475865
0.002631560573625
0.002166665612218
0.004535410936221
0.009634252380677
0.014912094771804
0.016868498325359
0.013409651175667
0.005173176887968
-0.004858341993368
-0.012996964632488
-0.016753447630707
-0.015800052412739
-0.011609107001514
-0.006438552694629
-0.002426675069042
-0.000932388731809
-0.001914523096940
-0.003881022263276
-0.004994472539717
-0.004250506229887
-0.001556749725240
0.002561843979597
0.006888360368187
0.009671715409357
0.009485041803922
0.006343999759765
0.002034089111535
-0.001021800320626
-0.001350514700367
0.000914766214479
0.004339368480661
0.006933234505782
0.006914078626731
0.003441045567925
-0.002580165099204
-0.008550065111282
-0.011562183228173
-0.009958360614456
-0.004227217899066
0.003149087881051
0.009220977852763
0.012322550201247
0.012585258350322
0.011210321025886
0.009254948117644
0.006896480183667
0.003681798556907
-0.000752528947859
-0.006025137693523
-0.010919939371365
-0.014216537322218
-0.015485264367095
-0.014840749039062
-0.012211536160221
-0.007080423767675
0.000947423666355
0.010986776014784
0.020270462387592
0.025148240289915
0.023205382408897
0.014884558522054
0.003262075684280
-0.007668703973421
-0.014775135856343
-0.016876133853092
-0.014839959071397
-0.010700387863402
-0.006426297524032
-0.003024228472577
-0.000534049997164
0.001225131896432
0.002200737131705
0.002389709181191
0.002247391610977
0.002522427453810
0.003436383570477
0.004291000253479
0.004289489355742
0.003173782513575
0.000838594690736
-0.002696652328736
-0.006736901613343
-0.009981481851346
-0.011229735514399
-0.009952872364378
-0.006418132266349
-0.001511763991593
0.003520441177293
0.007428595133932
0.009321769529058
0.008872350358782
0.006511014612094
0.003393891596124
0.000830630505484
-0.000223541661578
0.000725474161333
0.003552524262989
0.007329725980280
0.010516725803469
0.011607762963730
0.009926167184248
0.005842751787704
0.000196060641465
-0.006206626250881
-0.012441372021125
-0.017166779154098
-0.018957957632491
-0.017344406851853
-0.013369463414886
-0.008941558205736
-0.005726678384639
-0.004229238589537
-0.003360095598200
-0.001052095176731
0.004146197803789
0.011680300445025
0.018995985527731
0.022986186066195
0.021725680143640
0.015324598166234
0.005720382998538
-0.004245597605973
-0.011939395230970
-0.015608675623699
-0.014655092591655
-0.009846536573628
-0.003116615454637
0.003228061997798
0.007258648268278
0.007912102358499
0.005365938160059
0.001005560386447
-0.003316092166231
-0.006412756462525
-0.008270300491114
-0.009508416484913
-0.010511877776970
-0.010837384215877
-0.009410863685454
-0.005525101064945
0.000423629897680
0.006986645260382
0.012121824965179
0.013994359054264
0.012015197034716
0.007256485813375
0.001696548580484
-0.002966942913455
-0.005907183912284
-0.007072187431384
-0.006918051553438
-0.006029524786175
-0.004576352958129
-0.002199746589405
0.001429360646273
0.005944538818988
0.009956572088475
0.011464472025819
0.009179022404733
0.003673383989829
-0.002899987355597
-0.008136284023020
-0.010461992710981
-0.009324860563493
-0.004894642628271
0.001898766934663
0.009069923680622
0.014011158729974
0.014965038889538
0.012208339199401
0.007548152769417
0.002849785333335
-0.001006292695908
-0.004462653192888
-0.008661181797582
-0.013983534028510
-0.019034184089195
-0.020886722848232
-0.016600515329737
-0.005458348753303
0.009735703441767
0.023580720221928
0.030815269896500
0.029252270057226
0.020666891787035
0.008918470035034
-0.002572912632056
-0.011857536746160
-0.018053719346901
-0.020646087091334
-0.019316732691802
-0.014360948153409
-0.007188708594977
-0.000327476865450
0.003632008439486
0.003659396847003
0.000786501893286
-0.002929913546674
-0.005698278459695
-0.006643882115254
-0.005642849428151
-0.002658963757845
0.002407578558160
0.008920671790615
0.014879956028595
0.017723407662202
0.016061110513886
0.010561072948425
0.003295519427584
-0.003406212587088
-0.007798478663554
-0.009273534101106
-0.008319872440502
-0.005863346055891
-0.002742852446413
0.000312899209517
0.002446563417977
0.002710348872058
0.000643650854043
-0.003242962179616
-0.007469038946715
-0.010024138635326
-0.009434573547249
-0.005713700724292
-0.000157262041012
0.005497732235904
0.009658528605679
0.011240562801936
0.010081007284931
0.007092479927008
0.003603946046127
0.000471185675467
-0.001981969746251
-0.003627086489827
-0.004536110377639
-0.004879100946979
-0.004555502803966
-0.003219189814895
-0.000894772708643
0.001597623416074
0.003265760913267
0.003938392188601
0.004229147618012
0.004661567945193
0.005001962166155
0.004238059392110
0.001466205432794
-0.002817215195792
-0.006625354361109
-0.007859008719819
-0.005753166305640
-0.001506314443640
0.002281512476407
0.003301927809795
0.001192704950823
-0.002239543851596
-0.004490564645957
-0.004235522591418
-0.001989695913907
0.000691323944593
0.002547218872965
0.003351333389728
0.003410881537274
0.002814564626250
0.001665522714734
0.000541285501485
0.000200106360615
0.000991363410248
0.002591533936301
0.004142513434121
0.004550958323737
0.002776123842750
-0.001670214683126
-0.008192485288532
-0.015182804123944
-0.020625195825116
-0.022855480911446
-0.021206769045838
-0.016087375789485
-0.008504455817271
0.000440241166253
0.009489420274973
0.016604106856505
0.019223694091897
0.016054489752926
0.008351377974563
-0.000704470994219
-0.007645004549563
-0.010343378119504
-0.008807297201222
-0.004643824423930
0.000104381186386
0.003876366070166
0.006097254068964
0.007198765723578
0.008070255629186
0.009305630134890
0.010925688199061
0.012690771579976
0.014303373626335
0.015285785386064
0.015132289804116
0.013842677868397
0.012342022698115
0.012197301756252
0.014297746833927
0.017558350165217
0.019316706346567
0.017243863682600
0.010991154134460
0.002206872828666
-0.006743434958413
-0.013797208901352
-0.017520642176117
-0.017525769705943
-0.014758288769492
-0.010862404329037
-0.007141528008994
-0.004250016201351
-0.002700315611396
-0.003234619909049
-0.006289221195332
-0.011159176788446
-0.016004470109812
-0.018748759492114
-0.018251554957729
-0.014881256288793
-0.009865668937232
-0.004213292676766
0.001625596447243
0.007348087241358
0.012224711913767
0.014899145819243
0.013889963676233
0.008480633971022
-0.000625899671977
-0.011312085696238
-0.020732578866743
-0.026221846674923
-0.026186976455290
-0.020775325470368
-0.011751950015610
-0.001658848302144
0.007167119818044
0.013374086881869
0.016806125302905
0.018025065268712
0.017725858797497
0.016386947995599
0.013998076858822
0.010234710676920
0.005250170754809
0.000326567322068
-0.002369188928967
-0.001130757531670
0.003578833650292
0.008554897277739
0.009314071833498
0.002788944209370
-0.010807688531658
-0.028111170827034
-0.044197822704622
-0.054752271591697
-0.057691360218273
-0.053169818075603
-0.042503268296841
-0.027439026546747
-0.010113790148238
0.006827991814942
0.020530928759642
0.028894133151699
0.031478867932146
0.029508784706659
0.025153354626122
0.020554773839462
0.017008547163995
0.014818314377891
0.013741352027457
0.013463009397310
0.013814066260704
0.014794236383291
0.016472185342761
0.018680327415427
0.020825624152476
0.022318719113627
0.023083943427722
0.023434113739560
0.023607265915313
0.023198794880273
0.020904234880510
0.015480051796528
0.007059677491535
-0.002856515691356
-0.012285537880548
-0.019442507522520
-0.023208411572860
-0.023405234727355
-0.020777719001060
-0.016745311598286
-0.012905183302035
-0.010437945795057
-0.009954918621680
-0.012088103881400
-0.017903451900739
-0.027922341370689
-0.040605442460212
-0.052195291162997
-0.057953833135528
-0.053949297663233
-0.038935471819682
-0.015090396327337
0.013072203548740
0.040490154543614
0.063042865364096
0.078425592986954
0.086129668767054
0.086812175967257
0.081804815979820
0.073042865940414
0.062838285064942
0.052943660558707
0.043511865708480
0.032911465951331
0.018566196447448
-0.001549916453579
-0.027743349006660
-0.058446055283202
-0.090327947215560
-0.118431703034303
-0.137187749310429
-0.141959661388407
-0.130143577192416
-0.101997027824961
-0.061223626398162
-0.014475881512912
0.030417623541944
0.066632175587118
0.089903861446214
0.099074846710922
0.095767192574917
0.083395169234379
0.065997879142806
0.047190808009255
0.029250224593012
0.012874811850219
-0.002270759823628
-0.016776384835052
-0.030381195927037
-0.041124037735328
-0.046180915092614
-0.043893644360598
-0.035096397244154
-0.022888439390128
-0.010969233671515
-0.001443674651719
0.006236920505718
0.014199321946281
0.023561359527355
0.032168051789801
0.034378659656591
0.023322047082029
-0.005395772000911
-0.050492940217873
-0.104050094952387
-0.153140310864565
-0.183487716286360
-0.184308458830922
-0.152562052473978
-0.094320753427628
-0.022377382063795
0.048552979082317
0.106149598021298
0.142386502531293
0.153921195122372
0.142187546734629
0.112926099337300
0.075069555039032
0.039020223416511
0.014134462112683
0.005976936034207
0.014328358333161
0.033006797389945
0.052116320063840
0.061971330022253
0.057134111978144
0.038580370490527
0.012389158301061
-0.014079888111822
-0.035571301905423
-0.049743219217153
-0.055404026976243
-0.050449806047143
-0.032205823915209
-0.000341412507506
0.040044274881558
0.077808709922238
0.098713465344813
0.090873159597693
0.050250105023049
-0.016396149430759
-0.092785531895918
-0.158233112091121
-0.194434567438705
-0.191467226341426
-0.150691176663399
-0.083358607486079
-0.006137100186954
0.064232937474004
0.115644949432820
0.143528164437314
0.150945323706618
0.145792942270862
0.136197185454321
0.126533850689998
0.116413969241699
0.102624449102256
0.082256660360435
0.055053433199368
0.023641816894829
-0.008058495528164
-0.036825309674329
-0.061250866947574
-0.081579854851704
-0.098918003753442
-0.114338052762188
-0.127669215774871
-0.136345418476292
-0.135496432719244
-0.119895298126645
-0.087147109091569
-0.040329580057539
0.011942598819919
0.058480650515041
0.089952532151136
0.102138466592183
0.095987063684311
0.075148193197693
0.043467399557447
0.004156910306059
-0.039028055340751
-0.079965598771001
-0.110164475666495
-0.121452629145181
-0.109573425754537
-0.076044607858580
-0.027285409916503
0.027399558434090
0.077379060469892
0.112236999422987
0.124017502221260
0.109757925106315
0.073108371041172
0.023614455621284
-0.026433704048859
-0.065785929292889
-0.086851897937081
-0.086494192176533
-0.065404076440615
-0.027216952045246
0.021838814451440
0.072762400865418
0.114168577999260
0.134938876494391
0.128550795113237
0.096070335042000
0.045719807748031
-0.010685652775503
-0.062213271634419
-0.101466658099909
-0.124386479954863
-0.128575338036337
-0.112567238112609
-0.077195681513918
-0.027817610303782
0.024866034445882
0.066895168407070
0.085951338861035
0.076747581213917
0.043412032829725
-0.002436005060353
-0.046071306365484
-0.074196623229731
-0.078232855808881
-0.055810101699904
-0.011002555683329
0.046232993896384
0.102009884595904
0.142394323339799
0.158355301442301
0.149088452298517
0.121304364784557
0.084904186748443
0.047688068378080
0.012466437358301
-0.021707811710938
-0.056258626343353
-0.090723480348387
-0.122062513250948
-0.145406009824710
-0.155685228231570
-0.149209680919589
-0.124834355777580
-0.084647388354042
-0.034126324974300
0.017988018756810
0.060529055244629
0.082611871965634
0.078039706456637
0.048853340856716
0.005056582141014
-0.039794542736427
-0.074233871766775
-0.092210644346424
-0.092677731593524
-0.077014942550289
-0.047342322808401
-0.007016519185225
0.038331876268994
0.081219227492762
0.114414039762839
0.133349587646276
0.137078779518196
0.127428978823829
0.107267202170634
0.078603991880192
0.041709948442511
-0.003371961087654
-0.053573743073037
-0.100763065783344
-0.133503588629300
-0.142053643706616
-0.123449442325521
-0.083673274852488
-0.035397007912700
0.007757407933722
0.036861030092269
0.050163192621114
0.052098243455993
0.049687772984409
0.048100813733318
0.048326770842290
0.048268095779958
0.045724807977074
0.040895292189592
0.036418288372755
0.034859835945474
0.036067754900569
0.036923806527291
0.033701971361766
0.024832771613853
0.011666163611909
-0.002924487819316
-0.016351588395741
-0.027049486188753
-0.034012746508500
-0.036281570609034
-0.033314926887950
-0.025626759231598
-0.014970893942737
-0.004123361136444
0.003851595527669
0.006557249954845
0.002783116864270
-0.007570573261148
-0.023919075803235
-0.045084734558535
-0.068647013247422
-0.090225524933256
-0.103848749234138
-0.104033605003355
-0.088697655867991
-0.060827666226054
-0.027662632815001
0.002153970666213
0.022302585911533
0.031659694309104
0.034506601102560
0.038087673339541
0.048840054067624
0.068738664951173
0.093654895579469
0.114857675773638
0.122910183450689
0.112111474418771
0.082927472476811
0.041016155214373
-0.005412483728915
-0.047689860353050
-0.078083681900587
-0.091140778065803
-0.085130845840351
-0.063053559214909
-0.032462791983505
-0.003425122984016
0.015317803711261
0.019760226130832
0.011341842306233
-0.004630440206434
-0.021515567801120
-0.033880946799986
-0.038932027789917
-0.036647342758299
-0.029364116740754
-0.020784532796235
-0.014321327794551
-0.011803521116509
-0.013238329937122
-0.017102606626953
-0.020586513493963
-0.020169325414148
-0.013149830397645
0.000535827048681
0.017603013312512
0.032432484311138
0.039748079008446
0.037785004650428
0.029599572313797
0.021373389271815
0.018994112139334
0.025166723449537
0.038402030751321
0.053604318971660
0.063562046036462
0.061476456784686
0.044353402045778
0.015493567447573
-0.015899676146158
-0.038392195351919
-0.043688450033974
-0.030829311315745
-0.006899480418911
0.016087086291034
0.026347407648255
0.017093351016072
-0.010578006614931
-0.047785535119640
-0.081391757640764
-0.099052540497800
-0.093103170520024
-0.062302754513081
-0.012094692871846
0.045801338984659
0.095249245316977
0.120718574548257
0.114190078145942
0.079323581098422
0.029950662767800
-0.015978629385241
-0.043752332744483
-0.047201735839596
-0.030099983148485
-0.003850194590998
0.017510272833437
0.023428627835496
0.011487170641815
-0.011863115114259
-0.035016404602330
-0.047142536847306
-0.042912191763549
-0.024024165197808
0.002782138126537
0.029594854238377
0.050064487155834
0.060066056428914
0.057597878639901
0.042766633951442
0.017878934717736
-0.012746531482694
-0.043576491740535
-0.068887164458959
-0.083576538416905
-0.084087907466656
-0.069828198241905
-0.044230261439399
-0.013992407418353
0.013327145269982
0.031720133216075
0.038409606923197
0.034628727883330
0.024629606056176
0.013174953916407
0.003449847685708
-0.003283695258495
-0.006531024445012
-0.005445966603327
0.000657100448063
0.010912938626964
0.022771997313579
0.033171371675732
0.039452043680436
0.039495391527646
0.031738513761706
0.015669922075699
-0.007283393196348
-0.032938469506646
-0.054487512247039
-0.064648746759547
-0.059089392548630
-0.038737075076621
-0.009677733501317
0.019386240083394
0.041056852094802
0.051930747159684
0.052390337150756
0.044526963253470
0.030106815940962
0.009887609790282
-0.015268597894393
-0.042460968704728
-0.066102484289841
-0.079852352525248
-0.079975182447648
-0.067426460164176
-0.046898122085575
-0.023491488037622
0.000116743813166
0.023409521777925
0.045527184774359
0.063828523019289
0.074974993983939
0.077099476084553
0.070961273504387
0.059294424607122
0.045196410227721
0.030675533377475
0.015851558605597
-0.000802623306299
-0.020964954610134
-0.044303797118190
-0.066920790893492
-0.081896558531512
-0.082374385743989
-0.065161173568467
-0.032250702025003
0.010239847947263
0.054355474711217
0.092008554891460
0.115670910828043
0.119277746741296
0.099924677806877
0.059436460790865
0.004656994337581
-0.053960371307098
-0.104722553882578
-0.137129697230894
-0.144221886689004
-0.124281078376251
-0.081142464836667
-0.023366037681606
0.037324773010256
0.088160232594982
0.117746428794706
0.118952850029236
0.091974429474760
0.045689632555307
-0.004692422482608
-0.043520049352043
-0.061023484273989
-0.056206975111734
-0.035328313758887
-0.008014408668383
0.016736606943598
0.033158418876873
0.039245737162312
0.035870021028386
0.025543063509041
0.011523207152308
-0.002547463494963
-0.013297607903959
-0.018953073173897
-0.020159285954537
-0.019470327635106
-0.019805257007545
-0.022659718969616
-0.027332797017730
-0.031792820568377
-0.034170439059823
-0.033436843969466
-0.029032773496734
-0.020536923290081
-0.008346393865981
0.004971903515760
0.014158492704283
0.013350372977675
0.000452182698294
-0.020066417015093
-0.038985305126707
-0.047131673129648
-0.039731743706543
-0.018155911835363
0.011469290754821
0.041402387733501
0.064992688174748
0.077864069973971
0.077951057275354
0.065461676380046
0.043217849483304
0.016661982526363
-0.007147710824326
-0.021643122298864
-0.023434158955308
-0.014029932298199
0.001006334771881
0.015223343845379
0.024346176574107
0.027046837629603
0.023832533300126
0.015868799611008
0.004458142738732
-0.009069700342108
-0.023166626416707
-0.035888933516883
-0.045080764751052
-0.048787931185922
-0.045820604443698
-0.036384658370731
-0.022351707749031
-0.006768126212971
0.007261316545827
0.017486991841245
0.022681433080962
0.022609878455843
0.018264487070223
0.011951360024960
0.006788521633598
0.005570648114776
0.009505912828666
0.017719520729621
0.027651538310927
0.035771476463608
0.038353436772052
0.032302525160579
0.016295472031884
-0.007895614598876
-0.035319218108969
-0.059562749185248
-0.074743761102627
-0.076817504101121
-0.064742153842191
-0.041479607449224
-0.013681083459443
0.010596574687609
0.025024739922799
0.027110685536007
0.018481282877846
0.003546504152256
-0.012550244250496
-0.025259488979507
-0.031046181217836
-0.027751149759322
-0.014897270031055
0.006149161583070
0.031951432119642
0.057267343392175
0.076238992682363
0.083853974405875
0.077036887450025
0.055463923968151
0.022278074572575
-0.015790736749040
-0.049763173599228
-0.071126885290621
-0.074740122688655
-0.060527058960727
-0.033045132323523
0.000523897815209
0.032284753641024
0.055016315764901
0.063923479137909
0.058294296636377
0.041466358686778
0.018978683130285
-0.003599134995380
-0.021784854075196
-0.032368433341153
-0.033798371314087
-0.026937420584565
-0.015217565440571
-0.003490413795000
0.003990718001419
0.005197332794345
0.000792276798595
-0.006568852229983
-0.013627035655784
-0.017711755340099
-0.017552012603188
-0.013912710541847
-0.009382769929967
-0.007096147418966
-0.009093584435031
-0.014888507499001
-0.021282084338852
-0.024127239222008
-0.020722931750252
-0.011103056562662
0.002213496480497
0.015510839630253
0.025262732848301
0.028926419134188
0.025325806602308
0.015301467846709
0.002583214378313
-0.006895716570006
-0.008264373617620
-0.000696422840096
0.012889959251333
0.028270828558279
0.041959868070586
0.051781733583060
0.056267596164836
0.054097622781247
0.044184451455902
0.026159334158927
0.001399187531084
-0.025936785583961
-0.049339697922971
-0.062252342701999
-0.060962716803964
-0.046222393695149
-0.022764846420356
0.002508591645568
0.022804986338047
0.033482132572169
0.032975240849699
0.022738909127913
0.006776702443341
-0.009531607135697
-0.021295688497021
-0.025782533415132
-0.023121049561533
-0.015802540490383
-0.007233353051252
-0.000116801698950
0.004520709996929
0.007408751412367
0.010296681066624
0.014664919492601
0.020629401036250
0.026808234874315
0.031128211754250
0.031787674522628
0.027879133099190
0.019626536444581
0.008015386933269
-0.005761348127187
-0.020179844128432
-0.032950956263339
-0.041134050860141
-0.042025308107604
-0.034842435827542
-0.022255208134246
-0.009931342423759
-0.003856373203272
-0.007129571966651
-0.018193874256269
-0.031755448995217
-0.041953858082866
-0.045336612427263
-0.041436160795924
-0.031392656565261
-0.016648703995769
0.001280002160593
0.020330035314186
0.037419396129156
0.048731392169534
0.050967694769171
0.042789738064528
0.025733848890593
0.004152689215478
-0.016176705869003
-0.030129392451635
-0.034944804439615
-0.030960158325195
-0.020984872112463
-0.008907116939671
0.001533892132087
0.007854008075610
0.009606329755424
0.008205635081431
0.006137199621699
0.006029092015636
0.009474614178947
0.016134059597533
0.023990769822856
0.030488242520936
0.033532381856626
0.031801662729123
0.024726229928362
0.012898066290128
-0.001391960555756
-0.014561708471981
-0.023057270895414
-0.024802730145998
-0.020045757202025
-0.010885268577175
0.000084251827886
0.010702909077872
0.019194221222963
0.023686399185327
0.022419768977085
0.014852978271568
0.002662805744003
-0.010400409434130
-0.020238935793370
-0.024567845761035
-0.023634842607278
-0.019461026205805
-0.014538062011144
-0.010488703728787
-0.007505663293585
-0.004865723847674
-0.001702663304315
0.002452686531998
0.007432538906144
0.012567659649521
0.016840791043561
0.019066649966641
0.018517604151117
0.015483201018442
0.011113041392487
0.006615617027591
0.002324559130922
-0.002231208650640
-0.006949796484522
-0.010111434944288
-0.009069149824546
-0.002271078869635
0.008997602993142
0.020802689772569
0.028636459456601
0.029692264725056
0.023842337016623
0.012863671824112
-0.000951647322010
-0.015262395023769
-0.027512353770805
-0.035096627415823
-0.035990567866734
-0.029639661839096
-0.017628901433114
-0.003507389087869
0.008454258097297
0.015042793491364
0.015276321619818
0.010334006459950
0.002600457596474
-0.005540898140775
-0.012343804523721
-0.016405427785142
-0.016647306365854
-0.013164679032054
-0.007572954451140
-0.002296036762132
0.000586517500661
0.000523608720319
-0.001324127592667
-0.003373859732652
-0.004937854039467
-0.006395574172405
-0.008313958677815
-0.010316426131385
-0.011019443023741
-0.009279757050731
-0.005333075492171
-0.000570535415904
0.003815514806883
0.007774954672401
0.011850430033261
0.015935187152767
0.018676498964852
0.018092363230067
0.013293616726670
0.006004222168832
0.000212743460702
0.000075712217453
0.007474772547203
0.020556107530116
0.034286606557507
0.042842527072800
0.042165969784061
0.031058496060906
0.010836550259405
-0.015084074738364
-0.041402936738908
-0.061989335071746
-0.071788502138752
-0.068500402810572
-0.053021224536706
-0.028415434199719
0.001271572760441
0.031229735983275
0.055961296816598
0.070157728524627
0.070207615083476
0.055831483020545
0.030660907280451
0.000829188556723
-0.027161288441780
-0.047806639879626
-0.057455210246219
-0.055018870640457
-0.042276447533314
-0.023315004926734
-0.003174150642345
0.013422498519027
0.023060325742511
0.024537290973434
0.018950989003968
0.008853912327270
-0.002665878003317
-0.012560391553714
-0.018001380320467
-0.016536398844101
-0.007116903442338
0.008197596552355
0.023828879654442
0.032907005720546
0.030872010978168
0.017931143540247
-0.001024101951547
-0.018703636667402
-0.028575891039211
-0.027230089996840
-0.015166304445430
0.003633720665458
0.023340205112745
0.038638354608911
0.046162755770392
0.044469343399755
0.033611820676650
0.015205799832125
-0.007111862629212
-0.027923880589397
-0.041813275680655
-0.045601832378787
-0.039355314527872
-0.025934097834160
-0.009645610218309
0.005382211789399
0.016370793826172
0.022354225845556
0.023768459717082
0.021246446485141
0.014905568451144
0.005007104589077
-0.006866022562027
-0.017485623953248
-0.023122119357046
-0.021455547073510
-0.012913960814374
-0.000714723369921
0.010297039310894
0.015440721610243
0.011940516092161
0.000137417927194
-0.016282987819310
-0.031473669658104
-0.039721836261072
-0.037794551938830
-0.026247853271351
-0.009046833564800
0.008198847348423
0.020402963324938
0.024968772073417
0.022739531923335
0.017024266370982
0.011486257687308
0.008507593238425
0.008621174274694
0.010820720253862
0.013207360203671
0.013593919360581
0.010270315258086
0.002843023976908
-0.007409407345878
-0.017760741561056
-0.024684918299302
-0.025060116446691
-0.017663757311520
-0.003930731693695
0.012488369264721
0.026621602259484
0.033229438126364
0.028696784936366
0.013240394997859
-0.008685728781575
-0.030396323204628
-0.045659192809792
-0.050755680199348
-0.045562894925167
-0.033194130977682
-0.018251588551366
-0.004724049037823
0.005293859007744
0.011746793141729
0.015888446559189
0.019162538096606
0.022653941780132
0.027218110421749
0.033219170787035
0.039826779872577
0.044797663665798
0.045094040174191
0.038447351612395
0.025104937719247
0.007980767797551
-0.008859121633167
-0.021828145188145
-0.028854656762853
-0.029790900216254
-0.026131964469984
-0.020230262378027
-0.014432893085913
-0.010386300915148
-0.008452790719935
-0.007556108542697
-0.005981953425749
-0.002498662934990
0.003231164644104
0.010626354759071
0.018201905467660
0.024026169361517
0.026277984369550
0.023522557708259
0.015124882194120
0.001928343401917
-0.013194223580671
-0.025670019430777
-0.030940906180843
-0.026696792268247
-0.014017188661616
0.003269896944496
0.020269502326529
0.032642803677145
0.037799133041983
0.035411046890744
0.026840491371533
0.014111869528798
-0.000596218336461
-0.015144695041929
-0.027579792023376
-0.036125841848165
-0.039337364160500
-0.036399601424622
-0.027273999252369
-0.012967570273066
0.004084448454837
0.020248928844649
0.031696927661859
0.035627370454336
0.031329348531444
0.020696154801793
0.007577361298547
-0.004026474395339
-0.011776827442851
-0.015731850971595
-0.017940620396108
-0.020989818579099
-0.026017896504817
-0.031779393884063
-0.035449197292969
-0.034221552791487
-0.026871832009344
-0.014683467203546
-0.001076314742264
0.009886985102900
0.015311951711244
0.014649113861074
0.009480536359249
0.002319442601161
-0.004480099545682
-0.009090057075372
-0.010054328510975
-0.006434296842589
0.001581117889486
0.012433661329815
0.023490284346732
0.031623846503566
0.034271666359017
0.030397708500999
0.020728444354265
0.007542484169390
-0.005974297399853
-0.016737379813567
-0.022627208886128
-0.022981775056047
-0.018609766218150
-0.011330469699525
-0.003361301599123
0.003153595901967
0.006367445648886
0.004939361794137
-0.001439397612704
-0.011528847799365
-0.022533261187530
-0.030679859479345
-0.032489722295875
-0.026395768001466
-0.013584842780865
0.002613739524545
0.018367015470769
0.030893712091038
0.038812336003754
0.041460003889004
0.038603956921122
0.030940085569044
0.020400083450302
0.009537507863609
0.000235472612378
-0.007122448015082
-0.013153372879020
-0.018176776427564
-0.021298454019837
-0.020590828249018
-0.014282069971861
-0.002097168630916
0.014067449173998
0.030292669653420
0.041679103453410
0.044130654736263
0.036109763555917
0.019462205645290
-0.001343669646166
-0.021211151723834
-0.036237685025131
-0.044477369316014
-0.045767227864812
-0.041091589844003
-0.032152590047677
-0.021182917164956
-0.010200063168896
0.000085789341380
0.010293895688416
0.020930821250170
0.031139908618826
0.039275149692376
0.044306264675256
0.046046018595421
0.044398214490678
0.039012390054533
0.029759460274657
0.017501287304706
0.004009748127004
-0.009011472393617
-0.020217200072711
-0.028234952526873
-0.031957065692607
-0.031119250111652
-0.026283467395855
-0.018510313415815
-0.009143574125736
0.000260518169379
0.008142046000299
0.013466207559453
0.016164566513461
0.016890252249443
0.015978459492373
0.012620804602449
0.005553641935771
-0.005379800893518
-0.018592400240433
-0.031355778693096
-0.041161860451426
-0.047056952129600
-0.049317847746641
-0.047893061212108
-0.042085925147020
-0.031697746809134
-0.017958873600031
-0.003428657550168
0.009046409974466
0.017592976862808
0.021952534453481
0.023296845635871
0.023359321157869
0.023259923899671
0.022683086459866
0.020188922094513
0.014883466568400
0.007915176509421
0.001921086728861
-0.001037338194446
-0.000937655168218
0.000612121984609
0.002103403374449
0.003099299633128
0.003539138795254
0.003096593438403
0.001688405366804
-0.000024327397215
-0.001095993221447
-0.001226469514261
-0.001034153548449
-0.001256270210541
-0.001818734138732
-0.001744440687524
0.000042862047443
0.003511227093565
0.007039836399836
0.008349238995729
0.005959677402854
0.000220613407744
-0.006589098779066
-0.011313938515239
-0.011336409095488
-0.005676992582151
0.004390835168337
0.015810588631718
0.025205793769053
0.030225076986325
0.030115760715067
0.025484836795976
0.017649926642399
0.008267335678877
-0.000841370152327
-0.008119146908913
-0.012886589315843
-0.015743427025957
-0.018083771657229
-0.020771555461876
-0.023344439098464
-0.024464303228743
-0.023043293018731
-0.019224082164274
-0.014231032843482
-0.009194347354297
-0.004445755159658
0.000127969925662
0.004321824508946
0.007248218988019
0.007901685710726
0.006140659580168
0.002941215405648
-0.000407033831373
-0.003398819295881
-0.006515912747053
-0.010266729591357
-0.014172265936330
-0.016509881223269
-0.014929881660349
-0.007870294111115
0.004174066967334
0.018496924484107
0.031082335103283
0.038269999430251
0.038458001586005
0.032515552520044
0.022663783296622
0.010989076270018
-0.001172025881495
-0.012627737712054
-0.021687256000121
-0.026727580015609
-0.027203623423107
-0.023815015622802
-0.017882297373702
-0.010652003720668
-0.003076505268840
0.004042648763738
0.009923200098459
0.013725242658646
0.014759300337393
0.012961417624663
0.008887574809890
0.003213763516918
-0.003424470229474
-0.010216402691247
-0.015988995272066
-0.019280052506074
-0.019002353338026
-0.015128704125410
-0.008510686360903
-0.000218024876082
0.008910727345449
0.018297543709302
0.027250990148219
0.034559108491012
0.038453914186203
0.037216841758538
0.030290706163855
0.018890223006918
0.005584009699193
-0.006545501782666
-0.014930539348943
-0.018430323268320
-0.017334546817421
-0.012729016438096
-0.006025562105544
0.001102079542003
0.006637535801971
0.008720921758336
0.006678039644754
0.001592320309382
-0.003988638509770
-0.007151837223375
-0.006233464736072
-0.001973704230312
0.002686569814988
0.004272720468788
0.001061901935837
-0.005726085004099
-0.012765178655350
-0.016552603351361
-0.015090603876889
-0.008701848365578
0.000163073598902
0.007968277973518
0.011719623203975
0.010509929890187
0.005723706994846
-0.000297025448872
-0.005732597676516
-0.009798257143938
-0.012257759414002
-0.012863802005496
-0.011784969307882
-0.010460126166475
-0.011219992776782
-0.015353405556231
-0.021333676429983
-0.025223330624527
-0.023277820546063
-0.014443486382313
-0.000690479699781
0.014479600608189
0.027690994799158
0.036387417052071
0.038850697498656
0.034588763795769
0.024895654524488
0.012613620074112
0.000987865040842
-0.007810307025315
-0.013390015392586
-0.016399782631824
-0.017257602141886
-0.015620302158749
-0.010820043917759
-0.002813036316505
0.007057970786816
0.016138438919645
0.021428441637025
0.021094426039471
0.015723221192748
0.008116971199692
0.001583880166881
-0.001888378987547
-0.002269631267081
-0.000943671071546
0.000043623039114
-0.001178356240410
-0.005154936676806
-0.010583748015582
-0.015017856342665
-0.016198381323148
-0.013392675513894
-0.007879784264609
-0.001926999726323
0.002681573073303
0.005175534807451
0.005564765707888
0.004459726937998
0.003044149939962
0.002649183256477
0.003903697935168
0.006219393127405
0.008033982145254
0.007664884285020
0.004286130820883
-0.001705582197024
-0.008975522485662
-0.015585115896666
-0.019422689661175
-0.018979328962261
-0.014088720674411
-0.006330423474468
0.001125679213776
0.004717376508410
0.002361252253809
-0.005398477234116
-0.015750334673213
-0.025041244688153
-0.030344410638620
-0.030324614867448
-0.024959791816784
-0.014676122634696
-0.000215229988287
0.016563887540085
0.032291725111980
0.042787224327347
0.044450505171643
0.035955975659196
0.019282988054978
-0.000833437189107
-0.018584509685530
-0.029103820635143
-0.030110119832993
-0.022364880479789
-0.009009559841722
0.005612357248338
0.017420071203133
0.023884865207398
0.024510043852908
0.020478261662722
0.013811482942529
0.006487222893436
-0.000061728462395
-0.004859403170998
-0.006869155956821
-0.004952472528083
0.001238573212422
0.010584332373437
0.020755460355051
0.028983819764462
0.033009954421686
0.031580936787437
0.024355516948911
0.012034041595951
-0.003300356318638
-0.018390800175655
-0.029895428784945
-0.035960458992980
-0.037013270490314
-0.034867586012400
-0.030992401735042
-0.025624297423703
-0.018413364431781
-0.009644412604962
-0.000547755115706
0.007379970277660
0.012999234371938
0.015697703972961
0.015211633972552
0.011368962026547
0.004381777567085
-0.004548441391725
-0.013242907507760
-0.019221656306519
-0.020614448419603
-0.017008184502811
-0.009694064357063
-0.000977235455981
0.006949934220080
0.012677023168348
0.015662328231890
0.016394882163710
0.016368466793556
0.017175744736580
0.019488844639028
0.022659506779272
0.024867803171660
0.024186394691980
0.020013833283066
0.013321718234837
0.005723277194539
-0.001507136010796
-0.007940685159044
-0.013711509825443
-0.018644179914442
-0.021800579793905
-0.021770368261171
-0.017371813029259
-0.008579124001466
0.002911640469315
0.014064404158696
0.021715773505643
0.024000048454815
0.020966203997339
0.013945195558359
0.004341158317864
-0.007155115423487
-0.020067530271507
-0.032853720049381
-0.042625477280100
-0.046276581697316
-0.041869316249344
-0.029476852812503
-0.011277581334374
0.009027797830082
0.027144829276643
0.039212289427548
0.042901681115455
0.038310527352495
0.027946700318014
0.015524394501590
0.004278336817344
-0.004301929861622
-0.010672235778947
-0.016094514349646
-0.021081371898240
-0.024811698919932
-0.025784646341619
-0.023071907716344
-0.017161945278840
-0.009658140998839
-0.002312967800338
0.003614927596254
0.007480519043175
0.009099800103689
0.008536768157944
0.006165698279704
0.002811185351430
-0.000488369113450
-0.002744030452715
-0.003216536985885
-0.001808236180422
0.000820332225416
0.003609811219718
0.005584261785307
0.006241999542565
0.005786280919504
0.005122267593732
0.005215349488842
0.006061509011185
0.006601419604613
0.005714527247408
0.003052135502444
-0.000743101759267
-0.004341156414629
-0.006635183523367
-0.007621222603674
-0.008412697976139
-0.010520934892603
-0.014754563560771
-0.020040254025737
-0.023188225396669
-0.020526982445114
-0.010619360991185
0.004275296817503
0.019450795005652
0.030470126650840
0.035071957355751
0.033432592138249
0.027404926908136
0.019699028717184
0.013199811996278
0.009845017601725
0.009464683043334
0.009981695759616
0.009158953894628
0.006439857817157
0.003284559637191
0.001627895431018
0.001888140651879
0.002418460520054
0.000685941186157
-0.004970039731610
-0.014094654406403
-0.023865472737720
-0.030143446825897
-0.029820473906317
-0.022760816961791
-0.011507250071358
0.000248090648988
0.008982692612328
0.012570156977782
0.010894312241354
0.005410335657173
-0.001563468960830
-0.007634249082685
-0.011252455209633
-0.012085416461445
-0.010672296690496
-0.007888190449194
-0.004570096530766
-0.001351874159961
0.001392735503379
0.003498170247226
0.004761527334374
0.004763459992585
0.003051326237051
-0.000321282381541
-0.004196226668087
-0.006436153377749
-0.004991434584272
0.000838499801486
0.009461965274736
0.017072145353286
0.019563219893859
0.015276771677065
0.006123406498081
-0.003991135088116
-0.011850583323501
-0.016321284090315
-0.017758713278683
-0.016690003284130
-0.013187048647216
-0.007293880643477
0.000175012246462
0.007567872559955
0.013138665589389
0.015717126754498
0.014921474024086
0.011097942534427
0.005361749292373
-0.000327208818833
-0.003839264830296
-0.004185722281860
-0.002168258266751
0.000183814212821
0.000911948877032
-0.000582473822073
-0.003329479030522
-0.005915628803390
-0.007561601142514
-0.008043528956440
-0.006981103454781
-0.003719558936434
0.001905979923035
0.008882828474204
0.015086334349916
0.018095533461314
0.016460875028393
0.010506981609346
0.002182886398189
-0.005679407738154
-0.010634199962005
-0.011899907545969
-0.010480593345602
-0.008166788412271
-0.006284425489915
-0.004838967029032
-0.002819102576244
0.000548529334735
0.004970174119776
0.009183048137565
0.011631803270983
0.011361967407657
0.008482595029875
0.003942909725123
-0.000967493488113
-0.005109942545332
-0.007788691052090
-0.008787725622075
-0.008310668205541
-0.006738395461325
-0.004291713316893
-0.000957995140879
0.003299432514910
0.008108715689691
0.012343184487900
0.014481131202134
0.013479894693850
0.009458841022370
0.003860736907693
-0.001237734689394
-0.004369640588526
-0.005284781239124
-0.004619760436502
-0.003314040684850
-0.002186201649681
-0.001796616572475
-0.002331829699406
-0.003245134887307
-0.003191220104742
-0.000792404375958
0.004119267845652
0.009878384223482
0.013849674335134
0.014132321159858
0.010700109151965
0.005314435007883
0.000310263457669
-0.002789134804078
-0.003832084000489
-0.003938513797097
-0.004921765675838
-0.008201658911412
-0.013988628501093
-0.021126182577957
-0.027278177314639
-0.029610121540645
-0.025953428867185
-0.015939465549127
-0.001668616777098
0.012603180318035
0.022127731044515
0.024091150971560
0.019159255622249
0.010865015353807
0.003535924869759
0.000279942214024
0.001592597992929
0.005214877945996
0.007831358539017
0.007123563090763
0.002494119460478
-0.005057670077894
-0.013351407720395
-0.019884691109625
-0.022665125555607
-0.020705373201807
-0.014396071145473
-0.005607115789943
0.002850043063968
0.008460099560601
0.010141509427968
0.008246518644351
0.003781278218927
-0.002181321384270
-0.008602300950822
-0.014191434401346
-0.017374176598209
-0.016838817041530
-0.012031716674121
-0.003580423180252
0.006338614414723
0.014737438142176
0.019434990171798
0.019954026003374
0.017371980272990
0.013573303348969
0.010151014455880
0.007722012960638
0.006083315215223
0.004637618313676
0.002649227248003
-0.000503799899744
-0.004784913117990
-0.009101406979138
-0.011851436671424
-0.011868789904242
-0.008870801222345
-0.003557016892043
0.002602477022090
0.007858871644580
0.010674159368284
0.010464725641412
0.008199748776996
0.005740883432071
0.004514538380868
0.004861008013141
0.006016796515561
0.006623404067756
0.005779283694231
0.003655002053737
0.001112231071667
-0.000919847842969
-0.001748901263328
-0.001185816307493
0.000290032260406
0.001983142437129
0.003564217623911
0.004887044869823
0.005590991960777
0.005243339873698
0.003638161836297
0.000988302609971
-0.002060245581633
-0.004687419951013
-0.006029831630583
-0.005257209661760
-0.002115665746004
0.002531530644730
0.006945972079822
0.009304699939889
0.008380140065069
0.003952296514924
-0.003012461501367
-0.010714181671813
-0.017269377500246
-0.021168525736974
-0.021550287257402
-0.018551923021459
-0.013165463089376
-0.006655497675906
-0.000309001483457
0.004576912454832
0.007065837092396
0.007170196362844
0.005941542546347
0.004704417388422
0.003926092406002
0.002778285892027
0.000029188793581
-0.004418195009363
-0.008863879344015
-0.010749878815272
-0.008473423466483
-0.002682130548661
0.004122083598495
0.009482201824415
0.012489819325288
0.013614134193372
0.013689204565998
0.013115359026770
0.011603611413109
0.008686802852719
0.004436213498897
-0.000456976888213
-0.004941001893110
-0.007895438194457
-0.008687862636332
-0.007639440496722
-0.005896327100170
-0.004764610651072
-0.005004005495524
-0.006597546885164
-0.008827148602601
-0.010449729609950
-0.010231536220452
-0.007569750351365
-0.002752251346698
0.003137168638926
0.008638705784193
0.012346996441810
0.013257269556455
0.011446424889938
0.008312683187676
0.005526926375952
0.003947042200693
0.003530639890194
0.003598784181359
0.003096713903492
0.001058096341789
-0.002943954182038
-0.008529558415218
-0.014331581359495
-0.018160496841273
-0.017978684644695
-0.013270617039828
-0.005460237986729
0.002993995242192
0.009819811660126
0.013810719745415
0.015073650290237
0.014378239210759
0.012340619850408
0.009357719176786
0.005954873685551
0.002886451846468
0.000804748657218
-0.000261595380289
-0.000916908519639
-0.001776470392848
-0.002964814086131
-0.004198510384456
-0.005195789290690
-0.005777773461701
-0.005594662351930
-0.004197653083010
-0.001577570263019
0.001506773955947
0.003759236944096
0.004018923380218
0.001965289367383
-0.001733221278605
-0.005858330839510
-0.009186307198050
-0.010847545003568
-0.010331138758974
-0.007418309634342
-0.002549958829364
0.002843915630520
0.006657054775443
0.007016665775328
0.003552817161112
-0.001986365034736
-0.006712825927240
-0.008408021308094
-0.006660477529363
-0.002564624432485
0.002521592274356
0.007851806132865
0.013115778512312
0.017680710490667
0.020254593543013
0.019522644589658
0.015099946296275
0.007849731626735
-0.000476771381163
-0.007908040914378
-0.012973143827226
-0.015141597405172
-0.014782813471993
-0.012625199849758
-0.008919480102826
-0.003247235186631
0.004412876142632
0.012457770300408
0.017804683979825
0.017667547153234
0.011525730742097
0.001302760800433
-0.010098912321274
-0.019987882603985
-0.026201511953406
-0.027258055021419
-0.022741991486716
-0.013869037140386
-0.003549075599858
0.004766537539376
0.008869047023945
0.008847608050824
0.006616051661410
0.004335762969640
0.003118875602886
0.002781482900324
0.002391348895657
0.001182325255368
-0.000871931272890
-0.003234476570895
-0.005231356590604
-0.006307090240403
-0.006043471686092
-0.003951968158312
0.000374125465662
0.006329553496808
0.011699534358081
0.013580048514594
0.010226818005727
0.002297944601504
-0.007596207474776
-0.016645641318423
-0.023167630334174
-0.026469893208790
-0.026016123037136
-0.021208510133475
-0.012071839187342
0.000017556892772
0.012466370329821
0.022544122866611
0.028571512307903
0.030112828807885
0.027341941603001
0.020849175944279
0.011959454921862
0.002729726932175
-0.004630012279509
-0.008820580614762
-0.010156204110028
-0.009928513736074
-0.009212181306241
-0.008397063406919
-0.007283716356953
-0.005313520330810
-0.002110042722892
0.001891841207498
0.005403850611500
0.007039696213731
0.006177767617932
0.003099174503065
-0.001381260764974
-0.006109070531562
-0.009636242376891
-0.010452929106771
-0.007608523841545
-0.001625140840174
0.005304255019007
0.010602126596192
0.012983076768011
0.012910135466372
0.011623158418542
0.009865367983276
0.007550736409515
0.004390061203079
0.000587504829608
-0.002891060573754
-0.004743325645643
-0.004392144419846
-0.002661713937980
-0.001281436842150
-0.001664627980274
-0.003967263232440
-0.007144640251265
-0.009744888045175
-0.010688544370690
-0.009622844353751
-0.006694777914497
-0.002284312990307
0.002829699179402
0.007608520904617
0.011428894876343
0.014429916010056
0.017116628397523
0.019563670226325
0.021013892645492
0.020277218255293
0.016490883986237
0.009899709559213
0.002235018777630
-0.003966522565301
-0.006696614724895
-0.005443770920614
-0.001330064982579
0.003610951836416
0.007335094129120
0.008264214827780
0.005752704887621
0.000492262582146
-0.005854434943981
-0.011537405875467
-0.015377050880265
-0.017009998082919
-0.016747899970151
-0.015178059899315
-0.012775605884397
-0.009790895735944
-0.006641610897093
-0.004246755073668
-0.003418289552753
-0.003963736354001
-0.004742268292553
-0.004528524755780
-0.002814646340000
-0.000020955002664
0.002878466028042
0.004902388899447
0.005520489817421
0.004823074033617
0.003261938623137
0.001368169280744
-0.000358984844063
-0.001591770830145
-0.002147961808960
-0.001856728313720
-0.000734113900936
0.000730848649730
0.001640328095339
0.001208055265656
-0.000623243005379
-0.003215448666223
-0.005901755052722
-0.008400539945785
-0.010677986568428
-0.012482882419850
-0.013013595510243
-0.011376529011668
-0.007480028108242
-0.002420024075472
0.001898723565854
0.003827570808291
0.003027597196265
0.000523711274017
-0.001953646871916
-0.002633329994634
-0.000380921487452
0.004687893912728
0.010972931354829
0.015866074345421
0.017149815595324
0.014485305268453
0.009532001375846
0.004517245086158
0.000617510135298
-0.002373732452010
-0.005110662297747
-0.007886961321364
-0.010549544715141
-0.012613836062883
-0.013344155970473
-0.011910136227157
-0.007857009896513
-0.001769330438870
0.004739897212334
0.009923074170749
0.012729648120236
0.012986229641521
0.011130542634068
0.007860417311391
0.003945077600395
0.000179325263393
-0.002725207875922
-0.004324827227001
-0.004510035933727
-0.003397585461006
-0.001271786950043
0.001381841893510
0.004071748555134
0.006461829008018
0.008071019029071
0.008233562408511
0.006706926987417
0.004022736719561
0.001230313015837
-0.000559892996931
-0.000783570701922
0.000080402209637
0.000801380203406
0.000351388322000
-0.001425407463311
-0.003972389931296
-0.006574517411360
-0.008553255299879
-0.009116132831158
-0.007490798489021
-0.003570091558496
0.001431655186177
0.005163540522327
0.005479029068767
0.001940736804125
-0.003756700565010
-0.008625926030574
-0.009948345126216
-0.006576145333667
0.000747401537302
0.009826921369408
0.018021130386660
0.023371605280646
0.024850132162002
0.021955091933893
0.014679248055385
0.003924419885202
-0.008128696648383
-0.018286251161901
-0.023485290150340
-0.022192943508343
-0.015156191072339
-0.004841702451151
0.006134056363281
0.016045056157685
0.023653278144742
0.027258460590027
0.024746335221631
0.015224809000554
0.000643878843622
-0.014810723511304
-0.026999940875779
-0.033559844857691
-0.034217439367808
-0.030010620154834
-0.022196892921736
-0.011876174662850
-0.000481313448137
0.009867912694584
0.016990337394789
0.019713310764515
0.018277077940689
0.014047709773765
0.008999135612556
0.004911597084305
0.002613931582115
0.001850985808116
0.001688227184396
0.001140187380320
-0.000275488889574
-0.002452434277250
-0.005058599288824
-0.007786926337189
-0.010256807663150
-0.011935294718896
-0.012252595148057
-0.010889241120837
-0.008188888042864
-0.005253334736374
-0.003363365712241
-0.003091183021988
-0.003920774303971
-0.004746161494519
-0.004745546431767
-0.003983089076035
-0.003273447581628
-0.003250211934501
-0.003637402212760
-0.003512088264301
-0.002033121234260
0.000963439887606
0.004948698767728
0.009336805688643
0.013708313451359
0.017302991213680
0.018838540012989
0.017092729172090
0.011855390505705
0.004481737176485
-0.002576262479828
-0.006866774560220
-0.006951434964239
-0.002919572080246
0.003696385783728
0.010295492728666
0.014013245211890
0.012972521401618
0.006970987470708
-0.002655011430897
-0.013451301625823
-0.022604486776717
-0.027798163214280
-0.027710680936492
-0.022307089191070
-0.012939527649822
-0.002026888849545
0.007698978096204
0.014177325150364
0.016741634586702
0.016166971407610
0.014098477734283
0.012130649209618
0.010964546087484
0.010215571697985
0.008936308066725
0.006291938865038
0.001977634949204
-0.003676852795323
-0.009883859979457
-0.015696585320285
-0.020195761554028
-0.022419491949867
-0.021303883458903
-0.016242525106257
-0.007906362534033
0.001778703709140
0.010423013766461
0.016070243071555
0.017900584095631
0.016389720131729
0.013057606408832
0.009876498142756
0.008166713169728
0.007917014571831
0.008161317583380
0.007688243915661
0.005625192101623
0.001774780611057
-0.003426715428268
-0.009179056422218
-0.014741642161545
-0.019598000304199
-0.022991644459668
-0.023693197109794
-0.020700024429941
-0.014241504928915
-0.006209448304581
0.000573387374357
0.004001048154505
0.003832623108502
0.001451790621020
-0.001061205517216
-0.001768060394721
0.000356544158342
0.004986444233147
0.010771589839812
0.016050967714414
0.019347904019399
0.019653571254075
0.016849411327326
0.011903970948844
0.006275187057796
0.001245874721926
-0.002287334953208
-0.004026083565460
-0.004222650319262
-0.003244829782404
-0.001305804569127
0.001613016565168
0.005527529764568
0.009850481802674
0.013189202531482
0.014000804326449
0.011564380518333
0.006304945766790
-0.000616832093893
-0.007708108231697
-0.013512283687902
-0.016936187787536
-0.017096894974222
-0.013287122402173
-0.005653560179892
0.004137058154835
0.012992391471134
0.017554534361791
0.015987611570687
0.008896909896943
-0.001220295776967
-0.011161537348443
-0.018167176380447
-0.020731349750792
-0.018869249134062
-0.013803861557157
-0.007298806475675
-0.001113159567700
0.003349905437747
0.005515539351735
0.005821858418559
0.005104059285543
0.003874485860516
0.002211913922919
0.000202407261063
-0.001384970837505
-0.001106389141573
0.002041339587005
0.007568629071471
0.013488075560465
0.017168016188795
0.016456894971488
0.010481848250079
-0.000020376707479
-0.012688598912414
-0.023981777714815
-0.030224651525672
-0.029106253172621
-0.020869212720836
-0.008180859532696
0.005130381554827
0.015499024742211
0.020753187474900
0.020618397689341
0.016233393405647
0.009126323359422
0.000664951006375
-0.007826277660220
-0.014960910522940
-0.019360475903846
-0.019858166802469
-0.016145277553079
-0.009367498871149
-0.001808595467271
0.004172750737503
0.007088973167551
0.006727580729091
0.004232447067087
0.001615250076068
0.000612383915195
0.001847181564957
0.004631761553607
0.007396483712572
0.008845262167539
0.008749536718291
0.007802570484363
0.007050044413626
0.007000115117032
0.007187947562227
0.006806831234228
0.005369911901195
0.002814489190724
-0.000596191113584
-0.004336803211470
-0.007619105867762
-0.009610709046778
-0.009734198446105
-0.007664415561001
-0.003514907233479
0.001559759868369
0.005351813783433
0.005840551777151
0.002771189095115
-0.002072506874363
-0.006201400798242
-0.007787188704920
-0.006223364871397
-0.002339392095251
0.002078088475821
0.005409187236892
0.006693220424042
0.005476072346308
0.001866860866221
-0.003342468510139
-0.008781262001340
-0.012849432142270
-0.014267879608775
-0.012437407986151
-0.007576905957036
-0.000822227463895
0.005962043660823
0.010787980395600
0.012403627291110
0.010843253435274
0.007140758129906
0.002694468908433
-0.001233865455300
-0.004006954436429
-0.005668810032970
-0.006504408153386
-0.006881294376712
-0.007285831743806
-0.008080605033275
-0.009198080122702
-0.010050022135178
-0.009780814382538
-0.007780199523709
-0.004119646071229
0.000330227282094
0.004318272943906
0.007036159173576
0.008420426266279
0.008736536506107
0.008345432461252
0.007593510493020
0.006598238235841
0.005431596979159
0.004289088471428
0.003212225225065
0.001936156613821
0.000104575022222
-0.002323582327104
-0.004769143820762
-0.006133432165597
-0.005208628358234
-0.001479091337911
0.004067772922443
0.009372872806260
0.012707949943287
0.013482586753217
0.012046302052420
0.009119121486613
0.005554799523526
0.002371097912702
0.000539050503475
0.000693428168843
0.002758100030792
0.005491444253223
0.006913685481530
0.005643882883226
0.001747753525943
-0.003411198121427
-0.007926303243808
-0.010426990695239
-0.010524308806658
-0.008187437596657
-0.003481408517064
0.002789660927444
0.008727804370996
0.011982383932444
0.011130787956319
0.006661257683139
0.000578964401935
-0.004843399749055
-0.008130404315962
-0.008863124135681
-0.007311237807206
-0.004191308562868
-0.000474875530118
0.003046605164537
0.005833072622061
0.007306622946605
0.006955163724093
0.004643836622752
0.000803530264444
-0.003338414222228
-0.006110184227879
-0.006559476236273
-0.005064023472468
-0.002815865151677
-0.001035967319505
-0.000469898175938
-0.001277384573329
-0.003119530952838
-0.005325619038640
-0.007293207478399
-0.008707211751434
-0.009410379722858
-0.009334240544002
-0.008462271217057
-0.006776230605006
-0.004199735760003
-0.000596722146224
0.003950572780384
0.008848481208443
0.012917912033334
0.014601299921616
0.012744637569348
0.007531819842998
0.000593606688925
-0.005821720561761
-0.009844884862424
-0.010583415942563
-0.008235393581689
-0.003837591860781
0.001095542754103
0.004963597518464
0.006509853519668
0.005208055545974
0.001571424823464
-0.002968790310123
-0.006770118390609
-0.008646119182051
-0.008160109453408
-0.005526834774767
-0.001208133317484
0.004105634883480
0.009276928261498
0.013010464999076
0.014319076875412
0.012953557663121
0.009704751629484
0.005955640200363
0.002701856970761
-0.000005110882210
-0.002609289533653
-0.005107782491385
-0.006845166833761
-0.007122928710816
-0.005775122745303
-0.003452712460303
-0.001422450356590
-0.000733801583858
-0.001648247678862
-0.003854088864796
-0.006742934032899
-0.009607220777116
-0.011828402778387
-0.012654290363915
-0.011249789123998
-0.007490256331000
-0.002430046127956
0.002147156073118
0.004671093117880
0.004436458575058
0.001628930367720
-0.002676936487768
-0.006697290420949
-0.008814574398598
-0.008371931601858
-0.005794155987456
-0.002225934302041
0.001270642307930
0.004369357481370
0.007113887125675
0.009049552124928
0.009106937302914
0.006415096359575
0.001334992004675
-0.004212149579310
-0.007613235606455
-0.006945358552761
-0.001978583737557
0.005687411482932
0.013403071348077
0.018498808817284
0.019275418407901
0.015780735301886
0.009676314493620
0.003326015985275
-0.001238901443315
-0.003071987741750
-0.002391600481591
-0.000115471466044
0.002690099449366
0.005118564603504
0.006361179249886
0.005748633713342
0.003271310224639
-0.000218632386801
-0.003779263935846
-0.007003233443035
-0.009453813190942
-0.009953350206488
-0.007073455683995
-0.000492106341718
0.008205466669260
0.016082408101152
0.020317548331709
0.019601515397624
0.014462867254027
0.006489617402427
-0.002410895757798
-0.010304481595309
-0.015421306869913
-0.016349411527312
-0.012610912322917
-0.005330665506481
0.003084584051722
0.010120256535009
0.014096207094823
0.014431803717050
0.011619684699722
0.007072342221518
0.002473691357495
-0.001075530114205
-0.003350069772499
-0.004719054847920
-0.005661084340427
-0.006219487573347
-0.005928618605346
-0.004490967011904
-0.002189812608901
0.000355940578079
0.002327993145751
0.002999109277781
0.002375876930605
0.001227626073940
0.000460805159489
0.000407292635702
0.000331493486831
-0.001092998190945
-0.004482538649570
-0.009005170965787
-0.012913563117295
-0.014739282332435
-0.014031495744188
-0.011328781441358
-0.007740484821401
-0.004247217996470
-0.001124150203565
0.001818877395516
0.004525001496883
0.006489958089659
0.007095998754492
0.006015189648789
0.003506171230867
0.000321619892188
-0.002545299765430
-0.003978145125572
-0.003178782173167
-0.000284064187867
0.003500086971180
0.006337579646811
0.006524644730949
0.003259461017727
-0.002730189884928
-0.009180060041145
-0.013440758734717
-0.013959833523663
-0.010896936270526
-0.005904750109396
-0.001401611817057
0.000652692711986
-0.000224250981438
-0.003059881055556
-0.006175660910469
-0.007912495309046
-0.007029637647192
-0.003037137577124
0.003372439544649
0.010498356436961
0.016489696232869
0.019954364730157
0.020288979590921
0.017886474899532
0.013760709362734
0.008902601625359
0.004028205263875
-0.000371946424323
-0.003964801085057
-0.006552703475397
-0.008076637855656
-0.008592593077618
-0.008255841496599
-0.007306375877432
-0.006005395894294
-0.004635600463459
-0.003435617319071
-0.002381417626074
-0.001194261660827
0.000468755616853
0.002809293005289
0.005599806227835
0.008241580019467
0.010106021922329
0.010605062216635
0.009331739617898
0.006401638127572
0.002435489331577
-0.001768682524717
-0.005501166269185
-0.008270727421802
-0.009899424561780
-0.010611410740647
-0.010808477755108
-0.010575752545061
-0.009567129699518
-0.007263611737366
-0.003314442501275
0.001770137986291
0.006318756073480
0.008594282415120
0.008176082619971
0.006250082074389
0.004799442236739
0.005146050739019
0.006969792193962
0.008781371557694
0.009138579510276
0.007449858212726
0.004061023449807
-0.000159883962145
-0.004255604713667
-0.007280477358212
-0.008295509406389
-0.006705099061084
-0.002830784268803
0.002085218489809
0.006597304514220
0.009565372723641
0.010380727688613
0.009284811217036
0.007105890718170
0.004480232937239
0.001544271446898
-0.001872236016032
-0.005830342909773
-0.009800205351445
-0.012678481452056
-0.013441539534770
-0.011800132528178
-0.008333524001456
-0.004165934452324
-0.000502449188322
0.001827537535988
0.002555441710683
0.001792215416445
0.000044672932655
-0.001817392262726
-0.003204634091877
-0.004094990723826
-0.004647345417483
-0.005003467569103
-0.005137914241349
-0.004645309757398
-0.002954970280886
0.000188365880384
0.004401823060284
0.008624699974658
0.011525706011804
0.012286865055483
0.011092958267943
0.008824069211824
0.006326223664812
0.004022988118843
0.001978770954294
0.000072608224018
-0.001647607692611
-0.002792849417593
-0.003186815976226
-0.003179848660778
-0.003067058755596
-0.002842762395279
-0.002649191392277
-0.002840150745051
-0.003592404739246
-0.004722197782355
-0.005839373365012
-0.006650111531466
-0.007070056601452
-0.007000230466616
-0.006137538745574
-0.004175712164195
-0.001240353644339
0.001912754171941
0.004283311202279
0.005300872849588
0.005063904466463
0.004005390260026
0.002568301843017
0.001280002735833
0.000751231247087
0.001210360369555
0.002388214125189
0.004142034241889
0.006617102053766
0.009520592525115
0.011792822829866
0.012266405040140
0.010440109972564
0.006689155024789
0.002088694526868
-0.001901107788920
-0.003961301876266
-0.003522066496994
-0.000955032062395
0.002707694544619
0.006091046274518
0.007809495493810
0.006940794224745
0.003414095332470
-0.001877082260970
-0.007352804516508
-0.011320947133452
-0.012564962547377
-0.010841455830652
-0.006944067784086
-0.002122785187402
0.002480579783924
0.005952537313175
0.007638396816506
0.007259480684590
0.004990886449035
0.001388036314488
-0.002802298980632
-0.006735612162445
-0.009590800865278
-0.010843771480995
-0.010393447839021
-0.008627491903982
-0.006481839559800
-0.005051896094403
-0.005002328638971
-0.006265214630007
-0.007950934261103
-0.008667071268638
-0.007213477183564
-0.003086435515912
0.003209117992292
0.010187886890505
0.016077237674149
0.019468450906160
0.019555310582838
0.016376380544766
0.010856158658059
0.004399924480971
-0.001611801988085
-0.006118389809408
-0.008543392769867
-0.008967452734376
-0.007945435765450
-0.005893892193383
-0.002965824429151
0.000372722517500
0.003159211704203
0.004460856069442
0.003949488074522
0.002211822093551
0.000478065846537
-0.000271587190823
0.000085341014909
0.001021265472785
0.001837679496258
0.001972977617184
0.001236984195273
-0.000057988374579
-0.001254657803312
-0.001657378063812
-0.000844463574570
0.000946955393884
0.002842653548614
0.004101478910775
0.004635870317078
0.004615284551264
0.003924978882988
0.002140280648595
-0.001003031687235
-0.004993508916648
-0.008440678886292
-0.009809984332442
-0.008481780273175
-0.005200978152279
-0.001433691054101
0.001650753461182
0.003515457031309
0.004038393104297
0.003335472890736
0.001787678870462
0.000163317341093
-0.000711256821122
-0.000633583572627
-0.000175321878479
-0.000346344199732
-0.001969695287198
-0.004711003737293
-0.006946271669030
-0.007019905625899
-0.004383420148641
0.000197367510654
0.004988807829114
0.008081955755775
0.008284130836198
0.005649049568227
0.001443823412379
-0.002558792328301
-0.005021436076889
-0.005589022995802
-0.004734834924903
-0.003094107452209
-0.001182133326087
0.000337699763975
0.000764206536403
-0.000228534886826
-0.002530413892840
-0.005598034503597
-0.008427145223961
-0.009880445395857
-0.009203192450127
-0.006368449699196
-0.002051630306007
0.002794341674191
0.007335664843255
0.010851268463471
0.012617745643524
0.012143570421510
0.009535567108417
0.005531761387756
0.001275061656483
-0.002020936763776
-0.003569521319701
-0.003345546866242
-0.001886253962443
-0.000027781076921
0.001192938535176
0.001081323534273
-0.000087953106052
-0.001251933330038
-0.001313029933767
0.000131327645484
0.002480623800391
0.004579753409527
0.005590785938583
0.005418093443847
0.004485626834063
0.003365403037880
0.002518324127793
0.002127514804880
0.002017377671080
0.001715088745791
0.000637907874183
-0.001604387477132
-0.004697617753814
-0.007452769318286
-0.008584640825727
-0.007574035167317
-0.004775181257258
-0.001271771466223
0.001569857020838
0.003083287336077
0.003687812893155
0.004259742463801
0.005362537908662
0.006709877048246
0.007176222519814
0.005599759557231
0.001648047439734
-0.003906041323575
-0.009416944278570
-0.012901431852871
-0.012740515637979
-0.008432336000960
-0.000902526239855
0.007947872186862
0.015850645880464
0.020783568473801
0.021693932534540
0.018581688643029
0.012091530562870
0.003485665400392
-0.005301063762376
-0.012065312970692
-0.015193030280000
-0.014488061599392
-0.011106911076391
-0.006680658858112
-0.002577886347086
0.000300322173938
0.001445445751565
0.000780527183842
-0.001162264430810
-0.003370999623660
-0.004871123947336
-0.005137511945476
-0.004205363057782
-0.002610831312276
-0.001209080177772
-0.000949488911861
-0.002435745757673
-0.005389815474358
-0.008715099432021
-0.011069057125703
-0.011391460259997
-0.009330887517595
-0.005415992836599
-0.000757244341025
0.003508990208065
0.006540781397933
0.007701750589190
0.006661281059866
0.003867613103647
0.000593100527020
-0.001687689802539
-0.002101711951848
-0.000862588527831
0.001021665627144
0.002575887711817
0.003342518141198
0.003172901265449
0.001835616486599
-0.000936565872972
-0.004937724441839
-0.009144641189097
-0.012051438687655
-0.012296585759446
-0.009136477885695
-0.002818891855669
0.005406893922849
0.013662512263543
0.019829878728406
0.022148064222239
0.019904482531016
0.013708215651064
0.005354519009751
-0.002769935395337
-0.008632040249328
-0.011223651140391
-0.010704421219102
-0.008000850054181
-0.004146068310735
-0.000045200785849
0.003487942673352
0.005899729753640
0.006998299341032
0.006927588623698
0.006189876468062
0.005422862686889
0.004875015292151
0.004066604328843
0.002098138741760
-0.001467124863542
-0.006005188239479
-0.010161879430327
-0.012757583163962
-0.013566741072288
-0.013260049919988
-0.012492402113354
-0.011262470713738
-0.009151958227769
-0.005923665591171
-0.001863060201356
0.002486545344548
0.006826392085494
0.011098900117341
0.015112421983340
0.018314801735131
0.019868219590489
0.019140458479590
0.016225178140054
0.011837218053999
0.006889670396885
0.002320100883052
-0.001001023235171
-0.002621422694232
-0.002945985229854
-0.003100241064720
-0.004076862112794
-0.005998992925483
-0.008106599686296
-0.009323698804979
-0.009050954832349
-0.007497675374267
-0.005162708167288
-0.002364561500110
0.000570743739140
0.003147942473674
0.004891549561510
0.005657562908644
0.005837902574207
0.006026555656131
0.006348238800146
0.006278160033317
0.005128908314779
0.002662587539142
-0.000719601699821
-0.004244121122022
-0.007095936973195
-0.008636160721609
-0.008477065425613
-0.006528523518190
-0.003323893903967
-0.000124457978623
0.001843122708583
0.002231342162774
0.001544712720482
0.000509554546560
-0.000410230010972
-0.001007065007222
-0.001118137961403
-0.000638637752393
0.000285609359806
0.001203610380485
0.001552119861484
0.000992004471871
-0.000370419951402
-0.002045486937796
-0.003362656758872
-0.003848648787013
-0.003647364835342
-0.003393443661338
-0.003729534602342
-0.005003336869878
-0.007042153627138
-0.009177065974505
-0.010709239452691
-0.011318216396581
-0.011089283073611
-0.010252290273314
-0.008889752851130
-0.006994389582878
-0.004758713108834
-0.002646820359321
-0.001168097889630
-0.000515337413295
-0.000376842564767
-0.000092371592459
0.001012543153408
0.003159402892614
0.005840010687082
0.008181889303704
0.009465211610836
0.009281067870726
0.007662877568491
0.005238411745616
0.003055874902570
0.002111927001820
0.002770039658664
0.004454804850894
0.006012274927943
0.006398518450566
0.005256727821482
0.003189038837986
0.001368728953872
0.000713291289993
0.001384640644060
0.002948965228181
0.004942746029168
0.007115002699782
0.009150618369461
0.010575879081585
0.010890164841735
0.009660030685540
0.006785846046857
0.002718361613665
-0.001561499610581
-0.004698224189658
-0.005557687304200
-0.004072384840420
-0.001390879406800
0.000890151166049
0.001753565176841
0.001299418807418
0.000240985848294
-0.001077830914297
-0.002811734024502
-0.004916329596856
-0.006796413229886
-0.007738712192833
-0.007521714045496
-0.006454610999655
-0.004987045139382
-0.003491284371262
-0.002165383799285
-0.001031514504127
-0.000128482898654
0.000461426941538
0.000661857770952
0.000396077886212
-0.000151910242713
-0.000437472095328
-0.000031540382231
0.000908087601171
0.001588818979870
0.001015119059877
-0.001219291235813
-0.004510897914718
-0.007551723610684
-0.008877199330976
-0.007480772029735
-0.003487312992079
0.001570282863746
0.005305186473485
0.005787944107830
0.002728918838505
-0.002380344373120
-0.007002894995682
-0.008817906007523
-0.006995309654867
-0.002316485649558
0.003697315335645
0.009438723108699
0.013521534843774
0.014971685920846
0.013394037642118
0.009295030946900
0.004163064314857
-0.000218103850529
-0.002904181126663
-0.004306600996028
-0.005554890477139
-0.007528994954587
-0.010266732345961
-0.012727308969112
-0.013328399893635
-0.011181412676234
-0.006817129162675
-0.001878475203855
0.001815672998260
0.003419072795975
0.003587146845079
0.003723184242652
0.004823231018992
0.007060240381355
0.009878811374149
0.012181304326433
0.012787585364714
0.011087046026559
0.007364663502678
0.002604844120400
-0.001752809577362
-0.004096849471302
-0.003523009141517
-0.000598511351942
0.002951710589726
0.005154251205514
0.004790092525904
0.002063730811664
-0.001705558632621
-0.004847584364157
-0.005953410352223
-0.004606063740029
-0.001763424401875
0.000842603993377
0.001738568311737
0.000482503637720
-0.002166815393531
-0.004772006026386
-0.006029300705619
-0.005474768438210
-0.003634525549140
-0.001406069072070
0.000650913576534
0.002492239710628
0.004207837310579
0.005486443130669
0.005713293867978
0.004721105893203
0.003206892253827
0.002297113914894
0.002613867189273
0.003676913163102
0.004380164543953
0.003969015829065
0.002408636316248
0.000187944822909
-0.002029425931884
-0.003819561517815
-0.005177089310630
-0.006267395225729
-0.007064395006211
-0.007311406672724
-0.006837997684024
-0.005766426212011
-0.004337521246264
-0.002759949985319
-0.001323330983604
-0.000375693681997
-0.000023106939420
0.000129122787727
0.000795403929574
0.002299870612184
0.004173962385073
0.005555637170882
0.005652909785768
0.004031832841070
0.000864497493548
-0.003215122351581
-0.007382456957129
-0.010681406276363
-0.012268221000315
-0.011870327597143
-0.009978666362417
-0.007449316745661
-0.004930155933652
-0.002889766212905
-0.001790802799950
-0.001710585628092
-0.002178484457903
-0.002604850765556
-0.002548570664903
-0.001795530701501
-0.000473332174376
0.001151645835257
0.003021969548725
0.005274945779573
0.007924104732385
0.010584083403726
0.012549513095906
0.013174659925363
0.012198701942098
0.009870498330375
0.006780952035973
0.003594926966060
0.001083529752970
0.000008043209970
0.000600882250243
0.002424310526223
0.004685598971535
0.006522863504879
0.007226864260084
0.006254128864115
0.003115552417909
-0.002388370842555
-0.009641645922998
-0.016966402727065
-0.022106479277644
-0.023220521088784
-0.019623701646285
-0.012004902346998
-0.002295709005888
0.006982311736636
0.013782245282946
0.017243819091159
0.017656656794599
0.015858316886834
0.012594887466036
0.008447838356737
0.004032989643370
-0.000070556313374
-0.003411786360847
-0.005747918244419
-0.007148560133379
-0.007748442884568
-0.007516475600971
-0.006504988438854
-0.005055784349878
-0.003569448586002
-0.002203159937023
-0.000945243523813
0.000087666129417
0.000698487726178
0.000893145311908
0.000866382714051
0.000798198448866
0.000767138848456
0.000770588448144
0.000759299769388
0.000641605234660
0.000350848231516
-0.000001511438770
-0.000135663260562
0.000188872033631
0.001032707084220
0.002182581247399
0.003204271904988
0.003831181541826
0.004141529595170
0.004354711298470
0.004679789396900
0.005003812501880
0.004559763375547
0.002347613152374
-0.001903755098959
-0.007243758856307
-0.011897570600240
-0.014124860232811
-0.012997328116573
-0.008912622283472
-0.003601823310062
0.000724620763182
0.002644922438426
0.002237760474378
0.000839435667290
-0.000022987825987
0.000246201766471
0.001154881662389
0.001784407334145
0.001494645851535
0.000371566781412
-0.000885013012181
-0.001519219562280
-0.001075955544658
0.000494071688622
0.002831609022294
0.005243515430792
0.006762608990891
0.006467854856167
0.004031057548223
0.000028254563866
-0.004069803330123
-0.006436101646247
-0.005979046872004
-0.003041506266811
0.000831701517997
0.003667288736987
0.004132545169606
0.002286787614487
-0.000710101929210
-0.003440638537370
-0.004926334949587
-0.004895189311051
-0.003412194808055
-0.000535135520628
0.003397739048039
0.007472076260365
0.010426085351395
0.011201605678106
0.009411507792613
0.005507914189645
0.000702314764864
-0.003567706700178
-0.006430175167042
-0.007739787545685
-0.007765618999182
-0.007093542669009
-0.006435112737435
-0.006148950263945
-0.005968318403362
-0.005294402646771
-0.003755230986714
-0.001453137660260
0.001071844595989
0.003047923562836
0.003983033355863
0.004064114256694
0.003946219560089
0.004245997617713
0.005228622508080
0.006668401987254
0.007894878606197
0.008182597554319
0.007236947060135
0.005404277137042
0.003463413394163
0.002091041064423
0.001477984180926
0.001381322310310
0.001343611446826
0.000893821969945
-0.000230256777306
-0.001909662853700
-0.003656539443857
-0.004687551449059
-0.004186115015720
-0.002032354857878
0.000836049889278
0.003034920977344
0.003591815406650
0.002566433141671
0.001029615135650
0.000170751829327
0.000496536251148
0.001676742706908
0.002603016098374
0.001965736625157
-0.000553731990486
-0.003925350353992
-0.006744296706260
-0.008193558659762
-0.008271946006822
-0.007438364955785
-0.006165707776956
-0.005016815493890
-0.004626564948112
-0.005059826796098
-0.005513089459948
-0.004857561327676
-0.002526136822540
0.001037072599377
0.004737700360956
0.007320434583149
0.007840868421140
0.006287828178404
0.003499234927830
0.000389063411908
-0.002410713954790
-0.004392379177458
-0.005201340794931
-0.004857668526697
-0.003612850354263
-0.001598561738316
0.001220786970598
0.004774897869720
0.008525270157041
0.011412037952789
0.012304206312834
0.010738583376003
0.007369016138403
0.003399350906894
-0.000308965667887
-0.003280981745955
-0.005145391137904
-0.005561933477466
-0.004326376470418
-0.001699563765767
0.001650106110810
0.004897193678527
0.006840548737960
0.006111840904332
0.002122930929813
-0.004243962029347
-0.010605707251518
-0.014005965773089
-0.012567068102736
-0.006503080348246
0.002067868920802
0.010153477359769
0.015270663624357
0.016202784796935
0.012844025474542
0.005989713791904
-0.002724864202487
-0.011087871712067
-0.016719657922176
-0.017774774472425
-0.013901057960291
-0.006672045434574
0.001052767388885
0.006489577289141
0.008078374179132
0.005837443752550
0.001128845810071
-0.004032947971491
-0.007935500476258
-0.009594551571633
-0.008633811486168
-0.005327037032206
-0.000737980970988
0.003405256597394
0.005344683943523
0.004251506513438
0.000678936513399
-0.003685929377323
-0.006743089149312
-0.006928197001843
-0.003745302426502
0.001980273719346
0.007958916910660
0.011257810435451
0.009989478886722
0.004571122524156
-0.002432052763242
-0.007936624570729
-0.010093080476698
-0.008707001867988
-0.004694233292438
0.000554616582270
0.005720411361569
0.009677117958065
0.011325463788139
0.009774403891585
0.004866842980081
-0.002331328073825
-0.009761825183106
-0.015290112402612
-0.017189185038009
-0.014456101938168
-0.007622266565911
0.001078552860762
0.008694018921573
0.012644982269144
0.011445807722749
0.005220762918444
-0.004135309772885
-0.013366792329500
-0.018810500839082
-0.017738680562353
-0.009627936745744
0.003298490419612
0.016722508852794
0.026046284344502
0.028474517431014
0.024199338665123
0.016082889540538
0.007931713486406
0.002515650558952
0.000655204506245
0.001334576345498
0.002548274091537
0.002665464881358
0.001130566006503
-0.001662804236869
-0.004519854273676
-0.006017995402059
-0.005486838518351
-0.003444525194476
-0.001134997036496
0.000415682997502
0.000769781275841
-0.000124312126673
-0.001840534382070
-0.003618174753789
-0.004896930798220
-0.005398200777776
-0.005130890673415
-0.004490153870063
-0.003877296989461
-0.003435445683360
-0.003143354435457
-0.002761571410565
-0.002113536013625
-0.001492548442502
-0.001315405053329
-0.001733307254560
-0.002651837777600
-0.003632306277260
-0.004058960855143
-0.003657692958181
-0.002663051099633
-0.001560380883086
-0.000718504907920
-0.000242871966470
-0.000018968322748
0.000365338117142
0.001564502126989
0.003998645153126
0.007310063052366
0.010290823340848
0.011445449425801
0.009872941274140
0.005879434989050
0.000839905241929
-0.003552969895143
-0.006006300189905
-0.005932475973018
-0.003489793703617
0.000438736532196
0.004406195071296
0.006818361394040
0.006445737360548
0.002890397759580
-0.003048258700386
-0.009381815597988
-0.013497170526134
-0.013296841256959
-0.008448753623162
-0.000678647411241
0.007074575675620
0.011923056899751
0.012305279761701
0.008764450043416
0.003569085715363
-0.000640638616535
-0.002190718890328
-0.000973151928634
0.001733183780207
0.004043673307300
0.004559725239944
0.003091008148346
0.000457060492830
-0.002219357702682
-0.004017736792904
-0.004459770062198
-0.003676414323401
-0.002428069304121
-0.001620340976291
-0.001614818807666
-0.002242744617326
-0.003197796308144
-0.004150313782775
-0.004960393973636
-0.005822505299174
-0.006952735737023
-0.008252576749519
-0.009122598724921
-0.008603772743075
-0.006030571459228
-0.001507026099682
0.004098407679162
0.009370887184325
0.012843887708525
0.013463273036351
0.010808060729178
0.005460729678092
-0.000899431330165
-0.006318292314608
-0.009483601916649
-0.009972715811487
-0.008243154649028
-0.005428575786402
-0.002710266021756
-0.000703324354743
0.000642393137349
0.001626007992046
0.002465135991660
0.003401610379434
0.004611404030015
0.005914878349479
0.006890410048980
0.007020513376687
0.005799278374373
0.003173225848704
-0.000277949147498
-0.003663283403418
-0.006041192544870
-0.006635489999065
-0.005236454077679
-0.002537748346491
0.000084594780924
0.001501832371321
0.001647487580179
0.001418839503930
0.001930937896770
0.003669334156594
0.006072882920054
0.007863863191519
0.007745610888916
0.005193964254972
0.001067666578951
-0.002826491805741
-0.005097921611309
-0.005588153279044
-0.005052385153203
-0.004452052956744
-0.004331440528983
-0.004381612135212
-0.003581036447978
-0.001027320113670
0.003212483989566
0.007952413230959
0.011297991074817
0.011320854523540
0.007157005749643
-0.000142545577275
-0.007996252680797
-0.013477913970339
-0.014502812478107
-0.010769271416430
-0.004042867277358
0.002708961921697
0.006936624719334
0.007492182532023
0.004574568021393
-0.000444485755641
-0.005376993421877
-0.008134346317635
-0.007605742149017
-0.004155890287772
0.000553531477212
0.004610515965459
0.006883956517005
0.007324242139803
0.006653139582118
0.005670019181620
0.004666681045885
0.003516670943394
0.002125855379240
0.000531066190337
-0.001168475807736
-0.002622782421465
-0.003109163188659
-0.001919436456611
0.000884732922512
0.004184135539439
0.006397645523110
0.006268386890915
0.003455149110851
-0.001129050597334
-0.005659793405610
-0.008321855243518
-0.008198153069265
-0.005584907299121
-0.001593961720531
0.002451811831206
0.005514650010910
0.007218145673541
0.007735852299109
0.007233907553168
0.005650025256737
0.002918860385684
-0.000814195463662
-0.005020539758824
-0.008827765465007
-0.011304136746508
-0.011658164111228
-0.009457825685971
-0.004912124552704
0.000979184856557
0.006530726440278
0.009859226022016
0.009606505355128
0.005732499826183
-0.000027763122134
-0.004939777716360
-0.006946216222979
-0.005606962553391
-0.001863673996931
0.002593830171678
0.005947670956813
0.006755433322701
0.004428734943898
-0.000232840405510
-0.005041989358349
-0.007443268324034
-0.005929061867406
-0.000861278949837
0.005727921169899
0.011082976898698
0.012837499298358
0.010005121164135
0.003456306737381
-0.004539372628317
-0.011311783232203
-0.014837992201252
-0.014547889672427
-0.011392054671668
-0.007183659890920
-0.003597932590081
-0.001248834755160
0.000474620856342
0.002721779297014
0.006246416653507
0.010754677217366
0.014929816767137
0.017079491086995
0.015962299783517
0.011480000219816
0.004847347374415
-0.001963789765127
-0.007034402045192
-0.009210289390101
-0.008652850060092
-0.006617973008111
-0.004317637804327
-0.002142625801059
-0.000048708985619
0.001670101975560
0.002176200442210
0.000783021866201
-0.002067906817907
-0.004815241864367
-0.005886075720118
-0.004787848510118
-0.002305632712221
0.000279049491920
0.002163324580062
0.003320641956845
0.004041407083408
0.004332489224147
0.003943764451866
0.002857933069191
0.001362923243530
-0.000165962917210
-0.001294835133570
-0.001670069260369
-0.001172033136252
0.000153045962795
0.002115835455452
0.004407866354856
0.006633160690763
0.008263140759655
0.008720049903302
0.007472008467898
0.004191471965883
-0.000730731065298
-0.005973293932796
-0.009925350039443
-0.011528670310890
-0.010708730548345
-0.008185273251989
-0.004834111081060
-0.001307031727010
0.001870420099951
0.004094020495130
0.004740704476169
0.003678858126755
0.001591721701534
-0.000576741474219
-0.002250250141564
-0.003092381240065
-0.002824952789480
-0.001428787648534
0.000719570127412
0.002813080063402
0.003769038116010
0.002791476241053
-0.000081076565981
-0.003848343082828
-0.006925554427690
-0.007960940872523
-0.006585278878842
-0.003616366640696
-0.000586883695177
0.001140261530526
0.000918665595629
-0.001078746658875
-0.003780620782536
-0.005548394612109
-0.005111880919739
-0.002370365047468
0.001457615424049
0.004501354417918
0.005422758007188
0.003998848500136
0.000823563386196
-0.002988865374589
-0.006004459648753
-0.006893639188508
-0.004909757646803
-0.000341230970382
0.005285702252375
0.009694200467507
0.010958564516433
0.008496317065447
0.003216100962495
-0.003092171165131
-0.008406093944333
-0.010937648185860
-0.009578398634150
-0.004277639273441
0.003599156843107
0.011307344583403
0.015753589870945
0.015004720093809
0.009313314971885
0.001136803903272
-0.006113026452504
-0.009920158604597
-0.009728399511477
-0.006664023700167
-0.002489241199039
0.001303651693623
0.003870302463395
0.004994289034567
0.004783402725446
0.003463750124169
0.001486536304520
-0.000557070454556
-0.002318821036575
-0.003895021736866
-0.005700931875912
-0.007967664405278
-0.010099959593018
-0.010705241787906
-0.008423365853823
-0.002935879586190
0.004446409093652
0.011262886930133
0.015187951263956
0.014928002666027
0.010403840735473
0.002741131077738
-0.005762689782622
-0.012124092210915
-0.013992918778488
-0.011058044795043
-0.005175559612011
0.000935702774870
0.005288520651299
0.007346965823763
0.007549278705114
0.006388833861045
0.004125227253313
0.001261377274014
-0.001099895472969
-0.001730416392129
-0.000202617728754
0.002819011721285
0.006252477339155
0.009284497877441
0.011309816299249
0.011623049019004
0.009735514216836
0.006022522431484
0.001636041413621
-0.002175979279178
-0.004583527401271
-0.005578685037616
-0.005986113927364
-0.006586787870250
-0.007262582375321
-0.007215855670047
-0.005876631214966
-0.003484251743267
-0.000828216583641
0.001379391538496
0.002787797079704
0.003415098695631
0.003455990305675
0.002871954789116
0.001413571972965
-0.000871686657005
-0.003491979510570
-0.005851193881929
-0.007546709443414
-0.008372394062636
-0.008229768079960
-0.007197354199641
-0.005604906174985
-0.003894721024360
-0.002418715781681
-0.001429559276810
-0.001158256220669
-0.001688444523237
-0.002700796781869
-0.003493407276783
-0.003405839070737
-0.002131861737316
0.000327417214860
0.003638467230117
0.007031003407009
0.009515111835463
0.010422435754979
0.009788848706311
0.008099212183759
0.005782217694618
0.003099820333508
0.000284950437897
-0.002262578219235
-0.003804761089164
-0.003570548193949
-0.001366161864256
0.002319798035733
0.006548941603674
0.009944958132979
0.011006883819078
0.008981822720365
0.004435458680893
-0.001006861117050
-0.005463070276259
-0.007616280537893
-0.007188676253554
-0.004927584453283
-0.002060451574854
0.000411047238736
0.001978385823357
0.002526548971017
0.002258235506902
0.001584513056466
0.001005139965715
0.001029752995244
0.001898615491904
0.003333232821673
0.004617342107675
0.004804562311323
0.003110752920564
-0.000466803877106
-0.004822837437619
-0.008156390286177
-0.008973625675499
-0.006906026464813
-0.002757374464598
0.001970973706855
0.005727469817489
0.007454362612454
0.006725439647006
0.003730719461059
-0.000706232528328
-0.005414507505183
-0.009354902843813
-0.011863161035421
-0.012614181428819
-0.011516054923668
-0.008850259949997
-0.005488435598756
-0.002542363300973
-0.000644014410476
0.000410814650641
0.001450995016002
0.003280453541418
0.006101771337074
0.009512311172184
0.012855428743968
0.015479629132904
0.016685274528270
0.015563274702339
0.011316617278576
0.004109015824913
-0.004424248187816
-0.011592724978047
-0.014802167577177
-0.013001713157961
-0.007434864032471
-0.000945675117028
0.003481458173634
0.004049393865997
0.000916083883803
-0.003967336318297
-0.007991246621024
-0.009359883725232
-0.007817098437170
-0.004338259354926
-0.000445253978740
0.002608323746997
0.004463611154001
0.005354865448612
0.005428615379894
0.004699799367704
0.003212489182750
0.001052478215290
-0.001417298486239
-0.003486845145305
-0.004544937605058
-0.004464394638585
-0.003497909679076
-0.001873402126284
0.000323587844830
0.002770174858766
0.004739724676067
0.005437413619793
0.004378486388935
0.001651723731137
-0.002104151208000
-0.006045530661560
-0.009300747276900
-0.011028917088597
-0.010723582244167
-0.008463955853288
-0.004906946108499
-0.001141315022558
0.001603192739170
0.002390598480789
0.001172105573650
-0.000979020712336
-0.002523214767481
-0.002346596405797
-0.000326665937441
0.002581023822044
0.005081947243518
0.006441048242737
0.006635254555940
0.006072973822892
0.005216741028968
0.004127397509736
0.002459958258956
0.000102366108408
-0.002344458152332
-0.003859067027857
-0.003674130462334
-0.001675815805044
0.001550097091004
0.004872375166790
0.007125929615788
0.007772462763212
0.007033411564110
0.005606934456606
0.004401247219254
0.004108165184602
0.004797711753733
0.005870622085315
0.006304021606256
0.005306087513128
0.002915837478324
-0.000200823928262
-0.003246661694603
-0.005502787854875
-0.006505656301248
-0.006169121782832
-0.004754559705439
-0.002747034707901
-0.000606982009188
0.001317723985878
0.002742744024334
0.003486932959610
0.003333636393190
0.002022448618777
-0.000347453636004
-0.003177903114389
-0.005566614503307
-0.006555304434225
-0.005661548489193
-0.003287410892621
-0.000507684785045
0.001440223939416
0.001811735892240
0.000788837863714
-0.000861672401024
-0.002366871627937
-0.003261492927612
-0.003537279457203
-0.003548253935824
-0.003726915124536
-0.004156866294153
-0.004325868191455
-0.003638252638505
-0.002093293216944
-0.000220602572366
0.001375669865245
0.002370465995534
0.002923163424631
0.003449344753106
0.004084868612845
0.004504826419980
0.004294222076448
0.003551672631783
0.003059792389648
0.003688370007522
0.005736646346111
0.008703197367651
0.011379647896750
0.012370930826173
0.010800437128972
0.006770653260063
0.001439309456576
-0.003504311483243
-0.006744482589244
-0.007919164505639
-0.007601771636326
-0.006746353734530
-0.005889123641053
-0.004917317827932
-0.003617250690867
-0.002202432587305
-0.001303435154544
-0.001440737217532
-0.002519788415729
-0.003989330176665
-0.005254701746797
-0.005828761207932
-0.005417376926264
-0.003993171477080
-0.001836570290317
0.000552121606291
0.002688906257151
0.004071350593863
0.004217678009079
0.003207663096283
0.001726331384765
0.000349220394314
-0.000791504931025
-0.001794975503283
-0.002745663685622
-0.003546923013370
-0.003964630894649
-0.003795302683706
-0.003020004772541
-0.001945777608602
-0.000987302265343
-0.000240287829975
0.000503940923921
0.001385343188836
0.002104253002231
0.002010365590667
0.000846672601606
-0.000896396900653
-0.002518610677536
-0.003602474831459
-0.004072468134070
-0.004081394394337
-0.003788898866679
-0.003214935222498
-0.002236892237489
-0.000592807256134
0.001935026050325
0.005074197631115
0.007842221461888
0.008993907360214
0.007845027356994
0.004742718967857
0.000924714873007
-0.002042041018232
-0.003132050893886
-0.002481735556416
-0.001106385751178
-0.000163501841213
-0.000335339897293
-0.001406221424057
-0.002517142724701
-0.002959560292976
-0.002475022880672
-0.001129918335345
0.000614381311423
0.002001978935372
0.002460122756625
0.001878914174040
0.000476282213879
-0.001397180621364
-0.003321395771931
-0.004822826504358
-0.005372549416621
-0.004549852295859
-0.002460654844328
0.000211108673415
0.002731617144744
0.004618717406511
0.005547227978041
0.005408712704588
0.004408437162947
0.003001840128959
0.001848007922981
0.001545890493334
0.002201862227044
0.003381896229628
0.004376707363928
0.004524690974372
0.003577169123320
0.001846811019982
-0.000017339452654
-0.001376526332641
-0.001785422740119
-0.001138719881716
0.000089611830981
0.000959469360103
0.000689173141485
-0.000779013777683
-0.002725272258119
-0.004164742291823
-0.004614716309100
-0.004332954951829
-0.003717196787827
-0.002860907704463
-0.001784297730390
-0.000519518579655
0.000969211081583
0.002518145848672
0.003627518863802
0.003741957105818
0.002663082410012
0.000910598390486
-0.000425186076756
-0.000469953108423
0.000760010839974
0.002391001139273
0.003293426021238
0.002680107273790
0.000398009607996
-0.002961752070837
-0.006294465337157
-0.008587104359979
-0.009363310836452
-0.008731612344212
-0.007118125122728
-0.004861826541385
-0.002169925758604
0.000629084258293
0.003053365227519
0.004507454180722
0.004379830951053
0.002514256003527
-0.000488338539559
-0.003568538500288
-0.005655458456170
-0.006062436367541
-0.004663278367693
-0.001656625252055
0.002561434356525
0.007168023197321
0.010818930170421
0.012128930795791
0.010605009418224
0.007102746419796
0.003184148434940
0.000113557989188
-0.001649841248319
-0.002335106422624
-0.002279960645647
-0.001521704408911
0.000032775664849
0.002343388790196
0.005053491378633
0.007409438074118
0.008685053730386
0.008661076219728
0.007487597595382
0.005415843809328
0.002895701016643
0.000631344982337
-0.000791323346382
-0.001266101710144
-0.000958685004771
-0.000000552608871
0.001356473548846
0.002631948530827
0.003380446134539
0.003423520382768
0.002861448575010
0.001917260072961
0.000775474586551
-0.000404656256687
-0.001386337894112
-0.001779323074152
-0.001218114973697
0.000163962339839
0.001648475379022
0.002399323180869
0.001795254946062
-0.000388391417884
-0.003790618303486
-0.007594420902794
-0.010728416172158
-0.012026814814810
-0.010854588020915
-0.007687179318248
-0.003820316724236
-0.000654082256307
0.000856283840913
0.000495336850768
-0.001245282942234
-0.003462091331857
-0.005261297713200
-0.006115271215871
-0.005967645051858
-0.005184428034823
-0.004349310320631
-0.003884622519885
-0.003859714045184
-0.004041524817530
-0.004007688037308
-0.003454779230701
-0.002426620398175
-0.001199599957446
-0.000171256414937
0.000342116592314
0.000495545055903
0.000963455045150
0.002562806755469
0.005656750597648
0.009500497825212
0.012279773025435
0.012174920530835
0.008586031262993
0.002577967791346
-0.003740250978031
-0.008337109548652
-0.010103949311781
-0.009181768367132
-0.006567546721909
-0.003282973258943
0.000022737163005
0.003055609964392
0.005733693616636
0.007737696920677
0.008397438455609
0.007321367825418
0.004773129133114
0.001446808479297
-0.001833339205562
-0.004426787310433
-0.006018724750397
-0.006430852125193
-0.005539351800462
-0.003438666438901
-0.000563812271013
0.002366245361359
0.004578701078539
0.005542412806019
0.005220159145498
0.004117521125386
0.002943963823465
0.002146017112881
0.001721149556451
0.001332285476449
0.000667552186664
-0.000163833793853
-0.000673654497120
-0.000479434531243
0.000281018016995
0.001007259415246
0.001163364427608
0.000711063351607
-0.000020850188701
-0.000689507146869
-0.001134804535333
-0.001433717161840
-0.001762421200622
-0.002204642571675
-0.002713828812541
-0.003092418858743
-0.002997909794831
-0.002110303982866
-0.000391483864682
0.001718332122276
0.003417286055636
0.003871458673799
0.002500063905061
-0.000606690574187
-0.004422270001883
-0.007441784268772
-0.008406356841166
-0.006740787888015
-0.002826266133756
0.002099105561106
0.006514585824984
0.009242137069213
0.009902554279876
0.008854251225773
0.006703154316474
0.004188794867951
0.002233552170480
0.001522490518503
0.002026218577694
0.003025639172460
0.003645404124039
0.003387545169803
0.002206267051467
0.000398077196538
-0.001559646822213
-0.003318931206437
-0.004660541046490
-0.005318564066676
-0.005217929886887
-0.004631219107525
-0.003946008508000
-0.003483494654111
-0.003310483345339
-0.003159499935420
-0.002707618481770
-0.001754738473003
-0.000172535564943
0.002012065468259
0.004475279267859
0.006670209402328
0.008013568983553
0.007948206823776
0.006093782224971
0.002685105007504
-0.001249127144900
-0.004349150140040
-0.005549982337572
-0.004574730164017
-0.002204619670992
0.000177878804724
0.001503615397530
0.001426651882003
0.000240596514759
-0.001355099864462
-0.002704047314506
-0.003524316415492
-0.003835860191015
-0.003751416384997
-0.003323342560240
-0.002537453124448
-0.001438845511566
-0.000141221767757
0.001251038234468
0.002685607929209
0.004173531116884
0.005572667650323
0.006449773298329
0.006416379870353
0.005327926222675
0.003199746313945
0.000386002584853
-0.002316717504740
-0.004050446279639
-0.004419559657029
-0.003765450472451
-0.002986522611948
-0.002980759370208
-0.004007241232206
-0.005373184816985
-0.005945826281333
-0.005096256200536
-0.003027698905639
-0.000520331780668
0.001498358618414
0.002562514717658
0.002850914999931
0.002744121867270
0.002538471608466
0.002421403280284
0.002417847821334
0.002365859729288
0.001934479054178
0.000877915313654
-0.000595073009229
-0.001984885606497
-0.002987449225183
-0.003504118206937
-0.003299640678602
-0.002021187566613
0.000329261273354
0.003158311243299
0.005636920771900
0.007091168378787
0.007131533132744
0.005776835149155
0.003437675807759
0.000699474561147
-0.001838753667275
-0.003778531491475
-0.005031227939367
-0.005543918285862
-0.005179688532515
-0.003968236229227
-0.002194520823181
-0.000305304280868
0.001173083553100
0.001876689346851
0.001862942546647
0.001599601024647
0.001702371606501
0.002566726672449
0.004188456827370
0.006133251311713
0.007563188001521
0.007700992800222
0.006381924583737
0.004029107895222
0.001334311028475
-0.001076541756001
-0.002876106912782
-0.003943523818183
-0.004269064484883
-0.003996079389222
-0.003322072744128
-0.002439224297021
-0.001641417859424
-0.001348885588853
-0.001934055528294
-0.003445541132360
-0.005486508624257
-0.007345929946612
-0.008239942557582
-0.007627403469326
-0.005447430622427
-0.002029447406548
0.002089931106694
0.006157586176857
0.009228291893278
0.010415937966230
0.009321812165978
0.006414870182094
0.002819166113480
-0.000451547310307
-0.002927357279750
-0.004523015328444
-0.005218449127520
-0.004899548228018
-0.003580260302240
-0.001715914132407
-0.000128908070920
0.000398614503340
-0.000354079230645
-0.001893990793095
-0.003507494387297
-0.004687781292006
-0.005199206345574
-0.005128944896066
-0.004693121887037
-0.003942540901373
-0.002846827935698
-0.001409993784124
0.000305856408564
0.002094716960015
0.003676830860767
0.004780550930332
0.005156453364891
0.004761284094059
0.003924311175349
0.003275689682377
0.003432885559572
0.004581771754990
0.006337749627095
0.007893335494155
0.008239634077537
0.006666252552411
0.003351281136722
-0.000648883169853
-0.004046071921980
-0.006044511667443
-0.006597098125629
-0.006049507030667
-0.004802189619305
-0.003347748917178
-0.002182903155967
-0.001564581809789
-0.001453805376246
-0.001548929915545
-0.001484706215126
-0.001209733242329
-0.001023949414432
-0.001170645164698
-0.001475235040913
-0.001434419095674
-0.000630264767949
0.001055127496926
0.003386926090190
0.005742181169030
0.007475798073899
0.008261032586786
0.007891088806429
0.006262948737252
0.003657169889661
0.000661517070510
-0.002044529888145
-0.003849800493205
-0.004507921581747
-0.004239375275431
-0.003451973516501
-0.002396595605623
-0.001058495473062
0.000643697821839
0.002617034764112
0.004518352576885
0.005831694196424
0.006095641287317
0.005135984238487
0.003168958461246
0.000775120972544
-0.001407745235483
-0.003133053595206
-0.004485716386952
-0.005416616751271
-0.005678398484229
-0.005095341876432
-0.003667302089919
-0.001610698196934
0.000572096345499
0.002187377886629
0.002655134028557
0.001825423114768
0.000009240489897
-0.002212291833146
-0.004165187320815
-0.005333135529392
-0.005502323513111
-0.004568041401262
-0.002502145611914
0.000373577180197
0.003376045622415
0.005727247816741
0.006856261065319
0.006673849454926
0.005560264090751
0.004109611563178
0.002850089611391
0.001952348492608
0.001189781395656
0.000254925325774
-0.000938909524367
