0.001636342418966
0.000515423641334
-0.002171577836841
-0.004458296121850
-0.004371596354596
-0.001438633606329
0.002776761443821
0.005691276962230
0.005770254390919
0.003278770900525
-0.000184726384192
-0.002360140688166
-0.001747612235374
0.001115932181094
0.003893120630627
0.004023539921197
0.000885200806602
-0.003405497911299
-0.005927437454311
-0.005410976456652
-0.002771283221167
-0.000019420989061
0.001297524754321
0.000926523483331
-0.000418400586905
-0.001588950414195
-0.001335105570126
0.000960939455013
0.004233146702716
0.005863623471859
0.003848815709388
-0.001179348702892
-0.006425583802986
-0.008841706126131
-0.006765702038479
-0.001015934004990
0.005156547756951
0.007814001531880
0.005150754100517
-0.000667641622287
-0.005072474318592
-0.004985472617814
-0.000917993382859
0.004007844009338
0.006272258320239
0.004007687537265
-0.001814227299918
-0.007730014143665
-0.009970370121712
-0.007057614366071
-0.000509437883157
0.006284724353956
0.009823479687657
0.008509097254425
0.003622146881630
-0.001663288313572
-0.004164887099515
-0.002627060540075
0.001315252346941
0.004496771026334
0.004669144842168
0.001804707498882
-0.002193032287487
-0.004950867661802
-0.004993545653885
-0.002173592229448
0.002083604170846
0.005211388638927
0.005379096880027
0.002913750344426
-0.000343848623772
-0.002653718928449
-0.003243634095439
-0.002262321989939
-0.000719842727887
-0.000125126520282
-0.001123064953418
-0.002609185349140
-0.002755222006690
-0.000693721319615
0.002745103740448
0.005606964303663
0.006228470707035
0.004313385701095
0.000957394661773
-0.002162610702591
-0.003787699879494
-0.003533973417627
-0.001844059989495
0.000255848514848
0.001729646510999
0.002062651462989
0.001262991252530
-0.000114504962440
-0.000908319262118
-0.000237068298671
0.001407658365647
0.002498525296413
0.001932359912595
-0.000016890313542
-0.002242010109802
-0.003685999385448
-0.003451056436626
-0.001237191180134
0.001969768595422
0.004343586456148
0.004434057107755
0.002226109377409
-0.000810797083175
-0.003038690817766
-0.003584657212262
-0.002183696311949
0.000522161505088
0.002856802267986
0.003375293534409
0.002041062257602
0.000146380471600
-0.000760056942969
-0.000138909749302
0.001276297179781
0.002086871883991
0.001049298536453
-0.001797158450647
-0.004797474224699
-0.005969643029269
-0.004349496278467
-0.000448053158974
0.003934058977567
0.006664232919425
0.006459616743478
0.003604673302349
-0.000162215611397
-0.002837777264918
-0.003356864560169
-0.001957745119656
-0.000019272439219
0.000881481972445
0.000304017812048
-0.000882833642265
-0.001477832606313
-0.000791403628889
0.001045004443425
0.003221760184490
0.004585404432225
0.003970801001627
0.001082100686375
-0.002707697175307
-0.005163019482960
-0.004893535225762
-0.002305142487224
0.000802010275519
0.002649801027028
0.002568492071587
0.000994816207902
-0.001035978903243
-0.002431895887573
-0.002434933422443
-0.000876602610796
0.001602361759915
0.003810464996834
0.004625696118934
0.003386509965456
0.000453947220538
-0.002604330488450
-0.004286441301673
-0.004188514147658
-0.002603244529992
-0.000219639458344
0.001894118442378
0.002837708596881
0.002399731178317
0.001062732611035
-0.000468605979995
-0.001853307516154
-0.002987492879064
-0.003430107287582
-0.002667102765902
-0.000998767215341
0.000593748147721
0.001460886298528
0.001345339820164
0.000040592043966
-0.001934892074281
-0.003223978798616
-0.002931404011041
-0.001338807863004
0.000626624809832
0.002120322196064
0.002773944890968
0.002528632516177
0.001427805298047
-0.000050683797600
-0.001063366410355
-0.001082984369533
-0.000152864649041
0.001175405794164
0.002058117403715
0.001974789324163
0.001002854937352
-0.000316104167654
-0.001034712864823
-0.000431499567117
0.001209703734483
0.002830454180909
0.003185949946265
0.001447468694436
-0.001829067795831
-0.004600805660495
-0.004812418677334
-0.002026359138494
0.002137790590349
0.005083961008691
0.005056707247349
0.002148856794235
-0.002027953068746
-0.005323385485618
-0.006046308864555
-0.003794133370582
0.000106345256699
0.003180829091702
0.003501473734162
0.001029336837485
-0.002545270849165
-0.004853003557539
-0.004176442896876
-0.000710475635933
0.003150508327834
0.004317628397311
0.001770966631348
-0.002379004568029
-0.005065821821079
-0.004637281532210
-0.001286116368255
0.003315875980016
0.006719091720255
0.006919911012061
0.003498831570188
-0.001956166754666
-0.006508921559516
-0.007513635024305
-0.004445731953398
0.000367522371174
0.003327926449769
0.002577179368620
-0.000656954967056
-0.003644722978894
-0.004447739386330
-0.002634101416446
0.001158832610583
0.005334779338898
0.007655439475522
0.006721225086004
0.003103186035834
-0.001337717724568
-0.004789526014460
-0.006203473124413
-0.005506939223930
-0.003454023310329
-0.001233119867773
0.000151182042384
0.000675687706205
0.001151549404118
0.002115901068389
0.003502385193422
0.004967057112317
0.005736633945102
0.004724305140280
0.001665421524345
-0.001872381604012
-0.003442526015639
-0.002158181335735
0.000486830214394
0.002317582476942
0.002162374983272
0.000156740360027
-0.002477433407081
-0.003856148951970
-0.002466389533173
0.001334785483668
0.004828855858374
0.005109017486914
0.001931212041707
-0.002478630567464
-0.005896727681856
-0.007365714802886
-0.006534610067689
-0.003219332192988
0.001580182987543
0.005226976919736
0.005308062497147
0.001891378938462
-0.002222692498308
-0.003689809504256
-0.001493848717675
0.002637523668591
0.006035986001243
0.006431172250472
0.003066003264018
-0.002187425268970
-0.005868145172127
-0.005800741426185
-0.002623184459184
0.001173183398699
0.003221123156669
0.002664117250528
0.000255190508053
-0.002253357812059
-0.002937839671292
-0.000976266112544
0.002486450298933
0.005039710423628
0.004723445555324
0.001238126411008
-0.003881749650766
-0.007854351694089
-0.008207506192271
-0.004593105825175
0.000772144173867
0.004430587648961
0.004125270210629
0.000660193291638
-0.002792007396832
-0.003410023871118
-0.000854846762283
0.002884934582350
0.005345620579377
0.005188919272751
0.002426773830976
-0.001772319992774
-0.005064932948513
-0.005078532486697
-0.001557991244838
0.002971189610173
0.005115088154657
0.003546120319873
-0.000072920623495
-0.002980731344709
-0.003429454716522
-0.001456801281212
0.001360584306458
0.002938903668653
0.002009979973245
-0.000979030229945
-0.003942758947356
-0.004523424984839
-0.001970035855043
0.002153868634653
0.005081413974156
0.004918453123006
0.002086092668605
-0.001279624216251
-0.003067816412217
-0.002293064981858
0.000349255541826
0.002704249449747
0.002762059184669
0.000189453550128
-0.003658829307697
-0.006779199228847
-0.007547440851065
-0.005320554243619
-0.000831955593161
0.003881266463221
0.006669509035980
0.006663420504473
0.004401599818084
0.001256196937646
-0.001136034509028
-0.001861755724774
-0.001418751535507
-0.000997420484880
-0.001189985799613
-0.001746857074597
-0.002292744747511
-0.002547767328604
-0.002049128027281
-0.000559935045518
0.001337863076999
0.002546221830824
0.002249486785239
0.000562995490581
-0.001401178838764
-0.002266598303675
-0.001268204357515
0.001257162823157
0.003888563677597
0.004941336751027
0.003534884584348
0.000117569164575
-0.003482365140031
-0.005033412373263
-0.003764963705844
-0.000902424553584
0.001654921129161
0.002658136119837
0.001903922016706
0.000091096750587
-0.001485531121796
-0.001621532616176
-0.000224067786820
0.001511557441006
0.002312361646113
0.001964970624650
0.001146918395749
0.000535744597977
0.000320482910535
0.000499818154081
0.001098589067842
0.001718990735185
0.001386671139552
-0.000705812010126
-0.004062066376355
-0.006538817596660
-0.005856435792535
-0.001791744950330
0.003268267502114
0.006032028960136
0.004853637092020
0.000794563837434
-0.003431988263127
-0.005087937075647
-0.003035511117806
0.001105358375333
0.004057739926757
0.003641710911414
0.000312894780203
-0.003478084202088
-0.005192205532444
-0.003968109240949
-0.000871036538065
0.002213899953138
0.003810349093304
0.003496112273342
0.001816968510089
-0.000049405098172
-0.000687978095365
0.000552916630853
0.002685699144188
0.003685241580270
0.002128652293627
-0.001464960975792
-0.004731796870682
-0.005346947072813
-0.002860082405340
0.001224450283337
0.004450167799555
0.004870074452920
0.002389612348043
-0.001327627908717
-0.004017458010883
-0.003899166432047
-0.000724207606633
0.003689089161472
0.006386148643820
0.005305592474468
0.000939699866907
-0.003937968963511
-0.006376213630403
-0.005158052706904
-0.001353033632929
0.002534471027315
0.004320945031302
0.003228287534943
-0.000092693211852
-0.003750751782360
-0.005374963079009
-0.003756340115186
-0.000036813911218
0.003013485854907
0.003244712011686
0.000756963526875
-0.002613868350365
-0.004777327229012
-0.004226081572413
-0.000845769958255
0.003342786591441
0.005343498096426
0.003859925401502
0.000357678881301
-0.002645751340855
-0.003520526389339
-0.001963105626505
0.001089868637652
0.003724582364199
0.004086526793196
0.001754505526464
-0.001710789536259
-0.003855904571121
-0.003249851402824
-0.000302456320239
0.003139792357827
0.004713629472533
0.003248230441952
-0.000069325149751
-0.002772610785609
-0.003060369418382
-0.000747092130096
0.002839378218348
0.005598370314213
0.005768244291598
0.003076811751956
-0.001014965309541
-0.004517522351619
-0.006113323837032
-0.005342509095311
-0.002698875718156
0.000389604228658
0.002444966115506
0.002809478670260
0.001722377510913
0.000091029141693
-0.000859203508818
-0.000168743239618
0.002011424414192
0.003901464268729
0.003342016958652
-0.000043617303118
-0.004582978945123
-0.007972548824721
-0.008435860016319
-0.005390105883527
0.000217072528114
0.005937450369265
0.008603440684372
0.006422339524580
0.000760808769376
-0.004613858315820
-0.006227460622971
-0.003325197139257
0.001646331445253
0.004895975155885
0.004094384768830
0.000054185119138
-0.003995485197384
-0.005025714820859
-0.002307807496696
0.002501734208795
0.006470503446803
0.007007089077978
0.003565308936445
-0.001851454756292
-0.005958968020780
-0.006441846840447
-0.003580932183356
0.000244815945426
0.002603383371440
0.002627007826786
0.001138147235065
-0.000376460758313
-0.000741290419583
0.000346472838733
0.001944473385046
0.002517254540059
0.001401464246906
-0.000654638534573
-0.002104384113187
-0.001574798146733
0.001031585164471
0.004066184094347
0.005200089413007
0.003238880429183
-0.000945465693657
-0.005034940655013
-0.006765679490636
-0.005068417799605
-0.000687677275236
0.003790513650025
0.005570265729164
0.003939126336832
0.000649708011919
-0.001770476722770
-0.001978201921333
-0.000425178369772
0.001509314405666
0.002471448061735
0.001629692557398
-0.000845217102921
-0.003754083468397
-0.005546492577245
-0.005011604670118
-0.001815225603069
0.002961328062901
0.006897750830211
0.007571074230705
0.004327576798778
-0.001199210190693
-0.006096892451786
-0.007723044356076
-0.005258760249681
-0.000354860724781
0.004146060125834
0.006084852093259
0.004846771105752
0.001512671054983
-0.001710946476932
-0.002825739741703
-0.001266243569174
0.001592006693918
0.003349796969090
0.002561695120031
-0.000412694699869
-0.004090141979790
-0.006604220303230
-0.006369201156067
-0.003049440146364
0.001839045445050
0.005592668447867
0.006096017792690
0.003339090763658
-0.000574876743437
-0.003012423415088
-0.002870322480437
-0.001241000990301
0.000027576828363
0.000001640744792
-0.000993699607801
-0.001865572843099
-0.001645836215015
-0.000202811097140
0.001708983823437
0.002748300877468
0.001985471016231
-0.000032241315919
-0.001719725532815
-0.001668598549811
0.000458437332721
0.003298226331905
0.004410843182922
0.002427085987377
-0.001565643652339
-0.004937931081706
-0.005573625224834
-0.003221793769343
0.000634261536925
0.003934987284061
0.005215137215091
0.004172990074470
0.001659607279140
-0.000755828466756
-0.001692922784733
-0.000938456909098
0.000533015385856
0.001457024304263
0.001046867317931
-0.000583022010756
-0.002490978481813
-0.003766280612629
-0.003996595280351
-0.002962861104819
-0.000823666161328
0.001703170204691
0.003756496757359
0.004515476507332
0.003513030842224
0.001080438045922
-0.001783535161379
-0.003636420339756
-0.003221381618746
-0.000728432645742
0.002024637890859
0.003011677541259
0.001466924561546
-0.001785859910868
-0.004915660745535
-0.005843644234126
-0.003386042884696
0.001550736008318
0.006251448292896
0.007945063421066
0.005612023335261
0.000806668690082
-0.003255869241545
-0.004154455563485
-0.002204209232761
0.000107517763604
0.000597243653504
-0.000650658732859
-0.001668483006823
-0.000791150556427
0.001825109762014
0.004499235274417
0.005279005545515
0.003291413275695
-0.000661609633934
-0.004602377666756
-0.006370163801488
-0.004873035076312
-0.000989114683961
0.002883156955274
0.004292637470077
0.002314783896267
-0.001644062075907
-0.004705890227065
-0.004524619435337
-0.000962580512682
0.003600497084568
0.005921211989517
0.004434650245633
0.000258907690692
-0.003863563029017
-0.005311190896427
-0.002997766836156
0.001898376065124
0.006234842363702
0.006775339346730
0.002823696020330
-0.002955724911228
-0.006614490687953
-0.005953224234579
-0.001866774015433
0.002849408819772
0.005589838175133
0.005131066484874
0.002005009155905
-0.001706716397513
-0.003551319735529
-0.002448065471809
0.000367706711003
0.002350302920578
0.001920587813587
-0.000278989874685
-0.002272498815501
-0.002532055689280
-0.001002082105266
0.001087275547354
0.002167264043712
0.001396621090899
-0.000558083660412
-0.001847180223426
-0.001235129294382
0.000687837680377
0.002322920382809
0.002391524946162
0.000618975984625
-0.002139299093176
-0.004367083330137
-0.004695732099804
-0.002734980053018
0.000593291306255
0.003822174021998
0.005799352423748
0.005719989419090
0.003346553786941
-0.000458486339139
-0.003859147867866
-0.004899421412291
-0.002909564643786
0.000661431546206
0.003368704358200
0.003599013029427
0.001399491327695
-0.001748348795499
-0.003934388611804
-0.003819263332379
-0.001161627517879
0.002793340919196
0.005697225915235
0.005604280696754
0.002354918926402
-0.002158740146662
-0.005190467998441
-0.005147402113417
-0.002475130430687
0.001007803325386
0.003310265556669
0.003513936750953
0.002101123214722
0.000027174961105
-0.001958175477655
-0.003202441870496
-0.003103496681023
-0.001439294159679
0.001122152025717
0.003211899186979
0.003928418111664
0.003401041071550
0.002232836290843
0.001025554507328
0.000143526854039
-0.000551798604271
-0.001424741305720
-0.002418442831720
-0.002897267116661
-0.002164723577076
-0.000266156025782
0.001783554936893
0.002671845974334
0.001725042694020
-0.000554313855294
-0.002963331893011
-0.004540665977163
-0.004648936981628
-0.002808373752393
0.000637365938078
0.004002980933117
0.005031411009674
0.002659720956306
-0.001654057995614
-0.004861748580058
-0.004886936440250
-0.001974552247791
0.001952014186523
0.004690816275903
0.004906467978907
0.002511555716742
-0.001348376314393
-0.004577628450917
-0.005264836077535
-0.003057900633242
0.000576571856581
0.003396050187403
0.003857111137027
0.002025353519597
-0.000573249620955
-0.001902629677531
-0.000749463676887
0.002087313709323
0.004138749176783
0.003591736624156
0.001077892509731
-0.001304577614953
-0.002174969345423
-0.001510091938625
0.000207353564844
0.002468911805729
0.004437845795535
0.004897837077563
0.003113024132563
-0.000137103777499
-0.002833561326918
-0.003209044246731
-0.001031991468792
0.002099918599759
0.003929171171303
0.003411785249238
0.001112700330317
-0.001629613710244
-0.002985403722985
-0.001266557139351
0.003271076121660
0.007764206046888
0.008825342472952
0.005568195153474
0.000523164471350
-0.002596520163930
-0.001798299083476
0.002267100694497
0.006966597087916
0.009195888865881
0.007593677087834
0.003684228346903
0.000649051390555
0.000904082699447
0.004310588460593
0.008410211668246
0.010443412386743
0.009137386551554
0.005195722347830
0.000768376222231
-0.001656036117117
-0.000607982961267
0.003142244172708
0.006924511960693
0.008461923726600
0.007456162841705
0.005103092485042
0.003177324066201
0.003181829600327
0.005355263696800
0.008415035022106
0.010351608117311
0.009870928993656
0.007311777620418
0.004075950010524
0.001677142543476
0.001307474348877
0.003337192519248
0.006836380015702
0.009927370318989
0.010852694683088
0.008990026227678
0.005321061012902
0.001926632904271
0.000680501182289
0.002045113101072
0.004816514041572
0.007017399279922
0.006913490696066
0.003841510113598
-0.000892820902268
-0.004514716540564
-0.004682391497103
-0.000925548110235
0.004905970981147
0.009720590304997
0.011250361251326
0.008978107057080
0.004214811700678
-0.000089149510662
-0.001004061827197
0.002299984947761
0.008086551466025
0.013016090523936
0.014167055310277
0.011253128015959
0.006776077204568
0.003765273547715
0.003450157611187
0.004661158248430
0.004885124551031
0.002165517422037
-0.003407406174539
-0.009881240214506
-0.015071030130209
-0.018154060784702
-0.020017379603035
-0.022245286852302
-0.025739680687412
-0.029918580260718
-0.032597545482384
-0.030839125710809
-0.023346072999842
-0.012663990852777
-0.004041994790978
-0.001786670961663
-0.006548333233152
-0.014694455169802
-0.020343502022369
-0.019508944681973
-0.012770994589609
-0.004518577095207
0.000155425829803
-0.001072287603035
-0.006485475596983
-0.011826174912551
-0.012811709850224
-0.007813018456904
0.000353641651978
0.005789893422417
0.003746918594641
-0.005913712800879
-0.018843119666711
-0.029357128888352
-0.033892558161836
-0.032457037843326
-0.027538814949500
-0.021740413253693
-0.016376769979469
-0.011917753493870
-0.008830094205565
-0.007712211013068
-0.009061220504495
-0.012778417450712
-0.017666487362933
-0.021495432196565
-0.021869594713590
-0.017865694310152
-0.010835312106979
-0.003241718245725
0.002721548122393
0.005910926547750
0.006847573652936
0.007272404601427
0.008791255483064
0.012015246695094
0.016417793486424
0.020805324551133
0.024235205630629
0.026490951102258
0.027780125522233
0.028259032101717
0.027921121924166
0.026605721476636
0.023895132447682
0.019461370169843
0.013464007425078
0.006065915756321
-0.003044030926426
-0.014243173372328
-0.027265699614423
-0.040528039936269
-0.051007256954426
-0.055461136410739
-0.051976469000103
-0.040595785568131
-0.023370906167466
-0.003786598843014
0.014517577789612
0.028845013316900
0.038225053649594
0.043597550071475
0.046586120222462
0.047947332170770
0.047466736230399
0.044891189795836
0.040358132709877
0.034145677262759
0.026544715333610
0.017856071402868
0.008353497267504
-0.001481497516514
-0.011036936922557
-0.020247058562445
-0.029369677549472
-0.037725974619563
-0.043428942948937
-0.044463063263172
-0.039839733019219
-0.030378001378731
-0.018767215630469
-0.008614869842713
-0.003096506656853
-0.003519246862827
-0.008656690941391
-0.016170911562300
-0.024405938692059
-0.032394076831354
-0.039107595607092
-0.043067995822277
-0.042557321719846
-0.036761685344551
-0.026912927764204
-0.016019947621752
-0.007063599598036
-0.001100044790726
0.003152057570878
0.008315485866233
0.016335493014275
0.026149223384152
0.033753289111945
0.035348550089185
0.030137022188322
0.020716433988305
0.011895311852445
0.008830636630840
0.014751026240592
0.028403986566354
0.043358696201835
0.051482580173002
0.048138347128985
0.034632522083867
0.016741736497390
0.000881160559622
-0.009816042194820
-0.017006345649775
-0.024895439295050
-0.036027678992847
-0.048745014459366
-0.058534439474096
-0.062194986046421
-0.061292988100689
-0.061755602878641
-0.069132205172528
-0.082892256490997
-0.094762001940540
-0.092977432375823
-0.069998476692928
-0.028652856880501
0.017881009610657
0.052743692285978
0.064812251555194
0.055289068601152
0.037145793940362
0.027449297818220
0.037538994644444
0.067094302240064
0.105364614490693
0.138073259364039
0.154716137532617
0.152189975885376
0.134196437569001
0.107852432154695
0.079618863643807
0.052518261960228
0.026384201852838
0.000941619217032
-0.021795692550533
-0.038417143819909
-0.046786229089654
-0.048034561571731
-0.046481955882385
-0.047016683794014
-0.051996499823237
-0.060339769395325
-0.068750225494397
-0.074002332701990
-0.074986531207000
-0.072357713571358
-0.066132823883733
-0.054418321800899
-0.034740630218172
-0.006770082214115
0.025814928448721
0.056265967129175
0.078201194837836
0.089092862543919
0.091492970455799
0.091163227116860
0.092912490869558
0.096536750814896
0.096176415257025
0.084514082345118
0.058497289335156
0.021621304649318
-0.018391587190766
-0.054206746271500
-0.082678993313066
-0.105378897902122
-0.125261432887975
-0.141147572315030
-0.144801190871412
-0.125810836278583
-0.081743003074062
-0.023716941875712
0.028124677860483
0.055416945277954
0.050961878813803
0.021034706781217
-0.019676537046961
-0.055682440946464
-0.075945639017034
-0.075610542602856
-0.055747987328817
-0.022677135063432
0.013264402176686
0.041044352964660
0.054142970970204
0.053788762558648
0.047059652705921
0.041964636394987
0.043691917601610
0.053313617910211
0.068155162799285
0.083046640201947
0.091779093159920
0.088504929934274
0.069732450118534
0.037469441427488
0.001382648955138
-0.023947605851294
-0.027007557329046
-0.007605339658890
0.021185179080315
0.040526057345967
0.038005908416778
0.014645233321368
-0.017721126652931
-0.044345636620588
-0.055221636144383
-0.049323099698435
-0.033541417360020
-0.017155203813386
-0.005446038354059
0.002927366324482
0.012923121933754
0.028307856033665
0.049207321582306
0.072044004661347
0.091250801912288
0.102372965812508
0.104231748170394
0.098204820451061
0.085639602310951
0.066049209507594
0.038071156916564
0.002754312505227
-0.033457734309043
-0.059354260014030
-0.064635873489462
-0.047181210240739
-0.016840520436920
0.006523527759869
0.002192313273504
-0.037444997316096
-0.098423148394682
-0.150843734970757
-0.166125799108245
-0.135053331045694
-0.074106351923597
-0.015020808196846
0.014386966579230
0.004821717201098
-0.032765124046044
-0.077749441973331
-0.113081167242253
-0.130835907402711
-0.129548483655186
-0.109868280103033
-0.073315708492629
-0.024153490992399
0.028887020831428
0.073834033531707
0.100071139993942
0.104058338254485
0.091628819869506
0.074621598663304
0.064904154311770
0.069821333719546
0.090076848806589
0.118896909917758
0.142463427405435
0.144082461752328
0.112489473126515
0.049814488328711
-0.026220714134565
-0.089208565055256
-0.118371930269311
-0.111246733675609
-0.085061845675320
-0.065249196287602
-0.068173294006211
-0.089724508105921
-0.108618923403090
-0.102487615663883
-0.065039938316212
-0.011501148488276
0.031972401079306
0.046147823946590
0.030039169690132
-0.000609458776080
-0.023945277232667
-0.023428121322306
0.006240191634412
0.059315095929258
0.122290840034085
0.177402813062362
0.206489990698920
0.197498528598877
0.151550380851475
0.084022514797662
0.017543270494104
-0.028844144716288
-0.048018581575494
-0.045403091384989
-0.032855922899667
-0.021996075757602
-0.020381913647305
-0.030189623813849
-0.048359896989453
-0.067393666423353
-0.077495714121252
-0.070819302194370
-0.045836529091797
-0.008895565421472
0.028217808618136
0.053518564680390
0.059375845869577
0.043866552012612
0.010560757801340
-0.031128785544574
-0.066376222080883
-0.079160566459963
-0.060447470760991
-0.015390567013885
0.036437059441006
0.069850237558366
0.068291249296857
0.034249038707143
-0.012254383992816
-0.046052533774739
-0.051620376827902
-0.030852481048059
0.000733095617240
0.025252977740321
0.032310378175268
0.022336638189655
0.004104351853650
-0.010677990724288
-0.013089844032289
-0.001327785729256
0.018099583730464
0.033512397302440
0.034462637224852
0.017923131992552
-0.010468967249337
-0.041213298975737
-0.066753228374624
-0.083602486179956
-0.090906205204069
-0.088008063621864
-0.074077619266105
-0.051366071798918
-0.028952804454741
-0.020892999673664
-0.037040535686409
-0.072908780705619
-0.108378553261982
-0.119042126073040
-0.092799570814721
-0.039097300759800
0.016575485117381
0.049440240438535
0.051323514617827
0.034516459425924
0.021895190309646
0.031367528865981
0.065756001977519
0.113234244848916
0.154917896858703
0.173355263236659
0.157992472092580
0.107440404192708
0.030139455632714
-0.056781884636657
-0.132218903739753
-0.178943649830928
-0.190275026338150
-0.170613127912665
-0.130056393747500
-0.078578157296963
-0.023536757582370
0.030277531192136
0.080147564659286
0.125195172001472
0.164723079671846
0.194294543151538
0.203868182607272
0.182560946506994
0.127527145940817
0.049974969394493
-0.026579621582751
-0.075758504705538
-0.080683379530977
-0.043469535753693
0.012731202777976
0.052973229051236
0.049307552074199
-0.001951703450267
-0.076965910549398
-0.137765801753907
-0.153749530171486
-0.119164606106178
-0.057006262867724
-0.005618771157295
0.005032929874433
-0.028345645299573
-0.081450092291844
-0.118212955489568
-0.112655317367656
-0.062936151976869
0.010027509848564
0.075736021156215
0.109604115387686
0.103317209710873
0.066875594537776
0.022266126979235
-0.008565997242133
-0.015238814613125
-0.002862349277972
0.013392710545679
0.018616934533717
0.007368033544537
-0.013643676701944
-0.031701052814678
-0.038211022680003
-0.034296748159667
-0.028127758335312
-0.028300840948000
-0.040073276832598
-0.065256852372474
-0.101547332411187
-0.139981967300975
-0.164120099488737
-0.155426521118570
-0.104636403465347
-0.021307740105796
0.067515999161127
0.130529634086465
0.149200168935066
0.127550878328571
0.088444488932931
0.059432467879126
0.057619682958862
0.082668738693445
0.120415606173305
0.151609394122765
0.159452394050158
0.134403092953560
0.076956956923078
-0.001365125493614
-0.079383335281351
-0.131716706579667
-0.138711533210164
-0.096744819747481
-0.022215148716067
0.054800371419331
0.104674093251448
0.112405473584959
0.083914303097158
0.040540081184420
0.004743104250700
-0.013777319411950
-0.022289826756143
-0.036819560435977
-0.066831457347353
-0.103412742160300
-0.120874638644886
-0.093256314151822
-0.015389794563421
0.087482146427333
0.170414705591815
0.193805158248912
0.146588727414473
0.052659428719931
-0.042898571310909
-0.098020327477525
-0.094003482694162
-0.041783894479002
0.027707255901182
0.081441321218308
0.099123935085338
0.078801559928645
0.033945582475629
-0.014501477752022
-0.047178271038199
-0.052924894737205
-0.031578221368016
0.006572854575714
0.044187052461178
0.063160631738023
0.052693749307362
0.015355244702756
-0.033040739478891
-0.070847724683411
-0.081688295864325
-0.062537281759224
-0.024288988493143
0.014454922905581
0.036293044995686
0.031868018846239
0.001974984998612
-0.043516441292712
-0.087405780488327
-0.109172251627068
-0.093915082082178
-0.042976413566612
0.022424717924299
0.070257195576600
0.075389658550456
0.034780863159249
-0.030338159182021
-0.087500922415689
-0.111995309222931
-0.098746260139891
-0.060849386402103
-0.017763291254195
0.017506702770405
0.042714311311635
0.060632276564448
0.071140185230948
0.070215019143449
0.056455464959706
0.036293809528803
0.020727532301924
0.017159031532307
0.024522192038749
0.034817098248096
0.038143046678147
0.027188306244945
0.000158082857407
-0.037497369763566
-0.073606515220039
-0.092927880870160
-0.083342612589140
-0.042592449658945
0.018058760313067
0.076482524665717
0.108776844040017
0.100817595530906
0.056147046669754
-0.004190837629513
-0.050610019221917
-0.059421776276613
-0.025615805734586
0.033479768207339
0.086370936065929
0.103969465329055
0.076552388564688
0.020627252009568
-0.030520634316895
-0.047034326553492
-0.019618210689250
0.036812748386529
0.093136847515687
0.122175096739521
0.112524465911408
0.073920527309122
0.030903284327070
0.007600022395233
0.012604267665747
0.033346220875928
0.044529029993598
0.026190997722991
-0.021484928782126
-0.077927577897677
-0.116512175178627
-0.122171568219765
-0.098756313000833
-0.062065482895216
-0.026929508443118
0.000151367410551
0.018513678051144
0.026296537775567
0.018162657374167
-0.008982900816809
-0.048593487792269
-0.084371381095049
-0.099695483783416
-0.089001699537234
-0.061520555608547
-0.034534344121754
-0.021039615757023
-0.021354718691242
-0.025179962884194
-0.020769129598774
-0.002738292679634
0.026100257482205
0.057766975752732
0.083350393081986
0.095455644380364
0.088454653869736
0.059003638044815
0.009652046800663
-0.046682018863196
-0.088941722509843
-0.099618172202413
-0.077370236007624
-0.039483274728712
-0.011529463656542
-0.011509972585646
-0.039610874545146
-0.079429751333954
-0.107956652867988
-0.108057970693425
-0.077586465763884
-0.031047966044317
0.006977967275503
0.014272804189420
-0.016417150581617
-0.071455445375897
-0.120693485369140
-0.131821105039564
-0.089015254507465
-0.004083489721895
0.088788092848563
0.151837587275076
0.164154325920125
0.130904353255920
0.076626438101074
0.029854456357519
0.010271855820688
0.023307527849591
0.060647141745322
0.104601802235826
0.135174453243923
0.137261187795289
0.105826079881368
0.049060158075158
-0.011978045567313
-0.050736495968094
-0.048917051781323
-0.008542581654992
0.047500161618595
0.088208410291179
0.091494463563921
0.054637362256826
-0.005713477478149
-0.062039583259432
-0.088964728839025
-0.075276212636468
-0.029585098876777
0.023683346830525
0.057417953539053
0.057033532190972
0.027550244573460
-0.011766603361674
-0.040231136336683
-0.046931864793378
-0.033799465907050
-0.010460464774170
0.013644911014637
0.032873722018538
0.042264987263594
0.034027961519000
0.001349045426876
-0.052237599499861
-0.107581349245993
-0.136780710163747
-0.120321190776640
-0.062387459827069
0.008079735734895
0.053030394777066
0.048319890185020
-0.000867563047482
-0.063285332576000
-0.102512093295014
-0.101101853964312
-0.070312957474406
-0.038462767718804
-0.027519970088300
-0.036317639016797
-0.042979637258410
-0.023988276023484
0.025475537692113
0.085737373330407
0.125895847239158
0.126188105289306
0.091607161702290
0.046373775808095
0.015632554589869
0.009240412533526
0.018431416433122
0.026008986309910
0.020875014680515
0.005732616255423
-0.007101698224653
-0.008232783018310
-0.000927357998191
0.001376991413028
-0.012957136826002
-0.043553374914453
-0.077897804132214
-0.100666507876515
-0.105044041550861
-0.097920234953011
-0.094849596234963
-0.107738073405563
-0.134353499645914
-0.157499412406847
-0.154278982347293
-0.109664123984652
-0.026777095014040
0.071933179115811
0.153959613053680
0.192676876170681
0.181479260390913
0.136351756972671
0.084715575104148
0.049105570262525
0.036586498739093
0.038832199269246
0.040685103569328
0.031117592214866
0.010189412884770
-0.012098343505538
-0.024096908168173
-0.020851400895500
-0.005744774545451
0.013719095846390
0.031061515017948
0.043268865818389
0.049445551633522
0.048279033480268
0.037961171689369
0.019079218697319
-0.002498084971083
-0.016970646416851
-0.017024157902727
-0.004312254314168
0.010099980426556
0.012633690401359
-0.003509272312042
-0.033892966909716
-0.065789432897053
-0.085531464984105
-0.086271799396909
-0.072040285302753
-0.055043232722163
-0.047763729375043
-0.055060907349217
-0.071109675557627
-0.083315511032251
-0.080827431529611
-0.061222318055391
-0.030483444395826
0.002382413220779
0.031166470451531
0.055445756031831
0.079462903550689
0.106462527014772
0.132357386997203
0.145959877986994
0.137306207656325
0.106987383011409
0.067356284651369
0.033628906509544
0.013399914917622
0.003563850237745
-0.005135447701442
-0.020328036407315
-0.041537760898508
-0.059724242021009
-0.064281419186831
-0.052182907341287
-0.030847610382634
-0.012094377712262
-0.003946641623918
-0.007497631908229
-0.018600508748694
-0.030846708819590
-0.038125335524994
-0.036527942643605
-0.025657429016475
-0.009063438835314
0.007015415880622
0.016919462868077
0.019064883060526
0.016290874053399
0.012007600817850
0.006173753335123
-0.003887415692563
-0.018184052410180
-0.029903833165223
-0.028203014904739
-0.008007142154616
0.021604196701506
0.040616541242291
0.033009409107041
0.001045847841372
-0.034042078662895
-0.046022398339674
-0.021982210706570
0.028323468810660
0.079561038673584
0.108770323597727
0.109529644979116
0.092385320188273
0.073584687465581
0.062160865071251
0.055462560989752
0.045692719235488
0.030229249382647
0.016016825342851
0.014556917174544
0.031325429200546
0.057713229615155
0.073428562416548
0.059875856077625
0.014605525316238
-0.045179113047163
-0.092989721113363
-0.109432146842874
-0.093342348954041
-0.060874866061475
-0.033424552389684
-0.022760107795304
-0.024553582265143
-0.025276100405084
-0.016294862990168
-0.002212903337751
0.004339456035568
-0.004253223567502
-0.021752068919877
-0.030778365066312
-0.016079785152393
0.021644687421449
0.063177816723657
0.081940728598287
0.061445233795711
0.007770966896569
-0.052152315188686
-0.086748481192365
-0.079831655336207
-0.040290766489766
0.005313354633435
0.031255880054044
0.028607993019797
0.007836896487266
-0.012299161389600
-0.019556995633371
-0.015209719728066
-0.009865185628510
-0.013228969269946
-0.025822595783306
-0.038823828774382
-0.041841098463912
-0.031718562340095
-0.015581153345947
-0.006135780297538
-0.012192479976801
-0.031471989558935
-0.051754245680213
-0.059698074656040
-0.050495031082920
-0.030672432041346
-0.012303539459597
-0.004574311950133
-0.009271010404295
-0.021540571059808
-0.033420224144981
-0.037228423827099
-0.028008819680890
-0.005165563865705
0.027387560242158
0.062239137349548
0.089848464497959
0.101123883201803
0.091552136502132
0.064562562935164
0.030969821253586
0.003787280033690
-0.008432167916362
-0.005617075467001
0.004216491319822
0.009719287615698
0.003232734966354
-0.014755446008934
-0.037145218701959
-0.055635434307302
-0.065043433163293
-0.063932834478868
-0.052774709874648
-0.032480283605103
-0.004934230179834
0.025499896075272
0.052208831679203
0.069143723480980
0.073761606840837
0.067758629517285
0.055302998495142
0.040060722367177
0.024244191132966
0.010653544691127
0.003516153465225
0.005888198638827
0.016842750302052
0.031409480389199
0.043157773070813
0.047842201160594
0.045938494285776
0.041922765956535
0.040369492496993
0.042331441843259
0.045228090480006
0.045183100866519
0.039241880611757
0.027239439936997
0.012720705056597
0.001040999920668
-0.004498521251343
-0.005093971573200
-0.005560715751770
-0.011178449136836
-0.024259589550974
-0.041898117254899
-0.056606912545909
-0.060803405341391
-0.052454453982753
-0.037307110454678
-0.026169403194552
-0.028727843950899
-0.046804402829024
-0.071631771362237
-0.088294749195049
-0.085404730810698
-0.063178080438868
-0.032833009916788
-0.007944017473775
0.004136010235656
0.005198673452402
0.003528061592732
0.007376577948885
0.018343982439962
0.030310633329191
0.034937771767419
0.027827112705524
0.010323637480061
-0.011953425286099
-0.031709061724028
-0.043438974679178
-0.046034942556466
-0.042041693437228
-0.034238810248006
-0.022931874919793
-0.006441580154178
0.015891993451919
0.040937910154279
0.061248383177839
0.067443900178728
0.052659965046725
0.016113176838034
-0.035770120230021
-0.089621221110740
-0.128313349275816
-0.138677474849253
-0.118656415552041
-0.077846074297659
-0.032080001032604
0.003697350958424
0.021437442973512
0.022969659758919
0.017615573427652
0.015567222029195
0.022476389751061
0.037440537953982
0.052884307555557
0.057740999376444
0.044761037616381
0.016966763143308
-0.012137601716616
-0.025312315968153
-0.011601109798336
0.026937412074879
0.076429761794150
0.118630533508597
0.139242420299014
0.133350458024155
0.106580057822125
0.071502407627270
0.040972756159899
0.022691042201559
0.017540555826063
0.020618747205041
0.024051033849365
0.021374984110114
0.011465077389549
-0.000683371605115
-0.007710747826315
-0.006665298176926
-0.003068049610375
-0.007183421611463
-0.024715732520244
-0.050011792793249
-0.068482475556293
-0.067419448551151
-0.046276385689936
-0.017271952360598
0.004028743787869
0.009819750476979
0.003928378418367
-0.003801930159142
-0.007512029160041
-0.010838592289102
-0.022086155831831
-0.043321089423924
-0.064361552811594
-0.067996334955113
-0.042729543900200
0.007042905988495
0.061728845774258
0.097643253854342
0.099938972998408
0.069058830678506
0.018801789712818
-0.031082500779471
-0.063824805749787
-0.072787336376736
-0.063518666796453
-0.049039774758552
-0.041530596559907
-0.045468153983018
-0.055353741358053
-0.059767581626042
-0.050175683361328
-0.028030075081273
-0.004372675236979
0.007372247642011
-0.000175260233002
-0.023467784515267
-0.048298967278144
-0.056185128122305
-0.035646101031465
0.009035905005349
0.058924155308958
0.090638098695809
0.089747979140750
0.060301678302128
0.023400018781161
0.003335397768852
0.010222557149940
0.033094716564300
0.049520987002372
0.042990568664728
0.013981092976290
-0.021544904852800
-0.043225860455080
-0.039142905021920
-0.012498619699374
0.021184654109709
0.043808568919340
0.044722614542746
0.025070684886267
-0.004636186972371
-0.031308369679205
-0.046219241568158
-0.047722987385414
-0.039084505609084
-0.024446025049476
-0.006035906591062
0.015551796692058
0.038305158931718
0.056394352232091
0.062238580210936
0.052375109750259
0.031481746449721
0.009807946201475
-0.004128590812750
-0.009099767152775
-0.010609186245960
-0.015050466368020
-0.023437339662304
-0.030318280526610
-0.028954257548563
-0.017807680142170
-0.002479837587314
0.008622454862076
0.011196911118878
0.008477333556450
0.008391090857861
0.016789729922070
0.032067567235936
0.046176243906870
0.051545062939192
0.046766918829340
0.035395907785704
0.020451776375531
0.001606973914447
-0.021764501252949
-0.045177437012674
-0.057627271270146
-0.047737119095894
-0.013898297737239
0.031081576151560
0.066419500895279
0.075751523466361
0.056588713078800
0.022142741049888
-0.005912453350477
-0.010898599727576
0.008139245617622
0.036562690297657
0.054602331128338
0.049370314489146
0.020163365465100
-0.023360184796530
-0.066796429058055
-0.097916529143570
-0.111260380732481
-0.107460801914823
-0.089666698651001
-0.062161330113623
-0.031647848021425
-0.006740147879300
0.005960941627403
0.005425815294755
-0.003963424671604
-0.015898296632448
-0.026046384135187
-0.032904905276531
-0.035522415821416
-0.032048322346892
-0.021058835750247
-0.003467305588146
0.016936639029584
0.034216283275940
0.041909150155164
0.035690956092126
0.016123953214581
-0.010729059446411
-0.035334691078519
-0.048398805398973
-0.045397549417388
-0.029378548859150
-0.009092910745048
0.006756891169724
0.014684427035982
0.016805012078549
0.016834747972972
0.016270768474978
0.013975077833192
0.008441976868206
0.000500254778151
-0.005873366627901
-0.006206357753804
0.000183652668754
0.008829125172815
0.013392956671354
0.010217581647125
0.000377705421778
-0.011249411531532
-0.018724596667662
-0.018088813592967
-0.008882718130285
0.006092544362388
0.021305937173372
0.029666165708099
0.026303530065378
0.013573313199100
0.002248081525060
0.005976891638208
0.031960756550001
0.074388234980333
0.115104692100388
0.131531637847978
0.108719001948139
0.049408956735747
-0.025026749544805
-0.084887858693403
-0.107754131160420
-0.089592882561950
-0.045186785788309
0.001080735206435
0.028749780821445
0.031943558451309
0.019766338314028
0.006467903703078
0.001225547788093
0.005270855563832
0.014740318712176
0.024515722372361
0.030481952705104
0.030026550063306
0.022334165651003
0.009569542971922
-0.002626710991672
-0.007681618634128
-0.002659381532267
0.009070292430100
0.019597022281519
0.021497526303231
0.012222081001632
-0.005073324677389
-0.023374780023329
-0.034566191846864
-0.033032427652135
-0.018807466001424
0.002018425530129
0.019436739507377
0.024028322850860
0.013585423206997
-0.003647444767305
-0.014250866607117
-0.009199358776519
0.010885876281307
0.037718763247052
0.060627436323139
0.070823853723709
0.063931476126715
0.041212115266401
0.009249905411678
-0.022236774035053
-0.044398217960274
-0.053378054063150
-0.051603197847943
-0.045447497046766
-0.041134519589256
-0.041378744083268
-0.045236103979453
-0.050939393060612
-0.057987933940921
-0.066280998878879
-0.073859804002160
-0.076140845218594
-0.068298586408070
-0.048983634988948
-0.022065643418272
0.004147749810470
0.019835329217624
0.018863319539551
0.003383634206806
-0.016397626887176
-0.027641504831843
-0.021900207679519
0.000772410052697
0.032561685718404
0.061726451012475
0.077196442104087
0.072932557935842
0.051058558528211
0.021585365525829
-0.002615153193236
-0.012807188443599
-0.008432082156015
0.004014954789849
0.015936281833418
0.021959512409639
0.021989013834584
0.019532426067784
0.018661715238561
0.021360848821391
0.026489806537434
0.030704163796055
0.029882204399769
0.020339060964824
0.000577239619342
-0.026423303157721
-0.052230706103909
-0.065838302756232
-0.060104786135815
-0.037188973317765
-0.008579795267370
0.010867828430486
0.011922594105540
-0.003098342126885
-0.022291905236543
-0.032387133787243
-0.027150383515406
-0.010352967750080
0.007972655624001
0.018195717382656
0.016293690173913
0.005440223191116
-0.006798399892078
-0.014043787459673
-0.015463639904689
-0.015642679714550
-0.019838495522827
-0.028784115863365
-0.038178238074878
-0.042873088893584
-0.041459036523273
-0.037338738531144
-0.035273868254155
-0.036762314213984
-0.038539862283492
-0.034525517887350
-0.019820836907160
0.004701337322189
0.030805910383029
0.046567269583976
0.042936422849802
0.019474850421964
-0.013614459846059
-0.039137022997645
-0.041511953281358
-0.015914236472283
0.027983699550399
0.070658237423834
0.093148544431683
0.087321208499821
0.060141616607432
0.029071952444698
0.011137800033501
0.012593225689261
0.026568365571560
0.040263898555893
0.044812109509101
0.040226115375154
0.033655580612104
0.032940628674895
0.039810200821269
0.048095667686744
0.048637934308759
0.037100080229105
0.018206933007306
0.002634376596309
-0.000288433159623
0.011478990465766
0.030463231750667
0.042734259992734
0.036027303123864
0.007707366000849
-0.032836616650302
-0.068869685747073
-0.085924704951820
-0.080516114527415
-0.061728508044867
-0.044813731644460
-0.041651328279732
-0.053568390273772
-0.069843409841081
-0.073727690650884
-0.054146667299598
-0.014741358870559
0.028029360021028
0.055950077817313
0.059972777813358
0.043916580180769
0.019986356836168
0.000326031760482
-0.009475256417006
-0.011187537698257
-0.009234052548163
-0.005268063694672
0.002612654442742
0.016414715134173
0.034391169855867
0.049479934862865
0.052093217059975
0.036688443632097
0.007276906998577
-0.023169522144629
-0.040026409412653
-0.036451899226914
-0.018656254651454
-0.002947156608406
-0.005173757244950
-0.029111105855193
-0.062621076814643
-0.085075334533348
-0.080513565274871
-0.047020973868547
0.002757736360955
0.048168071632932
0.070192593209263
0.060791484703437
0.027327423924356
-0.011103974455106
-0.033283554665633
-0.026919132661067
0.003688657377967
0.039255982701515
0.057615742768477
0.048083973017269
0.017382320312543
-0.016445987327017
-0.036552784671304
-0.036866028991851
-0.022894650102918
-0.004612697084956
0.011910462223976
0.026212331068656
0.037804072586193
0.041513118224196
0.030648999798617
0.004932853877256
-0.025739608942561
-0.046299501445211
-0.046167853495791
-0.026019741496342
0.002749070775607
0.024891884080540
0.029446108476063
0.014251585475833
-0.014353983451956
-0.045264019793289
-0.067438118309013
-0.073440930924436
-0.061024221502519
-0.033532144847970
0.000712686522067
0.030798541123776
0.047884820380064
0.050238796817830
0.044268284100222
0.039382065730023
0.040436487650358
0.044174894312452
0.042641837587884
0.030784254087197
0.011980390573369
-0.003478677378543
-0.006581175731048
0.002258775737454
0.012791820426007
0.012490634953667
-0.004401990876799
-0.032274932386547
-0.056809375738758
-0.063563978609141
-0.046855284867990
-0.013357814121213
0.021604558896539
0.043059934207885
0.045084494013974
0.033240738746212
0.018919781123862
0.009912335161266
0.005379123939282
-0.000521786974209
-0.010891667684647
-0.021811433092748
-0.024894173332307
-0.014404585911820
0.007127342340840
0.029608831984220
0.041736258413634
0.038430264252584
0.024061952843411
0.008560000083071
-0.000474958090761
-0.002614285893346
-0.003059881306018
-0.007429288499259
-0.017209932963094
-0.028559616702648
-0.035134605741091
-0.032624221585952
-0.020540525245868
-0.000675162058088
0.023816265906348
0.047694952714155
0.064092051681997
0.067169591693229
0.055003535891031
0.030619672798218
0.001486183071487
-0.022105584829743
-0.031031832542654
-0.022271140159958
-0.000616714489196
0.023760052211750
0.040040613157805
0.042051378030005
0.031014102478467
0.013614898320479
-0.001875766145529
-0.007973873304830
0.000834283627992
0.025967820689824
0.061376495629245
0.092524770520066
0.101479908346153
0.076364452469717
0.019687102311068
-0.049931168397157
-0.105439974766579
-0.125162301057163
-0.104622812764254
-0.059056525075104
-0.014676914505048
0.005887231547028
-0.005015998111731
-0.037712342068096
-0.072218656462788
-0.089886158397316
-0.082243835506613
-0.053035715607421
-0.014604653652426
0.018961000941032
0.038775245847596
0.044094450066296
0.039690100235513
0.030410281860838
0.017353819334490
-0.001662156316997
-0.027790475679195
-0.056456197837379
-0.076982294719190
-0.078019199176615
-0.054986996228886
-0.014231941916628
0.028942043893615
0.057312036581241
0.059837329431236
0.036889191874959
0.000358978802666
-0.031617270405893
-0.042856707054841
-0.026335715610061
0.012472699299131
0.057426888301930
0.088566140387926
0.091692017249293
0.065935264956702
0.024113935888108
-0.015320132139996
-0.039198740645924
-0.045432699727332
-0.040864004813381
-0.034652480483144
-0.032402052117847
-0.033949320127110
-0.034858414705767
-0.030559730013160
-0.020520006543381
-0.008709476687214
0.000214373183451
0.005488257147686
0.011424193136578
0.023570121520364
0.042857295638653
0.063384772094977
0.076267936081471
0.076635537177023
0.068073293993544
0.059890222875589
0.058567488778524
0.060867455410875
0.055236232018103
0.031113131187669
-0.011430897474256
-0.059681697700462
-0.094627845971444
-0.100769431520145
-0.074527040919753
-0.027075774151673
0.020806961551895
0.049114396115629
0.048006273814112
0.021647907827035
-0.014665407898545
-0.042450621413443
-0.049634707137779
-0.037446080460392
-0.020052506608618
-0.015433324816587
-0.032554290188052
-0.064263660174527
-0.091657826406004
-0.096540133865137
-0.073009361285627
-0.030517811693897
0.013209879496253
0.043157830247203
0.053744808436761
0.048682518532953
0.035712690374531
0.020234181239083
0.003223898638312
-0.015484491930655
-0.033056513871622
-0.042932041115358
-0.038936968580107
-0.021489941344416
0.000363514444781
0.014225412320375
0.013270403503372
0.001522028370033
-0.009528416694934
-0.010109056815111
0.000909767473943
0.016218290022588
0.025869039359274
0.023446347444916
0.008548461574125
-0.014174764991627
-0.037335927939197
-0.053705780444233
-0.058808696395164
-0.051835014509647
-0.035342429104559
-0.014831799303835
0.002191595237070
0.008588879992613
0.001523929658073
-0.014022713149707
-0.026029927390974
-0.022367813001280
0.000307924970464
0.033314116055549
0.060603043844411
0.067221804965987
0.047873175989741
0.011630059875250
-0.022229390030390
-0.035964841422667
-0.024327979983938
0.002721200799338
0.027161861743298
0.034796860286299
0.023695013341243
0.004344594491571
-0.008228862965923
-0.004717197912345
0.014015565121969
0.039891872518390
0.062994649150737
0.075921319366037
0.075903859061496
0.063865142737930
0.041883328587431
0.012473442864999
-0.019222091301182
-0.043940521794612
-0.051263334327008
-0.035750809805041
-0.001942558070529
0.035528666561639
0.058281529217971
0.053916108260443
0.023040781640236
-0.020470298783775
-0.056441077772712
-0.069041692014077
-0.054852849652003
-0.023895440677210
0.006649082141998
0.022582767392931
0.020731246690755
0.009935512336973
0.004556684342575
0.014147202087297
0.035943302216922
0.056481304243658
0.061329187679563
0.045107126765561
0.014555076883178
-0.016737993934713
-0.036618735552670
-0.039706788254988
-0.028509033053360
-0.011122153332526
0.003222552767842
0.007980119710330
0.000658268369455
-0.017117711424842
-0.039228000963449
-0.055419893075737
-0.055063059626365
-0.033632019311720
0.002674862336381
0.038234011490952
0.056158136140387
0.048955332857873
0.023161948910454
-0.005597322546220
-0.022180217823346
-0.019539567775757
-0.000551694529853
0.025538620923748
0.048182959482176
0.059605690604138
0.057232907024097
0.043299893171769
0.022193574699736
-0.001795745131155
-0.025328341882919
-0.046209988428770
-0.062753576142313
-0.072313263998666
-0.071207209718530
-0.057696251338867
-0.035279255566442
-0.012099973621232
0.003610714205937
0.008731097416470
0.007528737540671
0.008593215783869
0.018071218227821
0.034825506786351
0.051207646949222
0.058256183191145
0.051039199641484
0.030635464966820
0.002982166582552
-0.024028547583598
-0.044420697259357
-0.056643710470554
-0.062616251098931
-0.064447068692375
-0.061757549105482
-0.051753501844274
-0.032117589133142
-0.004693650372138
0.023038703623240
0.040872439697537
0.041894232214164
0.027190909774922
0.006074323067047
-0.008400549943808
-0.006996425766081
0.009379941200495
0.029738021777970
0.039982838984159
0.031741812195451
0.006850223496418
-0.024798061179690
-0.050993226062166
-0.062826489664833
-0.058864967438604
-0.045625604473755
-0.032457956185520
-0.024297950718069
-0.018262324673037
-0.006744435084395
0.015620953081519
0.046641765907374
0.076349573164063
0.092090908182799
0.086152408466415
0.060498859933802
0.025659748913765
-0.005057058815090
-0.023062895504853
-0.028508207421897
-0.027546568070553
-0.026433529957026
-0.027856615161085
-0.030674260081981
-0.031550687836590
-0.027106823082965
-0.015879095591795
0.000226516798699
0.016014404224491
0.025276969984229
0.024006343501798
0.012905268981277
-0.002334178653617
-0.014079518943840
-0.017852351193768
-0.015658931725537
-0.014083596777108
-0.018510751623014
-0.028682616256822
-0.038524552615038
-0.039750138098945
-0.027180318702048
-0.002343230042533
0.027140011187920
0.051542256979526
0.063723476158766
0.061928238887714
0.049195570826787
0.030458390902293
0.009909779178997
-0.009723207271818
-0.026011410280169
-0.035540789609036
-0.034552614114708
-0.021468853296541
0.000768753613578
0.024936900268009
0.042779041806002
0.049114940056746
0.044380820261785
0.034351668543608
0.026915653722492
0.027502195694342
0.035927545029581
0.046925768878453
0.054795072855193
0.058323751801045
0.060232385346401
0.061557831200582
0.057936353040268
0.042737792125245
0.014611358625727
-0.017863583839916
-0.039368381170705
-0.037132792332170
-0.009923798684566
0.029631583225533
0.061276235038182
0.068082846837878
0.045846456643207
0.005221901363118
-0.035076939923771
-0.058817285664712
-0.059752840775540
-0.043522579453025
-0.023658679195365
-0.013517448478991
-0.019112138327659
-0.036871493331003
-0.056495267840821
-0.066781948468893
-0.061482133995485
-0.041852189947790
-0.014274705305821
0.014321333914602
0.038720608667662
0.054868120878996
0.059650140377599
0.052272606197301
0.035229647529606
0.013043939446041
-0.010561136599698
-0.034236148024613
-0.057235103683919
-0.076288776688088
-0.085117006650581
-0.077980976339316
-0.054858874737838
-0.023426184878786
0.004841891941212
0.021473250807155
0.025460197092387
0.022206402824444
0.017781363169311
0.013843230022172
0.007879595970496
-0.002887466791271
-0.018403816260035
-0.035200062591834
-0.047827738663994
-0.051462352026387
-0.044156378488245
-0.027159002278820
-0.003643787719755
0.021821431760232
0.042853497068564
0.052890603400283
0.049094755119991
0.034473381346639
0.015929568297180
0.000340644113033
-0.008133825400604
-0.008792688495165
-0.004226982858870
0.000858489952309
0.001852934802777
-0.003987220347994
-0.016251492271191
-0.030332048864062
-0.038615447799184
-0.034278835486466
-0.015091629705760
0.014594881569817
0.044224065041721
0.060627794094081
0.054425215883558
0.025515985904418
-0.016542009366219
-0.057408735789493
-0.084853903259591
-0.094108302715651
-0.088665459009254
-0.076376875145816
-0.064210390057634
-0.054823265850615
-0.046738619572640
-0.037609987117138
-0.026718231703659
-0.014746362154963
-0.002762971961393
0.008628444298861
0.020003668061396
0.032397287654045
0.045061939417267
0.054298211312950
0.055449542443773
0.046806314481016
0.031951372151600
0.018364075268808
0.012922896299001
0.016883332718027
0.023653691036201
0.022008941224778
0.004402166556344
-0.025419574617408
-0.053218332936936
-0.063743130265517
-0.050907367077272
-0.021689552484467
0.008083760524431
0.023902235676846
0.021796056095562
0.009217513952932
-0.002147328979366
-0.004608390126416
0.002292406044929
0.014133444964391
0.025741191044790
0.033643769516118
0.036378195140672
0.033781161854345
0.026385982329677
0.015033127993568
0.000667337701907
-0.015021287154255
-0.028706442385483
-0.035832692224527
-0.032507451233567
-0.018160114933772
0.002764090240813
0.022576187522960
0.034699053396833
0.036685305730559
0.030211425866118
0.019062503426108
0.007155259486839
-0.001741048617825
-0.003909741505975
0.002797614284968
0.016906274318506
0.032786554851060
0.042764190274590
0.041337621573383
0.028304043400614
0.008219306264000
-0.012773471138203
-0.030157565306801
-0.042358226066515
-0.049690606619703
-0.052306644748948
-0.049266060950943
-0.039804293693955
-0.025496103363431
-0.010680154643485
-0.000458941222417
0.002124417237101
-0.001996001916820
-0.008499432351632
-0.012775375543376
-0.012658623799111
-0.008736336864766
-0.002936784671744
0.003091701419103
0.008574192911540
0.013095316435470
0.015805206200455
0.015020157452721
0.009242018548460
-0.000481984859360
-0.009547250616849
-0.011924121824529
-0.004190518670602
0.011054623416296
0.025852395744403
0.032581701151506
0.029452417087435
0.020421499030728
0.010612011360587
0.002422436208337
-0.004548972146095
-0.011380809729499
-0.018225620045418
-0.023947408593817
-0.026934370904397
-0.026421673957680
-0.022965193766409
-0.017845229283286
-0.012430224042204
-0.008041683901559
-0.005824397142590
-0.006162096624326
-0.007964268819806
-0.008453951886253
-0.004171143823561
0.006634842661408
0.022037780773148
0.037205248177649
0.047284672510174
0.049725332157058
0.044632065928242
0.033554595068565
0.018359513640292
0.001273198321430
-0.015146896340598
-0.028709954059909
-0.037552099860666
-0.039659953619330
-0.033785595080770
-0.021069439716953
-0.004659312932468
0.012628975085693
0.029298649449607
0.043483083740944
0.051298277124327
0.047907899768044
0.030739700302369
0.002550141500141
-0.027710739015120
-0.047568700653250
-0.047137575525630
-0.025828464977497
0.005775581630528
0.031839787833246
0.041091786894451
0.033368217393982
0.018627603470103
0.009421275740490
0.012064189739714
0.022691826826531
0.030752267957145
0.026849327685570
0.009340923668149
-0.014036059526631
-0.030130077161815
-0.028000369233669
-0.005666267420366
0.028627572848218
0.060669605025455
0.076815731277465
0.070469131610781
0.045726583743949
0.014445043840326
-0.012194064302292
-0.030254885998757
-0.042169320058540
-0.050914758858857
-0.055991783485152
-0.054447589384510
-0.044827328006691
-0.030067679808441
-0.016446811755521
-0.009269068109019
-0.009510169605894
-0.014057655131716
-0.018296310357909
-0.019117080339489
-0.016974908376057
-0.015458733354552
-0.018094447330366
-0.024877361157822
-0.031943729996287
-0.034548663299876
-0.030004225465599
-0.018399558433033
-0.001724150890853
0.017306819799332
0.035626921995584
0.049371737579374
0.054208956474006
0.047830552370924
0.033178148107342
0.018450124744703
0.012317121378919
0.018042216975892
0.030956952808382
0.040370219275523
0.035316604009477
0.011992379378529
-0.022560420482355
-0.054498898722609
-0.071723448144820
-0.069975064139735
-0.053068827633243
-0.028884210580768
-0.004715197235057
0.015080989078246
0.028455030948235
0.034521142794228
0.034136500884238
0.030203686072349
0.025673008641083
0.021360894381388
0.015983228312466
0.008118710420474
-0.001653921534193
-0.009947753516369
-0.011628520478782
-0.002503591967319
0.017671041341966
0.043945809742446
0.067678716204573
0.079854659219025
0.075098005269051
0.055188449577401
0.029535471223030
0.010858667643532
0.007699484804455
0.018331791781340
0.030727001184150
0.029604322093090
0.006927311059382
-0.030801806466543
-0.064753206798798
-0.075716276703482
-0.057218800766729
-0.019378584965884
0.018788849954480
0.041488130806708
0.043806053916771
0.031560253578911
0.015406832126580
0.003288046312951
-0.003558063384137
-0.008092788010838
-0.012156165719199
-0.014406063957303
-0.013099384741862
-0.010119409299248
-0.011243057687557
-0.021316787568921
-0.038342685974043
-0.052285288065428
-0.051107842399581
-0.030146295755797
0.002679028141791
0.030855637289163
0.040653364512403
0.030854325220913
0.012492399226653
-0.000206500689390
0.000365978295033
0.011249033875071
0.022496332764503
0.024819744990811
0.015260077995811
-0.002420971891176
-0.021308854699674
-0.035349903311636
-0.041544449443456
-0.040359229158332
-0.034665474851890
-0.027739744958451
-0.021780281980640
-0.017680918210044
-0.015624797304017
-0.015355960700161
-0.015627973838494
-0.014469800935034
-0.011235570335173
-0.008039124188048
-0.008153128433446
-0.012509625768565
-0.017552528259236
-0.016820233284964
-0.005766071492145
0.013684185297692
0.032467433571272
0.038876135845453
0.026171298518542
-0.001965285421625
-0.032729201740681
-0.051642126026300
-0.050883945302090
-0.032914477172929
-0.007862854131819
0.012605647865198
0.021327517990767
0.018559822192687
0.010463664885637
0.004628082758086
0.005302390295341
0.011337256990766
0.018384464851306
0.022564617735180
0.021964410424048
0.016203878499908
0.006126654980911
-0.005927182199561
-0.016240204380780
-0.021081235247392
-0.018834370655147
-0.011423191960752
-0.004123418593082
-0.003241365463063
-0.012135327484806
-0.028485986076715
-0.045062040796895
-0.053398916013036
-0.048703648835268
-0.033134886836393
-0.014709911364039
-0.002398422026079
-0.000710236657130
-0.007391074619630
-0.015749886121478
-0.019226319348775
-0.014447219512253
-0.001566073373286
0.017115683635984
0.038578969227816
0.059081838339227
0.073383251195684
0.075537059105624
0.061907188932405
0.034317912329057
0.000496883352687
-0.028887263703207
-0.044487202444937
-0.041778428045561
-0.023124898721522
0.002596526302714
0.023640413716611
0.030956377549445
0.022927457265927
0.006558872533652
-0.006275419817464
-0.005778239652830
0.009981066170033
0.034189831405468
0.055365356511517
0.063255698215852
0.053506964637123
0.029347726146997
0.000044542498582
-0.022881036470244
-0.030579798464510
-0.020958281329390
0.000587554918137
0.024020105909550
0.039537673137194
0.041990467742946
0.031909891031824
0.013504776222047
-0.007568477789028
-0.025838427493692
-0.037214914833481
-0.039350279568816
-0.031881473054023
-0.017363900669623
-0.001203076011512
0.011280779292154
0.018610737711346
0.023555534163215
0.029402439418631
0.035737531879788
0.037562896065166
0.028805614186330
0.008033334557325
-0.018486260158274
-0.040003898892838
-0.048649177456698
-0.044962889242623
-0.037608513957714
-0.037646526729047
-0.050924629109188
-0.073564632899091
-0.094193442864395
-0.101206375604754
-0.089110684865676
-0.060496891385972
-0.024494109604685
0.006640501708446
0.021779920835453
0.015568285711635
-0.007563051852326
-0.033405936649845
-0.044782714128882
-0.031987653995016
0.000757304486932
0.037952125671602
0.062351295388929
0.064251778637232
0.045538158169580
0.017540501275212
-0.006037976056689
-0.016571005721187
-0.012951105497943
0.000898912390131
0.019248037121423
0.036146590968513
0.046146376985667
0.045975415722452
0.037016517943052
0.025777763894603
0.020420986266981
0.024931332793393
0.035469301170219
0.042746838489370
0.038769411819674
0.022440634691714
0.000446278352266
-0.017089583713608
-0.023564525661989
-0.020089912376357
-0.013761497841758
-0.012044412699888
-0.017720040513817
-0.027662328703524
-0.035497306936322
-0.035646228520226
-0.026145977191947
-0.008913827990335
0.011884142782172
0.031488093397087
0.045644250105616
0.051585466501745
0.049004880822604
0.040730950658470
0.031551109094075
0.024808172824910
0.020044653129236
0.014087952440836
0.004401790952769
-0.007538377147093
-0.015785042203402
-0.014054851916014
-0.001233529281527
0.017064360018769
0.032308978578407
0.038568227237105
0.035192946053879
0.025808284569635
0.016129363787210
0.011551263234802
0.013581418380386
0.018422319661996
0.020985049107760
0.019900229862162
0.017754971264169
0.017465543829972
0.019892344779919
0.023583673138502
0.024543415860426
0.017603281173730
0.000188330482849
-0.024054513768243
-0.045228148832718
-0.052827781418433
-0.042685430734245
-0.019379457950299
0.006652012276141
0.025237878708145
0.031066472101664
0.023944668472362
0.007758141820056
-0.011136222601574
-0.027201082635017
-0.037578137061595
-0.041243089781256
-0.038196255373429
-0.029551375334336
-0.017653852121097
-0.005956942421891
0.001854239323328
0.003989515726732
0.002140180930739
-0.000202650117040
-0.001373804198043
-0.003056849239050
-0.008520319647487
-0.019071058701201
-0.031712658650002
-0.040856540984228
-0.042226324379963
-0.035267069422897
-0.023264379287527
-0.011123177430667
-0.002038656416752
0.003576804900356
0.006116656268064
0.005469360306830
0.002200622493475
-0.001902441291090
-0.004881267619842
-0.005257410555668
-0.002277588766556
0.003670405706005
0.010966384223456
0.017742452095084
0.023027175390535
0.026310234460565
0.026527840361027
0.022178582029541
0.012264174795796
-0.002306176304864
-0.017351778903985
-0.026106305590892
-0.022536454147575
-0.004849240647303
0.023159494253658
0.053206087251878
0.075131088194532
0.080661685055647
0.067784375369770
0.042916761600748
0.018263984590835
0.005057823319529
0.006557936409845
0.016010986874181
0.021598355486423
0.014708634686671
-0.004065002153519
-0.025016281941899
-0.035691530907619
-0.028971636905505
-0.007719354183353
0.016264551698099
0.029165527430654
0.024123479449518
0.005309397411548
-0.015702937016890
-0.027751316645514
-0.026745061875019
-0.017414634078133
-0.009488675368116
-0.010900058798107
-0.022106400028446
-0.035590794477405
-0.041484076687749
-0.034530694778103
-0.016785243729234
0.004355721916870
0.020196227280225
0.025308663755652
0.020502704590924
0.011475406336337
0.004293996142456
0.002054496151440
0.004277662339150
0.007691086187153
0.008199151837882
0.003334990627365
-0.006709481696457
-0.019017053393919
-0.028651409870392
-0.031324670881442
-0.025923304152025
-0.014801571073488
-0.002824095460041
0.004832242476532
0.005524613538504
0.000163686527787
-0.008014463521465
-0.015621146070374
-0.020752616589889
-0.022645791130746
-0.020179888723739
-0.012182411249157
-0.000180169615028
0.010246990074673
0.012566104193832
0.004202536395862
-0.011200482287060
-0.025849481813391
-0.032976146460893
-0.031444768691738
-0.025959583024897
-0.022965624991840
-0.025965721259779
-0.033286401452983
-0.039247514691687
-0.037841494726039
-0.026363944016820
-0.007108489313358
0.013511294106136
0.028333232856544
0.033628840481174
0.031431505659198
0.028108815530289
0.029759021101326
0.037734164047437
0.047874760163733
0.054361876491764
0.054737217537831
0.051321400373012
0.048509483967535
0.048897344118828
0.050477182986510
0.046834551808229
0.031999779511768
0.007056727441291
-0.018067224273518
-0.030377671826369
-0.022970610052202
-0.000296378932553
0.024415550470660
0.037186395704589
0.031671100784709
0.012809730577128
-0.007482890746324
-0.019171704634581
-0.020002687246997
-0.015325473236867
-0.013582724168810
-0.020295364926642
-0.034086330000840
-0.047517668900631
-0.051972548570888
-0.043098009190506
-0.023099871614231
0.001049428814597
0.020855918949735
0.029181590413553
0.023122323006280
0.005856600245171
-0.014682280027458
-0.029972908088040
-0.035129999247660
-0.030953788696472
-0.023155900909321
-0.019150478441554
-0.023864994464737
-0.036786455886311
-0.052096121966191
-0.061914788700890
-0.060514979678863
-0.047414926912643
-0.028137715723584
-0.011466815434914
-0.004026450255894
-0.005752163764305
-0.009686085467248
-0.006868740567419
0.006425104358085
0.024537569384740
0.035638099257915
0.030372665013659
0.008732800307779
-0.020048318473139
-0.043386469388810
-0.052272547877633
-0.045155246643869
-0.027003915133421
-0.005016528063445
0.014945776762774
0.029094859367108
0.035674864677051
0.035412392831598
0.031072321758963
0.025954108301119
0.022459596002099
0.020913887318322
0.018755648333101
0.011831761166593
-0.001668891008770
-0.018559872336663
-0.032615688141049
-0.038954261203677
-0.036884352032929
-0.029764691315430
-0.022769511077684
-0.020128176746875
-0.023000537271976
-0.029042259505336
-0.034311768459110
-0.036197583583652
-0.034758622730554
-0.031658820635710
-0.028469304357306
-0.025991544623538
-0.024323494687629
-0.022853874328079
-0.020284609292173
-0.014870651778745
-0.004915874354554
0.009529068440411
0.024420465387998
0.032572456841878
0.028480368057503
0.013066636196474
-0.005468283669195
-0.015826717970579
-0.011036473184115
0.005961311284030
0.023463098977114
0.028986926038188
0.018317870821420
-0.001620721850101
-0.017819633145742
-0.019870259346578
-0.006773390235781
0.012285194125327
0.023860295333257
0.018788169129907
-0.002136490486452
-0.028466564421680
-0.046005275298997
-0.044808742145618
-0.025011401815789
0.002467995444404
0.021527099515510
0.020514453982703
-0.000094738899620
-0.027152100323855
-0.042372866895883
-0.033833412802789
-0.003831465590328
0.032240975677497
0.055599954875339
0.056051599145465
0.037634356682678
0.014863842210093
0.003323487054510
0.010188880741701
0.030409433786559
0.051123465164639
0.060076017140796
0.051982218282251
0.030192063891840
0.003447217967924
-0.019913063434964
-0.035917849456138
-0.044797792524748
-0.048153718474558
-0.046499700840336
-0.038857731834043
-0.023829311209757
-0.001139404742992
0.026780267787585
0.054249341790725
0.074172819028139
0.081633190456104
0.076645791328323
0.064102936822401
0.051216445101156
0.043734504563373
0.042393702593806
0.042319049341226
0.037115467114645
0.024791890961823
0.010105382789940
0.001018938787989
0.002213941271036
0.011057857948414
0.019701772896174
0.021674680401306
0.016750421074936
0.009847949692467
0.006043217367170
0.006734828202286
0.009389389368864
0.009990954081461
0.006074728974566
-0.001923652500200
-0.011656364112629
-0.020952116607066
-0.029240615364606
-0.036711010660896
-0.042079372139761
-0.042066536547820
-0.033328343417785
-0.015306920490030
0.007565413772112
0.026624549072765
0.033480005887649
0.025382352750719
0.007473992590800
-0.010455420639618
-0.020965852056630
-0.023875006737856
-0.025156960647996
-0.031206761161040
-0.042430754863610
-0.051014202370088
-0.045838915842118
-0.021144333512862
0.018313689109859
0.059347149923988
0.087255001242938
0.092489745753489
0.074024869635856
0.039028625542308
-0.000459104641568
-0.032076205544369
-0.047161667851316
-0.043550039076382
-0.026353643866887
-0.005872505773964
0.007045848497661
0.005894922723445
-0.009164238536762
-0.031986857013187
-0.053369636238844
-0.065539012086984
-0.065519818128523
-0.055201346989487
-0.039614085783373
-0.024687395740342
-0.014678703852536
-0.011202756098959
-0.013952973489670
-0.020578983844993
-0.026057388584277
-0.024219181895204
-0.011836675231737
0.007937817151971
0.026800019069407
0.036581807275131
0.033877564937762
0.021354292659142
0.005975840126280
-0.005060996741879
-0.008375354709281
-0.005528221944503
-0.000902345170393
0.001744557750918
0.001532109234937
-0.000019947310170
-0.000969252679587
-0.000265765611522
0.002296702208278
0.006732228005127
0.012821236236387
0.019519473812366
0.025151115129841
0.028798152749287
0.031785802549429
0.036927960016669
0.045155730764001
0.053382107207067
0.056194288637484
0.049396463242743
0.033380097439218
0.014545075124105
0.001864186835252
0.000038736864147
0.005807390617644
0.011003904014414
0.009331175970232
0.001462048923825
-0.005092442794520
-0.001731634220775
0.013673339252599
0.033918379039789
0.047129919936097
0.044373893251827
0.024371004875504
-0.006351850981781
-0.037327384276303
-0.059452271124612
-0.068102187231723
-0.063220895509395
-0.047645648106256
-0.025471938462687
-0.001885895301583
0.016624098993820
0.023872376383179
0.017434085037513
0.001412756385484
-0.014629464231584
-0.021187968933342
-0.015221571367661
-0.002183893901385
0.008239476188573
0.008833262129902
-0.001491035139645
-0.018466877310721
-0.035559456003695
-0.047222382255168
-0.050501510669472
-0.044648328629303
-0.030692886917236
-0.011892645742063
0.006092651983814
0.016636179421366
0.015678663681870
0.005455468590955
-0.005299647023149
-0.006114906877808
0.008387981948130
0.034520267540504
0.061549882640002
0.078254249383667
0.079111544507391
0.066123273576724
0.045598847423220
0.023103775228105
0.001108219291783
-0.019630105724183
-0.037351655290858
-0.048260774635677
-0.048825840469715
-0.039337569553916
-0.024668812768738
-0.011032674047193
-0.001750571814172
0.003963669189867
0.008754002730862
0.014105327017897
0.018605322725269
0.018541313747995
0.011083805370544
-0.002201795583830
-0.014745672818291
-0.018286939693366
-0.008539338007243
0.010785406619110
0.029747126452792
0.038929093996678
0.035464581340333
0.023499392001506
0.009348265984382
-0.003649466060730
-0.016118816939438
-0.029707584091573
-0.043044507594725
-0.049998883248801
-0.042694618784314
-0.017462275294693
0.020965525342840
0.060318201907867
0.086829259790228
0.092572665851958
0.079133004930871
0.055906634042373
0.034266102156331
0.021116929048156
0.016214837601385
0.014034631108710
0.007851523300535
-0.005890615059762
-0.025041104955403
-0.043152511784265
-0.053921014588722
-0.055064478030716
-0.049025784671893
-0.040601926774814
-0.033213379616010
-0.026544384873504
-0.017799721144104
-0.004932247676893
0.011505325646822
0.028217167055575
0.040319995584597
0.044015859532784
0.038636395796717
0.026329958832244
0.011093324878995
-0.001952815570026
-0.008255756574759
-0.006223721134579
0.001294995192630
0.007381143115450
0.003856042018268
-0.013653961605195
-0.041425307555052
-0.068626560927415
-0.083828959232602
-0.081732037586225
-0.065560007749358
-0.044243966993873
-0.025907238261519
-0.012446397130366
-0.000106376190916
0.014954087282900
0.031634233611477
0.043495553455013
0.042973337682452
0.027203661006277
0.001614406543840
-0.021918897994012
-0.032209303295470
-0.026097347515523
-0.010622376955022
0.001000724566627
-0.002362427165304
-0.021789553330326
-0.047041807057671
-0.063505184062997
-0.061818288297631
-0.044139936458569
-0.023012722775639
-0.012401746439555
-0.017349948810314
-0.030730565224501
-0.039245277804854
-0.033094742295742
-0.012157120083019
0.014176756706090
0.032745873238886
0.034945843972550
0.022046553320987
0.003557358766013
-0.009559840466376
-0.011670740642078
-0.004351188342939
0.007669883900429
0.021331905912812
0.035425442787913
0.047792774869136
0.054546253630801
0.052273709358396
0.040549975439908
0.022654740406013
0.003941739015262
-0.011415030203123
-0.022533533301071
-0.030263806309847
-0.033769697236152
-0.029542700721078
-0.013875815830904
0.013405340793280
0.046408343513495
0.074381774169072
0.087062290417149
0.080447953887475
0.058824633694686
0.031894256208405
0.009253463386275
-0.003845713222964
-0.007239258522605
-0.003940083796840
0.002240415007083
0.008189211967406
0.012029559250158
0.012857071381156
0.010449447901060
0.005936129279163
0.002177715869543
0.002049761025241
0.006100302754029
0.012142921775313
0.016577316338021
0.016094239139565
0.009405248617464
-0.001733064834494
-0.013614943361669
-0.023333211200345
-0.030117742640099
-0.033887572965508
-0.033408910942731
-0.026431942990729
-0.011920518006197
0.007731789599692
0.027266220872240
0.041395411967006
0.047190969278066
0.045100448025919
0.038230572253250
0.029780889860596
0.020866981511110
0.010609096558007
-0.001931560844198
-0.015169048398373
-0.024275871324369
-0.024043038295886
-0.013063104490160
0.004223258625111
0.019072426235257
0.022542132235483
0.009934767398885
-0.016233910212398
-0.046813919040937
-0.070710736067180
-0.080497710659153
-0.075490299193288
-0.061015721586485
-0.044438181432841
-0.031088486696396
-0.023213893979842
-0.021341001002942
-0.025567142396826
-0.035230179784656
-0.047373935920726
-0.056535436153566
-0.057037240580647
-0.045763617022412
-0.024058168958717
0.001235123452443
0.019208739637215
0.020243023014384
0.002604187858580
-0.025050298853619
-0.047902468137917
-0.053387024941992
-0.038678632702527
-0.012720365359375
0.009528756184025
0.017512127808614
0.011906505198728
0.002684043563696
0.000748825287749
0.009496848789549
0.022465060024608
0.028799671244828
0.022133987628478
0.005866235462067
-0.009228826459140
-0.012721777702565
-0.001749673418163
0.016671538888473
0.030110768031641
0.029590033997972
0.015910093398623
-0.001452962489183
-0.011055808884140
-0.006804428065450
0.008419053154993
0.025047022151639
0.033653632040591
0.031567393084058
0.024233733216115
0.020284709637821
0.024861428166981
0.036592658658653
0.049323363469594
0.056405354973852
0.054421175213663
0.043612381280426
0.025701389866182
0.002670104179775
-0.021887254403453
-0.041091430775870
-0.046363983125398
-0.032479211373601
-0.002121761197404
0.033987455380452
0.062464228798365
0.074813548002724
0.071317486939789
0.058820412992432
0.045062363090510
0.034282174089653
0.026954451883536
0.022308941848944
0.020512083867427
0.022348045560069
0.026284603849542
0.026673468148772
0.017072341443550
-0.003480311058685
-0.027441345492159
-0.042680063713907
-0.041024566479855
-0.024275560594297
-0.002796148601947
0.011509922607532
0.012885002709858
0.004912080236643
-0.003466376014563
-0.005485058517715
-0.001274457525210
0.002849286847665
-0.000765726000190
-0.015022677904188
-0.034765346888368
-0.049444812304218
-0.050367749775488
-0.036712686164934
-0.015629053645397
0.003053147957703
0.013158041487426
0.015101457993154
0.013882792301972
0.014535739936892
0.018797561339438
0.024635036086350
0.028205304043808
0.026919288720709
0.021316260279029
0.014121473870023
0.007680965231065
0.002550022306418
-0.001492729214500
-0.003910032474830
-0.004064581638576
-0.003107625094359
-0.004093347115523
-0.010144092892919
-0.022248748122121
-0.037649603601943
-0.049832440021372
-0.051173539511568
-0.037813611142625
-0.013635724953318
0.010195634653943
0.020399807870020
0.009109519715443
-0.020042009230323
-0.052286840244910
-0.070100883634477
-0.064218062136242
-0.039157043131622
-0.009582473678174
0.009010449796317
0.008900836925620
-0.006370580960756
-0.025304720411776
-0.036210611329614
-0.033532128985788
-0.019542388113680
-0.002657691223193
0.006993372978526
0.004101160248201
-0.007653242592198
-0.018017930473658
-0.017186767419387
-0.001874543026184
0.022621481525021
0.044952463390168
0.054079929423606
0.045602237539922
0.023743519481761
-0.001304539348574
-0.018875295646907
-0.023879685431071
-0.019448884884038
-0.013683170807893
-0.013489891727459
-0.020613278856837
-0.031534097407786
-0.039783419858270
-0.039350607752427
-0.028401037629320
-0.011264183837961
0.003734900037672
0.010024861991939
0.007715592307473
0.002928095449497
0.001810328058906
0.005122979312880
0.008099522573031
0.005001750117438
-0.005490982379158
-0.018417089201800
-0.025716844279275
-0.021611084894468
-0.005921169244514
0.016677687759016
0.040049327029235
0.059447188042693
0.072021913071807
0.075905609067452
0.070086693850927
0.056036397655088
0.038975954905375
0.025581190761861
0.018996682992794
0.016416489275039
0.012022245334090
0.002501122805100
-0.009296192886048
-0.015873085680844
-0.011354398466247
0.002988353749011
0.019032941028345
0.027618525019181
0.024958185059272
0.014311501033543
0.002292969265328
-0.005818893903621
-0.007927707986355
-0.004186667869077
0.004784395048954
0.018672952696182
0.036265068749232
0.053664841762988
0.064599746463121
0.063485631235863
0.048764433236838
0.023723764848827
-0.004801843797282
-0.028376231522748
-0.039964231443196
-0.037816265803428
-0.027537014523547
-0.019454043980258
-0.021882549158461
-0.034902195338683
-0.049292742273872
-0.052442319728271
-0.038513501695801
-0.014631768304052
0.003475637447664
0.002969339966994
-0.017032538297524
-0.045202709773270
-0.065780966347369
-0.068463624308802
-0.054343866440118
-0.034329012470656
-0.020685797797133
-0.017982887944362
-0.020340991576891
-0.016611851196581
0.000177887427999
0.026095986363479
0.048135842988127
0.053062449437088
0.035959345260499
0.003084615809655
-0.031749163516676
-0.054535294295532
-0.057795504665563
-0.043731691330910
-0.022661088501635
-0.006978473640333
-0.004000389066014
-0.012811902979891
-0.026983206672434
-0.039776106277202
-0.046965726883200
-0.046136118482612
-0.035502062901379
-0.014740251505760
0.013015467193578
0.040574034316285
0.059257049917358
0.063699610532445
0.055455380940385
0.042320353532310
0.033611771980616
0.034713111157305
0.044340369213814
0.056053338938228
0.062947686998647
0.062095026415333
0.055217526272454
0.045922770000414
0.037201806708770
0.031206537671535
0.029929227756174
0.034696027807846
0.044376200593507
0.054189884985851
0.056923634728467
0.046861686730013
0.024514936905309
-0.001819560546883
-0.020230062660518
-0.022769109825823
-0.011139131548380
0.003860531813628
0.009516318508679
-0.000095606037319
-0.020898589577375
-0.043321666355731
-0.059574698991073
-0.067164013272765
-0.067567967004164
-0.063560633482341
-0.057781982720179
-0.052535273705725
-0.049668108543932
-0.049525257834121
-0.049392543544143
-0.043801382486808
-0.028307543815829
-0.004364961582207
0.019464624111961
0.031784182631248
0.025118916475677
0.000737299565026
-0.031486068728098
-0.058440502292737
-0.070567979935341
-0.065420531492245
-0.047371204169014
-0.025231416403623
-0.008645513949233
-0.004081064851755
-0.011908491114856
-0.026394216298654
-0.039431062637548
-0.045249060921089
-0.042127127862475
-0.030896779035852
-0.012820666611686
0.011110718431571
0.039234124859736
0.068134876211295
0.092932319634692
0.109006936059180
0.113785014146337
0.107100664107417
0.090719747288717
0.068136383057541
0.043721355704260
0.021060999414460
0.002643539671316
-0.009035006416355
-0.011685767627350
-0.005413933426965
0.005853925157010
0.015992320462177
0.019978015450700
0.015968888053127
0.005607611952691
-0.006938265696198
-0.017051490574058
-0.021872325545441
-0.021719537296431
-0.019737665696270
-0.018900507210888
-0.018857593270193
-0.016482930991861
-0.009492975753257
0.001227331424558
0.012629702740268
0.021729743733982
0.026797406117849
0.027402101726658
0.023918547367006
0.017203783423892
0.009074113812544
0.002679279112205
0.001170336800582
0.005235690685954
0.011825839014899
0.015471877398767
0.011754025026283
0.000487458592226
-0.014361153177646
-0.027749955235649
-0.036259811914036
-0.038609364586822
-0.034953190422413
-0.026395163748992
-0.014971487596121
-0.003424749677979
0.005580675467287
0.010593827129702
0.012038381599964
0.011681018527483
0.011583094270310
0.013284380887483
0.017117935516753
0.022057748606679
0.026600015943780
0.030132883036649
0.033859654367841
0.040051863648328
0.048995953359099
0.056254254170153
0.054003122732128
0.036129194743676
0.003517877992644
-0.033880364728331
-0.060947736597973
-0.066474570591235
-0.050916096880398
-0.026443411596759
-0.009187036302239
-0.008702740678340
-0.021047659401221
-0.031120581799666
-0.024314909582407
0.002068388550243
0.037442715524664
0.065672159841276
0.074993849221599
0.064452256621330
0.042728282463142
0.020075171094957
0.000968637867528
-0.015933895196856
-0.032372413855209
-0.046786144391126
-0.055678304334284
-0.056482543079002
-0.048654356361386
-0.033819291290388
-0.015758908929944
0.000077923933367
0.007639013046492
0.002501705292294
-0.015208241306809
-0.039650878063655
-0.061227767168432
-0.070904952866944
-0.064869467391590
-0.046626673907258
-0.024828063030457
-0.008098325700051
-0.000427430217595
-0.000312392539596
-0.003727317028079
-0.007784486967383
-0.011801552081691
-0.016102234096277
-0.021212893450956
-0.027686848142930
-0.035511030425172
-0.044162476576503
-0.053292808215671
-0.061912302705734
-0.067113198599955
-0.065356125953829
-0.055551787679876
-0.040433392240252
-0.024682682870683
-0.011750873568626
-0.002190997327199
0.005879339666912
0.015034189072402
0.026450742077629
0.038865082946575
0.048934139207980
0.052311054068536
0.045823478107473
0.030208044776347
0.011057130779102
-0.003139183766822
-0.005179674259328
0.006634412951570
0.027259974360691
0.047776458687431
0.060466846439891
0.062831658076840
0.058246504076366
0.052841537119841
0.050740195105382
0.051715219274772
0.052949913121875
0.052374912350074
0.050260516002333
0.048585078865171
0.049431664795953
0.052769420252371
0.055185973553836
0.052303834312215
0.043328742597074
0.032463135782092
0.025445116645573
0.024923292224955
0.028734562779251
0.031849788077984
0.030318157239112
0.024408659621174
0.017909845725773
0.014196897120073
0.013661418607930
0.014165756919443
0.012646526715392
0.007250262616080
-0.001043331922855
-0.009486225822496
-0.016652008807468
-0.024164081135268
-0.034895838869441
-0.049377103786847
-0.064240777535701
-0.074059314202235
-0.074726073850080
-0.065956665894766
-0.051531935806372
-0.037455533326655
-0.029146958601386
-0.029101138096212
-0.036131187384294
-0.045797915393869
-0.051401873714483
-0.046595543275305
-0.029602352037462
-0.005660344268919
0.014998247799144
0.022398485598262
0.012008156874019
-0.013260185775024
-0.045112997069728
-0.073769584277441
-0.090557461156594
-0.088546702807803
-0.064128813808134
-0.021127961540326
0.026645260410175
0.059170535423823
0.059939913316585
0.026420547979124
-0.026363225426431
-0.073425520469256
-0.093966226179987
-0.082236867936524
-0.048503825955478
-0.011026535066069
0.014212512624415
0.019854880928898
0.007982328902154
-0.013237328362837
-0.034239619820774
-0.047133344971121
-0.047060832764325
-0.033690477249444
-0.012190702935313
0.009041521218136
0.023375970529034
0.029082891406169
0.028198644887058
0.023855009811066
0.018918862641085
0.015741124662552
0.016237379065870
0.021847242643308
0.032783243107677
0.047073307306625
0.060627001759337
0.068912982656574
0.069596887572055
0.064085973452655
0.056597166048346
0.051455683085256
0.050180296595925
0.050563119717783
0.049201266893485
0.045076855527458
0.040421640662216
0.038432824022496
0.040239484255806
0.043835802187407
0.045548686706048
0.042637973318230
0.035671932395239
0.028270392709538
0.023450032017303
0.020648551761683
0.016419099084633
0.007366997282926
-0.007135896829360
-0.024463989527923
-0.040713392678835
-0.053002437403329
-0.060326544391699
-0.062758941526349
-0.060079682326561
-0.052158260729130
-0.041081171053046
-0.031534800910678
-0.028096094002968
-0.031838954547410
-0.038676025899313
-0.040750632976970
-0.031062987285127
-0.008776388945759
0.019347546514629
0.042960926120316
0.053611992387753
0.047467603667526
0.025836160706749
-0.004734445115817
-0.033607413417007
-0.049368226714027
-0.044447075239619
-0.019173698239483
0.017282335144043
0.050635119690144
0.068394554333030
0.066195319292629
0.049805907855787
0.031336834268072
0.021686138774118
0.024103887155904
0.033355648266591
0.040391691665897
0.038469895198175
0.026909894176532
0.010615955120347
-0.003496004089802
-0.009646289263424
-0.004574031558930
0.011352196978938
0.033496267069065
0.054389464607788
0.066763873875890
0.066557161820995
0.054715673709009
0.036829458781336
0.020155795172108
0.009174096505867
0.002812651912102
-0.004234042132230
-0.016984208512947
-0.035490310583132
-0.053623897914554
-0.063067337175295
-0.059388895682085
-0.045224548408417
-0.028969619383484
-0.020157143364281
-0.023947072831785
-0.038002460427942
-0.053613009314748
-0.060774866102871
-0.054533972495373
-0.037797350274282
-0.018545045124336
-0.004538877917544
0.000289324783742
-0.003705873551727
-0.013112971121393
-0.022962220556186
-0.028728447405359
-0.028198850514996
-0.022067714640069
-0.013555188382397
-0.007073322856550
-0.005947742188754
-0.010678073782965
-0.018836145600779
-0.026206542885986
-0.028336143344262
-0.022381293449895
-0.009271378819117
0.005542970072197
0.014252632955806
0.010588013511683
-0.006258896517052
-0.029670387354982
-0.048467615426963
-0.053584711077103
-0.042818653167384
-0.020748628547348
0.004329901531374
0.024228149988695
0.033892333460288
0.032792220999573
0.024451709812701
0.014270730444029
0.006885279870833
0.004317057097073
0.005614040120864
0.008552887232419
0.012073874534600
0.016910320711362
0.024203163267684
0.033598446232816
0.042065519856139
0.044919295523793
0.039253402983830
0.026903955227537
0.013643746824698
0.005030551690136
0.002845253422758
0.004749005605277
0.006293053287462
0.003525335018397
-0.004913606937017
-0.016760168529860
-0.026619156309622
-0.028942060529450
-0.022315722762801
-0.010824117962910
-0.001023769559962
0.002178072159034
-0.002014994034606
-0.010032248929211
-0.016034113762975
-0.015459045344129
-0.007629829821942
0.004619814259892
0.017383700547505
0.027145511352208
0.030957118631207
0.027249642383560
0.016885356999499
0.003046128844383
-0.010018859158339
-0.018673636928399
-0.021047099138964
-0.017431376523511
-0.010121656136532
-0.002224375220586
0.003753798097372
0.006281694069626
0.004987741467542
0.000953949727354
-0.003987073952102
-0.008394289317907
-0.011726413544586
-0.014623065054870
-0.018879601992950
-0.026372481891203
-0.037188275050829
-0.048607765088169
-0.056805056113653
-0.059827877848301
-0.058291963611707
-0.053700253178026
-0.046855075089123
-0.037464339286479
-0.024816914989415
-0.008851434063089
0.009161653646355
0.026687463478281
0.041020884875302
0.050607329800686
0.055114792951449
0.054899317517528
0.051415657574221
0.047765340545896
0.047307682582066
0.050274109084792
0.051657672165302
0.044074797279430
0.024183713106424
-0.003051080358857
-0.026013861205435
-0.033546685198615
-0.022743075728396
-0.001097423148707
0.018809534353696
0.027913420342833
0.025492396690681
0.016574093604812
0.006249761191898
-0.003144856129549
-0.011324823088230
-0.017867364256378
-0.020712315659927
-0.017497377672485
-0.008958982593163
-0.000486517323953
0.000806357010046
-0.008275567015807
-0.023799157045922
-0.036984115403663
-0.039625948936689
-0.028705627669818
-0.007958554094902
0.014143673052307
0.028925431487198
0.032172071869516
0.025688919483292
0.014472016281308
0.002776512905241
-0.007655174879068
-0.017585031104380
-0.028743055872876
-0.040767497190948
-0.049401110939623
-0.048513520610308
-0.035051215758090
-0.013181600919227
0.006308376598022
0.011734527509297
-0.001936658451640
-0.028475396873909
-0.053010544171583
-0.061176581009523
-0.047996516676153
-0.020402728996455
0.007278548595446
0.021808114596775
0.018451421195131
0.002661597555651
-0.014288822398931
-0.021943170880000
-0.015516724403009
0.002770103043539
0.025282432082414
0.042604400572749
0.048112821425376
0.040804766230104
0.024741493512882
0.006325625255263
-0.008865456029745
-0.018207828031134
-0.022244100885781
-0.023351322769798
-0.023652385404196
-0.023788809266550
-0.023613142076484
-0.023347104625933
-0.023562740165262
-0.024004929163597
-0.022672908424426
-0.016663944802018
-0.004075731299084
0.014735695566035
0.036658072953420
0.056260472405963
0.068217861297287
0.070779967202727
0.067223267326123
0.063432046089661
0.063462493222646
0.067283075615028
0.072293111481327
0.076206173178166
0.078278157397037
0.077849816529848
0.072380530070523
0.058268846895604
0.034434499931105
0.005482729237281
-0.019136992527572
-0.030834505944062
-0.027778761834041
-0.015591147171657
-0.003049239301291
0.003547686479057
0.003829112135611
0.002305499138987
0.003895058489167
0.009865452167898
0.017084020089776
0.020685755450238
0.017615671164822
0.008177018762945
-0.004712880896685
-0.017193011242560
-0.026143088598887
-0.029997888350360
-0.028035436454672
-0.019430251364335
-0.004320023811951
0.013434533984733
0.025653673571345
0.024009152552559
0.005830720395170
-0.023470180868950
-0.052676125031686
-0.069996387616119
-0.068853925277920
-0.051461930611087
-0.027558101342271
-0.008614409121968
-0.001719180130998
-0.006434429851528
-0.015010490333937
-0.016629102722831
-0.004468968092813
0.019652741688033
0.046279316447015
0.063704342819781
0.064755775757480
0.050494456340511
0.028375673816642
0.007739026281454
-0.003964558797533
-0.003352213942467
0.008344259297991
0.025883990295220
0.041753661878185
0.049560164007625
0.047674087129803
0.040487499437749
0.035839796559083
0.039130687505733
0.047860599769712
0.051988695690036
0.041374644804890
0.015002452405258
-0.015991082213709
-0.034934111357610
-0.031160813922618
-0.008006486629467
0.018497394668107
0.029569110799752
0.015814335797695
-0.015918637369094
-0.045998078694575
-0.055182410613012
-0.038413172266101
-0.008278124720967
0.013927799872607
0.012173113294799
-0.014949281442713
-0.054709112000727
-0.088595065489169
-0.102191830562968
-0.091047094256849
-0.060748121497392
-0.023245947254956
0.007665755425429
0.021011024130374
0.013170574516408
-0.010109941094331
-0.036741806178385
-0.055207041964009
-0.060248115561711
-0.053309906035707
-0.038973814493114
-0.021279889843046
-0.002595834703973
0.014799940724734
0.027122293030054
0.030388575061731
0.023591062614073
0.010483276488516
-0.001735562539242
-0.006852922376275
-0.004471264398551
-0.000587093847692
-0.002662867467546
-0.013508317218123
-0.029310059571572
-0.042520186947034
-0.046573843264811
-0.039832387125082
-0.026282449393336
-0.011612110337440
0.001714299760837
0.015086887125857
0.029739366765996
0.042758715489061
0.048225372813970
0.043222109588077
0.032180625630971
0.024399795939373
0.026496039406484
0.036360020375876
0.044645377424519
0.042823116107855
0.029814374516038
0.011518619890560
-0.004707599379153
-0.015108513700039
-0.020623239401618
-0.023964851653803
-0.025319446095485
-0.020713982595917
-0.005221704952571
0.021652690497964
0.053082849801856
0.076436582019215
0.078309602149749
0.051069726397224
-0.002053386501159
-0.066186636788526
-0.119656384133163
-0.143200602073915
-0.129313783647637
-0.086743628699515
-0.036785647156486
-0.001853460039960
0.007061268483461
-0.004459435297426
-0.019543918933806
-0.022074719386180
-0.007446112636941
0.015718986962084
0.033590341108998
0.037789815943043
0.030275253732685
0.019272314927138
0.010891607263141
0.004514797371225
-0.004546440875275
-0.018599893527576
-0.033899193651435
-0.043507546604149
-0.043740701530551
-0.037750430724298
-0.032994680267616
-0.034599220318342
-0.040307488667844
-0.042247439518037
-0.034077692270231
-0.016615893236543
0.002420082045339
0.013863962327260
0.013567588476863
0.004941005586489
-0.003753223097951
-0.005108847682321
0.002338232619366
0.013390138494188
0.020441312213044
0.019466600531613
0.013346041286997
0.009362308769394
0.012452307956264
0.020742565622463
0.027753343575970
0.028832941865709
0.025659982739106
0.024586815138614
0.030526642909960
0.041727324579760
0.049224629686409
0.042283343227318
0.017188105090681
-0.017729403581979
-0.045853669306581
-0.052469111207374
-0.033649957371890
0.002411282010588
0.040977362030345
0.068427530122608
0.078150544490639
0.072587861544723
0.061365904820974
0.056534210919253
0.065935102227032
0.087720567825629
0.110049369925782
0.116891550796962
0.096920543218505
0.050339800491456
-0.010258307214134
-0.064873746342966
-0.094531239778039
-0.090274400205489
-0.058292790599921
-0.017322462608128
0.010879955780492
0.012839175571966
-0.009865559444194
-0.042581241916910
-0.067230138950706
-0.073246987522887
-0.062764573486741
-0.047113360748899
-0.037476677135792
-0.036771811768662
-0.039220921288934
-0.037294753416955
-0.028738146159377
-0.017648005798826
-0.010301651407723
-0.010001235821100
-0.014716356617769
-0.018892225370447
-0.017593527409484
-0.009771821253851
0.001800572551008
0.013662065017990
0.024239144002269
0.033595005891394
0.041816464090384
0.047400394022325
0.046442792444657
0.034279014170132
0.009548024853726
-0.022220811051457
-0.049065067263852
-0.058412363685670
-0.045237243425762
-0.016363268030442
0.013236462940068
0.029531210377474
0.026838670306821
0.009491320475553
-0.011002240826982
-0.021536549677771
-0.014530887882664
0.007291551081690
0.032276951043987
0.046375428921008
0.040615348443523
0.015500347765318
-0.019526688527186
-0.050785231823108
-0.067221591105064
-0.066319456436335
-0.054778880286752
-0.042828441645537
-0.036669313125576
-0.034807828253310
-0.030521216775594
-0.017777544250549
0.003993105189780
0.028741088405400
0.046789567832567
0.050589899945018
0.039448952580170
0.020039765025287
0.002485747050855
-0.005546471416738
-0.003047797347480
0.004406187517900
0.008789858862556
0.005247172373071
-0.004428067015048
-0.012754738512490
-0.011239921899722
0.004075354922373
0.029693596223257
0.056367947313759
0.074097005215682
0.077025271618854
0.065463486548103
0.044767888445750
0.022765340267874
0.006808144286360
0.000922874035983
0.004137507266749
0.010944442994702
0.014102461732746
0.008979607241084
-0.003307867236142
-0.016858926336823
-0.025289678232160
-0.025794659346600
-0.020476882113284
-0.014500033871708
-0.012224654670068
-0.013931304067795
-0.015605325115252
-0.012258666943683
-0.002452704086882
0.010045990487048
0.019360048692039
0.022419642919306
0.021054201614142
0.019917953550678
0.022519474122923
0.028061815716010
0.031455091441927
0.027500275113664
0.015768283970824
0.001182662981393
-0.009618092116427
-0.012344905882192
-0.007051946849099
0.002427618175105
0.010608557297063
0.012797638142613
0.007347893248698
-0.003551701712838
-0.015364180686758
-0.023273861671385
-0.023614093552507
-0.015496795126449
-0.002312444389823
0.009319297545864
0.013583660671156
0.008996256023985
-0.001586486542566
-0.013723750134166
-0.024451198573456
-0.033438155397252
-0.041348122816768
-0.047279154458650
-0.048342403274045
-0.042137216228360
-0.030180571013778
-0.019015211402880
-0.016503058228877
-0.025220366493998
-0.039012072016229
-0.046763014384168
-0.040481319659404
-0.020254681417272
0.007546389866758
0.035144556173321
0.056668795573046
0.068814770478878
0.070006410910557
0.060446442489564
0.043514272543373
0.025538317722469
0.012841774432295
0.008561348502125
0.011595485592611
0.018221996000582
0.024646299225940
0.028302748854696
0.028053464627516
0.024091760407497
0.017919060187310
0.012674818660773
0.012243007798313
0.017918676107018
0.025801578182045
0.028611953320402
0.020959840376855
0.004214339318982
-0.012946245025303
-0.019922314304622
-0.012030021934114
0.005590931254914
0.021441718798281
0.025414208588066
0.014333551220620
-0.007498204914795
-0.030936492597982
-0.045519249228207
-0.043073485765705
-0.021131671124633
0.015051377296392
0.053428389327694
0.079561726683663
0.083347155916380
0.064482309365855
0.032335896127631
-0.000059664542255
-0.023005481102421
-0.033469503282615
-0.033717894282509
-0.026837377631772
-0.012950522916611
0.009972813182776
0.040904266290805
0.071353446278044
0.087261093324122
0.076805944717793
0.038656548297709
-0.014798727658108
-0.062234228656222
-0.084090279572751
-0.072672693490226
-0.036391863117792
0.004145964607945
0.027423226670076
0.023521292235478
-0.000664305493464
-0.027308855082366
-0.040575384857279
-0.036947550381678
-0.025054547683150
-0.016322897327019
-0.015789057875180
-0.020649814571629
-0.025550984475408
-0.028082866313124
-0.029805526360127
-0.032846389323994
-0.035786111125613
-0.033846791246335
-0.023770022378656
-0.007524421027176
0.008858240964978
0.019154516903554
0.020550924977019
0.014998406537285
0.007558697068079
0.003240088100203
0.004294984142827
0.009245191829089
0.014010428064799
0.014069135968097
0.006537917668486
-0.008322225883658
-0.026789183773088
-0.042745704187379
-0.050131245938871
-0.046036993006481
-0.032091815774992
-0.013387430124563
0.003535753507858
0.013280323882492
0.014166572851414
0.008500538744898
0.000540615850562
-0.005660627118633
-0.007718591151141
-0.005685963529724
-0.002054054090243
-0.000677796665525
-0.004661265820221
-0.014880596582028
-0.030186347408151
-0.048106218943494
-0.065291928697629
-0.077810826829318
-0.081331981550904
-0.072327578322089
-0.050875572371494
-0.022742786653680
0.002199112882579
0.014893520896811
0.011596287232306
-0.004792845481002
-0.026299871614867
-0.043656294269444
-0.050803916019363
-0.047004829683677
-0.035600020777693
-0.021538658570928
-0.009298573100172
-0.001396135325954
0.002566656607621
0.005769525510355
0.011858246709806
0.021333727301125
0.029875975893311
0.030265156049629
0.017098247938165
-0.007899248990515
-0.034302094335334
-0.048245553131546
-0.041563663481638
-0.017847130605536
0.009283484795655
0.024142671003355
0.017752366999764
-0.007045400229672
-0.036733899027870
-0.054497462674848
-0.049663988695878
-0.023449658389693
0.012446407533240
0.043193220737109
0.058560097473002
0.055944124506593
0.038782502236053
0.013964668718080
-0.009962132788333
-0.025069580587860
-0.027161248844264
-0.017280643070342
0.000048191388351
0.019837867372541
0.037806613630122
0.049723792381640
0.051646240530262
0.041992854516937
0.023526243438122
0.003555832468764
-0.008340813210667
-0.005498287350164
0.010007460428344
0.026271491285312
0.028178101538653
0.007913330056916
-0.028348802227684
-0.062735385408795
-0.075757725538745
-0.058149568454618
-0.016818309768910
0.030041702791977
0.065035462933808
0.080905942586075
0.081211729709773
0.074247896773494
0.066321253403617
0.059536637722564
0.053937919604278
0.050116526304567
0.049323474876810
0.051185367029963
0.052376435222650
0.048793625940392
0.038875668029085
0.024516555521669
0.009234828926291
-0.004594532554656
-0.016928086121733
-0.028109125776308
-0.036096358177835
-0.036912426941171
-0.028377327513502
-0.013074610156759
0.002633963079241
0.012612053481002
0.014588263292429
0.011188821818825
0.007879766471999
0.008540995487536
0.011757460344284
0.011658365619687
0.002691329314003
-0.016232975845807
-0.041021765671602
-0.064709344623003
-0.080975165205059
-0.086648820532980
-0.081719251628508
-0.067804868173854
-0.047838043983740
-0.027154810114194
-0.012952518361498
-0.010927640093245
-0.021452910350054
-0.038405187645429
-0.052043886951577
-0.054122523054152
-0.042038457925898
-0.020214953886086
0.002278629921884
0.017086341587410
0.021297570521690
0.018342454372927
0.014810971719031
0.015864806972822
0.022575095339419
0.032069607332833
0.039727613070582
0.042455616937144
0.040499286557709
0.036018955553365
0.030531469827063
0.024260852414587
0.017877433422025
0.013772155184294
0.014007119206102
0.017036821324683
0.017375548001204
0.009144372465068
-0.008328674594710
-0.027056712107597
-0.033750943092383
-0.018849146718560
0.015598297362446
0.055075057694026
0.080228795958247
0.078750357372692
0.052953009314312
0.017191315574395
-0.012367674033814
-0.027454414541255
-0.030296850355651
-0.028942356692380
-0.030180280028456
-0.034986141048352
-0.039289633000648
-0.038741737957877
-0.032067638461734
-0.020404826635870
-0.005244358690364
0.011923117616159
0.028332303540820
0.040054378634947
0.044320947233873
0.041107550295808
0.032529585337610
0.021185505541555
0.008419775094744
-0.006001574842725
-0.021818374865669
-0.036160738962721
-0.044000484712010
-0.040415288701084
-0.022692204755900
0.008337794636596
0.047569018034830
0.085894578020129
0.112293796471730
0.117846564735935
0.100032047236812
0.064340690721496
0.022090043290784
-0.013716459793081
-0.032866949745188
-0.031732684837169
-0.014674828723930
0.007627802472369
0.022585985601326
0.021883344481567
0.005883320080446
-0.017549209694282
-0.038605936778611
-0.050711985595776
-0.052475009692733
-0.046621427975316
-0.037337507160896
-0.027755849556383
-0.019134890784796
-0.011742613755665
-0.005767784656903
-0.001487246059536
0.000708658398343
0.000880118753075
0.000538207719017
0.001993685333113
0.005953506002683
0.010009371834604
0.009849306001882
0.002600744834020
-0.010022038114048
-0.021594823019617
-0.024944543158553
-0.017619084301886
-0.004108695794661
0.007908031069920
0.013883907071695
0.014985153197227
0.015837854475456
0.020607513644926
0.029798173110365
0.039516027235989
0.044011056487136
0.039895130604300
0.028578076634027
0.014840003186648
0.003531609997022
-0.002877829525968
-0.005451964293871
-0.008055612759324
-0.014485659683036
-0.025784636832225
-0.039870435661251
-0.052867767811508
-0.060186499653005
-0.056944395379157
-0.039934266984719
-0.011320886017036
0.020126048724215
0.042691831926874
0.047896148690197
0.035294774662838
0.013080442760444
-0.005790782951441
-0.010053889518083
0.004025135203993
0.030891154102667
0.058680175070646
0.075004594976576
0.072918394893709
0.053470510025035
0.023350119357459
-0.009103357534768
-0.035896659536970
-0.050061175093874
-0.047512622302656
-0.029551155792983
-0.003050679622639
0.022506499171808
0.038867911040623
0.041985402830769
0.033792222143996
0.021799040551406
0.015999390271274
0.023887774557199
0.045430568705703
0.071170415777567
0.085787186277397
0.076295122205897
0.040518875935013
-0.010095784083268
-0.055717208267119
-0.078115735664370
-0.069881953923369
-0.037946291141212
0.000979824417859
0.029818632020223
0.038862118292290
0.027980002004583
0.003456629636398
-0.026843694672909
-0.055683021418684
-0.076559000785912
-0.084585474636669
-0.078146065028808
-0.059942211282772
-0.036392293340049
-0.015079332318495
-0.001818892421927
0.000817832581159
-0.006695101546756
-0.021712386500080
-0.039734936390077
-0.054730327903369
-0.061036413744108
-0.056273285878433
-0.043329825338391
-0.029507614838133
-0.022263385796898
-0.024605334423583
-0.033597425036398
-0.042376256346973
-0.044617240829526
-0.038960613943694
-0.029937149378191
-0.024699179541712
-0.027954251412004
-0.038273355330057
-0.048291190069058
-0.048457458996889
-0.031844174411995
0.001734169313924
0.043770082236869
0.079130046152777
0.092836451476202
0.078998789140044
0.045563809145274
0.010196934958410
-0.010127647167125
-0.008825099752679
0.007443440610442
0.025070777463633
0.034052461411746
0.033649866786928
0.029760368950476
0.028327573478517
0.030600782708321
0.033132097747663
0.031328914675918
0.023094458348018
0.009848663385483
-0.005168646253700
-0.019112381291458
-0.030363111310688
-0.037850891287562
-0.039930583686207
-0.034426124270954
-0.020744284105168
-0.002506098364808
0.012321216404883
0.014916991371699
0.000934731947250
-0.025486236668917
-0.052018115744351
-0.063812600598499
-0.052139049955704
-0.020602460782540
0.016010032776214
0.040108333036264
0.041195564866089
0.020785489788878
-0.010084769573617
-0.037980991886004
-0.053885828003557
-0.055847375694415
-0.046461803861443
-0.028844249035687
-0.005868372429190
0.018169085852762
0.037454234828442
0.047049061945069
0.045687642092348
0.036413641973736
0.024733423405446
0.016075588866424
0.013473498823556
0.016401735901850
0.021854066718224
0.026241299142157
0.026653982715501
0.022419976207930
0.016621211633451
0.014832213732671
0.020434694000813
0.030225627963455
0.035028632417995
0.025868048687945
0.001197147073722
-0.030219785834296
-0.053455010939803
-0.056644808070258
-0.038949818274630
-0.011572802716460
0.008930736714666
0.011167868385808
-0.003687554082645
-0.023198486010107
-0.032479049876908
-0.023758685946205
-0.000260010146296
0.027389170158644
0.048182278935874
0.056046106151852
0.051723117546824
0.041048536426915
0.030405563364135
0.022661921209291
0.016707137156072
0.010052470435542
0.001353819451097
-0.009121584682090
-0.020149173054228
-0.029553740576515
-0.034010514500094
-0.030218616626182
-0.017074403210084
0.002840761327712
0.023643119683919
0.038814054400813
0.045068984999446
0.044383660022950
0.042015892136031
0.042554942658884
0.047280589572729
0.053392634151890
0.055168430451632
0.047309881477424
0.028402008702261
0.001992965729410
-0.025056068232217
-0.045849541719957
-0.055922116398034
-0.053149595089083
-0.037123879187847
-0.010627550638692
0.018139924538111
0.036615396418156
0.033882426388200
0.007959298421247
-0.031155793823448
-0.065130835246382
-0.076612551168440
-0.059881972774402
-0.026030330567333
0.002138552215764
0.003921225026177
-0.025075095321039
-0.068778231200131
-0.100440546360654
-0.099570472512405
-0.064377012562176
-0.011919050212826
0.033087312774624
0.052413218016644
0.042845876804020
0.015566547999403
-0.012020596389299
-0.026415939664249
-0.023864801275078
-0.009280947477154
0.009457532629739
0.026428406282664
0.038501544848014
0.043901431428077
0.041343137410064
0.030862726079197
0.015658128144989
0.001914369282719
-0.004572262369293
-0.002136224660926
0.005251470536140
0.010096840194703
0.006839159250494
-0.003719636381206
-0.015274174599999
-0.020733387110164
-0.016635906382785
-0.004821308125897
0.009096185144887
0.019256564188135
0.023173541337732
0.023322285949963
0.025017678396299
0.031621206576257
0.040820072930588
0.045666775789436
0.040072733419277
0.023868868061936
0.003441868219761
-0.012194913169761
-0.017485197702229
-0.014259509359762
-0.010069437952513
-0.012147262302235
-0.021557360060567
-0.031522424471852
-0.031792181069628
-0.016857797132531
0.008711389439094
0.032738651653532
0.043603725121792
0.037657451333501
0.020718809584005
0.003294646719098
-0.006382163959296
-0.006512453546717
-0.000906312206286
0.005253894534569
0.009638657760111
0.013587724948288
0.018743823479479
0.023376198016213
0.022683385432823
0.012776522739766
-0.005150516826622
-0.023930525137130
-0.034111541613200
-0.029752987892686
-0.012017638750130
0.011607414958207
0.031459441209742
0.040261453869269
0.035740110292237
0.021392593374392
0.005467007447477
-0.002876818695337
0.000809377980323
0.012676736168267
0.022601920692816
0.021140999167966
0.005950490083566
-0.017090312146098
-0.038118443360175
-0.049585973922955
-0.050128418773794
-0.043742788876103
-0.036248182907986
-0.031636291363097
-0.030049851437988
-0.029239419387847
-0.028157895211376
-0.028464700309168
-0.032605337718141
-0.040596817721101
-0.048480322147119
-0.050407687690867
-0.042498954594719
-0.024914966222437
-0.001833166071651
0.019413786702631
0.030309264825382
0.025205845007433
0.006015850895449
-0.017388492029329
-0.032934447350165
-0.033621796472007
-0.021530184918265
-0.006467579586213
0.000174886690875
-0.008171280504839
-0.030425982494161
-0.058482843107951
-0.080499846043818
-0.086100076701382
-0.071319159857267
-0.040511637091268
-0.003791947533178
0.027826410120867
0.046129008425397
0.047857880337679
0.035689668211007
0.016848644809370
-0.000305515484800
-0.009721898809992
-0.009620866145560
-0.002400899767041
0.006980165499626
0.013439009324573
0.014426033718895
0.011346664429319
0.008415118810218
0.009397504155002
0.014624940147102
0.021153001007775
0.025966153245218
0.028518539460104
0.030222906856082
0.032164148449003
0.033514775574820
0.032247957326769
0.027164417066417
0.018931831429130
0.009783491014146
0.002271399957538
-0.002323029827750
-0.003999579398602
-0.002416033241565
0.003844058464135
0.015939338237009
0.032604609912143
0.049371543040075
0.060415131155045
0.061550243378401
0.052214230445751
0.035691138517011
0.017280838093903
0.001606885368845
-0.008549545261497
-0.012168386022358
-0.009922940906198
-0.003487951936090
0.005443462601945
0.015393210729335
0.025197257428988
0.034110050232042
0.041408771449510
0.046246370773572
0.048035994257002
0.046406942121795
0.040937883002853
0.031751860450580
0.020317450395795
0.009227614331692
0.001560218520586
0.000227360595383
0.006421997810737
0.017792011266236
0.028296203164455
0.030460884637024
0.019376017593140
-0.003616883731042
-0.030399076862272
-0.049614959543338
-0.052576966409971
-0.038412537624753
-0.014948720663052
0.005621135628041
0.013416547055095
0.005944961772877
-0.010893012579378
-0.026147900537831
-0.029986368168393
-0.019715626555959
-0.002013311779670
0.010717467599855
0.008399732142689
-0.009350128408390
-0.032466619581503
-0.047619263970416
-0.047813861584666
-0.036728589881205
-0.024681291151051
-0.019982594554508
-0.022965698004219
-0.027500045225693
-0.027757932447889
-0.023619959678683
-0.020453317944320
-0.023872181289094
-0.034433834576013
-0.047147856595628
-0.055083103394398
-0.053633486232571
-0.043357184259328
-0.029531764113337
-0.018520348812376
-0.014087068446914
-0.015387439596991
-0.016731303161179
-0.010550650851687
0.006569678969658
0.029363649380460
0.045883318267398
0.045546675395096
0.027002545932632
-0.000260347836675
-0.021562338920877
-0.025870720307763
-0.012238168825544
0.009600885891993
0.024832093639104
0.022572909008013
0.002622781810579
-0.024809535147078
-0.045910922415896
-0.051739598966576
-0.042732287370908
-0.026375367045524
-0.010896737628250
-0.000468932449437
0.005999431661966
0.013077983310961
0.024820458809800
0.040969461993443
0.056427007978754
0.064476263942608
0.061065882375207
0.046756266966097
0.025724638171350
0.003819459324285
-0.013070336899120
-0.020539188833133
-0.017380040954168
-0.006749625120946
0.004869567871546
0.011151649875982
0.009737481431748
0.003673203697499
-0.001154308139846
-0.000868637062427
0.003896264161137
0.009675025113244
0.013410036701941
0.014816331794631
0.016807353454076
0.023035578119612
0.033827589296862
0.044282098024641
0.046779018740512
0.036262411755049
0.014402633197227
-0.010401147981927
-0.027787117082359
-0.032357646053125
-0.027284282164243
-0.020898221048912
-0.018885941047402
-0.019112054450569
-0.013835820648180
0.002951369484183
0.029592508787445
0.056428174227788
0.071234152498902
0.067363506327538
0.048256301312077
0.024472111074915
0.006827668389471
0.000976093194146
0.005613016831458
0.014493520340846
0.020660748170531
0.020282549105632
0.014162615949707
0.006232158438785
0.000324479916976
-0.002321231410820
-0.003331494631451
-0.005576503956747
-0.011391467464702
-0.021632970336587
-0.034848356108906
-0.046680087900305
-0.051246330910146
-0.044641099405799
-0.027940023457532
-0.007172659985555
0.009592759728879
0.015782191109162
0.008802345580909
-0.008985686524234
-0.031204112281479
-0.049993700885528
-0.058916682402532
-0.055265009237261
-0.040982075248512
-0.021515808448896
-0.003131169257484
0.009923997955408
0.016943575447701
0.019901903091405
0.020971662935108
0.020650156565805
0.018155614574482
0.013604061662835
0.009199569775472
0.007869163046752
0.010794618557138
0.015847176517178
0.018386257564339
0.014540831653284
0.004409578741250
-0.007700491587930
-0.016253715649172
-0.018301434919275
-0.014517639150496
-0.006620260321549
0.005034934362337
0.020810797652938
0.039581698728765
0.057569681236581
0.069501028864744
0.071367734386126
0.062344476695958
0.044526177028583
0.021475509849503
-0.002979324946027
-0.025113181795962
-0.041443006885447
-0.049573103355236
-0.049413308716752
-0.043153352983082
-0.033238500771284
-0.020588900277366
-0.005902705837851
0.007700195555688
0.014971172602705
0.011837131854204
-0.001426426221930
-0.019309890597082
-0.033317801046923
-0.036363833257448
-0.026706055504443
-0.008652300626362
0.011129697831774
0.028499648597876
0.043035557394979
0.055284639700192
0.063754417306490
0.064772602618572
0.055831953636726
0.038933634596295
0.019510014526021
0.002083902387467
-0.012564361304506
-0.026450699305228
-0.041168863175877
-0.055726989919430
-0.066980625747190
-0.071451215216795
-0.066955341558901
-0.053216018014859
-0.032093787907011
-0.008203062675878
0.011662366494896
0.021398408852616
0.019089919120274
0.009126828298925
0.000807719677890
0.002400715940450
0.014883797813764
0.031179980092590
0.040929556093616
0.036602612976418
0.017463920877079
-0.010291947488051
-0.037165578212899
-0.055473864339381
-0.062408788126149
-0.059687305853221
-0.051370811597768
-0.041036078054824
-0.029805845181562
-0.017366702011661
-0.004372726334724
0.006918311443856
0.013593580962094
0.013632290587639
0.007801563386033
0.000524729955443
-0.001787628857819
0.005149979084706
0.019872326915203
0.035855422985313
0.045800757438071
0.045722430537529
0.036966518883026
0.025206726710387
0.016720864136022
0.014656700978196
0.017435412163151
0.020187981562186
0.018638382933688
0.012120435855865
0.002975549116595
-0.006596648892033
-0.016624364370255
-0.027529490963777
-0.036136858937378
-0.035313204709857
-0.019541063492126
0.008703123476766
0.038635577206493
0.057841521283484
0.059985301964005
0.047628507843821
0.029435467235959
0.014230164380573
0.005851224446589
0.002653075063699
0.000674919960909
-0.003733651342875
-0.012971898503541
-0.027583335586312
-0.045389064363199
-0.061156588621529
-0.068151309284899
-0.061430809964993
-0.041273613384653
-0.014489478384297
0.008458527898140
0.019088883170001
0.014906470368034
-0.000390685560216
-0.019608570750629
-0.035590841857493
-0.043377132635197
-0.040771088237745
-0.028716645852378
-0.011690663838435
0.002841739340576
0.007084009212489
-0.002551741996223
-0.022434674225611
-0.043195828442010
-0.054941190656806
-0.053234659232824
-0.041539222780163
-0.027832355727228
-0.018520554379201
-0.014398284527526
-0.011383267384212
-0.005412243831141
0.003468748165557
0.011687402588979
0.015423393203875
0.013266831016781
0.006885571248220
-0.000472680003121
-0.006022699227905
-0.008299117937823
-0.007133266332070
-0.003646785105504
-0.000036643340954
0.001814329201833
0.002331447068046
0.004339911080942
0.010422106792912
0.020021631070152
0.028942094711393
0.031829116222206
0.026293135247323
0.015627231889652
0.007849296417386
0.011484235218458
0.030039850051313
0.058446737352834
0.084438434820365
0.095001396954823
0.084841778981599
0.060816555935069
0.037976871329181
0.029830302432657
0.039638669375663
0.058781729039959
0.073242569815332
0.072659379424562
0.055588950412123
0.028909803181321
0.002747476667948
-0.015382637638617
-0.023512608890547
-0.024382135355361
-0.022153178168848
-0.019142136927137
-0.015038067892729
-0.008673179852515
-0.000569797076090
0.005960387537626
0.006893080840715
0.000858437919774
-0.009832153482245
-0.020818727714005
-0.028335151062040
-0.031282706469651
-0.031206647962592
-0.030413654823493
-0.029705098785225
-0.027118696299376
-0.019600658476398
-0.007024213690737
0.005682365379323
0.010600652074072
0.001892906172019
-0.019272232800937
-0.044335882301781
-0.062389108545907
-0.066457166512336
-0.056902019867657
-0.040703998861964
-0.027582943146349
-0.025047159636864
-0.034649766361860
-0.051527598528124
-0.067587705338495
-0.075724669397069
-0.072557075136044
-0.059576992450125
-0.042658773397927
-0.029306496213982
-0.024505194349469
-0.027723645802060
-0.033156812581082
-0.033035265124951
-0.022332372288188
-0.002449075254703
0.018991775927326
0.032379478628960
0.031262470498841
0.015825600474881
-0.006937584232571
-0.026793016923969
-0.035009863682064
-0.027721225497923
-0.007455694590372
0.017979865587001
0.039356406024619
0.049976165396083
0.047588223787804
0.034289801603996
0.014830841334504
-0.005449795506910
-0.021397501542700
-0.028337205266221
-0.023762312250808
-0.009341241889763
0.009193524427112
0.024586918853210
0.031891978504105
0.031736659211407
0.030124797287166
0.034032860436116
0.046452575757543
0.064438666372351
0.080478054457209
0.086339405271096
0.077617617835363
0.056188574432365
0.029473863047624
0.007303709715324
-0.002338121148811
0.002995840883506
0.018737894656354
0.035245377832715
0.042882007952924
0.037513297028576
0.022972891302842
0.008626740361094
0.003453392691934
0.011001167059684
0.027976315526058
0.045929527953273
0.055179478150336
0.049434678443441
0.028324323622906
-0.003019352960668
-0.035900398999443
-0.060818688913263
-0.071171251496299
-0.066541073340197
-0.053003821228436
-0.039471520075461
-0.032204606430090
-0.030937731200251
-0.029188660555410
-0.019353326037018
0.000763954933523
0.025399246768571
0.043993921068044
0.047510513031172
0.033711318666073
0.007877108830653
-0.020836408088246
-0.044225479375374
-0.058070329625931
-0.061682950580103
-0.055588900573293
-0.041033202171549
-0.021280838092672
-0.001841009559593
0.011203712186323
0.013956555412749
0.007309751192059
-0.002681781247235
-0.008024808898019
-0.004172164744061
0.006878961799164
0.019084294759520
0.027592720383255
0.031433979071905
0.032387436572439
0.031690153229384
0.027326965424456
0.014915177467939
-0.008059225372399
-0.038163873718404
-0.065559928416501
-0.078477344984309
-0.070032579824343
-0.042680472959754
-0.007671475729666
0.020401678778787
0.031189324982041
0.023406307025363
0.003985783594608
-0.016844969017446
-0.030756233256800
-0.034256771269671
-0.029171816131867
-0.020926899060671
-0.015056677760178
-0.014164620083982
-0.017105491161787
-0.020015339255321
-0.019211172873326
-0.014612489196193
-0.010121046872956
-0.010282461271730
-0.016032884008084
-0.022969322990116
-0.024222352189381
-0.015793747081799
0.000434078827206
0.018386690384448
0.032600689997087
0.041991631243962
0.049287097452326
0.057070733352746
0.064239066274205
0.065771919609106
0.056162558072327
0.034188043951237
0.005388918841139
-0.019927260075552
-0.032183780889444
-0.027734115347073
-0.010246267616211
0.011881013738841
0.030076916386758
0.039848777578127
0.042505186303388
0.043401848807215
0.047890811263996
0.057799333644567
0.070693212222772
0.081263330442523
0.083428084296560
0.073277936897234
0.051612281317892
0.023776091506552
-0.002650047725894
-0.020648565033505
-0.026375840961772
-0.020402102501433
-0.006843488841795
0.008607463461161
0.020373300800310
0.024014742685262
0.017489691181512
0.002803160624767
-0.014049089632677
-0.025764671097725
-0.027323570683161
-0.018832852011202
-0.005847879213897
0.004191028475623
0.007300840818630
0.005705556178850
0.005401363494233
0.010225905672089
0.017607299801400
0.019919230249398
0.010180183779044
-0.012477468579293
-0.041178396311217
-0.064585080805923
-0.073483215635746
-0.066605748485717
-0.051369616859869
-0.038847059538760
-0.037353686582245
-0.048910881371192
-0.068822304211378
-0.088214767066704
-0.098822938112105
-0.096241111350709
-0.080160880872006
-0.053724793487187
-0.022575267034809
0.006781275814176
0.028835199295970
0.040673287442848
0.042593692111232
0.037503155577589
0.029298703787039
0.020314155934873
0.009780167124714
-0.004424417204246
-0.022163637892647
-0.039106815341731
-0.048229243254015
-0.043886097210935
-0.026078215130104
-0.002019344116465
0.017193255764898
0.023124401595315
0.014428878190200
-0.003576959987567
-0.022369359583356
-0.034210493722886
-0.034788239193821
-0.023550778600378
-0.003056272032356
0.021748212054370
0.045431772510876
0.064371537948601
0.077136174899939
0.083350197667981
0.082754619102262
0.075215319470961
0.061396546958883
0.043189779321356
0.023919903204997
0.008448231895782
0.002005228890206
0.007428908363440
0.022733043747616
0.041595352565965
0.056963960223952
0.064918946159953
0.066432251697439
0.066166631560479
0.068488059053027
0.074030548374470
0.080207964932566
0.084112376682445
0.084035790690877
0.078972867151880
0.068626909234308
0.054929132527895
0.042761842181094
0.037495555689608
0.040290214383619
0.045651537392854
0.044423560230047
0.030121322289835
0.003764693949318
-0.026201010864589
-0.049064285069931
-0.058723578839600
-0.057094640283596
-0.051605703757652
-0.049365096255723
-0.052266247683068
-0.056197424546277
-0.055277911062299
-0.047592174700251
-0.036755732171403
-0.028150213640782
-0.024150898893429
-0.022842292615843
-0.020921024451401
-0.017688833006865
-0.016355905064749
-0.021484861419184
-0.034646650651259
-0.051930749389803
-0.065378225265296
-0.067388154165484
-0.055572979149818
-0.035124501670859
-0.016785725586779
-0.011159022350276
-0.022320191655574
-0.044568899143847
-0.064810314939768
-0.069900097739995
-0.055155016623875
-0.028339531364296
-0.005331542651253
-0.000001888202652
-0.015812893981409
-0.044513429979631
-0.071389202082973
-0.083132709117242
-0.073961072399912
-0.047573867144377
-0.015198300210277
0.009423251881189
0.016255523576756
0.003203004064529
-0.023318523209102
-0.051031022309905
-0.066473128266335
-0.060570989331048
-0.033655534191375
0.003660922871004
0.035915568478241
0.050743481908974
0.044265067301922
0.021788802156821
-0.005818093649899
-0.027110976681306
-0.033885425196366
-0.023993324278473
-0.002373984663212
0.021368241395939
0.037687250780782
0.041256168227924
0.032808474934519
0.018439451453118
0.006804239790381
0.005260928708085
0.017223420608563
0.041540210741366
0.072347356236366
0.099646292699944
0.112355896449097
0.103590534984094
0.075788823543518
0.041637884257317
0.018146275618876
0.016996863318328
0.037535473647444
0.066886196009565
0.087779026308511
0.089256556506839
0.072797451907311
0.050305801722793
0.036001810385183
0.037587410705764
0.052095115607013
0.068380235231712
0.074546451020655
0.065659202963617
0.046050530213817
0.025233065591386
0.011789529903069
0.008918193663232
0.013314593181733
0.018113507900172
0.017673345129815
0.010173223588453
-0.003570680390899
-0.022775207672425
-0.047023189262250
-0.073706489362634
-0.096649060428274
-0.108721031137909
-0.106623424755563
-0.094226923531632
-0.081159747405180
-0.076634382855169
-0.083196212442545
-0.094868263061916
-0.100615359947112
-0.091227236808800
-0.065819722119428
-0.033572559322895
-0.008308832480863
0.000790571125881
-0.004976405485613
-0.015293210088819
-0.017869176037232
-0.006560351619044
0.014773438436113
0.035127342080604
0.043299486301587
0.034676094147087
0.014302001686569
-0.006223084873963
-0.016102802859986
-0.011670573421549
0.001729404348097
0.013177466896581
0.013011087681279
-0.001626246183155
-0.025932361981660
-0.051249414927030
-0.070615148408104
-0.081742408353412
-0.085418279625510
-0.082170518229132
-0.071766626682698
-0.055790370101111
-0.039075457411979
-0.027863905450692
-0.026443764849375
-0.034099250959056
-0.044492488302853
-0.049491636038181
-0.044786729318359
-0.032036559564899
-0.016259017299859
-0.001474387707328
0.011538294566729
0.023841091858524
0.035546060135009
0.045105132039116
0.051404471328016
0.055819909894001
0.061367460063742
0.069719327323895
0.079288700642513
0.085894738305782
0.085210222014860
0.075946737320992
0.061520420659586
0.048221320300221
0.042026410143538
0.046487519149143
0.061364378495999
0.082427210361231
0.103338111521338
0.118618695368608
0.125808274038396
0.125590310504560
0.120115796270568
0.111105017022247
0.099227131671711
0.084723997600736
0.068194441459298
0.050816834141723
0.034188759557896
0.020138556312924
0.010220493080402
0.004875146475047
0.002913071820508
0.001897826196493
-0.000408669914054
-0.004619007877345
-0.009717152184322
-0.014269992012800
-0.017788035577988
-0.021022553268251
-0.024550351351600
-0.027192294602772
-0.026451849367764
-0.021076002414975
-0.013515313594964
-0.009293272199261
-0.012747259813900
-0.022710432805376
-0.032371031659826
-0.033674789540967
-0.022716640782341
-0.002099103371459
0.020881486165809
0.038031802000596
0.043339777042152
0.034475191498356
0.013586164662937
-0.012625099765044
-0.035258888242301
-0.047384809843500
-0.047096180867079
-0.038241327242712
-0.028499546329637
-0.024920371160203
-0.029526499911703
-0.037998445874329
-0.042415262231462
-0.036780368389323
-0.021485527677735
-0.003113898782898
0.009859872873422
0.011581972221809
0.000353901226336
-0.022334146146133
-0.052748050882992
-0.085188731619055
-0.113050332179426
-0.131193959694227
-0.137999309941470
-0.135197187458700
-0.125831898473809
-0.112657103178187
-0.097731239870565
-0.082025490337900
-0.065043539008177
-0.045215112333488
-0.021453687611705
0.004403288257727
0.026690815433625
0.038269688178208
0.034536111292416
0.016864464270855
-0.006903988688870
-0.026780409784601
-0.037050973609430
-0.039665206869082
-0.042296389980859
-0.051777076490253
-0.067067130795258
-0.078222756077514
-0.073047475659602
-0.046278256737128
-0.004787513096457
0.034832682432759
0.055318674345181
0.049158757261345
0.023338108144224
-0.005676001258977
-0.023100565651537
-0.024725358774150
-0.017781810939889
-0.014043163329016
-0.020781012699548
-0.036301122543405
-0.052074620679512
-0.058456238857738
-0.049830918164430
-0.026667579064364
0.005305759966844
0.037466127282600
0.061707301706909
0.073599556774141
0.073369930417395
0.064842257802330
0.053150201045162
0.041886605004848
0.031487795897058
0.019893859859775
0.004831229046050
-0.013428264032749
-0.030597779816611
-0.039974567360383
-0.036675304218125
-0.021100166173270
0.001517826020631
0.024448245230846
0.042007583755705
0.050220570953233
0.047426136371904
0.035197414653435
0.018245321710035
0.002850925505477
-0.005356695697993
-0.003349402688093
0.007731923724073
0.022598553915050
0.035080468021144
0.042493855588587
0.047180277707061
0.054080665366323
0.066266305985457
0.082081743251051
0.096255267360490
0.103707757829387
0.103144846920675
0.097840331092933
0.092691928726191
0.090301502539424
0.089591748493920
0.087366690880667
0.081372358737371
0.072356243677946
0.063303041353293
0.057197007905999
0.055121922107319
0.055578453195601
0.055811472949786
0.054027979303756
0.050442563239308
0.046726561933079
0.044299067206922
0.042762235124809
0.040403569339023
0.036001189684724
0.029234314314174
0.019566693289251
0.005752845680709
-0.012863634964376
-0.034350434613113
-0.053984210899664
-0.066918085043897
-0.071729036261780
-0.071896231732141
-0.073843628238937
-0.082811797202161
-0.099397322684580
-0.118839593250827
-0.133804947407361
-0.139140977946373
-0.134763342904778
-0.124899720919464
-0.115584917332194
-0.112328117391654
-0.118254989496339
-0.132743213026105
-0.151363323246249
-0.167807962719360
-0.176456582860200
-0.173658381868787
-0.158006317551846
-0.130561647320276
-0.094792035229373
-0.055921539002351
-0.019633805351659
0.009651555057527
0.029907609437084
0.041507217924753
0.046199725812212
0.045239220502593
0.037979274755620
0.022394006704032
-0.002390726871958
-0.033161502120006
-0.062319570943362
-0.081246560109603
-0.084417806504247
-0.071412897246219
-0.046549484153739
-0.016903285882857
0.010472996324143
0.031483578221677
0.046651261684143
0.059221426720477
0.070819868481901
0.079361946249360
0.080868268429241
0.072855945268432
0.056950398075932
0.038953657494357
0.025847744957686
0.021627254115440
0.024980059388645
0.030458997445910
0.031868698503785
0.025636937046616
0.012905845191969
-0.000697570119687
-0.007371339336580
-0.000307049182169
0.022547188537140
0.055957368902457
0.089076171552516
0.110810923148862
0.115993507961406
0.109053278098206
0.101724173243540
0.105212523825957
0.122448848535927
0.145851639114386
0.161843652426813
0.159345954208438
0.136936989570996
0.103854186179484
0.074174036167111
0.058368746868300
0.058148935163896
0.067617234805505
0.078845741616165
0.087385938088726
0.094003899474957
0.101847161354864
0.111537461587934
0.118010685006474
0.112136104151493
0.086783402335613
0.042370578065958
-0.012645167009489
-0.066135001344361
-0.108491653301550
-0.136810309538206
-0.154259676429688
-0.165258005802851
-0.170324648729068
-0.165160897923464
-0.144896868584226
-0.109520263063692
-0.066264348684363
-0.027704033626262
-0.006337393372714
-0.008196601214201
-0.029416591194244
-0.058319822122901
-0.082112057523662
-0.094109875851976
-0.096622498841340
-0.097664813737808
-0.103940434399535
-0.115266572020452
-0.125034230961909
-0.125871806040536
-0.115281574242892
-0.097452729727743
-0.080936081557434
-0.073920080291304
-0.079227902025281
-0.091645855119520
-0.100402796327069
-0.095700155877501
-0.074112884575067
-0.040075416455682
-0.003785387403974
0.023865433463665
0.036417753467921
0.033499617839287
0.019335064962810
0.000241473119681
-0.017747453044001
-0.030673644673882
-0.037736487283292
-0.040997563080544
-0.043188073195378
-0.045465835426831
-0.047036316753285
-0.045822307790282
-0.039299031586515
-0.025687055736830
-0.005065624210841
0.020257415584221
0.046264014284526
0.068400023253523
0.083326630444149
0.090797610850342
0.093768637438004
0.096000197241975
0.099869786662758
0.106462805213522
0.116403464848790
0.130145031407270
0.148064911504314
0.169827329803590
0.193034263246342
0.212978422510486
0.224357880734231
0.223388816086555
0.208332984477120
0.179069814914245
0.137899128323559
0.090978924916368
0.047606295804253
0.016767974720655
0.003085270247127
0.004403216898155
0.012625762415962
0.018259839826083
0.016004553475571
0.006940852301868
-0.003701757281651
-0.010258415468276
-0.009689642636858
-0.003052663257662
0.006005417670155
0.014492701333654
0.021546195126916
0.026965696508876
0.028775718322359
0.023217018307935
0.007911290593606
-0.015584146222328
-0.042396633075983
-0.066933640362546
-0.085361481451450
-0.096123375131002
-0.098784485939913
-0.093569131543402
-0.082193803202681
-0.068725611850345
-0.059598884889286
-0.061949202255147
-0.079872409411702
-0.110330629458669
-0.142101161982938
-0.160364254572070
-0.155037202485061
-0.126848329535211
-0.086711950533615
-0.048996516057907
-0.023707207545972
-0.012770653022572
-0.011074198047185
-0.010526461782169
-0.005858189957906
0.001477339104682
0.005072127308071
-0.000909328867273
-0.016727700439991
-0.035272461251199
-0.045783605840055
-0.041766717123658
-0.026338679184497
-0.010249762939194
-0.004664009542903
-0.014012958904325
-0.033142508600233
-0.050412669846901
-0.055407618380802
-0.046060121303575
-0.029174068683313
-0.014421068781908
-0.007489343217173
-0.006857548289672
-0.005335848317675
0.004885461772660
0.026815645171083
0.056415185147759
0.085294609562860
0.106476233606140
0.118969539296780
0.128227191889527
0.142353455434959
0.166233807340951
0.197244193808965
0.225674911830938
0.239755387532398
0.231935908206010
0.202778517619420
0.160907028259203
0.119444739403464
0.089983418124877
0.076721158662811
0.074881450648530
0.074504532107053
0.066222822880859
0.045085704471069
0.011529211125051
-0.029225631156682
-0.069078794495866
-0.100163120693880
-0.117739019481390
-0.122241816187706
-0.119722670391203
-0.118896293765254
-0.126123680678726
-0.141957268471083
-0.160470447719057
-0.171546006545702
-0.166506891220471
-0.144740213708471
-0.116298350141723
-0.097115861904444
-0.099455462075523
-0.124833196070776
-0.163654241323600
-0.200182489162237
-0.220100488076791
-0.217187374148150
-0.195458986511140
-0.166256363719366
-0.142164004385056
-0.130743606975134
-0.131595576647421
-0.137528455586219
-0.138268407324189
-0.125279905722351
-0.095553519277510
-0.052593454543688
-0.004684934502376
0.038643369012244
0.070186721054427
0.087190758975643
0.091860482854626
0.090083600505437
0.088765093046500
0.092914333275813
0.103072263029672
0.114238284664378
0.117905419366541
0.106619027035464
0.078816303517578
0.041294964614811
0.006814513460832
-0.012559669979568
-0.012248416946142
0.002440240927285
0.020112740168549
0.030638804188201
0.031236547219619
0.027659265080135
0.029553630093933
0.043002399356581
0.065677677154306
0.087918160028899
0.098936459750314
0.094306997509973
0.079465729655753
0.066349928239335
0.065473713219479
0.078898809426714
0.099065957848996
0.114011941866145
0.114491143173875
0.098474428316933
0.071085965759943
0.040195748414578
0.011021312451691
-0.015794706628930
-0.041452457493302
-0.064456970961407
-0.078589898860108
-0.075137595407643
-0.047459398081545
0.004157923338474
0.069422625177049
0.130220573008345
0.168248533294069
0.173232630203868
0.147104857545766
0.102272980068967
0.055129776177066
0.019087029113516
0.001126487032366
0.002258647306117
0.019370432237080
0.045773307351211
0.070595943118713
0.080286122444928
0.063886869371808
0.019449315529371
-0.042719355693875
-0.103549882875606
-0.144626718147514
-0.156993223623456
-0.143688991660328
-0.115946323352035
-0.086837685597990
-0.066152494017084
-0.057969659202972
-0.061113024673952
-0.070998636590840
-0.080460334607405
-0.080485646462132
-0.063215955987520
-0.026403242148220
0.023270352348719
0.070807328278235
0.099047535492749
0.097395332872665
0.067570176002209
0.023470479277286
-0.015232953459010
-0.033535062084458
-0.028840773436310
-0.010470340704439
0.007469538412377
0.014693710021879
0.010599688866638
0.004055925489438
0.006659643957113
0.024644511968532
0.055093507659572
0.087002002250752
0.106187034315598
0.102616056292574
0.075449502605052
0.032434297805922
-0.014491177565921
-0.054234399513871
-0.079678575925823
-0.087463270789216
-0.076856084927301
-0.050505167268900
-0.015211763408426
0.019710708475239
0.045714448832586
0.057830013222436
0.055396864099369
0.040913516722862
0.018621835654563
-0.006186294088438
-0.027764425100946
-0.041654469170721
-0.046807693410546
-0.045800141962832
-0.042807524883622
-0.041080976019664
-0.041093142049496
-0.039944507730330
-0.033121357028871
-0.018128222063533
0.002544671899634
0.021233178860876
0.028341624033547
0.017636300489115
-0.009452175577338
-0.043426485544907
-0.071136931043139
-0.082256805475852
-0.073751800077570
-0.050753762885619
-0.023636173401510
-0.002344886075296
0.008281981879815
0.009469374666547
0.006408782172922
0.004583283259904
0.006155625629223
0.008918924476185
0.008815401058336
0.003810945325687
-0.004191870225793
-0.010672793854907
-0.011434341998387
-0.004913566790735
0.007651073006144
0.024262294637652
0.043749382898704
0.065094424714605
0.086192583875465
0.103609391827815
0.113321753558410
0.111932763706113
0.097871662290940
0.072669727241769
0.041751341686889
0.013277951345138
-0.004775470063457
-0.007669559435487
0.003901104521384
0.023547911956460
0.041858537360416
0.050853400985333
0.047605157864441
0.034847047266320
0.018554342124853
0.004434507067196
-0.005124696292531
-0.012380170937688
-0.022573773132894
-0.039858233900291
-0.063126363352502
-0.084530005737813
-0.092674426821544
-0.079325494390703
-0.045187400261043
-0.000693603102078
0.039023168244418
0.061840722427962
0.063587546004421
0.047602451195358
0.020793352234314
-0.010465723277401
-0.041900271247090
-0.070414684525354
-0.092991237080269
-0.106548130752461
-0.108833876181732
-0.100041294129649
-0.083543644556548
-0.064839666680319
-0.049381959488963
-0.040109715802897
-0.036239336708820
-0.034408844537695
-0.031032787820995
-0.024254939366178
-0.014566182594579
-0.004339892626175
0.002990176126153
0.004709938589369
0.001071354542839
-0.004516416971684
-0.007718737915829
-0.005686530832015
0.001892184550926
0.013093512355103
0.024851953671001
0.034678420817649
0.042531072340426
0.050919477818037
0.062539239607870
0.077805085575683
0.094344870576632
0.108198558329839
0.115469160531196
0.113261208447231
0.100034395295164
0.076196425755583
0.044454264246254
0.009585185205981
-0.021765187924764
-0.041864208677751
-0.044170169681594
-0.026444395136499
0.007195752058157
0.047599425740012
0.085113012040819
0.113530775723330
0.130632389591918
0.135945358288281
0.128403686559709
0.106727925933943
0.072494399179319
0.032748586028197
-0.000987922910533
-0.018164654903245
-0.015857485337669
-0.000994159072223
0.014071950848259
0.019446816970330
0.013326147002460
0.001514258525898
-0.007884509703112
-0.010298230442202
-0.007404555665021
-0.005224191773854
-0.009713542854484
-0.023960858321179
-0.048242774712459
-0.080824903288910
-0.117896463896218
-0.153213233481539
-0.178947127937922
-0.188327625382721
-0.178831557448118
-0.154126245256536
-0.123368280525993
-0.097319393946953
-0.083069573065614
-0.080430362739279
-0.082217609858431
-0.079105761564776
-0.066117294865686
-0.045630441316404
-0.025284842976332
-0.013013730290449
-0.012309845869512
-0.020356862302685
-0.029651241919791
-0.031882013716998
-0.022124106243680
-0.001291285424994
0.023900796732140
0.043456533728087
0.048719008695081
0.036409617990778
0.009592733916347
-0.023678517970455
-0.053134062029788
-0.070327360148923
-0.071805312291881
-0.059279677972399
-0.037304610871084
-0.010509245732133
0.017706710235552
0.045091772245839
0.070180852495458
0.091482266146157
0.106614344322184
0.112888372225683
0.109080759446187
0.096680908504727
0.079544087065968
0.062134270364439
0.047675863073273
0.037563196436898
0.031946357474661
0.029996149913623
0.029310780507043
0.026337661105941
0.018859330057139
0.008124404978862
-0.001701656401191
-0.005894674053825
-0.001744971246996
0.009752086437383
0.024652763568565
0.038938326010893
0.050437972707248
0.058538175559938
0.063497643192338
0.065854101629678
0.064900600973365
0.057602833799042
0.040091287731293
0.010647989537009
-0.028304765893809
-0.070019903516413
-0.104801255680556
-0.122753019366164
-0.117428022535946
-0.088725929884022
-0.043102439302854
0.008816841523034
0.055678026104948
0.088770094611916
0.104352352172874
0.104177978614765
0.094223579803348
0.081898630978594
0.072673217538600
0.068060745001383
0.066059628630649
0.063352147378865
0.057863543595511
0.050250173262084
0.043422863017287
0.040626943948591
0.043059791725201
0.047978882775885
0.049000873341756
0.039390047168642
0.016705281370088
-0.014645802146475
-0.045812072486586
-0.069154207400378
-0.082325751442458
-0.088520559255485
-0.093613641273538
-0.102316335598911
-0.116281902439992
-0.134600640101891
-0.154204295059736
-0.169404614014264
-0.172193761423031
-0.154731479364751
-0.114028006006897
-0.056022287782241
0.004796186500343
0.050976975735853
0.070093403546516
0.060372089569861
0.030697734673137
-0.004273826773741
-0.031324195913582
-0.044596742613802
-0.046513810228743
-0.043904733171838
-0.042502684670334
-0.042940659523847
-0.041324089037519
-0.034106095520851
-0.022613404206802
-0.013371488036255
-0.013434280085944
-0.023583948264166
-0.035751938446486
-0.037934441666609
-0.022584839973093
0.007677308777354
0.040543318991971
0.060642057517822
0.058460710292812
0.035892081493078
0.004701699567463
-0.020633895858709
-0.030504798882537
-0.024207763920581
-0.008683746773534
0.007323559621345
0.019051123582487
0.027212105192471
0.035262802577078
0.044693451703159
0.051865701033775
0.049966464956423
0.034906071689260
0.009869934698941
-0.015323329006877
-0.030162826921118
-0.030766362626178
-0.023013398707258
-0.018750099678148
-0.027014840384320
-0.046695667656400
-0.066932163730037
-0.074738358201652
-0.063394940001873
-0.035769611546872
-0.001402993115756
0.029318270101102
0.049780034947280
0.058851250187269
0.060039968781622
0.059049714221476
0.060390497494049
0.064297490083096
0.066873008983087
0.064125667124098
0.055851607444017
0.045809395950283
0.038891516502503
0.037983362175990
0.042781762256875
0.050876370871757
0.059199066488131
0.064835037109743
0.065962810001680
0.063000202429672
0.059010229210889
0.058283829617155
0.063170146259112
0.071426206931725
0.076503879450310
0.070843611915418
0.050398287195778
0.018319181281112
-0.014457099734554
-0.033449667167518
-0.028268979945024
0.001105596640676
0.043484449477230
0.081711212692579
0.101559930790548
0.098992846743129
0.080861379406685
0.059599179764735
0.045805948252964
0.042470907715934
0.044643948784616
0.044592849237949
0.037542135007337
0.024110212152473
0.008660307120760
-0.004630570975423
-0.014485193810961
-0.022726172051474
-0.032497977906592
-0.044999859019595
-0.057439926114377
-0.064581981483635
-0.061987317407111
-0.048777213877608
-0.029475385625995
-0.013282050557976
-0.009765258216558
-0.023205602986430
-0.049300450679020
-0.076892443786706
-0.093943221104002
-0.094041930741454
-0.079909125184632
-0.061896193092998
-0.052254931408076
-0.058614958824106
-0.080326168175741
-0.109454068411657
-0.134862757007998
-0.146722271185447
-0.140526492199000
-0.118780094582841
-0.088383214543625
-0.056295189369349
-0.027050483012486
-0.002440562067578
0.017034341974102
0.030008135126683
0.033875039312171
0.026678268773338
0.009131910828661
-0.014884705503199
-0.039509297637542
-0.059121895993474
-0.070383149356525
-0.072455381983114
-0.065152313601068
-0.047442024737523
-0.018536698719032
0.019515697354613
0.060376363103994
0.094415934772499
0.111851463162448
0.106716993828029
0.080027452096042
0.040474924136146
0.001402013559474
-0.025015495948832
-0.033095624828869
-0.025668177687851
-0.011773382545764
-0.001001387500556
0.002060587849508
-0.000592094588349
-0.003548075132619
-0.003046150177701
-0.000037119579929
0.000766232400945
-0.005107737275521
-0.017667574937986
-0.031176936675730
-0.037330325312422
-0.031050361675516
-0.015051919926934
0.000600565778388
0.005106230430626
-0.004852492739452
-0.022039729522849
-0.033048410185021
-0.027075316015060
-0.003232645649579
0.028176321376743
0.050814414627760
0.051415945481254
0.028144985843956
-0.007680491547885
-0.038128011445487
-0.048714966649674
-0.035640373051080
-0.006743105668672
0.023381062028901
0.041420143777666
0.042357420401833
0.030645395420619
0.015122822990670
0.002960666770713
-0.003160028717628
-0.004646743099344
-0.004586579835973
-0.005037431115821
-0.005729442882195
-0.004449252288682
0.001028473464560
0.010327738880369
0.019441112725794
0.022658777947950
0.016544063515408
0.003112230174826
-0.010706269317197
-0.017370800810979
-0.013798037682228
-0.003531756662122
0.005520622299832
0.005923343363843
-0.004810622036821
-0.022270022688172
-0.037488522626364
-0.042532696010931
-0.034810544994507
-0.017518503470432
0.002659634208240
0.019188930650111
0.028876278440027
0.032253996117869
0.031404715273863
0.028284231547901
0.025119641014577
0.024608815784824
0.028094088502305
0.034133280723043
0.039428271444512
0.040796124397394
0.037278696139129
0.031438378805171
0.027848335659527
0.029281368006937
0.033828867050602
0.035624814009573
0.028985070061752
0.012756538217841
-0.008504982006349
-0.027352964181255
-0.038276536739986
-0.040894306174034
-0.038988196895191
-0.036580181211989
-0.034642797667280
-0.031120097915288
-0.024243797660022
-0.015721221935418
-0.010275924856194
-0.012305060210908
-0.022280792570415
-0.034930029328389
-0.041308453272968
-0.034308099967147
-0.013563648153814
0.013999493427875
0.038446908177256
0.052725050530191
0.055967664380178
0.052540873101851
0.047756222280729
0.043564873041145
0.038177473542674
0.028957491456840
0.014774602702166
-0.003123207213896
-0.021089694380405
-0.034552633846614
-0.040551301558463
-0.039086438340743
-0.032301010057510
-0.022796234633412
-0.012577642519770
-0.002749509012809
0.006393708275478
0.014624800959665
0.020762314743369
0.022440951052530
0.017383066570328
0.005772528238722
-0.008716377121216
-0.020735973456631
-0.026059979773408
-0.023330698701205
-0.014234857128785
-0.002141227274723
0.009790219268972
0.019418619181078
0.025345219980559
0.027067518765511
0.025714436543471
0.023911232672732
0.024313576773344
0.027866806091474
0.032920439363301
0.035816092323931
0.032968694936660
0.023153838369798
0.008227787875179
-0.007643677961709
-0.018897586251645
-0.019633742453638
-0.005841684274806
0.021528120392324
0.054698453396160
0.080776899913350
0.087516512264005
0.070159920822773
0.035070325732842
-0.002322826822240
-0.024673370514213
-0.021342149536265
0.006102021405850
0.044623493682192
0.076535825588487
0.088473272848161
0.077366689652790
0.049986487051766
0.017375876599935
-0.010555435771754
-0.027564187062068
-0.031577895862247
-0.024013176093569
-0.008882212457145
0.007823587653066
0.019622787287609
0.021894683946316
0.013579684326681
-0.002137153026268
-0.018648992410158
-0.028767443395121
-0.028234373378591
-0.018291547536407
-0.005481066522690
0.002530319956834
0.002111531512912
-0.004745997919577
-0.013144709821865
-0.019429431978826
-0.023217097496414
-0.026554802156568
-0.032316705915353
-0.042368505067298
-0.055581625502418
-0.067817775308567
-0.074156962028879
-0.071488207031082
-0.060471881143934
-0.046062027415854
-0.035891203821303
-0.037014220391147
-0.052328750589689
-0.078297569119841
-0.105318973626799
-0.121353035032872
-0.117782202177825
-0.094288311756445
-0.059502282518729
-0.026817631935863
-0.007565494787307
-0.005174103468122
-0.013954542841712
-0.023667234896604
-0.026579108411383
-0.021678997249613
-0.013206322976366
-0.005771103099867
-0.000833345997138
0.003264590797953
0.008587818480408
0.014846024119864
0.019222220823093
0.018699085022032
0.012826763517459
0.004928938709319
0.000448334382032
0.003581076720118
0.015285263681365
0.033378979040244
0.053290630541460
0.069310821458256
0.076195905118980
0.070790974633604
0.054163287290815
0.032657099784057
0.015164331306007
0.007917651043602
0.011269437082831
0.019993727808015
0.025430082494046
0.019314568617683
-0.001037922128195
-0.030164167008796
-0.057451608885950
-0.073098848885805
-0.072406734034889
-0.056649392551606
-0.031637649279252
-0.005541763820345
0.013469055043184
0.019832607547067
0.012884088277780
-0.002454796338158
-0.017851277590129
-0.026306666857875
-0.026267326798328
-0.021589598043132
-0.017560529529964
-0.016647874170432
-0.017095276520761
-0.014410667011589
-0.004712179717112
0.011531852559184
0.028561825421601
0.038755079238769
0.037392541825505
0.024839482945896
0.005526021786786
-0.014450342562092
-0.029428929688200
-0.035328568114612
-0.030242443728789
-0.015255183343955
0.004770545247950
0.021715626525101
0.027070425910155
0.016347791986601
-0.007492029638422
-0.033903868211445
-0.049087696755610
-0.043411142433921
-0.017259655288860
0.018854149708128
0.050204141296876
0.066449779553496
0.067397479242373
0.061642094787885
0.059229909031985
0.063816602482047
0.070036084206528
0.068664910732050
0.055284382624894
0.034347713925050
0.015934675491418
0.009417461899848
0.018893291208553
0.041574046262159
0.068638565677005
0.089046580855645
0.094933665516186
0.084985984172837
0.064982685267497
0.046048275439671
0.039606703929465
0.050669886865757
0.073994329874511
0.095965684692396
0.102118381874383
0.086083087527485
0.053326619041784
0.017444449288219
-0.007845638545699
-0.016222782037599
-0.010860162900898
-0.000142763062819
0.008393725076558
0.011687696815376
0.011151508075873
0.009639402420627
0.007866170170737
0.003288189198035
-0.007622826611420
-0.025824832812324
-0.047922352508090
-0.067301458415636
-0.077490670061867
-0.075751454090710
-0.064332777761125
-0.048953006545480
-0.036050918145187
-0.030039682794301
-0.031613711507097
-0.038070714543109
-0.045606359991190
-0.052039848529954
-0.057684167841813
-0.063827485566738
-0.070653706311202
-0.076345354739437
-0.078175569988483
-0.075296554147732
-0.070402321026329
-0.067746804767999
-0.069487203787774
-0.073985826604217
-0.077227690433936
-0.076183274670701
-0.071287364037617
-0.065533319128444
-0.061211885970143
-0.057602508219520
-0.051381318210579
-0.039081870824217
-0.019764331398596
0.003780496047292
0.026060654661661
0.041616572616527
0.047765009660714
0.046025995165583
0.041524981787947
0.039966221327256
0.044023913402993
0.052189879322647
0.060376152637985
0.064286099229340
0.061345010745119
0.052482045922307
0.042894719766953
0.039081514417666
0.043345002081461
0.051595738413012
0.056544408910808
0.052720340008169
0.040094830992219
0.024882004654051
0.016301753370097
0.020503969088643
0.036060182810253
0.054431392201922
0.064776842649178
0.059511571829332
0.037739846357576
0.006055669311343
-0.023759784163090
-0.040132560309900
-0.037734057524825
-0.020755990767971
-0.000702280130312
0.010761815146587
0.008904803395718
-0.001628942723837
-0.009946782277987
-0.005966146332163
0.012773389829290
0.039232838129795
0.061235487577365
0.069366556689971
0.062775147389866
0.048663646139901
0.036838007823371
0.033311978677135
0.036772716143079
0.040145398040487
0.035491329360656
0.018910058235325
-0.006660810014838
-0.032302956181451
-0.047871820673998
-0.048294772688303
-0.036962175166546
-0.023159325698202
-0.015958030290239
-0.019519145691357
-0.031581149664452
-0.045022691272036
-0.052103036825333
-0.048667485369717
-0.035934221208202
-0.019784989354748
-0.007421959001692
-0.003116646569932
-0.006445445362780
-0.013395031735947
-0.019013789993878
-0.020555970440319
-0.019277450903923
-0.019833729341051
-0.027725030826193
-0.045712482847927
-0.071010999863075
-0.095500361348221
-0.109671855226385
-0.108022874310085
-0.091936402720693
-0.068167732568244
-0.044665699089887
-0.026899281574166
-0.016706788682072
-0.013492336941902
-0.015847507114452
-0.022005759353088
-0.029485387092616
-0.035086766869824
-0.035880505772554
-0.030625845775787
-0.020009846187787
-0.005678786743240
0.010097317289517
0.023838382948827
0.031032277431312
0.027999686894034
0.014448196580105
-0.005172867857059
-0.022967684239701
-0.031491528157011
-0.027968780069235
-0.015769794081865
-0.002287497489436
0.005335655571887
0.004420377090537
-0.002040376046311
-0.008615229338346
-0.012340062876545
-0.014978525265131
-0.020593877278527
-0.030187075733351
-0.038272334124476
-0.035172023648223
-0.014227871292790
0.021370957726276
0.058749414000003
0.083530455730520
0.089050442980834
0.079413472936071
0.065086469637707
0.054423955667155
0.047688310810684
0.038486322254861
0.020333831355239
-0.007444250024003
-0.038220436421468
-0.061854984951832
-0.071068416760444
-0.065388251920656
-0.050272723271735
-0.033361433778024
-0.020633508892921
-0.013893391025955
-0.010586390401513
-0.006189848777958
0.002547364618223
0.015566138479422
0.029057683056694
0.036536026667244
0.031506818377871
0.011131574751489
-0.020596072648432
-0.052800863769205
-0.072499958124189
-0.071659858006855
-0.051606279905872
-0.021912934674207
0.005544844288369
0.023548760582797
0.032575972895544
0.038208352275461
0.045594680958775
0.055194651083915
0.062987892362045
0.064085372563964
0.055803511141336
0.038851947261346
0.017284797427770
-0.002587458071259
-0.014019807138043
-0.012059039833615
0.004303624416952
0.031387029256861
0.062563156381069
0.091497046993639
0.114186197052742
0.128582973859201
0.133889814421913
0.130740605937428
0.120634700699139
0.105089701165643
0.086099013656006
0.066452439483555
0.049170051677749
0.037144210803621
0.032402310353345
0.034683951893212
0.041115351452336
0.047998738505200
0.053108571873264
0.055947614084925
0.056267668068103
0.053508571789625
0.047454400689142
0.038721501688665
0.029044242676621
0.021133114071999
0.017693201975760
0.020158138959332
0.027323298269026
0.034809516142990
0.036950040122965
0.030072370303079
0.014557899049475
-0.005387931113720
-0.023537499832524
-0.033647090279233
-0.031322801158614
-0.016327032683508
0.005871273780617
0.025776731089068
0.034664242307738
0.029202012737840
0.012874532287746
-0.006403746479567
-0.021304209315421
-0.029560491355005
-0.034139020764704
-0.039452527498540
-0.047834575438814
-0.058782642584181
-0.070580390994733
-0.082783145801507
-0.096609849304488
-0.112147209693264
-0.126215235246355
-0.133870975330220
-0.131842816657155
-0.121036409777512
-0.105939339767207
-0.091055619057250
-0.077783493056831
-0.064526710193447
-0.049693103109896
-0.034642867382880
-0.023346052667733
-0.019134294557129
-0.021971671428504
-0.028800391994710
-0.036443442701179
-0.043561679482368
-0.049455402932421
-0.051880699239854
-0.046926324854553
-0.031532279511207
-0.006769719285289
0.021333726516542
0.044616342643389
0.056957162816664
0.057273947123616
0.049808951207817
0.041039268103698
0.035349726830918
0.032878761871502
0.030797622883797
0.026529801491608
0.019849691384949
0.012455980247215
0.006757826477967
0.005402522923910
0.010671359561688
0.022820142722672
0.038541917517855
0.051634380268821
0.056021540760060
0.048974203792139
0.033051490932856
0.015880493780694
0.006507410035445
0.010029075669822
0.024596944939687
0.042606719610003
0.055053088783253
0.056425441995431
0.046986495727468
0.031414981056002
0.015755881013280
0.004833281387775
0.000995083286826
0.004069473444048
0.011518249787582
0.018563369317827
0.019538042167635
0.010782237518258
-0.006818045012398
-0.027813982980476
-0.044646036711580
-0.051275221082670
-0.046689187857459
-0.035635788269105
-0.025184575194661
-0.020174421572953
-0.021349093364052
-0.026510009020320
-0.032554291987129
-0.037054787521042
-0.039508465283448
-0.041548211743187
-0.045356823383239
-0.051977578118523
-0.060799989885822
-0.069616549189274
-0.075907554959546
-0.078892061304853
-0.079422980246038
-0.078269085221766
-0.075738260071605
-0.072212302059366
-0.068276377355032
-0.064881213757440
-0.063279406275506
-0.064197055230393
-0.067028446328124
-0.070022163294856
-0.071292113902216
-0.069801844943545
-0.065924485058963
-0.061090274792211
-0.056300506770686
-0.050981695580584
-0.043293341887107
-0.031245765883998
-0.013949664549167
0.007668874850067
0.030953890859067
0.051755157852336
0.065354509283466
0.068796246164825
0.062992277847355
0.052659020547340
0.044025369887544
0.041695524614721
0.046395490324523
0.054806122050697
0.061767182845876
0.063236787208316
0.057433271739000
0.044367064237492
0.025903789130230
0.006427298146313
-0.007425241409706
-0.008887714337277
0.005720769444081
0.034734080498359
0.070882727653889
0.103192750613580
0.121263999023801
0.120362110329096
0.103780366841194
0.080517684949683
0.059904308196754
0.046745286356108
0.039919763656901
0.034779728544499
0.027032734793522
0.015478706851082
0.002557346034593
-0.006937720050949
-0.008136990080916
0.001420000667679
0.020165401662498
0.042737627459352
0.061886376887932
0.071524868546609
0.069985871239862
0.060980476033635
0.050792269029400
0.043820048282099
0.040013361382755
0.035631015538997
0.026099580661229
0.009285298864189
-0.012362196290700
-0.032556809470153
-0.044737424712575
-0.045745656159522
-0.037178546661311
-0.024056109234606
-0.012034812794873
-0.005120877783355
-0.004778653565310
-0.010071855031481
-0.018841230904127
-0.028973882213720
-0.038082249209369
-0.042956067837513
-0.040940640975608
-0.032224138248062
-0.021442371845990
-0.017187947099705
-0.027693808126545
-0.054401909834336
-0.088574517135320
-0.114884392169251
-0.120648046294409
-0.103897159050213
-0.074389433303853
-0.047367554428074
-0.034276042211759
-0.036786133728816
-0.047972534179859
-0.058232381569408
-0.060984173493904
-0.055261025791064
-0.044780809346020
-0.034859475705971
-0.029316419895954
-0.028814126577269
-0.030960335850606
-0.031587806708634
-0.026132952437102
-0.011398925820131
0.011765789142742
0.037391599370839
0.057089909544226
0.064437685011920
0.057779367522799
0.040598677981317
0.020347253459845
0.005595282051770
0.001990747896148
0.010403878197261
0.028658828272588
0.054286716528805
0.085783166211021
0.121241400735105
0.156042188234187
0.183179191107546
0.196137797117465
0.191756455300232
0.171628042821797
0.140776034537081
0.104678672163123
0.067820892400566
0.034023037732449
0.006891065530356
-0.010319781613493
-0.015711770055084
-0.010210796214399
0.001671032323550
0.013254556914355
0.019451616314013
0.019441660403516
0.015566479370539
0.010809226256105
0.007382686890709
0.006050510256515
0.006075251432334
0.006026677819793
0.004613901129031
0.000972161429961
-0.005146697241115
-0.012753791127718
-0.019238821024962
-0.021420844483859
-0.017389885801883
-0.007669960334606
0.004535303421481
0.014097380033468
0.015572291171775
0.005119237313445
-0.017128227897224
-0.045440193895048
-0.070227863059184
-0.082780392721159
-0.079778630977385
-0.065146640127666
-0.048337391961190
-0.039702615394686
-0.045090194518017
-0.062137562007163
-0.080829095563341
-0.089134443421246
-0.080274618212003
-0.056881788510382
-0.029572379452170
-0.010397453128189
-0.005661068919928
-0.013289431169699
-0.025496110262232
-0.034207331468499
-0.036146295478285
-0.034555167690582
-0.036074009139430
-0.045011158559878
-0.059777901118192
-0.073682885679400
-0.078563447011127
-0.069304354574308
-0.047002573232549
-0.018524353615094
0.006938350615889
0.021801273985476
0.022978002946438
0.012825935371852
-0.002341120973742
-0.015266348609910
-0.020983071762915
-0.018833532208956
-0.011563024186165
-0.002317824259726
0.007419358591111
0.017712881237948
0.028747500511896
0.039404311211970
0.047207136382941
0.050121562076809
0.048749611078386
0.046931294801510
0.050111561328243
0.062083904890159
0.081744511774060
0.102373893008101
0.114998733955903
0.113854323296068
0.099866805577373
0.080252088355040
0.064699161532561
0.059846326407132
0.065353526876344
0.074335621955309
0.078063160355735
0.071816523717149
0.057507981518294
0.041349623080612
0.028941972693282
0.021583491307069
0.016371410402780
0.009717096557095
0.000888293768671
-0.007531850072589
-0.011961093479110
-0.010449920983336
-0.003943336353443
0.004212883265736
0.009739033628773
0.008329911225076
-0.003785364223214
-0.027797052778540
-0.059770694738452
-0.091267377345444
-0.113389067237245
-0.120843962354231
-0.113907786624803
-0.097676221369375
-0.078876832752573
-0.062351074067725
-0.049509635938717
-0.039689040956379
-0.033290192972248
-0.033270648516321
-0.042727413813082
-0.060894369265937
-0.081761011276221
-0.096910967131745
-0.100597411477190
-0.093250210934406
-0.081077498975800
-0.072250117426094
-0.071841383692925
-0.078844202436747
-0.087593862813884
-0.092254259810859
-0.090573989437218
-0.084071661472171
-0.075131984187025
-0.064214910715844
-0.049858764310191
-0.031225421560978
-0.010370436134485
0.008468879301613
0.021699252197310
0.027837131329473
0.026951248312531
0.020075373089120
0.009048327168285
-0.003566897155612
-0.014581848723092
-0.020949269439697
-0.020977884444022
-0.014848828528406
-0.004314701654198
0.007829431875699
0.018526190789578
0.025685382025201
0.029126567989263
0.030323346044859
0.031359176541835
0.034029783004567
0.039127433480776
0.045785859808941
0.051661430139852
0.054375462441340
0.053072031324198
0.048884770082926
0.044304664420168
0.041966421805178
0.043557984780745
0.049520446270503
0.059351517366646
0.071798302447539
0.085018948742587
0.097041268366342
0.106058862351828
0.110636448794745
0.110179719382301
0.104664625329368
0.093749907200101
0.077230556810544
0.056425910874512
0.034545970772700
0.015921834714328
0.004396741968858
0.001189644921374
0.004050936219391
0.009024036810440
0.013245908037683
0.016176607763608
0.018866113577458
0.022707877063492
0.028325435365734
0.034895579940790
0.040597679195250
0.043351556314024
0.041027862518350
0.032267358339186
0.017766108325529
0.000380184023571
-0.015956086691685
-0.027727831493054
-0.033159583553925
-0.032518322753377
-0.027464012597571
-0.019877293753930
-0.010537995678117
0.000879319599707
0.013966751163465
0.025732927379273
0.030868919823986
0.024866594155487
0.007694044839441
-0.015445806001737
-0.036523355729411
-0.048683792789138
-0.049910038540718
-0.043370676883562
-0.034212560270258
-0.026175003308339
-0.020569311743619
-0.017415072603168
-0.016658179576221
-0.017939546365406
-0.019604071707378
-0.018366269998958
-0.010625288440563
0.004369382775269
0.022070519107425
0.034567801512816
0.035790375276019
0.025382377655247
0.009164824213607
-0.003725736226983
-0.006202453269831
0.001875763949705
0.013424285352460
0.019578612059168
0.016485547101664
0.007562296976932
-0.000078627408231
-0.001438878892050
0.002638856752964
0.006154282852927
0.002549300847011
-0.010268285887221
-0.028482222954825
-0.045350166324449
-0.055721760325722
-0.058752535898155
-0.057743846734281
-0.057311566226379
-0.059197401894028
-0.060187009914064
-0.054279891907494
-0.037028982501641
-0.008744871157623
0.025174217662241
0.056658415905761
0.078511229364450
0.087103823263036
0.082883455259992
0.069033759371681
0.050052203735215
0.030693361709026
0.014297370431167
0.001659914241969
-0.007915044869073
-0.015173692325770
-0.020826145759244
-0.025731619159651
-0.030431427502942
-0.034552988012261
-0.036851954309392
-0.035901819777497
-0.031140193997729
-0.023925545061311
-0.017151566342991
-0.013102394229282
-0.011979671601253
-0.012351909794756
-0.012620497534166
-0.012570213323181
-0.013561578687369
-0.017034825659678
-0.023335281393280
-0.031674809861065
-0.040415423430679
-0.047778054140088
-0.052869889675886
-0.055765933902945
-0.056312877411212
-0.053315997446377
-0.045706038661427
-0.034581237640236
-0.023825475112558
-0.018707264382037
-0.022814926308916
-0.034997718203261
-0.049476602843056
-0.059196462033172
-0.059434244965384
-0.049991134639002
-0.034888306168299
-0.019259046091946
-0.006128234718181
0.004242409738707
0.012904785192189
0.020724755747839
0.028056498082016
0.034726466484397
0.039218134005725
0.038858473423441
0.032596950921743
0.023585427915611
0.018141513097651
0.021426286402836
0.033358990869009
0.048363843990465
0.058980721393956
0.060268713118656
0.052085481571497
0.038074270674897
0.022697827505717
0.008687909600362
-0.003918370657771
-0.016649730017914
-0.029899066929300
-0.041160024931911
-0.046139579571926
-0.041780279299829
-0.028810668778692
-0.012055035836692
0.001630515163045
0.006692260602565
0.002199309461269
-0.007187179540297
-0.014083626352482
-0.012839326258142
-0.002687853115942
0.011863833836925
0.023792255318350
0.027400602453654
0.020902705585615
0.007166532514685
-0.007832805437131
-0.018007396892990
-0.019591922792959
-0.012462824970718
0.000066209415904
0.013105272479550
0.022321655084886
0.025888945868347
0.025970902382439
0.027638753812979
0.034907538163421
0.047105161762553
0.058727205822374
0.063125782409552
0.057373068705112
0.044566941227126
0.031716168670002
0.024922981351542
0.025537937530998
0.029357610527116
0.029236918901550
0.020264387208077
0.003887433020733
-0.012739542851976
-0.021591136570693
-0.019021970757041
-0.008284280694781
0.002269068154767
0.004650699726302
-0.003394222476723
-0.017212953131502
-0.029020584387144
-0.033286259823957
-0.029498978392301
-0.021449432497514
-0.014604376797973
-0.013127519554269
-0.018384961294372
-0.029428240057805
-0.043636729614063
-0.056961152032971
-0.064818495008371
-0.063648567757461
-0.052693765363008
-0.035133165568774
-0.017226433617306
-0.005559274989648
-0.003721482831703
-0.010347717973842
-0.020353674804064
-0.028256103015482
-0.030535691534776
-0.026667220487352
-0.019518400722791
-0.013872917058380
-0.013223342710995
-0.017351791240673
-0.022436090231167
-0.023599055932087
-0.018344570622967
-0.008709499190942
-0.000076517987122
0.003086339958543
0.000830111820970
-0.002363352775722
-0.001208232618229
0.005797700725917
0.014578467528012
0.017947028432768
0.010316138165041
-0.008255215994776
-0.031150922932057
-0.048453648508421
-0.052237143693486
-0.040226883092062
-0.016152156218312
0.012276877632371
0.036442535038871
0.050387403021585
0.053147338823744
0.047662302943797
0.037630716223326
0.025609608356619
0.013048927215311
0.001038517834259
-0.009316118289335
-0.017449834621582
-0.023830130262958
-0.029088213801050
-0.032780209030144
-0.033240669531054
-0.028482210841263
-0.017762144311342
-0.002903023251791
0.011849415068929
0.021543600234084
0.023213307921440
0.018041562548213
0.010918190505590
0.007287245873382
0.009745691946595
0.017093030592380
0.026229889280089
0.034565722772958
0.040792412098816
0.044376643403250
0.044977954720570
0.042357829787994
0.036794005906003
0.029509102824024
0.022718099672041
0.019099684457471
0.020745776127325
0.028286928708675
0.040593907066244
0.055077470073295
0.068814368001871
0.079826806231667
0.087437226887341
0.091774498673304
0.092725964399036
0.088870379483498
0.077850822694683
0.058313670332882
0.031909220341420
0.003825735912926
-0.019423984638675
-0.033593173009462
-0.038315800811799
-0.036061344826590
-0.029885152823118
-0.021703445642768
-0.012708938549145
-0.004944835893376
-0.001363867678441
-0.004225070270897
-0.013621421968971
-0.027367562015171
-0.042430872768763
-0.056194991071405
-0.066243498370390
-0.070322068558984
-0.067727677319680
-0.060642121357535
-0.053234436119326
-0.048427681079217
-0.045417626739588
-0.040835873652454
-0.032459747597112
-0.021933892025169
-0.013944166336318
-0.012178662375362
-0.015779648639053
-0.019899637877912
-0.019656043354396
-0.013847186760935
-0.005969218695587
-0.002544354152666
-0.009499847039866
-0.027424278660975
-0.049028009139918
-0.062654454713514
-0.059653633331974
-0.039622017299004
-0.010485491002367
0.016456412400903
0.033120467784978
0.037765437409223
0.033751622717276
0.026417334275405
0.020019987248496
0.016358438480236
0.015320521442272
0.015821336601082
0.016295186879789
0.014662759611442
0.008378774579628
-0.004272924632346
-0.022477462326648
-0.042495892568546
-0.058899431574691
-0.066955400018367
-0.064555498976435
-0.052617603945900
-0.034881057180163
-0.016932224789030
-0.003526358243794
0.004136995141168
0.008718713664726
0.014440785283809
0.023743105783549
0.034814920355098
0.041372569521846
0.035642245472523
0.014245236360425
-0.017223632147447
-0.045770559159202
-0.058004734642691
-0.047687461387144
-0.019251548910074
0.014832658776449
0.041059155555311
0.051753602938214
0.047879867083814
0.036788483567634
0.027272615800841
0.025148113711822
0.030986096003266
0.040531218751581
0.047639490939463
0.048255004983129
0.042947593786560
0.036313253971865
0.033980375826892
0.039198876534937
0.050683257303006
0.063116552012431
0.070023369316704
0.066848860012939
0.052991359097873
0.032484374544965
0.012356509371650
-0.000817035778716
-0.003654535508607
0.002947862606491
0.014171093529085
0.023493069234082
0.025905234339207
0.019993364363079
0.008156025420148
-0.004399438323957
-0.011669182626791
-0.009658302165608
0.001605106420113
0.018446573630029
0.035726371029197
0.049153724698769
0.056602201416866
0.057828301124282
0.053243827037466
0.043167406873897
0.028166397304787
0.010305985942569
-0.006060092511431
-0.016021249619611
-0.017471739059905
-0.012438722499139
-0.005343081326138
-0.000312405441700
0.000906278125659
-0.000533833719932
-0.002414188764803
-0.004026331836179
-0.006601090768543
-0.011231942880119
-0.016861425075886
-0.020780999842548
-0.020683153125947
-0.015764199665614
-0.006910116660700
0.003281455597268
0.010955635788423
0.011998294376723
0.003578720316022
-0.014329878814750
-0.038470744125199
-0.062982095426920
-0.081313732930399
-0.089008745373276
-0.085533039328977
-0.073882372045670
-0.058333979318240
-0.042079772951582
-0.026493461186369
-0.011689654552372
0.002331278170970
0.014182850962733
0.021111874163583
0.021254180398711
0.015676617297902
0.008572420724503
0.005630131530169
0.010807695487979
0.023226605559923
0.036667672659547
0.042490482162977
0.034686178607982
0.013966324776611
-0.012501269149116
-0.035752451899064
-0.049848002846239
-0.053452346309291
-0.048911894849375
-0.040326876169458
-0.030861896600981
-0.020717234296159
-0.008114970325524
0.007606955603584
0.024507394471819
0.039160131048723
0.048359549412803
0.050478793043742
0.046624361923783
0.040222352499726
0.034266579808287
0.029067702690559
0.022713786787549
0.012876524453729
-0.001060303073757
-0.016339781564554
-0.027940192682535
-0.031698749508049
-0.025978182603075
-0.011759004720471
0.007670046353255
0.027994486049057
0.045183317208197
0.055524165183761
0.055851414761309
0.045038064221989
0.025536953145583
0.003839309350826
-0.011120044821295
-0.012268341519770
0.000986577386833
0.022091455349009
0.041384867578759
0.051095601645257
0.048133319240855
0.034683008490948
0.017085049793846
0.003199561544294
-0.000556902881498
0.008153025182636
0.025754425970708
0.043812094354497
0.053653654184622
0.051371469420862
0.039155563178968
0.022376873118111
0.005918534982304
-0.007403473886932
-0.016996620593797
-0.023921791406066
-0.029435375599857
-0.033930089455620
-0.037397311816335
-0.040339297793329
-0.043222819248315
-0.044661098755108
-0.041449046290265
-0.031774614930129
-0.017773612870216
-0.004300839177733
0.004227402805530
0.006220756709192
0.003294851149084
-0.001275024092700
-0.004448654333035
-0.004618335565149
-0.001994065111896
0.001744029715237
0.003943223528647
0.001703661853258
-0.006517059622431
-0.019042767505266
-0.030466176012350
-0.033671968039560
-0.023802630051261
-0.001456220270147
0.027039595694033
0.052170589756295
0.065541038820978
0.064091298617707
0.051419209192017
0.035031425368617
0.021889419582254
0.015867955181549
0.018054818986206
0.027489076715854
0.040736596446307
0.051786280702886
0.053924160912036
0.043553784616386
0.023869253629829
0.004385252182246
-0.004684059053305
0.001353064935810
0.018801126181846
0.036597415068818
0.041512578457634
0.026146655658046
-0.005440536110944
-0.039182028757466
-0.058810614400627
-0.054787304350791
-0.029497671661170
0.003741318025177
0.027874096223876
0.031510805009433
0.014113703329847
-0.015749800490140
-0.046351755965713
-0.068941041351469
-0.080872725521025
-0.084312390015419
-0.082419503680351
-0.076708417773548
-0.067476555373425
-0.055522822220347
-0.042759908393910
-0.031742463634578
-0.024638773625319
-0.021997233851395
-0.022490366309769
-0.024036038255414
-0.025269039725670
-0.026485643568018
-0.029601178154587
-0.036872088899831
-0.048975982887674
-0.063636004031137
-0.076145625233287
-0.082104780159123
-0.080168959979841
-0.072472617016261
-0.062672719699971
-0.053273023404505
-0.044331759219763
-0.034198055392208
-0.021477789629989
-0.007121439139355
0.005033765791076
0.010231734040627
0.005995974827981
-0.005800798400565
-0.019406835112953
-0.027772014598398
-0.025779960263794
-0.012888047604141
0.006201483530033
0.023926127872853
0.033762293214860
0.032949554698222
0.023334402464783
0.010238092955294
-0.000308833347418
-0.004208026346158
-0.001028470222046
0.005428774566931
0.009085360703325
0.005671973382501
-0.004269368188130
-0.015985705531552
-0.023579749184716
-0.022635099900544
-0.011794339048385
0.006025414914782
0.024218649583062
0.035874523997220
0.037369416211928
0.029607794965559
0.016996696118119
0.005087011664547
-0.001911158071114
-0.002675801886237
0.001031833722051
0.005793522261423
0.008726918877888
0.008671662992898
0.005977411641291
0.001938194750977
-0.001470146512469
-0.002173027801480
0.000756779722291
0.006496450094442
0.013197385422225
0.019210446179780
0.024059780998086
0.028141476026214
0.031445943045739
0.033717343403084
0.035665761142999
0.038389050883387
0.041610218211488
0.043430427274586
0.041835072835608
0.036318673803805
0.028452373179698
0.021589765942305
0.019967132682705
0.026412887934444
0.039485383039587
0.053009996422973
0.059415643303358
0.054829122415815
0.041570598980520
0.025837225316048
0.013421405079235
0.007045482570322
0.006260465871603
0.009273900218938
0.014763821345824
0.021942313640206
0.029672092777676
0.036145272922401
0.039076477765680
0.036367126937854
0.027741414163467
0.016318459179208
0.007658232561962
0.005828839305076
0.009730434809685
0.012989660701167
0.007619995159035
-0.010618843735793
-0.038459275091024
-0.066038543033997
-0.082518795181764
-0.082662026744248
-0.069633666979070
-0.052362982877206
-0.039918865018627
-0.036658053996202
-0.040820935073646
-0.047236270785748
-0.051574753101762
-0.052213000482776
-0.049257484318480
-0.043612600650276
-0.036972416439992
-0.031415823841873
-0.028699733242641
-0.029861675354042
-0.034791192471233
-0.041859915024281
-0.048547314026331
-0.052822303192702
-0.053727909385419
-0.051205827519984
-0.046166401230191
-0.040798396777035
-0.038614844021295
-0.042913826449249
-0.053562825678957
-0.065911933006358
-0.074225339756529
-0.075772846750934
-0.071682756826939
-0.065343046664110
-0.060012011337392
-0.056914675520057
-0.055082125870582
-0.052285838960483
-0.046028483279081
-0.034804236772259
-0.019037352265745
-0.000424530470858
0.019560756263746
0.039966042244236
0.059617484843677
0.077033410115229
0.090806168831422
0.099581953913806
0.102218426971249
0.098364444565646
0.088984052139358
0.076603972611994
0.064845680441431
0.057362934637553
0.056971171890061
0.064487959139134
0.077125912555524
0.088860015320910
0.093761938622834
0.089437058606609
0.077990857994348
0.064181101161429
0.051948963426329
0.042106653183698
0.033031841151919
0.023064272794696
0.012029107686149
0.001059023149062
-0.007754714090322
-0.011554962012616
-0.008599942829002
-0.000773238981722
0.006870597263651
0.009819344682551
0.007841080786824
0.005314981403838
0.007497505054848
0.016264947595971
0.028930116818998
0.040146876253289
0.045027679655133
0.041382787438472
0.030188815730152
0.014571119674773
-0.002290282400246
-0.018729372276183
-0.034307455584308
-0.048491612022310
-0.059621533444854
-0.065334604994393
-0.064664714883935
-0.059593248952843
-0.054112293803498
-0.051737350463710
-0.053152966470172
-0.055441593432054
-0.054193759636165
-0.047151563971981
-0.035943170460126
-0.024640993416414
-0.017127216829413
-0.015674199982896
-0.020481163005543
-0.028853563874377
-0.035500444368464
-0.035192053316474
-0.025893873858761
-0.010474103583940
0.004259442901581
0.011471174701234
0.008481583973796
-0.002105685318271
-0.014655491659879
-0.023732021951131
-0.026009219170104
-0.020714311167366
-0.009544832176311
0.003937654255492
0.015466546672860
0.021206028934139
0.018936036519266
0.009405588533636
-0.003141559945288
-0.012450414119727
-0.013277499747035
-0.003788041357676
0.014045019072186
0.035563257486975
0.055456299879483
0.069811134088927
0.076619579344847
0.075047903037404
0.065273024214818
0.049194759797499
0.030757335183288
0.014880009463014
0.005407350267424
0.003298961632192
0.006028834707038
0.008915270947569
0.008252788015372
0.003891171320992
-0.000917648045320
-0.001596637976694
0.004953502641337
0.017945841794063
0.032882651482953
0.044135329757871
0.047478934087578
0.041843425595530
0.030176771848458
0.018306040287510
0.011859258201230
0.012842064663050
0.017973404007303
0.020616520805040
0.015507322438088
0.002630535318581
-0.012720268343751
-0.023392294115597
-0.024755050025256
-0.017445546002857
-0.006804363720321
0.000918273538818
0.002719136376580
0.000297969409698
-0.001421845248763
0.002574399639210
0.014357390961388
0.032055634076553
0.051025537363049
0.065918411323965
0.072827770385260
0.070706066492706
0.061615277845270
0.049984894850906
0.040464496646266
0.035088787960090
0.032097667021637
0.027422413519788
0.017910146030853
0.003817099214035
-0.011692685654824
-0.024899524686980
-0.033524517610655
-0.037753555255156
-0.039446312565997
-0.040011618029676
-0.039520508271965
-0.037542918283399
-0.033900556871466
-0.028705586692921
-0.022446063893614
-0.016019523322817
-0.009830800169084
-0.002671510420755
0.007596781839202
0.021465903134665
0.035862700687935
0.045119480810253
0.044483288200301
0.033641831528971
0.017567216558101
0.003949425820973
-0.001332660606408
0.001828601992581
0.007205026434158
0.005991856496143
-0.007431684579494
-0.031357606037293
-0.057314089807247
-0.075417016432937
-0.080252808835449
-0.073114213625604
-0.059987155274413
-0.047382310295724
-0.039054331107265
-0.035093673487049
-0.032976168527566
-0.029879365628410
-0.024578333878161
-0.017483291165504
-0.010088456292913
-0.004840062583213
-0.004243299988397
-0.009134009419156
-0.017947340794628
-0.027885837354056
-0.036924542260066
-0.044994167175450
-0.053556823222393
-0.063909244953632
-0.075330562203248
-0.084652739908367
-0.087634558746560
-0.081027147910075
-0.064429235229817
-0.040897458326109
-0.015852836963331
0.004633100667874
0.015992118641668
0.017614189957266
0.013440092108385
0.009647833647402
0.010943054773958
0.017778799894688
0.026650058893356
0.033121342495393
0.034632803754515
0.031397691292068
0.025684788832283
0.020279539466010
0.017142022986594
0.016509486040316
0.016713982667360
0.015619480558689
0.012766405740059
0.010135457687349
0.011306812145011
0.019706871877890
0.036143247535291
0.057177599223941
0.076419150912451
0.088049358119001
0.089871650243871
0.083954553245578
0.074649914054724
0.065325506894095
0.056188174938484
0.044944981977666
0.029417223114590
0.009703046196190
-0.011329156743789
-0.029476699754269
-0.042063722779308
-0.049729810216996
-0.055181444349644
-0.060366377140581
-0.064797441209434
-0.066212652807896
-0.062621669990110
-0.053821120292614
-0.041623673384429
-0.029178778603593
-0.019733718288359
-0.015258976390632
-0.015375552864712
-0.017271773814569
-0.017477492696002
-0.014426081435055
-0.009329793812385
-0.005025744159853
-0.004198240895907
-0.007831626087735
-0.014474524864563
-0.020776133139453
-0.023443154034842
-0.021764033640292
-0.018170396196311
-0.016113448337244
-0.017614727914767
-0.021979563698086
-0.026160716516283
-0.026971189307857
-0.023187947047132
-0.015512677295396
-0.005109779695201
0.007255651663261
0.020496984286613
0.032225788081671
0.039391958349723
0.039989551432425
0.034606046876101
0.027270208157863
0.024188327620808
0.030075081330853
0.044445491729626
0.060835281406200
0.070229631132634
0.066611273303540
0.050531536060383
0.028445632560835
0.008672114350202
-0.003376290161812
-0.007615131543980
-0.007835273805299
-0.007884431020635
-0.008871706818141
-0.009648827136496
-0.009117166750384
-0.007458235324238
-0.006060851652985
-0.006752996395349
-0.009919426762688
-0.013036254488533
-0.012104046890113
-0.005024204622719
0.006315339698730
0.017015803696495
0.022591168440856
0.022148870581595
0.018495629425299
0.015274689831363
0.013985752642624
0.013269475010181
0.010496099794452
0.004150779642293
-0.004812901769163
-0.013646826129450
-0.019598521140098
-0.021296931257987
-0.019123939733333
-0.014408600460213
-0.008275459762983
-0.001572337550677
0.004664993117006
0.009535529447839
0.012622335231263
0.013257271034311
0.009685199424675
-0.000132694114818
-0.016173041521760
-0.034746104321254
-0.049630641278072
-0.055444156263482
-0.050923329319167
-0.039884799223855
-0.029101655401291
-0.024394815376677
-0.027242840048853
-0.033826056895533
-0.037419777874617
-0.032766622154138
-0.019457693057009
-0.002609616074322
0.009698288547857
0.011626957965339
0.003922942950664
-0.006379984490111
-0.010956922945611
-0.006202344571771
0.004501079322895
0.013703292482234
0.015042648527735
0.007073988782253
-0.006393878398799
-0.019336326188260
-0.027036650350175
-0.027814260970753
-0.022838109010236
-0.014520744551387
-0.005269405805655
0.002347299706794
0.005924487152994
0.004500532610219
-0.001111723264086
-0.008977861109284
-0.016613188842582
-0.021400543192799
-0.021157392043173
-0.015104246952320
-0.004672730288874
0.006707742659613
0.014713731299488
0.016078560954147
0.010845528837079
0.002881104273620
-0.002287160437480
-0.000805863926373
0.007441433853816
0.019244122626520
0.029973526695301
0.035564058796968
0.034057030747104
0.026581403626771
0.017386342595392
0.012263177551598
0.015208372159932
0.025466339465305
0.037955137492541
0.046692237246520
0.048269120915865
0.043434373861355
0.036480016325324
0.033012297536271
0.037011901007645
0.048616130383489
0.064275432997240
0.079095265428966
0.089095356464686
0.092164391722778
0.088286016592312
0.079345219699361
0.068233629786860
0.057105705173048
0.046024682748871
0.033821034927398
0.020338000807308
0.007656478319045
-0.000524351168730
-0.001060310663100
0.006064595132810
0.017135120993110
0.026798444514733
0.030819690934867
0.027752975889072
0.019373194444141
0.010110239431122
0.005365482088629
0.008944427434653
0.020965549347698
0.037273553426057
0.050633415243343
0.054185679346781
0.045675275054574
0.028910320839850
0.011289325679111
-0.000626893486371
-0.004772148553649
-0.004224873558459
-0.004622723570555
-0.010164643293096
-0.020695704122885
-0.031924103764987
-0.038363919986134
-0.036668602345765
-0.027412701020262
-0.014443082998732
-0.002946883405076
0.002274882958787
-0.001408582651979
-0.013229657933574
-0.029563753840067
-0.045444707248587
-0.056405715042338
-0.060480810385860
-0.058738683923659
-0.053890262068918
-0.048535508414548
-0.043725702019722
-0.038372041023601
-0.030213680246521
-0.017609960969652
-0.001524448618688
0.013435840990348
0.021110370266397
0.017680113678380
0.003756498754314
-0.016017156744104
-0.035025500341149
-0.047760087716923
-0.052313902975771
-0.050672906893150
-0.046906834314728
-0.045135893646564
-0.048242429433751
-0.056363982870179
-0.066055111487950
-0.072276411490295
-0.071745695931296
-0.064418052246823
-0.052668835482102
-0.039858046046318
-0.029514919037786
-0.024916493093801
-0.028097942598341
-0.038361674960795
-0.051604338618773
-0.061577636508456
-0.062857007528681
-0.053715975111337
-0.036806976403269
-0.017528394751125
-0.001668561294597
0.006800438496288
0.007579274789683
0.004359373036881
0.002481741274974
0.005614463654121
0.014357462250251
0.026464414837139
0.037160989032451
0.040915057800165
0.035132105992176
0.022430984235248
0.009114530914057
0.001330058796640
0.001618619446143
0.007818775106006
0.015211743781201
0.020418475453331
0.023732088483491
0.028107412722716
0.036006991060401
0.046647089296187
0.055970340184441
0.059728134504635
0.056900666874967
0.050342594612456
0.044430305513209
0.041700002034593
0.041078393034441
0.039147411067690
0.033021265698993
0.022669938471144
0.011705574302280
0.005501344547217
0.007200936247771
0.015025454032205
0.023229460494313
0.026032773978769
0.021390126107495
0.011674127660569
0.001720896268249
-0.004185401175684
-0.005364420645010
-0.005493911333296
-0.009729859096882
-0.020603003898481
-0.035919899464225
-0.049784135093338
-0.056051367870406
-0.052372489247116
-0.042250051632137
-0.033084163670607
-0.031096482127104
-0.037251707252358
-0.047161687125234
-0.054348791833146
-0.054756528907134
-0.049523453837320
-0.043793854430836
-0.042959855948960
-0.049255387246274
-0.060609817540006
-0.072159922115579
-0.078703551587939
-0.076742740541562
-0.066326311824035
-0.051384306077352
-0.037377065896122
-0.028547330808005
-0.026634755746255
-0.030467153464987
-0.036702678052095
-0.041798743790486
-0.043657426080276
-0.042033470587268
-0.037969256704242
-0.033171435511481
-0.029403384285963
-0.027111715264604
-0.024683495660808
-0.019760197740877
-0.010893913258141
0.001718889999326
0.015873330322802
0.027899243152143
0.034675525689766
0.035621681181894
0.033023236611699
0.030391915375784
0.029823965845395
0.030506697999429
0.029766183833908
0.025800198463819
0.019818273674684
0.015745196590358
0.017579710817912
0.025978664040633
0.036774689677522
0.043537133029703
0.042335778498510
0.034646379270605
0.026224342996969
0.022656625276190
0.025090485728079
0.029899950786615
0.032049095992598
0.028888930746228
0.021690763742215
0.014000779487942
0.008687020765897
0.006195763666207
0.004449545520586
0.000977736928771
-0.003451836224442
-0.004222480995858
0.003172513069850
0.018982344428621
0.038520269012685
0.054896373289693
0.062915743824169
0.061430953527681
0.052968351374323
0.041528959265533
0.030708155823176
0.023177399929844
0.020234265334310
0.020954274539844
0.022559908610531
0.022218108285359
0.018546019109044
0.011981802489078
0.004290111126453
-0.002422712616122
-0.006637008627640
-0.007850314966314
-0.006490425562615
-0.003550294514834
-0.000146127463211
0.002912591318466
0.005218921474293
0.006658846485994
0.007598939252182
0.008767251472478
0.010535841324153
0.012462907525965
0.013407534209173
0.012504751336380
0.010501592807537
0.009302700202441
0.009859655932710
0.011275372798989
0.011925976828474
0.010942956084601
0.008808026706957
0.006795631093160
0.005841049534053
0.005786604173182
0.005597194913262
0.004642467669081
0.003709175236297
0.004175827100655
0.006559423781539
0.010388225247275
0.014937454440099
0.019704811259043
0.024515889528275
0.029366320398775
0.034045831740621
0.038057255682527
0.041151811573281
0.043400105111886
0.044258167251457
0.042392742245824
0.037123266852070
0.029557759621499
0.021919297745636
0.015929970125328
0.011867480173696
0.009119798557348
0.007509272253293
0.007609361049247
0.009715124007991
0.012951855583518
0.015777576613661
0.017346442707847
0.017717939362295
0.016695248331652
0.013271153463945
0.006407783885755
-0.003571694056214
-0.014312467192000
-0.022538682102017
-0.025838496272291
-0.023907266166684
-0.019355566350731
-0.016915736273346
-0.020116148260976
-0.028293544310415
-0.037460122533253
-0.043911395198284
-0.046609109325934
-0.046780040616097
-0.046165231918354
-0.045591035739069
-0.044709559207248
-0.043144389541894
-0.041802994698259
-0.042601177167488
-0.047093751887297
-0.055464233588606
-0.065951804542381
-0.074983683718086
-0.078769968586737
-0.075421709497171
-0.065597392837481
-0.051193002426749
-0.033976888593769
-0.015986981128479
-0.000169078672667
0.010802629168282
0.016234899145887
0.017757329943824
0.018107739729994
0.019323886252155
0.021925365874431
0.025228381450788
0.028028813314454
0.029903693041004
0.031955553689392
0.035394103070269
0.039996186895063
0.044232813178164
0.045704473071817
0.041822082166423
0.031485750200313
0.016296243273931
0.000083905952142
-0.012704006411858
-0.018959214887683
-0.018392984127252
-0.013564864962239
-0.007930662732854
-0.003078211747106
0.001911191064807
0.008164071299660
0.014746943278397
0.018766368656752
0.017225037975204
0.008992989804729
-0.004020714084405
-0.016827510718048
-0.023327574748479
-0.020040245349358
-0.008550964099590
0.005573542195037
0.016164424758796
0.019382093006113
0.014412661613957
0.002770447379099
-0.012096959816959
-0.025567715198390
-0.034033411471341
-0.037096501391260
-0.037470986503639
-0.038306573382853
-0.040407710673072
-0.041896140156606
-0.040081969094476
-0.033785186189016
-0.024480687932631
-0.015360796113824
-0.009569810074231
-0.008924764325020
-0.012847413668209
-0.018379700229293
-0.022075021949610
-0.022126613314803
-0.019387857958607
-0.017005913776093
-0.018337911446570
-0.024595393475766
-0.034257709190246
-0.043815073440325
-0.049109214447634
-0.047499207774217
-0.039708875909481
-0.029501668351982
-0.020954244759374
-0.015445007865594
-0.011189679943087
-0.005610316758550
0.001841508393094
0.008917949726002
0.012708230811624
0.012459249312945
0.010059533101457
0.008478203231729
0.010115954564311
0.015775267224010
0.024584479644288
0.034769335942816
0.044509379718896
0.052445917218444
0.057609762200727
0.059235693440436
0.057307149760202
0.053209482187031
0.049204522149791
0.046943480215823
0.046815813057018
0.048917744599623
0.053676327445184
0.060797687426493
0.068351868943231
0.073490425540918
0.074043945387057
0.069880391107073
0.062962555459260
0.055849903102331
0.050261960056772
0.046812665199745
0.045213659088223
0.044441656874798
0.043170561725644
0.040670278531204
0.037491971737496
0.034993171361451
0.034354213227740
0.035926593606045
0.038546301861470
0.039616762496557
0.036538832355067
0.027579262535934
0.011818339301212
-0.010006497885925
-0.034496188326481
-0.056417261318393
-0.070932591535216
-0.075798006656366
-0.072325758057970
-0.064490347806950
-0.057023357072817
-0.053413460492939
-0.054298136059840
-0.057340458839397
-0.059156688240802
-0.058084555391756
-0.055412059476413
-0.053931105348834
-0.055555094590639
-0.059782041660686
-0.063440720877442
-0.062494654853442
-0.054991333690240
-0.042610027947601
-0.029977532225472
-0.022082495333243
-0.021096979723906
-0.024969790529824
-0.028822056201520
-0.028211278128443
-0.022107981867904
-0.013303494644779
-0.005845618002927
-0.001719410974807
0.000307296973417
0.002986063596289
0.008178157998074
0.015694220198184
0.023526541708230
0.029431410362420
0.032842753241305
0.035188206798090
0.038905753738095
0.046008765192776
0.056069926129023
0.065576292474937
0.070426452286176
0.069088088716676
0.063359563412378
0.056613606305716
0.051219226546495
0.047665416681717
0.045680652036208
0.044540984148500
0.042273373022162
0.036410204079668
0.026200489044192
0.013520988809246
0.001564396419944
-0.007072207055618
-0.011488805954158
-0.012636477912283
-0.012534452521228
-0.012653006753635
-0.012677201589495
-0.011183462243735
-0.007849914136450
-0.004979028029952
-0.006642692499444
-0.015853896428913
-0.031631380251531
-0.048142295228555
-0.057644012495053
-0.055761933683993
-0.044167472597136
-0.028432949082047
-0.013857348435657
-0.002479383708098
0.006931457173858
0.016252687313515
0.025715761586792
0.033563896631313
0.037030362446714
0.034202194547752
0.025592329067087
0.013879557267339
0.002044245726480
-0.008424342737851
-0.017457332393607
-0.024817356051790
-0.029539691574545
-0.030982546983865
-0.029523942002073
-0.025999782554514
-0.020656079664411
-0.012932779349340
-0.002798331646832
0.007558263185845
0.013659007294753
0.010976355743626
-0.001720071047280
-0.020396157113964
-0.037072470908665
-0.044209872813785
-0.039704809169596
-0.028595490821406
-0.019563724251093
-0.019059844583487
-0.027212194083271
-0.037864215963031
-0.043026621454301
-0.038381084569382
-0.025573809912692
-0.010598433833997
0.000382907656925
0.005213411043038
0.006605877023307
0.009437328787294
0.016964102376549
0.028144602123511
0.037672778693624
0.039288373881027
0.030710922769295
0.016416267204134
0.005094569185331
0.003515719500050
0.012077677173581
0.024982496678871
0.034356680969646
0.035487702428874
0.029403431066420
0.021466654854594
0.017919544745594
0.022369105412312
0.033657561260343
0.046555051021032
0.054937544836264
0.055303438787659
0.048352116440935
0.037630612428367
0.027087555292410
0.019880477583097
0.017852048624668
0.020360469443040
0.023701688506138
0.022999315202005
0.015242443984004
0.000899256247493
-0.016116653614858
-0.029959556769986
-0.035834696009447
-0.032566236347889
-0.022964931721542
-0.012077041167471
-0.004417462436049
-0.001987644703112
-0.004170778191773
-0.009101410093496
-0.015553393718055
-0.023549775043846
-0.032961225579429
-0.042414243413390
-0.049835825990732
-0.053151817526737
-0.050835475199955
-0.042943609707635
-0.031645639361534
-0.020566983839471
-0.013349944335887
-0.011820825179040
-0.015089611680231
-0.020258196406532
-0.023696178054254
-0.022847632782914
-0.018179065212915
-0.013032073140340
-0.011115070491713
-0.013936408532907
-0.019782001949287
-0.024605688525934
-0.024479579244046
-0.018280375958202
-0.008863369914979
-0.001269880408421
0.001156319673723
-0.000906095072420
-0.003733994979340
-0.003268328701823
0.002088433410740
0.010118490471015
0.016232908645417
0.016863364190849
0.012152585399655
0.005747910918616
0.001988062821035
0.002939342496264
0.007250720478965
0.011565417336370
0.013440062785554
0.012627044163270
0.009813055553349
0.005530792907109
0.000528481738643
-0.003710597737907
-0.005213578383310
-0.002327188630731
0.005434584937975
0.016572406083164
0.026987270728220
0.031031933095152
0.025024939729794
0.010811872580770
-0.004393775838015
-0.012773841662252
-0.011299134457347
-0.002784042967680
0.007165139743651
0.013622930505890
0.014551006597549
0.011344381542587
0.007436550376194
0.006025901070416
0.008495469982516
0.014221267954894
0.021460767878153
0.028410117550875
0.033792891069304
0.036899175260082
0.037408082290859
0.035472586179339
0.031717164574884
0.026891537908761
0.021730313778035
0.016689154677181
0.011373250629308
0.004858814889645
-0.003041030638178
-0.011047354108591
-0.016816782959943
-0.018272202578321
-0.015192525778124
-0.009542505193448
-0.004214044213227
-0.001550772586014
-0.002581228290755
-0.006947926299015
-0.013305596189413
-0.020231441050961
-0.027342112833369
-0.035080940065055
-0.043012863683980
-0.049254298118962
-0.051910212919770
-0.050411588075436
-0.045518070483943
-0.038490251246414
-0.030579594565371
-0.023214758076787
-0.017605542585196
-0.013604753116101
-0.009826993193780
-0.005178607383601
0.000119345915378
0.004599901455974
0.006263922361469
0.003574465242630
-0.003474922952091
-0.012748430998787
-0.020886324057386
-0.024999348197882
-0.023602784432202
-0.017143124885165
-0.008011536552615
0.000590510867864
0.006215408325069
0.008255560233939
0.007934422807574
0.007333527273087
0.008293985522825
0.011126007737395
0.013593922251497
0.012252504671886
0.005660591099726
-0.003977661040442
-0.011937382728334
-0.013612627916710
-0.007284628048234
0.004735181759906
0.017542435229220
0.026624754123934
0.029977881909923
0.028103891090256
0.023457473814222
0.019803586743434
0.020134084786958
0.024682284268279
0.031258248908091
0.036979858681554
0.040094748137503
0.040991230291409
0.041416336230840
0.042908620779228
0.045690931721350
0.048037007938106
0.046874844357813
0.039843631138809
0.027365222691800
0.013297105557271
0.003169611031663
0.000571962276489
0.004542721286142
0.010265401992372
0.012497886560907
0.008915154654044
0.000888603603231
-0.008031875362093
-0.014424111741775
-0.017069087408243
-0.017536609119984
-0.018774326988892
-0.022721564217368
-0.028482272486456
-0.032697360596099
-0.032175938872281
-0.026406386215853
-0.018067424141618
-0.011373910117683
-0.009273224432259
-0.011907590707937
-0.017191037224468
-0.021682071096433
-0.021553280607812
-0.014849940686132
-0.003654203172535
0.006454631161093
0.009939219864998
0.005189758874543
-0.004303372957792
-0.011925841733444
-0.011857180221648
-0.002985779321308
0.010380079220554
0.021886491200616
0.027405305007105
0.027224317199977
0.025338133003902
0.026140871282244
0.030809083131355
0.036309845447402
0.037681241862090
0.031872267648686
0.019817600630070
0.005267569249886
-0.007297128757531
-0.014290704807842
-0.014587193805191
-0.009913398773201
-0.003282880353502
0.002992259560667
0.007758247258093
0.010081076303339
0.009045923382476
0.004706429900748
-0.001903834913045
-0.009851474414512
-0.018470307281799
-0.026702651829232
-0.033213622252672
-0.037145996889998
-0.038393806454938
-0.037296057886363
-0.034517504054325
-0.031231697926349
-0.028730601195037
-0.027568679483714
-0.027090372349278
-0.025446720429900
-0.020715798108991
-0.012806263349896
-0.003812733703661
0.003385691510193
0.006410494366368
0.004213480762469
-0.002250386892079
-0.010109471610544
-0.015900818916808
-0.017666702150692
-0.016169954571538
-0.013918830753539
-0.013062916935452
-0.014050688572314
-0.015885037762015
-0.017461693440616
-0.018451056406388
-0.019118383883738
-0.019550906192619
-0.019051799514974
-0.016770694647743
-0.012777803215396
-0.008081653458401
-0.004487164055690
-0.004333033007050
-0.008670545951917
-0.015466594137051
-0.020471245459477
-0.020169693857950
-0.014065086000017
-0.004414990760312
0.005636475247845
0.013334186665047
0.016665107131298
0.014660617645823
0.007895743458625
-0.001165747274524
-0.008896899742198
-0.012449245842624
-0.011219288342500
-0.006673668200823
-0.001245359577312
0.002665808946427
0.003431804399708
0.001089069461493
-0.002228961643173
-0.003612012166270
-0.001559236111620
0.003183309225648
0.008361556744641
0.011424555046617
0.010655678184689
0.005996351812635
-0.000766533797094
-0.006904303659750
-0.010386558800570
-0.010686792403117
-0.008362088701916
-0.004489518356009
-0.000042022964326
0.004764092311842
0.010216738401932
0.015979229983391
0.020239761241473
0.020470442628139
0.015809742380939
0.008715103768743
0.003869330642425
0.004997843750186
0.012124313824245
0.021911531684580
0.030676033349979
0.036580125142673
0.039514804584854
0.040327902922605
0.040534219172927
0.041935117897232
0.045469477300460
0.050241804653636
0.054459748737855
0.057219510503107
0.058290378094513
0.056776090462196
0.051601481955556
0.043009606382153
0.032670938448065
0.022484849707151
0.013282028115972
0.004752264480943
-0.002899506910345
-0.007694401464273
-0.007231555273928
-0.001245861198109
0.007961413448399
0.017502423776374
0.025441225779253
0.030809287927129
0.033281680184229
0.033119936771086
0.031120662177790
0.028039309265544
0.024026352939003
0.019225794608014
0.014306749897083
0.009732347879823
0.005539122545484
0.002104675742475
0.000226099004039
0.000493294708285
0.002800666387659
0.006183781788107
0.009238224382619
0.011083357813761
0.012086257808523
0.013355820880615
0.015126574298593
0.016037531755488
0.014504784357054
0.010295360138665
0.004478180254365
-0.001599769479636
-0.007127215164139
-0.012029157051443
-0.016798206511615
-0.021954943364802
-0.027048957988161
-0.030541338270434
-0.031103620375157
-0.028740638597675
-0.025180815369684
-0.023486039357860
-0.026111284437109
-0.032621151419986
-0.039549917625325
-0.042604517562555
-0.039188935083231
-0.029464311194299
-0.015923850428224
-0.002402178866068
0.007344339991693
0.011336311937294
0.010341540381568
0.007488194280612
0.006559898327449
0.009755588700843
0.016478489526902
0.023993821638413
0.029345951004035
0.031108923945933
0.029569278364835
0.025418201774305
0.018980645757105
0.010809951931840
0.001797989226183
-0.007502584932675
-0.016741670788141
-0.025006275721770
-0.030542420863250
-0.031447685580670
-0.026939156367041
-0.018164340723500
-0.008196763242562
-0.000919447146406
0.000963481014261
-0.002987159220400
-0.011140769673917
-0.020257590061580
-0.026803187243392
-0.029213367390160
-0.028944893457822
-0.029007093201344
-0.031346202149887
-0.035495756638807
-0.039266225056084
-0.040322527204061
-0.037702830218923
-0.032709750249362
-0.028314462490612
-0.027171430100366
-0.029772880753931
-0.034094451298033
-0.036901591226480
-0.035848063605809
-0.031054110342496
-0.025110008390456
-0.021016523176010
-0.019692458303597
-0.019771813048842
-0.019273710613881
-0.017216027412762
-0.014500898596988
-0.013145903133673
-0.014140270297665
-0.016225393605024
-0.016746656870105
-0.013799711333024
-0.007848135291425
-0.001327737860155
0.002898112835470
0.002837275687637
-0.001674678222464
-0.009006948516409
-0.017017266317819
-0.024002948586240
-0.028578230941116
-0.029503578827599
-0.026124355499529
-0.018699020640103
-0.007855378630433
0.005724009076932
0.020438719774846
0.033649339025748
0.043352541999819
0.049151722378337
0.051367000437530
0.050140744419265
0.045318299607939
0.036949582166371
0.026504141530842
0.017354543200858
0.013097111539372
0.014898299779546
0.020434893916362
0.025453556004628
0.026363240035683
0.022261308977798
0.015723736174545
0.011097408289830
0.010978736367611
0.014200883797419
0.016627755400588
0.013709191591206
0.003480084694572
-0.012231022773084
-0.029355033867942
-0.044019240829601
-0.054257030492429
-0.060444956951255
-0.064248072621590
-0.066922003452308
-0.068206371369759
-0.066567082493730
-0.060606029931793
-0.050539782865703
-0.038814725032194
-0.028998891319509
-0.023319168802695
-0.021722757360828
-0.023489944459444
-0.028528610270270
-0.036756738122619
-0.046870368050878
-0.055952399038252
-0.060626610657801
-0.059071434805097
-0.052090289171934
-0.042397482281483
-0.032880411467168
-0.025220601611446
-0.019721011900807
-0.015832711243281
-0.012493144236953
-0.008422128379534
-0.002753379296298
0.004365866718109
0.011717136518433
0.017414199465155
0.019458905073175
0.016787328179832
0.010717312385219
0.005195917274010
0.005033782480996
0.013258406603052
0.028895936315783
0.046553767068848
0.058941666880522
0.061272880939518
0.054609378704272
0.045540438323014
0.041977710951540
0.048062720417378
0.061756208536718
0.076079533148312
0.083156021353424
0.079097742179350
0.066145578423928
0.050374847812897
0.037641095016014
0.030982082124908
0.030074843278292
0.032111243807167
0.033742727565371
0.032824258781449
0.028589401662745
0.021483820344471
0.013659058886993
0.008508421154300
0.008887344773916
0.015413485344179
0.025607695819135
0.034843220960788
0.038913612172547
0.035972348924104
0.026993445115548
0.015351151363999
0.005315046710928
-0.000123899390642
-0.000338625221024
0.003512754612250
0.009628319955596
0.016589085755957
0.023987653284549
0.031799740003494
0.038883112396988
0.042856957721461
0.041791069328211
0.035451154970281
0.025284732286143
0.014121043178549
0.005123973473110
-0.000246329471355
-0.003001245069785
-0.005025082100715
-0.007112036656614
-0.008535327672658
-0.007889811730613
-0.003935825801287
0.003593967476368
0.013045836967374
0.021120212013863
0.024577083431664
0.021910818981417
0.014212192817073
0.004564385417256
-0.003785095350442
-0.008848687867332
-0.010411785270045
-0.009889713079325
-0.009600926603814
-0.011650269199491
-0.016570846455007
-0.023020721310953
-0.029246263270342
-0.034241599914592
-0.037527673373323
-0.038833702558291
-0.038204697538852
-0.036302409171662
-0.034614905480170
-0.034829250240419
-0.037743123399679
-0.043263495010015
-0.050670918489745
-0.057986974189958
-0.062945157593042
-0.065219434518247
-0.066124622841730
-0.066811558854937
-0.068028213946232
-0.070977935289596
-0.075978221548177
-0.079843308394313
-0.077781797258439
-0.068111598876870
-0.053775641844396
-0.040263363235856
-0.032158112334725
-0.031172408774294
-0.036162143972646
-0.043712413267752
-0.049596700932775
-0.049968081727418
-0.042396037827902
-0.028080510168273
-0.011523171782224
0.003253746908552
0.014401465417644
0.021210749104051
0.023806129875179
0.023422258734037
0.022292779083622
0.023029756935291
0.026874185236285
0.032298704577047
0.036411172309008
0.037852621643267
0.037526934228500
0.036623463774877
0.034869060568926
0.030742165957482
0.023068437336464
0.012728159381058
0.002664771571288
-0.003659667894979
-0.003319285740987
0.005037929390354
0.019319113899272
0.033694146703379
0.042001822966194
0.042062597667721
0.036328797747268
0.029538626404494
0.026004170016826
0.027289527337230
0.032098816554475
0.038340524536871
0.044467125778410
0.049056901026597
0.050247933890832
0.046447173863362
0.037444368584010
0.024707688992870
0.011064928307381
-0.000090922362692
-0.006053639731145
-0.005695325638233
0.000220680138005
0.008781637562549
0.015469689292125
0.016297019675172
0.010469451118844
0.001575516100315
-0.004611506351821
-0.004711624081528
0.000178327602675
0.006637833907554
0.011507537251127
0.012755908310688
0.009762792021669
0.003727457840230
-0.002644670214310
-0.007120940442563
-0.009628314598725
-0.011419146175747
-0.013568431582436
-0.016636843453699
-0.020530932979138
-0.024226701332220
-0.025836430753181
-0.023225916509812
-0.015794515771558
-0.006301139126674
0.000081698670518
-0.000611705023744
-0.008177948426038
-0.018184939571418
-0.024601901050848
-0.023733567788497
-0.016851874921579
-0.009278974237286
-0.006640532038604
-0.010845662886602
-0.018397167541596
-0.022525376524002
-0.017769691127510
-0.003706140282040
0.014424166478465
0.028575332982094
0.033166456102403
0.028796984627789
0.020234189608546
0.011449175514774
0.003561993711396
-0.004125638837707
-0.012254518531474
-0.019707560663191
-0.023513156310508
-0.020676919372466
-0.010567169536500
0.003682795801256
0.016260248308073
0.022100965890138
0.019755493049868
0.011487440787603
0.001486211713711
-0.006392979206498
-0.010760486739263
-0.013226075060714
-0.016484646875880
-0.022014168976225
-0.029260781958478
-0.036020220740635
-0.039935744576050
-0.040308379992316
-0.037859775560429
-0.033031823015438
-0.025520662339221
-0.015126142787160
-0.002981732919953
0.008164296866817
0.015815648413852
0.019535787086224
0.020574701101405
0.020535104464561
0.020316287473873
0.019656847028596
0.017858575131789
0.015139726115541
0.012767967945216
0.011874561231901
0.012748326942328
0.015185334203740
0.018855366555642
0.023143903694334
0.027398528113475
0.031701500107200
0.036646302364849
0.042427610790013
0.048919363495291
0.056187965018194
0.063990338643830
0.070864941705516
0.074618103204811
0.074046845027008
0.069732815089566
0.063183823436592
0.055632450634103
0.047552662442056
0.039072711395655
0.030735855270426
0.023579566533763
0.018425251798470
0.015349348830390
0.013631466826127
0.012091195468843
0.010096730027411
0.008448000391604
0.009087098510927
0.013786888737675
0.022419745043250
0.032225027156593
0.039149152659795
0.040225504908570
0.035250043902010
0.026468212621235
0.016728156314641
0.007935799870164
0.000271551481992
-0.007371290821342
-0.015179743660485
-0.021117938583763
-0.022777050564340
-0.019871483144775
-0.014575695020788
-0.010096886036327
-0.008459376146694
-0.008948114686482
-0.009426957795385
-0.009262269311598
-0.010029205965905
-0.013692368326183
-0.020779326037200
-0.029626148480302
-0.036918553493473
-0.039877558424676
-0.038474844164915
-0.035161197873563
-0.032606694069022
-0.031914369735497
-0.032253243762226
-0.031766982023480
-0.029135255850769
-0.024552701997101
-0.019777929633829
-0.017452451868612
-0.019519259563851
-0.025664969244333
-0.033358744695488
-0.039149084625310
-0.040041200601318
-0.034891687437857
-0.025217135616376
-0.014426543574656
-0.006143222345585
-0.002560419468341
-0.003121212035648
-0.004741021395725
-0.004353070916710
-0.001523844012482
0.001883995895764
0.004317924226392
0.005747833064085
0.006355956596214
0.005141196362665
0.000467446920778
-0.007844105630911
-0.017437133786551
-0.024901293572465
-0.027938934343341
-0.026369998077552
-0.021987427765495
-0.017385778083744
-0.014318712384746
-0.012586944747377
-0.010228640193252
-0.005113942729015
0.003626233966431
0.015145306506268
0.026599321062600
0.034174322047624
0.035789805757890
0.032468654375142
0.027262365793548
0.023278138637919
0.021922344520603
0.022578854609508
0.023861803281002
0.024636168927580
0.024078584207580
0.021742832433082
0.017956513749423
0.013834738285287
0.010744919807715
0.010057607544064
0.013203105601576
0.021039564826356
0.032828553311093
0.045751006762752
0.055282046571303
0.057206171312023
0.050449344240441
0.037843410582187
0.024416666050210
0.014990536657631
0.012129472368637
0.015453751040624
0.022517046990521
0.030087825956477
0.035439179728792
0.037371859726661
0.036360115261773
0.033988442445366
0.031587441719468
0.028973437903881
0.025104243964881
0.019528900313497
0.012692024151102
0.005380829335496
-0.001987051682007
-0.009506077855983
-0.017100168104979
-0.023969639957054
-0.028574664266384
-0.029140531140097
-0.024880835048015
-0.017087571222111
-0.009171264807133
-0.005427618008928
-0.008574735870904
-0.017880621607490
-0.029578172379365
-0.038664149265045
-0.041373821941570
-0.037428454005028
-0.029791080565731
-0.022392196944937
-0.018106402346580
-0.017642859497104
-0.019780342922295
-0.022739062945569
-0.025556597440947
-0.028883775673500
-0.034380598911333
-0.042718545848283
-0.052226920520455
-0.059594242127792
-0.061914928906896
-0.058420577376815
-0.050581104778010
-0.041024646991395
-0.032486889267000
-0.026772980566744
-0.024128527243002
-0.023673967621930
-0.024105467809931
-0.024378359585963
-0.024458334531447
-0.025263098864650
-0.027641629475413
-0.031195952167513
-0.034019464971028
-0.034100208755471
-0.030956841725759
-0.025603940580825
-0.019622079021511
-0.014545220190305
-0.011500069699905
-0.010958255645334
-0.012118513508755
-0.012581425879974
-0.009909028190163
-0.003731897045429
0.003912626923979
0.009756833573370
0.010904353285968
0.006287995344351
-0.002345388031490
-0.010772547367318
-0.014895701826618
-0.013791511663056
-0.010093233869421
-0.007681951554336
-0.009013953908303
-0.013961740927879
-0.020487024109308
-0.025993611983616
-0.028445582351530
-0.027206416274869
-0.023371323107128
-0.019327832192261
-0.017375518761231
-0.017729145517541
-0.017894076348301
-0.014683934573092
-0.007116962520222
0.002286900345022
0.009087882017911
0.010378455700235
0.006931465731040
0.002397875362448
0.000677051433377
0.003401289385432
0.009258223720201
0.015101042026018
0.017611570324219
0.015256715957622
0.009578675347695
0.004223531283166
0.002491589681847
0.005473063231769
0.011955244452806
0.019993711331768
0.028358637743629
0.036426940225055
0.043556188795527
0.049074662394737
0.052380913892818
0.053015447448022
0.050959075462624
0.046744249637267
0.041555110089734
0.037320034678002
0.035894263313441
0.037787708724750
0.041642289072175
0.044683789152484
0.044002344432757
0.038003223375857
0.027274043254045
0.014771670108581
0.004942024291296
0.001551210047007
0.005539649671030
0.014625653064526
0.024849644951898
0.032534415113381
0.035484996865610
0.033694822158442
0.029026552632582
0.023286341741691
0.016816631249392
0.009218670557273
0.000631797959407
-0.007988515653084
-0.015408621165720
-0.020846174177305
-0.024536792428848
-0.027975431574691
-0.033237756059460
-0.041166196612938
-0.050118719804470
-0.056575295893746
-0.056764972543304
-0.048737376185109
-0.034316739559356
-0.019049689684811
-0.009459682467612
-0.009299860107978
-0.017315241387343
-0.028080114211501
-0.035072656171418
-0.034362672456755
-0.027359203674755
-0.019940335765322
-0.017933031403841
-0.023015586973503
-0.031748006018120
-0.037904337793320
-0.036643716352444
-0.027222512757631
-0.012968323500393
0.000544088205721
0.008617064604602
0.009937401752557
0.006470678190177
0.001443207868037
-0.002885577387684
-0.005881773864568
-0.007555945125080
-0.008150298073267
-0.008436616973349
-0.009277772568813
-0.010789834906314
-0.011885827183430
-0.010772642403388
-0.006493864652716
-0.000022871392251
0.006160372990696
0.009551255045422
0.009283376823913
0.006789841317745
0.005153022835885
0.007726593346084
0.016110770700893
0.028701748602934
0.041623019748544
0.051048954182183
0.054826812225374
0.053206691372422
0.048879796909639
0.045716261347859
0.046451353583858
0.051198448030921
0.057976662298767
0.063875216266869
0.065983549586532
0.062863799347301
0.055473831599845
0.046397599203887
0.038574168592322
0.033925053113160
0.032161009792571
0.031384061077621
0.029928725304470
0.027290136312073
0.023952295762210
0.020968077110476
0.019457645836831
0.019925651975444
0.021830819046192
0.023766568524305
0.023849026774391
0.020332249757474
0.012536080870903
0.001072179620245
-0.012610084040610
-0.026165565852777
-0.036519237111279
-0.041196707020584
-0.039723510886621
-0.034413535913937
-0.029893813352576
-0.030134275165862
-0.035063730434915
-0.040597481854938
-0.041813737789684
-0.036214928060110
-0.025234856249304
-0.013525912349673
-0.006300056581709
-0.006214981466970
-0.012023386139766
-0.019817135638884
-0.025832831625239
-0.028975239103455
-0.031014056256540
-0.034187055253910
-0.038941844005198
-0.043972187711337
-0.047434539841498
-0.047957728530834
-0.045407680631599
-0.041106813294500
-0.037150630860687
-0.035088316068608
-0.034718908779316
-0.034230005412154
-0.031877847479801
-0.027459551106783
-0.022534515081982
-0.019868595303489
-0.022069755373271
-0.029751555123443
-0.040784412728857
-0.051479483024520
-0.058638955617604
-0.060529917958775
-0.056536659680671
-0.047092441674912
-0.034223926403342
-0.021607959313278
-0.013395214156010
-0.011699297481360
-0.014663616226182
-0.017799718285508
-0.017500284340496
-0.013152600553191
-0.006591370530744
-0.000175487254940
0.004506324777911
0.006699949835846
0.006518579133863
0.005094341314953
0.004194697294247
0.005371115122841
0.008745171176062
0.012622916824807
0.014899154477602
0.014647610823819
0.012526251948071
0.010108101128246
0.008710815433512
0.008886657254476
0.010647367158946
0.013624030916963
0.017542269221305
0.022769856994190
0.029693491302921
0.037635303340790
0.044763242605039
0.048886072421538
0.048659922228375
0.044572647194885
0.038753193341079
0.033786556903124
0.031587273138282
0.032836923586191
0.036805470143555
0.041545479754286
0.044986222426510
0.046328720199514
0.046122564478010
0.045200581107852
0.043744428368656
0.041032215174470
0.036282272998588
0.029956398227718
0.023764103422018
0.019476244811630
0.018163386896050
0.019963720441657
0.023613638347249
0.026184916954355
0.024391495547125
0.017179496066182
0.006807321026774
-0.002796881307994
-0.008259111814115
-0.008144777026921
-0.003690654916809
0.001646107821851
0.003846524018119
0.000171257598811
-0.009519423401158
-0.022679753569493
-0.035366455205730
-0.044110471508857
-0.047454809218723
-0.046035261954961
-0.041410515312541
-0.035457184972429
-0.030374393599033
-0.028008777045786
-0.028929988502705
-0.032253017830905
-0.036070916538693
-0.038016475476795
-0.036256088265421
-0.030830913705031
-0.023643873638616
-0.017005092376037
-0.012672348432471
-0.011416678934973
-0.012493357623154
-0.013961741520071
-0.013874777803179
-0.011001915133219
-0.005200525146353
0.002037311010908
0.007930050241809
0.009892010478465
0.007011085633882
0.000725004202950
-0.005657949937655
-0.008245772957346
-0.004395864025166
0.005296026630869
0.016909651244171
0.025668238924220
0.028588974928601
0.025733721402636
0.020066837257054
0.016082134119870
0.017379325199004
0.023995382514941
0.032106217853001
0.037171670521003
0.037302176661808
0.034140347685837
0.031372113157159
0.031991349384402
0.036151639990654
0.040897306993200
0.042196982419507
0.038552094930421
0.032745757250321
0.029552862711266
0.031952446008101
0.039062691206351
0.046819180168666
0.050546640816416
0.047504966417475
0.038294766194694
0.026591559581239
0.016701484764714
0.010614117456926
0.007398479842598
0.004988030088820
0.002242628588188
-0.000174379097726
-0.000512918549947
0.002552456468712
0.008922590225338
0.016756662549731
0.022729456433739
0.023431336507224
0.017583865126651
0.007237656135920
-0.003559830437394
-0.011572715261894
-0.015785652983702
-0.016715867008140
-0.015683256456387
-0.014676123728613
-0.015572254774754
-0.019145927892095
-0.024864784075536
-0.030927510880945
-0.034662252126265
-0.033881649698536
-0.028525028439142
-0.021358532733106
-0.016611230465121
-0.016971062586241
-0.021390688610294
-0.025631057946752
-0.025117653349414
-0.018180624317836
-0.007680770509206
0.000450246528350
0.001261850883129
-0.005746730782061
-0.016360867025736
-0.024331867910260
-0.025504344587791
-0.020799021056418
-0.015278845329680
-0.014223214457960
-0.019328230321524
-0.026961558440401
-0.030164263886785
-0.023893210320846
-0.009170002867387
0.007225072042470
0.017117330015754
0.016337146406697
0.007050115108480
-0.004583051726304
-0.012932892920873
-0.016115085879942
-0.016150143940311
-0.016692515814903
-0.020201718936209
-0.025980228068223
-0.030480854811982
-0.030257355733571
-0.024521079417282
-0.015120540826239
-0.005489053811341
0.000854144063348
0.002422490704552
0.000818934678761
-0.000393523448674
0.001814946540771
0.008032040750399
0.016478622111933
0.024507102580622
0.030202118692428
0.033177204152108
0.034216468388317
0.034367229007964
0.034087640288384
0.032641514449191
0.028573985332269
0.021048796554699
0.010526324225917
-0.001325767592265
-0.012335565109423
-0.021026896337191
-0.026863909782111
-0.029697726027701
-0.029873825779874
-0.028188617634181
-0.025104493770140
-0.020724191268697
-0.015578110931886
-0.010768552513535
-0.007453474971121
-0.006382328829998
-0.007440580419393
-0.009523501128551
-0.011631111641828
-0.014233245483188
-0.018705358893538
-0.025468171297076
-0.033259186227146
-0.039802630147470
-0.042958544557653
-0.041663799527075
-0.035906606623366
-0.026281941477036
-0.014100434724348
-0.001314097832093
0.010086828218375
0.018495655612852
0.023174494238954
0.024618805298633
0.023996499303990
0.022391566584863
0.020645199539809
0.019155756020419
0.017372759228512
0.014054347243262
0.008737081558109
0.002756160395390
-0.001495922097851
-0.001942365737532
0.002323593454738
0.010465294592451
0.019885659489394
0.027247219284465
0.029847452616377
0.026910665739624
0.020472016747842
0.014529664364905
0.012478937647883
0.014930151496864
0.019445505101264
0.022244260000461
0.020901637005376
0.016107509448564
0.011022091001421
0.008968263096709
0.011478730473376
0.017666093335550
0.024761256249304
0.030054367083825
0.033223699970629
0.036336379789299
0.041379063605182
0.047757124995015
0.051974700600595
0.050450938062387
0.042803819882246
0.031918218168075
0.021606804876974
0.014594555403857
0.011564988563139
0.011227693088083
0.011334840494713
0.010142164161094
0.007469863222002
0.004456453853685
0.002270268466687
0.001227216456245
0.001062376536964
0.001731874604275
0.003465287525082
0.005866843929760
0.007677591652661
0.007734062327923
0.005927767371036
0.003702260718272
0.003316993736839
0.005491039356596
0.008271005815943
0.008773045175223
0.005338696105232
-0.001340603664474
-0.008129643190285
-0.011165165679779
-0.008343920052226
-0.000627074499722
0.008216155260401
0.013623180803821
0.013410146914859
0.009428943692951
0.005516737016425
0.003564896788569
0.002059969950029
-0.001797421699227
-0.009113457811931
-0.017910288353092
-0.024234695391739
-0.025153829143653
-0.021027239959975
-0.015000109428739
-0.010633094119102
-0.009425651206322
-0.009721022631417
-0.008250843400771
-0.003124985995845
0.004512763353563
0.011241598376116
0.013724187979021
0.011077839420707
0.005519738615780
0.000586449124983
-0.001706994717513
-0.002202625164694
-0.003544188624932
-0.008237203506773
-0.016995717108597
-0.027898512639082
-0.037424257785077
-0.042745692573247
-0.043133664461769
-0.040058233047795
-0.036121331674312
-0.033095981890386
-0.031060390031164
-0.029228236950123
-0.026963818955174
-0.024339150073668
-0.022084863072824
-0.020959154456131
-0.021297407354356
-0.023006766570352
-0.025658866990592
-0.028628545039101
-0.031281433624483
-0.033101172842138
-0.033811829558980
-0.033749334351942
-0.034212096119073
-0.036718138201103
-0.041587006457854
-0.047767388301701
-0.053558707357750
-0.056941143810352
-0.056276679774693
-0.051316110264608
-0.043283724462694
-0.034189925823474
-0.025789413527004
-0.018753771820521
-0.012967518694791
-0.008486683744340
-0.006173662736773
-0.007555115548438
-0.013416878474194
-0.021986000561497
-0.029321903980597
-0.032331533993786
-0.031075380574324
-0.027986255869826
-0.025544562255070
-0.024880726440956
-0.025509246546065
-0.025719625720641
-0.023954575177078
-0.020128890798822
-0.015388281407583
-0.011192821802884
-0.008892054431671
-0.009322399322824
-0.012288716928717
-0.016565538780787
-0.020319443096926
-0.021428242037784
-0.018002080373255
-0.009497642495350
0.002323195674208
0.013570623965213
0.020007815441412
0.019871016943770
0.015392106515626
0.011350230654415
0.011838082110670
0.017515750197483
0.025126908246864
0.029960709431008
0.029389556522992
0.024282236807097
0.017749851867295
0.013054267307047
0.011800651859046
0.013116718520497
0.014594034827108
0.014465773058398
0.013222320326525
0.013351507724780
0.017598127703221
0.026963646351123
0.039495659064233
0.050893029738408
0.056912949637017
0.055882173663765
0.049718178170011
0.042850265886822
0.039297338809480
0.040038457574707
0.042951428857721
0.044627373910807
0.042345201189951
0.035556089817821
0.026159518105967
0.017391610539680
0.012014372885733
0.010714535534342
0.012129620847355
0.014381110389319
0.016229211898407
0.017435391231888
0.018608838447237
0.020309446694318
0.022081822222315
0.022215849204595
0.018738040431079
0.011349808336451
0.002142163735293
-0.005656250494621
-0.009244683543133
-0.007605641769541
-0.002189894628033
0.004090915561720
0.008534403429459
0.009607553257750
0.007166829560685
0.002150255870754
-0.003734363102671
-0.008499506383640
-0.011159787924801
-0.012545391684211
-0.014392535506304
-0.017552464521354
-0.020953545026309
-0.022557072449061
-0.021423837945884
-0.018568990933763
-0.016274244922328
-0.016860063052252
-0.021450312075133
-0.029506969156518
-0.039136267057621
-0.047238849208174
-0.050236463978536
-0.046031232480200
-0.035450686460990
-0.021979336776783
-0.010084978458493
-0.002801991191317
0.000006588276777
0.001293316626281
0.004283804176722
0.009691583927724
0.015138102639919
0.016770941019222
0.011822010174826
0.001189691239980
-0.010213677878492
-0.016493815389602
-0.014365493176087
-0.004833876768838
0.007315020182519
0.016490991270780
0.019955691814953
0.018800639247482
0.016111201523285
0.014638367226596
0.015414615769642
0.017486932835941
0.018591183924106
0.016952618475134
0.013029451636021
0.009129432463808
0.007607948351417
0.009402652963394
0.013551478855816
0.018345004916351
0.023108638393322
0.028708388044712
0.036781121293684
0.048203794310057
0.061466790433433
0.072561873656570
0.076994117569156
0.072596158839253
0.061263584056051
0.048183808951351
0.038836256053971
0.036028529445928
0.038667767065281
0.042807217675484
0.044643244445381
0.043010438372994
0.039336977590577
0.035790507895565
0.033496784257795
0.032397398639849
0.032227154154138
0.032824456315090
0.033939776877559
0.035284669570916
0.036342968820977
0.036181201811597
0.034140008589315
0.030843881151583
0.027857375199572
0.025958724126815
0.024442235889565
0.022160202258516
0.018205867185791
0.012055613554657
0.004145883705178
-0.004073399566179
-0.010865289002155
-0.014897487570982
-0.015914609736423
-0.014987928369534
-0.013688068527289
-0.012944310398099
-0.012931232621914
-0.013798536519198
-0.015696279914007
-0.017936392691493
-0.019078523908280
-0.018252110616500
-0.015529588013243
-0.010998002055901
-0.004888135445260
0.001254365546084
0.004771090875301
0.003578531371195
-0.002457999202742
-0.011314995206278
-0.019636870226953
-0.024170768597515
-0.023391874606589
-0.018758924887510
-0.014455022167168
-0.014952091888675
-0.021583353953830
-0.031001977513795
-0.037425658866131
-0.036639128053562
-0.028552522972936
-0.017368829166477
-0.009332853088454
-0.009049201471806
-0.016710761077779
-0.027738590276142
-0.035318543216791
-0.034989826041152
-0.027839021800530
-0.019475276687311
-0.015831823921073
-0.018991114484837
-0.025869210349247
-0.030308673290674
-0.027176341348171
-0.016602524007602
-0.004872125190217
0.000041034064041
-0.005721999692628
-0.019638625920434
-0.034810775096036
-0.044537735233850
-0.046407379764846
-0.043288434593107
-0.040697019386509
-0.042199550019901
-0.046778794489171
-0.050235487819575
-0.048362731401076
-0.039794871515039
-0.027481589221056
-0.016897888036594
-0.011979545287017
-0.012927375587651
-0.017102173306774
-0.020990107104609
-0.021965490232156
-0.019423326941457
-0.014754031996286
-0.010360359373153
-0.008305192656644
-0.008990716896312
-0.010855949964948
-0.011522912354447
-0.009319751598580
-0.004250298976244
0.001931643751295
0.006725135364859
0.008560498701077
0.008052316023429
0.007799232354347
0.010704545335966
0.017981623687474
0.028464261999869
0.039622346947076
0.048992102833013
0.054955868360155
0.057066055672729
0.056188879200794
0.053964183740740
0.051344892643163
0.047541234142688
0.041012812090784
0.031610993043359
0.021184891314318
0.012334434787786
0.006995500613294
0.005387471769631
0.005753654663087
0.005570666952127
0.003359108059352
-0.000159016494330
-0.002318283690309
-0.000702706985599
0.004347950365954
0.009828747335178
0.012686828078484
0.012138949760144
0.009733057846784
0.007748581375930
0.007816127817994
0.010395944379036
0.014803652014613
0.019408321314343
0.021949661625676
0.021012578685230
0.017556753616345
0.013734645008583
0.010644162766007
0.008184592902136
0.005885108036202
0.002988254968324
-0.001231484713080
-0.006566926355766
-0.011578492290047
-0.014351273304936
-0.013654016477267
-0.009612104661005
-0.003854237217582
0.000940616989332
0.002504880046478
0.000351138555703
-0.004243573916009
-0.009411372565501
-0.014016048707025
-0.018007298354748
-0.021831420116052
-0.025874280563505
-0.030047439623023
-0.033589149755532
-0.035681758946586
-0.036158131958893
-0.035357616124160
-0.033713472967820
-0.031571043527400
-0.029337196500354
-0.027867337981752
-0.028153644011003
-0.030281712105573
-0.032953420309276
-0.034228878356012
-0.033205810397629
-0.031132639829229
-0.030340354940547
-0.032128253951936
-0.035525598543688
-0.037369542801102
-0.034189377762847
-0.024757560286088
-0.010696347863752
0.004454203878946
0.016229375026749
0.020969787495803
0.018084667332118
0.010618763629460
0.003046249148038
-0.001765652155424
-0.003575440917665
-0.003512989654074
-0.002464258531710
-0.000460824772450
0.002792333035121
0.007218952968535
0.012238364422197
0.016494179620375
0.017760320560144
0.014442156027058
0.007398533446643
-0.000236686129414
-0.004961606784520
-0.005247403301652
-0.002740359118850
-0.000856580930613
-0.002381034495861
-0.008338793008886
-0.017458782380312
-0.026128945379204
-0.030111717154185
-0.027185669164281
-0.018711920775461
-0.008834298993591
-0.001751475320184
0.000644371947062
-0.000612741017540
-0.002693764789704
-0.003265529838291
-0.002207877327985
-0.001569676869302
-0.003948188967869
-0.010384429473730
-0.019594453593709
-0.028718529054818
-0.034489397291569
-0.034973305792279
-0.031080298937616
-0.025877487532294
-0.022235075086241
-0.020861160053951
-0.020009405423620
-0.017154655171348
-0.011075061481969
-0.002419371641744
0.007021970503754
0.015285019813174
0.020839386627016
0.022836723880671
0.021643713429053
0.018942795025726
0.016387262487977
0.014542527891387
0.013452571445900
0.013070852366844
0.012856364695776
0.012276523681333
0.012054402928614
0.013900484953313
0.018578316849253
0.024886600403761
0.030844180102435
0.035096584769538
0.037215874130207
0.037856547503023
0.038585269072368
0.040673306355988
0.044153635562825
0.048111520023520
0.051309103926843
0.052567925244739
0.051300005771046
0.048188739363221
0.044927690645995
0.042519220893313
0.040138695587009
0.036096377828837
0.029499719704512
0.021355603985625
0.014551444533966
0.011879729862623
0.013689432516921
0.017521297966609
0.019376946540463
0.015908422540092
0.006882385437946
-0.003952649264335
-0.011018739878260
-0.011210424266495
-0.006499241885891
-0.002177036992531
-0.002619574200679
-0.007858526235009
-0.013747303166885
-0.015841146320374
-0.012863089858772
-0.006961070923244
-0.001898036462524
-0.000685434019738
-0.003917532407572
-0.009751316038774
-0.015329175506810
-0.018652421046742
-0.019360098678786
-0.018271409473069
-0.016956544985975
-0.017161928668276
-0.019665699242327
-0.023538208087516
-0.026456120395575
-0.026162289830124
-0.022395228934665
-0.017180935252991
-0.013170791676072
-0.011946369230147
-0.013073156027488
-0.014348243234536
-0.013536789446734
-0.009855784526252
-0.003822500466941
0.003138487989391
0.008411007389030
0.008900279880641
0.003116871297162
-0.007465673470372
-0.019030640547888
-0.027553840674090
-0.031250874984038
-0.031721626353097
-0.032463313111410
-0.035722146475156
-0.040538601993534
-0.043222327073404
-0.039862018138670
-0.029535377124586
-0.015198848228017
-0.001540236947739
0.007553610503854
0.010759382054186
0.009947544047319
0.008720761234425
0.010083661856364
0.014859272559268
0.020977788031101
0.024683706695559
0.023653894020391
0.018834323803084
0.013237416997373
0.009422014727697
0.007893260105909
0.007407748483250
0.006346080591086
0.003799354175941
0.000240308456730
-0.002459916991307
-0.002186119932489
0.002037543627394
0.009406747131649
0.017394747155065
0.022708926982054
0.023004140309372
0.018583397540278
0.012741187589208
0.009496395688278
0.010640367254452
0.015094482273282
0.020238150035779
0.023542723443110
0.023591751556824
0.020375150501517
0.015431390729772
0.011195051034039
0.009232110813893
0.009272187605895
0.009473266801593
0.007191104295326
0.000888273353150
-0.008305948640206
-0.017644300863531
-0.024760325547389
-0.028579316711856
-0.029514607099892
-0.029012665657381
-0.028374160143548
-0.028036234832198
-0.027762516201193
-0.027113115905417
-0.026050702314747
-0.025338977272728
-0.026378675824179
-0.030367071312547
-0.036788909952161
-0.042664573757813
-0.043812723916019
-0.037477657012013
-0.024526351738207
-0.009138260149770
0.003720221067798
0.010704818652461
0.011729751958794
0.010134445116891
0.009962629918563
0.012628350617005
0.016343550005014
0.017767325681021
0.014253717585473
0.005806476482964
-0.004603874187801
-0.012512780275554
-0.014354661398186
-0.009693269816690
-0.001357453559919
0.006618051964760
0.011246570509788
0.011942485263046
0.010475909471298
0.009690089550637
0.011941880393308
0.017684665466580
0.025156220377377
0.031944361881194
0.036522657024800
0.038049808825495
0.035763641255931
0.029633013562301
0.021469006872816
0.014398853838890
0.010857368995930
0.011383475232670
0.014839203868888
0.019148299515123
0.022558633703285
0.024911845516574
0.027088361933520
0.029091159108209
0.029481584733476
0.026636401335086
0.020176240226254
0.011283496717265
0.001962989776764
-0.005507921844327
-0.009138161167397
-0.008724144812821
-0.006695560891006
-0.006665775014672
-0.010750742309016
-0.017720256449379
-0.023598981629228
-0.024452735255733
-0.018871578829892
-0.008676143523976
0.002064987484033
0.009518289485195
0.012327206158510
0.011759586869791
0.010221938814202
0.009376400926472
0.009203853269527
0.008747494565944
0.007242624558339
0.004421196896209
0.000398060707416
-0.004504103270196
-0.009851893808986
-0.014900352979015
-0.018552458288134
-0.019787501038003
-0.018313541793543
-0.015120847742219
-0.012272712920314
-0.011887782435878
-0.015218353025422
-0.022273749034546
-0.031805190978638
-0.041449526948736
-0.048263116065443
-0.049998586480463
-0.046386457405525
-0.039026137437663
-0.030139314941519
-0.021773208209477
-0.015187645260653
-0.009932939375582
-0.004382550626902
0.002321453932891
0.009230851985373
0.014223189203458
0.015602622719729
0.013100115340153
0.007335864658139
-0.000919017599079
-0.010747144545085
-0.020707637918605
-0.028577989084536
-0.032469001131845
-0.032458625864637
-0.029991334151981
-0.026170118891629
-0.021297629457798
-0.015099614420502
-0.007143883712034
0.002568252564655
0.013165447001602
0.022838310428119
0.029580482190883
0.032106023801941
0.030408935955316
0.026338804742800
0.022815346355175
0.021415852620328
0.021531104916231
0.022044852796269
0.022636985578683
0.023257944275739
0.023499544874520
0.023174192121516
0.022843641030131
0.023002565341887
0.023145074430123
0.022260636046221
0.019784438444099
0.015876792481956
0.011509512370575
0.008034901415716
0.005967632865789
0.004511394746581
0.002399004918930
-0.001154752798448
-0.005964042444134
-0.010770149924860
-0.013587957977617
-0.012859648227427
-0.009207926500796
-0.005434560032355
-0.004172683682405
-0.006402421479824
-0.011442509673561
-0.017013985511760
-0.020572016825939
-0.021361011850067
-0.020416786359257
-0.019105180454853
-0.018305451523639
-0.018302263741980
-0.018747264875716
-0.018601829729066
-0.016754766772441
-0.013175875980646
-0.008830011028870
-0.004484295269639
-0.000419602901152
0.003014812464651
0.005262912617742
0.006063214299369
0.006104429903115
0.006891099321623
0.009644639164380
0.014461234370370
0.020295659165869
0.025335646951712
0.027836919950195
0.027286085043856
0.024874015872223
0.022673584949785
0.021940486431591
0.022088326360234
0.021585345340698
0.019597380084695
0.016895362035599
0.015712380863712
0.018049868726928
0.023580001612158
0.029445641758020
0.031928303845072
0.029087029358675
0.022844485863917
0.017727490471323
0.016955606319117
0.020005883059048
0.023516292606014
0.024087530072951
0.020595304390664
0.014706508492410
0.009829001971569
0.008947743265177
0.012176861371043
0.016163753142800
0.016551454465001
0.011463213239969
0.002908936940201
-0.004850263096002
-0.008340095354938
-0.007009042414363
-0.003734324086953
-0.003375098895755
-0.008996021780671
-0.018845540180627
-0.027674807373460
-0.030394058794452
-0.024876705786809
-0.013495850703008
-0.002153007473034
0.003515842242866
0.001682514404076
-0.004695627474693
-0.009850464033026
-0.009316433828902
-0.003063172626247
0.005022509901298
0.010546576548787
0.011975005059253
0.011202284949749
0.011583254095590
0.015799856496715
0.023939152812110
0.032532908855375
0.036824607160218
0.034280715986458
0.025611109630545
0.014052337552865
0.004246538910915
-0.000039809427063
0.001701499846215
0.006551197630116
0.010400475852409
0.010673498891314
0.007510314858828
0.003243244560658
0.000852188419155
0.001715960489077
0.004518626310285
0.006775503052526
0.006757504575383
0.003908911991751
-0.001324327036954
-0.007562091973911
-0.012491994440804
-0.013584825869478
-0.010186289924116
-0.004599869027064
-0.000301226207756
0.000502240077693
-0.001871301935582
-0.004766536808927
-0.005244770668306
-0.002535641231381
0.001541759007099
0.004274767020359
0.004141049262243
0.001640505572308
-0.001512585154270
-0.003708362381084
-0.004280329560432
-0.003788237512558
-0.003590911099563
-0.004922777373520
-0.008263297439907
-0.013085741613147
-0.017998290011476
-0.021582492497351
-0.023070633730884
-0.022575590532337
-0.021387030452223
-0.021003652665211
-0.021403698145645
-0.021339872744660
-0.019709058549415
-0.016125439355020
-0.011383909782087
-0.007431946466260
-0.006292904704671
-0.009057084394515
-0.015440596557791
-0.023764735394220
-0.031441355180735
-0.036019306999891
-0.036627242480069
-0.034780576591165
-0.033320491984553
-0.034098413439101
-0.036554294762682
-0.038152226773650
-0.036221826334734
-0.030340080905566
-0.022957181950214
-0.017072153945016
-0.013700681965601
-0.011516381848513
-0.008453974155256
-0.003886012668645
0.001074797340348
0.004867710561931
0.006004225090255
0.003602437525339
-0.001587353654849
-0.007191302947513
-0.010245563963019
-0.008812473145836
-0.003440779683274
0.002787689806144
0.005693643508819
0.002547555057114
-0.005560910911277
-0.013919058391894
-0.017227505583907
-0.013083409816693
-0.003480811008910
0.006499026352902
0.011813059162483
0.010214709469048
0.002891518386956
-0.006758485351805
-0.015109232096454
-0.020328622852891
-0.023161765011197
-0.025782566425011
-0.029709775716382
-0.034688135438120
-0.039414034506805
-0.042304973902688
-0.041931868259589
-0.038490098787134
-0.034019459587810
-0.030244233336840
-0.027602763694491
-0.025912367937778
-0.024597969815119
-0.023191130477573
-0.022057944839475
-0.022253802455455
-0.024789379462660
-0.029561359584895
-0.034814832922046
-0.038107128687730
-0.037865463768901
-0.034213747091857
-0.028863073792520
-0.024354011664083
-0.022756497496473
-0.024391065478354
-0.027618971147451
-0.029940192358437
-0.029403437547150
-0.025449858942225
-0.019463374202842
-0.014521793348134
-0.013164743112793
-0.015225592165685
-0.018405958404455
-0.020016953997874
-0.018156048318642
-0.012683560303597
-0.005262025908934
0.001908852437556
0.007477535396865
0.011512340738844
0.014997838303016
0.018983674459436
0.023879238225177
0.028808763601631
0.032073361435868
0.032710054956192
0.031321596971587
0.029711977286240
0.029812065190692
0.032400074265463
0.036629331136426
0.040559055548679
0.042241448223678
0.041052206730659
0.038214769922001
0.035802755815072
0.035217165427840
0.036390874872995
0.037885761218115
0.037694615324652
0.034613741238477
0.029376750571715
0.024412010022973
0.022207819939558
0.024116676388947
0.030497484611348
0.040241973267899
0.050010442752701
0.055837552710980
0.055579878197892
0.049700133020196
0.040947654206259
0.032990689801696
0.028397742748581
0.027692787676222
0.029533845147099
0.031382413530518
0.030712167390873
0.026726708544252
0.021629312161503
0.019195982376563
0.021123706561558
0.025435079707774
0.028195906645774
0.025896839458631
0.017518421640581
0.006053976117491
-0.002603543486536
-0.003861807182549
0.001783587287043
0.009046824196788
0.011993026703263
0.008298883016786
0.000577230003716
-0.005469553025154
-0.005092464962618
0.001799925470967
0.010589959610480
0.015393864275481
0.013145375713529
0.005755495206434
-0.001373351663523
-0.003254002459527
0.001527597805189
0.010149567497353
0.017968659036411
0.021895658508248
0.021308544558985
0.017359219768407
0.012270769080508
0.007995683154698
0.005261863798954
0.003745689525401
0.002737984560224
0.002388954607757
0.004219871267068
0.009720250963971
0.018562185355228
0.027886407532622
0.033332962753440
0.031803200034315
0.023799366006357
0.013224433633149
0.005129236602143
0.003108670628309
0.007546550688431
0.015650123852269
0.023398368897539
0.027924637156708
0.028784656216999
0.027665257373748
0.027075272247849
0.028916663364378
0.033404816682944
0.039198964488361
0.044707826112882
0.048680910209620
0.050181319786224
0.048941857240637
0.045214393021730
0.039413081329313
0.032193056839596
0.024243197219575
0.016255035806649
0.009327810277846
0.004814693323021
0.003702402565409
0.006094331646679
0.011136725239895
0.017325996151086
0.022507596410306
0.024381256553159
0.022111701075827
0.016961995335544
0.011177387761359
0.007010162209294
0.006196787585389
0.008624206442919
0.011675187523330
0.012166649690760
0.008508159157547
0.001115380663238
-0.007748940912794
-0.014809439768173
-0.018031374215303
-0.018709505529420
-0.020526585575870
-0.025753130112566
-0.033129465704335
-0.039268767265277
-0.040889909354767
-0.036769696845395
-0.028989158038138
-0.021936133657966
-0.019467396372683
-0.022382499719041
-0.028031188086725
-0.032251806580971
-0.032172160219614
-0.028189859078375
-0.023728177583895
-0.022620340235881
-0.026145383303663
-0.032141395905546
-0.036867267134084
-0.037786233737845
-0.034889319054933
-0.030461960170778
-0.028015807978307
-0.030261516640403
-0.037000249381700
-0.045016857205563
-0.050428257954176
-0.050937148601445
-0.046321265693130
-0.038233214796158
-0.029493616654234
-0.022614337797750
-0.018700097720761
-0.017425385050543
-0.017645828287841
-0.017968712035741
-0.017369436894705
-0.016058300677358
-0.015506385291929
-0.017321625542617
-0.022044952009921
-0.028254633854873
-0.033055865027811
-0.034557144316144
-0.033521726026595
-0.032125766835408
-0.031595595535842
-0.031067626659413
-0.028421214565011
-0.022171840494256
-0.012712738017338
-0.002480337901082
0.004738841121244
0.005910166615379
0.001117017434199
-0.006432016211998
-0.012594797471847
-0.014728782107463
-0.013147605108448
-0.010321905761288
-0.008584549619372
-0.008769426871100
-0.009931813483437
-0.010068470822924
-0.007953636689678
-0.004025692466576
0.000470609434958
0.004583884942755
0.008212652251145
0.011925290476225
0.016145118260024
0.020342823780796
0.023066522013251
0.023201469174414
0.020936420647889
0.017326389315099
0.013971398730103
0.012741468184190
0.014295561998158
0.017439251729911
0.020643700348942
0.023253458043688
0.025204595066178
0.026697250974200
0.028148312621251
0.029663670581819
0.030548863548938
0.029847905952230
0.027586637693140
0.025150813282725
0.023956515153386
0.023981377166036
0.023533803329750
0.020317620765055
0.013754498332818
0.006024663116850
-0.000187048639401
-0.003945440321860
-0.005857543090382
-0.007087828257725
-0.008386144797325
-0.009185702462677
-0.007978446696052
-0.003834633180496
0.002527881308170
0.008851636225482
0.012383616483048
0.011431894765112
0.006535741203756
0.000267544724414
-0.004090609111588
-0.004062947230522
0.000646351849867
0.007321352837679
0.011602882809394
0.011089544538835
0.007157909475609
0.003265246064666
0.002473143564003
0.005350120294094
0.009263576432707
0.010587900155175
0.007460349517362
0.000831946033132
-0.005970084271185
-0.009669111774222
-0.009921037929007
-0.009254274878781
-0.010466684448428
-0.014582129176313
-0.020637885676752
-0.026496254640791
-0.029795645620874
-0.029028944399823
-0.024544565770846
-0.018606127289463
-0.014272230583721
-0.013529866241459
-0.015603826184092
-0.017344622057338
-0.016114585725456
-0.012039070821757
-0.007551760127501
-0.005710127506422
-0.008156624499152
-0.013658475452738
-0.019078537605854
-0.021622439594490
-0.020195972263759
-0.015752004966994
-0.010623994400161
-0.007036764183798
-0.005835681412314
-0.006271486229175
-0.007082759701503
-0.007611502441750
-0.007476405933457
-0.005869003472100
-0.002054802518466
0.003514296334365
0.008972895289023
0.012101871718324
0.011854836030062
0.009083813021108
0.005699222071208
0.003222998252778
0.002139214879165
0.001797027319947
0.000522650815684
-0.003215109481661
-0.008957493479204
-0.014051124648390
-0.015958460196380
-0.014587842364730
-0.012144130462395
-0.011338745833503
-0.013623567825409
-0.018160211932107
-0.022395589562823
-0.023710336521812
-0.020984948356083
-0.015837751649334
-0.011988226470730
-0.012208071760031
-0.016151328125419
-0.020904613998841
-0.022674740610184
-0.018998608082133
-0.010787587028222
-0.001992213385764
0.003215601011074
0.003211279992743
-0.000537044381252
-0.005165451886822
-0.008519682597223
-0.010001021846676
-0.010337992855105
-0.011069377111286
-0.013487191634329
-0.017353338643153
-0.020788019653719
-0.021647600667226
-0.019172539656512
-0.014592297323235
-0.010389487848974
-0.008567128040025
-0.008875536611686
-0.008938822078851
-0.006489084099885
-0.001196665370448
0.005209013427228
0.010045131001189
0.011689901518688
0.010974067552040
0.010294445090496
0.011819282947221
0.016432943875580
0.023157126069041
0.029509682190752
0.033154132550739
0.033425832689523
0.031436499555773
0.028972326238251
0.027615074715301
0.028439050198754
0.031427584967267
0.035338849442904
0.038779436384886
0.040974245649038
0.041431401595028
0.039644270858487
0.035053763194140
0.027407056058702
0.017980472970414
0.009612269629188
0.004581602107392
0.003053827837376
0.003414550787208
0.003726110001412
0.003457077075071
0.003618934535949
0.004826330626208
0.006030718338282
0.005619388553261
0.003407117282675
0.001172593256535
0.000889491639908
0.002726881073103
0.004898240103413
0.004949550546738
0.001708895068205
-0.003492318312532
-0.007949982013141
-0.009433202756856
-0.006690650357329
-0.000098088246071
0.007537327083699
0.012611031238293
0.013340006265804
0.010269320253631
0.005399804787039
0.001221414133954
-0.000259853025393
0.001769368630434
0.006546664575871
0.011998513399256
0.015808846244357
0.016505184200321
0.014179334562342
0.010405352133612
0.006885349366504
0.004394373410815
0.002986729998198
0.002245559092893
0.001523204802490
0.000437002562475
-0.001102620904304
-0.003110677706938
-0.005670193274692
-0.009030479683073
-0.013112312957633
-0.017062293028201
-0.019785452716614
-0.020301334697271
-0.017772481245854
-0.012583198287523
-0.007145979244256
-0.004342545721439
-0.005199351650849
-0.008606858691388
-0.012776102762607
-0.016046274352839
-0.016724681876975
-0.013908631285634
-0.008810356348556
-0.004000065598574
-0.001494732368518
-0.002090485072308
-0.005225467585516
-0.008899053595779
-0.010585896962463
-0.008768848219520
-0.004062581625809
0.001210140995467
0.004751051933686
0.005232993016678
0.002452738092319
-0.002238131112098
-0.006370102582523
-0.007996150126261
-0.006686302114436
-0.003316635190726
0.000477715065324
0.003313568862041
0.005363716222750
0.008435376920022
0.014493479941382
0.023847032112994
0.034358606509924
0.042381374079769
0.044702710822799
0.040593554385819
0.032828232376178
0.025966895912285
0.023004754620678
0.023713806142136
0.025649280162539
0.026398690439960
0.025360905858808
0.023888427932746
0.023960222683477
0.026361391289437
0.029503603707661
0.030330886694598
0.026910041355237
0.019944259687023
0.012204199257065
0.006897958595283
0.005417529505559
0.006069076576172
0.005545318745709
0.001507605854454
-0.005992096058233
-0.014525670951513
-0.020597045241484
-0.021651125957189
-0.017556212103758
-0.010931489041041
-0.005688130850532
-0.004216958014058
-0.005811230031976
-0.007444710534224
-0.006171075956017
-0.001758213997074
0.003094595901767
0.005214694764500
0.003240176722044
-0.001855786033137
-0.007720547208444
-0.012038651360896
-0.013421544651149
-0.012248645625502
-0.011165750487258
-0.013297721896885
-0.019515076174591
-0.027881115346679
-0.034993009565638
-0.037754403036594
-0.034995740830961
-0.028272047225157
-0.021284814384733
-0.017827824916350
-0.019358079930928
-0.024115490998248
-0.028130130994324
-0.027270896088240
-0.019957840456020
-0.008645968800127
0.001995743573224
0.008171470215648
0.008485865263659
0.004259322931094
-0.001087666524956
-0.004152879081008
-0.003463800119138
0.000562170550014
0.006415775236620
0.011924344525838
0.014882832456964
0.014261262497752
0.011219552580179
0.008678860484833
0.009452251167070
0.014360373949628
0.021685718562299
0.028288028531843
0.031133473990217
0.028280959460307
0.020147700639348
0.010036072698848
0.001778661455460
-0.003055285950785
-0.005318690467847
-0.007193505541802
-0.010974616080355
-0.017300663313105
-0.024196986353898
-0.028423709472747
-0.027966115300383
-0.023448482704391
-0.017714413620115
-0.014107901040581
-0.014405959127475
-0.017583316459711
-0.020821779487115
-0.022378431521931
-0.022764081077717
-0.023029358679356
-0.023398072202917
-0.023352796556893
-0.021966298074440
-0.018799237134339
-0.014677335686169
-0.010911244262931
-0.008057546607490
-0.005861958509563
-0.004128403750795
-0.002817988890568
-0.001102144084534
0.002211002139150
0.006868828186982
0.011360735947907
0.014713719697623
0.016655739740347
0.017123255330713
0.016731559635252
0.016418241956938
0.016407658938044
0.016365676652399
0.016039646442404
0.015484288244162
0.015179286925187
0.016112151441715
0.019585796392549
0.026224500713218
0.034931046906278
0.043145533144523
0.047928029546207
0.047600209310610
0.043507400552385
0.039281493193339
0.037645327592489
0.038525914774184
0.039608572336280
0.037918645284175
0.031758191759993
0.021959890237119
0.011534647294251
0.004035595791039
0.001438288956512
0.002923814390156
0.005756723801939
0.007443643730909
0.007186202905834
0.005549209641073
0.003068396403766
-0.000303393519222
-0.004894085949558
-0.011586476945548
-0.021546724308242
-0.034489948814121
-0.047846597750856
-0.058049089207215
-0.062744767837526
-0.062557349357656
-0.060633525771199
-0.060131666144220
-0.062342717653324
-0.066461695797181
-0.070216425790922
-0.071024842121936
-0.067563881068248
-0.061083109117715
-0.054864409716981
-0.051376950812939
-0.050222982563983
-0.049204663183912
-0.046292006381810
-0.040728942706484
-0.033711269297967
-0.027878494212635
-0.025628478584506
-0.027762799984771
-0.032772393665457
-0.037118929838124
-0.037315080350659
-0.032623703055626
-0.025768220857035
-0.020592310071117
-0.018863932518125
-0.019608312195314
-0.021040122608473
-0.022040432780317
-0.022044482224180
-0.020691404296024
-0.017879051979296
-0.014116382899423
-0.010459968814782
-0.007343619292238
-0.004046967656449
0.000036401682127
0.004609203543483
0.009219736064705
0.013805303909976
0.018214688741335
0.021704542925473
0.023400227350818
0.023083514849100
0.021192887218975
0.018698868291549
0.016974943730616
0.016542869319089
0.016425334021155
0.015733349868125
0.014709645679866
0.013883466899951
0.013632295649000
0.014329462662056
0.015736421220097
0.016562862425378
0.015378259708888
0.012129800120460
0.008482633097379
0.006331328592629
0.006416151792790
0.008346739306745
0.010929965853905
0.012916683056651
0.014339509217326
0.016210640496707
0.018693869677635
0.020826212607972
0.021895483545438
0.021994643532508
0.021282788026344
0.019565101167156
0.016914462714202
0.013830460436476
0.010416980180478
0.006713762608851
0.003872870568686
0.003332975858932
0.004918787513139
0.006923913386965
0.007713207107522
0.006685074259262
0.004256134023792
0.001460284657826
-0.000461989854322
-0.000752765847086
-0.000064147886030
-0.000144037948765
-0.002117821046546
-0.005206286512604
-0.006965144707554
-0.005068282674815
0.000474681941824
0.006946540907303
0.011291846481888
0.013050207043858
0.014647660600352
0.018514330937445
0.024487120335219
0.030552044506831
0.034915933731806
0.036640772540131
0.035906411416772
0.034253834695375
0.033472142722092
0.034247527812009
0.035931490754584
0.037078286334170
0.036399969861618
0.033514831825598
0.028985436549999
0.023863434033802
0.019194738565427
0.016025698190595
0.015540078928320
0.018168072716573
0.022295500947075
0.024697364050318
0.022811879667293
0.016896679438871
0.009972463970935
0.005391637480841
0.004700434374444
0.007012610326781
0.009374635809444
0.009015150954956
0.005842351201668
0.001801470188703
-0.001243954598150
-0.002265644404384
-0.001426168808868
-0.000126617536207
0.000191705067154
-0.000926361865886
-0.002971769633033
-0.004805797014193
-0.005242749046485
-0.004052746863632
-0.002584865184315
-0.003048255431266
-0.006877524458665
-0.013625466865973
-0.021054518854954
-0.026103402016753
-0.026672373646581
-0.023222908154626
-0.018093860611082
-0.013395553056906
-0.009918987768759
-0.007116739587758
-0.003751532570365
0.001019517487446
0.006993939079302
0.012748869037953
0.015942021856132
0.014771949395596
0.009639569439816
0.002803424966490
-0.003578605458211
-0.008364832741368
-0.010647179567837
-0.009373871424900
-0.004837116281482
0.000156554460115
0.002037508966335
-0.000616199576224
-0.005981167835536
-0.010577463900397
-0.012517010122066
-0.012836936374887
-0.013186548781705
-0.013735983629326
-0.014001575407680
-0.014057339191628
-0.014389913969974
-0.015169237140217
-0.015590118741706
-0.014324069065456
-0.011111497787061
-0.007736393222118
-0.007063023734651
-0.010382475408953
-0.015763863402218
-0.019962093927973
-0.021571609123074
-0.021461747876903
-0.021081199939734
-0.021092019446411
-0.020754604270693
-0.018627303884475
-0.014656579511918
-0.011281374562956
-0.011613379197704
-0.016211644416140
-0.022317103469121
-0.026226107208202
-0.025644654987249
-0.020882085592454
-0.014918983467516
-0.011340409017675
-0.011524355127416
-0.013738779021248
-0.014430152121600
-0.010835083199626
-0.003249046994855
0.005319299675494
0.011447379955875
0.013185161575099
0.011070792595534
0.008053027812545
0.007506607149179
0.010353071864602
0.014128522726238
0.015190624584706
0.012053502232239
0.006756502884937
0.003082586841678
0.003976438890781
0.010364546836003
0.020726679803456
0.031310911652309
0.037827091999507
0.038181331304547
0.034484050267540
0.032045656337984
0.035206099852574
0.043416886266990
0.051313756877738
0.052961736955217
0.046618083909688
0.035911571763908
0.026987223411033
0.024436861392238
0.028628222342001
0.036078858145132
0.042603982665951
0.045954216223714
0.045929948993422
0.043476147978610
0.039699376990414
0.034987867364747
0.029418102605400
0.023888708640681
0.020032101152865
0.018804990572606
0.019186431022766
0.018573079633941
0.014933324909205
0.008483328658607
0.001351814009180
-0.003989539411072
-0.006384571077663
-0.006504779286225
-0.005503991461915
-0.004029971097040
-0.003512301959391
-0.007049665689670
-0.016989039502048
-0.031119206788428
-0.042217916466824
-0.043150127495426
-0.033402606017531
-0.020332433627725
-0.013651527760338
-0.018008340038779
-0.030017387745824
-0.041683125441083
-0.046188638862270
-0.042189433254058
-0.034743848893072
-0.031000567324836
-0.033893951583324
-0.040429483937749
-0.044920644859859
-0.043607244132241
-0.037930498515031
-0.033016711282340
-0.031734181036819
-0.031340128642771
-0.026864880668086
-0.016937817590668
-0.005895137482803
-0.000272238421176
-0.002668142771163
-0.008794633880316
-0.011372193179393
-0.007265840725705
0.000105902290803
0.005153167555928
0.005431625881994
0.002752753781032
0.000234021785233
-0.000919580634063
-0.001270825469406
-0.000839367256465
0.001329546071123
0.005722843780269
0.011718777681264
0.017787680752587
0.022123255640013
0.023951905757476
0.024119687948318
0.024576043592540
0.027650562965524
0.034362210400272
0.042415350572347
0.047007262171010
0.044647621843857
0.036400826520039
0.027552324771309
0.023853679234218
0.027532302377041
0.036193216250266
0.044585465702840
0.047748863809428
0.044223106645343
0.037063724054574
0.031460648421919
0.031090957583261
0.035865587428714
0.042123217603852
0.044911753140354
0.040449666566226
0.027728674170039
0.009520966851090
-0.008090684983846
-0.018480906434329
-0.018859998278784
-0.012876421614574
-0.007387047722128
-0.006405038035400
-0.009070995833264
-0.011862168390527
-0.011716508944673
-0.008502594676773
-0.004739074369575
-0.002752215898187
-0.003064443649999
-0.004805322994557
-0.006466031195250
-0.006884852855578
-0.005955236581818
-0.004640760846697
-0.004812113697215
-0.008084514719034
-0.013869780692440
-0.019440411225544
-0.021959852728092
-0.019447828525088
-0.010690343545855
0.003843269539186
0.020126156899537
0.030419141709279
0.027554328901283
0.011360947468592
-0.008880899873870
-0.019249035268510
-0.011351239117158
0.009707081856064
0.027686805319169
0.026394230900531
0.001197815124109
-0.035787206589977
-0.061700957394488
-0.059238789616256
-0.031024679194251
0.001631445781442
0.015600735361718
0.003566831832245
-0.022565308601729
-0.042886943115599
-0.044508648196489
-0.030036454822215
-0.014055560367195
-0.010409423689874
-0.021335364818889
-0.037387350285722
-0.046508478233815
-0.043498349366123
-0.031890161569089
-0.018064912998668
-0.005747387493986
0.003848212233858
0.009203706683358
0.007528491503643
-0.002439808900596
-0.016783934552333
-0.027595553001934
-0.028674415240219
-0.019786185183788
-0.006413012833064
0.003590187269427
0.003865804876447
-0.007322619857773
-0.025188582247591
-0.039916557989984
-0.042667274268598
-0.031908599880963
-0.014581472571069
-0.001091095041131
0.002474429451913
-0.001550882577312
-0.006285909763648
-0.007373602270643
-0.005608701304716
-0.004292946398689
-0.005195932423638
-0.007004485794349
-0.007322717475025
-0.005352277157104
-0.002418007626977
-0.000490079783348
-0.000362938708280
-0.000985428547993
-0.000049037788760
0.004822971573467
0.014075033508902
0.024625967948146
0.031521324630127
0.031771772794892
0.026478465202912
0.020259923930320
0.018560388151140
0.023847764691322
0.033608648486795
0.041738736283723
0.042402542881073
0.034390816355078
0.022399671110999
0.013687844459955
0.012999883752332
0.019001034261650
0.024999228638517
0.024684932623168
0.017464233699283
0.007792492869116
0.000548989216583
-0.002137145467343
-0.000668815552371
0.003704586837612
0.009303142805253
0.013548911782456
0.014400866994068
0.012699858899154
0.011593776408577
0.013262724977423
0.016880645311223
0.020123363069103
0.021718286048919
0.021207818263333
0.017342149466399
0.008847751398399
-0.003097034657926
-0.014029088760600
-0.018581953789541
-0.014661059867394
-0.005711946390493
0.001420154045971
0.000978016155049
-0.008578600803016
-0.023807307603348
-0.037622928156977
-0.042987448810393
-0.037630013840467
-0.026108711409543
-0.016755956840740
-0.015961836667372
-0.024340638333526
-0.036581304237978
-0.044859063784575
-0.044121777396667
-0.035471880545692
-0.025412258052333
-0.021340955233809
-0.025887791124469
-0.034867837043983
-0.040755002799361
-0.038371555044786
-0.028582802227703
-0.017599709007381
-0.012139630335701
-0.014637966378873
-0.022778315420709
-0.032157175456737
-0.038993945822001
-0.041776820074455
-0.041181258244744
-0.038736937141807
-0.035375292935742
-0.030698912034606
-0.024019625076995
-0.016018547381026
-0.008760216387205
-0.004336364904906
-0.003346650896124
-0.003893998242776
-0.002345055796839
0.003977583418921
0.014351888659335
0.024489181325368
0.029294771278028
0.026893458874806
0.019826254588426
0.012664470013082
0.009332894832392
0.011473627142059
0.017932005371142
0.025680929026495
0.031089248424442
0.031269133140974
0.026062881885165
0.018567548472629
0.012476531953612
0.009287185720979
0.008242248737551
0.007629622042406
0.005981741887006
0.002897204078950
-0.001162123828020
-0.005788455227806
-0.010947486319896
-0.016065478076617
-0.019164037378269
-0.017989028537037
-0.012216843481510
-0.003901095420716
0.004271463017401
0.010697372040362
0.014940955233158
0.017066637770286
0.017441734653461
0.016532737699075
0.014454158745515
0.011236699417164
0.007571817463045
0.004518976196935
0.002529865491401
0.001386098504661
0.000864318774200
0.001104145708850
0.002351842825846
0.004420549460826
0.006838886513647
0.009308690384941
0.011378167344087
0.012479535958806
0.012586275653077
0.011972238677103
0.010855392768841
0.009752588597464
0.009381872397884
0.009928317198304
0.010672854126760
0.010430737059619
0.008538944082414
0.005801971933912
0.004282793716449
0.005440048721332
0.008493647070568
0.011333951164277
0.012918547519567
0.013790778785915
0.014687659765976
0.015913593651353
0.017352000799654
0.018304047561457
0.017778217784330
0.014808901748035
0.008935332237498
0.001220610967004
-0.005733039388329
-0.009323372401592
-0.008704981343016
-0.005642409643382
-0.003482052565768
-0.004480916835823
-0.007963353328846
-0.010934860264148
-0.010478764656148
-0.006336569328564
-0.001385857015647
0.000612401851766
-0.002277283340480
-0.008771481491846
-0.015156259935144
-0.018329752453342
-0.018136351236202
-0.016851139813269
-0.017380148342608
-0.021255595960121
-0.027388801327260
-0.033206171165202
-0.036469073830789
-0.035949654108231
-0.032079223124768
-0.026925887010564
-0.022535262866607
-0.019671717429966
-0.017816994084401
-0.015353642100249
-0.010518905393086
-0.003363731999458
0.003502528853185
0.006516374754265
0.004059584167842
-0.001506146724833
-0.005317809607963
-0.004363298429357
-0.000393057939040
0.001598642009591
-0.001948788912624
-0.009746311435776
-0.016512213459245
-0.017086396928961
-0.010930805527305
-0.003326389010942
-0.000857272621195
-0.005065903747195
-0.010970981986096
-0.011250319670386
-0.002234024802395
0.012317559549836
0.023425049773572
0.024513671564419
0.017285606374983
0.009924912330135
0.010153803157993
0.020031125822248
0.035282997185958
0.047854239864889
0.050635863981059
0.042495334363988
0.029889684153102
0.022910692285000
0.027855873206842
0.041799389915307
0.054295938179884
0.055600588605787
0.044431925985380
0.029159279211810
0.021509528482835
0.026968278366089
0.040176772017979
0.049856262195553
0.048239864974176
0.036934341329798
0.025020505944106
0.021075690702423
0.026102634296950
0.033369074878193
0.034590765647435
0.026965984439609
0.014690247523492
0.003589303111838
-0.004354471324805
-0.010223861430197
-0.013795582584556
-0.012416851676469
-0.004835594968681
0.005186706146649
0.010842317155174
0.008100220861702
-0.000971064615166
-0.010101047893424
-0.013580303099146
-0.009895780000199
-0.001775396327353
0.006155401908983
0.009965964548217
0.008499069945314
0.003729343816139
-0.000884604907281
-0.002188585765420
0.001210905044455
0.007286806054095
0.010477055508296
0.004808344754264
-0.011237214240760
-0.031768272080356
-0.045713104119660
-0.044140798026475
-0.027526993282511
-0.006380693849106
0.006085266415062
0.003527932043270
-0.009638451820174
-0.022882808693050
-0.027728446302856
-0.022560985892888
-0.011618361634155
-0.000681502555311
0.006180911189103
0.007242858877815
0.002773036933822
-0.005114818402156
-0.012638193358557
-0.015486065048571
-0.011552113671291
-0.003285899477583
0.003328466926448
0.002820987797153
-0.005718123133965
-0.017530325127973
-0.025573539672225
-0.025939803701761
-0.020380558625542
-0.014267449117875
-0.011799782823875
-0.012204497231264
-0.011013690466697
-0.005393108003586
0.002040095931848
0.004479414197551
-0.003177193271032
-0.018472070260867
-0.032017983906257
-0.035110159446255
-0.026913074456174
-0.014474889492849
-0.006343390438918
-0.005834394965985
-0.009261098127424
-0.009642013202418
-0.002686474527368
0.009262072694348
0.019200549257100
0.021989062628087
0.018518846079415
0.013926616978239
0.012756961009770
0.015278920072067
0.017183726101032
0.012429803153689
-0.001978998427607
-0.021496422121696
-0.034938632767243
-0.032537795062075
-0.013864800888110
0.011698705339835
0.030889721204274
0.034090211595358
0.021075222058583
0.001749504944798
-0.010220154164600
-0.007207141279703
0.007179986453655
0.021504355246105
0.024790167027224
0.013671763909288
-0.005543618889166
-0.021351768611554
-0.025299369689904
-0.017585772616661
-0.005973753426264
0.000181607051244
-0.004067112870564
-0.017144543829753
-0.032712972777108
-0.042964931884861
-0.042929935170913
-0.033849957085419
-0.021718981469642
-0.012719610674397
-0.010009936352023
-0.012769362313323
-0.017673343192575
-0.021755192363396
-0.023734309354479
-0.023368587643792
-0.020838353295055
-0.017254562836812
-0.015159195302618
-0.016960199738320
-0.022208148441021
-0.027677412891139
-0.030204167062038
-0.028400572223931
-0.022971786404499
-0.016673742684845
-0.013112397426538
-0.014967306466151
-0.022355805435521
-0.031682858446336
-0.037213040798159
-0.035433155331349
-0.027971374556507
-0.020237788946757
-0.017171581372274
-0.019720495839519
-0.024792512128271
-0.027960049367413
-0.026686637905500
-0.022179146664606
-0.017687485871967
-0.014716508147348
-0.012515631521600
-0.010792842962802
-0.010357691994179
-0.010961578027890
-0.010103668951515
-0.005004022102461
0.004006057164856
0.012678638592048
0.015773745189367
0.010630107011900
-0.000984884410087
-0.013099433565091
-0.018721948094356
-0.014816730994197
-0.004698583431006
0.004435570727604
0.006805245814063
0.001964634114581
-0.005680382031459
-0.010615158741975
-0.010050778713020
-0.005689023424217
-0.002031842310248
-0.001933901490347
-0.003453169932315
-0.001953163993822
0.004332892068487
0.011998145136189
0.015991763942815
0.013980232916802
0.007157435349555
-0.000996654743663
-0.006097468706087
-0.005432584066397
-0.000537303001119
0.004483265150684
0.008132362259168
0.012962303106022
0.020984607662959
0.029928285348026
0.034545201954660
0.030242572243355
0.017062422291078
0.001674514570318
-0.006834853902064
-0.004519155623058
0.004912770466427
0.014068727300912
0.017215548947956
0.013319355439260
0.005356697308437
-0.003053179538743
-0.009537860286071
-0.012166634107000
-0.009573053626030
-0.003218568385464
0.001769846362808
-0.000067785458573
-0.009849475176898
-0.023080880894012
-0.032144658059374
-0.030453272212337
-0.016521386241727
0.004216825723154
0.021421739515927
0.025767982431958
0.015830600361440
-0.000249823909816
-0.010834452921768
-0.009086250140039
0.002980176930129
0.016553173685750
0.022762969458466
0.019011723576155
0.009620586769690
0.002022350413183
0.002368207255420
0.012097170301044
0.027316698795871
0.041869587153944
0.051177128127556
0.053650334730778
0.049689465073970
0.040842456913062
0.030186217622152
0.021777745343907
0.018841176062738
0.022658989546145
0.031815045736268
0.041906304286084
0.047902152233793
0.047880204983199
0.044304840633387
0.041841339304076
0.043241787840514
0.046631436453972
0.047621804169346
0.043907076328624
0.036804917046852
0.029667968010225
0.025932614384429
0.027250258671274
0.032739209637038
0.039923464660293
0.045433057839936
0.045672967027150
0.038991320956559
0.027816719019405
0.018222309643764
0.016277442267950
0.023604429803233
0.036098265934105
0.046510741900504
0.048752560078833
0.041693819175157
0.029786971867118
0.019667367546368
0.015430423243848
0.016301884013781
0.018349680119644
0.017884727056424
0.013064287092489
0.003963508445337
-0.007456413298088
-0.018482363236324
-0.027107291678069
-0.031793672175343
-0.031381327476201
-0.026419278624482
-0.019533280760295
-0.014314295483136
-0.014170766652999
-0.020735058885772
-0.031899287929581
-0.041954825900823
-0.045074159496173
-0.039415627167044
-0.028274376336731
-0.017930901930483
-0.014190296136854
-0.019288962423311
-0.030353833308738
-0.040870977026296
-0.044807567363402
-0.040366658517406
-0.030967450377480
-0.022801999728232
-0.020393728187456
-0.023590412535242
-0.028080403001589
-0.028655391483546
-0.022926643391336
-0.012776176046686
-0.002488176976986
0.004087897540736
0.004971091007385
0.000725845437984
-0.005372359551388
-0.009048598219583
-0.008040007521555
-0.003649898986366
0.000881069527380
0.003450459579962
0.004216332121059
0.004385911507807
0.005053542075720
0.007019281491321
0.010319145640379
0.013415952462130
0.014330918863372
0.012899500573123
0.010310239720733
0.007502915011789
0.005912478954756
0.007224137877231
0.010376101821447
0.011470020976379
0.007735930012491
0.000043836170043
-0.007712915789373
-0.010927920146762
-0.007499369326394
0.000558375988939
0.008589546270085
0.012013466802245
0.008498931099958
-0.000891951999493
-0.011553025774648
-0.017305043588717
-0.014813505590432
-0.006219201025409
0.002899858163408
0.007408388349735
0.005512623821151
-0.000472167546055
-0.006296519590287
-0.009052660079327
-0.008423729753353
-0.005458288103196
-0.000937306997976
0.004372470819827
0.008370273665104
0.008740936864046
0.005538759990342
0.000963705609374
-0.002376972453226
-0.002214561856105
0.002223084796381
0.009250756239046
0.015789266602548
0.019146356907535
0.018326919715849
0.014784102500877
0.011810414565111
0.012292452387086
0.016230034692973
0.020663233741942
0.022693693315544
0.022186302213761
0.021178489714658
0.021179847792175
0.021262923633077
0.019051882450592
0.013674600739354
0.006614163883312
0.000037193775424
-0.003980626429321
-0.003962791163608
-0.001117249594497
0.000130559150656
-0.004023558016346
-0.012111864939708
-0.017852056580797
-0.016203601866166
-0.008718987734193
-0.002216216874721
-0.002385279970544
-0.008935129672462
-0.016539629789029
-0.020054963704772
-0.018016294281297
-0.011704510474301
-0.003522589800298
0.003471793574080
0.006490766433533
0.004095310936051
-0.003028007022751
-0.011450285231469
-0.016082362635299
-0.013243769558952
-0.003361858739581
0.008545241957789
0.015628174991106
0.014346550021375
0.007180299530195
0.000206519968864
-0.001209993052092
0.004638119777484
0.014870991304473
0.023257143118864
0.023888202670151
0.015833905463692
0.004398943702290
-0.002779464660954
-0.000965712981086
0.008790548510508
0.020307820767065
0.026387641534013
0.023786543044029
0.015247391104964
0.007392563533168
0.005809433350028
0.010476035545507
0.015919893854438
0.016180088802541
0.009550780972474
-0.000252049948726
-0.006997979497407
-0.006959342963956
-0.001388032875395
0.005336149121857
0.009348530775574
0.009549216162949
0.006382183463462
-0.000595988374739
-0.011747842878792
-0.024256086207971
-0.032472883206840
-0.032545151523317
-0.026582656921814
-0.021683403646678
-0.023783463886172
-0.032514620618039
-0.042516383872148
-0.048594713935706
-0.049169157187960
-0.046446360889038
-0.044341346552249
-0.045271215007122
-0.048267940089217
-0.050930301313614
-0.052965636136053
-0.056020208619625
-0.060222579145608
-0.063487249995814
-0.064442228489003
-0.063772821040258
-0.062523277058863
-0.060590314151812
-0.056990356475554
-0.050892277238229
-0.042739981315999
-0.035165938452918
-0.031859626914308
-0.033895984955165
-0.038141416609227
-0.040784326733870
-0.041208417617482
-0.041647353809196
-0.044599885860831
-0.050494134718217
-0.056342110260176
-0.057644393707951
-0.052397014615481
-0.041961744486585
-0.028939109430062
-0.015863776432249
-0.005174651637948
0.000781859646321
0.000479196013591
-0.005409573011067
-0.012924100974372
-0.015399343402726
-0.007371379106419
0.009541352764730
0.025432634075533
0.029443930310030
0.018754879378498
0.000389098970859
-0.013960962506381
-0.014730313943753
0.000538270348893
0.025330329904672
0.047053307228149
0.055162389385322
0.048881927844908
0.036722530211673
0.028788124819804
0.029858826690287
0.037697759839891
0.046148771551946
0.050135646212661
0.048489460398595
0.043294595148108
0.037454690031281
0.032383487940598
0.027674486941555
0.023034597848627
0.019814473408552
0.019791458357733
0.022396625391099
0.024021887520303
0.021198167430367
0.014470689152648
0.008392095709868
0.007509085950629
0.012550266870360
0.020492691113443
0.027920723447013
0.033701675733796
0.038539016334496
0.042617822065679
0.043824340586624
0.039630446764080
0.031695906453469
0.026024434427302
0.027417525577611
0.035201290326644
0.043701980708125
0.046162111692027
0.039876309327305
0.028564965116406
0.019021123060854
0.015408857197433
0.017124772048160
0.020736449112022
0.022678841368581
0.021315238114144
0.017973841889456
0.015591452462713
0.016105723418182
0.019864239056179
0.026662011540612
0.035414744582669
0.043217223650327
0.046640764835036
0.044156753208950
0.037203761405969
0.029300275126239
0.023580365438320
0.021152341050535
0.021647751346307
0.024066136872115
0.027289589109594
0.031198864708777
0.037116070249721
0.045922692241528
0.055819786685002
0.062878345127662
0.064100856702859
0.059578682553175
0.051776234984731
0.043588508779666
0.036613688765734
0.030442977054621
0.024261449457557
0.018432483818140
0.013185035095295
0.007713888465513
0.002734940068560
0.002313194579060
0.010549984405264
0.025915959004732
0.040290245601444
0.045173462781189
0.038470371457869
0.024711171382955
0.010184134908237
-0.001233695486636
-0.008567059508834
-0.012068709815736
-0.012461317711078
-0.010957602429209
-0.008905061101705
-0.007793633159266
-0.008815038627675
-0.011078274172883
-0.011506098067164
-0.008504680839780
-0.004933239630952
-0.005573671760461
-0.012185014152365
-0.022104464158120
-0.030952095535730
-0.035934883547960
-0.037449972061359
-0.038253330097805
-0.040143675621650
-0.041986203251004
-0.042622065611012
-0.043832117220388
-0.047773744223006
-0.052219877287345
-0.050238653567809
-0.036333930940489
-0.013939867002996
0.004827363179203
0.008789616571583
-0.003201899779320
-0.021988133657952
-0.035344951723485
-0.036677914475087
-0.028492959307938
-0.018504937961308
-0.013468089494437
-0.015915644395356
-0.023815687920815
-0.031660600467302
-0.033226155037423
-0.025583170217283
-0.011591955011800
0.001426966017802
0.006066569479980
-0.000425986319370
-0.013883413951784
-0.025827310227264
-0.029748645758328
-0.025105427236187
-0.016168499708692
-0.008899620401762
-0.007440723890459
-0.011070153333049
-0.015133205807792
-0.015495777382780
-0.011999957074317
-0.008503289960112
-0.009682722919303
-0.016912188091704
-0.026749845549910
-0.033369214442854
-0.032638404970441
-0.024610025170997
-0.013384603280362
-0.005198824916626
-0.005125845405475
-0.012834926836984
-0.021556126394510
-0.023890786241703
-0.018702157467705
-0.010856770101185
-0.005483717828919
-0.004437832391964
-0.007512049779530
-0.013775496769271
-0.020670666943227
-0.024446848698322
-0.022767311727694
-0.016367051033764
-0.008859215960612
-0.004871806109512
-0.006605633198375
-0.011958021864210
-0.016674574225838
-0.017633945452176
-0.014173964651609
-0.007905686276748
-0.001831727358574
0.001311899904132
0.000990234461443
-0.000542358418211
-0.000301367930343
0.002018670548789
0.002941861757243
-0.001294458750002
-0.010081800781813
-0.018715190871462
-0.022939157901932
-0.021728904075879
-0.016463522252429
-0.009228858194392
-0.001941502253234
0.004133760685292
0.008199102951917
0.009333844002256
0.007262974062287
0.003671073212593
0.002178800224139
0.006653533903400
0.017886723994883
0.031105226038533
0.038254205210067
0.034565408247816
0.023017133289403
0.011722112386627
0.007649404143582
0.012811702308372
0.023805360591378
0.033725532904209
0.036942341817668
0.033366604452832
0.027642803543721
0.025188533582376
0.028693766984100
0.036496365469461
0.043982494505680
0.046830821543485
0.043471569569465
0.035661415735186
0.026517360871867
0.017433648288239
0.008378107985766
0.001486953089303
0.001495709132280
0.010735762900559
0.024966858587926
0.035994266671432
0.038222008788799
0.031873701774712
0.021443791070092
0.012563309211742
0.008622442839620
0.009527496440947
0.014329089424720
0.022641177337980
0.032336598863383
0.038587234196931
0.036553841428790
0.025743609616242
0.012445534063115
0.005854525926577
0.009999585327550
0.019806683788773
0.025261979372332
0.019832528770092
0.005511057827171
-0.009923264222931
-0.018940628092369
-0.017644193891925
-0.007024117378069
0.007544186733611
0.019627182190653
0.024749580261120
0.020888239831024
0.008797750912211
-0.006897334177479
-0.018470793611373
-0.019353828207799
-0.009467286047412
0.003141865777608
0.007309765606857
-0.002602459814005
-0.022026997977651
-0.039827531698250
-0.046701150405969
-0.041364940282770
-0.030652218882040
-0.023980464427632
-0.026519527857192
-0.036478753738323
-0.047516584920175
-0.053188833133114
-0.050672957808149
-0.041993551645528
-0.032145256730935
-0.026196612998562
-0.027099227981559
-0.033945483124934
-0.042216306384861
-0.047119368955722
-0.046676265082223
-0.042022083805591
-0.036551585412989
-0.034558461587830
-0.038464966909711
-0.046341302975873
-0.052900095892335
-0.053904632480767
-0.049051764440403
-0.040910596315101
-0.033795845081439
-0.032981959437645
-0.040656637554869
-0.052008254250945
-0.058264275378776
-0.054500336448738
-0.043795383666492
-0.034163313329980
-0.031671786001379
-0.036189849128937
-0.042991293136743
-0.047286975332292
-0.047853957644614
-0.047052751799434
-0.046886584774528
-0.046354871948260
-0.043484071790179
-0.038232279307204
-0.032567724633817
-0.028255657752046
-0.025209646593456
-0.022498796721091
-0.019999938457427
-0.017489018340029
-0.013241467392461
-0.005920547582555
0.002634359258938
0.008189717515085
0.007975709655493
0.003832026101942
0.001377648552830
0.005008092130062
0.013073284018099
0.019317102640580
0.020039692637588
0.017971627888738
0.018557495730782
0.024542342245828
0.033750942506028
0.040607742002081
0.040960634236864
0.035614975806047
0.028304424992082
0.022519061316015
0.021587542835965
0.028312363290729
0.041738447697822
0.055191958532715
0.059990820452860
0.053045532313858
0.040398857369871
0.032610120278976
0.036661972123738
0.050678560206902
0.065322170174225
0.071182525427755
0.065592922483898
0.053197484451188
0.041590052196825
0.036945757916469
0.041565138259327
0.052716424722989
0.063583736385614
0.067097309428757
0.060414586564455
0.046450130493612
0.031698720489387
0.022404677828507
0.021246348889257
0.026534518574445
0.033878356994748
0.038362687640649
0.036947729907538
0.030444026550237
0.022594539333749
0.016486835218666
0.012088238404137
0.007411736271564
0.001590348510250
-0.003775907810087
-0.006888046484473
-0.008876848013577
-0.012823733824358
-0.019558326512112
-0.025718693934736
-0.026437946665240
-0.020810411457935
-0.014146743541343
-0.012686680568631
-0.017131656725228
-0.023051559417011
-0.026106208507585
-0.026027771000777
-0.026558674264630
-0.031836113084791
-0.042123250454267
-0.052492352421453
-0.056290494404600
-0.050790228308685
-0.039595771794277
-0.029864260391968
-0.027480748875344
-0.033610613042056
-0.044049397669962
-0.051626588132354
-0.050205362984687
-0.038440797195206
-0.021586525747643
-0.008646153678863
-0.006274209833326
-0.014883675339647
-0.028372832909117
-0.036628916319065
-0.031543413771582
-0.013950930308293
0.005415669891877
0.013907898260084
0.006920694989288
-0.009564933655192
-0.024568646662768
-0.029716696963786
-0.023836373867648
-0.012293936921702
-0.002048754039725
0.002955624397646
0.002889445558879
0.000594528622232
-0.000646725160862
0.001099916799669
0.005740581019664
0.011361051312811
0.015318329134562
0.015959797614090
0.013404213362803
0.008781674647531
0.003661420066909
0.000369809476462
0.001614427701088
0.008222899235781
0.016644144131576
0.020435906136066
0.015798103972643
0.004966256969537
-0.005611674386081
-0.009569638760684
-0.004515193600819
0.006428123292525
0.016774886959315
0.021272014757884
0.019283126400727
0.013664023462421
0.006162614821154
-0.004205477622107
-0.017009421723143
-0.027374261900730
-0.029537661367010
-0.022581102102734
-0.011538467749960
-0.002986051093482
0.000163640580788
-0.000167859077160
-0.000096273196552
0.003199542182543
0.010537913594647
0.020974715169578
0.032330779034535
0.041472497418350
0.044839900956281
0.040722574363431
0.031524468589314
0.023172067101531
0.021951567073903
0.030261308897718
0.043986288620758
0.054500652916612
0.054468027863080
0.042981498110335
0.026143239887251
0.013302760287950
0.012018864075869
0.023923937537286
0.043223703863775
0.059470223532862
0.063349732735108
0.052577414876782
0.034710885073246
0.022515783378959
0.023869527315007
0.036385725089790
0.050617808136854
0.056675692979067
0.050097260597528
0.034142851758457
0.016941500476846
0.006251768475354
0.005663996950967
0.013746706576954
0.025387792283644
0.034295859041731
0.036570811876323
0.033019598092694
0.026795577231157
0.019506625474263
0.012295920993243
0.009251683609713
0.014864440651480
0.027223005711307
0.037014156384893
0.035077994127223
0.020645214832547
0.002372251807832
-0.008342826886325
-0.006523824106076
0.001920237232285
0.005294627882605
-0.003143169121241
-0.019649443583191
-0.034431848993874
-0.040105886982834
-0.036497350605547
-0.029275657174371
-0.024877635752493
-0.026299949320590
-0.032253381218445
-0.039041496235739
-0.043668423328523
-0.045923581026707
-0.047638369840589
-0.050110784099436
-0.052193734386225
-0.051390644900471
-0.047294987274754
-0.042387999868342
-0.038625712915557
-0.035089224963998
-0.030080517026061
-0.024570053189432
-0.022375320203474
-0.026789970329117
-0.037510581782204
-0.050204774936117
-0.058344499372639
-0.056997514975119
-0.046747465806869
-0.033594879079896
-0.024417366724452
-0.022790939633427
-0.027754744111362
-0.034585526953851
-0.037161183923866
-0.031688750589446
-0.020305208248104
-0.010501636226723
-0.008537966907636
-0.013724769945580
-0.020138231261496
-0.022029233909384
-0.016804359371185
-0.005592709667733
0.006732823818451
0.013361719846214
0.010293155993450
0.000302174075418
-0.008788630451686
-0.010329761149865
-0.003504752318927
0.007181094211054
0.015947595523703
0.018850925533457
0.014437774148655
0.004996602967955
-0.002810949634424
-0.002960487356544
0.003503639132411
0.009860024310457
0.011085705313893
0.007631269112493
0.003281113396791
0.001760864698156
0.004659312802252
0.010656546924914
0.016444832201337
0.019127832569733
0.017556859872208
0.011875918007609
0.004320070824180
0.000036304839566
0.003587651900284
0.014100991270676
0.025403214250946
0.030973616024583
0.028668767381855
0.021515940218874
0.014839805018884
0.013076263229145
0.017795366782578
0.025545696913621
0.028106609527830
0.019399873590750
0.003618579717518
-0.006427582012190
-0.001084697764559
0.016779301887960
0.034659697320597
0.041389256565183
0.035159786101194
0.022725359219298
0.012265497188613
0.007696187154857
0.009021283289128
0.014247314636815
0.018938146554638
0.017658243653508
0.008756896561621
-0.003712033044477
-0.013249259564490
-0.015300057710478
-0.009667026698484
0.000190497350990
0.009953283368030
0.016155771577917
0.016637534479268
0.011660700094634
0.004047456167338
-0.003320090075090
-0.009603330480239
-0.015116074506590
-0.019780084463783
-0.023015712955850
-0.024026106976588
-0.023081927687911
-0.023283734356877
-0.028013077363555
-0.035562791547238
-0.040102012711558
-0.039187700884659
-0.036745270150275
-0.037327476760994
-0.040177817016113
-0.040601636338612
-0.035906215611716
-0.028448214094465
-0.023140466956442
-0.022979732066650
-0.026906674670253
-0.031246958423598
-0.032749946725613
-0.030521876808664
-0.026351134701256
-0.023673790386385
-0.024667886161173
-0.027686991109345
-0.028563110339893
-0.024580347113111
-0.017187827766815
-0.011239015145892
-0.010614359916663
-0.014037206722079
-0.016428127463078
-0.014138369423077
-0.007603011163861
0.000038684374151
0.005819183020011
0.009186280087930
0.011645127274216
0.014206377702915
0.015814106730363
0.014549865296945
0.010476785683890
0.007009700505567
0.008329927342567
0.014988451640219
0.022856322189892
0.027070849592061
0.026722831452147
0.024985713772030
0.025414485373728
0.029355394660469
0.035498300021044
0.040256106648790
0.040247862355583
0.035619246054750
0.029708328568346
0.025898020647226
0.025868171760193
0.029726067522764
0.036477289444434
0.044034221355727
0.049082787574210
0.047909525247546
0.038652043764392
0.024152833592655
0.012305848730178
0.010696366176887
0.019521744458841
0.031098910369751
0.036246122939207
0.031172691823435
0.020196485915113
0.011833467210023
0.011240152814751
0.016835328103071
0.023159027946430
0.025718733858803
0.024184032758087
0.021438941737170
0.019511688999140
0.017993558342062
0.016809277304756
0.018147666543448
0.023779994811865
0.030994136613286
0.032901839468704
0.024303379730112
0.007637102833832
-0.007852461725356
-0.013946352578394
-0.010118367162736
-0.002060100127716
0.003858346895050
0.003131794285228
-0.005424421910635
-0.017297757386044
-0.024193683095313
-0.020932001920342
-0.010183500473553
-0.000439534409851
0.000692246806738
-0.008013754822682
-0.021387178149850
-0.031989383152884
-0.034725265953133
-0.030258732778761
-0.025752376975493
-0.030428953098509
-0.046768874315548
-0.065448579004629
-0.072148810979442
-0.060584822461442
-0.037359467635790
-0.015618312084477
-0.005759260635266
-0.008904773082946
-0.016903975104301
-0.020222439828741
-0.015726313173144
-0.006537054718867
0.002876994663463
0.009801202283751
0.013267266460077
0.013645627472748
0.013140725995240
0.015214383156864
0.022067867897600
0.032485287392498
0.042188255613601
0.046621674314687
0.044307592561955
0.038146880220624
0.033578550079218
0.034883563252041
0.041555510258478
0.047914030087917
0.048193362507960
0.042273349444004
0.035226770681444
0.031953951160023
0.033116821463410
0.035782816888621
0.037362647691565
0.037920692067754
0.038783062599341
0.040534295404100
0.042323805807209
0.042490923807342
0.040262330560725
0.036445860264840
0.032370604597009
0.028833249280069
0.025747117497047
0.022562745997507
0.019464183265502
0.017560887483538
0.016933739059794
0.015437227393557
0.010977954121341
0.004230393102534
-0.002445435009212
-0.008009484269372
-0.013035144780442
-0.017995511615982
-0.022738991372043
-0.026529807763637
-0.028656183630318
-0.030505436755028
-0.035082578483453
-0.042708525359484
-0.049527753558216
-0.051077825724793
-0.045929448782896
-0.036935665851340
-0.029698772577262
-0.028172812159068
-0.031707615059886
-0.037212296689354
-0.042816028624742
-0.048053308761656
-0.051910187952773
-0.053102918278754
-0.052245849849997
-0.051694113658920
-0.053039748302550
-0.056172996883486
-0.059626969156533
-0.060331368191604
-0.055227501818599
-0.044705128066246
-0.033258700067535
-0.026192188030550
-0.025275041253281
-0.027046932118571
-0.026047302714623
-0.020081889687831
-0.011894031641767
-0.006322360693659
-0.006464373804658
-0.011364139313746
-0.016315416844145
-0.016313086008324
-0.010513963841516
-0.002989418959966
0.001657757314510
0.002567668239932
0.002158828392625
0.003084508541036
0.006317931191956
0.010809360934049
0.014330731104931
0.015221512750829
0.014004154059211
0.013228558353731
0.014547551574520
0.016563427267878
0.017267110830983
0.017126152749245
0.017744780813380
0.018638356694235
0.017350805110398
0.012686526492531
0.006456150396114
0.002045635359826
0.002398914060633
0.008455570678517
0.017067704596853
0.021629725432545
0.018540919067890
0.011812935221765
0.007520086897020
0.005636398604944
0.001157992705839
-0.008194728227543
-0.018973618308956
-0.026148289967630
-0.027356939602371
-0.023639333434584
-0.018285575982890
-0.014380961843089
-0.012519466023053
-0.011031150541779
-0.007444966981330
-0.000052816113248
0.009788873136767
0.017545034215573
0.019575237054894
0.016395880024917
0.011235121969633
0.007020356904743
0.005196464813022
0.005622924988147
0.006371340711853
0.004742026612341
0.000143183308743
-0.004342565425658
-0.004377601057376
0.001404604112509
0.009760061074584
0.015665193884244
0.016467760145118
0.012580676232966
0.005546634193152
-0.002080536846100
-0.006189831685932
-0.003940471551536
0.002851878297732
0.009243882255907
0.011729711927569
0.010042528202827
0.005607579331600
0.000270749623308
-0.003863153380976
-0.005601330420340
-0.006205250914778
-0.008355296328131
-0.012974701729599
-0.017556544264006
-0.018510833952477
-0.015767500674486
-0.013824205671399
-0.017217268968029
-0.025921571210949
-0.035038290453517
-0.038227196673911
-0.032726312450850
-0.022131211794488
-0.013929807676979
-0.013725188109552
-0.021197846404413
-0.031201815691100
-0.038184180642911
-0.039084639879053
-0.033945600348984
-0.026073728723885
-0.020081406861500
-0.018050146439423
-0.018910896332813
-0.021159136375537
-0.023657882074126
-0.024662061213242
-0.022830381199944
-0.018790311875019
-0.014344905969515
-0.010774512877681
-0.008220531016565
-0.005796243999710
-0.002004954237105
0.004297997265126
0.012706157101868
0.020764226511060
0.025168125265834
0.024496711599925
0.020822920461581
0.017783914429046
0.017417992082902
0.019598377182954
0.023179195808621
0.026577114179386
0.028416490258138
0.028350533443459
0.026979737912677
0.025252896508447
0.024259676699902
0.025057997178298
0.027443573125378
0.028856257724056
0.026502523706733
0.021127529209765
0.016884082906880
0.017097907559820
0.021099759809926
0.024974658951524
0.025629785425790
0.024366006811847
0.024547635646694
0.026017040657716
0.025219323752668
0.020972186283456
0.017266768068378
0.019223990945123
0.026831646183294
0.033845975701463
0.033502168995943
0.024700283533301
0.012511280876865
0.003439022955234
0.000706144153763
0.003640272295947
0.009536293092201
0.014707258380402
0.015515109243719
0.010729527936576
0.002600286279193
-0.005351938379080
-0.011095132862906
-0.014597741358634
-0.016867730283504
-0.019526957065521
-0.024496349209493
-0.031649577946173
-0.037062562110623
-0.036528967213873
-0.030388838608255
-0.022883115578274
-0.018334089635569
-0.018936577104595
-0.023515460502764
-0.027329229300980
-0.025234214724751
-0.016418394785931
-0.005732072159438
0.000250295484526
-0.001185409058912
-0.006948318819390
-0.011042782752623
-0.009289737484020
-0.002365158807348
0.004874330165097
0.007059903973266
0.002388336124742
-0.005580239857250
-0.010549359962133
-0.008695847092031
-0.001547137880037
0.005638148771017
0.008656365676787
0.007908640335976
0.006438233769184
0.005815369457961
0.006288441574991
0.008778661047705
0.013380085847008
0.018079160622149
0.021441313233566
0.023900771698920
0.025163958589172
0.023399190280260
0.018132798834840
0.012044318940639
0.009494560816802
0.014164857992821
0.025944212323816
0.037758729841125
0.039223554750246
0.027640580111332
0.012627149933858
0.006480020491064
0.012032198959536
0.021754655571529
0.026331815302536
0.022318021190068
0.013404816409126
0.006921928670149
0.008188073204328
0.015220754870467
0.019543693043572
0.014651495091258
0.002813688253589
-0.007558836942329
-0.009855335816400
-0.004211885496365
0.003873766159893
0.008527720145420
0.007190193423890
0.001041150581735
-0.006527357872533
-0.012055839531147
-0.013746483817952
-0.012017745434939
-0.009386152694481
-0.009133377280239
-0.012525753987950
-0.017521357438343
-0.020589102031330
-0.019910251089359
-0.016924892627997
-0.014330997559422
-0.013571298318636
-0.015052857930716
-0.018592376985060
-0.022472486373303
-0.023858514553016
-0.021269769466539
-0.016388508555924
-0.012748518486892
-0.011957979244272
-0.012090482801633
-0.010882101051335
-0.009165302495608
-0.009840321721254
-0.014276179479371
-0.020796057159207
-0.026750400169525
-0.030286198990747
-0.029285344483745
-0.021855301537192
-0.009864135770830
0.000260405709077
0.001994451109468
-0.005426633393273
-0.015091666792918
-0.017787397027708
-0.010831600308078
-0.001001636141605
0.001744899828441
-0.006945336482184
-0.022824779949839
-0.037037312177573
-0.042001983029453
-0.035560159166819
-0.022600187359554
-0.011764418711236
-0.007966673971607
-0.008459347558072
-0.006451127468620
0.001937957991677
0.013254291438915
0.019425694308802
0.015903838177716
0.006428532852246
-0.000528479621994
0.000416718956367
0.006762150257117
0.010521557650739
0.005870963748411
-0.004941531151247
-0.013113756880613
-0.010845879465416
0.001912650563615
0.017594348535319
0.027417986459020
0.027676403903971
0.021302686957878
0.014825717013446
0.013652288793160
0.019048003675475
0.027795632997470
0.034204467949989
0.034319707092763
0.029583503193327
0.025946773958699
0.029063084539852
0.039767543165504
0.052765822680874
0.060086130889156
0.057603139820174
0.048250278951247
0.038759000310017
0.033973440727669
0.033834054993497
0.035010856852287
0.034977201503722
0.034172993171052
0.034110823952802
0.034110383661283
0.032288443346026
0.029427612672088
0.028330578466972
0.029982717173626
0.033171251024882
0.036210954900727
0.036788333544889
0.032362889071942
0.023115518950242
0.013377437981484
0.008789423353367
0.011639970578087
0.018454108741819
0.022346729549950
0.018932044254466
0.010600927831933
0.003874360671163
0.002349700563240
0.004155469404385
0.005711444659762
0.004956903940003
0.000877968099602
-0.006991506866699
-0.017028838694700
-0.025345875483380
-0.029079551925497
-0.029225671812110
-0.029288091956369
-0.032116438883786
-0.038537800508937
-0.047055977833097
-0.053983052308659
-0.055929078178608
-0.053051190661125
-0.049188846043724
-0.048959841813782
-0.054050462243127
-0.061232204094882
-0.064643473862028
-0.060999610096076
-0.052531434112601
-0.044228947836986
-0.038353085207846
-0.033430117317176
-0.028553654119124
-0.025237713076959
-0.024666673534603
-0.026473628526853
-0.030087163664095
-0.034293739157329
-0.035798303599395
-0.031572719201177
-0.023281562756853
-0.016125074674355
-0.012773191270452
-0.011810691210249
-0.011677976749610
-0.012203693093625
-0.012387990612387
-0.009541244064511
-0.001631064120825
0.009355449096112
0.017123548330960
0.016166569688220
0.007650854125088
-0.001019520525974
-0.002649670818443
0.004124552608533
0.014210422175341
0.019771031715226
0.016180010243553
0.006851018628884
0.001522287090333
0.006759723503865
0.018625064044832
0.027354898043948
0.027829875876757
0.022615208238759
0.016666355421939
0.012856949953742
0.011699178294955
0.011813964181642
0.010914992595103
0.008435489328625
0.005955967050061
0.004062865341874
0.001498965185146
-0.002075449271968
-0.005245751254710
-0.006323034057461
-0.004060625396338
0.001300382972936
0.006964344389713
0.009578557725249
0.008142957818505
0.003922874941614
-0.001006909996785
-0.004790204012842
-0.006892839138166
-0.007727503289128
-0.007049131222062
-0.004972081809096
-0.004659508899380
-0.010396166953528
-0.021063247173889
-0.028631191620104
-0.026060748053246
-0.015032402123844
-0.004590522509974
-0.003354801670128
-0.012127300504458
-0.022637343803212
-0.024780209085945
-0.015966688233587
-0.002801824350570
0.005666358082410
0.005542572825196
0.000087042154967
-0.004875918390965
-0.007000171547322
-0.007913844649715
-0.008616877835065
-0.007471304450016
-0.004085894988295
-0.002314338930394
-0.006059474638945
-0.013625721899561
-0.018960090820882
-0.017018586836861
-0.006971507915017
0.007212156932739
0.018309153787067
0.020544482329660
0.015190444707283
0.010637154273237
0.014197479253344
0.023933621070279
0.030880259578929
0.028632095024698
0.018800456758780
0.008547435326550
0.004687233112385
0.008946326249753
0.016874489305585
0.021169723016360
0.017968896664962
0.010929254041505
0.007565088003797
0.011353825284040
0.019172124192939
0.025563474918296
0.027103809822447
0.023329464370000
0.016117634772381
0.009015731618908
0.005926741657673
0.008637944837364
0.014659970028194
0.018193519364545
0.014894601239586
0.006609040234289
0.000543616414789
0.002493054944422
0.010869873038997
0.017735720524434
0.015390958120266
0.002759644379587
-0.012951954185381
-0.021328510365640
-0.017339758330575
-0.005795484894159
0.002749658760004
0.000856337973538
-0.010409929983375
-0.023539435349029
-0.030784788211577
-0.029166028516051
-0.021618883947262
-0.014492930714220
-0.013354254101385
-0.019720484112931
-0.030135412661158
-0.037829519036271
-0.037120670260625
-0.028124041048116
-0.016914546709050
-0.010576658812045
-0.012352410256900
-0.020921655138898
-0.032089736201479
-0.039842441180647
-0.038553025464981
-0.027541484902076
-0.013002854347688
-0.003711126553798
-0.003880068988561
-0.009804389633298
-0.013638642275615
-0.010472588099590
-0.002049024429493
0.005311342358874
0.006287697571655
0.001206034114358
-0.004583809716060
-0.005986131082519
-0.002195798681370
0.003745708723777
0.008152119848604
0.009908858437425
0.010876491423264
0.012961966924443
0.015651152921034
0.016996456649541
0.016085473173726
0.013492295756052
0.010122298869131
0.007044167359161
0.005385307537662
0.005077048942118
0.004747988255699
0.003036119586649
-0.000994447861465
-0.007651421460867
-0.015128760796338
-0.018944269269571
-0.015127269484490
-0.005475207712241
0.001709218547221
-0.001081311179402
-0.012659466449729
-0.023878414111561
-0.025597988519435
-0.016249642896122
-0.003114862417891
0.003963992023085
0.000267243885621
-0.011863528773091
-0.024927207074570
-0.029356978126001
-0.020487598123953
-0.004449943850082
0.006341367193088
0.004073306770224
-0.008992480934214
-0.023561817466903
-0.029917582379848
-0.023959637297289
-0.010310428805385
0.000534971075024
0.000710903832492
-0.008615562463586
-0.019920331873017
-0.026361751247183
-0.024824164816851
-0.015822305284744
-0.003723300669481
0.004696184889677
0.004701884313745
-0.002459017216078
-0.010091534821515
-0.011096696744329
-0.003361366316024
0.009063188908480
0.019285350377584
0.022121650819898
0.016868224580994
0.007249841270780
-0.000931050116493
-0.003179519150558
0.001157627022975
0.008741857909860
0.014657073103289
0.016052888815613
0.013789575538895
0.010264946177868
0.006911579570954
0.004892417925395
0.006031026493896
0.010929785295211
0.017439825838547
0.022086987768978
0.022797133511602
0.020584028913675
0.018136561880938
0.016421665879850
0.014009557821830
0.010163976919894
0.007532719217056
0.010291744286997
0.018839066038499
0.027925847071519
0.031555926815288
0.029040441353767
0.025258339373328
0.025240919997096
0.029656613306261
0.035581962204452
0.039782614255607
0.040359102806620
0.037274102732968
0.032796169866270
0.030163989124876
0.031052194494944
0.034489068691601
0.037849701289913
0.038836611778767
0.036771823292163
0.032631910598450
0.028474854779467
0.026208217512241
0.026107792267192
0.026749958699849
0.026379167721546
0.024019866174005
0.020103232400173
0.016734601766686
0.016289216217580
0.018644836386628
0.020109017005459
0.016346093968324
0.007454330236975
-0.000660182157325
-0.001516988811211
0.005430471715456
0.013924504845878
0.016337814644757
0.009967879983526
-0.001595963934699
-0.011561362048189
-0.013730196544233
-0.005966708924667
0.007854946345134
0.019781266778354
0.022961741889616
0.016372680029596
0.005434668248982
-0.002359333003899
-0.003230432753290
0.001125815998838
0.006627910913906
0.010506757327305
0.012116061582817
0.011373111576897
0.008299375179034
0.004402104917127
0.002232438606322
0.002581077246799
0.003208155828256
0.000731204458640
-0.005887274724797
-0.012901202138140
-0.013647674899835
-0.004714454394379
0.009559375544339
0.020027367981164
0.020651187497936
0.013087192888228
0.004112982142947
-0.000283979195905
0.001044216066795
0.004410010958508
0.004991059370141
0.001240724359617
-0.004359421093863
-0.008714322001921
-0.011141655225649
-0.012322443155883
-0.011574443335815
-0.007721935727693
-0.002560883506243
-0.000652997650291
-0.004734562173443
-0.012410529075501
-0.017913209389634
-0.017239678367002
-0.011585025609523
-0.005689362874152
-0.003676609483634
-0.006871495511058
-0.013790071332815
-0.020688327676625
-0.023272047821527
-0.019897950637435
-0.013320398141597
-0.008084194541542
-0.006120321565662
-0.006137263288364
-0.006987068147337
-0.009455312114710
-0.013938837211992
-0.017633721658550
-0.016214095457019
-0.009508852453815
-0.003149618642819
-0.002189997010829
-0.005349880739631
-0.007840716061279
-0.007905701654442
-0.008608145803932
-0.013518021345334
-0.021365388026738
-0.026311015125292
-0.024026262207864
-0.015943462094753
-0.007570248942205
-0.004118478536899
-0.007264410073426
-0.014342785394730
-0.019685845399532
-0.018310669431762
-0.010589090650466
-0.002578802138976
-0.000451411374916
-0.005316915558549
-0.013433803540237
-0.019971662561832
-0.022160438573292
-0.019897782003893
-0.015031085003002
-0.010839240665110
-0.010689085032965
-0.015283594520931
-0.021248683083910
-0.023448317541730
-0.019380244677161
-0.011580987120123
-0.005695279516081
-0.005927745726584
-0.011601394571341
-0.017535534651569
-0.018363999379320
-0.013100989455897
-0.005573740398033
-0.000876350512375
-0.001344764164897
-0.004810667839599
-0.006322430472225
-0.002308698359358
0.006165348342640
0.013515963782220
0.013448557132916
0.004882032561026
-0.005383236474634
-0.007816757227552
0.001113410739442
0.015405787527238
0.024771173946663
0.023958762629595
0.016525087438981
0.009545292629231
0.007065079448903
0.008941548202550
0.012948807551962
0.016521891071346
0.017294083362353
0.013639533766359
0.006487623952548
0.000207422288112
-0.000053224326298
0.007158051591904
0.017582778955574
0.024927193094952
0.027106108675895
0.026878622074247
0.026764775119815
0.026582281885361
0.025529094771388
0.023938211779235
0.022731756898036
0.021724518053474
0.019449513569812
0.015740695117177
0.013003959603762
0.013901413502712
0.018529749809740
0.023171813075940
0.022418385036308
0.015102417720111
0.007120131155958
0.005418958856749
0.009842829149229
0.013251712001751
0.009660814514114
0.000537040778557
-0.007683341974079
-0.010818107214419
-0.009972177931080
-0.008490214124079
-0.008502270764590
-0.010781145695543
-0.015317910054820
-0.020143687540791
-0.021565818485556
-0.017695686016452
-0.010964386801344
-0.006343997549091
-0.006867608178169
-0.010936547278570
-0.015025521385719
-0.017857216998102
-0.019696611747318
-0.019913249556183
-0.018447747956610
-0.017757155258358
-0.020479697330903
-0.025831140809075
-0.029567377743111
-0.028111346151333
-0.023205200673139
-0.020600697948689
-0.023218084555524
-0.028703851506387
-0.033660371600203
-0.036277751814881
-0.035256892559372
-0.029888350339736
-0.021691625482545
-0.014127646695677
-0.010017031104118
-0.009024260496460
-0.007185713039595
-0.000231618070723
0.010759746044525
0.018535843515255
0.017152726086618
0.008983030230319
0.001694191213790
0.000084257655116
0.003958362441754
0.011655565290606
0.020904985824791
0.027450518552655
0.027677909890801
0.022490378521273
0.016231132360429
0.013502892348975
0.017563243932174
0.027517688244668
0.036059854419360
0.034105506780096
0.019502371126124
0.000229286410095
-0.011510146684017
-0.009326124246689
0.001739920577627
0.009438945085520
0.005183254667000
-0.008806509235151
-0.023285955609915
-0.030899244386551
-0.029624669615812
-0.021759604543737
-0.013714880534386
-0.012949501716155
-0.021451559036592
-0.033966479778400
-0.042651504433365
-0.042361655202268
-0.034099832751830
-0.025544572583110
-0.025780173278200
-0.036552673446269
-0.049595579346367
-0.054671005249672
-0.048730826905868
-0.035758574290977
-0.021933355047683
-0.013514816117320
-0.014604222141353
-0.023486815861032
-0.032803591243651
-0.034696313998550
-0.026538034382336
-0.013138428384365
-0.003424251704100
-0.003413228486819
-0.011223292451161
-0.018690599255312
-0.018402712449377
-0.009612969493506
0.002257514938978
0.010542882135012
0.011560416807198
0.006051159830831
-0.001721547597821
-0.006143418298929
-0.003510515884176
0.004673781326542
0.012536512801160
0.015379138121180
0.013394310980505
0.009676270728046
0.007055795730305
0.007698433201770
0.012468475293379
0.018826627692362
0.021967186014626
0.020024155481400
0.016458683705718
0.015370176164209
0.016080279991532
0.014592655734361
0.009313443891971
0.003599627074418
0.002345264388691
0.006498690839796
0.012323897954384
0.015625674102380
0.014267288319607
0.008095223125352
-0.000084259144548
-0.005208772665957
-0.004140473885157
0.002318943088190
0.010572606185504
0.014805421779993
0.010215528931591
-0.000492459912420
-0.007730699011805
-0.004709069870209
0.006710066532468
0.019112889181075
0.024614936838599
0.019481821464566
0.007956645706332
-0.000352029890601
0.001210573308877
0.011317961483705
0.021911969293325
0.023635609260212
0.014047181674414
0.001298729535797
-0.003488532634930
0.002638167069111
0.012351038551926
0.015839934351642
0.009628233526399
-0.001120743641304
-0.007097076688970
-0.001934277217328
0.012746126685438
0.028115220636421
0.034575686432771
0.028753626968006
0.016241064788024
0.008134463954786
0.012338746889325
0.026340505732570
0.039004681976439
0.039815447867550
0.027318809600290
0.010388677343920
0.001114459273604
0.005353718322512
0.019176109396529
0.031906276010047
0.032500408001128
0.017770314542949
-0.003298315300542
-0.016373746819137
-0.014506816154932
-0.002828039980699
0.008193093317179
0.011028383665377
0.003974302265029
-0.008909349999440
-0.019614948465376
-0.021654821028362
-0.015092031790164
-0.005622906127771
-0.000026707276279
-0.002390513017853
-0.011735102194538
-0.022218239465835
-0.027086575615211
-0.023142879465969
-0.012650617952352
-0.002108665920873
0.002649967346838
0.001450796457755
-0.001302985827835
-0.002487263749585
-0.002997110514481
-0.004917965473207
-0.008721387464783
-0.012770398204481
-0.013407096204647
-0.008088379635458
-0.000213894653093
0.002326177698190
-0.005507938449058
-0.020752407696076
-0.033504832019878
-0.034088584295904
-0.021793061181736
-0.006087612817409
0.002214263833586
0.000024040218736
-0.007866524375948
-0.014552780073190
-0.015246117843168
-0.009027745551106
0.000426254528232
0.007587328965579
0.009944972522491
0.008088167338738
0.002681774575479
-0.004272030486225
-0.007565470572964
-0.002797191120051
0.008665155415300
0.020334835499976
0.025290920482854
0.021218080467755
0.013295803352359
0.010767420792307
0.017958200295675
0.029856113419062
0.037697238150274
0.037023542907963
0.030436800869252
0.025270812753245
0.027792646166245
0.036711157749701
0.043381149068482
0.040673275700351
0.031254073798307
0.025753328727273
0.031569519215622
0.043707581647013
0.048492503306886
0.037314551611954
0.016819228853565
0.004642899588190
0.012849578419712
0.035287049897647
0.052570181444926
0.048954554234949
0.025239297020587
-0.001109677382131
-0.009333999446515
0.006132288237329
0.029865638230641
0.039838297633715
0.027156964061664
0.003010275948268
-0.011602025516560
-0.004695508363597
0.015690305444602
0.028974358239956
0.021250387014549
-0.001613902385539
-0.019502973355016
-0.017209433674811
0.000945626699876
0.014969781233368
0.008506114455474
-0.015342521638587
-0.038314047590926
-0.045170432590497
-0.035100914157603
-0.019116640892701
-0.011218416629632
-0.018222719579887
-0.032834991302957
-0.039669193526762
-0.031440523243159
-0.015679424935858
-0.003895901108383
0.000418102135795
0.000819210204378
0.000653776819202
0.000255883075005
-0.001354116073552
-0.004042836832042
-0.005791752964891
-0.005054523312986
-0.003330004066954
-0.003840993799893
-0.007976209128470
-0.013169030515673
-0.014481137425222
-0.010215795895329
-0.005091033099429
-0.004888323283158
-0.009144332430637
-0.012082347063023
-0.010108664012192
-0.005737483670545
-0.003809378447653
-0.005998834673509
-0.009645082811500
-0.010403978937886
-0.006574914979302
-0.002248225169114
-0.004034759931109
-0.013335456507466
-0.024323897075676
-0.029668264276373
-0.026500835450616
-0.018492617038080
-0.013244357780847
-0.015485311725908
-0.022522978390717
-0.027858401287563
-0.028052963304444
-0.024551335672408
-0.020714569617152
-0.018875079010629
-0.018988637656256
-0.019035938044519
-0.017765440078499
-0.017033683698720
-0.019535166308497
-0.024413526150426
-0.027287495890150
-0.025098145668999
-0.019829162592741
-0.016581309673021
-0.018423803006312
-0.023910504739427
-0.028889009519857
-0.029965141028607
-0.026648498858614
-0.020448934786356
-0.013061955611636
-0.007113963894481
-0.006410487771562
-0.011908723012577
-0.019236389321263
-0.022615174296384
-0.019692518070657
-0.012523451129351
-0.005943600156704
-0.004672357267164
-0.010022926539192
-0.018264488843318
-0.023043411544735
-0.021026393771092
-0.014182350546067
-0.005927811685739
0.001767027540564
0.007093309248232
0.008415835302942
0.006518760299741
0.004481545712404
0.004977421024835
0.008348551365411
0.012340856051750
0.013194487703514
0.008579513556002
0.000744421436593
-0.004578627465190
-0.004035889559279
0.000076478294364
0.003301790943574
0.003266830517931
0.000305294413454
-0.003180969155857
-0.003931576056464
-0.000534615014509
0.004862226335943
0.008377655737050
0.007820384438246
0.003947437911323
-0.000676158083714
-0.003048530651390
-0.001419345992224
0.002837962164053
0.005986469928668
0.005463628311671
0.002119508855275
-0.001401697487623
-0.003835343999058
-0.005641768629481
-0.006184977100562
-0.002644488758397
0.006578290569269
0.018007415570768
0.024111087419832
0.019627699894332
0.008070897968289
0.000459735168589
0.004918089031365
0.017764575368450
0.026491611173763
0.021991768008766
0.007785389574504
-0.003169104713049
-0.001303309702157
0.010452961863730
0.020754108340275
0.021343417415698
0.013944224411088
0.007746085586516
0.010517196454473
0.021052019051878
0.030592580064607
0.032080030262504
0.026907362748887
0.022199650654762
0.023133188696182
0.028356547472969
0.031802063527992
0.028905581604040
0.020752669027068
0.012010481338621
0.006621141236658
0.006329281154565
0.011209352809494
0.018999950565610
0.024630260981443
0.023951803291657
0.018819800386260
0.015816359162077
0.018990023072620
0.025408668273010
0.028144132415915
0.022806664574254
0.011898650203880
0.003182701100513
0.002396046187664
0.007972042660691
0.013826864651907
0.015203047335275
0.011212975026784
0.004583196807428
-0.000374943105734
-0.001254041791520
0.000843785236081
0.003469708655047
0.005569565230915
0.007162072699627
0.007318331558061
0.004749581524076
0.000235094525067
-0.003390102270651
-0.003722404518460
-0.000799267742554
0.003617127133072
0.008527978115197
0.013783965766110
0.017924323602028
0.018476135688127
0.014436580231203
0.007435008136239
0.001374521649079
0.000257097559449
0.004129245566013
0.008138794706818
0.007937618575879
0.004919382660585
0.003597957265644
0.005053597028308
0.006387397081965
0.005765673160703
0.004353915665610
0.003866079792898
0.004946786017189
0.007318186344007
0.009942107808519
0.011177149999451
0.008986799185886
0.002550114660391
-0.004369962648745
-0.004689501048825
0.003846356168241
0.014539693713968
0.018118766832819
0.011084157500138
-0.002544312296732
-0.015287021573228
-0.021417544370967
-0.019782358904274
-0.013214068596866
-0.006127860869309
-0.002271105891550
-0.003304040986965
-0.008035970511663
-0.012763429000678
-0.013931144995909
-0.011220694992993
-0.007377537778684
-0.005395798850048
-0.006044659612439
-0.008108194121437
-0.011323448955370
-0.016910717894486
-0.023903756488265
-0.027429189239389
-0.022356138314403
-0.009695696465881
0.000924008445761
-0.000574346802899
-0.012592898062475
-0.021934848121068
-0.017867449607911
-0.003871269629502
0.005988963011806
0.001990668193474
-0.011293947622617
-0.021570854867295
-0.022852639027260
-0.019085208783407
-0.016526446588405
-0.017336784192644
-0.019446520981053
-0.019575372168127
-0.016988866925349
-0.014834684433478
-0.016714249551912
-0.022461928800238
-0.028003810494036
-0.028950757819279
-0.024493794790189
-0.018374941958051
-0.015720044412902
-0.017894651273420
-0.021045964321875
-0.021197796419989
-0.019352511255788
-0.019365172384766
-0.021794235406435
-0.022655325302183
-0.019693989445978
-0.016898346456141
-0.018804877742743
-0.022505092278460
-0.020010806344083
-0.008450709780954
0.005094659547386
0.010235334222401
0.004064166450838
-0.006268272630138
-0.011895852200814
-0.010724469706647
-0.006708170816226
-0.003120595842585
0.000801569627018
0.006333093314995
0.011337158799330
0.012073969039759
0.007352190055169
-0.000009855433123
-0.004892518452221
-0.003796799650876
0.002254331155341
0.009119531114151
0.013646089884032
0.015905815530312
0.016775133128465
0.014843554654549
0.008730900222717
0.001214228863604
-0.002541538439136
-0.000207597791049
0.006515900901432
0.014456215706406
0.020767167645618
0.023241763942044
0.020440419727150
0.012823454447445
0.004246900182083
0.000405484828316
0.004255475415790
0.013385333528061
0.021606967089227
0.022997765521939
0.016657803195575
0.009056300102806
0.009430853841936
0.020030988182290
0.032058201618896
0.034380620680242
0.025293189085994
0.012597213022234
0.003937030198155
0.000607482286929
-0.000453642734772
-0.001624759907018
-0.002059138490020
0.000396972122934
0.005216627753779
0.008165157193506
0.005573297445986
-0.000550734736792
-0.003898576211449
-0.001148501426597
0.004053050671666
0.004927574111842
-0.001511404448496
-0.010912936416497
-0.015026778029478
-0.009500834888014
0.001556482141244
0.008727186594506
0.006318936762646
-0.001253026375584
-0.004776833511676
-0.001668772105795
0.001669757589361
-0.001470689974737
-0.010309811606032
-0.017566103244001
-0.016914608123140
-0.009166334831644
-0.000946207860664
0.001933350944777
-0.000752571275737
-0.004189650195609
-0.004035381406378
-0.002071366099923
-0.003822406089350
-0.009809654630981
-0.013451682757649
-0.010413139349186
-0.006146180479867
-0.007880910609472
-0.011686294931199
-0.007762232957252
0.002309970439797
0.006306338930986
-0.000137063853076
-0.008463789537006
-0.011736339696115
-0.012421516916359
-0.014221636632289
-0.016426960340509
-0.018088254633443
-0.020213262958749
-0.022745028773945
-0.024046404850091
-0.023037933928299
-0.019881493602174
-0.016026525589863
-0.013277312485100
-0.011954853610375
-0.011336529258434
-0.011239510285317
-0.012051650423936
-0.014056387675860
-0.016403390405532
-0.016457881954257
-0.011891935637752
-0.004255775678030
0.000608794398786
-0.002036609688265
-0.009115698192465
-0.011538916322949
-0.004995839084257
0.003811441747973
0.004775125970742
-0.002970778084985
-0.009497988085743
-0.006224777907490
0.003319517168359
0.007539902558922
0.000737670657169
-0.009647465226637
-0.012063857162902
-0.005508429849421
0.000311948912215
-0.000617338927383
-0.003563550541359
-0.002412117029929
0.000858790721277
-0.000473398528354
-0.008865393382094
-0.018776503628349
-0.020644223654459
-0.010041619103146
0.005732544074724
0.013129111658299
0.006270724942797
-0.006971213219552
-0.013842895316524
-0.008828827731455
0.003764578415055
0.015508277024981
0.019890587134128
0.014679667637965
0.001735784108070
-0.013165118472046
-0.021192929404082
-0.015087235077694
0.003924808100117
0.024443436931256
0.032950195965822
0.025493580006517
0.011253544296695
0.003956077301631
0.009747860020276
0.022655188541356
0.031413709871171
0.031096508138110
0.026659256146533
0.024918606563371
0.026961767897459
0.029616790690805
0.030538589439352
0.030139784384067
0.030488252663954
0.033225161873886
0.037302228711071
0.038807964628555
0.034562789499967
0.026012726475658
0.019095503925047
0.019523029705625
0.027133849969867
0.035828923806603
0.040335928626233
0.041618804659546
0.044218984902100
0.049976759381626
0.055853062476066
0.056782958894120
0.051145877001807
0.044136403784864
0.042238957375814
0.043827935721910
0.040975351656957
0.031566450651261
0.023660426591391
0.025839769939188
0.036649824050487
0.045352730226376
0.042490817895631
0.028489457172632
0.011613048010122
0.000367874051365
-0.000265216292630
0.009955055692912
0.023533178087824
0.027113211406607
0.013914746072059
-0.006524071488087
-0.017317614367732
-0.012902557636030
-0.003609729003805
-0.001356882556406
-0.006473865460714
-0.011294064875505
-0.011105031973220
-0.007076373052712
-0.003673809144306
-0.006682936088623
-0.017247344560738
-0.026857711478636
-0.026322514839933
-0.018347150413755
-0.013449786909058
-0.016438208179347
-0.023480989695458
-0.029557885387500
-0.032888109064657
-0.032592579855260
-0.027108654203718
-0.017354119476209
-0.008949948342239
-0.008703516896484
-0.018140735949171
-0.030582339826308
-0.036457981884914
-0.032631323272938
-0.024838424343222
-0.020268853527848
-0.019975432129297
-0.020271605033649
-0.019324613392116
-0.018803025747408
-0.019958822580235
-0.021588228633872
-0.021353984086845
-0.017196889697740
-0.009482640957648
-0.003236202418667
-0.005039818671401
-0.014952355608614
-0.023337417693946
-0.019124323795815
-0.002172127112020
0.014037651051543
0.013934096207667
-0.004610547932597
-0.026738166237998
-0.034195390166564
-0.022439640031871
-0.004093266690911
0.003226342218609
-0.006588867450916
-0.022732389229321
-0.030065933606967
-0.024530462191499
-0.013182218250077
-0.004561423187440
-0.003156518902426
-0.007932777519534
-0.012790761774338
-0.012301847828530
-0.007753175638709
-0.004074478017005
-0.002128265040980
0.001479373075256
0.007047362205821
0.009077339449326
0.003378682967347
-0.006562332700583
-0.012611349610191
-0.009641966768973
-0.000612204320435
0.005697153182253
0.004352191682868
-0.000404517074767
-0.002482453648135
-0.001794414192133
-0.000789513084457
0.000692253045973
0.002234149437563
0.000783746517226
-0.003361651965668
-0.004188502617360
0.002010984893285
0.010271842339436
0.012273632287922
0.006177657093649
-0.001668221248240
-0.003899701994857
0.001578944851149
0.011391000539412
0.019795352566575
0.021617654555365
0.014449678053493
0.000990844366323
-0.010648646360872
-0.011736003297284
-0.000232930068369
0.015662145999592
0.023054378002989
0.016768219747548
0.005135734674934
0.001067718238488
0.008960225674385
0.020594055160452
0.022881250914170
0.011888735501209
-0.001466003643991
-0.004155997277015
0.002808429461477
0.007692961008827
0.004607749916613
-0.001506034778026
-0.004618068081194
-0.004204299445225
-0.001801211782530
0.001370621486145
0.001247452058088
-0.007348424306205
-0.023177037448464
-0.037384178858561
-0.040094893450788
-0.026973970551705
-0.003748339486776
0.014098382400998
0.011459750229616
-0.013065859810810
-0.044205863644227
-0.060910826408761
-0.052306406799014
-0.026052570459054
-0.001923981883646
0.003290971855604
-0.013519667903763
-0.040302872493079
-0.057283502850252
-0.051712421880548
-0.028015891188996
-0.002796393090275
0.008751137860808
0.002468439325472
-0.014158434196357
-0.028885474798066
-0.032765538526567
-0.023281508972317
-0.004555626199808
0.013908440177794
0.023236834008821
0.020560323060809
0.007194280391058
-0.013401539346025
-0.032432469433224
-0.036356150814138
-0.017847647684933
0.013167220443160
0.034243750904127
0.031225513871597
0.013092676597222
0.001738563801338
0.008491819671765
0.023684230129019
0.028720593212834
0.017420220474064
0.002408076018615
-0.001097458152224
0.008131392284595
0.019233179927953
0.021514862907969
0.012771582594295
-0.000692835660078
-0.010223041514413
-0.011005474605548
-0.003219672816934
0.009531210939892
0.020153680668073
0.019920751928560
0.006885763022304
-0.008733815146289
-0.013819594046216
-0.005771629072099
0.007200404576348
0.015202397095824
0.013313952875658
0.003726962113784
-0.006798368711473
-0.012983379353319
-0.014460586250706
-0.014077526765585
-0.013885759034771
-0.013195920514864
-0.010868862811373
-0.007984329219221
-0.007115892950541
-0.009648247033457
-0.014058928230182
-0.017139358426717
-0.017348926324577
-0.015904175506997
-0.013914762016486
-0.010514970891092
-0.005815896605693
-0.003949297561632
-0.008910751634383
-0.016740950870723
-0.016963153363449
-0.005114864052142
0.009083643871323
0.010795286449782
-0.001745229881061
-0.013357267348350
-0.009806505389609
0.006009530176856
0.020003749572762
0.023217534094790
0.017370655699768
0.009474480209939
0.006780483884155
0.013438593495652
0.026338055420339
0.035829553977287
0.034747993459773
0.026202270612427
0.019892814193078
0.021204613822597
0.026765843856313
0.030619403045766
0.030988965920729
0.029804495647327
0.028534577709466
0.026898809971166
0.024087890032188
0.019585561408729
0.014939267395644
0.013560406198759
0.015652078904995
0.017326836545217
0.016486853128299
0.014138802404223
0.010893584623294
0.007593014328570
0.006907317022452
0.010090733803109
0.014013711764991
0.013716395523381
0.008181760140430
0.003539884021410
0.008095694439725
0.021457187134552
0.031172453775773
0.024592540915586
0.003239836919037
-0.017439053608623
-0.022104769072574
-0.009155557822728
0.007730839686624
0.011894084304578
-0.000773640001386
-0.018610839008440
-0.026760711427193
-0.022044846006744
-0.014261667095139
-0.013334964938133
-0.019087172161080
-0.025705066473555
-0.030208124091417
-0.032121442474452
-0.031521424026400
-0.031608459250964
-0.036702173112586
-0.044597578135094
-0.045736512195610
-0.033496232509734
-0.015067717803352
-0.008320261290353
-0.022603829548608
-0.044726835142678
-0.051296185283565
-0.035086974643053
-0.013806179974856
-0.011203380005374
-0.031943020763761
-0.057393468676387
-0.065795882066445
-0.053522401685656
-0.034856883018916
-0.024729788371640
-0.026190765907509
-0.032746105255884
-0.037312858300683
-0.037339065942324
-0.034614673641596
-0.032571855968409
-0.032463954038902
-0.031212395681197
-0.024999512871175
-0.016221110391487
-0.014521546423805
-0.027052579120775
-0.046791995211055
-0.056051606224679
-0.045626349950706
-0.025079390917118
-0.010093320925878
-0.005315067129955
-0.004548913792142
-0.003332001665556
-0.005052771243513
-0.014684942807918
-0.028833253439534
-0.035053480109321
-0.024137229943954
-0.000771344478313
0.020510831206655
0.027483411176469
0.018580801034494
0.002750778085966
-0.008179944119507
-0.007165479293974
0.006386366858045
0.026772323656031
0.042306323195840
0.042335297032339
0.027627163092272
0.010696526812768
0.004352809483393
0.011349817852110
0.025099051609298
0.037779929101436
0.045242465383135
0.045863509669353
0.039743565675155
0.030044513849822
0.022072641706219
0.019500132703381
0.021612103341960
0.025408327927206
0.029713245130120
0.033802507350707
0.033731504618721
0.025591136444446
0.012089152858957
0.002713248169975
0.005920494989464
0.019443103870630
0.029977130928559
0.026369379782480
0.011578377728973
-0.000958708693581
-0.000986772289737
0.009634930755642
0.020327483372663
0.022733659032907
0.017185736490568
0.009609987587779
0.005398180568656
0.006016667041098
0.008415735663069
0.007275711326108
-0.000522116234932
-0.012021131866798
-0.018762544181885
-0.013898660608753
-0.000713762306420
0.008502538648942
0.005861632709739
-0.002222182311600
-0.003107224384452
0.006019061354621
0.014115536805908
0.008327946801004
-0.011049462316457
-0.028276186397435
-0.026345479520159
-0.004226363284102
0.021097464682808
0.029935410610422
0.016446530945731
-0.008174798277231
-0.025409518261409
-0.023026338899839
-0.004289136281772
0.013672762405777
0.014071366359761
-0.002254611475056
-0.015748731563747
-0.009679323694354
0.009776174183660
0.020829950960027
0.011046164484858
-0.010598383261544
-0.025000017328663
-0.021249111158924
-0.004089083312179
0.012987372461651
0.019999703519523
0.016579977591278
0.008835136079281
0.002940509208300
0.001794467186828
0.005468812170694
0.012623402326726
0.020471656587784
0.024286180880736
0.020452039724193
0.011231891432942
0.003698467605808
0.002851109118283
0.006820484788087
0.009714624530579
0.009481494867942
0.010491750252016
0.016369546181684
0.023698135265433
0.025987468686943
0.022081563897942
0.017776203546549
0.018172216358956
0.021091205537293
0.021379029350625
0.018786324358170
0.017099802465794
0.018108530293793
0.020313550976479
0.021966945910411
0.023033826194843
0.024126824175763
0.024705899587536
0.024053631325130
0.022756427791878
0.020572636551560
0.015609015875780
0.009174726596900
0.007525950422761
0.014343384104054
0.024410315794500
0.028624473257374
0.023595198859954
0.013681545409058
0.005928747765681
0.006037429187954
0.015895991678096
0.029545862422516
0.034197012253641
0.023059762283177
0.006535807907995
0.002428604307271
0.014388410633129
0.028280965727861
0.031023485696333
0.023861143163526
0.015578839539050
0.012228485805830
0.014997399902661
0.020385957569806
0.022218486687455
0.018521202191360
0.014648408848437
0.015900571189239
0.020063239594366
0.021010014180686
0.017026506709763
0.011621018097597
0.008209163283626
0.008348738680603
0.013019972734609
0.020791673537797
0.026046165630858
0.022785893605735
0.011063217120859
-0.000936595545875
-0.002970723134132
0.007096839621275
0.019754869202619
0.022263557863759
0.011399023192524
-0.002863697344087
-0.007993137337867
-0.002204174496613
0.005908687082027
0.008692708781056
0.004728837094995
-0.004353941270516
-0.013943095463716
-0.015084730404081
-0.002604414866966
0.014568185531418
0.018929278850800
0.003351414373845
-0.019579229007822
-0.030213727800969
-0.021723202614091
-0.004408315349982
0.007316744167002
0.007125589795319
-0.001925371204450
-0.011834791215679
-0.015668414091522
-0.013762443409768
-0.013451974482066
-0.018977389127851
-0.023720309878607
-0.018247378608062
-0.004962473771662
0.002495260246297
-0.004021029162336
-0.017324865833759
-0.024173799185128
-0.019093471460939
-0.006828844673862
0.004105165449929
0.007000834858890
-0.000835096123425
-0.015652874259747
-0.026346014709873
-0.022166840250093
-0.004378923068377
0.013445350850945
0.018227792216921
0.008645873632531
-0.006005120286954
-0.015528078194155
-0.015404172349773
-0.006418092462038
0.006301768550091
0.014377103680556
0.012428672759042
0.003535836219949
-0.004883488893931
-0.008700231619337
-0.008149958056759
-0.004846222780629
-0.001356267074775
-0.000953429014925
-0.003757310320900
-0.005773933218575
-0.005353017203200
-0.006030815556905
-0.009029408676944
-0.009081176111137
-0.002306603091963
0.007051381375883
0.011159681883403
0.006353556265443
-0.004217371316313
-0.012639793993624
-0.011722927931700
-0.001310325834337
0.010856777009464
0.015492080001186
0.009258180758864
-0.002696110481227
-0.011105795433993
-0.011416445537275
-0.008023546770910
-0.007258788534953
-0.008597737922681
-0.007938946306334
-0.007033046407507
-0.011710047879394
-0.020723471360363
-0.024542913120672
-0.018063867233142
-0.008541790258147
-0.006971920175766
-0.015241046197008
-0.025373389692295
-0.028576879551916
-0.022004130915342
-0.009775713453022
-0.000440060782957
-0.001153968336321
-0.011770462663344
-0.025129510865164
-0.033840655338357
-0.035493104523292
-0.030659882304342
-0.019503003661858
-0.004337535820936
0.006996708221302
0.006094148063806
-0.006388439653345
-0.019191687649218
-0.021072459211817
-0.011535103800479
0.000517224934858
0.006170056394515
0.002899673534113
-0.005561590246850
-0.012681951199857
-0.013415311161646
-0.007831770946677
-0.000397073904765
0.004634819364995
0.006103822941382
0.005463376059733
0.005234646858605
0.007540559582169
0.012339252367367
0.016714925410657
0.017798245110332
0.016140257929957
0.014158743207532
0.012489319884996
0.010160733515758
0.007459145193518
0.006502290567470
0.008556620305977
0.012155936675555
0.014963449975966
0.016073140904772
0.015455735212763
0.013187486124329
0.010103331747596
0.007444596077849
0.005619874224681
0.004498920804584
0.004049371197156
0.003251295311770
-0.000071316883238
-0.006166990977181
-0.011426220178141
-0.011981334261643
-0.008710323565754
-0.007138007838701
-0.012440510970910
-0.024832223742104
-0.039087210076523
-0.047565378091704
-0.044755292285442
-0.031941054243723
-0.018456016231020
-0.015483591278614
-0.025827440406404
-0.040586720961248
-0.047753581842535
-0.043538439290384
-0.034248804087026
-0.028484578887465
-0.029326983590405
-0.033404236381412
-0.035707703794804
-0.034775010974697
-0.033388890759820
-0.034648310973569
-0.038084981283565
-0.039866392677849
-0.036463795280469
-0.028090510748319
-0.018979979645509
-0.013643025243628
-0.012225654009193
-0.011032794712625
-0.008197570823091
-0.007021908459255
-0.012072950794659
-0.021867952388239
-0.027347933798581
-0.020309127229397
-0.003347499763382
0.011489585944069
0.014988752425265
0.009218960267400
0.002493050943839
-0.000343440649040
0.000858656843106
0.006016763219206
0.014743683263728
0.023035882664766
0.025168558645382
0.020707655516755
0.016444339472372
0.018594486539146
0.025617733577206
0.031450941613724
0.033064953850383
0.032076575833937
0.030878763161799
0.029718884889169
0.027962066365895
0.026606047492407
0.027054240151351
0.027858949223352
0.025675266193161
0.019902429276421
0.014220028140940
0.012759448816799
0.015593163215036
0.018974686687481
0.020068788127726
0.019394243893907
0.017790697353450
0.013723395435642
0.005611720401363
-0.004619908393649
-0.012362951719000
-0.014580378442079
-0.011990283114452
-0.007242195509213
-0.003056175266882
-0.002374846751957
-0.007679483770396
-0.018654541880132
-0.031182573770271
-0.039767008953840
-0.041133649395343
-0.035600251881302
-0.026282881892449
-0.017662193951784
-0.014229452694280
-0.018715308244910
-0.029458001123428
-0.039624209027607
-0.041501865380820
-0.032838637598011
-0.018499776101918
-0.006744772907017
-0.004057066594968
-0.010989830149181
-0.021497494987161
-0.027045212949087
-0.022608391757290
-0.010166829391336
0.002701917023609
0.008344330709412
0.004725211136309
-0.003276978088724
-0.008186467307467
-0.006403538580088
-0.000747147213228
0.003719575671008
0.005516690969545
0.007104940674173
0.010185693979191
0.013288632739785
0.015102263129392
0.017611255303623
0.023313551451481
0.030726103359961
0.034968132266496
0.032273163694715
0.023635644159052
0.015205114994957
0.014314954141306
0.023228131408072
0.036552941619391
0.045450032451300
0.044921012868623
0.037113443765873
0.027853593808806
0.021564884786063
0.019823782399048
0.022227252426280
0.026902115475758
0.030810773704215
0.030606917342788
0.024657956455794
0.015510737430124
0.009433618430724
0.011515412289146
0.020572649615102
0.030010844108293
0.034150949978792
0.032061251608314
0.025354853655157
0.015629541304501
0.005206685186597
-0.002308514425511
-0.003680228790069
0.001687412521238
0.010125765189994
0.015177183298551
0.012432879200782
0.002981643065034
-0.007410688787136
-0.012585916031094
-0.010918910053745
-0.006104136434530
-0.003157248906720
-0.005011644334348
-0.011678174004987
-0.019340071313842
-0.021556090180123
-0.015376925948531
-0.005704765727597
-0.000996349799340
-0.005260011070195
-0.015477686161217
-0.025347084495408
-0.029727248701779
-0.027037846173041
-0.019885862551614
-0.013173885057652
-0.010853098006714
-0.014008063655004
-0.020533642212888
-0.026006677253188
-0.026385536307895
-0.021753508921628
-0.016991145578239
-0.016745565346025
-0.020459291353042
-0.024353540278003
-0.026401686824570
-0.026960165621770
-0.026177142139387
-0.022920951461915
-0.016675749917446
-0.010192564086708
-0.008047513424623
-0.010972912768144
-0.014541605133077
-0.015214299112489
-0.013853508244613
-0.011968712589494
-0.008987529509123
-0.005025817063333
-0.003124281345375
-0.006003301937794
-0.011372825531895
-0.013385027036708
-0.009199997371638
-0.001934039811228
0.002805817356034
0.001589356169041
-0.004794348337357
-0.011507418253525
-0.012135931063863
-0.004222804732682
0.006742965694486
0.011955811570324
0.008977948597575
0.004056016494728
0.004307785766551
0.010184208100518
0.016447723700771
0.018535930663354
0.015976895623371
0.010968784612223
0.006641000641609
0.005853392730197
0.008990031377589
0.013526484340702
0.016624232051684
0.016826694613062
0.013888086186333
0.009297704810346
0.006360123178806
0.007630479879219
0.012309656183163
0.016988559739389
0.018864251042375
0.017889232703152
0.015492396142190
0.012214224732768
0.008500665073479
0.007169610435649
0.012007790201266
0.022334017230912
0.031021559993412
0.030682907834795
0.021504303845588
0.011538660196893
0.009370498802534
0.016823779219586
0.028184471090164
0.035210852013419
0.032412296292231
0.019923421824100
0.004654345168773
-0.002255662202897
0.006288403656155
0.025437483495729
0.041026354121386
0.042003724261307
0.029406613032634
0.013060714916889
0.001860715033733
-0.001409145122183
0.001512078556202
0.007383778717175
0.012518141247436
0.013038969711790
0.007081979581394
-0.002557872013564
-0.009871329444260
-0.010355843213021
-0.004216074128117
0.004609569194748
0.012208797516585
0.016179948357349
0.014086706020407
0.004916878246771
-0.007176770909181
-0.014644785840141
-0.012952679991187
-0.004198337542919
0.004485600068192
0.006468788730901
0.001340156384177
-0.005482699075826
-0.008880294545593
-0.007591172258599
-0.002014656231192
0.007611800686299
0.018852988639177
0.025732420542484
0.023337797770271
0.013822349307897
0.005365672908140
0.004560315154743
0.011161610127915
0.019528552809334
0.023349145693377
0.019730154980564
0.011018907715956
0.003275036865396
0.001541121453308
0.005914422125142
0.012608273297814
0.017817303833897
0.019389289203930
0.016279801166542
0.008666430669628
-0.000994718746989
-0.008201613238504
-0.009366673613039
-0.004802375219293
0.001738933056869
0.005744785072905
0.004477904687074
-0.001073879291530
-0.006443447760837
-0.007542314847702
-0.004753705155843
-0.002181877214029
-0.002862673867120
-0.005975179665660
-0.008966614378945
-0.010646571597961
-0.011056100706943
-0.009893025544269
-0.006755618033583
-0.002583065762339
0.000116211079960
-0.000615104967144
-0.003740847475342
-0.006219862867497
-0.006300611600953
-0.004534750827853
-0.002594845221513
-0.002200791169571
-0.004027415312405
-0.006808387308714
-0.007873677421982
-0.005435362932260
-0.000878127728516
0.002018642472333
0.000820260302748
-0.003205870045248
-0.006662731700679
-0.007224173885502
-0.005177678953287
-0.002721955485179
-0.002540026634401
-0.006194356294627
-0.012262026650351
-0.016786277036974
-0.017249097927915
-0.015195318237978
-0.014109318449262
-0.015774156795342
-0.018729809689652
-0.019770630504609
-0.017389016687391
-0.013620031817647
-0.012061149376140
-0.014226626414818
-0.018010040793941
-0.019872114427537
-0.018094158054664
-0.013351302142544
-0.007606716994385
-0.003621188415687
-0.003601197423659
-0.006979072721059
-0.010510189987744
-0.011337061095186
-0.009975254264369
-0.009415409635946
-0.011001914988662
-0.012863439853959
-0.012408367219006
-0.008535836263980
-0.002243515656674
0.003365378722643
0.004856472369670
0.001501844243256
-0.003591738298425
-0.005846439279611
-0.003230229520414
0.002262344982079
0.007151669005652
0.009661101500140
0.010511669988611
0.011322774770360
0.012594973445094
0.013853864427779
0.015383750431633
0.018095756653460
0.021567943863060
0.023548258627558
0.021766033136869
0.016563681119346
0.011812793184807
0.011686121285297
0.016238450463210
0.021710397956868
0.024685619799817
0.024360137854502
0.021347273657903
0.016413650185853
0.011439411116536
0.009615350916195
0.012424266969082
0.017536045615408
0.020934835727474
0.020265006354568
0.016294562242298
0.011948735867359
0.009635366351636
0.009597701876324
0.010322025047361
0.009454975616840
0.005617891921496
0.000277589285228
-0.003531580587827
-0.004300881960559
-0.003122017036879
-0.002460106048786
-0.004021437025328
-0.007131383613772
-0.009389563665248
-0.009495223327411
-0.009044500253462
-0.010510047364678
-0.013696197764292
-0.015785782796655
-0.014971700852486
-0.012306253254647
-0.009993504455478
-0.009381495976623
-0.010288511304336
-0.011589974366976
-0.012767445730779
-0.014441122188770
-0.017285149247550
-0.020935014161828
-0.023706758210532
-0.023813538262787
-0.021453474534022
-0.018789454705425
-0.017667580199653
-0.018467812716495
-0.020966311494363
-0.024844323609712
-0.028876797241200
-0.030857392889421
-0.029688441476946
-0.026884649619253
-0.024861470360347
-0.024417980501902
-0.024440711252538
-0.023730635811691
-0.022978285576236
-0.023868026602090
-0.025799784222300
-0.025519622368975
-0.020744344983229
-0.013011351344689
-0.006979976253007
-0.006707271860787
-0.011712316457915
-0.017207014529559
-0.018674326364162
-0.015402889389466
-0.009416799856367
-0.002653201704428
0.003377446217970
0.006587208243086
0.005535459680691
0.001373941625416
-0.002736142706529
-0.003762936114851
-0.001228446017180
0.001806289250951
0.002205103468495
0.000642043754648
-0.000091411711483
0.001369483312855
0.004469888111504
0.007493488283371
0.008625729572704
0.007951546839910
0.007462683319869
0.008205967903029
0.008963928469216
0.007851035305408
0.004170379614884
-0.000621754534704
-0.003435651643480
-0.002097142752166
0.002105660218038
0.005267161463207
0.004903862032612
0.002291020914652
0.000342452520263
0.000378611888136
0.001384792335716
0.001568881385974
0.000427663581412
-0.000873212516669
-0.000995800935962
0.000595458068341
0.003273215609246
0.004984864521071
0.003797966415924
0.000170142000326
-0.003217656211474
-0.003874081148152
-0.001536146734910
0.001926064761498
0.004095733259079
0.003268265152002
-0.000895841093110
-0.007153487289902
-0.013355988257664
-0.017168031874990
-0.016809742947759
-0.012863047218381
-0.008586122490436
-0.007142153357290
-0.009392382172072
-0.013939757939060
-0.018063304040852
-0.019463255641747
-0.017779296133133
-0.014441407193695
-0.011674569052065
-0.011162050565959
-0.012758133487161
-0.014720184585581
-0.015051608026276
-0.012568320352946
-0.007515303847483
-0.001527549722511
0.002833907083218
0.002955439696043
-0.001789985538655
-0.008800932915085
-0.014009430340242
-0.014619292106344
-0.010829677079085
-0.006003739509699
-0.004142660197939
-0.006605158414544
-0.011514360584925
-0.015217339404487
-0.014541795243316
-0.009749063034257
-0.005158787534566
-0.005446560752357
-0.011249159248205
-0.018326912638244
-0.020899525277571
-0.016416786412845
-0.007637762076671
-0.000345849574923
0.001166508233079
-0.002864635311417
-0.008478017872821
-0.011301027813728
-0.009200957919538
-0.003220167425051
0.003071325992462
0.005822701743004
0.003403355905029
-0.002324377057893
-0.006559098173780
-0.004808319734053
0.003066520159283
0.012876830582770
0.019804959188717
0.021159805428624
0.017472694537864
0.012344307923304
0.010199357993257
0.013269012011330
0.020206565007396
0.027182623607737
0.030623513524094
0.029731497873121
0.026786323436306
0.024865015575172
0.025340071943170
0.027689906555163
0.030549403484299
0.032110433145503
0.031328567186058
0.029437173052556
0.028481581983918
0.028828813512934
0.029317857423338
0.028555473041644
0.025744398353186
0.021463781375323
0.017488691307454
0.015426760935679
0.015792796172135
0.017963275701222
0.020510155045286
0.022106946790310
0.022619199634533
0.022969464010963
0.023408722094614
0.022651711059723
0.019832512633895
0.016183114604716
0.013896319002949
0.014602040445594
0.018159961716183
0.021581955035835
0.021273186598495
0.016988808061088
0.011691501686108
0.008391438267590
0.007989471433745
0.008884415532986
0.009054848954343
0.008654102408681
0.008755128490036
0.008661330928838
0.007096016096183
0.004736735994202
0.003421666633026
0.003609701834772
0.003741236745361
0.002096242468389
-0.000986852657801
-0.003097040716425
-0.002126579547286
0.001650213564369
0.005993016419441
0.008593050385677
0.008411839641851
0.006236813321997
0.004078699982376
0.002831869587008
0.001338710731523
-0.000847876791645
-0.001597822936056
0.001202514332734
0.006540432619819
0.010888353817654
0.011468227971141
0.008698347125831
0.005632332291032
0.005039053775994
0.006921845364681
0.008816567246929
0.008655373401242
0.006924810599186
0.005553997262143
0.005745464250631
0.007124118420076
0.007847135055354
0.006226730724916
0.002647937669717
-0.001208825014776
-0.003945732932100
-0.004523536168306
-0.003032489690980
-0.001383748168660
-0.001372977809125
-0.003164063784211
-0.006064661977695
-0.008685069163751
-0.008949600225954
-0.005990624737254
-0.001306207597581
0.002556499189339
0.003439510102548
0.000356685137848
-0.005361602796054
-0.010089064545230
-0.010857911863488
-0.008195319073301
-0.005370020454005
-0.005708270782022
-0.010157055982839
-0.016304312035456
-0.020529821897926
-0.020889707090439
-0.017291664878757
-0.011240152310012
-0.006175815675791
-0.005097022766480
-0.007670672357061
-0.011190697896136
-0.013006981917206
-0.011692717298259
-0.007725370990869
-0.003350325757188
-0.001195989162017
-0.002912236084083
-0.008416377084022
-0.015718227154467
-0.021486595738810
-0.022626048553261
-0.018657418515946
-0.012507866439404
-0.008421516000875
-0.009318400341816
-0.015111111926884
-0.022474846104695
-0.027461312753462
-0.028612272119192
-0.026547136824934
-0.022234792506027
-0.017096929125440
-0.013247989109030
-0.012657204976885
-0.015775621238489
-0.020419466744403
-0.022726842270790
-0.020193348507296
-0.013831994350155
-0.007661561347890
-0.005981377970591
-0.009860402519516
-0.015790321214100
-0.018519857308252
-0.015809676681983
-0.010223133517837
-0.006007654919898
-0.005377418413731
-0.008167753901283
-0.012776464597047
-0.016786316196302
-0.018403850187030
-0.017386214271437
-0.014492442946369
-0.011109247234329
-0.008931041916519
-0.008830880958465
-0.010089841820354
-0.010900525415029
-0.009601779493618
-0.005830093464281
-0.000623329767509
0.004488034630266
0.008047236247354
0.009000561232866
0.007503886592844
0.005265774016249
0.004425525330880
0.005747298545900
0.008265688269103
0.010735508956386
0.012690753539535
0.014204718619804
0.015418864493781
0.016222356563073
0.016424217033826
0.016430070165995
0.016666094527710
0.016566883082960
0.015667972533481
0.014819403324913
0.015180819444108
0.016945100929527
0.019300881631312
0.020768334038254
0.019919275193006
0.016867606109354
0.014003814782257
0.014325886031527
0.018428588274116
0.023563586448599
0.026211232196884
0.025237123408792
0.022600916649917
0.021440119544423
0.023091626051179
0.025899899870800
0.027177516229505
0.025798092748302
0.022934063737897
0.020838947600626
0.020680394325000
0.021671800248542
0.022158892826807
0.020957830466063
0.018594570031633
0.017279882662863
0.018170372066597
0.019371185586807
0.017922698846717
0.013025907257895
0.006687171013441
0.001708104219930
-0.000518467998613
-0.000441220431050
0.000544634039562
0.000769158159090
-0.001148868117015
-0.005306305635958
-0.010000618234534
-0.012516842846718
-0.011126240746824
-0.006775932141841
-0.002370835096127
-0.000418417650048
-0.001417686475730
-0.003718128029939
-0.004899118350742
-0.003885855234850
-0.001597799338301
0.000264257765331
0.000503790393577
-0.000862047407073
-0.002590268610173
-0.003218114139095
-0.001910448748137
0.001293441273001
0.004959683927643
0.006549617157962
0.004378836416758
-0.000696944478385
-0.005662607602508
-0.007707819161388
-0.006692918165072
-0.004977486822332
-0.004844052725646
-0.006584073686349
-0.008715359958019
-0.009685390713369
-0.009065603436547
-0.007086960846233
-0.004465525602764
-0.002600956445125
-0.002329492045639
-0.003126740995064
-0.003865279373446
-0.003394459684044
-0.001298231310884
0.001496927468503
0.003799137207377
0.005298677653865
0.006335225139435
0.007470512065233
0.009188366431674
0.011318786413813
0.013165825849807
0.014408261585051
0.015171019220227
0.015353649808741
0.014589737740703
0.012922986412895
0.011227189030447
0.010833671254027
0.012820158598717
0.017072415703310
0.021530366570622
0.023273789643444
0.020927601423761
0.015616082781932
0.010232165618511
0.008068825101064
0.010576977937526
0.015949366874967
0.020425797815229
0.020975370619676
0.017429927479429
0.012619066435356
0.010190841935869
0.011864190068498
0.016135055629047
0.019428397394585
0.018786576816640
0.013893783739393
0.007239747206234
0.002644788997900
0.002647646150922
0.006399346500676
0.010373554038505
0.011049301099007
0.007041122014658
-0.000054905717554
-0.006618195182158
-0.009647048523933
-0.008766344107744
-0.006003036966766
-0.004140056867359
-0.004881249951777
-0.007784188400098
-0.010780274371890
-0.012015838185148
-0.011446002746781
-0.010634197687407
-0.011135764381011
-0.013385580442515
-0.016719931935299
-0.019818552026796
-0.021339165267365
-0.020648086732735
-0.018592100954309
-0.017610699877011
-0.019604600113571
-0.023487797502969
-0.026551642104987
-0.027699386696979
-0.027511765127020
-0.026377062515289
-0.024479833472207
-0.022821003877593
-0.023065598630111
-0.026041058047347
-0.030308305392374
-0.032983279071932
-0.032482222995632
-0.030142928836338
-0.028850521296827
-0.030039041391442
-0.032379435235099
-0.033466071041694
-0.032211136681863
-0.029311716732580
-0.025916857451320
-0.022582282351840
-0.019655387885182
-0.017807771695148
-0.017137445991293
-0.016482136157493
-0.014796877184519
-0.012096453011533
-0.008828012365322
-0.005918976585588
-0.004436804809433
-0.004031438882838
-0.003214971035962
-0.001363504989481
0.000817416192972
0.002456179852392
0.003199847484939
0.002960425071980
0.001793881623012
0.000263156926858
-0.000710073700603
-0.000471336742741
0.001219387294213
0.003970958052428
0.006578127498340
0.007759020729091
0.006847906426461
0.004030446174960
0.000451222296324
-0.002488871613557
-0.003964956042178
-0.003738787771866
-0.002396346187185
-0.001388594394836
-0.001556477079069
-0.002391742890937
-0.003323459675140
-0.004231578365635
-0.004669765604910
-0.003861114430986
-0.001761678783327
0.000187690262831
0.000023669735776
-0.002769279201505
-0.006485551572395
-0.008487463925895
-0.007442486888502
-0.004336250879730
-0.001303011658889
-0.000057853974277
-0.001433931396368
-0.004911550484365
-0.008144714749650
-0.008348788667426
-0.004909987661474
-0.000461800863260
0.001049987752758
-0.002004138207849
-0.007178347736562
-0.010288969944120
-0.009420085991561
-0.006168526986653
-0.003451888715484
-0.002772365444838
-0.003562792036969
-0.004801482925808
-0.006172565357356
-0.007346910248884
-0.007328431873217
-0.005132079375768
-0.001157660997577
0.002509326494913
0.003843735712970
0.002473102769244
-0.000590039891874
-0.003724921576306
-0.005190210203612
-0.003976054767734
-0.000672228846250
0.002579290680333
0.003213263237381
0.000130901619036
-0.004952538271348
-0.008237974451199
-0.006493390636836
-0.000020049392705
0.006849559234634
0.009286672762414
0.006096119613489
0.000091900263441
-0.004633492360368
-0.005665661598413
-0.003600581911173
-0.000931934188564
0.000032277694869
-0.001768225484446
-0.005903789441914
-0.010465229102213
-0.012812181283456
-0.011550884227109
-0.008328410441306
-0.006498846100622
-0.007688812170690
-0.011010726622504
-0.014827084687889
-0.017611281320698
-0.018412444604761
-0.017504868091478
-0.015832021849152
-0.014431899937720
-0.014368060025506
-0.015627959349370
-0.016481657910151
-0.015096306070411
-0.011457958801651
-0.007512874788652
-0.005624237888608
-0.006686987554387
-0.009623551462610
-0.012379489778245
-0.013167931116614
-0.011306399419646
-0.007222805937186
-0.001943173397083
0.003159079291828
0.006833847499429
0.008660975197035
0.009208876300080
0.009744464030329
0.011368091704878
0.013992382479197
0.016619800238058
0.018198617727741
0.017861248451122
0.015781159966760
0.014170174199268
0.015733997735629
0.020659318118898
0.026136230557253
0.029078026293042
0.028771981288233
0.026908426887332
0.025836278391005
0.026873328210144
0.029432654433865
0.031810404622904
0.032707061354298
0.031240877481342
0.027056232339546
0.021836802244524
0.018891979466043
0.020272719060230
0.024812247273539
0.028414901175571
0.026739034770289
0.019056058007193
0.009053169699462
0.001473551031667
-0.001133213507724
0.000990695670074
0.005517119097350
0.008976218580074
0.008440593906326
0.003706568360229
-0.002213336561864
-0.005470677291943
-0.004457136773690
-0.000755361261757
0.002383977557165
0.002273409523047
-0.001771382822479
-0.008152126110674
-0.013916184935854
-0.016448470186414
-0.014986958545883
-0.010951400010122
-0.007010835872455
-0.005754186247626
-0.007993908094638
-0.011796657299153
-0.014230605849263
-0.013855763585186
-0.011019652819712
-0.007138853523839
-0.004280697180801
-0.004207384211812
-0.007156008858037
-0.011594794172531
-0.015213090471883
-0.016267429417730
-0.014257765943283
-0.009957588237055
-0.005026503619243
-0.001023652826225
0.001457311379919
0.002654750224011
0.003168528453218
0.003597435657182
0.004036411276398
0.004359466437484
0.005119354425798
0.007284191343886
0.011155462453312
0.015904706108287
0.019923180059036
0.022011393763431
0.022383626260935
0.021892712585113
0.020881992486032
0.019335101396047
0.017233060567702
0.014936542255869
0.013713710645287
0.014982185192474
0.018951976811734
0.024490432433440
0.029758765183449
0.032894368872151
0.032837261436523
0.030205248154390
0.027458670537728
0.027205831879831
0.029846055446586
0.033325081247649
0.034797638652581
0.032674987412638
0.028271520732010
0.024988069015641
0.025242680472857
0.028675042549963
0.032641015021271
0.034158463911042
0.032261165053115
0.028352971539380
0.024612567479152
0.022877724801657
0.023911869894031
0.026583728709585
0.028452469271507
0.027511521146458
0.023251621618300
0.016787332262306
0.010354467348735
0.006176838955102
0.005274032512271
0.006878097479118
0.008878843747802
0.009100805349704
0.006620543894146
0.002424163685843
-0.001378378824646
-0.003338647304204
-0.003605442241683
-0.003414691681419
-0.003768447283231
-0.004299073117135
-0.003825482062595
-0.002126266279459
-0.000245234138049
0.000621290224751
-0.000378551761027
-0.003393442603756
-0.007442211030808
-0.010905861473094
-0.012293443858743
-0.011121020313794
-0.008753792437383
-0.007623120987638
-0.009337303725981
-0.013635596343267
-0.018713323805651
-0.022719806114707
-0.025008291586396
-0.025701498997246
-0.024995443334842
-0.023633286487769
-0.023277239320074
-0.025555785249550
-0.030260723661220
-0.034726592958735
-0.036249996393096
-0.035028810528287
-0.033474426655390
-0.033334932965481
-0.034658805392444
-0.036748547653254
-0.039090712154748
-0.041349763050461
-0.042947996201638
-0.043225643881164
-0.042004513254659
-0.039945802919522
-0.038504784353969
-0.038946923583058
-0.040992199450299
-0.042780256883834
-0.042234728759761
-0.038751095401219
-0.034067205745370
-0.030805570648824
-0.029974297022216
-0.030864793386048
-0.032463397384957
-0.033700139342998
-0.033548742368680
-0.031806738359465
-0.029375168054283
-0.027868434078008
-0.028602924609974
-0.031121339092077
-0.033073691393796
-0.032150844978665
-0.027992467435436
-0.022319710456494
-0.017503679785613
-0.014994683200069
-0.014689208831159
-0.015097917096355
-0.014377836746157
-0.011749178393579
-0.007867803367141
-0.004262411091695
-0.002394247895220
-0.002631675098311
-0.004040161548556
-0.004812326206456
-0.002982346719429
0.002054147948738
0.008341489066519
0.012645468363732
0.013141168199537
0.010482997738138
0.007140445851660
0.005913609741715
0.007772740396011
0.011135360616069
0.013842221503334
0.014944178008672
0.014477958583119
0.013204068987503
0.012756051827911
0.014611093611372
0.018616962074139
0.022982787320801
0.025703128645540
0.025883263873847
0.024057059512110
0.021493861799969
0.019180050590587
0.017816154614060
0.018047603973119
0.019471307374321
0.020410581993483
0.019583342734042
0.017086457436311
0.013989073264579
0.011810486277497
0.011527628026799
0.012671648113423
0.013761641081212
0.013416130243124
0.011521778875993
0.009610343885212
0.009418041612955
0.011184490004818
0.013605577761601
0.014891654865408
0.013964442840337
0.011302653214641
0.008657064729794
0.007803665790743
0.009345321375835
0.012276638084176
0.014627294571379
0.014519471989850
0.011231446776767
0.006160178897089
0.002039298055128
0.000634578729544
0.001931647924657
0.004731148587961
0.006783206108818
0.005741318853268
0.001226264858060
-0.004642112221106
-0.008699189235199
-0.008630898500014
-0.004488125667611
0.001041250549016
0.004371349234749
0.003783910032386
0.000603175733358
-0.002520880908198
-0.003982856413283
-0.003571931424794
-0.001716925690821
0.000702446494492
0.002652357343794
0.003655426716106
0.004007694216854
0.004374030599032
0.005277366878937
0.006710505588974
0.008028877106877
0.008092783713997
0.005746355378606
0.001060545152050
-0.004048246663960
-0.007233938861289
-0.007307123688603
-0.004634404954687
-0.001073833189810
0.000833824298172
-0.000652600224640
-0.005435680235961
-0.011197673670780
-0.014317947762913
-0.012372220375034
-0.006115322819660
0.000800403815267
0.004308095701610
0.002737855399351
-0.002605160586975
-0.008609325611222
-0.011886002254879
-0.010904458549566
-0.007091363656677
-0.003384936694924
-0.002218785285526
-0.004401358565977
-0.008709124055774
-0.012772417531639
-0.014766062674922
-0.014187455845093
-0.011895791127701
-0.009982046380232
-0.010579312473449
-0.013743649239321
-0.016675938477260
-0.016102066150952
-0.011539248528352
-0.005432301707093
-0.000762278344543
0.000853583624345
-0.000012921836633
-0.001311883641394
-0.001680148267542
-0.001136349475917
0.000098734351075
0.001881632086826
0.003704278163776
0.004755651256968
0.004275268044576
0.002398888936052
0.000476793450011
-0.000234057630847
0.000246210138866
0.000848569200041
0.000214088055137
-0.002431955404191
-0.006495711205221
-0.010089947013747
-0.011389745564639
-0.010440275385634
-0.009201987765849
-0.009701473717921
-0.012608296254926
-0.016565753500000
-0.018394700425704
-0.015514864494469
-0.008557686841920
-0.000998490264853
0.003273678563072
0.002321532620296
-0.002624709493648
-0.008180477567864
-0.011073577908516
-0.009605612599147
-0.004393320332354
0.001688241235867
0.005228134415477
0.004406802601056
-0.000062094212977
-0.005341436785852
-0.008177128516716
-0.006818185018558
-0.001696796168343
0.004973225618471
0.010169678589150
0.011537943938773
0.008766633044651
0.003877459641505
-0.000172587734862
-0.001428887495775
0.000551826039704
0.005066153953394
0.010282260365612
0.014038520259859
0.015515489578404
0.015343300605860
0.014187360092639
0.012289339895144
0.009763954427237
0.006929379014763
0.005004950355788
0.005709213072558
0.009615840583503
0.015353636247947
0.020116845721731
0.021276437401380
0.018554509930408
0.014526869675655
0.012398268205168
0.013229126342228
0.015629779682025
0.017871584624274
0.019030104702273
0.018510841556765
0.016419074359762
0.013802271629756
0.011484555398318
0.009805163168391
0.009365017829077
0.010858509295561
0.014322376141587
0.018401828414570
0.020479889934164
0.018726720400972
0.014024735812083
0.009519496525350
0.008520589400635
0.012088941176549
0.017942346473211
0.021843369658162
0.020486345523553
0.014031507852875
0.006149899936785
0.001236101373473
0.001657554188212
0.006682247385944
0.012800646929342
0.015868720484897
0.013814358566573
0.007593477916241
0.000543212500013
-0.003297698161829
-0.001751100319791
0.003863431577544
0.009622663827366
0.011649930852537
0.008691006828293
0.003002816113956
-0.001356850363765
-0.001616464527526
0.001982844953116
0.006888402280392
0.010218103025559
0.010404596470481
0.007589672178228
0.003187621081621
-0.000602267106903
-0.001497454740516
0.001508326725183
0.006950936318019
0.011720504460057
0.013584753970310
0.012452674744998
0.009590697510724
0.006731941702455
0.005474137371621
0.006287158753673
0.008174910671510
0.009650172172249
0.009739649783251
0.008753372360566
0.008479613375694
0.010260823313314
0.012913429654823
0.013729847692638
0.011128031678818
0.005925052857492
0.000787160075491
-0.001229543417709
0.001386192677020
0.007057557913269
0.011897066411032
0.012660173053788
0.009011702499150
0.003451823981182
-0.000468876261750
-0.000399050761398
0.003580410415224
0.009485631137537
0.014689964917542
0.017078714428426
0.016080218718550
0.012906798197761
0.009881115288262
0.009388088587094
0.012336261326896
0.016956415295834
0.019768391659302
0.018269188566335
0.012808898891131
0.006256698301333
0.001841309795148
0.000873375778431
0.002299305828580
0.004177860657653
0.005386815772756
0.005901367712598
0.005994697219768
0.005943583543092
0.005822652058937
0.004857129555051
0.002113701146099
-0.001861989422930
-0.005317929550577
-0.006847649990686
-0.005999070770465
-0.003547387920453
-0.001204356889776
-0.000038971239036
-0.000136882695356
-0.001698493632984
-0.004693680192132
-0.008150931443275
-0.010882224828898
-0.012217391273131
-0.012300433275978
-0.012245620942856
-0.013337535145572
-0.015714994986107
-0.018272506593519
-0.020072600536605
-0.021074386685799
-0.021148190995831
-0.019913021065630
-0.017833867696982
-0.015951948736126
-0.015044560785674
-0.015619608388810
-0.017135715405958
-0.017764776840147
-0.016468121420471
-0.014026556822014
-0.011780506612986
-0.010847261906641
-0.011961106777135
-0.015087981120405
-0.019304013301906
-0.022905355934250
-0.024084523830729
-0.022272129960121
-0.018722919703012
-0.015550169713296
-0.014068174389179
-0.014055457198397
-0.014435266207889
-0.014182014272301
-0.013031706432682
-0.011858472678769
-0.011639626319608
-0.012230904809583
-0.013036197762582
-0.013861272404063
-0.014465305490241
-0.014468363272688
-0.013700068745865
-0.011994359811970
-0.009346046755157
-0.006515439771191
-0.004706809098621
-0.004376703441653
-0.004644005136282
-0.004212043084991
-0.002760927932951
-0.001018715110269
0.000196724311752
0.000528639820507
0.000228404144382
0.000122926882461
0.001089763876169
0.003574375188937
0.007141151828205
0.010017289607037
0.010201123671914
0.007326533534142
0.002832606420620
-0.000851587912219
-0.001430571987267
0.001382143335829
0.005400281206605
0.007979341422321
0.007918245665026
0.005952944866854
0.004138108323823
0.004133297487936
0.005777931173122
0.007401001695669
0.007354656018029
0.005280971001585
0.002078527276768
-0.000835767134439
-0.002063319160594
-0.001014284640000
0.001534371567673
0.004166619313711
0.005640632718193
0.005254416150245
0.003582737346059
0.002273400997486
0.002440538495634
0.003903226705435
0.005529456825987
0.005743649143851
0.003813751381514
0.000748798395836
-0.001924305183529
-0.003607386312382
-0.004452943510497
-0.004621126177864
-0.004209011484788
-0.003743422165041
-0.004176635380643
-0.006008974963585
-0.008533750758506
-0.010161290742298
-0.009877170957180
-0.008257025904519
-0.006458084830541
-0.004995185138851
-0.004289921215680
-0.004856261238200
-0.006153545221152
-0.006811564430766
-0.006043216293135
-0.004119594177651
-0.002329809169773
-0.002196110335351
-0.003771665482843
-0.005489858466219
-0.005909587162178
-0.004818505089770
-0.002888994232644
-0.000937015310068
0.000411881056510
0.000835595829726
0.000647291211652
0.000861353297991
0.002564387139992
0.005991716015243
0.009772205282169
0.011398854283554
0.009517531825521
0.005364251915834
0.001253905610281
-0.001096298860655
-0.000686876148525
0.002352877822817
0.006377511931282
0.009120931249101
0.009045489469380
0.006440036148195
0.003354088536466
0.001643318426381
0.001124818859458
0.000198537417943
-0.001951903177985
-0.004704587362650
-0.007509538764216
-0.010420216739125
-0.013022961449809
-0.014588974461674
-0.015003605512200
-0.014558508412392
-0.013666789809768
-0.012778582994387
-0.011892865586428
-0.010929377133109
-0.010469056490455
-0.011073048118487
-0.012672201797128
-0.015094109089370
-0.017819353516673
-0.019541442099705
-0.019358988150154
-0.017765956642964
-0.015908624017974
-0.014702632990294
-0.014864915896053
-0.016863957021264
-0.020149376642642
-0.023028367798299
-0.023843117895376
-0.021868260424582
-0.017575334120604
-0.012828547922789
-0.009767937938280
-0.008944543442723
-0.009422233464532
-0.010054696314199
-0.010023287473761
-0.009234026215860
-0.008319811254876
-0.007858598239756
-0.008125284875963
-0.009260422278672
-0.010876885222786
-0.011800436259302
-0.010614669954800
-0.006731166040117
-0.001337749496310
0.003039270477283
0.004405397434423
0.002720394378846
-0.000123149602311
-0.001417078483825
0.000779396595575
0.006362443994340
0.012776841586286
0.016302736484779
0.014818733462691
0.009390208410773
0.003112453623241
-0.001031470375703
-0.001412439415808
0.001821100820395
0.006819952146468
0.011076020428276
0.013006328170995
0.012674817634493
0.011437079704440
0.011084016499213
0.012700960791124
0.015886086316815
0.019077015977209
0.020740050098075
0.020441946371806
0.019222953002493
0.018979828436849
0.020752243473170
0.023704662759825
0.026208516634399
0.027170717558974
0.026470214115474
0.025063693791654
0.024330385156476
0.025118997810169
0.027519331580562
0.030781668625531
0.033356821406473
0.033796891053586
0.031850967233283
0.028653645333888
0.025967346114676
0.025108846378528
0.026153140209565
0.027768811637395
0.028109922158010
0.026455092544985
0.023797391210893
0.021613673520452
0.020600248599751
0.020644642672032
0.021089438420035
0.020826707698911
0.019047657060631
0.016172340192878
0.013576722279052
0.012316068274827
0.012249709346097
0.012337205773262
0.011518419817380
0.009464096991449
0.006922935189876
0.004853030477725
0.002986061259054
0.000333540708018
-0.003112244393330
-0.006450869796738
-0.008943367402508
-0.010266673743062
-0.010528741489854
-0.010091767328689
-0.009183593123495
-0.008032662102874
-0.006834864552667
-0.005596829279461
-0.004875418291580
-0.005934598614623
-0.009483446919077
-0.014725324579461
-0.019524879215276
-0.021726933189146
-0.020855504431474
-0.018570430513075
-0.017577204814943
-0.019345839469805
-0.022531518129382
-0.024578225790268
-0.024167320097774
-0.021525367101125
-0.018246287771314
-0.016925396011027
-0.019221132850434
-0.024355455777709
-0.029740840981975
-0.032650113752720
-0.031992601478413
-0.028945936289451
-0.025698389618112
-0.024142080849089
-0.025495295646412
-0.029615651619040
-0.034267692580143
-0.036130212560526
-0.033370171035391
-0.027184067283734
-0.020788150953854
-0.017331408975870
-0.018322343638514
-0.022722658304620
-0.027399688804449
-0.029130112040350
-0.026500382694495
-0.020714148946750
-0.014985089187654
-0.012278630370742
-0.013329778369844
-0.016659802514294
-0.019561750031804
-0.019674692902915
-0.016903813808332
-0.013175315114205
-0.010278443171822
-0.008913393733562
-0.008768111229695
-0.008716477789085
-0.007825336377063
-0.005964327109295
-0.003349060142817
-0.000489294217834
0.001720284656569
0.002632439123764
0.002452569748705
0.002246870409191
0.003217595320756
0.005763356406304
0.009341463386454
0.012820400784275
0.015099602988047
0.015992582402996
0.016236522853751
0.016786688757258
0.018338133690025
0.020790333257729
0.022994927772056
0.023522015199481
0.021723960821223
0.018135564357805
0.014269909208821
0.012017553660128
0.012668831246420
0.015970299919760
0.019922299019888
0.021933712261794
0.020827007461322
0.017809950992558
0.015491201172216
0.015948763054724
0.019384793672602
0.024207159058830
0.027900345171359
0.028067490880406
0.024207717456931
0.018894647457191
0.015860776090753
0.016900264753113
0.020952114342195
0.024968956960387
0.026013379939309
0.023712193052975
0.020005154841709
0.016948054735288
0.015990427458932
0.018003873360278
0.022521857476871
0.027303657048775
0.029358711745986
0.027231472933490
0.022380854024330
0.017827237471038
0.015523346513201
0.014861190369976
0.014070653929992
0.013033419870810
0.012588529397530
0.011975367102184
0.010088327575564
0.007742855674147
0.006411238246402
0.005921634938796
0.004969780586286
0.003420410246249
0.002766337292859
0.004122057334064
0.006208520799354
0.006474509323945
0.003914169147483
-0.000773727048451
-0.006093202510358
-0.010285843661894
-0.012444390348839
-0.012138227423255
-0.009105790048335
-0.004881353283055
-0.002419668501770
-0.003530254037927
-0.007809668232834
-0.013280694628707
-0.017792111405048
-0.020094071076238
-0.019511867049272
-0.015983396934558
-0.011091038561856
-0.007687692172258
-0.007873979592964
-0.011123741986014
-0.014354829533392
-0.014750938341195
-0.012432153869058
-0.009983347805565
-0.010146182630228
-0.013799466188368
-0.019257802089154
-0.023451193579787
-0.024038320489395
-0.020928972789223
-0.016462778298353
-0.013995799418658
-0.015448645956343
-0.019945490797494
-0.024772531471492
-0.027019956853031
-0.025161482203878
-0.020476295077535
-0.016314859243438
-0.015160813902642
-0.016591203215021
-0.018122482953629
-0.017667365083416
-0.015051489973519
-0.011655989456108
-0.009198332909426
-0.008729090409079
-0.010249697173791
-0.012965905227123
-0.015480366686411
-0.015990071923524
-0.013431296978436
-0.008689887833881
-0.004048545927010
-0.001209837740402
-0.000248040872333
-0.000595689316032
-0.001942221743751
-0.003294205040785
-0.002624937569524
0.001154919895608
0.006654253035427
0.010792690811066
0.011089790036192
0.007749072473377
0.003240433932601
-0.000116715548235
-0.001356809020728
-0.000605534934147
0.001082285258802
0.002154227600715
0.001194666431890
-0.002312643789638
-0.006665568801143
-0.008691131429289
-0.007027392369870
-0.003324576099899
-0.000276929587987
0.000549467400421
-0.000655477869042
-0.002862838872599
-0.004976036316046
-0.005837715267543
-0.004944362733397
-0.003190217214583
-0.002010463550340
-0.002330481242643
-0.004393516104970
-0.007330960461182
-0.009319233578396
-0.009134108206512
-0.006883195406446
-0.003362908152167
0.000397608558239
0.003292492880597
0.004496822118034
0.003970649909046
0.002703908449490
0.002141951757046
0.002847048572323
0.003829380264982
0.003833756914374
0.003150752144662
0.003324051990408
0.005199506493562
0.008321160378988
0.011722426257078
0.013970140161833
0.013559036386161
0.010504097193922
0.006709365734327
0.004647211920367
0.005724913204133
0.009091431161230
0.012335958366950
0.013656451241180
0.012821460815083
0.010732878611720
0.008877988043734
0.008652197997272
0.010607453895844
0.013988182284223
0.016947106708808
0.017744024785305
0.015911827721713
0.012441930534727
0.009153067273186
0.007402996693983
0.007122380944415
0.007078343902903
0.005780122562079
0.002672443714404
-0.001053343460813
-0.003157640407042
-0.001922721230100
0.002579289612420
0.008224972551673
0.012285271649058
0.013438043767842
0.012195316877718
0.009952140503964
0.008093318972597
0.007456968390387
0.008167336317495
0.009724594663226
0.010973875998666
0.010558416962270
0.008110213391360
0.004843436016099
0.002884159960154
0.003807321326091
0.007283612243162
0.011252037577438
0.013652488598068
0.014009302721108
0.013373853046434
0.012714335612522
0.011972472703661
0.010997184200217
0.010066484919012
0.008842894360802
0.006193682662861
0.001650967101127
-0.003538379299199
-0.006758607401899
-0.005884776784993
-0.001410374051879
0.003995386863612
0.007730210728763
0.008302583944401
0.005729238284949
0.001970718002030
-0.000106332677363
0.001203038837116
0.004929339957008
0.007731112116868
0.006932056715717
0.003061033042685
-0.001443084526442
-0.004614594540802
-0.005781255967700
-0.005404184067916
-0.004363815256785
-0.003470426411624
-0.003388085527721
-0.004203885816445
-0.005297221121908
-0.005881445292125
-0.005356841444252
-0.003686978606696
-0.001821928751819
-0.001059252451599
-0.002104371571060
-0.005029786515484
-0.009014792765674
-0.012098257107915
-0.012519883180532
-0.010372853253962
-0.007647986633864
-0.006636759018999
-0.007921956028172
-0.010119209900600
-0.011441929629932
-0.010798895527437
-0.008191718832975
-0.005083596449643
-0.003608979701789
-0.004791973969554
-0.007859077133205
-0.011125826220859
-0.013195518477267
-0.013497822184954
-0.012332715697095
-0.010912490968187
-0.010808367605998
-0.012619942793206
-0.015331703195200
-0.016994525907389
-0.016139123231412
-0.013106121251022
-0.009706557830948
-0.007573371327036
-0.007571821582409
-0.009903807707680
-0.013770633182823
-0.017469936657795
-0.019129755237872
-0.017792016331292
-0.014651474061355
-0.012653734300412
-0.013790428515350
-0.017272905046448
-0.020676606984256
-0.021972578871056
-0.020426658919325
-0.016422510126020
-0.011070271277221
-0.006145994189236
-0.003624011818836
-0.004340356149596
-0.007003496121698
-0.008957555791378
-0.008438164370664
-0.005982534731990
-0.003494836692961
-0.002606275179478
-0.003859302573340
-0.006417322881688
-0.008564411951965
-0.009028313230178
-0.007700007620729
-0.005264991693527
-0.002546491769125
-0.000063525877668
0.001988022887084
0.003728243217693
0.005679220308207
0.007948187795128
0.009237232622054
0.007807164210761
0.003655138360501
-0.000964708977928
-0.003451585958654
-0.002981699422377
-0.000696621766670
0.001724794856377
0.003473330692038
0.004812551984119
0.006023058759006
0.006457805503905
0.005262593241002
0.002895179299028
0.001007945299566
0.000833317996966
0.002224881989479
0.003974369931048
0.004756715272982
0.004041555651631
0.002447176859722
0.001317033508082
0.001575700220919
0.002824188565804
0.004043867057776
0.004951560281963
0.005836074665371
0.006729687678924
0.007609692565423
0.008753372808184
0.010383830928785
0.012021905042780
0.012322746025184
0.010110418103439
0.005885821589370
0.002074743445853
0.001327152332689
0.004201672286230
0.008740024273125
0.012363307860049
0.013544931327595
0.012259870312624
0.010293251896583
0.010259146335194
0.012957086567796
0.016425881608808
0.017872553537225
0.016098356907808
0.012491210925212
0.009692281903863
0.009267297249873
0.011148970802480
0.014498914591643
0.018022501958762
0.019979016337958
0.018784615972456
0.014188425351795
0.008043010621789
0.003474465598931
0.002885972608045
0.006254207063313
0.010888904904029
0.013315143706572
0.011992332469625
0.008277738611733
0.005176722874744
0.005314351537012
0.009136055407833
0.014500927088920
0.018292390168267
0.018519605740703
0.015307981278522
0.010561277326111
0.006697445262143
0.005468841779178
0.007378798612295
0.011292402839232
0.014836030212301
0.015902867830415
0.013761915072107
0.009270164411275
0.004683232634181
0.002409882957728
0.003139856791324
0.005288266327968
0.006179339055751
0.004124348368824
-0.000039937870858
-0.003628168092268
-0.004241133016269
-0.001262330726219
0.003861030428751
0.008470630583692
0.010021562708573
0.007243953129162
0.001263775686576
-0.004691438571432
-0.007565344110371
-0.006265417542620
-0.002001747807713
0.002326313047931
0.003873628004202
0.001525344431074
-0.003646394412269
-0.008841543182523
-0.011271764823554
-0.010659291610153
-0.009542580171268
-0.010430863012404
-0.013232073600736
-0.015712887607646
-0.015657877692666
-0.012487899576074
-0.007800185108273
-0.004764257082771
-0.006061791359612
-0.011585870785522
-0.018350594969800
-0.022681285161797
-0.022619336974137
-0.019167864841373
-0.015199455334823
-0.012713768050147
-0.012052007678013
-0.013164904207473
-0.015553133214458
-0.017626203324930
-0.017655531483217
-0.015039182969492
-0.010777034574276
-0.007118970095556
-0.005934885857968
-0.007124035137978
-0.008980141745092
-0.009755997260641
-0.008843204597498
-0.007171731137024
-0.006622230727529
-0.008421163206567
-0.011610071841189
-0.013505468405980
-0.012252481405252
-0.008666640474393
-0.005505341131075
-0.005157619547625
-0.007432581845878
-0.009529546179076
-0.008864643778687
-0.005423880571114
-0.001243410889801
0.001266371490858
0.000851293248675
-0.001721753651300
-0.004418116790572
-0.005446812218246
-0.004324400470719
-0.002175151536866
-0.000544556999100
0.000227378021849
0.000612210173528
0.000499628842205
-0.000432118196998
-0.001710377523140
-0.002514729747647
-0.002401654072055
-0.001305993925163
0.000400892002351
0.001800264035975
0.002028814348695
0.001206884439974
0.000362355607016
0.000501937714168
0.001946881318769
0.003969539889614
0.005140648973776
0.004804387120815
0.003816460562688
0.003404900156129
0.003942743969807
0.004793576925020
0.004992895139330
0.004365731242519
0.003609771395138
0.003116839654866
0.002601850659160
0.001765765001252
0.000627866310091
-0.000335379400206
-0.000229458304119
0.001389045182449
0.003690501431263
0.005059282052721
0.004456266932459
0.002217908010090
-0.000209112223508
-0.000967781996064
0.001011789690022
0.004547638597624
0.006599573876373
0.004957246665117
0.000292678857246
-0.004339887779050
-0.005793660194627
-0.003152594643442
0.001708218161154
0.005503039364538
0.005605384162478
0.001917252227079
-0.002894523981686
-0.005802793876462
-0.005818406494865
-0.003841132304579
-0.001481404072613
-0.000037847976091
0.000226430359004
-0.000473420338859
-0.002029498413137
-0.003900417705725
-0.005245557178004
-0.005679750724532
-0.005299947396017
-0.004565193891552
-0.004003423157613
-0.003636987658723
-0.002972755348905
-0.001482745593697
0.000651613656065
0.002144601102734
0.001722208534246
-0.000478706455398
-0.003239131909730
-0.005216420145611
-0.005312662158333
-0.003242859559248
0.000100259250590
0.003116804336847
0.004219212228054
0.002856303578385
0.000105979485860
-0.002344091246411
-0.003437105373251
-0.002945857094018
-0.001462003318833
-0.000289253071856
-0.000647019392387
-0.002586642173496
-0.004814536599955
-0.005886961175612
-0.005388494011185
-0.003943461297336
-0.002591646527822
-0.001984649118904
-0.001942662328768
-0.002112784816145
-0.002525078781719
-0.003039825323363
-0.003232383785398
-0.003024123243242
-0.002721400684955
-0.002797027102224
-0.003771470750897
-0.005698308990613
-0.007875725684495
-0.009178935688953
-0.008496703740247
-0.005536859932185
-0.001410860523749
0.002491836326861
0.005777555128035
0.008350493066473
0.009351616766434
0.007781648887694
0.004101993427366
0.000621132220219
-0.000251544124497
0.001851627570629
0.004984493104474
0.006507353416652
0.005009340198149
0.001286509846410
-0.002360586606754
-0.003922425997961
-0.002977261160838
-0.000744195419749
0.001179593976764
0.002213384401022
0.002817638885751
0.003732241561473
0.005196160554278
0.006560580923972
0.007138281223102
0.006977645543584
0.006241965400416
0.004979820718779
0.003665545827637
0.002941086619059
0.003156551500131
0.004370986611993
0.006154286935625
0.007485701028660
0.007252214525948
0.005257787456367
0.002878076962894
0.001860480436646
0.002423644748489
0.003405796746673
0.003756814186651
0.003338307415805
0.003021132749869
0.004048762901014
0.006782364226988
0.010186023765558
0.012483474976544
0.012378484520133
0.010240991275752
0.008028614199391
0.007657438445910
0.009549030624921
0.012611822938627
0.015286215584665
0.016499190093900
0.015977164608244
0.014373459195649
0.013023463630206
0.013065001753534
0.014794303345691
0.017463804621588
0.019360433602412
0.018963396641970
0.016451337371173
0.013673604051909
0.012974085042361
0.015717853193507
0.020803225350891
0.025099627829601
0.026130159372255
0.023875291034255
0.020376057612074
0.018215350919344
0.018601467663597
0.020554546508538
0.022102736674095
0.021885886164309
0.019901863598374
0.017312211084782
0.015258179796535
0.013941678292053
0.013331026955634
0.014003131598076
0.016193083099434
0.018490267102141
0.018634487139752
0.015616582581034
0.010577262505505
0.006057446105867
0.004541971469424
0.006840690801348
0.011215449548819
0.014282015292919
0.013251675843297
0.008011232941469
0.001490903240079
-0.002398258628659
-0.001668013704038
0.002602827492123
0.007183828699333
0.008517156509956
0.004978618157579
-0.001904239032943
-0.008534860159171
-0.011302272289405
-0.008832927111144
-0.003587102665193
-0.000251428260941
-0.001937489953001
-0.007918719762181
-0.014087454438898
-0.015995172661173
-0.012523854342725
-0.006553441865085
-0.002638695399962
-0.004072978478730
-0.010729774654395
-0.019253431491607
-0.025353887226666
-0.026044669445212
-0.021183503395262
-0.013866729187202
-0.008745998615609
-0.009165592662854
-0.014895438803063
-0.022010354636395
-0.025719474397928
-0.023889383392566
-0.018231392048654
-0.013093234015652
-0.012574771660945
-0.017218279864171
-0.023390405639764
-0.026246587541037
-0.023466031221677
-0.016860159283937
-0.010820405944716
-0.009050602245349
-0.012345644580833
-0.018486398563539
-0.023735511681990
-0.025142946109041
-0.022172842610451
-0.016743126014451
-0.012045751438151
-0.010676721960514
-0.013094424435189
-0.017252359901879
-0.019634596802144
-0.017766980807777
-0.012331908353937
-0.006464282829910
-0.003288332915833
-0.004010241188941
-0.007048099421523
-0.009078430524574
-0.007939033474919
-0.004116843550234
0.000311061843156
0.002959789066263
0.002155815820075
-0.001762700518676
-0.006129795871923
-0.007502424679368
-0.004126969282538
0.002607617370124
0.009112779453672
0.011852947583917
0.009363095680229
0.003578501971946
-0.001160345932480
-0.001579729471854
0.002041468194536
0.006417304903404
0.007866111902214
0.005146265997428
0.000191112841276
-0.003749372243910
-0.004442093924090
-0.001915319540040
0.001888775272643
0.004715124739693
0.005275165064812
0.003596183253600
0.000946094993504
-0.000853735705260
-0.000706106101106
0.000937661353637
0.002360812070063
0.001673670786168
-0.001808941448450
-0.006880661098176
-0.011069275914908
-0.011953975311022
-0.008703628396731
-0.003070176149704
0.001479000461497
0.002137154479262
-0.001191676523561
-0.005941636564126
-0.009080751684301
-0.009104575985552
-0.006419913154052
-0.002898810757685
-0.000843984692565
-0.001447591521204
-0.004064892337898
-0.006892213175440
-0.008175880094059
-0.007225007552735
-0.004586931710815
-0.001412020511031
0.001008928426490
0.001752325865520
0.000925456036862
-0.000485994746614
-0.001197767044440
-0.000102252223061
0.003020219134968
0.007112386120725
0.010383432900807
0.011290696914935
0.009399761148555
0.005836558947325
0.002977442537397
0.003196807916876
0.006941930715244
0.011785485179843
0.014244107054707
0.012782899342034
0.008959175940993
0.006124346664932
0.006747699288942
0.010500377291344
0.014946914719272
0.017529331806427
0.017087993733787
0.014657868451526
0.012538417249725
0.012054331755136
0.012695970734211
0.013156255442586
0.012616010960275
0.011230197624140
0.009578801686421
0.008136564161112
0.007550231984044
0.008551641495927
0.011157125911295
0.014180816435106
0.015598543405840
0.014098436120399
0.010641302622054
0.007660228695439
0.006869144286477
0.008439142771839
0.011194191131951
0.013160004767543
0.013088340284344
0.011451960379469
0.009636504225998
0.008844972558305
0.009619247270470
0.011611328697887
0.013602608811089
0.014026986174211
0.012151244322206
0.008839063529966
0.005918948421571
0.005026859163756
0.006568057207021
0.009480431916902
0.012344190250871
0.014060462523861
0.013679360468380
0.010907695859876
0.006477814079780
0.001825927655108
-0.001156417768615
-0.001317801075131
0.000224264164115
0.001038633009985
-0.000155621211293
-0.002517986639265
-0.003797111939649
-0.002183652203813
0.001734638903405
0.005294481142422
0.005836012073803
0.002194632901452
-0.004411903937007
-0.010525791523057
-0.012627703287195
-0.009663673330432
-0.003743022258686
0.001314084364523
0.002592296277667
-0.000104293720439
-0.004500478423454
-0.007554211294544
-0.007383527807967
-0.004293639975528
-0.000462468793365
0.001425319877056
0.000238213011014
-0.002641723730441
-0.005031538624375
-0.005954991338977
-0.005582677023010
-0.004464824154098
-0.003185486895576
-0.002101660234540
-0.001487460614395
-0.001812256036111
-0.003212554394832
-0.005038383284082
-0.006470046526309
-0.007155860047307
-0.007256552652545
-0.007247631130367
-0.007624668991587
-0.008626488347187
-0.009801788679750
-0.010084675272765
-0.008947617334686
-0.007092673623597
-0.005848350247314
-0.006314731532467
-0.008885468902831
-0.013138144814094
-0.017748669917150
-0.020413534145661
-0.019144104213192
-0.014586077926186
-0.009964602680909
-0.008293278171656
-0.010430835646826
-0.015015940807884
-0.019148986804863
-0.020112766738378
-0.017378581888537
-0.012968561099151
-0.010107045932130
-0.011065537320420
-0.015409471873638
-0.020126845365470
-0.021683390591866
-0.018560933044573
-0.012599689754818
-0.007990504708051
-0.008243536549581
-0.013549948882557
-0.020827028025087
-0.026011029932952
-0.026557713974022
-0.022724208785813
-0.017309556014973
-0.013869425240186
-0.014190859723724
-0.017253118028267
-0.020423864255251
-0.021356436883108
-0.019599961502938
-0.016782617243750
-0.014811685510205
-0.014422953699205
-0.015306328102262
-0.016409609061011
-0.016345647081053
-0.014319226700704
-0.010728416310242
-0.007023800778044
-0.004747126709798
-0.004291795129909
-0.004967902374829
-0.005904366119661
-0.006072312992393
-0.004376988445468
-0.000753799997945
0.003393539368884
0.006170379097253
0.006465060088030
0.004609915804352
0.002081372287391
0.000798718497798
0.002338915168141
0.006600544682369
0.011474078033472
0.014700352957150
0.015444565714763
0.014295048534880
0.012782948973983
0.012345106521379
0.013191683573886
0.014421511761029
0.014941496979020
0.014294394691571
0.013166967130667
0.012957487633586
0.014509963850198
0.017310581533630
0.019821637639896
0.020649930122597
0.019558811759439
0.017436785237419
0.015688419916626
0.015505962724760
0.017052554811248
0.019413462914820
0.021337913301486
0.021819851567234
0.020602136775139
0.018452452270381
0.016691643254704
0.016544719484347
0.018427925350665
0.021213782527029
0.022756661724955
0.021605104067510
0.018141169925689
0.014358932523878
0.012483347094771
0.013320893819320
0.015877002057542
0.018229361107709
0.018491354958140
0.015882306763570
0.011366041564780
0.006893685602347
0.004405474470717
0.005097497961776
0.008399617284595
0.011973659924508
0.013305407595325
0.011427893484776
0.007572442986486
0.004110067337830
0.002610822497741
0.003092517054908
0.004477218425307
0.005203189366186
0.004283283720018
0.001982321252643
-0.000657558664783
-0.002262019843738
-0.001872945986718
-0.000149726389549
0.000957216870338
-0.000176465604613
-0.003772065459248
-0.008449930148892
-0.011923555869709
-0.012317062399159
-0.009296643068917
-0.004514406811689
-0.000749105936255
0.000059389140560
-0.001919203938593
-0.004977057404897
-0.007400963172601
-0.008360677098199
-0.007684342622890
-0.005731387237308
-0.003756151565527
-0.003224125831911
-0.004458056069642
-0.006499861022706
-0.007572538045739
-0.005935869747527
-0.001894150842616
0.001783236926811
0.002511968110285
-0.000082219853657
-0.004595279008395
-0.008960955689544
-0.011387817406568
-0.011030322680376
-0.008246725326752
-0.004420423608710
-0.001335244536035
-0.000628276470523
-0.003114310456236
-0.007500752220002
-0.010450724161141
-0.009365773275433
-0.005050344852549
-0.000991260382439
-0.000072758480247
-0.002291920017514
-0.005313398196801
-0.006564045909325
-0.004886785822051
-0.001213288431811
0.001889192306082
0.002088873983974
-0.001046290357983
-0.006081522791689
-0.010560895803102
-0.012160806484343
-0.010047414821417
-0.005471628364735
-0.000962754637084
0.001403981950633
0.001130359952180
-0.000914584710070
-0.003087204794027
-0.003723335524210
-0.002543584328635
-0.001204626154624
-0.001529969087100
-0.003632157373962
-0.006217574515238
-0.007964893596396
-0.008280426394445
-0.007137575149606
-0.004881657964341
-0.002442963543980
-0.000962882812685
-0.000899526886672
-0.001876844742154
-0.003024434495435
-0.003175633244558
-0.001643564069333
0.000788987146432
0.002260846414844
0.001311987528148
-0.001944909545064
-0.005742684761522
-0.007879997491129
-0.007233820465253
-0.004395149812657
-0.001328859298488
-0.000129113616232
-0.001498044764275
-0.004189450221276
-0.005678113175202
-0.003832008308901
0.001110214131403
0.006395016432047
0.008936082463156
0.007401883829997
0.002885449101496
-0.001726449089586
-0.003728353116754
-0.002492537909967
0.000361279122717
0.002232116319782
0.001355072762251
-0.002042641724778
-0.006156218972700
-0.008829070437339
-0.008808067758085
-0.006568560830089
-0.003720987977843
-0.001634406321117
-0.001066049161249
-0.002332227494793
-0.004949603196066
-0.007556967295870
-0.008768586727963
-0.008284530014590
-0.007138285616490
-0.006688855604041
-0.007462295956542
-0.008937147699325
-0.010088489442973
-0.010043148979090
-0.008432480412259
-0.005571259988354
-0.002725012827442
-0.001745614123462
-0.003693270426145
-0.007730397227390
-0.011322155612777
-0.011915426536964
-0.009229305639079
-0.005596189017647
-0.003758574175437
-0.004970206888697
-0.008765729816502
-0.013293145458009
-0.016065965649137
-0.015448706532763
-0.011935672885047
-0.008016427722294
-0.006426299949570
-0.008213451250830
-0.012436153634517
-0.017166226669263
-0.020388314359576
-0.020805109679926
-0.018743906175654
-0.016237279168843
-0.015649552639624
-0.017812604095855
-0.021371440193325
-0.023727041242889
-0.022734476692704
-0.018373662072411
-0.013275774694680
-0.010894560482064
-0.012609978148917
-0.016890193116200
-0.020780535164542
-0.021781848927512
-0.019357129079839
-0.015275885847232
-0.012084164488850
-0.011061020727148
-0.011557494953433
-0.012013169406915
-0.011471659485927
-0.010147768708044
-0.008914193736882
-0.008505237347264
-0.008853404082735
-0.009171212934326
-0.008858865683443
-0.008002379694740
-0.006939136445432
-0.005620743617727
-0.003604290061297
-0.000851506115967
0.001893883282139
0.004034423348798
0.005869893374044
0.008104240920179
0.011148348993395
0.014639233044862
0.017252017021014
0.017712500159358
0.016156974028194
0.013945711264156
0.012438610853040
0.012318887189663
0.013627142879990
0.015880237441009
0.018327714007408
0.020574768782867
0.022590575529889
0.024024749025162
0.024524167527500
0.024563268126534
0.025109390610787
0.026873941055526
0.029848064320098
0.032843650735307
0.033852294615971
0.031438463349890
0.026185342642015
0.021136580701164
0.019937520737592
0.023668272185236
0.029911209936218
0.034884351208707
0.036036493304998
0.033347916875051
0.029079706790669
0.026002337217806
0.025290104836804
0.025784614724535
0.025079960670495
0.021615403604373
0.016049348171740
0.010805767643663
0.008421772389683
0.009615941616280
0.012535826976145
0.014544406337904
0.014480154273451
0.012770728903124
0.010531939711829
0.008885118094567
0.008213232891103
0.008108402322846
0.007800944695450
0.006291633162448
0.003133160134097
-0.000767324043230
-0.003670341900907
-0.003864633214893
-0.000655503354452
0.004477170862683
0.008585030301530
0.009604479730459
0.007418606092374
0.003464285375585
0.000107018184603
-0.000808435047587
0.000472785456584
0.001862179122598
0.001400355448493
-0.000950111662672
-0.003465458239292
-0.004223831941327
-0.002290179955669
0.001812781826304
0.006269912638176
0.008956274986797
0.008678899321288
0.005960832098763
0.002831457292831
0.001343058508464
0.002036381268709
0.003836571474631
0.005050730507637
0.004735440203263
0.003413441602352
0.002003023339708
0.000724277374751
-0.000178293083545
0.000092777281784
0.001850857339984
0.004049903353882
0.004822212169057
0.002985723949723
-0.000785891007688
-0.004334261219913
-0.005565195595884
-0.003883462970544
-0.000832797737311
0.000726873042464
-0.001234417284952
-0.006480857263195
-0.012753313733172
-0.017122041025565
-0.017948984397259
-0.015854393650956
-0.012788284646300
-0.010459145346168
-0.009231792717974
-0.008402689127717
-0.007511468459877
-0.006568448262191
-0.005453093322911
-0.004178999759293
-0.003160013317441
-0.002797004513004
-0.003365861534847
-0.005030747881426
-0.007450362570360
-0.009585729132048
-0.010223680561215
-0.008842011670733
-0.005855131271526
-0.002188374464623
0.000982479647676
0.002749972960872
0.003363425486358
0.003869154538228
0.004689680703834
0.005172217186850
0.004314354179462
0.001825552824761
-0.001068647294829
-0.002207387234976
-0.000216022609053
0.004401140464564
0.009363818483802
0.011939334784744
0.010987042548145
0.007707190766769
0.004536249224725
0.003690850374156
0.006000798640485
0.010215811366413
0.013665914620753
0.014245792680097
0.011871928268992
0.008017547171478
0.004428946890098
0.002369473619549
0.002014296144960
0.002190685480298
0.001539375441759
-0.000018139162765
-0.001471248916594
-0.001807117407622
-0.000598957535202
0.001772400471543
0.004289155764428
0.005781927583424
0.005232464472735
0.002199856231860
-0.002638299538888
-0.007569623652770
-0.010473940998250
-0.009896826691365
-0.006505377832308
-0.003256888389183
-0.003213672138057
-0.006912107198774
-0.011875791805196
-0.014543097522702
-0.012837115752238
-0.007698263608435
-0.002596043836854
-0.000892338933612
-0.003151032508784
-0.007133748851757
-0.009865190223574
-0.009497502113410
-0.006525762991740
-0.003669072158073
-0.003622362504805
-0.006693918702759
-0.010717299280206
-0.013023687214119
-0.012727077970168
-0.011109751355841
-0.009715738941452
-0.009072985788635
-0.009266633184571
-0.010083754528230
-0.010683630171171
-0.010341973320010
-0.009123620797653
-0.007594318730447
-0.006281226927573
-0.005180476386508
-0.003993257618566
-0.002937211372575
-0.002785442353986
-0.004231564505849
-0.007187826350511
-0.010339628548453
-0.011913013011628
-0.011212207886703
-0.009079158574677
-0.007000744188882
-0.005838072649169
-0.005203715110919
-0.004265516169170
-0.002890877191136
-0.001569414960611
-0.000947083901820
-0.001689871586065
-0.003990944856635
-0.006947241057534
-0.008513457847845
-0.006921145166573
-0.002878141434894
0.000732716936537
0.001660632201059
-0.000218203573345
-0.003616219945556
-0.006678700443685
-0.007375312111119
-0.004596988757726
0.000366342233175
0.004397916290879
0.005197799384796
0.002797008664856
-0.000939030962741
-0.003333844717168
-0.002352720402915
0.001909853701391
0.007213134146089
0.010542165239890
0.009899687373277
0.005872008433178
0.001545962112025
0.000315781792215
0.003484479373482
0.009290442217942
0.013990954265309
0.014657087235742
0.011238771159595
0.006316717402170
0.003414569740647
0.004785173928061
0.009838829554435
0.015529094527576
0.018414281906815
0.016825723957732
0.011694918956776
0.005880534218254
0.002729631983746
0.004189994604838
0.009065893373693
0.013461212921188
0.014054466659780
0.010884673875305
0.006839853049005
0.005141675178423
0.007104441968071
0.011275966778137
0.014293786405475
0.013029134529733
0.007030623656914
-0.000646733749449
-0.005625840943099
-0.005452354834083
-0.000907415331637
0.004941194389080
0.008787567780618
0.008998906609219
0.006164857124290
0.002271934553077
-0.000579203787299
-0.001278755997194
-0.000155945059287
0.001322847580748
0.001631832185957
0.000630920033134
-0.000623259556990
-0.001607869529668
-0.002554997541649
-0.003388057806605
-0.003670343600667
-0.002982267046081
-0.001174616944797
0.001080235650145
0.002489576911840
0.002165627360991
0.000197572348316
-0.002245382653243
-0.003598085888832
-0.003376820118933
-0.002459523193385
-0.001980663414114
-0.002439819432411
-0.003257269026208
-0.003284093130173
-0.002283494331146
-0.001331655914853
-0.001714951762147
-0.003773245393473
-0.006397016699150
-0.007678886439826
-0.006379505805695
-0.002921160543224
0.000549116580936
0.001346138496029
-0.001579384678993
-0.006709123808815
-0.011081221503174
-0.011903130349952
-0.008365322524154
-0.002793299966944
0.001043023736858
0.000936017643346
-0.002644814959544
-0.007352111703391
-0.010492987866569
-0.010610287777486
-0.008226872402021
-0.005245412470556
-0.003409885662725
-0.003163711664519
-0.003848415199153
-0.004443094761509
-0.004169230356656
-0.002999362906392
-0.001497707510828
-0.000296869360428
0.000077019940520
-0.000512361487656
-0.001774326481354
-0.003426810677054
-0.004872033722411
-0.004829674490805
-0.002474693162604
0.001424889659385
0.004822657766218
0.005282357246648
0.001345151335209
-0.005715172645765
-0.011987011317140
-0.013648443112650
-0.009852352566548
-0.003452311793045
0.000988745705135
0.000512778102284
-0.004239772339795
-0.009539322343154
-0.011252180027821
-0.008209149687762
-0.003226657024653
-0.000645469058039
-0.002833485231206
-0.008490348459815
-0.013793206337086
-0.015344324849576
-0.012496100137109
-0.007605978709074
-0.004412324714739
-0.005423786598158
-0.010283566557933
-0.016305176693500
-0.020223737887485
-0.020190552498522
-0.016900634574386
-0.012808888193162
-0.010360513743800
-0.010517422522117
-0.012115518786273
-0.012836597983060
-0.011345040838136
-0.008349185589769
-0.005648147221085
-0.004550322997055
-0.005069463312198
-0.006163139890389
-0.006556884598931
-0.005623662123537
-0.003799445343809
-0.001932426198943
-0.000282087695064
0.001318038252107
0.002652824285196
0.003081166187906
0.002159972773831
0.000411494300188
-0.000443468767992
0.001271769421375
0.005515658285217
0.010331721603600
0.012974421378447
0.011668562886608
0.007140010890045
0.002239048264055
-0.000140791726462
0.001006837262775
0.004241518038436
0.006970240647166
0.007458192614787
0.005730954691078
0.003300269719604
0.002235799324683
0.003746856851319
0.007105768530679
0.009977403108722
0.010073241209990
0.006700590824735
0.001161186902166
-0.003898760261995
-0.005941873717177
-0.004154259796041
0.000015730404557
0.003827156576402
0.004834535278669
0.002289981533208
-0.002108646681575
-0.005284575564821
-0.005299845093092
-0.002540973404942
0.001081893435513
0.003253608044806
0.002395672996869
-0.001300190317227
-0.005799193262365
-0.008313908891898
-0.007252430576411
-0.003429019708148
0.000872658857062
0.003593998160866
0.003914116613501
0.002711416930250
0.002206319385487
0.004465554692932
0.009616913228327
0.015328163317494
0.018333737886006
0.016831422981865
0.011744749180260
0.006348797300595
0.004503101095430
0.007812239606170
0.014161848104482
0.019532379693612
0.020964683281811
0.018319847226433
0.014376500633150
0.012952321016794
0.016142231647756
0.022786992585227
0.029109395534058
0.031410765433701
0.028754526691384
0.023197782011749
0.018245560318669
0.016914564845285
0.019810234714426
0.024698603196505
0.028329043379065
0.028746336978015
0.026311427920856
0.023010767401818
0.020849126476042
0.020698981368542
0.021948504237610
0.022918352086936
0.022281177533584
0.020185604408764
0.017721872079689
0.016120308029744
0.016644814794197
0.019740552475123
0.023926343956128
0.026462143670597
0.025259172193139
0.020233545314488
0.013414769333286
0.007992672162696
0.006633094039058
0.009600493632752
0.014146184288318
0.016318017864542
0.013880348407041
0.007975543967292
0.002253787801597
-0.000149996955494
0.001118337809529
0.004141915925118
0.006168639114340
0.004971862237098
0.000552229341082
-0.004630702289830
-0.007577771468145
-0.006719428959819
-0.002964950042035
0.000570761602740
0.000785154876960
-0.003218923520321
-0.010011624528266
-0.016796462501197
-0.020770368625465
-0.020823107856617
-0.018000140644953
-0.014337888917475
-0.011610729093546
-0.010773843231098
-0.011950094818035
-0.014475174134543
-0.016914822987280
-0.017815397901668
-0.016811572309070
-0.014811269243673
-0.013306070478561
-0.013341672273679
-0.014700524964150
-0.016143254263487
-0.016306001108159
-0.014488844560968
-0.011272243151587
-0.008221158019284
-0.006846495477997
-0.008030171184166
-0.011466911211383
-0.015162319670304
-0.016310744365108
-0.013098166144194
-0.006174883872559
0.001076565189048
0.004475186482747
0.002133585579262
-0.004031151710963
-0.009557775310611
-0.010687162047058
-0.007156236877309
-0.002022725745002
0.000969722351372
0.000034379399135
-0.003578512638630
-0.006609082074079
-0.006251854272542
-0.002266386722303
0.002529013140495
0.003800709751189
-0.001048881958300
-0.010216417905961
-0.018111345214304
-0.019096009159619
-0.011735231943887
-0.000248024056868
0.008492607254054
0.009913879311270
0.004511804571128
-0.003199108496606
-0.008254996339713
-0.008433567882147
-0.005030958540195
-0.001405217051764
-0.000292518334148
-0.001812231919194
-0.004053786998364
-0.004956129965352
-0.003441810236054
0.000072083804934
0.003903467874038
0.006122207512498
0.005430805502664
0.001891381590128
-0.002646578349281
-0.005352222568072
-0.004235380778101
0.000335840809099
0.005659750566606
0.008609222895758
0.007955261972405
0.004761098522509
0.000928376765868
-0.001870329012880
-0.002529652764892
-0.000939685065026
0.001840850162968
0.004031755079985
0.004142516639490
0.002037402821886
-0.000845530106659
-0.002409403375863
-0.001385470563219
0.001692284818469
0.004815125124212
0.005822339589889
0.003744093355098
-0.000549052325911
-0.004828161846898
-0.007081382710815
-0.006915028692279
-0.005619240675929
-0.005158203656234
-0.006702381507516
-0.009669590562867
-0.012330909762543
-0.013234178981926
-0.012191003353843
-0.010576484009417
-0.010348127008872
-0.012304747839829
-0.015679293906520
-0.019084403586320
-0.021456226390827
-0.022715999578523
-0.023560081269969
-0.024189941472307
-0.023753960343835
-0.021438645973891
-0.017682317883280
-0.014101575756986
-0.012446042099772
-0.013561905405758
-0.016925058663144
-0.020828887424466
-0.023211928746326
-0.022802123716842
-0.019609210287860
-0.014694092155466
-0.010033777511612
-0.007813110902655
-0.008947519580514
-0.012591594592213
-0.016824948139035
-0.019440123190389
-0.018883658134324
-0.015153898149603
-0.009911616458252
-0.005629140118346
-0.004033036162466
-0.004909526584196
-0.006561962782092
-0.007347002035425
-0.006551649785739
-0.004235772555317
-0.000818561782947
0.003005236761657
0.005907559779982
0.006174519836537
0.003228080422673
-0.001373601493444
-0.004714085199610
-0.004216536748864
0.000588621957560
0.007394501751859
0.012458386796471
0.013095739728325
0.009728972956496
0.005673382769494
0.004394812310689
0.007007969183566
0.011793415212966
0.015152834991307
0.014025319797269
0.008456964687327
0.001493851835955
-0.003109871319576
-0.003030716607667
0.001374371604781
0.007371692054888
0.011693464178892
0.012406483152594
0.010024315535871
0.007209852016041
0.006533656903164
0.008329771910326
0.010730724217854
0.011335868753123
0.009197407183338
0.005426560430760
0.001991396682841
0.000603629325695
0.001954130701025
0.004825783589712
0.006708344807681
0.005936168868197
0.002901501832382
-0.000510543914907
-0.002290624099862
-0.001576687672604
0.001055921314015
0.004106918882551
0.005649803416133
0.004487493069906
0.001286817434800
-0.002168839540316
-0.004238628929442
-0.003912655477691
-0.001430055865567
0.001783381212779
0.004324963473486
0.005404475612391
0.004686363171103
0.002394294343142
-0.000548943727720
-0.002575820685723
-0.002110559441673
0.001123692114629
0.005639802896470
0.009145155951680
0.009891148822430
0.007882888401168
0.005078139062046
0.003890807603200
0.005512375988974
0.009372370572316
0.013460044664646
0.015376652152673
0.013753778383167
0.009356462406842
0.005127177460357
0.004074450226679
0.006493144955936
0.009971660190737
0.011864335105297
0.011235190972032
0.009243334241075
0.008079642787545
0.008959937740555
0.011085768382343
0.012631775605810
0.012249175525717
0.009745819615067
0.006176830081248
0.003368663095802
0.002784801628835
0.004498614782487
0.007045087037143
0.008303047252748
0.006911226700533
0.003261520382927
-0.000641926166463
-0.002582881814379
-0.001689709515897
0.001335801833314
0.004759826200266
0.006471832208196
0.005447953416564
0.002693845918358
0.000163874392944
-0.000685125659742
0.000460239987677
0.002565833758230
0.003916070233354
0.003314442454246
0.000828101381172
-0.002025076365310
-0.003237078276416
-0.002245360361594
-0.000361596526228
0.001002823857838
0.001699733656119
0.002401356490023
0.003470204107941
0.004518408017748
0.005147746800071
0.005451544023426
0.005190161272464
0.003615287503098
0.000756186105110
-0.002142136922696
-0.003653365303419
-0.003271149785790
-0.001782010479345
-0.000503034229506
-0.000083702407694
-0.000302615183220
-0.000525524602363
-0.000038445595841
0.001334979468218
0.002837108442394
0.003417660883461
0.002586559620921
0.000753371355393
-0.001113644170430
-0.002301183780530
-0.002554398219178
-0.001894078568747
-0.000804052814378
0.000055243239829
0.000337109696707
-0.000266018438564
-0.001940697728066
-0.004077505282935
-0.005515298353850
-0.005423174557179
-0.003834184700048
-0.001791026252895
-0.000708054651834
-0.001403881249915
-0.003861835738584
-0.007199661737169
-0.009835318396405
-0.010595749534988
-0.009576731034620
-0.007713636267195
-0.006011284751457
-0.005043144477043
-0.004774964465354
-0.005000716186122
-0.005693899651840
-0.006779131743396
-0.008210103751286
-0.010007341540841
-0.011656768994345
-0.012312784992875
-0.011749818221424
-0.010412355165571
-0.009025949732025
-0.008293469341482
-0.008301807175952
-0.008531721993555
-0.008583438499734
-0.008412953400781
-0.008245768404598
-0.008542488701554
-0.009458478911474
-0.010454530383168
-0.010886437544976
-0.010412408665687
-0.008847534189236
-0.006583211178626
-0.004720345396046
-0.003758658390751
-0.002791366078639
-0.000835710442246
0.001804699434491
0.004035710341992
0.004974928321918
0.004370466694836
0.002958167191107
0.002220914840338
0.003119401476044
0.005381596563883
0.007986271588993
0.009771093610193
0.010240846387962
0.010321591584105
0.011433947056500
0.013728705830925
0.015971130875011
0.016680331342342
0.015056921384356
0.011845801291252
0.009265476733585
0.009186345676480
0.011930021784914
0.016668425395496
0.021485857178468
0.023775024345321
0.022211196163918
0.017872268993059
0.013104367848786
0.010267356258441
0.011053256869639
0.015283453559102
0.020389339799499
0.023198791575820
0.022381162048855
0.019025815849659
0.015391683895293
0.013389900791729
0.013821765005181
0.016296572202504
0.019256374431182
0.020569117346750
0.019048121878594
0.015333341685869
0.011172412737307
0.008235103638022
0.007481677555646
0.008788916259871
0.010587202162809
0.010638193430088
0.007964132927609
0.003631962662713
-0.000279021186798
-0.002000173401680
-0.001039777938887
0.001355550189491
0.002982279108388
0.002228487257843
-0.001087416708440
-0.005661890405336
-0.009283687941154
-0.010395947645580
-0.009207029299364
-0.007061469392382
-0.005425501489345
-0.005454503457909
-0.007622118540684
-0.011209149651029
-0.014206360394457
-0.014735212369009
-0.013149950506823
-0.011920835480565
-0.013263806842581
-0.017367117886108
-0.022394082279929
-0.025731592696626
-0.025748235246988
-0.022806909377608
-0.018898884788671
-0.016490009825427
-0.017200682633215
-0.020923827205754
-0.025991078289006
-0.030047894035220
-0.031229284218218
-0.029595424027827
-0.027253790392345
-0.026320094659578
-0.027167647298873
-0.028696346598517
-0.029487317578902
-0.028567312116418
-0.025737858707593
-0.021947759222170
-0.019281270449363
-0.019542737031053
-0.022644427196441
-0.026894821486539
-0.030090124917733
-0.030106574378013
-0.026119534364000
-0.019784198052232
-0.014421367754370
-0.012750436223788
-0.015062166986264
-0.019083274061971
-0.021414676292776
-0.019432649960017
-0.013028601502706
-0.005338917810789
-0.000809626835879
-0.001711446055405
-0.006724692459905
-0.012135266093821
-0.014096169760333
-0.011164378263526
-0.005236576047520
0.000206610929992
0.002633688721071
0.001923021412287
0.000231233625831
0.000242753477286
0.003140931906356
0.007939692300534
0.012239133380819
0.013880489602378
0.012512224675835
0.009722639633900
0.007928766950625
0.008841148495790
0.012028642230771
0.015125940557708
0.016164441673619
0.015229108557388
0.013618009018914
0.012683434171899
0.013476105173112
0.015805600800839
0.017759991729985
0.017316060976856
0.014273762199692
0.010324863528694
0.007652942937358
0.007688846244847
0.010585556840054
0.014977381196388
0.018322180769363
0.018431773951939
0.015102293420486
0.010098539011906
0.005687315056574
0.003438471057753
0.003999599705957
0.006897972578161
0.010194469907817
0.011365003050457
0.009290909187200
0.005101988556453
0.001251883805957
0.000173203057797
0.002720588673180
0.007109999062887
0.010324866169395
0.010636788244949
0.008125772623533
0.003852033468761
-0.000488181359093
-0.002957269073169
-0.002300702690898
0.001283295151175
0.005997575911618
0.009225023140116
0.009240674254939
0.006498381165382
0.003086296481393
0.001138369813854
0.001638892634212
0.003934905259676
0.006152649951226
0.006437289049146
0.004104627977787
0.000083768810509
-0.003290856882112
-0.003355931849900
0.000790491579308
0.006973011136402
0.011375603335410
0.011403087713407
0.007335645417975
0.002003364785813
-0.001129128870828
-0.000431163147666
0.002867614504694
0.005940386559354
0.006343240223880
0.003516084061574
-0.000669304046502
-0.003346576333360
-0.002803093012170
0.000778630211482
0.005287672613209
0.007514691968898
0.005644041277650
0.000885729746881
-0.003649966718172
-0.005349180442884
-0.003832044705272
-0.000977542908563
0.000568912039135
-0.000891320300333
-0.005130991035153
-0.010055987613438
-0.012822011688194
-0.011551007887809
-0.006929657244980
-0.002383588083675
-0.001504760807631
-0.004915482441439
-0.010139850605268
-0.013613123942905
-0.012804328387333
-0.008060871543058
-0.002487467472645
0.000456175007024
-0.000976716376012
-0.006162776160536
-0.012310172404698
-0.015933977627591
-0.015130655393282
-0.010609086115677
-0.004992700155350
-0.001283553520094
-0.000977147840195
-0.003017550781055
-0.004814235798210
-0.004256603660451
-0.001053937206464
0.002979249061789
0.005058310685505
0.003594098417205
-0.000570808485426
-0.004820293414848
-0.006306186484079
-0.003414616595059
0.003059256461415
0.009924388462606
0.013596644152790
0.012627953367153
0.008453344591755
0.004166315131277
0.002729221878522
0.005391491540192
0.010939760629474
0.016627164761409
0.020015582500754
0.020173506794125
0.017956230840028
0.015339213642189
0.013928639360595
0.014046838293569
0.015029575925345
0.015886933640543
0.015998096803888
0.015538489114459
0.014938782774397
0.014276868461105
0.013866342304673
0.014446951525756
0.015930489690912
0.017113013836985
0.016870305724399
0.014881440264879
0.011848844463658
0.009349757099176
0.008775657259034
0.010369469705902
0.013164814663500
0.015314794702085
0.014891525713915
0.011273001294831
0.005982901105691
0.001952222360470
0.001410675267210
0.003980810660652
0.006984425765657
0.007692608828026
0.005238164921520
0.001047705266979
-0.002120662981551
-0.002136747817429
0.000804929666833
0.004104922839220
0.004592455851681
0.001136576227620
-0.004422027374660
-0.008974237770512
-0.010354965917245
-0.008418878515442
-0.005030744647658
-0.002776143199332
-0.003179567034149
-0.006131655805847
-0.010279076475149
-0.013516205561492
-0.014137458420233
-0.012120594804513
-0.009108180474138
-0.007359686511743
-0.008207229376251
-0.010896276997919
-0.013441450004923
-0.014509069501674
-0.014005271608985
-0.012624777622554
-0.011481498256800
-0.011550281672384
-0.012869362420682
-0.014394641666801
-0.014769972743148
-0.013279157710431
-0.010266867842468
-0.006888414114364
-0.004334905635454
-0.003002441333327
-0.002539714496275
-0.002657073389742
-0.003172881797097
-0.003573179869644
-0.003596082936808
-0.003686578698644
-0.004177492579329
-0.004549424676536
-0.003506655733029
0.000033637324480
0.005332510112309
0.009873817828624
0.011473933417709
0.009554256799220
0.005130683524251
0.000690476106436
-0.001111911225767
0.000541522441270
0.004326312261969
0.007976740157233
0.009425383408366
0.007782787393127
0.004170109230319
0.001328186456433
0.001734235933638
0.005657831760234
0.010808885521812
0.013928809380864
0.012995901820618
0.008610707106781
0.003680199446666
0.001162476722450
0.001907701803355
0.004685318961830
0.007301759784568
0.007625238935131
0.004983646366545
0.000817499661698
-0.002673798124555
-0.004143149664691
-0.003463415501724
-0.001437597060747
0.000754615046313
0.002051352688067
0.001725750432912
-0.000358231602134
-0.003535062617509
-0.006443541329041
-0.007675328215447
-0.006617408006336
-0.003669737605267
0.000003016820217
0.002795532354402
0.003232390448347
0.000759918815084
-0.003615601319964
-0.007459927184144
-0.008255163606761
-0.005390396947194
-0.000926687747586
0.002196059685177
0.002719604715774
0.001541721129928
0.000351388217849
0.000334088122503
0.001463731928474
0.002567691799381
0.002380675157429
0.000561364527134
-0.002229155520902
-0.004689774344390
-0.005384721786440
-0.003708502186928
-0.000670849703596
0.001694847868568
0.001990726034998
0.000249929576592
-0.002642208670504
-0.005304743238399
-0.006033460886518
-0.004006783590883
-0.000344367595728
0.002676293505904
0.003299872894267
0.001228615146161
-0.002247746406467
-0.005001310711361
-0.005642756934375
-0.004402785247208
-0.002738165643597
-0.002324590146031
-0.003724450297772
-0.005769793315581
-0.006589458533089
-0.005177477324199
-0.001961692252077
0.001495388468995
0.003153090085882
0.001881930490054
-0.001397149703412
-0.004474925338193
-0.005562620088406
-0.004121569023930
-0.000828208001096
0.002551113445438
0.003711171697128
0.001400281874711
-0.003195480333308
-0.006988266545054
-0.007234442419886
-0.003677343418154
0.001459582877040
0.005504542203533
0.006988204309050
0.005954283819527
0.003743671771388
0.001989806472357
0.001228322972928
0.001051767957153
0.001126988050032
0.001362368788403
0.001943341652545
0.003373874046736
0.005807575981566
0.008760462624668
0.011652055488583
0.013757686668143
0.014057664146991
0.012060248434553
0.008240581386854
0.003782599560779
0.000392900210284
-0.000578309400580
0.000747665087881
0.002942521942882
0.004376423218366
0.004315154839587
0.003253578336840
0.002179954602445
0.001912144525593
0.002883807547023
0.004724593189081
0.006385249060607
0.006966421782167
0.005924869720834
0.002924820672791
-0.001662272697190
-0.006374861273285
-0.009311776674566
-0.009407027294665
-0.007327866491059
-0.004876460797563
-0.003422363748533
-0.003412991121673
-0.004734134297065
-0.006556479123074
-0.007687945882008
-0.008015593913797
-0.008861723149186
-0.011419613639005
-0.015364147808022
-0.018795113600346
-0.019278915054497
-0.015686771458517
-0.009481517016515
-0.004114166807063
-0.002825279155551
-0.006463652356079
-0.012902209850863
-0.018465530355426
-0.020478237825393
-0.018853432831052
-0.015558139262512
-0.013049103199456
-0.012706850581823
-0.013798377613530
-0.014248180496193
-0.012899920617549
-0.010363908864423
-0.007900063404658
-0.006658916580341
-0.007312479194769
-0.009316970491726
-0.011080302053406
-0.011182517820146
-0.009250120062711
-0.006298074125981
-0.004279463278478
-0.004112419196840
-0.004554039569640
-0.004131130375909
-0.003061128504715
-0.002371774010301
-0.002252978016344
-0.002041704870624
-0.001199131898433
0.000207406344999
0.001657279398546
0.002662657866603
0.003291845170876
0.004167702281876
0.005755159677944
0.007771838327992
0.009474997313944
0.010052629982671
0.008867930772094
0.006167997209229
0.003404299896396
0.002384093126812
0.003853107049861
0.006773773426210
0.009322927872473
0.010360105501754
0.009576988854264
0.007274861517081
0.004682922120069
0.003454554674404
0.004241459789799
0.006034375824419
0.006759743048141
0.004764721224251
0.000361974722593
-0.004133205191960
-0.006159867792804
-0.004771309088264
-0.001172392832411
0.001945187700295
0.002214464790433
-0.000388174481385
-0.004025269700666
-0.007039575697980
-0.008279727100714
-0.006938766537066
-0.003551804065080
-0.000095864537755
0.001664449561669
0.001549028745968
0.000812523360467
0.000953432711428
0.002258957976315
0.003393957023679
0.002795233880125
0.000284894780482
-0.002885486112399
-0.005069586838509
-0.005010097653955
-0.002303360045082
0.002103624947185
0.006144016127743
0.008059803934681
0.007550158108574
0.005492154613001
0.003203456072441
0.001876495408102
0.001905358715171
0.002773467567519
0.003697228489886
0.004050716776930
0.003595553281946
0.002716182698593
0.002209779046514
0.002849897870740
0.004729766230003
0.006779454301812
0.007649910064106
0.006713841723684
0.003894922913386
0.000084507281137
-0.002349755392683
-0.001313587689241
0.002888679815656
0.007689139516044
0.009820707862275
0.007194728348248
0.000612432559306
-0.006207383714072
-0.009010917385822
-0.005947664538770
0.001205979052429
0.008208581438087
0.010983524517702
0.008035459444149
0.001422706539490
-0.004503799574475
-0.006046755073227
-0.002417447880394
0.004010664081402
0.009123223489842
0.009636200826624
0.005390323911225
-0.000421236117116
-0.003467139504038
-0.001500746280555
0.003968258506141
0.009144592641388
0.011065620258966
0.009314802838609
0.005700602792448
0.003151738123555
0.003880896047392
0.007486006664980
0.011075967760120
0.011553539341034
0.008155918575295
0.003346119597047
0.000886807143222
0.002555230239587
0.007096446682903
0.011946326747105
0.014971233960538
0.015268336744607
0.013505185371307
0.011372464674622
0.010225973072449
0.009875015794720
0.008600413878700
0.005113936458379
0.000685682375827
-0.001642433262091
-0.000159583984700
0.003881887966205
0.007737869778404
0.009449457531638
0.008524809112255
0.005728817596872
0.002782618264475
0.001170958646929
0.000993862750913
0.001309835962524
0.001006454893547
-0.000585669707975
-0.003125548591981
-0.005416844895887
-0.006498647108760
-0.006419715370494
-0.005917389673543
-0.005647126530699
-0.005729294214475
-0.006013305806768
-0.006736362525943
-0.008116620440529
-0.009482645803475
-0.009990038206909
-0.009586405115051
-0.008644549343619
-0.007615272984036
-0.007271630641729
-0.008515363668295
-0.011431072700326
-0.014766499096617
-0.016786077337798
-0.016495540203637
-0.014066987563066
-0.010633399081043
-0.007832399755994
-0.007040037065086
-0.008444504911969
-0.010827097445753
-0.012439509582346
-0.011969171883630
-0.008999803752557
-0.004392192308213
-0.000294232228777
0.000942499634018
-0.001489402359960
-0.006128103591311
-0.010444135239261
-0.012380710813728
-0.010901242489203
-0.006421199563323
-0.001067641393216
0.002408803936251
0.002393913146801
-0.000574659984449
-0.004043802845086
-0.005234482340794
-0.003018735655319
0.001389894265149
0.005469915819542
0.007300231893671
0.006950800459576
0.006176834385069
0.006796797631167
0.009156315986517
0.011648967163810
0.011871899998567
0.008780879868196
0.003762224535396
-0.000237802253322
-0.000505575663665
0.003750539800549
0.010682102712642
0.016776666299446
0.018985099649857
0.016489985251284
0.011054976259452
0.005909878452817
0.003959346882386
0.006175324911463
0.010863675073406
0.014755318849955
0.015465906558722
0.012847365362863
0.008542005783141
0.005130040358616
0.004661029896676
0.006840196239933
0.009324829291206
0.009938090301497
0.008062086831116
0.004704395686044
0.001892793261437
0.001242264106250
0.002702493667728
0.004873718796374
0.006163457676429
0.005629196537448
0.003322801238201
0.000078129628814
-0.002831906487798
-0.004031161893776
-0.002963619819239
-0.000600003561397
0.001317300873382
0.001634523649788
0.000333726953503
-0.001865380499058
-0.004116741018846
-0.005671595233685
-0.006085806544093
-0.005551633325071
-0.004725031178100
-0.004202958721732
-0.004055300519444
-0.003701404294070
-0.002646208660190
-0.001348970026815
-0.000932446370293
-0.002137473054930
-0.004876761680378
-0.008434261252015
-0.011533603083868
-0.012560953283037
-0.010465180139722
-0.005921214249056
-0.001495548017924
0.000172235242699
-0.001491134251955
-0.005056199685094
-0.008688375733956
-0.011032285037752
-0.011249576812251
-0.009312442741897
-0.006263654024059
-0.003548824549433
-0.001931328075698
-0.001293980349083
-0.001269266224748
-0.001489610491970
-0.001558723625781
-0.001413332687511
-0.001341314346560
-0.001499116890819
-0.001824084765476
-0.002024066242308
-0.001558608008800
-0.000178230954455
0.001723711711285
0.003285773606339
0.003537969167039
0.002188322422665
0.000182203649226
-0.000893756517926
0.000087731060525
0.003060422046827
0.006515747898639
0.008378136337956
0.007727395390973
0.005152044778100
0.001676719518795
-0.001577981802777
-0.003326460780717
-0.002970473275329
-0.001304723290452
0.000178886885231
0.000574858697314
-0.000077744170276
-0.001258203366746
-0.002051718733176
-0.001380022140216
0.000772369367920
0.002710974165978
0.002417261120519
-0.000408103787298
-0.003877033919518
-0.005472294003861
-0.004128733871950
-0.000795267353204
0.002520379626149
0.003604373069107
0.001147525557443
-0.003674004040063
-0.007541475795576
-0.007554153814514
-0.003405131823895
0.002325890319691
0.006125943565741
0.006426096285867
0.004164801575912
0.001051583243571
-0.001405192562407
-0.001985243027900
-0.000373714316230
0.002325049346310
0.004151108310837
0.003692343167332
0.001173031021874
-0.001798243558289
-0.003519502930238
-0.003380882089884
-0.002109658611750
-0.000979148888319
-0.000707738726795
-0.001067646588006
-0.001336605071758
-0.000965677154052
-0.000056008829050
0.000740486395099
0.000677306404444
-0.000789914349698
-0.003361580498442
-0.005617427554270
-0.006338160700719
-0.005602779594156
-0.004267831796038
-0.003247301322574
-0.003164888392953
-0.004143268125183
-0.005839704231151
-0.007347272315201
-0.007371147710014
-0.005313627382853
-0.002069228639494
0.000618371664303
0.001475920134188
0.000475999736064
-0.001343962965970
-0.002804805775526
-0.003403146069731
-0.003244018406362
-0.002594456051151
-0.001792234508324
-0.001363605929974
-0.001909046500310
-0.003537417664826
-0.005462588485131
-0.006408470966000
-0.005424785019647
-0.002692040323112
0.000315675947808
0.001950575941231
0.001469756992647
-0.000993864762101
-0.004345982417483
-0.006498136734994
-0.005840627667252
-0.002786044666842
0.000545253853577
0.001721573170617
-0.000356397242604
-0.004435553357270
-0.007897230212304
-0.008531744951083
-0.005609670884760
-0.000707919823698
0.002859284607230
0.002629372506160
-0.001169645939767
-0.005946689305315
-0.008359607598701
-0.006711704868276
-0.002457633098331
0.000932720641300
0.000693091963285
-0.003106917193573
-0.007570635946840
-0.009130500621693
-0.006029612437021
0.000363278902491
0.006136592628112
0.007485985166964
0.003547632796616
-0.002980812576786
-0.007673274435066
-0.007426011922138
-0.002618979513773
0.003458492601447
0.007000965805336
0.005897398479572
0.001009200236948
-0.004314425394130
-0.006692076274029
-0.005068451347855
-0.001117361322302
0.002055874278039
0.002109927398960
-0.000730839328451
-0.004088563735473
-0.005510910930001
-0.003830403497835
0.000527578617002
0.005594458910009
0.008848395703064
0.008856476763516
0.005955045552038
0.001701464448517
-0.001861011641320
-0.002984677980360
-0.001453022966284
0.001004514106888
0.002443011991875
0.002625017746655
0.002694154984826
0.003591244798763
0.005167349698832
0.006382348632266
0.006299670050538
0.004875903974775
0.002601560354851
0.000022952316851
-0.001966975736257
-0.002356192571513
-0.000793677353614
0.002276711491192
0.005625942089105
0.007564848664510
0.007014956136278
0.004121394852161
0.000245570610826
-0.002485689040867
-0.002471253321612
0.000262457799462
0.004000271333577
0.006266644038526
0.005812755808358
0.003738272131730
0.002004602314699
0.001641061283773
0.002425096509807
0.003124237874572
0.002417075125553
0.000138166828342
-0.002740687074974
-0.004858897729648
-0.005040294808521
-0.003094481535064
-0.000183725741355
0.001879789936681
0.001866993189721
0.000043659346801
-0.002440030374045
-0.004687352227665
-0.005647442622104
-0.004006873111511
0.000020933785720
0.003854465704147
0.004290784537093
0.000067094280650
-0.006876832839709
-0.012671384692027
-0.014323159579437
-0.011430066388115
-0.005862079429528
-0.000394540515635
0.002654571998185
0.002269672275361
-0.000727814818257
-0.003717275748761
-0.004051441872721
-0.001449717988159
0.001893055708361
0.003421091083747
0.002170311994013
-0.000722310366616
-0.003105061565773
-0.003426628335371
-0.001556697173078
0.001082930239312
0.002475522166111
0.001766898143868
-0.000407762810218
-0.002639648448979
-0.003161890302560
-0.000910079391665
0.003460576536088
0.008038563021329
0.010714624460758
0.010258856466568
0.007223137951231
0.003637996257649
0.001731096603822
0.002585035795077
0.005374902351480
0.008266419317003
0.010019624618351
0.010183996239036
0.008944303088824
0.007580153689496
0.007634190278365
0.009098013638813
0.010281831266103
0.009561397272772
0.007005672531044
0.004157182570783
0.002448222912480
0.002474178322767
0.004092417387482
0.006237001295474
0.007458592245362
0.007071259150322
0.005311288013180
0.002977651351182
0.001167071113812
0.000533792190774
0.000831851608315
0.001444994304107
0.001826533688467
0.001540803652710
0.000465375086479
-0.001106240318350
-0.002544142108711
-0.003179413842686
-0.002884063441966
-0.002113577969966
-0.001424720435543
-0.001262604003066
-0.001881761906956
-0.003353226510066
-0.005500989304918
-0.007451624693307
-0.007969987876727
-0.006852785797360
-0.005305644978778
-0.004725851093225
-0.005378113975390
-0.006040974880987
-0.005153659959570
-0.002533512016599
0.000491239003940
0.002315073993074
0.001799732805362
-0.001489544273785
-0.006835013961134
-0.012000973085941
-0.014119657068432
-0.012021946759682
-0.007393439380080
-0.003138021970958
-0.001237458303067
-0.001908641632787
-0.003676445771374
-0.004371635094972
-0.002621867858911
0.001287451034250
0.005403707737079
0.007182140896861
0.005382418357994
0.001101027224816
-0.003010970884217
-0.004560110743962
-0.002884548568445
0.000735291021653
0.004187386782562
0.006062186165114
0.006390870347046
0.006228015248068
0.006743200478844
0.008459774918718
0.010686494802144
0.011869088363409
0.011238978392311
0.009560771091632
0.008137453476800
0.008075747920379
0.009729216292427
0.011936814856483
0.012961882207734
0.012294343220725
0.010729459820064
0.009435672306964
0.009209214507706
0.009834707677705
0.010186392177657
0.009176045298252
0.006678604902396
0.003821401051097
0.002258937212058
0.002932683089320
0.005587030662857
0.009160427579892
0.012178938322626
0.013103861681887
0.011065661476940
0.006691172500491
0.002026951242808
-0.000812806687404
-0.000961595236394
0.001068589047844
0.004084311463569
0.007062953656769
0.009361608354219
0.010203095953509
0.008863754020430
0.005645668890519
0.001952443748207
-0.000670564308961
-0.001503055505156
-0.001049530221129
-0.000396403408540
-0.000103530072296
-0.000005495513299
0.000265488784473
0.000953921447862
0.001896647772910
0.002475665721348
0.002113704489361
0.000498098851368
-0.002169064289550
-0.004637495927983
-0.005413188657318
-0.004321636959858
-0.002661378427620
-0.001992905713526
-0.002758544526252
-0.004217341012840
-0.005582318056039
-0.006374789628631
-0.006226125289909
-0.005106981910587
-0.003403638042852
-0.002103823343532
-0.002632366754988
-0.005277768466716
-0.008437749028597
-0.010191082667286
-0.009664591599929
-0.007198626218021
-0.004472559118303
-0.003656729483319
-0.005531541999046
-0.009000977583512
-0.011986856639210
-0.012410676815089
-0.009616252312855
-0.005322490060586
-0.002511385318687
-0.002978707103836
-0.005806920656106
-0.008265604290216
-0.007934227235328
-0.004106301766893
0.001598355750059
0.005941328625244
0.006320669760229
0.002396250974019
-0.003715218910439
-0.008148443985192
-0.007657648004797
-0.002283574390172
0.004737440117994
0.009369046737463
0.009207450569240
0.004882478906503
-0.000683793915259
-0.004559602833472
-0.005237331128125
-0.002934907195702
0.000735427463161
0.004013614365967
0.006010589705911
0.006476848600494
0.005457977827572
0.003510473704060
0.001672622660592
0.000808033113896
0.000957579201552
0.001588721820166
0.002310848941679
0.002944240052983
0.003411988359937
0.003976817083037
0.004910130269719
0.005844629018938
0.006056809224656
0.004991629339994
0.002520974163136
-0.000371238862152
-0.001824803524336
-0.000913275522331
0.001393545882356
0.003053552094245
0.002547066525959
0.000087637120067
-0.002977176059838
-0.005553566780256
-0.006939283622517
-0.006794257564510
-0.005681851842195
-0.004679318667642
-0.004365613555999
-0.004625152454980
-0.004967839507826
-0.005004146463629
-0.004986658965752
-0.005560266902836
-0.007039292468591
-0.009111152615751
-0.011011816590128
-0.012242271587256
-0.012948417923670
-0.013323638021679
-0.013269130548530
-0.012707687039114
-0.011901562251523
-0.011619047808340
-0.012595649669185
-0.014549100554955
-0.016367378438476
-0.017129673143428
-0.016525508977639
-0.014974385994390
-0.013372821600064
-0.012232557747429
-0.011437964904075
-0.010605693158428
-0.009267920830190
-0.007286337218999
-0.005106281622397
-0.003418435366586
-0.002852683679716
-0.003609713117557
-0.005263009298944
-0.007135160152725
-0.008347707080240
-0.007911124277590
-0.005602718308319
-0.002215036112510
0.001004672603824
0.002773966208606
0.002678092375632
0.001806234517326
0.001685971187812
0.002967426317538
0.005208536833735
0.007134279150447
0.007399411486084
0.005826183745738
0.003770136065816
0.003282790047744
0.005643496587287
0.009799587079510
0.012718903577776
0.012080884524814
0.008024520693952
0.002642620405200
-0.001163510386451
-0.001161971378244
0.002687049368556
0.007997067061307
0.011377699786331
0.010760439924014
0.006894952355880
0.002628124968206
0.000877541550834
0.002736049391409
0.006466406879864
0.008669613743366
0.007174165670613
0.002614803059424
-0.002353394012705
-0.004891758010613
-0.003824869008421
-0.000241485105579
0.003385235804119
0.004466036729941
0.002037607362086
-0.002007647402070
-0.004565146175155
-0.004085999369688
-0.001163868027470
0.002275676448826
0.003981017046506
0.002866985892033
-0.000266524340717
-0.003655194626565
-0.005682797848705
-0.005459102299543
-0.003362008652993
-0.000877883730104
0.000717946980227
0.001236324406496
0.000965090662368
0.000003622094756
-0.001317750016527
-0.002238672641264
-0.002411831916283
-0.002056129581141
-0.001101386296858
0.000553519839010
0.002254474337330
0.003256724244294
0.003450771716917
0.003088504971155
0.002784603762282
0.003317264658163
0.004648869585490
0.005737404814754
0.005404327918481
0.003347482730575
0.000853468392997
0.000152535226128
0.002514439194179
0.006955858770824
0.010755910144148
0.011523530183923
0.009000224995574
0.005009533039126
0.002327510070849
0.003142120955213
0.007037488143462
0.010817535479275
0.011293040358284
0.007861206764725
0.002894094957779
0.000131264427316
0.001630205053219
0.006084169050858
0.010392614544892
0.012201374821608
0.010996371812756
0.007879733097370
0.004848259609382
0.003665778772152
0.004468438080827
0.005619652991207
0.005594497749482
0.004464612308756
0.003304066340088
0.003122830418535
0.004222969842623
0.005690189963267
0.006014848009146
0.004723287194718
0.002735136737674
0.001263906897490
0.001124990403340
0.002405013030318
0.004191227158215
0.005301795491884
0.005134947136653
0.003577126474050
0.000940839226364
-0.001982335363822
-0.004235522620648
-0.005125147508521
-0.004522030301154
-0.002730462178824
-0.000508364849455
0.000661465583802
-0.000579745995468
-0.004000239144084
-0.007571182172045
-0.008721140155687
-0.006409769272366
-0.002551412637281
-0.000411555585301
-0.001294934824246
-0.003906803635699
-0.006276235602527
-0.006967505258300
-0.005557117667777
-0.003076006502728
-0.001284531471163
-0.001355715688556
-0.003316857951739
-0.006018701043256
-0.007789440860132
-0.007604738796403
-0.005498608839604
-0.002348830860796
0.000311265554574
0.001018028636800
-0.000517784694484
-0.003074081968188
-0.004608732904955
-0.003536658054277
0.000010067588746
0.003819913389247
0.004869983870313
0.001944860627960
-0.002892987275406
-0.006122353639779
-0.005692058269422
-0.002039493063362
0.002664750400420
0.005985868872236
0.006640459258832
0.004887323018518
0.002027288047020
-0.000025531638904
0.000559250272400
0.004049965240918
0.008360155849245
0.010392731571626
0.008399911908755
0.003334915713431
-0.001663885949065
-0.003528312064787
-0.001494877357686
0.002612723305671
0.005921845102996
0.006685271069247
0.005156333461409
0.002502961508517
-0.000199044719403
-0.002169804686564
-0.003237422030490
-0.003720649762073
-0.003744348021802
-0.003389733098328
-0.003292748368565
-0.004088167183081
-0.005409196753967
-0.006063978635483
-0.005208201299010
-0.003271246774647
-0.001780757438651
-0.002108055777458
-0.004293857738015
-0.007055361698312
-0.008745604182117
-0.008464223166003
-0.006510351085980
-0.004082500678254
-0.002847458512808
-0.004111188443134
-0.007598437220247
-0.011243569383745
-0.012437268330471
-0.009920611286744
-0.005286297968105
-0.002008355752678
-0.002005460648425
-0.004102566887783
-0.005903897534378
-0.005617211208623
-0.002928564389141
0.000341810500706
0.001406520063995
-0.000961777814003
-0.005373111715274
-0.008804416519694
-0.008627023110440
-0.004453696423543
0.001654906179607
0.006604416665739
0.008032506314330
0.005567047912568
0.001066830512877
-0.002486251044870
-0.002907688233580
-0.000157930604921
0.003754027603259
0.006142940518634
0.005385983047041
0.001806733444393
-0.002569671225409
-0.005157070671373
-0.004488408716876
-0.001034411667202
0.003279570659308
0.006099973417463
0.006254401869641
0.004775420094028
0.003740400664708
0.004268212989527
0.005686912988170
0.006285137008459
0.005096690363624
0.002998487396637
0.001810889497535
0.002681601653272
0.005333332502311
0.008246913468155
0.009828180505924
0.009794281569609
0.009039701442432
0.008329221253637
0.007768145270921
0.007086639263578
0.005934543521664
0.004491079534413
0.003638204943464
0.004163381980568
0.006288749052137
0.009383839258155
0.011638128805208
0.011153357422537
0.007866193018124
0.003988709446968
0.002347532749550
0.004096648968673
0.007764877588160
0.010342214953007
0.009699262112901
0.006467518049958
0.003339448890560
0.002415471800625
0.003571648930020
0.005066840775483
0.005195676898105
0.003764500253492
0.002162926973284
0.001797622249192
0.003090527521802
0.005823874130490
0.008907832947252
0.010068310336709
0.007532434911142
0.002065113528025
-0.003281384063797
-0.005107618871387
-0.002036673309622
0.003759900067172
0.008040829026679
0.008067345645881
0.004482311918354
0.000102389013228
-0.002531470218015
-0.002566529774349
-0.000888462750640
0.000523643339963
0.000045285965023
-0.002237744818189
-0.004749816125411
-0.005558058331084
-0.003482724919149
0.000730043204680
0.004400449897447
0.005018052358953
0.002374320916768
-0.001567879314734
-0.004426221394206
-0.004885808643264
-0.003297479268031
-0.001294679473454
-0.000372098105585
-0.000753768381090
-0.001775994256698
-0.003001510748427
-0.004665880521187
-0.006914773600330
-0.009001136027558
-0.009874221975803
-0.009312693782004
-0.008099853802066
-0.007223397787891
-0.006950153936817
-0.006589624236986
-0.005297337392260
-0.003210756719720
-0.001481708317959
-0.001059890381911
-0.001864301939910
-0.003382446735521
-0.005331267243357
-0.007139040701478
-0.007532143184065
-0.005407801868964
-0.001261383637352
0.002482316180731
0.003066649924786
-0.000320180171711
-0.005726181208197
-0.009969626416164
-0.010887489208182
-0.008427702107870
-0.004521785092706
-0.001571791905196
-0.000514596257861
-0.000727494928814
-0.001187914484585
-0.001088827119587
-0.000270768913667
0.000458864009607
0.000125582034780
-0.001320971105830
-0.003092578959349
-0.004199757973614
-0.003821252208692
-0.001670685315874
0.001668634983516
0.004689765733089
0.005523838843541
0.003396114279064
-0.000318175270470
-0.003044046872692
-0.002994296541192
-0.000304216237602
0.003156891573230
0.005127762495513
0.004592387800952
0.002251467872378
-0.000371687255333
-0.001960808040601
-0.001704447148462
0.000603733435820
0.003997968132413
0.006453731395067
0.006477330769831
0.004220768761162
0.001085369758114
-0.000928099323113
-0.000164693295069
0.003243369582058
0.007187183137110
0.009059907062731
0.007413131681634
0.003017607662137
-0.001455000816029
-0.003305512553731
-0.001453572905207
0.003023456770066
0.007183269769634
0.007998934898411
0.004877566018510
0.000139217613646
-0.003076828022065
-0.003144858073677
-0.000790232751597
0.001829403386225
0.002928751260228
0.002012260366580
-0.000364035039132
-0.002804612750376
-0.003454748942384
-0.001204560667859
0.003172845117905
0.007278100622774
0.008684135185450
0.006595021823384
0.002427572525052
-0.001145403973942
-0.002104172123075
-0.000396492502806
0.002396123748085
0.004424895662854
0.004648328467885
0.003328214357570
0.001763741506179
0.001045651547475
0.001273907477727
0.001848205216988
0.001677823052289
-0.000212115847829
-0.003377057530969
-0.005910158814824
-0.006034606961611
-0.003534843451195
-0.000008809841557
0.002254725732154
0.002039003846392
-0.000271346438516
-0.003503592233000
-0.006184393065457
-0.006916383286395
-0.005367939504554
-0.002765380805152
-0.001160354281558
-0.001898019303830
-0.004464478164456
-0.007106316660935
-0.008453791053037
-0.008215484892911
-0.006884670564049
-0.005255653483871
-0.003910149415268
-0.003011018767079
-0.002641687029910
-0.003009651049510
-0.004094501589876
-0.005278052719359
-0.005528781857752
-0.004395079639980
-0.002766327510993
-0.001912077891957
-0.002259591764303
-0.003581832345002
-0.005058875369626
-0.005182864915755
-0.003242140361262
-0.000430534608856
0.001474333853929
0.001473783679792
-0.000664454207943
-0.004204279910439
-0.007114420479680
-0.007024490935589
-0.003202980826152
0.002300206756736
0.006056570626860
0.006100194289076
0.003022135775328
-0.001177070453570
-0.004426415523099
-0.005474507148579
-0.004453316535758
-0.002611903850642
-0.001329570628580
-0.001248830208633
-0.002141988418567
-0.003215012710492
-0.003531085336329
-0.002843144767224
-0.001957906509674
-0.001681444698877
-0.001972598589423
-0.002532415266535
-0.003248504661048
-0.003861876996315
-0.004062631377689
-0.003809027491767
-0.003235583238246
-0.002609562848375
-0.002156564212886
-0.001691939796162
-0.000914318467223
0.000005104997738
0.000623168513616
0.000764863890556
0.000434213109316
-0.000332995408788
-0.001161021464625
-0.001461293356129
-0.001024499857607
-0.000288130260280
-0.000016546380133
-0.000462483902953
-0.001013192959414
-0.000905635687859
0.000175118824671
0.002160276762090
0.004648838219163
0.006859632013343
0.007819202496837
0.006934316115490
0.004479383431390
0.001474571943104
-0.000495625163620
0.000185290740797
0.003622920268917
0.007794001332494
0.010155311875121
0.009362887179770
0.005791888195817
0.001559366840958
-0.000525839960800
0.000998728923328
0.005375358920366
0.010143861862295
0.012312419276020
0.010496194546926
0.006259732922172
0.002546058858301
0.001186036301761
0.002176663423812
0.004207222420286
0.005606601067013
0.005535391175558
0.004266239454718
0.002538041761605
0.001299417811051
0.001625740471816
0.003929344694603
0.007161734327080
0.009369702742746
0.009259633114990
0.006975444004437
0.003635940845387
0.000732995490246
-0.000332015080898
0.000762984688265
0.002450184010776
0.002329387232565
-0.000613434378116
-0.005079643448096
-0.008613390699960
-0.009618798237549
-0.008219643338089
-0.005463326120000
-0.002602060279181
-0.000973958687599
-0.001347350667850
-0.003308914720937
-0.005680922678714
-0.007056725762432
-0.006529360394102
-0.004829424594019
-0.004030346294143
-0.005811931631500
-0.010054267228239
-0.014591174110872
-0.016607193795187
-0.014734479410283
-0.009995613436881
-0.005288102836384
-0.003604165754705
-0.005729440745455
-0.009817480296993
-0.013177784195471
-0.013824878397564
-0.011246196990402
-0.006798307481243
-0.002933546010688
-0.001712336772997
-0.003686063842595
-0.007488308328042
-0.010791796451122
-0.012011343726768
-0.010812425977122
-0.007734122180324
-0.004104292009810
-0.001530415470171
-0.000949384292312
-0.002165117889674
-0.003787740624265
-0.003956606632233
-0.002030090428254
0.000741575211228
0.002547193464307
0.002341116105562
0.000234567409508
-0.002251401110783
-0.002860098858373
-0.000511391140241
0.003517499655320
0.006435767365030
0.006213832886161
0.003295365892373
-0.000000068730133
-0.001513128937188
-0.000543580545307
0.002172347100546
0.005047112014884
0.006497060164729
0.005842302583733
0.003608304237087
0.001301765955038
0.000752538092972
0.002714551185586
0.005792598285982
0.007425259146460
0.006326540452732
0.003652588668399
0.001691225137259
0.001841268467886
0.003862358189357
0.006360326384435
0.007703058895547
0.006990456564984
0.004558129393002
0.001799203619350
0.000436741147803
0.001288610380462
0.003498659199285
0.005209020913759
0.004963020964284
0.002581904830497
-0.000864474170561
-0.003766802075436
-0.004928830072872
-0.004035585550823
-0.001760798673776
0.000190373095571
0.000214882856327
-0.001598837219653
-0.003834767600843
-0.005301536972807
-0.005646099239544
-0.005054205915009
-0.003930123753445
-0.002971116358542
-0.003123975739122
-0.004792099967948
-0.007154342930468
-0.008549427291263
-0.007496745764817
-0.003786331577490
0.000888252132481
0.003646474356840
0.002428510631693
-0.002337900984281
-0.007885931549760
-0.010836895070785
-0.009330387887600
-0.004251426025099
0.001499633917750
0.005098508092371
0.005462728657940
0.003403829687235
0.000539488453957
-0.001696608558318
-0.002568759423868
-0.002548642672442
-0.002771893891461
-0.003433081757219
-0.003603587369883
-0.002493711948054
0.000033065707932
0.003342283102084
0.005706427048620
0.005191955731160
0.001484774487368
-0.003771750377162
-0.008410123567489
-0.010644838007259
-0.009330715407481
-0.004917805779309
0.000278217988222
0.003678028624674
0.004235362638432
0.002660778289776
0.000530678791292
-0.000516915950326
0.000308636461733
0.002274708747987
0.003670954851838
0.003072337776841
0.000431205792245
-0.002832696670711
-0.005059368592047
-0.005633683371141
-0.005086398995533
-0.004231552366279
-0.003458506137287
-0.002672663421968
-0.001617636435692
-0.000207280998072
0.001545809550158
0.003552805332191
0.005113921848781
0.004798426165945
0.001631696723243
-0.003545663346335
-0.008375532488885
-0.010641907471100
-0.009652470354900
-0.006471477445177
-0.003045784925624
-0.000970428818911
-0.000604930933851
-0.001163307905663
-0.001756358962342
-0.002014098515098
-0.001912189444354
-0.001642980291851
-0.001515850845943
-0.001768310558794
-0.002403212906088
-0.002987082227075
-0.002934842753084
-0.002242311150759
-0.001357252522604
-0.000311603251506
0.001196989742469
0.002820570045005
0.003353706593769
0.001855587523855
-0.001084389123174
-0.003491788454170
-0.003655032426347
-0.001473470238998
0.001798982189085
0.004557133393812
0.005623004575288
0.004882166586804
0.003322551007783
0.002071760709014
0.001547792102623
0.001551708968229
0.001699460507978
0.001738177925136
0.001701848533460
0.001891406053573
0.002791582287048
0.004759622822158
0.007602567615419
0.010411626475331
0.011805300246164
0.010975409135954
0.008795131556324
0.007101765754207
0.006916441099928
0.008229951048188
0.010719437418955
0.013454133308823
0.014685468703517
0.013003767063428
0.008865262555687
0.004879632889803
0.003941854360798
0.006522040778515
0.010294521753681
0.012514472075807
0.012091822843071
0.009809672264187
0.007304333755877
0.005862372637818
0.006138668641069
0.008259046211944
0.011242677192183
0.012927018395647
0.011543428519883
0.007278053727220
0.002266622411612
-0.000617440973321
0.000269871637663
0.003983141390473
0.007816451820532
0.009348045473148
0.007912747359052
0.004829340649066
0.002266984669530
0.001602527711237
0.002624372671597
0.003937180119647
0.003963808795431
0.001962999299992
-0.001289544105903
-0.003903973064316
-0.004291367787818
-0.002096866797334
0.001660118741830
0.004691783427651
0.004662840412066
0.001373307845116
-0.002812691072647
-0.005067795769082
-0.004290382433979
-0.001765191783269
-0.000140550188863
-0.001230908986231
-0.004539045392054
-0.007796616909986
-0.008519172574816
-0.005581150476069
-0.000208415913369
0.004909411089247
0.007644560284983
0.007242480240687
0.004138321737007
-0.000104653544550
-0.003448947907518
-0.004737377879128
-0.004251972595562
-0.002884923955998
-0.001293820797525
-0.000130792692010
-0.000215407669778
-0.001615724806188
-0.003047543763307
-0.002938573158653
-0.000926905361906
0.001905223247350
0.004080679271391
0.005022056907033
0.005228241084657
0.005190016831445
0.004769995452809
0.003771436058205
0.002541196789846
0.001743066996999
0.001543789895158
0.001421997837878
0.001153816010445
0.001478837322759
0.003250021941806
0.006141280142012
0.008718629432376
0.009730879062246
0.008874802841272
0.006777490192476
0.004985079736318
0.005427177378165
0.008800812697172
0.013431004718636
0.016297803622712
0.015285079591973
0.010699063192512
0.005120695706075
0.001646402363759
0.001748943168152
0.004541680613662
0.007776887976277
0.009231321663603
0.007876597279667
0.004692124092075
0.002097445831644
0.002220052408012
0.005514207161334
0.010332330955446
0.013605529399044
0.012847669590147
0.008166115198730
0.002202354285944
-0.001715377465585
-0.001620830293871
0.001662728672288
0.005087142007973
0.006002503965557
0.003885626049939
0.000008589475820
-0.003359897848459
-0.004063925368991
-0.001623391825538
0.002219559549909
0.004777003003833
0.004438581297553
0.001613673916665
-0.001871290531986
-0.003946895416201
-0.003638166862747
-0.001906644051184
-0.000861990389533
-0.002141583514064
-0.005942228813557
-0.010734509963316
-0.013920375563055
-0.013736085605613
-0.010668253462694
-0.006893896502373
-0.004753050376168
-0.005618361119708
-0.009337835904174
-0.014096376374969
-0.017030374438035
-0.015832107412962
-0.010460999485858
-0.003556603179929
0.001035723419692
0.000684676080684
-0.004473740750557
-0.011774865478064
-0.017677705200085
-0.019664460878911
-0.017250631601050
-0.012003971836827
-0.006668278245698
-0.003522505764640
-0.003231850912204
-0.004999362980332
-0.007258515922397
-0.008512482820468
-0.008313625284641
-0.007402018239894
-0.006868470065708
-0.007429016474217
-0.008807453655425
-0.009462651366291
-0.007748114334557
-0.003706667931225
0.000555711958150
0.002530069326961
0.001313620921385
-0.002049964670749
-0.005532197051339
-0.007182663102624
-0.006138127637682
-0.003056401522020
0.000608898198285
0.003564784281031
0.004939163554566
0.004529465599690
0.003155800411721
0.002240196582653
0.002892137522629
0.005106402017206
0.007520300395205
0.008365397260333
0.006980937300118
0.004336738475102
0.002184500144136
0.001847042966038
0.003349805080190
0.005211174905206
0.005593985053491
0.003989337164862
0.001477788954964
-0.000093362090921
0.001063410688421
0.005418075643528
0.011141020915797
0.014989718261905
0.014451631183759
0.009355063444431
0.002079973436552
-0.003513654858904
-0.004107058346037
0.000617853857616
0.007138280382275
0.010613610118492
0.008627698976115
0.002771412879933
-0.002660074790387
-0.003833519014575
-0.000204261290213
0.005291833479358
0.008537324133481
0.007269942212277
0.002691816054550
-0.001757342862053
-0.002981323860804
-0.000022284117958
0.005349796460703
0.009603164484127
0.009895369430293
0.005985632832240
-0.000040167856257
-0.005282851556294
-0.007413513573863
-0.005819608361295
-0.002131241426202
0.000735627088698
0.000625974131101
-0.002384648824801
-0.006215418092231
-0.008414615217674
-0.007933507705943
-0.005756518685009
-0.004097356970736
-0.004627976379453
-0.007023312692559
-0.009446008734381
-0.010339675107218
-0.009487087591003
-0.008060101635540
-0.007884826596259
-0.009748004084218
-0.012281162127205
-0.013124947967634
-0.011354775223255
-0.008497468826159
-0.006877910468526
-0.007397810321706
-0.009339970945998
-0.011272957770534
-0.011683445905399
-0.010138179234916
-0.007928760198819
-0.006586187344443
-0.006360284486921
-0.006342391066636
-0.005310303705239
-0.002855040776577
-0.000165881091965
0.000867514637967
-0.000312379079513
-0.002339261820842
-0.003409623004800
-0.002882099490191
-0.001551382758880
-0.000488058517160
0.000230594449266
0.001348006315019
0.003285283671079
0.005630994567316
0.007525527259756
0.008090039667352
0.006824184316396
0.004137689388677
0.001456189403574
0.000390072350018
0.001686341960532
0.004959960065253
0.008833504266932
0.011334734641010
0.010976745563367
0.007902814468127
0.004077821823366
0.002092830554233
0.003198714896400
0.006424103039979
0.009591207787854
0.010548830848350
0.008116269633786
0.003423257348085
-0.000440633951491
-0.001135799327737
0.001250203639480
0.004750369242919
0.006831432595957
0.006098930424294
0.003388960157394
0.000707304201918
-0.000676731864854
-0.000630993525294
0.000510372306230
0.002163252929228
0.003398576716008
0.003148701740661
0.000954429599343
-0.002058407514346
-0.003516802241436
-0.001801501459283
0.002347229571909
0.006182347040033
0.006897228325551
0.003570296963569
-0.002180659804383
-0.007020461225474
-0.008074479772589
-0.005083165668116
-0.000266045193290
0.003639472632431
0.004860784465657
0.003143809020965
-0.000242521940371
-0.003327642720448
-0.004650281258071
-0.003902294349189
-0.002077125197211
-0.001125978608515
-0.002399243539012
-0.005119149217947
-0.006973796603999
-0.006117957319461
-0.002717104697465
0.001109692428869
0.003096966190857
0.002453661594863
-0.000242371775762
-0.003742770961611
-0.006528443736907
-0.007465904547735
-0.006470140864971
-0.004566877395584
-0.003418099766625
-0.004271287378973
-0.006927595002610
-0.009695494040165
-0.010369633964400
-0.007883264696934
-0.003441079478351
0.000298510759271
0.001253670936615
-0.000816388664659
-0.004539157001767
-0.007983230812454
-0.009660364313787
-0.009052455657215
-0.006709118461261
-0.003871274235529
-0.001593847719549
-0.000267764683370
0.000010841742815
-0.000720406419491
-0.002009824335593
-0.003074633849542
-0.003159630206789
-0.001984220190948
-0.000196446612947
0.001046105868155
0.001222982823784
0.000927501506735
0.001287557911697
0.002931944161403
0.005373207455396
0.007329944949297
0.007561522638809
0.005849742096737
0.003620379962068
0.003107013178413
0.005496509378167
0.009821735060997
0.013326070209320
0.013345709936605
0.009767260905198
0.005310229775345
0.002936793619026
0.003616983863802
0.006383695510370
0.009250964620012
0.010094305090535
0.007844433199804
0.003439043810922
-0.000440546839263
-0.001051100930288
0.002190235319310
0.007042039736251
0.010169773400069
0.009384479748935
0.004903834868136
-0.000607677530380
-0.003818879703997
-0.003272519437174
-0.000015503032056
0.003512330904271
0.004780674018560
0.002652987854363
-0.001827973062657
-0.006233040078199
-0.008339570362560
-0.007591183632344
-0.005526046041810
-0.004627621705891
-0.006366716446564
-0.010073353306541
-0.013388803596320
-0.013869550410011
-0.010904888665314
-0.006381434593112
-0.003206792916207
-0.003186446464347
-0.006167225069429
-0.010575289067680
-0.014453001899290
-0.016239175527497
-0.015342785488853
-0.012712631490945
-0.010369010198617
-0.009875619994438
-0.011626432600878
-0.015064195701396
-0.018718975673375
-0.020598625229831
-0.019290574893316
-0.015092916953643
-0.010414806140189
-0.008188195242398
-0.009349060501662
-0.012530601994128
-0.015488974595483
-0.016241907627226
-0.014251217834636
-0.010881380292915
-0.008048918060410
-0.006968009000336
-0.008063287216364
-0.010712610195970
-0.012968660699616
-0.012675140151219
-0.009331479863702
-0.004553187509955
-0.000686145866294
0.000845487694049
0.000054735425060
-0.002152688192775
-0.004533685104505
-0.005731641997412
-0.004887182772126
-0.002428851106832
0.000113886809428
0.001191886415739
0.000489700732062
-0.000533124727640
0.000086659006563
0.002753247898751
0.005678117652103
0.006336565101677
0.003894999901431
0.000078515151438
-0.002496402676260
-0.002182506744706
0.001045837269664
0.005467169555039
0.008462003541591
0.008264515218640
0.004845393621674
-0.000089401792442
-0.003625035232021
-0.003651742750193
-0.000630152006006
0.003187552729251
0.005565494536820
0.005423919790575
0.003242083206078
0.000589588736876
-0.000829474761585
-0.000064339232537
0.002429893966008
0.004957747147079
0.005698876205816
0.003874771572366
0.000397974035322
-0.002385637061993
-0.002234469701370
0.001134774191783
0.005552802425684
0.007886250479898
0.006381220649576
0.001870918397124
-0.002837437997575
-0.004738482159586
-0.002766593707539
0.001356984792223
0.004751048165348
0.005626754787473
0.003985937927262
0.001231910970581
-0.000563904661040
0.000142934465106
0.003354084160984
0.007369310915580
0.009550656931544
0.008158272378326
0.004040624075960
0.000012768807217
-0.001460554033207
0.000150865438602
0.003318207221702
0.005652339447662
0.005812975580175
0.004280937082363
0.002531632360557
0.001919209984859
0.002753718902441
0.004086305697824
0.004739583237685
0.004310356429182
0.003069152115752
0.001548761044380
0.000557981920414
0.001077368458164
0.003549489066565
0.007187258727913
0.010205360004688
0.011011468128294
0.009351871162724
0.006469267990892
0.004208066192400
0.003626765431140
0.004322015258258
0.005391385799571
0.006646548130078
0.008197543021988
0.009565125251659
0.010030923284333
0.009444132493480
0.008357330467076
0.007558294763674
0.007495671311405
0.007993431215635
0.008449756728926
0.008513043399484
0.008706580496026
0.009989201399378
0.012314748866388
0.014217600972138
0.014351322971507
0.012782694041722
0.010501968718196
0.008428184121333
0.007181393893891
0.007224218671195
0.008610339102234
0.010771147655581
0.012926628225490
0.014394134066447
0.014583799218803
0.013488571383846
0.011947569738274
0.010741466073247
0.010013813790990
0.009799171694955
0.010045978522636
0.010176809208314
0.009714928734766
0.009040855344610
0.008786303089680
0.008949468860543
0.008821190246518
0.007441707831793
0.004443741516304
0.000773663124353
-0.001578304328439
-0.000876595081329
0.003040329415716
0.008445027425179
0.012466457569507
0.012610889418124
0.008524497034129
0.002586876092956
-0.001852917541478
-0.003095915292064
-0.001703489642778
0.000561923675928
0.001797996465497
0.000992166431659
-0.001604267346866
-0.004888517585673
-0.007102557303471
-0.006595365353580
-0.003491731110081
0.000108832018685
0.001893556552022
0.000755316622731
-0.002606603039572
-0.005879898944629
-0.007003017188629
-0.005960026984551
-0.004340335697642
-0.003800985243987
-0.005102144938267
-0.007708473114491
-0.010002750094013
-0.010562890758583
-0.009420971241038
-0.007762303795047
-0.006755546043772
-0.006845107474540
-0.007439201874631
-0.007211421080046
-0.005586590827222
-0.003676809572330
-0.002821565148986
-0.003039955194075
-0.003840698240557
-0.005205967689645
-0.006911999200662
-0.008158674329406
-0.008305450796327
-0.007358220179733
-0.006012653773986
-0.005136546678450
-0.004895196691152
-0.004959879795695
-0.005278530328690
-0.005722817714182
-0.005465742899346
-0.003672511466293
-0.000719713552988
0.001679462316671
0.001788155115218
-0.000440545877648
-0.003240794030788
-0.004815113587454
-0.004668862681366
-0.003354923566094
-0.001873191531714
-0.001311710883478
-0.002288309924437
-0.004350939709397
-0.005966401893941
-0.005501174363109
-0.002483250961830
0.002050026008927
0.006072355260158
0.007573114402798
0.005777643232079
0.001718524946865
-0.002234874490403
-0.003542199115291
-0.001156650531883
0.003214850647641
0.006204893749872
0.005861109472996
0.003073944056139
0.000007005396564
-0.001803106957358
-0.001968673876973
-0.000924497299994
0.000588848010466
0.001732176964263
0.001683999405828
0.000344817219422
-0.001092125973225
-0.000955056211881
0.001335884519572
0.004699236986784
0.007264456342634
0.007548016301418
0.005057334696357
0.000522165612371
-0.004312044266288
-0.007519320156636
-0.007744156047123
-0.004825208978718
-0.000352984689068
0.003163033776981
0.004059727332295
0.002184388447219
-0.001233798425551
-0.003888645861486
-0.003923793956707
-0.001674661591552
0.000880147301367
0.002017109650687
0.001316568906313
-0.000155306113609
-0.000784562011208
-0.000090746454932
0.000943914512836
0.000979391794522
-0.000660555615017
-0.003411652744812
-0.005514720620307
-0.005152930062134
-0.002020421808946
0.002255969088285
0.005259841046644
0.005268665182725
0.002162853560286
-0.002359839882963
-0.005627139869203
-0.005678364967174
-0.002534016365930
0.001822611810891
0.004661799435036
0.004271088539763
0.001128251604204
-0.002515029066331
-0.004122922136064
-0.002203723838831
0.002767417230208
0.008111740974578
0.010344981094658
0.007754860382140
0.001866229470357
-0.003570091120853
-0.005345166800791
-0.003186348755512
0.000548784308473
0.003248698581912
0.003647537815353
0.002073896587261
0.000199431651063
0.000012393717735
0.002288671384066
0.005895515149664
0.008672498594402
0.009163784124520
0.007359862292420
0.004184473013411
0.000919655650396
-0.001346644588358
-0.002009942460843
-0.000780368447457
0.001872938560575
0.004200218440222
0.004435314623223
0.002693840252057
0.000642440589097
-0.000441649004235
-0.000358981611507
0.000649241667367
0.002171372629211
0.003524143516037
0.003927644918413
0.003041957828384
0.001434820773865
0.000085072643348
-0.000452512698358
-0.000077949388402
0.000934905399623
0.001870423751242
0.001968966353870
0.001001196861876
-0.000530666127813
-0.001792753413493
-0.002239784387991
-0.001782111627177
-0.000686402778412
0.000443724350218
0.000990968014723
0.000901579394355
0.000653565738849
0.000565106195108
0.000392586026561
-0.000453884067610
-0.002345086961256
-0.004779625997805
-0.006390470007789
-0.005986566703632
-0.003642696670350
-0.000804803139320
0.000559148168471
-0.000752662308282
-0.004219546835176
-0.007766812823481
-0.008919093424748
-0.006535820089801
-0.002193180429904
0.000853881026937
0.000382256932061
-0.003525616676301
-0.008899766128698
-0.012982987882797
-0.013774812060343
-0.011058111062300
-0.006383974272704
-0.002372383475325
-0.001356637691307
-0.004016960075756
-0.009021757202242
-0.013641025994603
-0.015343017627495
-0.013578831475371
-0.009762098380856
-0.006034014634517
-0.004524285702448
-0.006385354264825
-0.010472848527729
-0.013750838119078
-0.013716232548317
-0.010424383884058
-0.006484861802541
-0.005038733898110
-0.007154309636159
-0.011235452618448
-0.014790553580950
-0.016195236636899
-0.015271563469397
-0.013040954274965
-0.010827758259120
-0.009451846086904
-0.009067073927246
-0.009226002177209
-0.009249673556363
-0.008913061525675
-0.008714112134110
-0.009333016259785
-0.010715948585183
-0.011912717912201
-0.012104060451684
-0.011268566187581
-0.009631379577975
-0.007563441981647
-0.006071073528078
-0.006202499526664
-0.008017999962061
-0.010473064099581
-0.011981432634557
-0.011331776638234
-0.008538266757889
-0.004780354591432
-0.001643699927333
-0.000430025507527
-0.001507483549883
-0.004097614235801
-0.006834137752738
-0.008169136867509
-0.006816238363144
-0.002991559282688
0.001267727615551
0.003823942561902
0.003937125361296
0.002089415724038
-0.000541778627487
-0.002225883479538
-0.001459411643848
0.001614264980624
0.005082180594909
0.006744618681188
0.005283239863575
0.001006892622452
-0.003357367324350
-0.003964291435723
0.000552479546473
0.007413349323378
0.012155167156751
0.012120111393212
0.007803742618206
0.002250704897629
-0.000716984110561
0.001011167875595
0.006178544132334
0.010838923868759
0.011240027487494
0.006739168624189
0.000072897238538
-0.004871081563345
-0.005344887005428
-0.001159429738443
0.004993321219648
0.009274852944699
0.009351032234026
0.005587642828493
0.000570157102593
-0.002319105854948
-0.001110670915358
0.002910763248850
0.006110691201518
0.005884402080443
0.002636055534602
-0.001321100803328
-0.003593471549553
-0.002888097579927
0.000265013753058
0.003902500886653
0.005912310209264
0.005083909585705
0.001899561660110
-0.001381908597884
-0.002372915779466
-0.000640804944157
0.002178659581636
0.003973718926553
0.003610842905023
0.001592348454877
-0.000387744669007
-0.000860640456420
0.000635289297517
0.003796470664868
0.007396809447113
0.009380510843269
0.008425966579489
0.005084950203405
0.001152079644521
-0.001425902016064
-0.001416150410802
0.001004298947176
0.004236675608923
0.006396510549227
0.006810184507725
0.006161134911186
0.005543877402050
0.005905301419288
0.007512552577717
0.009452714131347
0.010290515771590
0.009105549670684
0.005897677197852
0.001874978264983
-0.000973744550627
-0.001478820826100
0.000030201932645
0.002513614269490
0.004730550655616
0.005777866528557
0.005828979419538
0.005635703539060
0.005702424354603
0.006196986235293
0.006668487252733
0.006252209441112
0.004753582044754
0.002714685296270
0.000705770956012
-0.000527293947243
0.000063012694971
0.002907604008643
0.006984618809217
0.010122860716385
0.010243682806003
0.006865614997206
0.001861988735231
-0.001452606943804
-0.000852914107526
0.002705994900565
0.006013550345236
0.006475710292437
0.003923888897475
0.000652803155516
-0.000229880928613
0.002501471608851
0.007026285284483
0.010081975239540
0.009436044476260
0.005387612745863
0.000709852023418
-0.001338432626506
0.000383050853039
0.004170978167105
0.007100049991853
0.007390900628664
0.005515414818253
0.003173670245078
0.001622216959720
0.001237779376466
0.001779916481490
0.002416948195443
0.002356905903586
0.001528927794911
0.000097196267366
-0.001739407919564
-0.003128240339690
-0.002776072419176
-0.000059768875877
0.004146702738015
0.007769930928514
0.009092373257056
0.007921257518027
0.005139039417865
0.001911338068263
-0.000646124141622
-0.001767812927243
-0.001290669006145
0.000295066610000
0.002165459131786
0.003625411120584
0.004358239373520
0.004454580713587
0.004228819683687
0.003888021000869
0.002987573129977
0.000702648118363
-0.002690629031390
-0.005634399341928
-0.006700312091174
-0.005279555287920
-0.001787903564377
0.002151742309335
0.004404483850861
0.003347919529706
-0.001146618044968
-0.006795452980311
-0.009796884149929
-0.007855342346091
-0.002375527578848
0.002649061299060
0.004024843740175
0.001489032601425
-0.002957586273180
-0.006567315052902
-0.007194311319781
-0.004797119925642
-0.001555695146197
0.000033894210271
-0.001137712469985
-0.004352978277950
-0.007245443540150
-0.007134676642963
-0.003361390800306
0.001742289970682
0.004394544307390
0.002379733000247
-0.002958682212066
-0.007960731598903
-0.009398753513949
-0.006105328258869
0.000466326797618
0.006913971657091
0.009972548300209
0.008468830720244
0.003730168405273
-0.001493346224801
-0.004635638265539
-0.004597817107538
-0.001976539410133
0.001751187273504
0.004865560685981
0.005843552945345
0.004447952718436
0.002226589112751
0.001183772273047
0.002164800890496
0.004406402102411
0.005986856840442
0.005172785493460
0.001935072298709
-0.001942406260770
-0.004041810125572
-0.002665960733160
0.002129891793103
0.008062484244132
0.011587174461072
0.010454527971748
0.005310157052663
-0.001324252592354
-0.006637915854661
-0.008389867404306
-0.006019791619539
-0.001190926492796
0.003325478623543
0.005135815904939
0.003313787636452
-0.000974237462756
-0.005069069503681
-0.006595966357406
-0.005054858132751
-0.001960293740731
0.000376998066837
0.000404244046440
-0.001740947624775
-0.004398731735772
-0.005541705135838
-0.004286722307337
-0.001623512192192
0.000392673254587
0.000199095305902
-0.002269335252993
-0.005528255847517
-0.007373622808695
-0.006291716269068
-0.002663696413103
0.001196248587265
0.002592850392066
0.000413255508586
-0.004266328900491
-0.008870422598368
-0.010459543955726
-0.007486978603398
-0.001393733411918
0.004163288432434
0.006241493210243
0.004570757456756
0.000994452754987
-0.002127286387385
-0.003094429654222
-0.001569366009116
0.001191871813067
0.003087350467271
0.002830298427258
0.001109586319195
-0.000220493014203
0.000043342464633
0.001888018573473
0.004517912754361
0.006520024257993
0.006394964308251
0.003828806560123
0.000367344819073
-0.001514935608153
-0.000097305151447
0.004374176592415
0.009408362185486
0.011863512786848
0.010622639892460
0.007143626967317
0.003829553538270
0.002701666590687
0.004467743123646
0.007847794930417
0.010503971789957
0.010927262972620
0.009079763296165
0.005914153464006
0.002875749775874
0.001269743873868
0.001814031949258
0.004432460715335
0.007737313900643
0.009352552299102
0.007820672681140
0.003966451718652
0.000115442519153
-0.001463433774469
0.000323242581740
0.004534051909221
0.008457488194931
0.009499580280074
0.006973312246332
0.002336799569484
-0.001894383201760
-0.003675985565783
-0.002616733281539
-0.000158260562274
0.001567740691390
0.001313709405776
-0.000644544816662
-0.002824694983193
-0.003475744159757
-0.002113755530804
-0.000041108660853
0.001130347913662
0.000677515518267
-0.001330482557561
-0.003910266940784
-0.005298477787473
-0.004332267238855
-0.001603682709587
0.000766050528565
0.000494166972590
-0.002845073253278
-0.007117395155662
-0.009537240980762
-0.008717727126421
-0.004940369139147
0.000152921866030
0.004122222873616
0.005007095123303
0.002399731982359
-0.002264494188723
-0.006241303758008
-0.006959163345514
-0.003753833073847
0.001370277273770
0.004900245829815
0.004323788157313
-0.000047990797014
-0.005278591758428
-0.007788771465092
-0.005826343005772
-0.000690931636226
0.004318446546086
0.006196803098023
0.003916875310223
-0.000986912554474
-0.005271442755395
-0.006368231264938
-0.004043338707912
0.000171788672498
0.004031360845837
0.005472447027174
0.004028779492558
0.001168061583253
-0.001193228347282
-0.002042403413917
-0.001556596394584
-0.000823811859519
-0.001075692140723
-0.002784482257708
-0.005451726202187
-0.007903999554230
-0.008575747749579
-0.006387366598665
-0.002015742234585
0.002257527871533
0.004255646249411
0.003267320819478
0.000207657625466
-0.002986005189797
-0.004516289146947
-0.003912866902591
-0.002183785816869
-0.000957144446121
-0.001462062552379
-0.003719813746594
-0.006437523860126
-0.007955497283040
-0.007324643502930
-0.004805041334081
-0.001985571421802
-0.000846773393520
-0.001854295867606
-0.003636104656235
-0.004708200799272
-0.004516097033956
-0.003401976696094
-0.002615400428968
-0.003472282816221
-0.005943872372847
-0.008688176853730
-0.010288527388926
-0.009986981183528
-0.007823906285072
-0.004756254752297
-0.002392984663189
-0.002161160992616
-0.004425288358263
-0.008161073979350
-0.011395474793907
-0.012339485941814
-0.010757496124599
-0.008023986876824
-0.005666060883532
-0.004621709718943
-0.005257347187590
-0.006820153107793
-0.007844034779659
-0.007724786576102
-0.006955708788157
-0.006288023211308
-0.006283391913956
-0.006886202077119
-0.007436623063056
-0.007499116431389
-0.007028741756543
-0.005841387861551
-0.004038823192125
-0.002572976341154
-0.002355889016285
-0.003241963823911
-0.004298502295048
-0.004653095116974
-0.004014244185830
-0.002655721302564
-0.001181925449824
-0.000418164195934
-0.000984560873358
-0.002518363924745
-0.003707747920445
-0.003381527291159
-0.001573249485608
0.000477802963916
0.001526785729180
0.001241325724893
-0.000025576478092
-0.001394461387930
-0.001467465510658
0.000622282047262
0.004176445310681
0.007506661338406
0.009122375458468
0.008488027501231
0.006341472108430
0.004125385773622
0.003025616462346
0.003572234349255
0.005309570152546
0.006650000716053
0.006129004100484
0.003932253257624
0.001638296636725
0.001011566718014
0.003061916031492
0.007189532817373
0.011175593632747
0.012560308650341
0.010233239464594
0.005287768248954
0.000657089834620
-0.000738569475681
0.001959396565248
0.007086861289626
0.011693373368099
0.013208439667123
0.010608123730152
0.005069208512199
-0.000482347643493
-0.003371838167763
-0.002869253297402
-0.000128461666548
0.002738964048203
0.003971000895453
0.003526139767095
0.002830363947804
0.003031846973540
0.004266142182992
0.005997618018839
0.007039526269809
0.006109432611163
0.003167339817332
-0.000183357738973
-0.001736116707024
-0.000230324438310
0.003483983350845
0.006740527278176
0.007054394901990
0.003906231170799
-0.001137999110310
-0.005326332163490
-0.006168964451093
-0.003126740609372
0.001849504563655
0.005751654947035
0.006703970814300
0.004996098761883
0.002378929762521
0.000639629074456
0.000615179926581
0.001899287873611
0.003203826464302
0.003298440150629
0.001886772229739
-0.000212495870095
-0.001594898216600
-0.001331708529279
0.000133081855277
0.001363926514564
0.001221866559015
-0.000225797854782
-0.001661684164232
-0.001673092627546
-0.000201853062715
0.001604489771834
0.002578777709159
0.002261190015059
0.001163137438372
0.000308429144825
0.000156114978693
0.000266014691451
-0.000018540709009
-0.000836649171139
-0.001512390850527
-0.001080011449086
0.000546076795265
0.002440402445360
0.003657011009584
0.003528429931329
0.001737874597334
-0.000975951085500
-0.002853079892528
-0.002376631534191
0.000374042014050
0.003446177909130
0.004451583078732
0.002610580454889
-0.000682686728676
-0.002914396175067
-0.002080137126305
0.001640332172742
0.005716690801760
0.007318141392507
0.005404640064067
0.001392959728236
-0.001843148142382
-0.002372745043546
-0.000520189845364
0.002048108293777
0.003433425823395
0.002558468205935
0.000421985038227
-0.000539910802801
0.001288694745953
0.005246556424657
0.008340634104539
0.007142685199205
0.001081023563170
-0.006539356946507
-0.011223834786179
-0.010496564826295
-0.005084731284548
0.001756366178201
0.006105587189166
0.005590517327491
0.000712679143345
-0.005535267049555
-0.009484599577306
-0.008945186153300
-0.004664766127098
-0.000078446487926
0.001223688694967
-0.001596517443457
-0.006199907386159
-0.008927797033603
-0.007215976362014
-0.001598315930129
0.004406281018058
0.007062613014946
0.004999057249881
-0.000408855058753
-0.005992728938935
-0.008563770988273
-0.006807272504712
-0.001794802925630
0.003623027488323
0.006255539247840
0.005037248261190
0.001920583125311
-0.000372245202333
-0.000577540018585
0.001094410236089
0.003580798876100
0.005308037821811
0.005066020220238
0.003130372323025
0.001288310487541
0.001514929866195
0.004481164883519
0.008935954761989
0.012209916702210
0.012104530179809
0.009028062582641
0.005605077316581
0.004247810577813
0.005776293383822
0.009224169025100
0.012202486652799
0.012589654060650
0.010294924388716
0.007015007135842
0.004739365402397
0.004728218351594
0.006964158345353
0.010025092128180
0.012002838022278
0.011834351308027
0.009843912304428
0.007359891438811
0.005784110457230
0.005796989946107
0.007264918749616
0.009415620273521
0.011156315098157
0.011849622488582
0.011715388912737
0.011249039691881
0.010604094386376
0.009774713690073
0.008940172999825
0.008189440333569
0.007426971698149
0.006910332116613
0.007079285479463
0.007623424459156
0.007606670663023
0.006672056523374
0.005333839172488
0.004147962926424
0.003326131257049
0.002883537587815
0.002695261379755
0.002614645408208
0.002555402292392
0.002420995222263
0.002139138167569
0.001685656523772
0.000891402613821
-0.000570304071247
-0.002765105106263
-0.005135931136190
-0.006559879039914
-0.005922341296955
-0.003208093446667
-0.000122837198825
0.000942916293231
-0.001191345730253
-0.005654253792809
-0.010062561747725
-0.011684062824935
-0.009290243240454
-0.004855781206132
-0.002389603132966
-0.004314618754347
-0.009509667332388
-0.014319335295970
-0.015009577853232
-0.010567561155022
-0.003777176351878
0.000970605456324
0.000839507558499
-0.004107194666829
-0.011069983889939
-0.015828345901795
-0.015422020321137
-0.010243957312718
-0.003793480940112
-0.000405937695087
-0.002170541121741
-0.007361937054361
-0.012029440018642
-0.013095607594862
-0.010144532613688
-0.005301723403071
-0.001871880711296
-0.002171722211804
-0.005841856344751
-0.010138816369913
-0.012008641446255
-0.010247855292449
-0.006260706412709
-0.003024441375559
-0.002781596110326
-0.005306076770678
-0.008550462702368
-0.010476935250281
-0.009952051435621
-0.007026387132881
-0.003162031442218
-0.000579276353141
-0.000796112336247
-0.003697566178168
-0.007525463282259
-0.009648711151890
-0.008478460606926
-0.005051121544968
-0.001994324822005
-0.001249492960375
-0.003255002884868
-0.007270352164385
-0.011736490282055
-0.014830315617993
-0.015152023985012
-0.012386079906458
-0.007909037697326
-0.004338979210153
-0.003546749114394
-0.005155360618337
-0.007436477587456
-0.009144845009313
-0.009820486206855
-0.009290285313944
-0.008108525284447
-0.007599093001923
-0.008632724209987
-0.011097724468538
-0.014134061317161
-0.016032919928553
-0.015213387500406
-0.012042245781190
-0.008495633712414
-0.006405353044639
-0.006936452437720
-0.010123174793708
-0.014142769520549
-0.016528169034362
-0.016178728770581
-0.013713712491845
-0.010779587551606
-0.009233226374249
-0.009980778809621
-0.012306517546963
-0.014690174941037
-0.016138113865081
-0.016491200110314
-0.015854704295409
-0.014501120609793
-0.013125691103864
-0.012176439491746
-0.011185070649269
-0.009396984107581
-0.006764052611140
-0.004312892201874
-0.003404662648879
-0.004326668115390
-0.006155630006127
-0.007957065998566
-0.009061780955685
-0.008631619231237
-0.006552121873459
-0.004223222482784
-0.003322130779345
-0.004357523559814
-0.006359625572701
-0.007341140519485
-0.005692687305753
-0.001560228282807
0.003417811073732
0.007415056487936
0.009226525567860
0.008731116825717
0.007251807740679
0.006881781032315
0.008757699815325
0.011853509402108
0.013759415731075
0.012756222306500
0.009243772133784
0.005784339748836
0.005503120088222
0.009486575526051
0.015788790261087
0.021043001641703
0.022643962050555
0.020154630929836
0.015714180251061
0.012652941161236
0.013152709165483
0.017164046723882
0.022440182848560
0.025300633880530
0.023342402577562
0.018055355426255
0.013466211445708
0.012439314646294
0.014952047644930
0.018692834098725
0.020718492697368
0.019529254780356
0.015833388721117
0.011672683250281
0.009472785894884
0.010877515631971
0.015178751490379
0.019452983409804
0.021054397916271
0.019492754155475
0.015947672181086
0.012130228607320
0.009678475231787
0.009491693236318
0.010968333766597
0.012390884132115
0.012457025546484
0.011094159029887
0.009145874883501
0.007735148313349
0.007394453469112
0.007716756617464
0.008137751742917
0.008416632328684
0.008196251802922
0.007083085082224
0.005188293778045
0.002938889835087
0.000744728750024
-0.000825807435980
-0.001163440588141
-0.000172676172240
0.001498393745972
0.002652307884228
0.002167908080855
-0.000012592815227
-0.002536826907963
-0.003508523830581
-0.001893395303546
0.001624526143424
0.004919570459770
0.005562602723042
0.002598288714302
-0.002164515123525
-0.005423675999468
-0.005183476739079
-0.002042785527015
0.001423530969511
0.002237654200810
-0.000855258052333
-0.005959340701438
-0.009207298082106
-0.008040495818225
-0.003258783415316
0.001854278225166
0.003951891077579
0.001814567901121
-0.002831698466256
-0.006470613008050
-0.006467507856243
-0.002963867004928
0.001740809916639
0.004789204940379
0.004187987684262
0.000362580383125
-0.003861478989132
-0.005573024562544
-0.003870399638226
-0.000278951037067
0.002328105292644
0.002010634053911
-0.000676832071357
-0.003634270077366
-0.004971178028510
-0.003600364232260
0.000353837911092
0.004914657724678
0.007104155923417
0.005417910088518
0.001277742275834
-0.002188646336337
-0.002696348781913
-0.000407779743646
0.002502264197755
0.003651870437090
0.002184855361601
-0.000838019445038
-0.003508467993543
-0.004129683552554
-0.001974128896192
0.001762254064184
0.004390304377472
0.003943012920328
0.000650549405342
-0.003479497163837
-0.005948601819045
-0.005309678978911
-0.002148749403987
0.001646562407124
0.004211430152364
0.004220463398665
0.001521451636060
-0.002253465655737
-0.004618548880911
-0.004126328811056
-0.001413418051326
0.001356506934949
0.002008719343664
-0.000290918790140
-0.004347339059082
-0.007485925499165
-0.007539153368713
-0.004403361003994
0.000290611553294
0.004263380626425
0.005769985734625
0.004839123807636
0.002947030059115
0.001232693175567
-0.000070706794172
-0.000747815676473
-0.000431942466297
0.000750795285508
0.002149825453526
0.003017815386189
0.002879091184832
0.001951192143818
0.001164505465611
0.001401171580700
0.002520378419842
0.003418894495238
0.003256584293678
0.002179089662882
0.001066151842677
0.000973720229966
0.002188370458016
0.003786609895046
0.004561831814072
0.003885196370278
0.001729488449546
-0.001110627757172
-0.002982194884498
-0.002534666197592
0.000036573932029
0.003081154306732
0.004663038839673
0.003778231259574
0.000786380924957
-0.002876033790021
-0.005139839938422
-0.004224615253327
-0.000282795155732
0.003988119524114
0.005370103371514
0.002927486065076
-0.001434852333651
-0.004794577364755
-0.005338034678905
-0.003258676910222
-0.000333458526705
0.001258645433352
0.000299139424795
-0.002618371152720
-0.005483801994086
-0.006413403936006
-0.004992184834557
-0.002455045388508
-0.000815498613365
-0.001455564686223
-0.004328010862654
-0.008016175086451
-0.010132934422973
-0.008764728116290
-0.004297399128831
0.000612897315399
0.003027276697486
0.001827033944774
-0.001890925878805
-0.006085617731652
-0.008875526634920
-0.009064468890912
-0.006916985854300
-0.004118976295436
-0.002177864535581
-0.001638848845533
-0.002759145219340
-0.005266526213732
-0.007692717402215
-0.008258981574486
-0.006416952956111
-0.003336479894014
-0.000943366909914
-0.000430671867965
-0.001673806147155
-0.003614360836529
-0.004865274392463
-0.004568126595935
-0.003087259003827
-0.001487344611580
-0.000453849230762
-0.000085268307875
-0.000142758365978
-0.000116734323502
0.000409609601975
0.001308773960192
0.002049628127481
0.002133692597068
0.001360727104932
-0.000003453101957
-0.001167170417429
-0.001044954360191
0.000954636527469
0.003952957996585
0.005947215776919
0.005587196804684
0.003276440852734
0.000627370112877
-0.000719663373296
0.000077246629141
0.002746914416423
0.005891276025398
0.007592181066833
0.006799016603831
0.004203340666561
0.001573277969472
0.000493052560034
0.001566470238407
0.004100970669672
0.006569327430915
0.007687496018515
0.006894253712863
0.004347205184036
0.001163995472783
-0.000994768286266
-0.001194299724950
0.000284504127852
0.002471434683710
0.004145774127149
0.004303434572902
0.002795722978432
0.000387075575228
-0.001759544862607
-0.002625804338547
-0.001794714726609
0.000278074851664
0.002261862947934
0.002557804878293
0.000747177729711
-0.001807325183927
-0.003312086029453
-0.002925082944498
-0.001043435118210
0.000987085012895
0.001606765738644
-0.000003150105239
-0.003260207249433
-0.006587270280749
-0.008569731804484
-0.008569635261676
-0.006909331165499
-0.004922239373052
-0.004119852670013
-0.004812803810532
-0.006046021800299
-0.006903934239830
-0.007110468934775
-0.006715851836495
-0.006025958673395
-0.005713435195738
-0.006606071687831
-0.008875155139199
-0.011176842213420
-0.011398178648672
-0.009031876088674
-0.006051143577582
-0.004788740870262
-0.005865907042035
-0.008268508153215
-0.010340893575592
-0.010790712189581
-0.009511980921602
-0.007632458319314
-0.006665559811087
-0.007461468345290
-0.009660964416682
-0.011931696966722
-0.012877535592053
-0.012034759250711
-0.010148241017224
-0.008450870696462
-0.007738582873319
-0.008026325616318
-0.008567040681481
-0.008213726808144
-0.006421346827717
-0.004007989327926
-0.002587319422924
-0.003270032879022
-0.005734480382625
-0.008349423781784
-0.009750857756270
-0.010004716168228
-0.009622336232398
-0.008899188698635
-0.008502332429277
-0.008746023924606
-0.008766420776903
-0.007540762684503
-0.004865347610939
-0.001497840959986
0.001136504828306
0.001860272507420
0.000383852747033
-0.002747525462823
-0.006203423314197
-0.008270661651997
-0.007982931202388
-0.005720957906402
-0.002743823090305
-0.000562089386655
-0.000230393101109
-0.001715129004593
-0.004000384799086
-0.005494886626609
-0.004789110221315
-0.001943002746015
0.001376710593222
0.003362309360948
0.003244053196064
0.001427874248042
-0.000821965825991
-0.002032336736472
-0.001449622378092
0.000335858781635
0.001737941264403
0.001415208264500
-0.000549479655050
-0.002502763832139
-0.002546113148448
-0.000248319048804
0.003290141889960
0.006652553521183
0.008508598984568
0.007698038767149
0.004348613018015
0.000253785689269
-0.002486883615291
-0.002606734802024
-0.000224051317297
0.003077493076726
0.005514801852796
0.006364281936416
0.005889940277246
0.005013355604143
0.004918847279513
0.005923157235374
0.006895900184050
0.006328545030222
0.003760089907435
0.000473402844196
-0.000979868419694
0.001130249289126
0.005743940984773
0.009674620537161
0.010324797145051
0.007590224228375
0.003440006762231
0.000317746841862
-0.000087347526900
0.002342942750024
0.006018873086909
0.008920334701940
0.010012934590683
0.009342874532285
0.007535126689431
0.005451167763060
0.003820541840096
0.003020310090182
0.003153171416740
0.004052465614424
0.005391241410295
0.006848832611065
0.007971636409318
0.008399313744934
0.008305015067049
0.008089546335912
0.007846164127692
0.007305058260842
0.005900502806752
0.003264899846243
0.000376229936882
-0.000701631063880
0.001121552679893
0.004962080150843
0.008677269121992
0.010019110327920
0.007935083157710
0.003289430867802
-0.001584551747728
-0.003993984382651
-0.002553236827743
0.001372431667751
0.004574279167423
0.004961332239218
0.003151046532583
0.001143510182461
0.000330110711435
0.000939833381590
0.002461389914067
0.003897867412110
0.003970595798384
0.002164087408211
-0.000266951244994
-0.001301635908145
-0.000184694099039
0.001959191555318
0.003165363199024
0.002291253891769
-0.000096659446680
-0.002606393725090
-0.004267886761012
-0.004503974784617
-0.002907790797537
0.000235343715055
0.003649503783488
0.005721477919787
0.005692896739847
0.004054560098652
0.001838005855656
0.000112399925276
-0.000140010887023
0.001415107193567
0.003884037403035
0.005622379405290
0.005535715492533
0.003863061690033
0.001754433077995
0.000304314005989
0.000210613038385
0.001789804238453
0.004483654685023
0.006798279388655
0.007343302771122
0.005872863354372
0.003630696476892
0.002787942331168
0.004778100896319
0.008788187114208
0.012129876403496
0.012182798288102
0.008348826732928
0.002704047954425
-0.001324158095907
-0.001245343965152
0.003085711632420
0.009345899735162
0.013893895751506
0.014318983599079
0.011166959774911
0.006982330139106
0.004451066160967
0.004961197471730
0.007590031484548
0.009773647022806
0.009434265647470
0.006409868567824
0.002591132471272
0.000847695873672
0.002769700219862
0.007121764245072
0.010767795251162
0.011157512328295
0.008115422168695
0.003648823278103
0.000389312728713
0.000094257039784
0.002967158953650
0.007594588828505
0.011499768365511
0.012535102621398
0.010218980986594
0.005964124630813
0.002150456284313
0.000655269020640
0.001822916113394
0.004346474284745
0.006168239328651
0.006219581919830
0.005069012476656
0.003621609715434
0.002355172300166
0.001880944202511
0.002814947213053
0.004861449783861
0.006677386700432
0.006738649462219
0.004576462552359
0.001588022724546
0.000207867717238
0.001816791034802
0.005440038581594
0.008375113427544
0.008224428491795
0.004578667043983
-0.000863565914356
-0.005355893032775
-0.006625393921085
-0.004220020089180
0.000100307040198
0.003445939062865
0.003755601120521
0.001109453957803
-0.002580151552110
-0.005121190165220
-0.005374533516716
-0.003649357049321
-0.001565585432405
-0.001139136482387
-0.003191779693258
-0.006563069034348
-0.009053779999786
-0.009160581597063
-0.006975448729602
-0.003936676861296
-0.001964809324597
-0.002212801870065
-0.004208353701549
-0.006320466172732
-0.007189425589244
-0.006853398334581
-0.006476636352704
-0.007049282812787
-0.008544047747890
-0.010045955159380
-0.010592322504778
-0.010011945277793
-0.008783686284314
-0.007401474908732
-0.006209760463779
-0.005505539238286
-0.005609997384517
-0.006774482900526
-0.008806913101544
-0.010865879975125
-0.011643741206264
-0.010023131746334
-0.006460512866032
-0.003450919257258
-0.003471205703952
-0.006825990460455
-0.011759923813798
-0.015630906547042
-0.016221437161796
-0.013102109227800
-0.007960169315645
-0.003579943962278
-0.002253100101037
-0.004154903230904
-0.007041389375092
-0.008411040793907
-0.007695373259978
-0.005956243989221
-0.004677062739177
-0.004974282538433
-0.006678684246671
-0.008236373069862
-0.008037694734506
-0.005596668998182
-0.001900876047972
0.000800905645149
0.000480893211615
-0.002673907270283
-0.006216164775287
-0.007421811473197
-0.005308318694496
-0.001384826300017
0.001518422979692
0.001619194205401
-0.000655447829000
-0.003583504422743
-0.005484464120592
-0.005488870723414
-0.004043343512506
-0.002675984138731
-0.002671752604684
-0.003901832815803
-0.004972932915903
-0.004362179667581
-0.001538237542906
0.002540843022018
0.005877959412542
0.006651400280565
0.004250980399954
-0.000259312325850
-0.004398090219803
-0.005732947153805
-0.003567683116515
0.000687271477592
0.004316859049383
0.004847231023509
0.001921429206944
-0.002339091064396
-0.005291113866639
-0.005771325592170
-0.004315058302883
-0.002385641149570
-0.001512068504569
-0.002323960422718
-0.004078227165857
-0.005401993097976
-0.005602130677555
-0.005017091531754
-0.004146761354269
-0.003236769918697
-0.002701103353475
-0.002929276205872
-0.003813615013901
-0.004986894973585
-0.006077017139497
-0.006553214078095
-0.005744101880268
-0.003337293024866
-0.000104772354578
0.002080316691498
0.001685800395740
-0.001085291458399
-0.004819317361643
-0.008021558856118
-0.009469381093107
-0.008915955915297
-0.007547831283694
-0.006623760436064
-0.006175734204928
-0.005587259821924
-0.004593435261154
-0.003403900485761
-0.002351023044639
-0.001502684333859
-0.000514804075814
0.000786657842477
0.001765708997007
0.001540842168226
0.000097580027037
-0.001570871880599
-0.002511699535013
-0.002693333211288
-0.002612141428594
-0.002619086243573
-0.002792364565870
-0.002877404690662
-0.002318491829492
-0.000572996931747
0.002333136931668
0.005337098292737
0.006811839002764
0.005852582771441
0.003200245316691
0.000943844558212
0.000790169376026
0.002351891147533
0.003567068342413
0.002754239010590
-0.000045237148664
-0.003261034433454
-0.004801089508773
-0.003484613585438
-0.000054553952067
0.003528159363170
0.005536564207128
0.005121008015014
0.002866116486396
0.000957936804332
0.001411299898970
0.004126297109304
0.007130371164379
0.008110987352849
0.005917268776564
0.001449312027596
-0.002790772731467
-0.004353903625626
-0.002506783449608
0.001221745140131
0.004139916371463
0.004569799287016
0.003145663628697
0.001963200765656
0.002597974268840
0.004927824660654
0.007486521308581
0.008407178543691
0.006562368217525
0.002859336617807
-0.000314668441340
-0.001517856332600
-0.000978039452393
0.000452445782055
0.001538837501179
0.001139652914426
-0.000537005689295
-0.002145674699959
-0.002529215540498
-0.001263542381559
0.001297134707991
0.004073653523593
0.005813567557430
0.005738156026177
0.003870971079368
0.001091659984314
-0.001321817005332
-0.002429667135481
-0.002171015081969
-0.001323226267195
-0.000654166685338
-0.000467242322058
-0.000932730679750
-0.001828125725717
-0.002239642255523
-0.001454783539778
0.000189881828160
0.001651086489459
0.002010946323101
0.001164060069947
-0.000167834890575
-0.001296228810634
-0.001903680530350
-0.001555937267147
0.000032856053273
0.002277548388385
0.004022158922583
0.004351716680728
0.002957241614288
0.000409404845594
-0.001892602549915
-0.002606154969281
-0.001327216330139
0.001019779725347
0.002435662145950
0.001252071118185
-0.002350871376915
-0.006336988263272
-0.008173239988945
-0.006442998753060
-0.001737148653261
0.003819837992433
0.008001830514194
0.009702927134787
0.009225353757235
0.007659283086755
0.006072783086907
0.005032047831748
0.004323105923939
0.003184251697698
0.001185612892669
-0.001323596932487
-0.003578756012741
-0.004675086551801
-0.003999134629159
-0.002007531293605
0.000094587132322
0.001608097233491
0.002594856266639
0.003156748538582
0.003360374325456
0.003833472463664
0.005609976341743
0.008868305183853
0.011960550892808
0.012323178171374
0.008577492440512
0.001657522800432
-0.005539217220177
-0.009311664074137
-0.007131479044371
0.000043224578002
0.007649634244383
0.010869838252996
0.008280911500487
0.002432990257918
-0.002322578091924
-0.002769210699101
0.001021850592543
0.005682479055349
0.007231374371163
0.004276456452990
-0.001296202750807
-0.005910131726069
-0.006423023450690
-0.002304690776040
0.003600171071951
0.007190194690352
0.006278013818646
0.002016381675952
-0.002085540315977
-0.002685858922695
0.001026590992779
0.006839054866581
0.010872565289386
0.010166307032556
0.005218750917307
-0.000524755361010
-0.003792493441059
-0.003371649510095
-0.000251124404328
0.002952812044588
0.003604478525875
0.000966403624553
-0.003055186298630
-0.005110916451756
-0.003009365406757
0.002646759798849
0.009222878207749
0.013677324276515
0.013851501504878
0.009702219960061
0.003436042897028
-0.002184613578202
-0.005466612776380
-0.006198542294198
-0.005485841592992
-0.004825035049370
-0.004708984135092
-0.004284902291561
-0.002322129969308
0.001500508500701
0.006125244577533
0.010051912269965
0.012266403825726
0.012134882642966
0.009736044278360
0.006416734119941
0.003817471804704
0.002618481147012
0.002585570546888
0.003029388053310
0.003102493897392
0.002240545830819
0.000521924891769
-0.001473942364482
-0.002985603172608
-0.003139567207695
-0.001248097465737
0.002466539675872
0.006560190563479
0.009280345631985
0.009958147244068
0.009165395256793
0.007915449853964
0.007182657725644
0.007481591407283
0.008392502844208
0.008759064556836
0.007577630492848
0.004922390189091
0.002035157823407
0.000287105618151
0.000244382322694
0.001667572375131
0.003713621540185
0.005427917523195
0.006762024035881
0.008455309903146
0.010644940158171
0.012646241013782
0.013821532313132
0.013578979549499
0.011250151106987
0.007108287259859
0.003101501774158
0.001653127975024
0.003687331602750
0.008060000892889
0.012389998066543
0.014134405556420
0.011747416793716
0.005819670384337
-0.000805135163304
-0.004487767363580
-0.003065935688332
0.002588923950263
0.009059786782268
0.012668989866307
0.011733794434269
0.007244099723103
0.002016889157607
-0.001047627851465
-0.000907749542533
0.001185957136887
0.003159640392779
0.003456782059790
0.001456664143877
-0.002226237918685
-0.005716509902098
-0.006687013233755
-0.003850927700183
0.001644239128718
0.006431283653642
0.007305301510440
0.003601568444521
-0.002575776796148
-0.007857053610224
-0.009648792090697
-0.007645933486418
-0.003853596958774
-0.001359098027963
-0.002435688903692
-0.006678616159582
-0.011043965156648
-0.012296175810857
-0.009498524141758
-0.004377735335875
0.000161800205161
0.001723503704779
-0.000420445447847
-0.004767055654690
-0.008469031773902
-0.009588141838257
-0.008610275445821
-0.007735009053113
-0.008716628404363
-0.011068302213609
-0.012497165521984
-0.011422572969349
-0.008344555794203
-0.004758297740082
-0.002009965694213
-0.001069960914279
-0.002093510126315
-0.003960429152312
-0.005091780071220
-0.005053979916837
-0.004838386609063
-0.005328460676518
-0.006048639947222
-0.005807863093541
-0.004056512745937
-0.001431864532935
0.000554169702842
0.000560543690039
-0.001304458522812
-0.003243354970989
-0.003210557259798
-0.000850978420634
0.002114773951625
0.003488652326084
0.002510611541399
0.000383404878406
-0.000719955044003
0.000640546081744
0.003674838255058
0.005601832371842
0.003978836708677
-0.001165740456107
-0.007044890951276
-0.009539838622163
-0.006067270054803
0.001934155615138
0.009696323068977
0.012675241070985
0.009642889664863
0.003168240274629
-0.002237614305468
-0.003155141576422
0.000253468771081
0.004270835807163
0.004583880795435
-0.000211835530720
-0.007524528615662
-0.012525859822825
-0.011517463728669
-0.004964283016472
0.002541539052999
0.005753497262223
0.002519285126963
-0.004908081362958
-0.011533799940731
-0.013201034524211
-0.009323011213342
-0.002833211659654
0.001935678803944
0.001977599110427
-0.002539785694497
-0.008739635976454
-0.013406746936157
-0.014802978613879
-0.012895590615972
-0.009274240415629
-0.006441834605278
-0.005800148388404
-0.006750644206065
-0.008088144143654
-0.009246237821321
-0.010244870624721
-0.011323814718186
-0.012451812934433
-0.012981308444571
-0.012451928022071
-0.011408727010915
-0.010459166957063
-0.009426496352935
-0.008203121648057
-0.007137809871481
-0.006230291142603
-0.005196282481446
-0.004459839276642
-0.005130327575889
-0.007729896827230
-0.011218098192224
-0.013396914151524
-0.012557640837260
-0.009078331035332
-0.005285301974062
-0.003543093698884
-0.004570770368919
-0.007191191510209
-0.009143369396296
-0.008881861138981
-0.007086418613121
-0.005700851419142
-0.005981146890600
-0.007936343722896
-0.010121956599527
-0.009964951383645
-0.006249641995886
-0.001107345283390
0.001728805883341
0.000242375354093
-0.004583176703284
-0.009796768572459
-0.012227468557631
-0.010004636860820
-0.003772558489267
0.003074937218101
0.006207020933917
0.003344482117223
-0.003922644802435
-0.010846793982823
-0.012599898159899
-0.007666106445625
0.001221407909960
0.008822263262647
0.010588344900782
0.005950470443515
-0.001452981466751
-0.007110086086381
-0.008403361302862
-0.005270706435248
-0.000210220910337
0.003144513710230
0.002977341676567
0.000493298730238
-0.001879073109923
-0.002631117406248
-0.001728515394002
0.000004884943132
0.001575727117772
0.002342433373277
0.002448265409465
0.002377894825569
0.002188945209999
0.001763632131888
0.001105639625676
0.000213041702282
-0.000592024293552
-0.000694240239687
0.000194499050424
0.001750085941031
0.002909871140769
0.002472863348321
0.000473645835291
-0.001731258009970
-0.002759395236036
-0.002083715642117
-0.000006253531767
0.002870329088651
0.005926522178034
0.008296463238913
0.009064793611063
0.008097717457718
0.006265418471159
0.004539541553288
0.003377759679125
0.003138981354360
0.004008591470133
0.005387774695910
0.006379546369666
0.006602966913685
0.006099775320729
0.005317015853944
0.005230447462478
0.006536370200780
0.009044206219709
0.012034009438327
0.014125553670533
0.013497219058427
0.009699907314005
0.004520450744288
0.000717642471721
0.000543263663519
0.004499130807588
0.010478694840377
0.014741556057842
0.014712258249826
0.011002913572494
0.006472103809891
0.003845170892154
0.004375821234149
0.007335101786420
0.010295357490527
0.011041400952724
0.009198718192726
0.005877357701568
0.002954673771627
0.002266890941143
0.004032090795358
0.006639523512399
0.008287206475719
0.008101541772688
0.006458359977162
0.004923217395376
0.004890963629774
0.006031485874977
0.006859066582014
0.006470248438369
0.005099703906039
0.003553468966788
0.002577983739478
0.002545525083511
0.003378630776734
0.004568362944926
0.005496153480802
0.005856334106762
0.005678736285298
0.005161086339972
0.004404975362897
0.003305832294820
0.002165120386325
0.001818650857972
0.002384813380704
0.002754702918878
0.001826578502160
-0.000614019469641
-0.004104691008712
-0.007583184137813
-0.009551879863973
-0.009002830896733
-0.006301980463367
-0.003207432816991
-0.001791344428638
-0.002697080222440
-0.004478005599795
-0.005076891260137
-0.003765215505008
-0.001598298235557
-0.000541921102893
-0.002092736148283
-0.006103068141048
-0.010701148324978
-0.013396296108645
-0.012514551734501
-0.008310416864924
-0.003263125425605
-0.000670745591180
-0.002098160221348
-0.006336876646536
-0.010701468397827
-0.012857831468428
-0.012051174783303
-0.009308179981757
-0.006504511763083
-0.005257379509338
-0.006271423736018
-0.008889552278253
-0.011252572782505
-0.011692264723840
-0.010149599545803
-0.007843342379759
-0.005977506901695
-0.005302720937828
-0.006036401851783
-0.007405221689338
-0.007946588195398
-0.006722028453434
-0.004092817044438
-0.001542990992764
-0.000792027352118
-0.002673404727997
-0.006494731323844
-0.010115985484821
-0.010870659897777
-0.007463346362545
-0.001294136308645
0.004372321009325
0.006438577917189
0.003934491308326
-0.001057161652534
-0.004833677796648
-0.004863043369002
-0.001490047237046
0.002377385889316
0.003617476532650
0.001588965276251
-0.001506648107569
-0.002590441145769
-0.000151492376212
0.004551771295176
0.008580784286364
0.009489262889623
0.006767735737575
0.002324325400457
-0.000534195472763
0.000395516815476
0.004725829246964
0.010139709702054
0.013722066877361
0.013472110916493
0.009607274275994
0.004240266091010
-0.000114764559661
-0.001663335556617
0.000075224388782
0.004114844550944
0.008517142119733
0.011429970006304
0.012114684008386
0.011099711635256
0.009343146496987
0.007520355371603
0.006011150972976
0.005001954348511
0.004499844184862
0.004437697311061
0.004537752250006
0.004292661981549
0.003799039157495
0.004099366281869
0.005749311963766
0.007591273065462
0.007722881834705
0.005447507208878
0.002028308955955
-0.000403649270944
-0.000482050951508
0.001742888472671
0.004844458213800
0.006582850071403
0.005534437152324
0.002361107717301
-0.000675298069631
-0.001189326491811
0.001453005056801
0.005151320114304
0.006822695976600
0.004935532992840
0.000072793272053
-0.005513442187260
-0.008845125778536
-0.008212118467499
-0.004199912165674
0.001170517283495
0.005552403621163
0.007375003028273
0.006551673387814
0.003923061681278
0.000661499910572
-0.001704807886204
-0.001850677267263
0.000261779543260
0.003116758319578
0.004604002311724
0.003621272057511
0.001092917206487
-0.000696623485930
-0.000035757828881
0.002667822882627
0.005309727447829
0.006021123017947
0.004384378054318
0.001324223995271
-0.001324451097440
-0.001619331354890
0.001111978770549
0.005569626020898
0.009276671533509
0.010211641476896
0.008251293678593
0.005275360034939
0.003606119200505
0.004281017787704
0.006727753220748
0.009429936774766
0.010746208141885
0.010000587159158
0.007853600130275
0.005387980878350
0.003630367966776
0.003557817593635
0.005239055170555
0.007313001881459
0.008187730652642
0.007350110830125
0.005463499022728
0.004016341647454
0.004452164213355
0.006875640591327
0.009700152589125
0.010616623126140
0.008259749909239
0.003520660337769
-0.000569871605635
-0.000771567420859
0.003579129210925
0.009517378312850
0.012729495530104
0.011102366458412
0.006058009711186
0.000932102442334
-0.001653770947782
-0.001288493296508
0.000508797109986
0.001404212052851
-0.000094589669713
-0.003011228319130
-0.004669738642872
-0.003552998103868
-0.000544497082516
0.002435506492159
0.003956583726923
0.003652682716971
0.002141387623795
0.000197511074738
-0.001888929725229
-0.003965813734372
-0.005595640151525
-0.006138820334170
-0.005393164803718
-0.004303573357429
-0.004290664577969
-0.005864424062105
-0.008401211786826
-0.010476500566432
-0.010514627880539
-0.008360339566611
-0.005817060315265
-0.004928186662314
-0.006127956226129
-0.008237963985399
-0.009834679222360
-0.010065553131340
-0.008409207022936
-0.005013854527429
-0.001714909713305
-0.001292437173394
-0.004892034954633
-0.010899939680001
-0.016135009023792
-0.017488779087972
-0.013731437868695
-0.006842247872369
-0.000828725991423
0.001134446856809
-0.001516570092117
-0.006654844445319
-0.010783481816366
-0.011512520726604
-0.009055955473395
-0.005388907940938
-0.002705301967210
-0.002344363953305
-0.004140594156271
-0.006486346655514
-0.007304882614055
-0.005486196574102
-0.001769870022613
0.001607325394338
0.002409035390211
0.000223056713438
-0.002976332585297
-0.004640037809778
-0.004112229896231
-0.002745750004533
-0.002212296892026
-0.003202279066599
-0.004913351558786
-0.005828268818954
-0.005124766425726
-0.002821520149513
0.000564973587803
0.003736823122051
0.004992067681413
0.003388941607385
-0.000785362540704
-0.006039240474031
-0.009843882805814
-0.009995774165354
-0.006402477503711
-0.001199210115339
0.002730460355353
0.003480382782012
0.001131969649727
-0.002476479509801
-0.004926621123510
-0.004774483368060
-0.002730391951253
-0.001037473234648
-0.001339214412866
-0.003358136822466
-0.005316778983483
-0.005373336632959
-0.002791383165908
0.001872684616754
0.006697249616400
0.008698481493127
0.005898948158886
-0.000489700483254
-0.006668324893897
-0.009046271367821
-0.006661795090035
-0.001665394489892
0.002657708017093
0.004653977629434
0.004683386724385
0.003383425336957
0.001187263145037
-0.000541009909170
0.000349482943984
0.004459659659645
0.009173758244433
0.010533117807134
0.006979452540199
0.000820115176544
-0.003635365407939
-0.003355142827703
0.001152212879897
0.006496297676254
0.009244084471409
0.008242588210363
0.005083675785055
0.002680458004409
0.002786848339472
0.004802787059700
0.006884272140465
0.007594040330573
0.006716024603161
0.005062604429873
0.003565878799658
0.002808414090744
0.003189574279717
0.004478116123116
0.005299879552782
0.004381197927464
0.002229742847423
0.000542666718526
0.000420456665100
0.001747949463937
0.003540926893454
0.004586702591820
0.004259438109203
0.003017221209027
0.001955651407496
0.001657617631108
0.001941271593236
0.002723968628812
0.004109428041497
0.005668682169389
0.006471173964258
0.005729334409365
0.003385789951185
0.000529031569129
-0.001274151771442
-0.001381853954916
-0.000083295767457
0.002050573766062
0.003894043999073
0.004226336380515
0.002894794324564
0.000752557823045
-0.000793116811653
-0.000349338491543
0.002067577592889
0.004742347723544
0.005760519660697
0.004142290098695
0.000079911469565
-0.004789616310367
-0.007665920284065
-0.006469691816756
-0.001802787837009
0.003594092502428
0.007051759048105
0.007082262892822
0.003693367740485
-0.001025277229727
-0.003847124594819
-0.003024880551852
0.000359704163315
0.003405707283308
0.003705893531774
0.001414975609202
-0.001168486001285
-0.002342497139599
-0.002213077918753
-0.001492075643417
-0.000901726327263
-0.001112254673472
-0.002029682990916
-0.002968372479151
-0.003393628512791
-0.002703431501247
-0.000501614431389
0.002305180716437
0.004014322289314
0.003748255435383
0.001739141381186
-0.001180968286824
-0.003679690943118
-0.004329898255985
-0.002705785630947
-0.000094613092673
0.001379795703908
0.000500141080347
-0.002135117195174
-0.004379794056996
-0.004131335057919
-0.001370729921942
0.001900961273897
0.003611250212363
0.002816859402304
-0.000121037165183
-0.003643818183436
-0.005862822197285
-0.005596652968807
-0.002825455003009
0.000989607218818
0.003520876421790
0.003324790311945
0.000654111164914
-0.003158746587979
-0.006325735071198
-0.007220534790235
-0.005451595971446
-0.002187864148698
0.000858254855232
0.002519769971941
0.002452296033576
0.000920076276614
-0.001360035576100
-0.003375910202542
-0.004246106276564
-0.003586164165629
-0.001687582970678
0.000343422420462
0.001239963191534
0.000855738414257
0.000121341371219
-0.000216723093002
-0.000107566488350
-0.000148911463138
-0.001363548604105
-0.003879031904587
-0.006147010410572
-0.006318958476964
-0.003765386730620
0.000365182968601
0.003465994630819
0.003327699476423
-0.000082469662388
-0.004837804903533
-0.008361949857604
-0.008852964497905
-0.006483647631239
-0.003368158092725
-0.001991463974548
-0.003269631301964
-0.005881878868200
-0.007514644434760
-0.006656162727846
-0.003620634709495
-0.000669562476164
-0.000475864060529
-0.003671469448864
-0.008552869032983
-0.012784156863483
-0.014445113206438
-0.012839959373748
-0.009570953094482
-0.007630734838802
-0.008734317082071
-0.012052481168596
-0.015097597616185
-0.015377550490359
-0.011997714848146
-0.006335217314821
-0.001144779820683
0.000898201091684
-0.001538162600500
-0.007192821872150
-0.012542611921159
-0.014480343196549
-0.012459487029534
-0.008235080384506
-0.004432407879887
-0.003063479956757
-0.004498960710976
-0.007633265799791
-0.010886690828900
-0.012696756525478
-0.011728147969944
-0.007965825263915
-0.003319748480013
-0.000016379777574
0.000984807761591
-0.000363714240819
-0.003304449626063
-0.005750229475547
-0.005695884148146
-0.003272362658262
-0.000313096511808
0.001300922384917
0.000594448495671
-0.001843403428002
-0.004117255568234
-0.004494749769266
-0.002514425901063
0.000687912722300
0.002943698629022
0.002884943064605
0.001145273424761
-0.000555090619616
-0.000915289718551
0.000234718595487
0.001814040192117
0.002150357035414
0.000504378239415
-0.002129385159277
-0.003679674257793
-0.002291980248014
0.002082408952210
0.007088326032531
0.009598849518927
0.008077885949836
0.003605619094417
-0.001044020671345
-0.003341548028611
-0.002235455646277
0.001586346594387
0.005907264730691
0.008223466797718
0.007471307371867
0.004519388350537
0.001402869792067
0.000074644698847
0.001199303883788
0.004021537973478
0.007321877059632
0.009927859938065
0.010626893472104
0.008780537985949
0.005171209429676
0.001781976052784
0.000637078387376
0.002448114579261
0.006108592362149
0.009505664950859
0.010774485090735
0.009251192844987
0.005739291939704
0.002026028848106
0.000174588844700
0.001392350224425
0.004669458506743
0.007232929533397
0.006960931738748
0.003942205299941
0.000298856319625
-0.000894261931040
0.002216104279040
0.008539882302941
0.014840240265798
0.017624360488567
0.014867471562138
0.007780279084090
0.000580737760768
-0.002691092459363
-0.000966506586364
0.003717839772958
0.007738827755385
0.008172679475170
0.004781590587609
0.000090206509282
-0.002488741957129
-0.001030004827559
0.003633905962951
0.008470081124148
0.010187429215461
0.007421684651550
0.001743101519078
-0.003247733150689
-0.004205536798068
-0.000510180520239
0.005036481928461
0.008687376419699
0.008785456787027
0.006021639603421
0.002270193884389
-0.000141918308782
0.000395246782216
0.003396651710366
0.006519632204283
0.007332913782847
0.004943883925815
0.000735387438797
-0.002523762025093
-0.003026239010706
-0.001111055416435
0.001634699194937
0.003609258582054
0.003978590657446
0.002858510746895
0.000936860470776
-0.000639771254161
-0.000535610589827
0.001604337035104
0.004463951410615
0.006065664499713
0.005480319061536
0.003428976843993
0.001294967856874
-0.000075810165702
-0.000589785167900
-0.000630620790191
-0.000871940864499
-0.001785053425921
-0.003134424522036
-0.004099086857374
-0.003669496075235
-0.001315600762496
0.002209033171532
0.005121656644360
0.005960366855280
0.004534981953204
0.001623276905912
-0.001674032328755
-0.004072879662542
-0.004652435170929
-0.003711436571257
-0.002512876361296
-0.002278209089402
-0.003331316428861
-0.004755262708394
-0.005133288316618
-0.003700091962967
-0.000773114612442
0.002347259480113
0.003883801402378
0.002671704296122
-0.000951057619062
-0.005424954935702
-0.008961716306780
-0.010158773497239
-0.008624217610750
-0.005767048690221
-0.004059502744208
-0.004893964130298
-0.007618317471098
-0.010319884993795
-0.010961206327711
-0.008704986902177
-0.004814279482327
-0.001510517986900
-0.000277405349903
-0.001650077728873
-0.005176586144148
-0.009235780753309
-0.011950596167975
-0.012403004934054
-0.011125893486528
-0.009880148979367
-0.010272425500793
-0.011971936380679
-0.013038568252650
-0.012047941261606
-0.009117528074623
-0.005483425666813
-0.002757995538905
-0.002095190569995
-0.003514595810983
-0.005885331115598
-0.007999041135364
-0.009515529603129
-0.010345691244031
-0.010198633540342
-0.009154366906402
-0.007523428032580
-0.005671868442215
-0.004432476505071
-0.004204417644340
-0.004023658145551
-0.003029282302781
-0.001838460690831
-0.001614571938337
-0.002826814890901
-0.005015916294781
-0.007147784220287
-0.008279031110147
-0.007940951836476
-0.006205905110107
-0.003837955716166
-0.002103976867756
-0.001937842521630
-0.003031060401155
-0.003998757964778
-0.003620876223158
-0.001587571096413
0.001419006498689
0.003755886648266
0.003689200744124
0.000758717189663
-0.003723545479668
-0.007220993031312
-0.007452293686348
-0.004372981884668
-0.000497981480248
0.001486661857852
0.000992415723288
-0.000684806973880
-0.001632342916742
-0.000347305699076
0.003147814559427
0.007025923916179
0.009112458929088
0.008423089067459
0.005310793413259
0.001106658713463
-0.002296985642166
-0.003384972673341
-0.001813860174578
0.001456808688829
0.004519226239397
0.005489792320498
0.003833072218789
0.001125184521682
0.000174959310994
0.002566686692097
0.007094477790958
0.011060260482255
0.012589930318119
0.011352870777606
0.008257733536171
0.005222740231395
0.004165285196446
0.005482573424175
0.007765579824549
0.009011114379881
0.008227667850223
0.005960342905390
0.003524834894315
0.002421484589519
0.003723169913542
0.006714730044193
0.008947226739449
0.008488604972486
0.005394218647321
0.001353120495169
-0.001220935039111
-0.000693969362839
0.002470119093846
0.005994217087662
0.007294103595770
0.005281617284797
0.001181922055056
-0.002360067760528
-0.002859401446209
0.000423584745094
0.005504912923304
0.008912572568622
0.008417783499797
0.004369922711780
-0.000972055081376
-0.005035462256683
-0.006308321353094
-0.004625902642651
-0.001257508702071
0.001243099176587
0.000950021828601
-0.001567519144161
-0.004127408006286
-0.004968843922601
-0.003794317802809
-0.001796606934902
-0.000466049717335
-0.000219253385024
-0.000665919593914
-0.001489125579029
-0.002258176092733
-0.002237573134979
-0.001350784312934
-0.000774114418265
-0.001762799242142
-0.004018036902726
-0.005754588912733
-0.005429573316379
-0.002940815218842
0.000484126203291
0.002863583326044
0.002521122027771
-0.000741709328588
-0.005402267253267
-0.009034997590690
-0.009938054590650
-0.008413756302010
-0.006164128471612
-0.004627172938506
-0.004247696451868
-0.004699702673885
-0.005075596637876
-0.004462350871574
-0.002869414077193
-0.000923566611472
0.000978072148374
0.002245799671003
0.001929735911687
-0.000156657207898
-0.003146167377895
-0.005694052998660
-0.006207372840522
-0.003888834242787
0.000199230231184
0.004149130319417
0.006508330585746
0.006269166940024
0.003137219709705
-0.001543399386263
-0.005024698574281
-0.005240069716973
-0.002507901521739
0.001123384032758
0.003348034877415
0.002584273388006
-0.000984563235435
-0.005355355944325
-0.008142742788926
-0.007918961868155
-0.005059184610251
-0.001726274030294
-0.000101564190513
-0.000683238646788
-0.002529201516318
-0.003989258776916
-0.003308618410615
-0.000087137699961
0.004083690396490
0.006977452360564
0.006954336585222
0.003563396835172
-0.001547340424967
-0.005041066309106
-0.004519771489495
-0.000523287968068
0.004214056693680
0.006758762948118
0.005502995888104
0.001229244334460
-0.003054282070881
-0.004566509417157
-0.002944870886963
0.000359812589567
0.003551382254000
0.005295935525571
0.005442264312781
0.004938236731089
0.004657718831467
0.004887108440460
0.005738539146734
0.007059912072918
0.008270574279079
0.008899023919765
0.008947803326269
0.008843711572013
0.009392409362634
0.011012360682082
0.012555608584784
0.012106025113137
0.009217829712803
0.005340367626446
0.002632173676603
0.002917210770001
0.006475949640098
0.011520299065602
0.015489494868901
0.016415344485626
0.013618808136018
0.008616288628163
0.004723831151182
0.004515639620494
0.007589545193568
0.011013865605245
0.012123822048442
0.010550012411109
0.007817915353389
0.006115463153389
0.006913959166213
0.009814575097420
0.012945897886363
0.014224914621722
0.012397657588162
0.008128448610243
0.004021672436396
0.002867385145515
0.005802141057415
0.011264387481953
0.015512495295127
0.015460875122011
0.011093109095000
0.004925290082850
0.000166513837708
-0.000805340921638
0.002059547968707
0.006125463496715
0.008145842222611
0.006798511663530
0.003242104117634
0.000037979619194
-0.000497108107606
0.002077176905296
0.005936846882312
0.008452894695821
0.008042268841794
0.004719386807509
-0.000273762746443
-0.004705052052339
-0.006275063298928
-0.004383128076233
-0.000604516310218
0.002595151259421
0.003417405428648
0.001650006577357
-0.001635985179484
-0.005206989519102
-0.008017781292734
-0.008886825497349
-0.007364637754114
-0.004927595635329
-0.003743481436519
-0.004482926928572
-0.006221915274169
-0.007653117880144
-0.007990488822388
-0.007257077910936
-0.005923880213737
-0.004598975947234
-0.004014867436434
-0.004643655995191
-0.006287546159676
-0.008154114795329
-0.009266378039679
-0.009234083083652
-0.008466714014143
-0.007410816535597
-0.006329977036573
-0.005534331878377
-0.004957295077676
-0.004075294680866
-0.002666056365559
-0.001255792846890
-0.000785976030664
-0.001740194698014
-0.003460617577004
-0.004702295585425
-0.004880295192214
-0.004260074463713
-0.003082395786608
-0.001302746263185
0.000653445342012
0.001682759855523
0.001027367879368
-0.000808047071676
-0.002260912190956
-0.002009323920525
-0.000308988033551
0.001431882260749
0.002200715886466
0.001945077709736
0.001350264857757
0.001340802940429
0.002130366323287
0.002872346079481
0.002596569784504
0.001280494135247
-0.000443595518467
-0.002146202593538
-0.003130599834110
-0.002141379653051
0.001184189820266
0.005477264211239
0.008594245172605
0.008956169351315
0.006526053279500
0.002893765342102
0.000189563481132
-0.000294738703152
0.001102002602568
0.002726355781635
0.003126380956782
0.002431068212483
0.002017548697269
0.002973569413411
0.005175363559407
0.007545981887388
0.008715259482998
0.007780906091350
0.005131707265893
0.002426593234198
0.001262295925827
0.001971729596187
0.003970927248959
0.006396208701295
0.007849734003844
0.006883131611592
0.003454593431665
-0.000635882472682
-0.002723181302855
-0.001144758154938
0.003188079194548
0.007626845984307
0.010114077256430
0.009838969967127
0.006668718470011
0.001641634751589
-0.002809939380147
-0.004525415088192
-0.003108073751645
0.000159279714963
0.003038756630287
0.003500009347560
0.001011941993639
-0.003107238470879
-0.006413009261281
-0.006772292749955
-0.003967437561096
0.000018202161182
0.002707356102464
0.002948337793378
0.001039149644075
-0.002118082884443
-0.005247985084809
-0.006680702012073
-0.005557501817719
-0.002953609309762
-0.001026968153592
-0.001452107912973
-0.004187267533572
-0.007027029971599
-0.007323965339582
-0.004389444452631
0.000325266733443
0.004228425260179
0.004644679480635
0.001115631668434
-0.003393208362977
-0.005124703870632
-0.002824458517110
0.001773836994344
0.005484982666384
0.005618854658560
0.001695602028902
-0.004039980602835
-0.008059045651039
-0.007825917035042
-0.003441282629202
0.002257214812400
0.005809993821957
0.005658466209104
0.002634153506065
-0.001039598028730
-0.002971464239334
-0.001823764019184
0.001670164379494
0.004949526102745
0.005834238415307
0.004168349696598
0.001077984751573
-0.001723293972662
-0.002234185735455
0.000220427098442
0.004130623562611
0.007197423498626
0.007769628720764
0.005500917559620
0.001757165145631
-0.001188595717300
-0.001856606787159
-0.000199394832135
0.002768295746301
0.005359886577937
0.005987878488526
0.004365023471044
0.001877417053338
0.000449428453721
0.000952741923027
0.002510916549630
0.003319891830170
0.002420246637002
0.000472817455677
-0.001137540873720
-0.001263678772644
0.000628938413852
0.003781721294848
0.005872581066433
0.004881834239502
0.001330684111061
-0.002329072533848
-0.003902145655099
-0.002550691260015
0.000804735986939
0.003766396389746
0.004194417948593
0.001805929223306
-0.001947196252171
-0.004894323226850
-0.005297640010335
-0.003129256968874
-0.000268457176499
0.000989945897154
-0.000550618797544
-0.004419605354990
-0.008504500581358
-0.010109631289257
-0.007951248128945
-0.003283308070541
0.000947828162824
0.002109020290001
-0.000479818875337
-0.005278262739285
-0.009546417813952
-0.011144163613089
-0.009882227591658
-0.007015912079298
-0.003945587670001
-0.001654077207103
-0.000576748713135
-0.000949121738823
-0.003095494421259
-0.006679480751466
-0.010378325353513
-0.012695309582320
-0.012528567216858
-0.009718939794767
-0.005720018164337
-0.002870273062778
-0.002571364895053
-0.004480807533649
-0.007166576411827
-0.008956923187868
-0.008691564840605
-0.006775931369939
-0.005109877330273
-0.005040660030225
-0.005999224118849
-0.006470670725163
-0.005523657438971
-0.003477567272953
-0.001628530357012
-0.001301469312965
-0.002843678574530
-0.005259700863938
-0.006914160509138
-0.006825948693681
-0.005395426682137
-0.003941497346427
-0.003493840813431
-0.004096157980323
-0.005101453091363
-0.005373045587028
-0.003685719552041
-0.000384845150264
0.002152906714430
0.001782788321499
-0.001654402505735
-0.006434763699630
-0.009613727274817
-0.008796778848579
-0.004243057655780
0.001354530375968
0.004887968127738
0.004523450711473
0.000730292826813
-0.003774365020583
-0.005841825267230
-0.004271632883203
-0.000523214485037
0.002725998291381
0.003441735952625
0.001273283150905
-0.002219992423842
-0.004490979196642
-0.003937483802809
-0.001026987438512
0.002401577200177
0.004406150222876
0.004124536097244
0.002496846821481
0.001271091928239
0.001387641447326
0.002854559703765
0.005183829637963
0.007046635360863
0.006838542811944
0.004760755469080
0.002987097452384
0.003236603927040
0.005461005010182
0.008485600684091
0.010736486069814
0.010677498938065
0.007599690565750
0.002659462932259
-0.001423253998297
-0.002419331962644
-0.000028393773327
0.004317921051686
0.008251289290346
0.009758820328621
0.008449400525916
0.005611892198929
0.003244899604658
0.002685272168986
0.003731348337048
0.005070084543374
0.005181706078847
0.003158553854402
-0.000419527589637
-0.003642741681775
-0.004738961761126
-0.003188986742800
0.000268018158092
0.004027410312674
0.006352393070680
0.006577768351651
0.005374046071115
0.003687048358394
0.002147549131000
0.001084134443380
0.000297586578182
-0.000674084573768
-0.001910161158329
-0.003075891294396
-0.003676409834952
-0.003277383180918
-0.001820010069615
0.000215974914846
0.001816389193767
0.001902763972553
0.000126587246110
-0.002980020576886
-0.006205567026988
-0.008044308624764
-0.007585757748478
-0.004945766960515
-0.001187933224379
0.001872859433570
0.002728364669996
0.001149064776979
-0.002207937302327
-0.006238116581963
-0.009269863568144
-0.009822404923045
-0.008001276209708
-0.005417262229008
-0.003735690464641
-0.004000545328181
-0.006394756865544
-0.009399500327386
-0.010429728628509
-0.008384155602515
-0.004778988797827
-0.002287681243223
-0.002677775819276
-0.005820194434779
-0.010035474189389
-0.013127128757642
-0.013704939941794
-0.012107965315366
-0.009897090754206
-0.008550161416241
-0.008390113289013
-0.008264180241949
-0.006873496297971
-0.004488758442722
-0.002542012985177
-0.002161493465725
-0.003677316020276
-0.006364145855477
-0.008598187143252
-0.009307770528942
-0.008670984969758
-0.007267384704846
-0.005790873123944
-0.005022798410880
-0.004978061840904
-0.005002343637247
-0.004912683553339
-0.004716898007803
-0.003924667333170
-0.002580364048695
-0.001732474783952
-0.001864395465531
-0.002332482166133
-0.002748735959147
-0.003308577122133
-0.003714536037530
-0.003226464822672
-0.001771476730708
-0.000215493274829
0.000269790845377
-0.001087929739316
-0.003973340540272
-0.006836514156695
-0.007845160023518
-0.005998359443866
-0.001767126617810
0.002758838766734
0.005188957756649
0.004808896811036
0.002648843667639
0.000328195389095
-0.000486686077166
0.000861540768272
0.002944990367413
0.003702264436951
0.002571863069257
0.000428749368533
-0.001308652919560
-0.001369995782094
0.000389220626067
0.002769726505244
0.004384047592854
0.004829557882762
0.004610975718784
0.004346682714516
0.004394994749753
0.004742445008312
0.004915251922191
0.004372441967492
0.003082328421691
0.001467880733353
-0.000032243488993
-0.000842486143342
-0.000044269849385
0.002902794992377
0.007308986581609
0.011284648186732
0.012797731605632
0.011285406460396
0.008020109601160
0.004824653195051
0.003089926068883
0.003441115152655
0.005331103275141
0.007378839524390
0.008487492780151
0.008293291914363
0.007085234762052
0.005974275553603
0.006291798667488
0.008135160036387
0.010136339873745
0.010833775210805
0.009763589177551
0.007480456702310
0.005234457019958
0.004530372070321
0.006141071238021
0.009079239706486
0.011081353574527
0.010573607241850
0.007901490109194
0.004859734540193
0.003422638499637
0.004357009900211
0.006693394003327
0.008736790925721
0.009411413144003
0.008720782087291
0.007354824410071
0.005985894447581
0.005118001730458
0.005233459107769
0.006241828586228
0.007222105648623
0.007474399663893
0.007326618563207
0.007400489463843
0.007546726795457
0.007043948768161
0.005574616526115
0.003570897322091
0.001920247068448
0.001400516740497
0.002025374992890
0.003208648073730
0.004585593153564
0.006170536029518
0.007747990574991
0.008580145350941
0.007925872632558
0.005417956105143
0.001306679249978
-0.002810039072416
-0.004585108436512
-0.002999307851898
0.000935252544639
0.004928903012044
0.006457673855430
0.004437283648040
0.000236216466333
-0.003317800793845
-0.003693010204329
-0.000138576067664
0.005457161621213
0.009427284472359
0.008836902784722
0.003571481235235
-0.003497561714525
-0.008214354301147
-0.007949357900213
-0.003545487696747
0.001552023097520
0.004144389741296
0.003485140322517
0.001361690660480
0.000368352604577
0.001745578742260
0.004332309900403
0.005556137715650
0.003820113993940
-0.000191398851279
-0.004317901058332
-0.006107961452403
-0.004114270063011
0.000518344561002
0.004550379191976
0.005258895194693
0.002218756439770
-0.002504030013588
-0.005643004001632
-0.005155176225396
-0.001484940116921
0.003120289387623
0.005948670695808
0.005429605586440
0.002336161898958
-0.000907753725359
-0.002403419155651
-0.002060153305574
-0.000919466245897
0.000025238070520
0.000346763260624
0.000208008004725
-0.000140549881976
-0.000837330443579
-0.002054367838525
-0.003464448645126
-0.004313835795784
-0.003875470764025
-0.001850369838380
0.001182283944266
0.003563188277515
0.003660859178130
0.001375698369348
-0.001888033201704
-0.004112080657680
-0.003595828431822
-0.000314989219064
0.003709444530825
0.005886281761681
0.004555506076395
-0.000064350764455
-0.005303465965876
-0.007512318695427
-0.005337437982140
-0.000966606860124
0.002145430876539
0.001954959617857
-0.001082901813879
-0.004253078756519
-0.004759636994266
-0.002478752091114
0.000271646153206
0.001463465832337
0.000908009289762
-0.000264091940645
-0.000702078812390
0.000162971883130
0.001565412077767
0.002183713173865
0.001650546836555
0.000561281930079
-0.000674420243623
-0.001765234129778
-0.002046033867566
-0.001155411349364
0.000404540351775
0.001552883959595
0.001241789614595
-0.000605634960093
-0.002829200877295
-0.004095544966065
-0.003835877540885
-0.002402740710702
-0.000977740829743
-0.000711425280493
-0.001570135575665
-0.002617758833213
-0.002901468290924
-0.001669332047279
0.000984678284874
0.003473446527081
0.003854040005217
0.001709403247655
-0.001457977654561
-0.003554152622613
-0.003330942601677
-0.000802042742873
0.002659318487975
0.004813016809521
0.004444416967324
0.002365442201004
0.000046186206191
-0.001598363400291
-0.002032867189332
-0.001135655952462
0.000408283494569
0.001523242696735
0.001721397137336
0.001475457020401
0.001539774289416
0.002021581492872
0.002330979971610
0.001991987511273
0.001011800619803
-0.000525061637494
-0.002363542002644
-0.003892148644758
-0.004778921651991
-0.004888977180717
-0.003449054266025
0.000184737784281
0.004774813502291
0.007525504889423
0.006453847496410
0.001949469756994
-0.003611084438580
-0.007293189040000
-0.007240866310403
-0.003784563008223
0.000742820781728
0.003423485664901
0.002491246100798
-0.001487179348535
-0.005947212431519
-0.008302936365622
-0.007476837555816
-0.004046658919212
-0.000321511019284
0.000581208729352
-0.002314497251952
-0.006475413896045
-0.008396822988644
-0.006417638972645
-0.001579340695764
0.002636544661883
0.002863419247982
-0.000870607825499
-0.005667907582224
-0.008717415403919
-0.008820756803779
-0.006741909639397
-0.004709566101771
-0.004418098060063
-0.005601486068479
-0.006962728206444
-0.007378087523662
-0.005969169081571
-0.002871232963289
-0.000228436077913
-0.000403945232650
-0.003253314047430
-0.006602802427555
-0.008326636122326
-0.007131254943001
-0.003149365413481
0.001488049452592
0.003956621102609
0.002985140155784
-0.000388693735560
-0.003713572754299
-0.004841020816824
-0.003401310505016
-0.000487215065843
0.002671819018047
0.004802976383114
0.004560624418826
0.001934961724184
-0.001461842839074
-0.004032069770895
-0.004799708413828
-0.003251876329159
-0.000020800330792
0.003279979066986
0.005419927537394
0.005911085715376
0.004689149720379
0.002578801645492
0.001235256423264
0.001561720833019
0.002667885835927
0.003004344932757
0.002030151234366
0.000476460984546
-0.000230497711997
0.001130713033037
0.004239867717580
0.007214062200082
0.008447998568294
0.007622649323840
0.005227575768031
0.002273568992522
0.000045947595833
-0.000485593177578
0.001076267476513
0.004370589601009
0.007969762236925
0.010147358335147
0.010374207649828
0.009268257692192
0.007411075671282
0.005256273190384
0.003402691607990
0.001867552193379
-0.000132643203798
-0.002865783194029
-0.005125406923992
-0.005086660533128
-0.001881062498761
0.003474059016475
0.008277482502049
0.009844652112535
0.007437593521312
0.002356769008809
-0.003012542268658
-0.005961742552748
-0.004845547672687
-0.000550581732116
0.003863819100314
0.005351425092619
0.002927413828404
-0.002019126090557
-0.006872023518705
-0.009371038455904
-0.008804483356832
-0.006237804867451
-0.003751575627724
-0.002896607502886
-0.003695655368959
-0.005298452491787
-0.006550204934694
-0.006020120007771
-0.003425646251210
-0.000750579514883
-0.000519604492399
-0.003586032568597
-0.008800883363548
-0.013561421910900
-0.014966654637463
-0.012006803440345
-0.006529335714159
-0.001307404507267
0.001952955658569
0.002342450532025
-0.000609761584352
-0.005905336209894
-0.011066864749882
-0.014117804801170
-0.014724099974562
-0.013419308600109
-0.010813104293416
-0.007418451512139
-0.003773218605942
-0.000947546686967
-0.000288539782863
-0.001980461215112
-0.004826993243782
-0.007647682330218
-0.009759773004447
-0.010525286654151
-0.009553093616205
-0.007350047173138
-0.005274467514908
-0.004492578239207
-0.005219417450842
-0.006947743169669
-0.008730429078490
-0.009436364713850
-0.008590400474349
-0.006939672156035
-0.005590978849232
-0.005012668558450
-0.005380036209465
-0.006725166573126
-0.008359545275125
-0.009183442514025
-0.008424537421964
-0.006001640151441
-0.002813452180430
-0.000496822718081
-0.000528349763795
-0.003066376982721
-0.006424050904663
-0.008382364133334
-0.008001821691546
-0.005786838231920
-0.003031112035964
-0.001376472933289
-0.001722691182179
-0.003137169390380
-0.003797624151705
-0.002900782444540
-0.000883588356482
0.001400573745249
0.002846159235616
0.002390191940600
-0.000046324603047
-0.003295162909198
-0.005694764254696
-0.005870434540729
-0.003266734857641
0.001329547455690
0.005793643360862
0.007744549589501
0.006081003360615
0.001996878360477
-0.001480307652949
-0.001906808169960
0.000476338566087
0.003442518801534
0.004762639460871
0.003430672354072
0.000347836131319
-0.002142702930621
-0.002271452763662
0.000016502630999
0.003610746492450
0.006524497583953
0.006686363977033
0.003980601486206
0.000416361893611
-0.001918660951900
-0.001837794269524
0.000867375537141
0.004817573761112
0.007542147589936
0.007359359845717
0.004309000025793
-0.000335859842119
-0.004684006976372
-0.006720880245210
-0.005551277794081
-0.002405436251901
0.000617444851738
0.002429657370712
0.003128550396991
0.003311924901642
0.003441401565553
0.003445795456634
0.003002899709245
0.002014342604402
0.000715211597816
-0.000194374792267
0.000049714040949
0.001199677329488
0.002298083417496
0.002934820614667
0.002910136438922
0.001734511987285
-0.000115166845064
-0.001080578649837
-0.000495300531559
0.001021599133667
0.002843557360202
0.004645138189007
0.005874496331195
0.005694619222572
0.003751955965977
0.000930761091000
-0.000908762893697
-0.000445357132623
0.001703453436768
0.003780859345412
0.004715386346960
0.004425107028500
0.003212639477802
0.001715135745392
0.001043164909209
0.002129491712803
0.004622128670039
0.006864872607595
0.007246585372528
0.005632240713372
0.003576612114692
0.002847413773849
0.003852256834227
0.005805157543075
0.007471892574640
0.007510991175432
0.005771200966533
0.004194416600805
0.004856233962396
0.007730127290919
0.011169366811260
0.013379972470796
0.013038711890191
0.010031249329894
0.006033477357888
0.003233047004229
0.002777579234153
0.004688002409108
0.007767813977957
0.009698245792505
0.008878903807236
0.006132308424087
0.003497890652433
0.002079640897343
0.002243387177652
0.004330197720435
0.007763408635782
0.010701926398293
0.011369342939260
0.009471364839529
0.006513989393960
0.004650259040218
0.004749614990528
0.005922708344054
0.006940552871407
0.007000648460147
0.005696389556155
0.003687658323000
0.002325392779143
0.002018838400523
0.002334615626249
0.003098955469745
0.004056971395877
0.004539532858691
0.004206371139658
0.003101734308613
0.001237111253896
-0.000861532357561
-0.001827517622746
-0.000657997672015
0.002000497110306
0.004424235963387
0.005297871548104
0.004276446807886
0.002200052760706
0.000882860922718
0.001514197234713
0.003481355413164
0.005090738997357
0.004956020351641
0.003036211409151
0.000797838990416
0.000041801414326
0.001539400541142
0.004652240651333
0.007452548106515
0.007710888333215
0.005035490704353
0.001488454616158
-0.000518419067567
0.000017234872607
0.002769687068815
0.006342528500455
0.008735983119560
0.008814490445761
0.007113597454605
0.004989575239968
0.003558873233264
0.003256717621415
0.003657082284213
0.003741721499685
0.002981320398956
0.002108777524760
0.002166913631262
0.003118067740561
0.004173991985450
0.004839033691894
0.004678292726552
0.003114276587555
0.000510536264632
-0.001696511114978
-0.002414335630572
-0.001608240884591
0.000061802689985
0.001648078402562
0.002171761738525
0.001161878089435
-0.000744718785400
-0.002317493946885
-0.003053215941618
-0.003162240443480
-0.002400244900459
-0.000346029300604
0.002265055031883
0.003740611306979
0.002991806963419
0.000452611867980
-0.002406550403469
-0.004204371744254
-0.004317038861752
-0.002908398853298
-0.000931777240602
0.000261391927754
0.000007414104281
-0.001400813730853
-0.003108244434453
-0.003641665077905
-0.002119550824585
0.000000020317774
0.000326272832069
-0.001651789025259
-0.004593195585566
-0.007118060103236
-0.008316678972843
-0.007193227635477
-0.003384559279450
0.001229520935886
0.003426596196650
0.001842998387222
-0.001913944548365
-0.005275377489765
-0.006679470007576
-0.006013451376666
-0.004455660633289
-0.003605246679367
-0.004016242851420
-0.005035283876107
-0.005886519713067
-0.006151147335032
-0.005584701178785
-0.004216501344623
-0.002794235871819
-0.002602785626840
-0.004407706129356
-0.007722952003297
-0.010879526745696
-0.011718740408675
-0.008952657753832
-0.003330808116550
0.002577387751914
0.005897840147208
0.005037879450408
0.000422812174062
-0.005521458647718
-0.009402496877331
-0.009202328552183
-0.006004174567644
-0.002930631164330
-0.002226415542491
-0.003504957122467
-0.004539902392493
-0.003057268208386
0.001619595254449
0.007369627612370
0.010260956274264
0.007551663793049
-0.000274607124300
-0.009569245715519
-0.015356001881996
-0.014365629672798
-0.007186668100499
0.002001469166582
0.008035900456517
0.008442972711553
0.004858559698553
0.000544696084968
-0.002360296023976
-0.003050418012089
-0.001998443928714
-0.001110409337254
-0.001908852016937
-0.003774904128277
-0.004860835171686
-0.003917155212581
-0.001282505367813
0.001237823594567
0.001846895579970
0.000225057767885
-0.002603554493390
-0.005217474208059
-0.006450719392158
-0.005791056626563
-0.003483458462017
-0.000385547484764
0.002232878562607
0.003295807031868
0.002838996723566
0.001868202376100
0.001006661938939
0.000110607845596
-0.000743176350562
-0.001107911147958
-0.001075192426418
-0.001233786165022
-0.001837944420673
-0.002879429130153
-0.004287074930612
-0.005346765270294
-0.004971307509419
-0.002988464128546
-0.000500950246978
0.000995437542544
0.000932287086989
0.000415576050720
0.001016001233489
0.002928047406661
0.005108877609744
0.006199894661334
0.004778252705351
0.000480132528012
-0.004806050623563
-0.008283782187755
-0.008516830799192
-0.005801345964970
-0.001460892791551
0.002692145118199
0.004946651126160
0.004392518806407
0.001809984693514
-0.000407221031369
-0.000409291183334
0.001379776828925
0.003065696865358
0.002919141688018
0.000363313953389
-0.003539824049764
-0.006420928770573
-0.006141485176092
-0.002578041491092
0.002037567529490
0.004757701048545
0.004045863780333
0.000507332078871
-0.003799629638156
-0.006549990601064
-0.006456128057325
-0.004035621419844
-0.001217112792308
-0.000150246837137
-0.001854008179807
-0.005419184001302
-0.008491875893814
-0.008751164544392
-0.005551825814633
-0.000744116981248
0.002514211935305
0.002074820140696
-0.001943385408914
-0.007114404030079
-0.009803897915257
-0.007871399010184
-0.002587729728959
0.002705202046184
0.005114139112681
0.003445348213556
-0.001319069533268
-0.006301300612621
-0.008276618217442
-0.005750931960833
-0.000355760167941
0.004223676203522
0.005475197771515
0.003596884592363
0.000236545967006
-0.002734183018358
-0.003656891662088
-0.001960876371252
0.000985944055592
0.002524058612588
0.000875718078871
-0.003039521475891
-0.006148600819171
-0.005840615127617
-0.001957969948904
0.003531230195516
0.007853990393587
0.008564617876064
0.004954332772143
-0.001002712084550
-0.005571262162421
-0.005617998373661
-0.001015110427133
0.004888580593842
0.008004685767795
0.006905588880529
0.003326350440821
0.000102410024552
-0.000882403839789
0.000444267437348
0.002521464904255
0.003348041888023
0.002106970590289
-0.000254270199013
-0.001797905065002
-0.000970601150376
0.001935758749726
0.004635180122762
0.005021720908884
0.003218674765839
0.000894629434194
-0.000637601700890
-0.001183314830643
-0.001232088125839
-0.001037801709301
-0.000370208911599
0.000662749447547
0.001593420401249
0.002336644423979
0.002740628240031
0.002144645741844
0.000347156373532
-0.001636931739947
-0.002384503646918
-0.001465090075876
0.000298579777775
0.001774918758022
0.002510269643308
0.002929708537427
0.003570612582508
0.004380614141323
0.004972349813712
0.004920144822525
0.003779199490216
0.001772053615516
0.000298895817186
0.000968666381048
0.004154276742473
0.008443842492511
0.011249426983230
0.010561592036030
0.006805158854230
0.002619397496542
0.000554556279595
0.001552354530975
0.005242280482091
0.010013548844824
0.012907379673540
0.011455244803470
0.006036297227849
-0.000206420343185
-0.003480209511122
-0.001834065469498
0.003475601330496
0.009166836501974
0.012281643554440
0.011486788622630
0.007480913542921
0.002539739323896
-0.000976624804574
-0.001967376196140
-0.000999491652368
0.000458038252755
0.001491885048245
0.002199657555818
0.002922696430534
0.003646960719719
0.004125417618009
0.004379991950805
0.004728684990822
0.004929334017445
0.003814820312202
0.000582901593405
-0.003796629356920
-0.006984539859696
-0.006865300118348
-0.003017312817564
0.002597804450608
0.006685989385876
0.006856542960563
0.002939440008620
-0.002940961265570
-0.007247467975606
-0.007384493743943
-0.003810409007050
0.000481856719372
0.002274209434629
0.000343421268020
-0.003695718591564
-0.006837228051301
-0.007068943891475
-0.004594413901944
-0.001568585857234
-0.000530480369580
-0.002350822216846
-0.005674637890447
-0.008283513728278
-0.008615802729472
-0.006489727652954
-0.003300978977207
-0.001248644787954
-0.001585143242520
-0.003605652349239
-0.005384626095712
-0.005391309099679
-0.003658790752799
-0.001660867742395
-0.000977078668740
-0.001912813916008
-0.003536304636987
-0.004767392370000
-0.004928452790380
-0.003963658182048
-0.002670302771431
-0.002067688338698
-0.002555092418720
-0.003869543599428
-0.005195698108738
-0.005497724983138
-0.004488420932715
-0.002711124910451
-0.000582586694557
0.001304506498056
0.001578552820838
-0.000401783742092
-0.003391947402965
-0.005525426461539
-0.005652312522083
-0.003927071373122
-0.001799947894913
-0.000507627014630
-0.000040512504167
-0.000158126284225
-0.000811276267885
-0.001249767459289
-0.000421351753244
0.001606358517572
0.003625099411303
0.004403414138832
0.003432949010095
0.001252589778290
-0.000697993411534
-0.001092353456518
0.000303168078292
0.002700288699972
0.004885086429717
0.005620237214928
0.004118569601501
0.000676407409969
-0.003153085277525
-0.005080602022824
-0.003410347876785
0.001306815913586
0.006326544317041
0.008800344663017
0.007550975896813
0.003561186430229
-0.000398614106316
-0.001483066027502
0.000933866073707
0.004923790707289
0.007722730040796
0.007349003420493
0.003721624764557
-0.000815050035207
-0.003018438558771
-0.001503884701928
0.002308277374347
0.005803216641010
0.007331970706290
0.006883108179921
0.005169168873820
0.002810812716502
0.000531785527164
-0.000772329590716
-0.000845119849915
-0.000477653361790
-0.000567256355153
-0.000961869347861
-0.000664121952020
0.000845159602655
0.002967299096861
0.004484706477209
0.004199777617786
0.001706554464847
-0.001899264157763
-0.004643649059049
-0.005284042187774
-0.004037645135128
-0.002044241273028
-0.000472156440546
0.000106462448578
-0.000372714005066
-0.001717327989700
-0.003161879362301
-0.003609151552119
-0.002799616288765
-0.001692867247373
-0.001643453552605
-0.003389970915760
-0.006278966337420
-0.008477939140846
-0.008506120919674
-0.006191450115119
-0.002391215307532
0.001167647535032
0.002530812278017
0.000902967290480
-0.002927489291372
-0.007026785452139
-0.009160875234380
-0.008282975308897
-0.005127512796252
-0.001291995445880
0.001701769710090
0.002891131125525
0.002124045398613
0.000007686647089
-0.002264840306380
-0.003344093375349
-0.002663226924888
-0.001036524881203
-0.000030063927990
-0.000809989397707
-0.003237131089526
-0.005563402529102
-0.005592553304556
-0.002561203531435
0.002217574266811
0.006218678920099
0.007260737903231
0.004870101498101
0.000600293413145
-0.002924056965855
-0.003593970279058
-0.001086817794691
0.002807324179780
0.005305170086436
0.004671975606551
0.001499207783011
-0.001628086436261
-0.001933167479247
0.001278964135989
0.005901874485459
0.008574757137569
0.007092561962473
0.001979500276665
-0.003938395498418
-0.007489818448203
-0.006882028503330
-0.002656614336126
0.002373718440447
0.005014405948904
0.004211789668918
0.001550428354267
-0.000669260984538
-0.001216460376012
-0.000143061520475
0.001451880561752
0.002100204116527
0.001550316135202
0.001261704060666
0.002603248229587
0.005176017934738
0.007402781729724
0.008012240908847
0.006577849061367
0.003398779292161
-0.000713035302359
-0.004606603476031
-0.006886413429577
-0.006475825034530
-0.003549045498268
0.000234229375898
0.002585510614081
0.002152936430971
-0.000256083484275
-0.002358679593455
-0.002545708369236
-0.000969291670138
0.001035492626476
0.001760600679947
0.000043014393864
-0.003512168829915
-0.006560973666802
-0.006826523908223
-0.003887707488207
0.000490323660905
0.003652176381092
0.003801685419668
0.000812387716182
-0.003848341103739
-0.007885456751846
-0.009443498274739
-0.007864517305099
-0.003809491855869
0.000731416623624
0.003241273178440
0.002373149652514
-0.001145330331233
-0.005203882547560
-0.007882833640199
-0.008608627621782
-0.007755788757252
-0.005816561070691
-0.003740716858761
-0.002914928353096
-0.003845102961734
-0.005665201040645
-0.006855183038600
-0.006030033151359
-0.003123543087134
-0.000073442411970
0.000614566770045
-0.001984270335229
-0.006513833809255
-0.010181779896029
-0.010563719257704
-0.007526931679138
-0.003614023937714
-0.002021567989571
-0.003951756407533
-0.007929954472950
-0.011376097252807
-0.012543786760167
-0.011216379841145
-0.008462563865875
-0.006123892957572
-0.005686077862735
-0.007045810049219
-0.008539192910651
-0.008455229362261
-0.006841121295383
-0.005441716924149
-0.005465932546294
-0.006385231558304
-0.007247294423148
-0.007799365220988
-0.007982826240932
-0.007512777443534
-0.006504602098676
-0.005857894514544
-0.006355259053652
-0.007684791439384
-0.008796726739446
-0.008953077583252
-0.008285085906882
-0.007570414037546
-0.007450638613924
-0.007823053545379
-0.008111304405209
-0.007924437415253
-0.007254344165845
-0.006259921202554
-0.005098397098623
-0.003933692528325
-0.002966416605278
-0.002495315300078
-0.002903886531526
-0.004172352297814
-0.005435680693190
-0.005568625699634
-0.004210530086365
-0.002072448206256
-0.000449455456861
-0.000459392512518
-0.002402565372081
-0.005359670816547
-0.007613193033375
-0.007873569978112
-0.005846538271192
-0.002075113929686
0.002098258404701
0.005164613969527
0.006299928124155
0.005217302526731
0.002292095090176
-0.000851190031384
-0.002243488959683
-0.001218734603355
0.001178622318495
0.003080721787814
0.003302182383260
0.002353853159719
0.001741872584409
0.002457556635932
0.004480206636061
0.006919088422731
0.008292823519601
0.007642690075118
0.005404820264918
0.002812065192895
0.001144490897173
0.001314815060267
0.003103617566775
0.005246040618518
0.006798184560643
0.007886380117362
0.008989394558647
0.009906240686420
0.009807308532170
0.008306037288707
0.006035225771510
0.004063631928710
0.003199297952557
0.003754540550554
0.005386181801635
0.007193683076114
0.008282541516614
0.008329010313795
0.007540357538156
0.006060691038883
0.004047512702841
0.002546666174339
0.003107302382453
0.006151477829914
0.010618113975933
0.014642442395894
0.015835787289943
0.012431239431980
0.005284818703930
-0.002059123930302
-0.005668031716659
-0.003495798960745
0.003452478038885
0.011406632994882
0.016080711094731
0.015258938290101
0.010119964404481
0.004796043407268
0.003230761274898
0.005706062730782
0.009081937540845
0.009916187591767
0.007067054997917
0.002221156177669
-0.001450148064425
-0.001376005633540
0.002768092810888
0.008748153637951
0.013310884954611
0.014607386615325
0.013088781109311
0.010356702366506
0.007801423104766
0.005853143883365
0.004174391904734
0.002609198670538
0.001369623649928
0.000599335004751
0.000361324862760
0.000608510779501
0.001113025516907
0.001792887729550
0.002821234658810
0.004348173166753
0.006315599578912
0.008053519669245
0.007972387058894
0.004587216242779
-0.001650723277820
-0.007782491843707
-0.009959563898212
-0.006451706921908
0.000413478996067
0.005933544538755
0.006747693433859
0.002732328112223
-0.003445805359088
-0.008073841330227
-0.008844334420365
-0.006205122453894
-0.002574273320821
-0.000534358124007
-0.001124361271248
-0.003199828334554
-0.004570155965752
-0.003770827592370
-0.000935320509656
0.002287206577541
0.003808973439784
0.002707248617399
-0.000403571212701
-0.004114058017212
-0.006744517848713
-0.006930134842998
-0.004342055617323
-0.000078947718483
0.003465884835773
0.004073366867645
0.001466603264212
-0.002895469234647
-0.006763040291612
-0.007672129811974
-0.004634152243453
0.000557567189056
0.004776106955895
0.005982786720223
0.004274952905615
0.001331347353557
-0.001174684630023
-0.002619582613394
-0.002993416225753
-0.002303718249307
-0.000570145053742
0.002003098075667
0.004719017675111
0.006566103598483
0.007034492651237
0.006270661802828
0.004602365068682
0.002499017632220
0.000666941488243
-0.000177816371401
0.000273991103565
0.001589220382967
0.002998772844212
0.004096929165071
0.004591112357883
0.003955996184048
0.002230958869593
0.000695006069314
0.001022036534715
0.003775860745042
0.007628074387941
0.009771383110961
0.007641733238351
0.001125192629053
-0.006518957834315
-0.010226733010698
-0.006770694294768
0.002413854911027
0.012059159091671
0.016609162587002
0.013636292560712
0.005180177710548
-0.004000521123118
-0.009707265751148
-0.009982291751782
-0.005237248896338
0.001864662836961
0.007810237098045
0.010355409035900
0.009199573048419
0.005642565740399
0.001765912518662
-0.000953001844332
-0.002140833687530
-0.002020021619993
-0.001158179828620
-0.000165190962231
0.000666237355930
0.001138255970162
0.001094459338566
0.000773461272545
0.000720413997822
0.001202363013090
0.001598444280295
0.000633529116177
-0.002153858272170
-0.005427029950337
-0.006913648490772
-0.005077110200138
-0.000486658852517
0.003968401088358
0.005136895680836
0.002359148025886
-0.002091906704089
-0.004730549504178
-0.003240059188190
0.001515570028159
0.005833867632853
0.006059085198855
0.001288714046473
-0.005885465045786
-0.010873706305510
-0.010418554918525
-0.005137887441848
0.001365930038761
0.005537649501320
0.005973325004896
0.003476431145933
-0.000129603996112
-0.003047821658217
-0.004216089799824
-0.004038776398652
-0.003803535915224
-0.003957923355973
-0.003970700891081
-0.003453879355277
-0.002565156899801
-0.001884162212597
-0.001891934995011
-0.002347552698381
-0.002514594724194
-0.001923630552459
-0.000965401578753
-0.000690301181238
-0.001532615547945
-0.002593174558839
-0.002704440504012
-0.001785738772977
-0.000949387750342
-0.001484258384417
-0.003546137342102
-0.005730306057520
-0.006320719781764
-0.005101419304429
-0.003524606837400
-0.003031623162948
-0.003549391686612
-0.003626789748489
-0.002053668913101
0.000587582948600
0.002317576616725
0.001569653271978
-0.001677738569566
-0.005826736553058
-0.008473178289342
-0.008131448867302
-0.005365790110447
-0.002161159438290
-0.000409218647763
-0.000487306060140
-0.001009135531110
-0.000622472826889
0.000339045388736
0.000655734301339
-0.000173032076167
-0.001559746132693
-0.002505781352827
-0.002436652792386
-0.001426749750061
-0.000012040573925
0.000831967067940
0.000210490026659
-0.001624310248489
-0.003341346208708
-0.003848993895346
-0.002938676732839
-0.000959670369914
0.001427025768864
0.003506415179045
0.004765700464215
0.004852851018911
0.003542651730199
0.000526603661326
-0.004395460086444
-0.010019041053887
-0.013537764677435
-0.012396296973343
-0.005816146625854
0.004172054389201
0.012513960362610
0.014468359519938
0.009798725226652
0.002350469880404
-0.003609933567513
-0.005909341031063
-0.004773037262832
-0.001904170302669
0.000737478023111
0.002049865918435
0.002150138674508
0.001715935873088
0.001378454215024
0.001534458299110
0.002128437919665
0.002618871505350
0.002109774561630
-0.000239587937411
-0.004051798129646
-0.007176518590915
-0.007151592302511
-0.002945782584465
0.004386165947434
0.011423023507835
0.013486037697733
0.007892680057938
-0.003681820606810
-0.015957051708979
-0.022599053960994
-0.019319876749535
-0.006464040464433
0.010463079586304
0.022783999067635
0.022901878128604
0.009278327429864
-0.011316899433810
-0.026926004142851
-0.027678451546052
-0.012687661697281
0.008382458232175
0.021560507448074
0.018978686723451
0.004455987135510
-0.010890825398661
-0.017882276627918
-0.014841566419135
-0.006746144054543
-0.000332635614153
0.001055494444204
-0.000654271006981
-0.001088243434447
0.001350740960343
0.003213067524501
-0.000231785700228
-0.009056330049147
-0.017336632688961
-0.018206224946667
-0.010381825183488
0.000345122416136
0.006330003979491
0.005001776550489
0.000660016078410
-0.000568344998810
0.002628242191865
0.005445679850917
0.002405796571179
-0.006149105569432
-0.013301472343183
-0.011770317461471
-0.001149465279223
0.011319288705070
0.016710010271651
0.010737987855895
-0.003696095195111
-0.017920838272424
-0.022621295018271
-0.014146078104415
0.002812925659830
0.018196338193674
0.023207758379483
0.016099871948906
0.003010456358652
-0.006491720156574
-0.006270714867177
0.001752758308350
0.009375158232932
0.009285060819880
0.001544224041798
-0.006056725182065
-0.004648179161179
0.006776443957750
0.018787631000034
0.019565556930712
0.006244927172495
-0.011718437676665
-0.019764681576555
-0.009914601334913
0.012019488676845
0.030167076868987
0.030605128826697
0.011805000530726
-0.014044589033676
-0.029494951110627
-0.024023325498746
-0.001362803849796
0.022865435136396
0.032023873719097
0.020938284160064
-0.000467785576653
-0.016417735018412
-0.017753673329912
-0.006340822533713
0.008710839853065
0.017693450537998
0.016065260711179
0.006436101091719
-0.004019103215032
-0.008468741296254
-0.004722209090893
0.003339713083009
0.008447843334811
0.005801923854818
-0.002302453997585
-0.008096919733630
-0.005138005229653
0.006331458783037
0.019567899446861
0.025946363564432
0.020516807090039
0.005113810318114
-0.012530772533187
-0.023146092735042
-0.021296202878610
-0.008120920393618
0.009914788195644
0.024436717903283
0.028935866980760
0.021702985577025
0.006476534834106
-0.009688091429904
-0.019742951009154
-0.019402146930980
-0.009205148892943
0.005281189082274
0.016541508158305
0.019132930972171
0.011958227105391
-0.001335570645425
-0.014016570958492
-0.019650261334559
-0.015108878095432
-0.001861247080560
0.014299597747124
0.025180986162084
0.023826249565978
0.008784524305500
-0.013471237734398
-0.030857975633223
-0.032469143275103
-0.015591148274417
0.011320466404152
0.032114901992314
0.032703146485448
0.011383200756657
-0.018748592347779
-0.038011085399355
-0.033510863499164
-0.008318089863992
0.020355915135098
0.032749141868952
0.020180123067472
-0.008392645223380
-0.032506158510086
-0.035030627596510
-0.014141027422234
0.015648075941069
0.033516697563742
0.027323121068217
0.002340262359569
-0.023716672146242
-0.034039362243589
-0.023453254736660
-0.000613683052693
0.018583236322766
0.022118776882337
0.009578603170797
-0.009033388771006
-0.021389624268986
-0.020967999984282
-0.009997636256782
0.003372272816207
0.011137117056164
0.010453294563725
0.004025315686092
-0.003513908028321
-0.009188167898192
-0.012207635348245
-0.012476380850525
-0.009785774974074
-0.004398162924206
0.001892601465076
0.005827253006508
0.004620002210969
-0.001923506979586
-0.010958468583476
-0.018024406355607
-0.019437024234889
-0.014032809897439
-0.003432288955235
0.008328958521630
0.015408316613078
0.012354608958015
-0.001795224043607
-0.020648385314068
-0.032780183344326
-0.029210136847452
-0.010558794338817
0.012291667682552
0.025011774261884
0.019450429647876
-0.000725222500427
-0.022525516494342
-0.032410807586817
-0.025001630045072
-0.005490919517849
0.014847827164464
0.024929346767278
0.018829929663049
-0.000561740764674
-0.021903394080168
-0.032129116847271
-0.025330222551659
-0.006273739561678
0.013776698257634
0.024736311233935
0.023166112903395
0.012104850219112
-0.003251990309308
-0.018610198680735
-0.029599268891076
-0.030235536794111
-0.015746368616444
0.010918854969667
0.036244402250783
0.043169013787037
0.023974915168516
-0.012136652809725
-0.043517358410243
-0.049906419661132
-0.026518931228170
0.012186709782538
0.042601580216505
0.047389823876622
0.024993159006042
-0.010763985925741
-0.039239546246362
-0.044780175566518
-0.025031241057437
0.008336250854096
0.035954483582788
0.041230854672433
0.020498329207056
-0.013555888504517
-0.039115249597604
-0.039195396869634
-0.012951111659383
0.023258646958239
0.046453449747411
0.042923774828151
0.017096587829438
-0.013887399220096
-0.033318840373383
-0.034452921861132
-0.021613310889136
-0.004154373892961
0.011192958256490
0.022588936176170
0.029310383806838
0.028350966214074
0.016332625433629
-0.004676529132764
-0.024145718376811
-0.028597515023479
-0.012096862567774
0.017783151014100
0.043040901966031
0.045573519214578
0.020043238431409
-0.019696413996346
-0.048762827456133
-0.048902321611184
-0.020459640478390
0.019515294345859
0.048926655186633
0.053125521122288
0.031350254692338
-0.003969873512553
-0.032958224555630
-0.038262268888576
-0.015967620719648
0.020323960186239
0.047202864050284
0.046963308267431
0.019605085481815
-0.017915508513830
-0.043688368990731
-0.044831819101741
-0.024084126532973
0.004865418914682
0.027840847109667
0.037139806881520
0.032219170896653
0.017786498252807
0.001676231197863
-0.008259655069321
-0.007797560853887
0.001514994472071
0.012889220287723
0.017646444213327
0.010350649176741
-0.006478863920271
-0.022080337405730
-0.024847515323282
-0.012006132030212
0.008619683454588
0.025481765982256
0.030898814253786
0.024290058956733
0.010952351588345
-0.002080149004161
-0.010207772393625
-0.012031822986136
-0.007045255707445
0.004623178689716
0.018865245410298
0.026511042455274
0.018490282272248
-0.005789042422422
-0.033712024092832
-0.045296103379716
-0.028356165699553
0.009862151793342
0.045940690582244
0.056217522899904
0.033650064695885
-0.006534197976869
-0.037521879126584
-0.040231474658809
-0.015972985191102
0.016271187962135
0.034360759379767
0.028376275927948
0.005732498372367
-0.016874124985783
-0.026162335877590
-0.019362074078758
-0.003487795800303
0.010199394964370
0.013435188852245
0.006288966723341
-0.003098703444708
-0.004785402701458
0.004934855143081
0.019915455362460
0.028175872151726
0.020521633205306
-0.002370339180409
-0.029079932156110
-0.044227084767426
-0.038447318677281
-0.014039555088892
0.016711723074878
0.038597137705470
0.042210122684742
0.029132157118859
0.009205486669489
-0.007771934977809
-0.017337129964010
-0.019142434862075
-0.014852170731088
-0.007665471311844
-0.000302593906778
0.006882082001011
0.014082457041462
0.019355481675724
0.019228211873172
0.011934005921931
-0.000063621150695
-0.011129533960879
-0.016136561646496
-0.012696722782721
-0.001669191510540
0.012443481063820
0.022890297150609
0.023894856589270
0.013182873653728
-0.006353467975450
-0.026216597531246
-0.035521340992184
-0.027156055518531
-0.002660726080670
0.027285781031108
0.047575094735942
0.046845067912695
0.024639082615019
-0.007427493299475
-0.032561249157609
-0.039272403225895
-0.026945550123805
-0.004185186473582
0.016236367474865
0.024409194996709
0.019375939173581
0.008038836975161
-0.001583886076610
-0.005170649718869
-0.003135217353700
0.000499627575404
0.001674541192371
0.000047990300947
-0.001304132379535
0.000587828300733
0.005857941721647
0.011484435283822
0.013534777673227
0.010562036785146
0.004413326251186
-0.002344527143389
-0.008524301092372
-0.013543372970583
-0.015870976668930
-0.013494465197800
-0.005842014700567
0.005248384388466
0.015976941396723
0.021947978873506
0.020488780283842
0.012496763230749
0.001970734626541
-0.006445156106288
-0.010099741743507
-0.009228143784173
-0.005724724374280
-0.001578025095916
0.001657698069655
0.002932395799598
0.002086501581652
0.000234356020422
-0.000681457336922
0.000436277247154
0.002381509441456
0.002725406656706
0.000691422160920
-0.001636539504740
-0.001229439086367
0.002812821399736
0.008075565270501
0.010760300291653
0.008771982178621
0.003216316431563
-0.002788464374022
-0.006863695257467
-0.008515217460812
-0.007945397816104
-0.005239635193520
-0.000555780429669
0.005378039860049
0.010636656501129
0.012665121312086
0.010172945071169
0.004230810287596
-0.002626474656591
-0.008169053835874
-0.011579564603025
-0.013212429649481
-0.013370336106830
-0.011497679394648
-0.006629725640602
0.000933356684648
0.008331579857829
0.011785281707011
0.009972624469655
0.005311922195341
0.002035700014850
0.002902880056875
0.006940538162878
0.009731647173262
0.006358262185940
-0.004393200580130
-0.017833500792570
-0.026139453992803
-0.023969700628537
-0.011801603530129
0.004622028941636
0.016948759076505
0.018286401240970
0.008407669616213
-0.004600310925125
-0.010240458087276
-0.004260313209375
0.008190721736430
0.017349819354155
0.016636121270319
0.006854622985662
-0.005622677830420
-0.014360248339712
-0.017011747320559
-0.014952427419442
-0.010424905052840
-0.004944235085666
0.000561644388365
0.005247056338087
0.007934397606135
0.007760560084080
0.005637309099147
0.003626312959187
0.002323214362660
-0.000032254161870
-0.005455181552641
-0.013275892474967
-0.019318037509044
-0.018680348138958
-0.009823224827921
0.003678662816490
0.014558103110981
0.016415791967764
0.009458299138982
0.000371989578221
-0.004948761987600
-0.006125160192870
-0.006085437649747
-0.007228788522644
-0.009040754147470
-0.008352523435714
-0.003791102073349
0.000681264391997
-0.000295930360229
-0.006735991334281
-0.012999038474570
-0.013504670756623
-0.007029486170326
0.003655076288659
0.013761692264073
0.017923857417110
0.012833641393993
0.000344531374379
-0.013344335859726
-0.021827921635617
-0.021102589338778
-0.010895972667936
0.003869936856865
0.015325323831908
0.018368851707693
0.013109388370233
0.002814170312095
-0.008075070555747
-0.014900628290675
-0.014814154154711
-0.008730909481659
-0.000293981124977
0.007090688171046
0.011509065866258
0.011734689065894
0.007484385168232
0.000940989051656
-0.004007401153767
-0.004616936124693
-0.000576070534337
0.005946519327773
0.010113444348777
0.007266742435018
-0.001688695383052
-0.010066455950520
-0.011837253538160
-0.006552254261744
0.001958479323483
0.009211242821527
0.012368642270232
0.011427734861566
0.008243715033782
0.003865255811678
-0.001414990856287
-0.005605465036682
-0.005654046219041
-0.001102628097192
0.004999011097297
0.008546285213051
0.006633678041267
-0.000240441423797
-0.007287149505969
-0.009202566294088
-0.004591400449817
0.004189951716057
0.013229087382565
0.018456754284605
0.017342967318473
0.010882755471805
0.003579917234531
-0.000106366188472
0.000493131305269
0.002959795689208
0.004572058704979
0.003413559056872
-0.000445324243906
-0.003812989349246
-0.002949138853634
0.001916422332494
0.006142343217635
0.005220137503136
-0.000604011173462
-0.005964847091554
-0.004564028806674
0.005242258924121
0.017992492154441
0.024537771143615
0.019142562668427
0.004061669827403
-0.012219963189960
-0.020782068698709
-0.017586879636512
-0.005469311362632
0.007945037821148
0.015135392329784
0.013195873076650
0.004900148364099
-0.004115241947952
-0.009946949314459
-0.012686882021203
-0.013785724337516
-0.012598975491825
-0.007452166081635
0.000918319084010
0.008255403711115
0.008839332703158
0.000165222806877
-0.013118110714462
-0.021778777879765
-0.019781669394793
-0.008981961183644
0.003342163537477
0.010683600876477
0.011296739490691
0.006750178071377
-0.001650535951913
-0.012766177855536
-0.022761683286259
-0.025602047375932
-0.018192443255031
-0.004520799915412
0.006003784118735
0.005090319031516
-0.007169656609371
-0.020485697681269
-0.022668971946548
-0.011449061247920
0.003702973160180
0.011284860811080
0.007285452285884
-0.003397653363290
-0.012155536017905
-0.013626388670455
-0.009242413593918
-0.004895123779069
-0.005237081695063
-0.009895254343032
-0.015009155102854
-0.017269263860009
-0.015424174498639
-0.009987242619351
-0.003213293976245
0.002286763633614
0.005233881635658
0.005245628849993
0.002461902691060
-0.001957102516180
-0.006638667749145
-0.010902192258763
-0.014400245924398
-0.017061339427424
-0.018927484322239
-0.019171993202957
-0.016416443928765
-0.010395695024486
-0.002571220239765
0.004420179231235
0.007791419426156
0.006181372450068
0.000486956764521
-0.006816157592607
-0.012598476406824
-0.014147401353798
-0.010869784423714
-0.005224836590262
-0.001748602447475
-0.004181291975163
-0.011935413032360
-0.019463432866823
-0.020194231542712
-0.011723264459855
0.001967648527021
0.012911231817843
0.014568873281776
0.006049733262645
-0.007483366884776
-0.017500484628856
-0.017430793824453
-0.008155232700218
0.002442887507459
0.005879312571982
-0.001099085175170
-0.014097002825688
-0.023080408078790
-0.020033279396975
-0.006400807925180
0.008378234047855
0.015452488903918
0.012413628972370
0.002770883549597
-0.007352811270718
-0.012622269381648
-0.011017957357913
-0.004552870910027
0.002325293405450
0.005610493523261
0.003568262814021
-0.002725785335621
-0.009350524663696
-0.011595466888232
-0.008131312780072
-0.002323219000880
0.001991962349525
0.004523399728136
0.006769529072758
0.008073372677501
0.005919463241206
-0.000179280334348
-0.006960806937422
-0.009673636418974
-0.005746655956424
0.002293563205963
0.007797737043449
0.006149606113000
-0.000344535909682
-0.005129598288954
-0.004259542075256
0.000374893245165
0.004044760530429
0.004079070989778
0.001599448767900
-0.000286376910084
0.000695827285128
0.004256283644294
0.007901391303214
0.008862926720444
0.005973460250726
0.000399639226006
-0.005016308581198
-0.007531334213046
-0.005962321835714
-0.001150304452846
0.003651926987172
0.003954785353875
-0.001665815559188
-0.008588853423919
-0.009361038558899
-0.000272845478360
0.014823599006336
0.026205450398103
0.025077671024720
0.011248898604594
-0.005669531502271
-0.013791190395132
-0.008474590467444
0.004192556686615
0.012560007936726
0.009401686715834
-0.002263462375842
-0.012893014764235
-0.014581518902063
-0.006137889311070
0.006890506667634
0.016501425683109
0.018404139894576
0.014539784801851
0.009811973919390
0.007643291546326
0.007857565803896
0.007168192575360
0.002694306214127
-0.004181088830847
-0.008711677437234
-0.007627983795701
-0.001967934824335
0.003871444091127
0.005397783971442
0.002212695198010
-0.001740655606174
-0.003020769665866
-0.001172342646338
0.003135425946382
0.008764488396445
0.013892441882555
0.017454472649569
0.019191110068965
0.018313927123228
0.014360979361555
0.008331685177937
0.001861071703634
-0.003241353930066
-0.004970263811059
-0.002313877690232
0.003702441839318
0.010297287413562
0.013833890468769
0.011567485002461
0.003983766460489
-0.004638144973753
-0.008472713598874
-0.003852688747942
0.007640349034207
0.019714260695553
0.026042974645221
0.024458876514546
0.017202103503643
0.008982178949416
0.004571155187482
0.005546956985808
0.008500863560133
0.008034139455872
0.002137677434197
-0.005795571161845
-0.009738321020725
-0.005681351844514
0.004902813707457
0.015473297237441
0.019387948738438
0.015321462761004
0.007697030240373
0.002275121790379
0.001995600515311
0.006119294630328
0.011504516718884
0.013982540411873
0.009996224090473
-0.000554296241598
-0.012587404324548
-0.018490646168940
-0.013706957532952
-0.000675368101635
0.012054340647481
0.015796282863111
0.008792323068517
-0.002278310637303
-0.007879484358301
-0.002816825805805
0.009955857411011
0.021111888248677
0.022106610789229
0.011892090003715
-0.003204786776767
-0.014801707194851
-0.017650901234198
-0.012152682043405
-0.002916935877538
0.005044506766437
0.008341624138289
0.005586897518326
-0.001471330912441
-0.007930001117390
-0.009220232864879
-0.004822683640062
0.002288554550292
0.008529477727220
0.011069712120196
0.008578521155882
0.002668584765730
-0.002186429435869
-0.001995379806260
0.002879380701045
0.007562977472014
0.006770949396523
-0.000459825741147
-0.009839160905370
-0.015432526925390
-0.014014176268076
-0.006705357598586
0.002035477388276
0.007127370191083
0.006455421387366
0.002550570006141
-0.000059123083582
0.000818366093605
0.004373591666416
0.009019472336539
0.012463377061891
0.011335929262625
0.004254725331819
-0.005646598018560
-0.013299904639603
-0.015931653326030
-0.013738327262618
-0.008258540944987
-0.001956566302583
0.001951476466717
0.001485801815030
-0.002028770711562
-0.004931923120986
-0.004319549193650
0.000537643335077
0.008156375729989
0.014338022132516
0.014092005824168
0.006440875983693
-0.004491653436021
-0.013553145957594
-0.017285957381274
-0.014290557248392
-0.006342585582183
0.001759727818927
0.005108257629633
0.001733020723509
-0.005947955576384
-0.012250404160975
-0.012151891137093
-0.004894039454842
0.005748141932463
0.014090585962835
0.015974974548560
0.010579767401283
0.000103121185093
-0.010920353847546
-0.016868270037232
-0.014270230735854
-0.005065390367327
0.003903762945353
0.005751444289241
-0.000953041742686
-0.010828349830897
-0.015690399350509
-0.010803075449102
0.001262149395407
0.012505409922007
0.015482981331856
0.007935240332026
-0.005900534678897
-0.017030945399490
-0.017879776501632
-0.008662237831824
0.003648006735777
0.011483560230397
0.010834843032533
0.002958132700339
-0.005976187668551
-0.009560390875614
-0.006288775879754
0.000633231128273
0.006401469001182
0.007085156241493
0.002208465421384
-0.004247158422415
-0.007454062258492
-0.006557242385082
-0.004635043428592
-0.004770301762578
-0.007224350656504
-0.009237986745313
-0.007292259350518
-0.000772691062921
0.006968230144759
0.011807375945480
0.011955308986779
0.008117450802411
0.002725366395961
-0.001276440791833
-0.002434603237617
-0.001126228989678
0.001598182416520
0.004051547317322
0.004164234014114
0.001032389775513
-0.004441780258730
-0.009935826188207
-0.012323223532548
-0.009479712103248
-0.002242630130863
0.006021174386988
0.011668307364364
0.012936413855662
0.010976883232280
0.008454448474230
0.006791062867478
0.005429146031334
0.003377012620346
0.000414042029597
-0.003116625945137
-0.006764529888661
-0.009750992234093
-0.011055050415324
-0.010304504280834
-0.007652852890223
-0.002879992033344
0.003564853026951
0.009147787644681
0.011325961677069
0.010346069204678
0.008082754472319
0.005851619668492
0.004700309543954
0.005243267786167
0.006109114683910
0.004865882016614
0.000904719897946
-0.004171795872281
-0.008338436579676
-0.009975946941660
-0.008363872392879
-0.004706581725899
-0.001141460337912
0.001790136024883
0.004972425863835
0.008369241289306
0.010591028146601
0.010371352200423
0.007557624039627
0.003503416164696
0.000818442538608
0.001414970325459
0.004313011447213
0.006160438688809
0.004332182378524
-0.000575894303407
-0.005303112955816
-0.006808266460779
-0.004545228500371
-0.000289859793534
0.003340549606604
0.004142038199490
0.001752249460428
-0.001519184226438
-0.002667349933326
-0.001135127771230
0.000806504427305
0.000521208946527
-0.002585574262107
-0.006232178339143
-0.006350198129905
-0.000480795798843
0.009047652738091
0.016386561489613
0.017070953132500
0.011179608119944
0.002511485255540
-0.004248749585252
-0.006786019442480
-0.006622304931185
-0.006992614006828
-0.009554264308157
-0.013022626134117
-0.014508872420740
-0.012476527496029
-0.008253492500972
-0.004146892125390
-0.000713086406411
0.003068210866417
0.007489470658055
0.011319034346373
0.013070429149953
0.011897704657128
0.007757971922107
0.002142179012680
-0.002361726238309
-0.004859946169348
-0.007180037724551
-0.011109068710881
-0.016104451259221
-0.019563872450874
-0.018204317193368
-0.010736259806547
-0.000013234043954
0.008891459961047
0.012792111901447
0.012250946048637
0.010270347876946
0.009332944848096
0.009212553711734
0.007690425579080
0.003312024709630
-0.003003681554991
-0.008975357752380
-0.012790229198614
-0.013727719361588
-0.012243544504230
-0.010101369408864
-0.009110492003377
-0.009067229502482
-0.007560683905667
-0.002181053602657
0.006661995695063
0.014973069517880
0.017783855759436
0.013064844727991
0.003542779663263
-0.005080277508190
-0.008275082725908
-0.006200552844830
-0.003424538555164
-0.004294524124552
-0.008569472490158
-0.012144235176250
-0.011140205637165
-0.004842908849817
0.003721750057044
0.009322446108258
0.008287241412419
0.001948692352044
-0.003975434714811
-0.004156417269989
0.001266491519706
0.006380175283765
0.005006332852381
-0.003123482296800
-0.011770620734296
-0.014301330337884
-0.009959065946695
-0.003385941141756
0.000683276008694
0.001159119548785
0.000222343539269
0.000430697868314
0.002318327374601
0.004520860013329
0.005517822340230
0.004798179768978
0.002737446995334
-0.000429826169545
-0.005170164553435
-0.011287479017897
-0.016359726854684
-0.016820525222626
-0.010920929815731
-0.000831561957746
0.007857788622176
0.009892066851866
0.004912711033702
-0.002173007222330
-0.005593626492033
-0.003140905422500
0.002948112171231
0.008505980761448
0.010213581100582
0.006591283993379
-0.001194148650190
-0.009221811760351
-0.013529782964351
-0.012937381392151
-0.009049096566571
-0.004931896369452
-0.003293586104336
-0.003893467601352
-0.003096942389200
0.002278966708558
0.010681304309049
0.016253996095498
0.014129226706802
0.005318557444614
-0.004315296731695
-0.009328835354588
-0.008186276483919
-0.003576586807649
-0.000596484316929
-0.002279404224141
-0.005943375620035
-0.006474099148136
-0.002894771579669
0.001423959738011
0.003724423908251
0.003901175026277
0.003080497804167
0.002599958689715
0.003125280520858
0.003607474417268
0.002750806037872
0.001634678111035
0.002625151410761
0.005575988918412
0.007481676143669
0.006087792320499
0.001740184030942
-0.003692103641441
-0.007569973800557
-0.007413757646013
-0.003138981520075
0.002602477088487
0.006960740270941
0.008491682966531
0.006808835228113
0.002507297762324
-0.002489821205601
-0.005623851962833
-0.005469211065158
-0.002761332716844
0.000147463112655
0.000615764879392
-0.002247836785414
-0.006006886570635
-0.006411872108129
-0.001329584901788
0.006657678550958
0.011694283718662
0.009677757086746
0.002310715630813
-0.004361573416647
-0.005514224736716
-0.001608010549401
0.002573425936200
0.002403830534607
-0.002832817484271
-0.009808907962781
-0.014161845737878
-0.013294068036031
-0.006836137600450
0.003587630674237
0.014083579792112
0.019480153837423
0.016517979149689
0.006788834199608
-0.003744634153516
-0.008943388639742
-0.007163036965960
-0.002166944309598
0.000836836671625
-0.000226065868735
-0.004143766263544
-0.008770432691110
-0.011388577263759
-0.009128709771952
-0.001456180122772
0.008500847252884
0.015120167047349
0.013309830692868
0.002911810166563
-0.009320562362670
-0.014205700365960
-0.008117192806444
0.003595909373789
0.011654773420194
0.011145633427206
0.004246264360915
-0.004001864514856
-0.010090972979793
-0.012681969237037
-0.011779039874381
-0.008405062286220
-0.004421806675460
-0.002001787545482
-0.001860112078054
-0.001811123385738
0.000368019241150
0.003095430479960
0.003218333189723
0.000661701663210
-0.001874086941397
-0.002204353675206
-0.000543019150449
0.000810529516366
-0.000148007620774
-0.003121324619388
-0.006264748349427
-0.008210444456304
-0.008966457026719
-0.009119205140149
-0.009008677461240
-0.008782427503708
-0.007814931071853
-0.004231400101258
0.002892663961729
0.010633156116910
0.013497424400362
0.008548037682125
-0.000979814473588
-0.007556742258717
-0.006114942257852
0.001139423090829
0.007690537156186
0.008752867825869
0.003786704470180
-0.004047545446694
-0.010082911395455
-0.011408477863191
-0.008559458307476
-0.003865484566617
0.001204111846577
0.005909355857018
0.008241038819556
0.005505388543279
-0.002272819884331
-0.010868923979529
-0.014115977137855
-0.007166300846071
0.009106341981693
0.024632754529701
0.026587989094187
0.012574904638679
-0.006358905596278
-0.015612019008502
-0.007735852471993
0.011902839374039
0.027046789524536
0.023267635101146
0.001960346692220
-0.020475127882187
-0.027796810560526
-0.017260432866899
0.000307975614086
0.011293695841732
0.010351329434916
0.002940585684642
-0.000818151485305
0.005115751815530
0.017977492961450
0.028986654554696
0.030496419558052
0.021085754765274
0.005894578462309
-0.006930331022209
-0.011427527296307
-0.007390554735391
0.000199876399741
0.005252246354611
0.004704347524612
-0.000130316720164
-0.004840504482015
-0.004676270052401
0.001749258733369
0.010845347262719
0.017191564026263
0.017996585592994
0.014645694319953
0.011134873050585
0.010389415231941
0.011302265370714
0.010339776080238
0.005805158025233
-0.000680864212150
-0.005533047336866
-0.005402308311826
-0.000576061708804
0.004109708277946
0.004473390072332
0.001777938369594
0.000492127575706
0.003194517387389
0.008471613330148
0.012510359222917
0.012678348671774
0.009854022908714
0.007026027809738
0.005942587518332
0.005744263014229
0.004392069706591
0.000682226333048
-0.004603642147388
-0.009021833440733
-0.010307296483298
-0.008097747554530
-0.003852087423157
0.000473283859331
0.003349528194335
0.004143957369722
0.003475282150979
0.002734989276783
0.003075232757244
0.004746601663238
0.006719810565018
0.007033011913676
0.004284985249235
-0.001157325910720
-0.007319284128756
-0.011681633719659
-0.012969697682330
-0.012121565729071
-0.010628104133564
-0.008692705654371
-0.005824639078029
-0.002136022555960
0.001581937997901
0.004298470599665
0.004898946555285
0.002999558021142
0.000194753980189
-0.000945297132471
0.000184814549428
0.001346680383952
-0.000038981243043
-0.004007635988847
-0.007914975073555
-0.009179076376648
-0.007975407307706
-0.006474875631484
-0.005898863689581
-0.005829143552729
-0.005621563949754
-0.004808056864308
-0.002858759077754
0.000067247715916
0.002783393531370
0.004156179194417
0.003735564609967
0.001508162627354
-0.001850617447383
-0.004765559061964
-0.005892048304127
-0.005616934621694
-0.005702225034885
-0.007119664781610
-0.008700882286766
-0.008237711721511
-0.004908066366473
-0.000513628288257
0.001989059222278
0.001326387288531
-0.001115079683696
-0.002976861313154
-0.002585599303568
0.000308518449010
0.003853549545887
0.004937621229279
0.001840920018508
-0.004081002962449
-0.009434978599186
-0.011645764457942
-0.010980858074771
-0.009419615783207
-0.007604210293324
-0.004070299102825
0.001999258951726
0.008110915970330
0.009524493881242
0.003730347266563
-0.005930332506390
-0.011800968314825
-0.008350730987537
0.002034393363635
0.010413077259339
0.009592057754411
0.000703695752614
-0.008747591132175
-0.011806773374323
-0.007062092980344
0.000627325710819
0.003995860861175
-0.000138497621125
-0.007776438224601
-0.011385044643005
-0.006813238294760
0.002719321070270
0.009687921657118
0.009543953419256
0.003854349435329
-0.002764996801599
-0.006301941713046
-0.005487752734174
-0.002642115811497
-0.001150998405900
-0.001840359330861
-0.002853500235884
-0.002282552880417
-0.000440172760504
0.000376177492298
-0.001108312448867
-0.002869943350268
-0.001598402511486
0.003243748729034
0.008360885147237
0.009528087396947
0.005570589682945
-0.000596117632348
-0.004984882411172
-0.005530760024994
-0.002646052682456
0.001216281249214
0.003143000069509
0.002469182358555
0.001399622152748
0.002395914626897
0.005496990756680
0.008065859334556
0.007255306306411
0.003261708055687
-0.000518943917175
-0.001172141445386
0.000570641736212
0.001448093185612
-0.000784079246321
-0.005407970115941
-0.009253750468349
-0.008872507556620
-0.003347829417950
0.004616943586790
0.010487378779787
0.010919443468123
0.006265192836752
0.000983909323796
0.000058933874013
0.003639340892944
0.006575135132347
0.004188985795378
-0.002906235883802
-0.009674582433681
-0.010879154763502
-0.005462569701556
0.002037465053145
0.005311608919035
0.002087168037089
-0.003757325071267
-0.005798717845689
-0.001399337028306
0.005869244067989
0.010392773632949
0.009554180538801
0.004653768750914
-0.000941627097800
-0.004130585630872
-0.003712315909629
-0.000409308443771
0.003746279226734
0.005912677523603
0.003986281615118
-0.001630304454417
-0.008054245066668
-0.011611863863973
-0.010146040069116
-0.004487600254606
0.002120040145642
0.006415557265329
0.007599629853439
0.007347953581610
0.007295859065503
0.007389166524889
0.007064599695397
0.006166744589249
0.003961664416230
-0.000065934295098
-0.004421643356140
-0.006787758784480
-0.006095861069025
-0.003083317344543
-0.000052390505537
0.000701030128247
-0.000545639415888
-0.000741181767270
0.002553700527818
0.007650442918136
0.009386195092704
0.005061998023961
-0.000889555842953
-0.001211040524796
0.005638253942763
0.013550622054174
0.015005002658926
0.007887370935977
-0.003200878175071
-0.010929401181605
-0.011062849194721
-0.005666568627617
-0.000754606754465
-0.000398390900169
-0.003349477004190
-0.005290029169664
-0.002973374362937
0.003455036938038
0.010374665774033
0.013403323932876
0.011250621859188
0.006269830160505
0.001368687896070
-0.002356585824466
-0.005438651284588
-0.008306571636845
-0.009534338128619
-0.007245319682708
-0.002675307720797
0.000234810421002
-0.000570211556837
-0.002855283547508
-0.002668278448610
0.001273878944724
0.005979588158694
0.007425780416606
0.004968118222718
0.001292789037087
-0.000913750590402
-0.000602061522008
0.001686060786091
0.003464823653695
0.001456196698272
-0.004646725724718
-0.010648129858412
-0.011914137805578
-0.007957003232503
-0.001904627544435
0.002782187482726
0.004173119143452
0.002663980005260
0.000592612405644
-0.000418552294662
-0.001051756075474
-0.001883708728471
-0.001080619793717
0.003103908824690
0.008492204725995
0.010275590045156
0.005608782873373
-0.004415616947874
-0.015139207884667
-0.019593682590104
-0.013234105583548
0.000217768032809
0.010668231530951
0.010770189924485
0.001434790714620
-0.009797731762060
-0.013590141282892
-0.005604988255120
0.008143036216285
0.015646289618302
0.011200792578715
0.000617904038350
-0.006648025549723
-0.007055012661036
-0.003962256939012
-0.002522528067974
-0.005161508891779
-0.009702196416528
-0.010997212039974
-0.006424360270317
0.000456101001085
0.003574524969763
0.000811652630939
-0.004288702282889
-0.005690205063335
-0.000268939273018
0.007825309508507
0.010302521788445
0.003783152157780
-0.006730414079029
-0.013333641536166
-0.011821664206977
-0.004271393871695
0.002506838832929
0.002460628289401
-0.003926217103692
-0.009990946686817
-0.009690169196420
-0.003216176627775
0.003898959154238
0.005682154139924
0.000772628279719
-0.006109667074837
-0.009094208397476
-0.006959298229844
-0.002550083089094
0.001006640481615
0.001855981374713
0.000294446073717
-0.001127732995171
-0.000588516398279
0.000943470587711
0.001493833427399
0.000075380452218
-0.002932413791590
-0.005982297059150
-0.007106652637407
-0.004456690458531
0.002826511730371
0.011640830407453
0.014453554868026
0.006422618616330
-0.007135155707374
-0.014432402817579
-0.009536763829387
0.001622371847839
0.008094392585814
0.004279149198230
-0.005855070718007
-0.012269711772216
-0.007922674488308
0.003962966640928
0.013168552085670
0.012619480708522
0.003580931370173
-0.006914530153860
-0.011165008226501
-0.005991263517586
0.004085586145364
0.010492270367926
0.008908397156213
0.002410751284724
-0.003599809920744
-0.006671464438555
-0.006507179194354
-0.002605110365181
0.003988657030555
0.009182888714760
0.009515186574238
0.005594946777287
0.000783349506114
-0.001175496575182
0.001932188302594
0.008066409569029
0.011285434985055
0.007545597621372
-0.000700816088701
-0.006820782779754
-0.005981172007967
0.000694952434159
0.006749375901397
0.006066664851957
-0.001378161471637
-0.009826880251298
-0.012767060661848
-0.007227059524268
0.004353353786776
0.014827402961907
0.017214567888544
0.010830693574302
0.001193380233987
-0.005588809916449
-0.006067533875593
0.000210810554571
0.009863967231908
0.016236839779903
0.013468900325579
0.001536102027506
-0.012090473716239
-0.017171889091869
-0.009705719374243
0.003455037577889
0.010359195451998
0.005185642955396
-0.005760057234881
-0.010088281586470
-0.002103843584941
0.011409683099300
0.018250019324977
0.012562831160991
-0.000398770421374
-0.009886848706981
-0.009399800603250
-0.001614962483481
0.005176335623141
0.004881126551020
-0.001010739532444
-0.005285019408626
-0.003194732488049
0.002316621701204
0.004911465528646
0.002570115420488
-0.001012658679620
-0.001612787417355
0.001317824626085
0.005605348810791
0.009479900914343
0.012013467980379
0.011382124688349
0.005821791427087
-0.003407296576891
-0.012007777786125
-0.015512662424660
-0.012009224333714
-0.003750897267921
0.003775396033087
0.006599116164447
0.006012820097414
0.005827681025088
0.007331618071804
0.008714911370138
0.007887218731724
0.004694477732379
0.001142855985417
-0.000650181349079
-0.000967120419260
-0.001632900885230
-0.002500318870475
-0.001326685258184
0.002188120665720
0.005112197702139
0.004863610612242
0.001888393364432
-0.001410102621597
-0.002672092751767
-0.000845238840981
0.002686746026853
0.004544350558266
0.002684505710874
-0.001168838994721
-0.003525735032777
-0.002332323280585
0.001863047531583
0.005805872925223
0.005808372760254
0.002135698981524
-0.001104405625647
-0.001235692310677
0.000353541652138
0.000750090061910
-0.001135967757862
-0.003463019314593
-0.003261933321734
-0.000031630278073
0.003013543343462
0.002451462078443
-0.001191101822264
-0.004079628325818
-0.003439213278990
0.000060805793154
0.003398136137148
0.003275598020924
-0.001211184615197
-0.007103508859367
-0.010414965708014
-0.009854582924816
-0.006667902164772
-0.002747471245861
0.000025883573957
0.000454749519811
-0.001118558739807
-0.003557420198285
-0.005969861766793
-0.007317621439403
-0.006668500776091
-0.004432498254941
-0.001726933432839
0.000631587785253
0.001036127598767
-0.002006602366233
-0.006305093678496
-0.007371404303694
-0.004474204860587
-0.001277466765453
-0.000897897662055
-0.004223510972486
-0.010139748029305
-0.013867205414034
-0.010039231345131
0.000343536837168
0.010329806435954
0.013845795847252
0.009000169642652
-0.002135291471113
-0.013225285369963
-0.016909591455447
-0.011557223332152
-0.002339421476468
0.003634040621640
0.001423469962590
-0.008341301275058
-0.017834347166319
-0.017688233532742
-0.006736440277867
0.006166581445936
0.011424759717560
0.007613144297594
0.000563748511959
-0.003354845256366
-0.002003819672867
0.001849733043580
0.003918385424465
0.003058167415083
0.000926243717981
-0.002299553192432
-0.007952578226210
-0.014754354133619
-0.018355755462916
-0.015076164814543
-0.004604500662593
0.008871655148827
0.017603877780934
0.015842237876895
0.005585144917035
-0.004757997870892
-0.007564452239396
-0.001751713028212
0.007175921553285
0.011280427636051
0.005815419299171
-0.006377935157351
-0.016611341559625
-0.017758988802099
-0.009144624013820
0.004167915456740
0.014256445359390
0.014783934517481
0.006225461602092
-0.004262129008870
-0.009775441458932
-0.008530925212609
-0.002311863087212
0.005642190351201
0.010821994338106
0.009690671630493
0.003596990528639
-0.001457077751873
-0.000371936829575
0.005806472371007
0.010185945785247
0.005988571235099
-0.006183081351334
-0.016811020777928
-0.015754245308240
-0.002681230949896
0.012438878098553
0.018167934472245
0.010578604949384
-0.003329424994534
-0.011141677481970
-0.006401360146770
0.006131834958798
0.016067382649503
0.016123580467092
0.007090258571685
-0.003402259339654
-0.008024854643831
-0.006192589640709
-0.002552994910239
-0.000992427185838
-0.002083017216030
-0.004174742532103
-0.004604994426077
-0.001411509220519
0.004091010096824
0.007603998625003
0.005908720830579
0.000043282605746
-0.004945995674377
-0.003282092623225
0.005861612573624
0.015272516327084
0.015141208251861
0.003198745028945
-0.011621424791425
-0.016903028929010
-0.008427061951971
0.005426005283671
0.011029288058257
0.002714066858654
-0.011469986537225
-0.018262314078708
-0.012351524200473
0.000103528306021
0.009220501320512
0.010168326672997
0.005444079901229
0.001279317208023
0.001935719052443
0.006127712708655
0.008641167121536
0.005802293887824
-0.000817808575335
-0.005975070024470
-0.005827326433596
-0.001988825914930
0.000073529555511
-0.003306942632749
-0.010244175779029
-0.013716481573027
-0.007798800465006
0.004059480398605
0.011219927945737
0.008348434165332
0.000603600244071
-0.004195966799419
-0.002979355222812
0.002185099701661
0.006769257841375
0.007704041754994
0.005196350195709
0.000292504813876
-0.006732078374614
-0.014376866318527
-0.018696063221605
-0.015693945752163
-0.005257869160500
0.006502162290310
0.010805864412935
0.005062587710069
-0.003242574308127
-0.003835687358101
0.005361698415250
0.015843364851892
0.017350451775902
0.007709893355736
-0.005884494147572
-0.014132087796527
-0.014000695849346
-0.009726340647847
-0.007113358381970
-0.008707546546271
-0.012268081487841
-0.012088100160613
-0.004602849740324
0.006300078643051
0.012832032910341
0.012291902632075
0.008877904678966
0.006861070345273
0.005801367661686
0.003051243555738
-0.001689075137948
-0.005767531620808
-0.006776302105666
-0.005362981007632
-0.004841012607300
-0.007285567022532
-0.009550255085624
-0.006304435448286
0.001781098653523
0.008038102393454
0.009311811490433
0.009073068941088
0.009481194925251
0.007457684663994
0.001232361440939
-0.005045564230926
-0.005451926783095
0.001394945191943
0.009672174906539
0.010509427483483
0.001847868867263
-0.007687263193390
-0.008580259457112
-0.001230901646077
0.006750377207483
0.009924517906380
0.007696832871457
0.002157269079895
-0.002490874567501
-0.002143961764867
0.002556137626421
0.006617857816635
0.006749035901565
0.005119508072077
0.006384297561490
0.011310765950082
0.014632535649835
0.010822073415991
0.001434293507200
-0.006098554922278
-0.007143326547483
-0.003737255481791
0.000265826090318
0.003434547405943
0.005506183464656
0.005806793194782
0.004350986169177
0.002730397462983
0.002800930956550
0.004540936604122
0.005507171904929
0.003397933030805
-0.000651021713772
-0.002521742717148
0.001071255365771
0.009199234299583
0.016044059534815
0.014944810703538
0.005392371361634
-0.005722827400454
-0.011265680615172
-0.010119904864504
-0.006236437685041
-0.003734208646094
-0.003576733121251
-0.004304466442876
-0.004442996746485
-0.002886846856974
0.001099381044614
0.005987639476019
0.008428966079774
0.007518183780089
0.006354631922429
0.007455922419413
0.007889128399616
0.002061728947737
-0.009557633269619
-0.017447844145324
-0.012518660667283
0.001439851255246
0.009845256020621
0.004714470483107
-0.005612364774415
-0.007952522943193
0.000686795598333
0.012862386035074
0.019215019193694
0.015105120649068
0.003757376546406
-0.006818999113223
-0.012308564284108
-0.014472776978401
-0.013933534440686
-0.006722422625162
0.008261972356152
0.022896248622073
0.025216149083341
0.010494184361984
-0.012839605040058
-0.027845902534200
-0.022437148669494
-0.000914679014839
0.018011292316414
0.017874958461831
0.000672956604063
-0.015610574554888
-0.015671930197407
-0.000836299240431
0.014515273226354
0.016740834137871
0.004102837740450
-0.011571633035953
-0.015807156228239
-0.006445778740260
0.005584571654298
0.010018668891409
0.006188697939914
-0.000797979350161
-0.006684374449340
-0.009865696978168
-0.010445408643509
-0.009249226726303
-0.006179980309016
-0.000267280236500
0.006052207836660
0.005536138200701
-0.005679049834955
-0.019889176491123
-0.023631859943656
-0.011983038358204
0.007013144006444
0.020192598865306
0.018565253746141
0.003733805663363
-0.012458128736006
-0.018467368552229
-0.013581455527192
-0.006146335646305
-0.003694780879575
-0.007120794113269
-0.011486049363719
-0.010250526630960
-0.001586015633075
0.008066505066778
0.009919298045379
0.003852522365991
-0.000799302797556
0.002013990464408
0.006652968044991
0.003250269893810
-0.010586074119254
-0.026695521619323
-0.031986383210920
-0.019065277132719
0.005464580305268
0.024845726379152
0.027042282840815
0.015068808207322
0.000605999928943
-0.009391735968804
-0.016152773142340
-0.023063007559734
-0.030093071798408
-0.031688003253159
-0.019621288856559
0.007704648558498
0.037940374246499
0.050373393528985
0.033435192721429
-0.002053484240069
-0.030774813740218
-0.034729971928328
-0.016412004400973
0.005778342267899
0.014062725191324
0.006384374041899
-0.004919670038652
-0.008763677497689
-0.005453360426700
-0.001947017796310
-0.003148679584291
-0.008408930755164
-0.010835551557170
-0.001542328678731
0.018293251124670
0.032721327609799
0.026648939864043
0.004457508283050
-0.014098559916788
-0.015955297513876
-0.006538381885295
-0.000113795863305
-0.004110599728137
-0.013292547729784
-0.015974220946025
-0.005493526436260
0.013333569071115
0.028500768357875
0.030048739234623
0.016075655508366
-0.005532168770713
-0.020534961462394
-0.018031241672383
0.000030183439722
0.019046386537003
0.023547450737257
0.010248948589786
-0.010382706347208
-0.023874958583576
-0.022204959542657
-0.007745572017080
0.009527643721752
0.018689449635377
0.015233100513339
0.005113943247069
0.000640530625781
0.008836540077853
0.021768789254515
0.021382987409369
-0.001020430660497
-0.031886747577704
-0.046386295197468
-0.030619291525739
0.006758548592948
0.039879840834089
0.045444902481041
0.023404770996766
-0.004119866723050
-0.015861723048634
-0.009518500047521
0.002065073844236
0.006620942333160
0.002511779226907
-0.003135186038039
-0.003620636036706
-0.000009812008556
0.001710768509826
0.001161659778159
0.005123550127199
0.014134143720537
0.016536864736373
0.004339667909886
-0.012383801012608
-0.015316469790505
0.001858685226820
0.026205866631627
0.035477555565756
0.017129978153416
-0.018955213097832
-0.046813422743959
-0.044225586788577
-0.010552542195001
0.030728155617312
0.050102562994378
0.036804516923168
0.005899259877031
-0.018326064494776
-0.023151766277514
-0.013276298639229
-0.002238858511487
0.000887757027006
-0.000599301197917
0.002816618330260
0.012686975234660
0.018595420011577
0.009965240443558
-0.010226063462458
-0.025416821125070
-0.020660960478280
0.001774634536399
0.023827708352670
0.028686001771429
0.014437579104243
-0.007392641199079
-0.022367992867115
-0.022375462536651
-0.009590272476970
0.005388243748805
0.011031996773700
0.003593124996402
-0.009464821847220
-0.015204746509049
-0.007034834004921
0.009471821373378
0.021907076385251
0.019567991305405
0.001305699149276
-0.019901758152304
-0.026202588613592
-0.014136875998937
0.001813743134261
0.007839217146159
0.004496923323619
0.000350696018603
0.000816990091237
0.005349241964020
0.009910840565836
0.010169496613231
0.004543822433964
-0.004884263605853
-0.014559047194754
-0.021176363473415
-0.020991678376532
-0.010366725879412
0.009758124238410
0.029466194736317
0.033583136385301
0.015171079059881
-0.013903044824333
-0.030734461147395
-0.022395964659926
0.002790083925225
0.024012435848501
0.025048924290371
0.005935268054966
-0.017651181291760
-0.027363657298131
-0.016975532281976
0.003741430808042
0.018252047120101
0.017192849032370
0.005487119274157
-0.004224229434922
-0.005906234986447
-0.004606644520096
-0.005437609717812
-0.005738987748539
-0.001667613913242
0.005247153724257
0.010536305180161
0.010225315636377
0.002985304827770
-0.006694421088763
-0.010134939420906
-0.003387001273865
0.007192380454582
0.010710611075475
0.002443977976910
-0.011410418793309
-0.018986666965260
-0.013066759638677
0.002621067377715
0.015672971944241
0.013839991312112
-0.003455425625307
-0.020401337577163
-0.018005629788876
0.004980369237571
0.028481509668053
0.029286181079722
0.003010770392149
-0.029197764891374
-0.038713842854992
-0.018141236780702
0.011700575807234
0.024919607136712
0.014782859642284
-0.005177718788012
-0.016270694874427
-0.009911925625796
0.005789049303007
0.014599036319706
0.010005835589113
0.000046059969872
-0.006590173547744
-0.009399212481969
-0.008734442589410
-0.001994268998388
0.008039742233447
0.011634685994801
0.004150653926032
-0.007478813720139
-0.013685520777643
-0.011794684397491
-0.003925321422631
0.007346578315652
0.016164948864694
0.013477950589434
-0.002903958806799
-0.021597127014655
-0.026300748739853
-0.011740023004022
0.010885554900813
0.024751566297148
0.021622360324198
0.005615513152215
-0.012369873406517
-0.022244272127656
-0.020617938586125
-0.011551303635900
-0.000980183601060
0.008170092069420
0.013631718552915
0.011402008129245
0.001334733972158
-0.008866129711596
-0.011013711757600
-0.005422926153386
0.001176396679022
0.003556902403227
0.000522251293942
-0.005786897271563
-0.009390077560715
-0.004027769882201
0.008353051212019
0.015608257635933
0.007292201094695
-0.011308510231980
-0.021693059202873
-0.011213897249080
0.012048962411182
0.025913983506540
0.016538518160247
-0.007341720111117
-0.024010128863386
-0.020140630122291
-0.000820166378461
0.017763148986504
0.021560329014686
0.008303556498075
-0.010785041723860
-0.021068291526287
-0.018026125194776
-0.007533425322849
0.004290738721972
0.014086815744335
0.017379744418658
0.010814528185564
-0.002074754196016
-0.012926023172474
-0.016071725495477
-0.011513646695330
-0.003116246757609
0.003413281192824
0.004105368120466
0.001036997787594
0.000132188006833
0.002971757321413
0.004339955195098
-0.000169447363487
-0.007594902067614
-0.010797430049430
-0.006191455932402
0.003099373684342
0.011151009013342
0.014281440624505
0.011138668662379
0.001727335364641
-0.010027489912614
-0.016486518772417
-0.013030504077115
-0.002363155229032
0.008794612292739
0.014507863161295
0.012747643029531
0.006597494799650
0.000571157777937
-0.004124417539171
-0.008263204586532
-0.010319696518845
-0.006621150207520
0.004160283179931
0.017878187657712
0.026623494215435
0.024012171450873
0.009804975179380
-0.009494540258438
-0.023837448870257
-0.025258410681698
-0.012835852818550
0.006966121944597
0.023853078549061
0.029140334963835
0.020870469501808
0.004268137450034
-0.011746123984475
-0.018130267732127
-0.010186289987502
0.007457197075414
0.021909184009903
0.022041550069576
0.008218529908810
-0.008922207739118
-0.018084867472510
-0.014868061886117
-0.002428501369333
0.012318952688780
0.022751322865468
0.024360741841909
0.015418015785098
-0.001108939679295
-0.016694168466678
-0.022100040697980
-0.014646818766147
0.000142426219338
0.013652516434626
0.020378533241833
0.019744548849537
0.013509640691219
0.003382722304267
-0.008170037943502
-0.016053719400701
-0.014361662551802
-0.001935200227540
0.014620233260384
0.024492513459130
0.020305845117291
0.004382572888076
-0.012163174796694
-0.018462151637788
-0.012484547359893
-0.000584861761050
0.009124526612232
0.011853596553469
0.007695138060414
0.000509065381415
-0.005187069405915
-0.006569119548298
-0.003096606398994
0.003059518986943
0.007949791238248
0.008928714769240
0.006337569592145
0.002513242947491
-0.000133614058021
-0.001464307850307
-0.003272644024183
-0.005371074713343
-0.005165933665842
-0.001769662984645
0.003182871840873
0.007907352410305
0.010223299126163
0.007155988436898
-0.001647991384529
-0.011016597902710
-0.013074867372786
-0.004200422121287
0.010373042949240
0.019531954977984
0.015189606767801
-0.000488415473120
-0.016152553993171
-0.020456793064814
-0.011434333253878
0.002782862488168
0.011642511861392
0.010182048264745
0.001439157587885
-0.007148877220591
-0.009914684883579
-0.006353286842563
-0.000154519859554
0.003701263154072
0.002910252525725
0.000459245643163
0.001651170396694
0.007697118573762
0.013081438653783
0.010258443637541
-0.002142355077560
-0.016022653557340
-0.020170793318568
-0.010280661119262
0.007459677510416
0.021121827400818
0.021135718405927
0.006821564532104
-0.012609933727446
-0.024300164722250
-0.021043009882778
-0.006151194928526
0.009644487468992
0.016454764801092
0.011674417488743
-0.000041540975602
-0.010984011814282
-0.014711224166395
-0.009190633906867
0.001852663760073
0.011291837336987
0.013792247338277
0.008702138914124
-0.000633113758239
-0.008387353792606
-0.009470455311481
-0.004189695786536
0.001978200757384
0.004510056562453
0.003268863210921
0.000279304982005
-0.002379981703398
-0.002883521849547
-0.000391469526569
0.004012935061279
0.007359308754505
0.006838528611513
0.002771305042203
-0.001497308359722
-0.003073504732045
-0.001936855451968
-0.000442251667044
-0.000955368638147
-0.003186392406217
-0.004281407038951
-0.001682897135884
0.004887395721842
0.012853690418612
0.017149494201607
0.013270453277221
0.001672269301488
-0.011312291744193
-0.017643140724327
-0.013831154917753
-0.004126077055349
0.003752740711486
0.006546033942485
0.006964658893767
0.007666731849447
0.007279045959771
0.003297558377626
-0.003420420024027
-0.008438948659952
-0.007499903534013
-0.000106245409663
0.009357106492283
0.013295248992280
0.006547031275118
-0.007426467525505
-0.018141017626548
-0.017221821943344
-0.004989173512197
0.010513012017935
0.018991873769808
0.014579140639095
0.000383336969449
-0.013173934037378
-0.016240789241331
-0.007221733330457
0.006653489835572
0.015317571823428
0.012980387163615
0.002281880465883
-0.007752079637740
-0.009613828420798
-0.003824640960779
0.002443334482396
0.002474758741027
-0.003858381713695
-0.009740344058505
-0.007741273867282
0.002527792333677
0.013555629821396
0.016684901460029
0.009429344231186
-0.002919462327528
-0.011783205197912
-0.011629693754642
-0.003842391442387
0.004361908510610
0.006256248141964
0.001828900461144
-0.003166124840440
-0.003772487375619
-0.000208621910962
0.003190229346529
0.002573899287385
-0.001010424966692
-0.002736775116405
-0.000328372663547
0.003086125414593
0.003109498394105
-0.000970878142626
-0.005619165112864
-0.006850161519962
-0.004349603176628
-0.000872870779478
0.001623679718983
0.003131228709591
0.003708717424250
0.002472412570440
-0.001318131702920
-0.006286259533552
-0.008660766311946
-0.005271582563377
0.002894223696448
0.010350859445387
0.010869325841214
0.002982737962857
-0.007834698530400
-0.013412655380812
-0.009700429061433
0.000287007390400
0.009224365951351
0.011073767685331
0.005181559350706
-0.003860440228480
-0.009788350529597
-0.009063141956571
-0.003029018678841
0.003998947843221
0.008243707871655
0.008186365169090
0.004493122532423
-0.000870501388596
-0.005610181182370
-0.007414554610926
-0.004761628838780
0.000868744795852
0.004789882901911
0.003239856014369
-0.002794284524115
-0.008390081063140
-0.008604632288352
-0.002383211249943
0.006144674772334
0.010675084890896
0.007913306879176
0.000038574594021
-0.007489980295615
-0.010373184861305
-0.008357874213780
-0.004311922987136
-0.000950519166954
0.001427092806667
0.003929313800672
0.005970804481366
0.005204212114710
0.001287253252914
-0.003073996508394
-0.005290597897590
-0.004751479105344
-0.002448054749733
-0.000464353638759
-0.000481194661487
-0.002072464601432
-0.003338376136708
-0.002980888568849
-0.001296176451243
0.000440751656895
0.001047211339969
-0.000083039959063
-0.002467659699835
-0.003882586505014
-0.002157182290638
0.001524128174199
0.003626864728995
0.002548703009800
-0.000440352773943
-0.003243856291745
-0.004408709858434
-0.003815793612057
-0.002344327810528
-0.000582587503902
0.001493754067052
0.003219200039317
0.002657268032216
-0.001442368457225
-0.007425507714372
-0.011258762440905
-0.009527119831295
-0.002447841760839
0.005700492225944
0.009491124000134
0.006337793036676
-0.001863454957990
-0.010446455983293
-0.014812412156626
-0.012624505679952
-0.005194805091315
0.002978878638967
0.006980931137385
0.004586117957840
-0.002515367977958
-0.009986407616237
-0.013500019287225
-0.011275794197247
-0.005245104327915
0.000427474734992
0.002614637507914
0.000982734956000
-0.002886913022449
-0.006885062119818
-0.009150609575351
-0.008843757815631
-0.006558883556995
-0.003628999188480
-0.001359587504684
-0.000897182734297
-0.002620973001141
-0.005525306460901
-0.007822047194759
-0.008005074502674
-0.005740005060895
-0.002192537996684
0.000810136167086
0.001951321233976
0.000959516683271
-0.001417356136735
-0.003776136779336
-0.004682308696483
-0.003699717058572
-0.002035910576696
-0.001308004390133
-0.001630326560177
-0.001878430474503
-0.001549011406963
-0.001065442843689
-0.000524362340449
0.000272733454069
0.000556815718673
-0.001165549329775
-0.005163215391792
-0.009444029888349
-0.010911072830631
-0.007655278405006
-0.000865528459326
0.005486754209763
0.007679867906403
0.005224199019850
0.000964074112486
-0.001489049963330
-0.000614072120405
0.002007328498061
0.003161801885313
0.001025152619575
-0.003024934829097
-0.005853437933635
-0.005363404949035
-0.001777901219119
0.002733792967550
0.005402402128159
0.004627190887400
0.001039566737511
-0.002863458752995
-0.004570235058017
-0.003513866657700
-0.000864420506882
0.002164038673490
0.004775285387401
0.006034818653852
0.005235979399161
0.002869913654399
0.000487870287975
-0.000703077035527
-0.000656892092935
0.000169197190430
0.001207593263893
0.001335882144748
-0.000255816627528
-0.002335082246911
-0.002301661317738
0.001031687616381
0.005892068406333
0.008991721448289
0.008577601951247
0.005526772293406
0.001587184709528
-0.001933975988488
-0.003679237879912
-0.002509790761010
0.001089687521233
0.004920336620895
0.006449859899872
0.004398769203643
-0.000089127356474
-0.003841366713681
-0.003896281987406
0.000375986578595
0.006823048772089
0.011571542584626
0.011238570995694
0.005394670682990
-0.002453827336957
-0.006811280604294
-0.004688244269691
0.001434630390102
0.006200825831199
0.006547385175455
0.003297217524909
-0.000845924537162
-0.003384657917651
-0.003333027881854
-0.001480873366516
0.000669960484487
0.002083410761135
0.002776426751783
0.003538980584528
0.004747382875248
0.005708069067536
0.005126697037875
0.002334777426091
-0.001435180144080
-0.003898598866606
-0.004192392631432
-0.003398878501892
-0.002675878430364
-0.001758018289544
0.000495129474609
0.004250501510969
0.007665379742767
0.008230669848985
0.005220073944514
0.000478521636283
-0.002993570566715
-0.003453523936781
-0.001840014321867
-0.000374795629539
-0.000041086328502
-0.000104355317808
0.000580793025170
0.002342422156332
0.004214740341845
0.004607554791775
0.002872413246516
0.000114576553915
-0.001997538277241
-0.003047793435277
-0.003580601866339
-0.003368657023139
-0.001628503774666
0.001222000877965
0.003448661954428
0.003365780291192
0.000506480112861
-0.003518833536503
-0.005582867295839
-0.003774752008720
0.000532963783063
0.004002498661734
0.004369571039130
0.001833899183654
-0.001728857987430
-0.004041106047966
-0.003318326796028
0.000765935057413
0.006173064668213
0.009305858047191
0.007731873037745
0.002157208999181
-0.004067386072491
-0.007126417226550
-0.005221087615715
0.000258068334382
0.005957058585530
0.008910787483048
0.007946854828521
0.003953183082471
-0.000589532006232
-0.003060140089065
-0.002443463512833
0.000285011541074
0.003219962086685
0.004568504775198
0.003544724769882
0.001210193300452
-0.000206992594602
0.000550200863685
0.002709073432325
0.004713957642312
0.005747233847881
0.005633195375420
0.004321858856823
0.002114424918735
-0.000183092633353
-0.001522017064312
-0.001069395340575
0.001133664403771
0.003918866325416
0.005623793072083
0.005163668734934
0.002871484404364
0.000417139789898
-0.000437961040317
0.000728249596910
0.002682131345576
0.003718528708717
0.003441349343186
0.003109523430845
0.003787504090370
0.004779689602020
0.004524519226902
0.002516653678552
0.000022500480771
-0.000922609538746
0.000387446135451
0.002278455258523
0.002583885718672
0.001103105099444
-0.000708992502864
-0.001495747818100
-0.000467547506058
0.002725920480513
0.007092782897635
0.009845915663292
0.008577910242185
0.003921620186950
-0.001184535469576
-0.004283097141269
-0.004530656956556
-0.002467926949428
0.000466354313750
0.002930824935870
0.004380215412554
0.004827032314636
0.004424058391184
0.003271684435929
0.001427523008493
-0.000752660017514
-0.002509506783725
-0.002961759915407
-0.001607541104348
0.000883332448949
0.002851264406308
0.003099044868446
0.001684061798570
-0.000371820270999
-0.001499113115090
-0.000460247370253
0.002415128241773
0.005192308092807
0.005809093010390
0.003612376315832
-0.000401709431643
-0.004453335047387
-0.006654336591203
-0.005624615883425
-0.001926133315888
0.001692668838087
0.002722611749669
0.000736817086968
-0.003073664641053
-0.006335621980350
-0.005974536813989
-0.000591813487758
0.007198679016588
0.012087833222378
0.010336829464263
0.002634437205854
-0.006460473590809
-0.011267428605761
-0.008864520815720
-0.001907889722161
0.003505142459647
0.003822311383519
0.000779592432992
-0.001573065420294
-0.000670198503905
0.002913602510810
0.005828316975529
0.005023153843441
0.001090122430560
-0.002715992520483
-0.004306474547737
-0.004323711221754
-0.004575982562527
-0.005748617343522
-0.006527875998293
-0.004807507658004
0.000019167040545
0.005514862583076
0.007734665270780
0.005320485785184
0.000955582470674
-0.001866429327324
-0.002067880725086
-0.000956395575963
-0.000529009878381
-0.001958896329231
-0.004742634709258
-0.007096417438775
-0.007612481714953
-0.006303062078800
-0.004021122800817
-0.001721850508012
-0.000219492533521
0.000286092650165
0.000602836923218
0.001654829289619
0.002993591525103
0.003209085584747
0.001700704815219
-0.000909744651516
-0.003431953474667
-0.004726359127063
-0.004515265880083
-0.003514492287097
-0.002631624046679
-0.002453402310623
-0.002947367594560
-0.003537510401113
-0.004114736858339
-0.005090157987146
-0.005718457289345
-0.004004409765239
0.000719545814596
0.006425396176621
0.009772295285914
0.008123501820642
0.001421704141952
-0.006911358711938
-0.011804908215686
-0.010398321682997
-0.004565931963958
0.000688886607650
0.001594048403099
-0.001559299917539
-0.005118568574948
-0.005399111555910
-0.002137523511142
0.001536340152587
0.002853696745285
0.002122930861103
0.001255678530779
0.000925556421423
0.000285579303557
-0.001359177912066
-0.003698047893489
-0.005893999973166
-0.007029933703478
-0.006145301017867
-0.003095865970191
0.000424856180686
0.002148467885965
0.001596705941049
0.000285101922486
0.000131311173154
0.001939170099766
0.004388062903310
0.004719090516116
0.001489917922190
-0.003603730434612
-0.007056919800308
-0.006607249606568
-0.003144642805127
0.000284925629880
0.001262400008296
-0.000235669125313
-0.002231942221003
-0.002507956327340
-0.000507457785915
0.002321104781847
0.004193012203221
0.004309625382064
0.002762277283276
0.000329823667808
-0.001862572797815
-0.003156218220944
-0.003528206742410
-0.002970650110123
-0.001477141161547
0.000279017105321
0.001091319451518
0.000456305006126
-0.000725773208358
-0.001026460047290
0.000328115218418
0.003071366620145
0.005712350791605
0.006074428254178
0.003325426351835
-0.000635084007996
-0.002661799035677
-0.001330379711482
0.001731722093820
0.003357232854755
0.001616665960362
-0.002515262570301
-0.005822282548264
-0.005501915346090
-0.001565756681417
0.003320502467653
0.005995236729821
0.004800248679288
0.000480683793023
-0.004036512311084
-0.005515874847038
-0.003162613700923
0.000633955252636
0.002529166275260
0.001120835979131
-0.002192037485755
-0.004855824630898
-0.005098332980974
-0.002563000401095
0.001635019710034
0.005306216072332
0.006592598977544
0.005212005741043
0.002252841136479
-0.000888294917827
-0.003240163894719
-0.004518673710312
-0.005158452786686
-0.005632236543815
-0.005472824348940
-0.003664497023738
-0.000474129359407
0.001933918430425
0.001812978414748
-0.000114011062724
-0.002070913868193
-0.003335326209507
-0.004002591381363
-0.004322373158561
-0.004947751978105
-0.006388633035402
-0.007827475353631
-0.007374743688577
-0.003895056246899
0.001368407466537
0.005141889754053
0.004717501837057
0.000556694909937
-0.003927786576893
-0.005413193889458
-0.003600527946221
-0.001109812271318
-0.000738329077765
-0.003268943849500
-0.007193075549536
-0.009676684135798
-0.008488774759247
-0.003728430481836
0.002234902294045
0.006427375490788
0.007316961075420
0.005554166086592
0.002569555323378
-0.000985640683102
-0.004970873473347
-0.008582390803151
-0.010082453674839
-0.008112797336233
-0.003545032090646
0.000655261748168
0.002171859857541
0.001439141939087
0.000684858519484
0.001597005291305
0.003967304837808
0.006040540305493
0.005923016699519
0.002703722569568
-0.002812148660613
-0.007894875941901
-0.009758349914428
-0.008182186093373
-0.005156575947364
-0.002355891259231
-0.000222195337364
0.001411869723839
0.003003899915392
0.004882450834244
0.006564773172473
0.006826497748807
0.004800188415459
0.001018337234636
-0.003117346262590
-0.006536580484433
-0.008406316511144
-0.007786307905161
-0.004438657424053
0.000418440471031
0.004478771554877
0.005745011212059
0.004198711091266
0.001795822221163
0.000630368263305
0.001443399830296
0.003292029465537
0.004399556162720
0.003796092670360
0.001962663669807
0.000119617006240
-0.000612447560714
-0.000033862437874
0.000751810246144
0.000468888964435
-0.000782545645125
-0.001659012957403
-0.001096411040213
0.000760796481400
0.003057031041007
0.005019066569257
0.006003232595795
0.005601358616762
0.004259946784077
0.002933439926847
0.001789493509559
0.000301643451909
-0.001397443059782
-0.002385462863897
-0.001881375132972
0.000256258670731
0.003244654130684
0.005618010516449
0.006354073393541
0.005602472217495
0.004560214766847
0.004467231221873
0.005000882691753
0.004600958418868
0.002685317155449
0.000172202844674
-0.001677273849888
-0.001831963551705
0.000035019064547
0.002806847109029
0.004474279540661
0.003893065249542
0.001697723584353
-0.000319694085406
-0.000431655183123
0.001963243529841
0.005705054166370
0.008234270592063
0.007394655817378
0.003195800639206
-0.002280210850450
-0.006191788332902
-0.006446123130964
-0.003160432135439
0.001283365900775
0.004212087392504
0.004671438400189
0.003632257170072
0.002710514585094
0.002836662062926
0.003927079035366
0.005305083352788
0.005923462051004
0.004728946301969
0.001705115975013
-0.001822950202038
-0.004211389282917
-0.004378975321371
-0.002186227244897
0.001215315768796
0.003782197274407
0.004081883282021
0.002480083309887
0.000849144255010
0.001188838779017
0.004153448667269
0.008506906696750
0.011660939972415
0.011031740588152
0.006071726764358
-0.001016775981129
-0.007100047108601
-0.009894436128206
-0.008402127093398
-0.003471930770894
0.002123584009557
0.005559754075151
0.006027683878843
0.004695147103795
0.003166541401797
0.002304410846801
0.002146502276163
0.002124055959758
0.001271814500498
-0.000790430681991
-0.003153833605068
-0.004498889825823
-0.003978949552001
-0.001353812525218
0.002458543653854
0.005380297100613
0.005725217389058
0.003374841462574
-0.000447078558268
-0.003771621474903
-0.004776476747428
-0.003018104599442
-0.000001360748731
0.001633857614143
0.000303821793840
-0.002872660906274
-0.005241204000905
-0.004932051255981
-0.001724579410609
0.003054291350944
0.006974863388167
0.007880126004424
0.005446714877358
0.001320697174730
-0.002243037724563
-0.004100965501603
-0.004822022817745
-0.005428844734413
-0.006129914925393
-0.006702165964571
-0.007039132251874
-0.006769311008295
-0.005218398028176
-0.002337563627497
0.000849189819553
0.003253391122023
0.004615870864067
0.005041355558989
0.004584107021534
0.003543116846152
0.002081862746294
-0.000242302620056
-0.003405291120638
-0.006100262589193
-0.006982359736607
-0.005864676983345
-0.003269318307795
0.000086126952027
0.002932422902524
0.003758966712214
0.002364818918450
0.000499451416226
0.000153786757416
0.001573263641631
0.003552063817435
0.004831001038090
0.004560957651767
0.002532345260374
-0.000464401584967
-0.003090252856040
-0.004449219670375
-0.004546609238391
-0.003852182003489
-0.002536218801018
-0.000358563023725
0.002539415288781
0.005017842434653
0.005391978578960
0.002745762418675
-0.001797246549439
-0.005367454012779
-0.005482148885792
-0.002030918889991
0.002570225850024
0.004986254469053
0.003271120188067
-0.001700623821528
-0.006832371190083
-0.008933761083605
-0.006758474480038
-0.001655110195714
0.003489679754919
0.006158055487382
0.005421673697156
0.002062254041436
-0.001760513524978
-0.003626166148084
-0.002621132721412
0.000049471824433
0.002157463174216
0.002202938876890
0.000557665281797
-0.001142295502193
-0.001523292919430
-0.000186515869429
0.002071465654036
0.003234791626697
0.001367390339534
-0.003384098954262
-0.008353712002241
-0.010174380702731
-0.007394456278980
-0.001609889818141
0.003609205116811
0.004903671555883
0.001587988217396
-0.003417805485534
-0.005974748205436
-0.004103771497763
0.001015885908545
0.006179081524955
0.007900026882558
0.004328704891656
-0.003304353557523
-0.010892232941451
-0.013820402290081
-0.010122857366946
-0.001786215692867
0.006681226731045
0.010801376319681
0.008422396766461
0.001126749808273
-0.006476665416188
-0.009718098089105
-0.006855985302484
0.000150514011262
0.007207859348949
0.010550743690689
0.008731382768833
0.003281693362023
-0.002521418851934
-0.005935081516538
-0.005955571135823
-0.003202447956922
0.000241954901311
0.001785456879240
0.000609891008312
-0.001605761777437
-0.002776755974284
-0.002074984867878
0.000168394567700
0.002722962313201
0.004229102163926
0.004481230665120
0.004294735030045
0.004333851239286
0.004596930354593
0.004528542656261
0.003644968164728
0.002259552693712
0.000943588701023
-0.000457393303590
-0.002302763521838
-0.004035402628398
