-0.003793661571798
-0.000185695458833
0.003046860767242
0.005436375115167
0.006794786895702
0.007007325992044
0.006119033438426
0.004586658543800
0.003087719761111
0.001932056521216
0.000823357978298
-0.000696077914918
-0.002645931916852
-0.004516355218902
-0.005689744840295
-0.005865612033018
-0.005119821085472
-0.003634297429926
-0.001487560260265
0.001147618103308
0.003711373652471
0.005396099949317
0.005647903334925
0.004559252311023
0.002742951084882
0.000782762892277
-0.001063483330618
-0.002597110042685
-0.003421288224958
-0.003156975285909
-0.001838688433780
-0.000098532402287
0.001125454125836
0.001321254363156
0.000756661143811
0.000017540787747
-0.000511323813493
-0.000706128748721
-0.000579072249235
-0.000220213343189
0.000109205968396
-0.000076342062168
-0.001090168273802
-0.002531994501263
-0.003438783817526
-0.003066525030533
-0.001416228021441
0.000905987306633
0.003161604188227
0.004864570806728
0.005867414772825
0.006118835029827
0.005456710278878
0.003826075646176
0.001550611258756
-0.000856058603975
-0.003079226912888
-0.005056746087452
-0.006642247847942
-0.007420030277874
-0.007037294846721
-0.005568261309883
-0.003430274863567
-0.001046485226622
0.001383544680612
0.003799362860884
0.006003679071660
0.007594634674920
0.008188935024084
0.007650183357470
0.006104557554358
0.003715086053378
0.000536598508372
-0.003195735445997
-0.006718406249418
-0.008951309168294
-0.009169653678962
-0.007503025121452
-0.004791368679609
-0.001944919908682
0.000522398030710
0.002413791473572
0.003621357624779
0.004150428435877
0.004193367714798
0.004021333897427
0.003791707850045
0.003408065158868
0.002600683327402
0.001300735913601
-0.000118192194511
-0.001172692549131
-0.001761293378650
-0.002141793412631
-0.002509363971710
-0.002754980870273
-0.002662801947700
-0.002251949905633
-0.001798468399049
-0.001505917148569
-0.001255767908117
-0.000802222157666
-0.000175047277377
0.000314380586543
0.000501492192201
0.000636855509639
0.001129150511368
0.002017830108456
0.002807116579072
0.002946328750177
0.002386123899960
0.001578223061141
0.001054026348094
0.001045484505830
0.001424002710175
0.001928518811315
0.002298714249515
0.002166726855129
0.001131503531931
-0.000861571265877
-0.003289208482103
-0.005267438099683
-0.006154860398107
-0.006012908122932
-0.005282511952220
-0.004158798251598
-0.002594367775412
-0.000692896765481
0.001125368902564
0.002370127675494
0.002993130774584
0.003454990204941
0.004134870116122
0.004937947681818
0.005497087558309
0.005504308967281
0.004892286112575
0.003838930917949
0.002524046873468
0.000966099451891
-0.000755991012415
-0.002350004821564
-0.003554138757633
-0.004395414727905
-0.005095916786862
-0.005683592433419
-0.005774871612380
-0.004956834389857
-0.003359789657453
-0.001608159765855
-0.000194365637523
0.000927748388886
0.002109366094218
0.003491293665306
0.004783472518801
0.005513636258062
0.005470058867126
0.004835146795461
0.003826167691655
0.002437535028902
0.000701039119927
-0.001045933313452
-0.002293663062700
-0.002730470151961
-0.002556589273899
-0.002295419048148
-0.002153306161675
-0.001848905808438
-0.001196535186483
-0.000560417761420
-0.000514070834854
-0.001140307640183
-0.001950377281890
-0.002447758657769
-0.002456510361642
-0.002000282632121
-0.001100509641578
0.000299130745225
0.002164362765107
0.004089028517965
0.005351504100397
0.005492673488588
0.004736807722204
0.003632243686576
0.002518783654703
0.001478860234692
0.000559336913386
-0.000100267536955
-0.000475950755996
-0.000951918443185
-0.002072661025735
-0.003875171468580
-0.005672713531525
-0.006649977206484
-0.006555528765063
-0.005765218354724
-0.004764676130530
-0.003594756438815
-0.001913880755373
0.000416739105115
0.003074728573158
0.005560319832832
0.007500003549631
0.008687869040084
0.008925852034666
0.007952249338229
0.005740207312581
0.002787102059883
-0.000135017090456
-0.002496993358791
-0.004235222978971
-0.005495961616944
-0.006179465578381
-0.005883040888943
-0.004433544019633
-0.002363678003175
-0.000649930259752
0.000050673234407
-0.000131075921538
-0.000553128956794
-0.000780065141232
-0.000847320381222
-0.000834484469029
-0.000602501617036
-0.000069852148572
0.000539037723619
0.000864658667221
0.000864432172556
0.000991194356873
0.001674977403213
0.002754534390203
0.003700843479927
0.004282527202175
0.004750818145200
0.005296816288941
0.005528087694954
0.004708576801367
0.002462954935887
-0.000845869647616
-0.004381321408694
-0.007414417162617
-0.009626112720271
-0.010909573364613
-0.011082589294851
-0.009913731013448
-0.007360308780160
-0.003716965320125
0.000476913846090
0.004634266039517
0.008169342796151
0.010480005066191
0.011137760293633
0.010195791493962
0.008247932795070
0.006084398455495
0.004156444875618
0.002304778804321
0.000067048054068
-0.002710053587651
-0.005600114312458
-0.007922284251442
-0.009262147128076
-0.009601035941868
-0.008997783220117
-0.007407531772296
-0.004880123073463
-0.001756764693126
0.001381551092275
0.004016431418229
0.005935485293980
0.007039126544257
0.007091084301528
0.005936111659442
0.003876510928796
0.001653776242399
0.000019532789416
-0.000745935161270
-0.000980290559567
-0.001201910399782
-0.001538778207115
-0.001808420799853
-0.001977756893382
-0.002191282763500
-0.002425330033576
-0.002374882653235
-0.001757881294041
-0.000653815776913
0.000498613638602
0.001265382613602
0.001576955252770
0.001613960104678
0.001407939802244
0.000758449750658
-0.000470749963730
-0.002049173778130
-0.003375757953957
-0.003826773493980
-0.003179557152821
-0.001677545891704
0.000315896827703
0.002540078802138
0.004642378705554
0.005998663520830
0.005986641769766
0.004485330190127
0.002003686950962
-0.000685518014348
-0.003002463123058
-0.004695708294052
-0.005625595695504
-0.005671550504707
-0.004925138558057
-0.003736096341266
-0.002445196507311
-0.001073060167376
0.000619841285680
0.002609017856073
0.004282409373413
0.004871665218085
0.004169418562251
0.002747207133755
0.001478981307924
0.000821333923636
0.000583566402809
0.000364575239704
-0.000003240101460
-0.000484465252715
-0.001075447946051
-0.001854456703777
-0.002792363233489
-0.003538910125834
-0.003591545327103
-0.002816682776570
-0.001590116348383
-0.000349272540987
0.000754177091709
0.001749673529137
0.002543046240324
0.002761407796767
0.002062429132613
0.000631335814978
-0.000864990658564
-0.001807136981698
-0.001974562130649
-0.001504090024901
-0.000620428306643
0.000581454642118
0.002000824443112
0.003195325117934
0.003481586741843
0.002548668124645
0.000739083444008
-0.001347078346097
-0.003257029810766
-0.004707930014167
-0.005446750418275
-0.005191512793693
-0.003845336380096
-0.001831312900726
0.000046946936933
0.001255840242367
0.001858277621212
0.002166171353462
0.002309782902381
0.002168070643961
0.001629224006318
0.000894321603823
0.000391065676880
0.000347402226272
0.000642271789192
0.001105011552553
0.001719056335452
0.002464753863633
0.003089036810163
0.003111692118532
0.002178670111731
0.000425418400848
-0.001627491726789
-0.003493206916268
-0.004917930640916
-0.005748494312294
-0.005799637505861
-0.004922363174905
-0.003184628077115
-0.000987921036715
0.001075584673034
0.002529921193748
0.003130307050367
0.002821655188366
0.001771366248770
0.000443655171641
-0.000419913750996
-0.000142113466017
0.001330592441135
0.003278812750559
0.004718326021956
0.005117289636574
0.004656207593999
0.003765524457727
0.002519074791555
0.000633235904405
-0.002000189721236
-0.004940132054020
-0.007389007750552
-0.008711754962336
-0.008712477529607
-0.007446516285776
-0.005009643767590
-0.001657454523041
0.002025090816482
0.005266965230702
0.007516841286947
0.008676259369782
0.008863525788798
0.008038049622101
0.006004418840897
0.002869186687025
-0.000632856599962
-0.003554395305716
-0.005454479237891
-0.006562532992268
-0.007285719100309
-0.007584069554733
-0.006911236558987
-0.004821995711725
-0.001525884303164
0.002205670612428
0.005603480582875
0.008224347781455
0.009746441997456
0.009777698443315
0.008080964561988
0.004880825825248
0.000802769921430
-0.003490170042630
-0.007518559203618
-0.010772362002532
-0.012393629895402
-0.011451652335085
-0.007780353523530
-0.002429148274610
0.002896179705848
0.006901816759772
0.009239643029147
0.010130484167532
0.009753372397490
0.008135050321633
0.005463490102413
0.002226751082474
-0.001055964639411
-0.004092321747545
-0.006699810381690
-0.008541318267303
-0.009146195414562
-0.008231323949595
-0.005994788827567
-0.003034229894360
0.000148646944884
0.003401929593806
0.006547244391382
0.009056616260539
0.010240417673496
0.009667824313319
0.007517461711991
0.004454885639176
0.001078587915954
-0.002284368243319
-0.005316201833747
-0.007590563094671
-0.008720274365985
-0.008538836173047
-0.007225591107617
-0.005209683226485
-0.002817688907954
-0.000156733794263
0.002587368321122
0.005019460523478
0.006789775916424
0.007795301372050
0.008063937514110
0.007530247724641
0.006014916490041
0.003480697411070
0.000368550318042
-0.002475334884942
-0.004438710725221
-0.005562388908922
-0.006178622560930
-0.006355447401527
-0.005832356078083
-0.004398549857244
-0.002270539105548
-0.000029795320697
0.001894134810122
0.003548357665504
0.005144132035847
0.006551122340664
0.007256327889702
0.006857278504498
0.005433617421313
0.003288592060915
0.000567084847695
-0.002643278922130
-0.005938424970942
-0.008457798089816
-0.009272845549910
-0.008071946646277
-0.005385887180729
-0.002074647132863
0.001249258966827
0.004278453191923
0.006753712599361
0.008313847468276
0.008614386271454
0.007633358295654
0.005781060457433
0.003535084908957
0.001084341164189
-0.001486319928844
-0.003872302904128
-0.005615960851994
-0.006381943977586
-0.006115586254729
-0.005012645011179
-0.003326787558963
-0.001228608747489
0.001069541923359
0.003191089223156
0.004784141895998
0.005746762498099
0.006168769368826
0.006056304037607
0.005145418939887
0.003157236577355
0.000317862630702
-0.002510298118086
-0.004316446806082
-0.004551357998062
-0.003254059080005
-0.000724010907434
0.002683776438818
0.006353937503085
0.009260935420504
0.010407127891101
0.009520433591992
0.007141412968517
0.003990922905020
0.000477186804177
-0.003205487067942
-0.006732405616358
-0.009454148139656
-0.010679182654442
-0.010295500096767
-0.008908824537616
-0.007231869579482
-0.005503626116574
-0.003557633176661
-0.001318259373562
0.000906799009254
0.002698020004191
0.003977762108691
0.004981870409949
0.005819898550696
0.006316506645888
0.006300085879508
0.005814283628309
0.004979841912418
0.003766484458878
0.001992158962836
-0.000373005252933
-0.002934028342679
-0.005063592921615
-0.006361739059194
-0.006851960205378
-0.006774826004306
-0.006269908864500
-0.005398059814732
-0.004466013624732
-0.004059488551233
-0.004588049063377
-0.005836588748915
-0.007071829665646
-0.007663258072617
-0.007557947721581
-0.007083778395252
-0.006352134425453
-0.005064988312106
-0.002998632506369
-0.000436448688328
0.002012609940084
0.003902411067742
0.005225496077355
0.006201796375917
0.006878770394857
0.007115088124038
0.006928806756924
0.006728455349251
0.007070016749297
0.008115411543546
0.009401772872085
0.010199215811760
0.010064858272576
0.008976694627692
0.007010113622653
0.004188284878093
0.000736262524900
-0.002736273317593
-0.005422066920998
-0.006745457720284
-0.006646343501874
-0.005347883143693
-0.002985668998582
0.000247488116718
0.003769932239950
0.006798105926326
0.008830534084029
0.009853921209994
0.010181441109124
0.010060457443289
0.009460343152186
0.008362709294834
0.007065787808894
0.005924589943301
0.004837854036538
0.003222475930206
0.000576103835761
-0.002979121912975
-0.006719786510226
-0.009925821418699
-0.012505807698044
-0.014942482038219
-0.017593252239034
-0.020248744828428
-0.022415056524793
-0.023745263846038
-0.024136719209511
-0.023573892242724
-0.021944212318227
-0.019081018448528
-0.015017745430847
-0.010056520021439
-0.004499380158139
0.001514369641660
0.007851336860861
0.014277746562181
0.020436057895199
0.025785840340432
0.029726733995109
0.031741943587234
0.031391994219962
0.028490203853041
0.023336077880202
0.016609947153245
0.009104637266324
0.001484340625406
-0.005897490488876
-0.012862620289401
-0.019080560700960
-0.024074131219375
-0.027501858083602
-0.029309438166550
-0.029644289156986
-0.028578990531536
-0.025954343453790
-0.021653971184704
-0.015876531817541
-0.008900471286075
-0.000741264604591
0.008682318720246
0.019006281876416
0.029146477560642
0.037671793106604
0.043559685786069
0.046593800256473
0.046958665230924
0.044589693514821
0.039161877700927
0.030653044306105
0.019737207365519
0.007644012844788
-0.004337453721007
-0.015215394594129
-0.024234845891528
-0.030822678377699
-0.034813474279630
-0.036581209776973
-0.036857277708926
-0.036333326365764
-0.035249302336403
-0.033307943431965
-0.029981500199829
-0.024855151111754
-0.017762236524222
-0.008800103352024
0.001626894725358
0.012738331122035
0.023470074380076
0.032816598386267
0.040111684748795
0.044962067034213
0.046999341870245
0.045832627296603
0.041339255244887
0.033959075071409
0.024570532831388
0.014045128005943
0.003011471567741
-0.007969664763796
-0.018147025960540
-0.026606286604198
-0.032691781303006
-0.036454368903525
-0.038504336184013
-0.039279880231746
-0.038616490466774
-0.036149353824142
-0.031856649361851
-0.026031262300266
-0.018911056044900
-0.010460352905272
-0.000605381971260
0.010207199790491
0.020790465736647
0.029628284654910
0.035472531012228
0.037671964637259
0.036135733915862
0.031142640881585
0.023323909524635
0.013721291374986
0.003509933507446
-0.006420907438639
-0.015490084168800
-0.023134853052612
-0.028685676974322
-0.031653422417430
-0.032200239187203
-0.031174536894706
-0.029460370920723
-0.027269009464308
-0.024126437075004
-0.019416684512018
-0.012750532254164
-0.003926611279373
0.007078621763664
0.019761763414705
0.032717961782781
0.043830720720260
0.051102287619995
0.053555695120007
0.051457489065033
0.045727271000541
0.037288065019575
0.027010138811021
0.015957671512771
0.005294016586249
-0.004153131827241
-0.012233482621568
-0.019424437702185
-0.026195821342045
-0.032297953187078
-0.036911676965263
-0.039351539241143
-0.039333313086058
-0.036828099848369
-0.031975916522253
-0.025100804388652
-0.016751953785225
-0.007678310890992
0.001370586518613
0.009841145934714
0.017251781196028
0.022916569365747
0.026140905118028
0.026786026415546
0.025354657713306
0.022505591280329
0.018592529411436
0.013560093308943
0.007286761618194
0.000080558263488
-0.007272843175478
-0.013952020174274
-0.019433317925952
-0.023349207268733
-0.025223114552057
-0.024570718531037
-0.021264187396733
-0.015724071313075
-0.008689632491439
-0.000783840752238
0.007571512922388
0.015840285715948
0.023193154275068
0.028753400055554
0.032073189679492
0.033368768244085
0.033171969442268
0.031689373932384
0.028586340538934
0.023459386132659
0.016367472831313
0.007833122378353
-0.001443551674566
-0.010736726583017
-0.019288571128072
-0.026413907207645
-0.031783293424464
-0.035528030064148
-0.038010966563257
-0.039474367626996
-0.039841719293842
-0.038854714066031
-0.036336103958822
-0.032229065260217
-0.026459537637037
-0.018939356935367
-0.009798904065415
0.000408653451594
0.010795220006911
0.020552003183274
0.029343798651691
0.037151633436103
0.043611688289195
0.047678715339625
0.048218677220998
0.044884714570487
0.038210673600927
0.029013943004873
0.017903635534792
0.005293280565038
-0.008193980482035
-0.021541573108172
-0.033698100344963
-0.043895175660952
-0.051559400590664
-0.056130938475737
-0.057042335274528
-0.053904655760208
-0.046734974925774
-0.035913744776494
-0.021975941513416
-0.005698317610762
0.011587255662056
0.028071281597277
0.042106002576757
0.052845425619410
0.060229967219850
0.064396406523658
0.065266483963222
0.062684619286438
0.056794562997564
0.048130489446945
0.037241293775895
0.024395362362450
0.009886261621906
-0.005402795533834
-0.019860920691821
-0.031666687620488
-0.039609096516303
-0.043510203944824
-0.043808579615896
-0.040927861270953
-0.035341404660458
-0.027954712145879
-0.019990494933000
-0.012486785639894
-0.005897822551774
-0.000155625297242
0.004879862289125
0.009167261967043
0.012654935764669
0.015491975205792
0.017961314643154
0.020234870459444
0.022204863665930
0.023508647815754
0.023740792327932
0.022596272957552
0.019668744793692
0.014301352605446
0.006034030377427
-0.004800661135898
-0.017113277050683
-0.029589767140351
-0.041105754450655
-0.050783591425436
-0.057811302915298
-0.061268131465906
-0.060255331882561
-0.054387762175291
-0.044117672573646
-0.030533542767266
-0.015092386712487
0.000441099352909
0.014220125986422
0.024844772758061
0.031805280107092
0.035462033769679
0.036601286677233
0.035912171917901
0.033715698514715
0.030054937975474
0.024909010758726
0.018210237614787
0.009801780752824
-0.000332998122934
-0.011677227378263
-0.022962048418435
-0.032333502145325
-0.037937033483972
-0.038558446248722
-0.033843656033009
-0.024227941359487
-0.011016471427416
0.003534430475427
0.016746163412397
0.026634478343314
0.032678996243186
0.035611105427382
0.036621750181709
0.036727662952580
0.036569894585199
0.036425817937876
0.036159146657879
0.035085685810843
0.032061981523905
0.026118176527735
0.017285581150656
0.006745672471144
-0.003843276141469
-0.013085571688168
-0.020158921199242
-0.024756485426643
-0.026966969226091
-0.027304986973198
-0.026553239101527
-0.025209395440103
-0.023073766118032
-0.019420267415543
-0.013623316292533
-0.005743359053638
0.003488928067447
0.013218640941574
0.022863182826827
0.031980968997551
0.039901078250220
0.045701927114596
0.048680224950545
0.048667525501144
0.045747823233415
0.039765877573949
0.030152530704506
0.016261840956603
-0.002033929900655
-0.024005020615877
-0.048121159996711
-0.072229549455343
-0.093627293391553
-0.109259377023310
-0.116441761739182
-0.113804012721322
-0.101685531843793
-0.081766125044771
-0.056398833890218
-0.028235343706541
-0.000203085812052
0.024695023851600
0.044095171797191
0.057035412221644
0.063995242930011
0.066263862561022
0.065341562867252
0.062632856544246
0.059231140766019
0.055570833559548
0.051016296952725
0.043909782368715
0.032382677038943
0.015484833394462
-0.006077024915489
-0.029956127783222
-0.052796538945241
-0.071037424543984
-0.081635068694206
-0.082769583378532
-0.074488160785991
-0.058812425418952
-0.038993060974956
-0.018408612836346
0.000222720001289
0.015182669738732
0.025804885156418
0.032390793973436
0.035999991318042
0.038075610607466
0.039943716623175
0.042312099956707
0.045110080433250
0.047885161649880
0.050238335749701
0.051688386761942
0.051316107592982
0.047944552724424
0.040858225907656
0.030302212654591
0.017228939487265
0.002737958879880
-0.012113256665178
-0.026174398361311
-0.038044011699702
-0.046126791580923
-0.049133151218256
-0.046617307156394
-0.038955982800311
-0.027032114833281
-0.012093084254643
0.004257046289756
0.020069228094711
0.033302123391066
0.042381985695496
0.046477580332847
0.045249025597374
0.038720359920485
0.027602355593864
0.013592100555103
-0.000938955050614
-0.013915179961953
-0.024449251883978
-0.032842911253620
-0.039756777061536
-0.045441361645781
-0.049707941681476
-0.052294018492174
-0.052907936117978
-0.050935727730140
-0.045451364184412
-0.035893768534522
-0.022782840671530
-0.007617912004434
0.007845656526166
0.022143968788267
0.034193368569640
0.043110601161359
0.048118487743348
0.048755111555550
0.045105324429049
0.037716696066387
0.027317746112303
0.014725049467260
0.001115497105526
-0.011762683033688
-0.022013265364664
-0.028450464814057
-0.031071035638833
-0.030738730901920
-0.028466975560370
-0.024888229646508
-0.020254361451844
-0.014817893313182
-0.008971740996924
-0.003009484774411
0.002956594494268
0.008807516235454
0.014313580928713
0.019272574743309
0.023717317440731
0.027833138484332
0.031507678981504
0.033944744797289
0.033909004114698
0.030508401679749
0.023667587422137
0.013977246093836
0.002438730457140
-0.009552169736192
-0.020108760759075
-0.027035735887492
-0.028549824712028
-0.024136508231218
-0.014745947123881
-0.002203624109687
0.011420350976010
0.024073609022232
0.033830961054647
0.038996620016854
0.038362710978502
0.031622414883992
0.019448116300067
0.003120665587342
-0.015742181641840
-0.035197639279988
-0.053129772246396
-0.067646497868370
-0.077513427624674
-0.082366629708052
-0.082325213221699
-0.077317674107787
-0.067040448249127
-0.051444544144055
-0.031030833491706
-0.006867894617171
0.019602075685325
0.046826103155821
0.073116221151258
0.096574579048713
0.115437825878256
0.128505169894667
0.135077972528702
0.134537838446252
0.126152321224929
0.109468942762871
0.085005661733602
0.054557091849011
0.020796293222861
-0.013539276040919
-0.046256237570482
-0.075784132345880
-0.101176187266227
-0.122297424965831
-0.139603310168708
-0.153213346661113
-0.161924881504943
-0.163075753843831
-0.153541670764834
-0.131275499983495
-0.096533175308690
-0.052167113591287
-0.003008122500989
0.045075480449366
0.086193546852417
0.115589697719397
0.130665135854202
0.131444058655139
0.120275435737553
0.100944013560575
0.077734784226053
0.054857817102022
0.035936878029963
0.023153625562508
0.016538505096006
0.014133974716422
0.012971763084636
0.010332332569425
0.004640963066139
-0.004317786440819
-0.015507972998962
-0.026794150708554
-0.035471233542262
-0.039426043760683
-0.038283959783308
-0.033601428127060
-0.028033743013417
-0.024112585803280
-0.023356492604772
-0.026136331059476
-0.031982785445581
-0.039646230619678
-0.046967261294387
-0.051272757944580
-0.050343973551122
-0.043324655346979
-0.030979396250434
-0.015064630480047
0.002555669595271
0.020212811982423
0.036330968270253
0.049557542032893
0.059118482656043
0.064902548673224
0.067169777279906
0.066231117126028
0.062328036675366
0.055745222954295
0.046935412956304
0.036263270759902
0.023558249086744
0.008226759475558
-0.009935005208234
-0.030000698142250
-0.049893517247145
-0.066929359140988
-0.078472463535864
-0.082549452247333
-0.078354680749370
-0.066537794928048
-0.049266311851456
-0.029843565198964
-0.011662740932566
0.002975655172319
0.013415368310531
0.020450483186041
0.025780167646347
0.031568501595093
0.040045732526439
0.052675416263898
0.069176559870277
0.087301155207600
0.103591539529696
0.114556129423425
0.117584719506017
0.111194012759384
0.094785080460034
0.068592021734144
0.033985546116679
-0.006442857090195
-0.049233294188809
-0.090528647912617
-0.126459476994896
-0.153477614550909
-0.168836166202054
-0.171216128283444
-0.161028334382652
-0.140081293635162
-0.110926079559819
-0.076341068810017
-0.039118801653887
-0.002007135892919
0.032499433784936
0.062600335331999
0.087457746675207
0.106925178416604
0.120938393599343
0.129023992232422
0.130240594455653
0.123527882565848
0.108118863916440
0.083958593351629
0.052225150590384
0.015616732829064
-0.021909476875593
-0.056022020857379
-0.083271825679232
-0.101866658502050
-0.111467129906693
-0.112534481065064
-0.105900181266394
-0.092696366988999
-0.074413381799193
-0.052696844400053
-0.028878762144137
-0.003897456241025
0.021218186224767
0.044972580965436
0.065507291987841
0.081024118882377
0.090173171716079
0.092112851287961
0.086455006439416
0.073525282970789
0.054720062625981
0.032297816881649
0.008645755794872
-0.014321563438786
-0.035211019999877
-0.052693756292984
-0.065174887719669
-0.071128602767353
-0.069682869276690
-0.060863803712237
-0.045540079939901
-0.025326581392054
-0.002572647450887
0.019693007929278
0.038211105572959
0.050425464832572
0.055346782209288
0.053656014823025
0.047230671983397
0.038674380110405
0.030793744626935
0.025880390045674
0.024947275773861
0.027146603429487
0.029865728211670
0.029788456852591
0.024295862199827
0.012266475398259
-0.005823304855779
-0.027987268073449
-0.050923725665105
-0.070690809792959
-0.083988215798882
-0.089380065154354
-0.087514184140851
-0.080269784346702
-0.069647650320953
-0.057152361693652
-0.043785824588739
-0.030262154917553
-0.016994007118214
-0.003880941865987
0.009649038920525
0.024214887386652
0.039939945023919
0.056155707913029
0.071597638516608
0.084761064184866
0.093983479133609
0.097506972079598
0.093935652782804
0.082866536936069
0.065039442540953
0.041853461447423
0.014867906019302
-0.014218005059231
-0.043275216715866
-0.069621579484221
-0.090386764297131
-0.103261880380534
-0.107132649622207
-0.102232162685112
-0.090012689705832
-0.072936594577388
-0.054009339596825
-0.036041568354136
-0.020891449687428
-0.008992247885499
0.000491668790371
0.008936612324495
0.017580110372031
0.027288799630152
0.038476270166363
0.050865146874082
0.063367203494477
0.074462878624408
0.083024444822470
0.089045263387406
0.093543029877248
0.097587949778790
0.101402814605115
0.104237237549043
0.104729405529233
0.101290993368540
0.092347698907223
0.076501024386550
0.052990629341099
0.022347480214106
-0.013590506219200
-0.052365244505453
-0.091543672376693
-0.128950312202911
-0.162504400505802
-0.189999327993224
-0.209245373030337
-0.218370482636371
-0.215879818935062
-0.200646613136220
-0.172268449712348
-0.131825518488786
-0.082382715676171
-0.028447800268107
0.025378751993253
0.075397403856100
0.118822354182603
0.153319974602088
0.176908257201100
0.188455150302549
0.188204881860218
0.177790147000146
0.159841925711326
0.137447075785985
0.113535248237569
0.090344422968664
0.069053631443466
0.049536178957997
0.030525603330444
0.010585948596853
-0.010706860578126
-0.032461008658480
-0.053112619091517
-0.071308416683536
-0.086430951403319
-0.098537839054479
-0.108035132339546
-0.115414561746481
-0.120964021022712
-0.124503277841792
-0.125354405443312
-0.122584941288383
-0.115549298896448
-0.104428704929771
-0.090087614196676
-0.073284257534036
-0.054108012401581
-0.032110300485695
-0.006851326940433
0.021599246898510
0.052469463083076
0.084335815369467
0.115246571363372
0.142965395122290
0.165420932130262
0.181153145584108
0.189438435580976
0.190001922020581
0.182542358299466
0.166541419006124
0.141618781673003
0.108039797294755
0.066892009410949
0.020007912314647
-0.030099563866866
-0.080282263176855
-0.126994939138466
-0.166867116544808
-0.197321517184657
-0.216667614472933
-0.223660334722792
-0.217228735661865
-0.196835744989534
-0.163300790170343
-0.119416218995700
-0.069656738970076
-0.019171490766518
0.027219192544556
0.065729666070128
0.094109187191363
0.111985437389625
0.120769084191627
0.122837899696974
0.120298607021022
0.114084056414705
0.103955849566524
0.089160912720412
0.069129760281729
0.044122016770506
0.015720183171103
-0.013185428554694
-0.038877349900679
-0.057703373245527
-0.067385096638113
-0.067949403875032
-0.061346135478579
-0.050084001131837
-0.036147549018477
-0.020807202999117
-0.004931672966281
0.010639358531375
0.024906635057591
0.036807126518777
0.045339456600342
0.049650853304373
0.049428446640552
0.045410090973235
0.039311758138797
0.033093340858629
0.028091378178885
0.024484116471353
0.021410328387384
0.017593163043205
0.011875987375919
0.003467101713155
-0.007843964062385
-0.021392207518635
-0.035623267788774
-0.048708403751361
-0.059320751386724
-0.066832656956503
-0.070955312919126
-0.071373361498304
-0.067830200395782
-0.060591063511528
-0.050677417766386
-0.039465260692518
-0.027995118412316
-0.016624438755200
-0.005124704472529
0.007044527149254
0.020484391698928
0.035700983316926
0.052806035872591
0.070960182763861
0.088085963487152
0.101434557715807
0.108769191359464
0.109162868266987
0.102887085147031
0.090857707571209
0.074188403089096
0.053998282333550
0.031340952486763
0.007097144576644
-0.018080436988670
-0.043573644846466
-0.068425912278351
-0.091199045446263
-0.110287111186532
-0.124368091095584
-0.132579259240572
-0.134341820060223
-0.129153885757834
-0.116802709841821
-0.097855332678901
-0.073655912533327
-0.045660071095586
-0.014988290037759
0.017277427047740
0.049581977958766
0.079705162221918
0.105033974188522
0.123210679379303
0.132620430553941
0.132400181060856
0.122396376293011
0.103376240747272
0.077187037840191
0.046500764610609
0.014157395617154
-0.017515416154451
-0.046916428587654
-0.072845152002400
-0.094189517905036
-0.110044454773444
-0.119914331409727
-0.123514333259481
-0.120387999962563
-0.109958819509840
-0.092088870534630
-0.067577578729862
-0.038151032425874
-0.006041509421515
0.026403949121465
0.056846191101362
0.082977429555560
0.102696754990530
0.114481274539897
0.117660085603338
0.112323257234592
0.099111335366318
0.079216596033966
0.054508277308550
0.027460999925820
0.000702903074201
-0.023560280167320
-0.043787254833196
-0.058905102235802
-0.068004181270990
-0.070416650491305
-0.066190086603448
-0.056333700169023
-0.042537473679754
-0.026707708062542
-0.010662420341979
0.004018279447823
0.016164477939835
0.025304864728265
0.031857903829411
0.036732263083346
0.040459685613936
0.042805618091289
0.043222742195784
0.041493544030676
0.037924315955469
0.033060090745653
0.027291987331727
0.020687766999857
0.013041450646857
0.003955629287413
-0.007019910835975
-0.019959494938683
-0.033904871722035
-0.046583726468889
-0.055000768617347
-0.056622261871286
-0.050456082256979
-0.037481780345380
-0.020169424498768
-0.001434064511616
0.016088881159550
0.030172385122740
0.039167269083243
0.042403382953270
0.040230055965928
0.033548468353700
0.023333026641093
0.010512630993692
-0.003731285274443
-0.017695377474662
-0.029502475842201
-0.037758080825257
-0.041835090791146
-0.041760191179739
-0.038018525453535
-0.031449240753777
-0.023133402354173
-0.014122416078303
-0.005124806087409
0.003598000247701
0.011951971937488
0.019492824497534
0.025267317306453
0.028329063965155
0.028391341492512
0.025914768248933
0.021681170720736
0.016456060201661
0.010956108623942
0.005824241434603
0.001344345778872
-0.002945998629703
-0.008164603202138
-0.015292226321994
-0.024298935450535
-0.033957079036612
-0.042443511896057
-0.048213285905089
-0.050548322912192
-0.049513823296919
-0.045593379848002
-0.039427971090874
-0.031610985557619
-0.022280619759105
-0.010740855400172
0.004272416327495
0.023609591663167
0.046755004678922
0.071624022050980
0.095184454350638
0.114381570995509
0.126787472672942
0.130855629365824
0.126002981775662
0.112648585509505
0.092019885106845
0.065701987545472
0.035420756269254
0.003298406268299
-0.027793133207139
-0.054337166217726
-0.073142919644576
-0.082759413153704
-0.084164774440038
-0.080176764730173
-0.074129901105444
-0.068694232247375
-0.065239623920323
-0.063654989119177
-0.062534100998875
-0.059775470866084
-0.053614407702215
-0.043778877636444
-0.031962863004986
-0.020944372866436
-0.012847999892457
-0.007946646940994
-0.004681615246790
-0.000468508299689
0.007282201053482
0.020224179303338
0.038424168363047
0.060192204064947
0.082395178617049
0.101224400547404
0.113345497854859
0.116725531086192
0.110523550826690
0.094667415436089
0.069939221555736
0.038308520205296
0.002837189320543
-0.032886816938793
-0.065344255108835
-0.091439776259610
-0.108710122526262
-0.115632933040655
-0.112117273486088
-0.099816839078288
-0.081784293815735
-0.061508841536642
-0.041849122258936
-0.024465237426694
-0.010067462717767
0.000986795984874
0.008475619481601
0.012401235220939
0.012910800243082
0.010151928366346
0.004434306819495
-0.003348213303697
-0.011436698574192
-0.017486398807086
-0.019363201260453
-0.015821002307900
-0.006587540331499
0.007902828219465
0.026611320374508
0.047755259124817
0.068818449005003
0.086975887387157
0.099798789299313
0.105819599318328
0.104621143164349
0.096657479550375
0.083184252095708
0.066161761584699
0.047786068638455
0.029729365597139
0.012580920999700
-0.004033315313459
-0.020687849812912
-0.037424716167419
-0.053646011327051
-0.068474417693263
-0.081051475781701
-0.090533133528857
-0.096000558850122
-0.096633753210195
-0.092060511680072
-0.082439559416573
-0.068183232225737
-0.049800598038688
-0.028197789164531
-0.005048447288659
0.017283386074189
0.036273348972728
0.049814838169511
0.056402498651159
0.055001915992710
0.045195243764668
0.027713053915270
0.004685028180486
-0.020755769687996
-0.045127707654097
-0.065207773936387
-0.078436127910981
-0.082960890612910
-0.077779351608361
-0.063212367086554
-0.040932685448441
-0.013261068266822
0.017522165888689
0.049374921933397
0.080398259656511
0.108765214056855
0.132766883952524
0.150904036879403
0.161892437280967
0.164452115444346
0.157191092580086
0.139136130987486
0.110554255122477
0.073107459968074
0.029334073618882
-0.017837674675716
-0.065315661950900
-0.109928283662478
-0.148558048065728
-0.178496725112225
-0.197886703231375
-0.206028649896180
-0.203341850657223
-0.190963296599429
-0.170364437959754
-0.143093858999218
-0.110526503382178
-0.073735431069889
-0.033564764147946
0.008966829268438
0.052061438189891
0.093118744080878
0.129493402535704
0.159211110202670
0.181092066930336
0.194424952298408
0.198662329574483
0.193469802878844
0.178853195429714
0.155091380708214
0.122731699319457
0.082848372661750
0.037499399519275
-0.009952997587391
-0.055165033691460
-0.093798439590875
-0.122760065172419
-0.141074781772696
-0.149749292289280
-0.150967666797937
-0.147336032459412
-0.140946722484907
-0.132290262421752
-0.119868359729606
-0.100994621143877
-0.073639859469537
-0.038266202611363
0.001826063897741
0.041675182097242
0.076282130536673
0.102019055608180
0.117449890153006
0.123365131005449
0.122163931578806
0.116783537693148
0.109486900658432
0.100953206857922
0.090259114867471
0.075945306873610
0.057200951260041
0.034214462189027
0.007995912277988
-0.019747304413159
-0.046672738993022
-0.070000553935194
-0.087086455790532
-0.096345108969955
-0.097732896609193
-0.092305296784684
-0.081610235782668
-0.067482466622324
-0.051868238075289
-0.036513640325546
-0.022708392941148
-0.011097875119358
-0.001687234655927
0.005862632969070
0.012055973232818
0.017663829659418
0.023600657143494
0.030404656198792
0.037742459020306
0.044281198928219
0.048158590122027
0.047977887533386
0.043476499963310
0.035314836797070
0.024622584617680
0.012798461657664
0.001299503043682
-0.008700871954740
-0.016645901660910
-0.022710723345404
-0.027440113278131
-0.031084264337785
-0.033300574814756
-0.033534012842186
-0.031603782503604
-0.027872265461527
-0.022879260269380
-0.016866438468613
-0.009657759849701
-0.000876199346228
0.009797015759155
0.022483761114216
0.037030939702742
0.052782673582192
0.068282549002762
0.081326143555047
0.089511237076743
0.090883250164904
0.084145153924498
0.068553650216245
0.044132332097627
0.012192656552425
-0.024489032185508
-0.062172232809817
-0.097138935197521
-0.126556865526056
-0.148610880283368
-0.162138303636589
-0.166412335685622
-0.161147667838928
-0.146601357283162
-0.123652497241027
-0.093605691321124
-0.057959769682510
-0.018497802769749
0.022681471924570
0.063447916442498
0.101854794655847
0.136050046725054
0.164007605787996
0.183393274927990
0.191919881990856
0.188016309844681
0.171303254610765
0.142772878748363
0.104737363776198
0.060609282240133
0.014630077090482
-0.028659168271989
-0.065270356452151
-0.092509641196863
-0.109255226734697
-0.115705060990744
-0.112994013295352
-0.103108484667098
-0.088686594060693
-0.072331378843672
-0.055851718590844
-0.039852851514327
-0.023934427082127
-0.007488135090284
0.009642117450236
0.027098925372422
0.044078241210001
0.059283074835913
0.071023836092126
0.077676772190926
0.078489069635846
0.074103724885252
0.066156554187543
0.056310733104446
0.045498844194587
0.033763549223180
0.020767744665946
0.006454747975011
-0.008840049542809
-0.024581957357202
-0.039955237913959
-0.053721462307115
-0.064553479681856
-0.071743389645625
-0.075536587319158
-0.076742783878680
-0.076070262015928
-0.073777290441883
-0.069870142525685
-0.064316665266355
-0.056786321828037
-0.046560992638066
-0.033042549047269
-0.016242992270742
0.003044100549924
0.023448478183714
0.043657855010389
0.062771857365965
0.079911160952248
0.093659164574178
0.102085671935936
0.103635821580735
0.098154249817846
0.086900307570494
0.071690316286949
0.054213923588790
0.035834841831473
0.017514844239040
-0.000357782487959
-0.018121642425799
-0.036490746141974
-0.055567082111854
-0.074117561460494
-0.089852132835998
-0.100337496635281
-0.103916339075876
-0.100182788290723
-0.089840716645884
-0.074366716959673
-0.055762244161842
-0.036149354930828
-0.017231554118623
-0.000003657041048
0.015090538479282
0.027779476992710
0.037835328794231
0.045295300098356
0.050696182781369
0.055098013716290
0.059745463775328
0.065424300227768
0.072088466041625
0.078977259329174
0.084796783579285
0.087848627867160
0.086256857139233
0.078457620261118
0.064086901419943
0.044551149221648
0.022444025615038
0.000414772579715
-0.019431914065118
-0.035503916878049
-0.046653646953719
-0.052502514636291
-0.053834598768866
-0.052389706629591
-0.050137413313745
-0.048730796859150
-0.049377067213418
-0.052847518624177
-0.059348877496522
-0.068205638583505
-0.077704625747594
-0.085480287744612
-0.089319463529048
-0.087897592480776
-0.080968716269189
-0.069060717931853
-0.053228807785626
-0.035005333508891
-0.016168043881006
0.001846080772406
0.018545285405380
0.034324834941313
0.049623933580175
0.064199617667450
0.077162363638192
0.087392499379476
0.093896997752239
0.096074496699215
0.093776609800797
0.087215719777718
0.077107450719983
0.064787698291073
0.051734442326943
0.038991312353833
0.027150158484939
0.016577603191420
0.007451082274721
-0.000383379005561
-0.007453086216946
-0.014311712387161
-0.020969817719684
-0.026687233202495
-0.030491004521806
-0.031977185358376
-0.031510883369016
-0.029725201009344
-0.027032868942374
-0.023560164279688
-0.019467870692753
-0.015354211764154
-0.012219033037198
-0.011076531312544
-0.012716684943269
-0.017567792952530
-0.025509251584620
-0.035749320863581
-0.046894253045936
-0.057336404270615
-0.065792962869415
-0.071544118489632
-0.074188832344707
-0.073237353366001
-0.068108493693168
-0.058587209218713
-0.045092594135233
-0.028431403156698
-0.009381770276173
0.011523611755824
0.033827928897293
0.056776296147128
0.079322842101053
0.100497828921379
0.119298522064717
0.134157588647137
0.142990391365380
0.143842980932582
0.135534291927026
0.118123653072147
0.092887294694386
0.061727345864137
0.026759723701252
-0.009597656238066
-0.044626327052798
-0.075692499672623
-0.100765518114903
-0.118695738956304
-0.128916617134916
-0.131059997741360
-0.125201741980887
-0.112259909819853
-0.093869354270706
-0.071918310842595
-0.048187744477228
-0.024253469469297
-0.001475417732931
0.019024738209055
0.036342075993817
0.049821307383038
0.059074865462840
0.063814122520829
0.063798367588339
0.059215005379526
0.051055698475803
0.040886447645011
0.030140966541976
0.019638388545847
0.009823512951220
0.001321426634887
-0.005009474514018
-0.008467906246295
-0.008783607339631
-0.006203208528413
-0.001443207880140
0.004484602388599
0.010412455856823
0.015195157677685
0.018014882293175
0.018469155273443
0.016360872844058
0.011539083549668
0.003888880055891
-0.006466435906949
-0.018736564574763
-0.031370286370563
-0.042612489683064
-0.051116815021645
-0.056052590043042
-0.056912750118341
-0.053510338260154
-0.046155831436848
-0.035661376410203
-0.023070498896777
-0.009242619699281
0.005365034040675
0.020378532748306
0.035026076026263
0.048135638612057
0.058546483829216
0.065478746181272
0.068601522077694
0.067798557751292
0.062975081983928
0.054331813835172
0.042760246070331
0.029581731528456
0.015889121917128
0.002279991429991
-0.011002570102742
-0.023770813005678
-0.035627784366125
-0.046034664015356
-0.054436442873928
-0.060013654471975
-0.061550096161371
-0.057900670213762
-0.048695085995027
-0.034827834483025
-0.018326653768510
-0.001492408886153
0.013865533298874
0.026514279608189
0.035747776860435
0.041686861047768
0.045519579158966
0.049048816584019
0.053695575567218
0.059743483521597
0.066341594829512
0.072229233134586
0.076473406700677
0.078432250530116
0.077376453603652
0.072671349165913
0.064263223498491
0.052707433161387
0.038673793005287
0.022349130778073
0.003320338846926
-0.018712387642490
-0.043097452665709
-0.068211496014089
-0.091960109897917
-0.112143014843995
-0.126729967068832
-0.134140706409800
-0.133491231935203
-0.124851188500447
-0.109249390497382
-0.088242545851766
-0.063524133680882
-0.036941294075584
-0.010671448701757
0.012810716233481
0.031194481212386
0.043008022567553
0.047917970745521
0.046490173054673
0.039799464700539
0.029217803530317
0.016376067315495
0.003024113696032
-0.009359621769222
-0.019887918368278
-0.028178433727378
-0.033987647050228
-0.036978501544411
-0.036867303132799
-0.033638954122327
-0.027407346695690
-0.018113228691753
-0.005533465984700
0.010292617288793
0.028620815278033
0.048072041981184
0.067103186867507
0.084256046395289
0.098031655231945
0.106825634068410
0.109316745440494
0.105084386065253
0.094745252267362
0.079491739611567
0.060613377792546
0.039401627756652
0.017476929380056
-0.003005558836783
-0.019927003961262
-0.032116965910991
-0.039704018858859
-0.043732450360795
-0.045538993013702
-0.046435148674872
-0.047646726356504
-0.050108056676674
-0.054085529430252
-0.058927874616051
-0.063246159643606
-0.065578228042212
-0.065090193220495
-0.061764992462661
-0.056102950986200
-0.048771696014295
-0.040390767797941
-0.031337301907191
-0.021485168597559
-0.010029181158966
0.004166014191961
0.021654688095053
0.041719385703914
0.062554694267622
0.082082821719671
0.098645823277727
0.111073179218528
0.118344361437003
0.119468389772314
0.113695211907288
0.100670032901678
0.080470366115115
0.053682209906640
0.021601343156793
-0.013446015127889
-0.048187198542854
-0.079217767942411
-0.103910408325384
-0.120861972830501
-0.129867812885056
-0.131506548795417
-0.126664953882658
-0.116345101585022
-0.101535177850754
-0.082876395723134
-0.060598876286562
-0.035151904551360
-0.007865504680176
0.019176655183911
0.043915063879278
0.064982874216756
0.081628761545683
0.093154387230580
0.098733074705270
0.097677075751795
0.089686376657719
0.075021820954838
0.054436456408101
0.028901933759338
-0.000191761492447
-0.030544540638677
-0.059114998224550
-0.082913714270313
-0.099794973201694
-0.108851914156486
-0.110190043132649
-0.104504563743788
-0.093065000597482
-0.077757228609338
-0.060585754431215
-0.042981137896334
-0.025567292621425
-0.008423271428469
0.008449272314751
0.024839964175581
0.040449857727415
0.054986491231037
0.067936030299560
0.078412393467098
0.085366099345894
0.088095777344017
0.086705915906557
0.081951853923114
0.074627396181424
0.065260110188648
0.054329663562037
0.042519442506652
0.030560867811789
0.018823101071564
0.007224453907518
-0.004297327903978
-0.015295662027637
-0.024872612102504
-0.032103417720494
-0.036330138604248
-0.037166456236308
-0.034490657140643
-0.028679315380536
-0.020844479509362
-0.012645479121239
-0.005616454605975
-0.000486604909710
0.002891551223339
0.004995950442774
0.006113910983892
0.006315276470511
0.005682688157413
0.004330724466214
0.002234718754200
-0.000756154793809
-0.004569510687235
-0.008504983699060
-0.011287108146631
-0.011735421717028
-0.009537427416319
-0.005419884575334
-0.000581809341155
0.003967849856813
0.007558695601473
0.009649444591109
0.009772922346558
0.007795135994042
0.004167539773531
-0.000106538635487
-0.003807109146163
-0.006006712202310
-0.006352168291813
-0.005066626310464
-0.003064395560937
-0.001896182968134
-0.003081727112828
-0.007255426435597
-0.013784737878715
-0.021136242391200
-0.027710912936602
-0.032396766968258
-0.034531069583977
-0.033713979505301
-0.029778383154987
-0.022865967767448
-0.013493062591488
-0.002350506285391
0.010042616279083
0.023199122910102
0.036122116224999
0.047238613129134
0.054989238694982
0.058416611220017
0.057314770481992
0.051990506980989
0.043003063747864
0.031261869599280
0.018227668296239
0.005626523455853
-0.005158645285242
-0.013377229328352
-0.018688118743375
-0.020714399678978
-0.018937702813841
-0.013112293511508
-0.003611320296083
0.008709580684566
0.022847450055011
0.037749642362479
0.052143375749488
0.064445639155357
0.073007066096764
0.076628043300318
0.074927630431313
0.068112596735102
0.056354369477600
0.039515521533912
0.017576533491308
-0.008814321712073
-0.038337351511997
-0.069247494779674
-0.099428248382945
-0.126485062432202
-0.147990849723602
-0.161791841053586
-0.166535414661583
-0.162156325698905
-0.149692244844031
-0.130642321648298
-0.106595670319452
-0.079239517943754
-0.050379224459302
-0.021661958154002
0.005857375874599
0.031715330387062
0.055466049308964
0.076200358004492
0.092707482215298
0.104094499907781
0.110197133431267
0.111333012875457
0.107744061891366
0.099502292854974
0.087006010471185
0.071299991231184
0.053796400445641
0.035900806647687
0.018904504284130
0.003958926053909
-0.008015853029784
-0.016553878087995
-0.021932808144206
-0.025043631095274
-0.026716289107881
-0.027310655780189
-0.026930317793944
-0.025729736930844
-0.024054649488978
-0.022379348979435
-0.021101828446826
-0.020507097314669
-0.020820903516362
-0.022064965643452
-0.023795273539613
-0.025025979046018
-0.024675605381464
-0.022351262914135
-0.018628016256836
-0.014537739383575
-0.010962940854533
-0.008490079446500
-0.007537506211309
-0.008419287254652
-0.011215169116741
-0.015470212569598
-0.020187097882704
-0.024355475981411
-0.027261777747273
-0.028184020759314
-0.026171485287001
-0.020328258049167
-0.010248230402851
0.003819638656019
0.021175326931123
0.041001309337638
0.062458896938632
0.084387173064482
0.104943667006963
0.121777089032382
0.132713258513563
0.136328372057647
0.132102415227130
0.120344429646674
0.102165833029384
0.079475479317746
0.054581593402168
0.029375642994285
0.004669510708203
-0.019849372152959
-0.044855453831939
-0.070316416095672
-0.095127690807661
-0.117480394179557
-0.135240909319397
-0.146282904001659
-0.149055024676285
-0.143159811863317
-0.129537336198003
-0.110146389521725
-0.087289212103847
-0.062948469880160
-0.038609706308930
-0.015603077732424
0.004705472448125
0.021319552049936
0.034013127133353
0.043103435274780
0.048979518297723
0.051969406778481
0.052551610574578
0.051588019306877
0.050191846802557
0.049207303250902
0.048825483822705
0.048718324447220
0.048450602673833
0.047654233531357
0.045887649030522
0.042601222281273
0.037366271940914
0.030173679169237
0.021580344554339
0.012445721661197
0.003495412888476
-0.004683360905012
-0.011421796878577
-0.016179892648104
-0.019061671543765
-0.021005957541543
-0.023360372964526
-0.027059332040101
-0.032084889195316
-0.037784589329226
-0.043558762603151
-0.048973095398851
-0.053313212805414
-0.055284980310574
-0.053361642049883
-0.046651432034352
-0.035402798220445
-0.020649006860661
-0.003647333424125
0.014285532793163
0.031684114591044
0.046955766740647
0.058680180344738
0.065918368655636
0.068187748458962
0.065268080866496
0.057263335619073
0.044955790781948
0.030004738783093
0.014532234257400
0.000220893443786
-0.012264688850892
-0.023004132966928
-0.032132786319056
-0.039407172114204
-0.044263129535599
-0.046189132822914
-0.044989204930756
-0.040745839318480
-0.033786084819524
-0.024825126612537
-0.014976998110934
-0.005426008997351
0.003007060090579
0.009949368809771
0.015097732733194
0.017933503058964
0.017986430756404
0.015386967708708
0.011095370822065
0.006518743684724
0.002900476898573
0.001037135028201
0.001407977857638
0.004347153798267
0.009981141614312
0.018038584769353
0.027719490826428
0.037791663012335
0.046882901708448
0.053624150138574
0.056662213290767
0.054967800314681
0.048350271777143
0.037629919582673
0.024288168556487
0.009825211183223
-0.004700314812884
-0.018493281398750
-0.030601574389906
-0.040040450917598
-0.046228114672026
-0.049070414051036
-0.048762568998634
-0.045538176760051
-0.039533518939936
-0.031108758368664
-0.021379950498980
-0.012199041627197
-0.005507182855099
-0.002676191181158
-0.004174328839066
-0.009502568237002
-0.017280454661885
-0.025467612670507
-0.031912486295517
-0.035098526015947
-0.034502945012032
-0.030282451501851
-0.022683637868042
-0.011875652055162
0.001665203922716
0.016765131577401
0.031608190362492
0.044313981875396
0.053613343098326
0.058984328427322
0.060330125089366
0.057761575454335
0.051602767148985
0.042366084263786
0.030534244910616
0.016274027390328
-0.000504952779721
-0.019563188914710
-0.039805408935623
-0.059451709549830
-0.076657903758906
-0.089965028414646
-0.098352520688397
-0.101119641638471
-0.097964165560591
-0.089233519186492
-0.075852939886990
-0.058719013426376
-0.038149218704309
-0.014101949442516
0.013007885373587
0.041739068622609
0.069744711272487
0.094311860363191
0.112918791455684
0.123649372051454
0.125422022656277
0.118147854528349
0.102851858333063
0.081356197711083
0.055507002215123
0.026765399049683
-0.003383753880487
-0.032765786289408
-0.058421701928492
-0.077279332694098
-0.087046484022459
-0.086749127591360
-0.076671628740603
-0.058017969100115
-0.032951842757712
-0.004695638398951
0.023143538771012
0.047623659102925
0.067013139086524
0.080672920169112
0.088526812699701
0.090581273817163
0.086857621561650
0.077599235810869
0.063383471724375
0.044994951186669
0.023401891085571
0.000084908864596
-0.022854865585446
-0.043255366103125
-0.059595989375299
-0.071278817597793
-0.078340190586378
-0.080835948024519
-0.078686596377066
-0.072212951163924
-0.062548526521895
-0.051371795670985
-0.040247146861036
-0.030225668058877
-0.022050172081035
-0.016460910882098
-0.013983218806463
-0.014565494765024
-0.017656506209625
-0.022490296037812
-0.028225851748367
-0.033960165702598
-0.038615276928162
-0.040913533886157
-0.039735637643544
-0.034528074831372
-0.025284894020953
-0.012273287897376
0.004019787149390
0.022568347748186
0.041407462067650
0.057743799581815
0.068937771939474
0.073701715959898
0.072492949601913
0.067055613240605
0.059659982970194
0.052373453333377
0.046507767277106
0.042247017393082
0.038548358055112
0.033637020992133
0.026015637063753
0.015183160200263
0.001606560141311
-0.013591203148604
-0.028816096072216
-0.042051382831795
-0.051033370945994
-0.053936628642044
-0.050173304476434
-0.040525213250016
-0.026582751902125
-0.009937321469497
0.008305500084383
0.027291208318688
0.045848772294166
0.062398643551203
0.075440884353359
0.083891653235034
0.087026341644495
0.084558247820578
0.076870311823435
0.065014390328832
0.050399472942286
0.034184380536261
0.016758696664695
-0.002038833716735
-0.022153495298751
-0.042918551641041
-0.063348752123790
-0.082555066376944
-0.099815849259911
-0.114385371111899
-0.125358090344061
-0.131953553472617
-0.134051953652429
-0.132163067890724
-0.126651218638381
-0.117166604180682
-0.102965038504173
-0.083601684858677
-0.059316939021953
-0.031053333520779
-0.000233450962067
0.031421881272970
0.061875484456538
0.088966393726928
0.111000468519956
0.127201993865463
0.137607995923183
0.142539136691443
0.142077236792685
0.136032821290828
0.124354042449217
0.107365915339755
0.085623563971239
0.059849140552599
0.031207120388579
0.001478990739374
-0.027184688049460
-0.052740357716867
-0.073663846554926
-0.088967388738449
-0.097870944265373
-0.099777423778507
-0.094718473289414
-0.083717271487944
-0.068668885846519
-0.051745411164673
-0.034795244264741
-0.019187669241001
-0.005807978619705
0.005145185790485
0.014234236591738
0.022397138994955
0.030293945021553
0.037819169780071
0.044216870528058
0.048762246397945
0.051287335373253
0.052113398919473
0.051731700643766
0.050631798539744
0.049247670995344
0.047773020621522
0.045780494714040
0.042007624747629
0.034871097764108
0.023642348550697
0.009258640568284
-0.006047822959537
-0.019922109977505
-0.030939364217108
-0.038867831176020
-0.044107671358220
-0.047107075024522
-0.048296849889270
-0.048043015922836
-0.046295326874552
-0.042406272732095
-0.035444432950496
-0.024837355877660
-0.010953610802415
0.004882271637676
0.020959207989240
0.035641017897752
0.047423234042939
0.055068369356523
0.057971019629254
0.056339661684241
0.050985212790781
0.042826953357199
0.032424543742265
0.019967605723161
0.005800144931260
-0.009145251783017
-0.023637885962571
-0.036787671973382
-0.048258287892524
-0.058002058586996
-0.065914916283785
-0.071661288795595
-0.074686226491478
-0.074364715512386
-0.070194094760694
-0.062022229416013
-0.050402335976078
-0.036759082451843
-0.022963301570340
-0.010573588012084
-0.000348471621527
0.007698886411191
0.013893166273960
0.018536052944674
0.021889570746563
0.024357571881624
0.026466050725747
0.028619059043777
0.030929785512117
0.033301298144835
0.035615533581992
0.037669155917198
0.038807612345727
0.037790136703828
0.033309171357589
0.024772506183459
0.012603638254616
-0.002050357405149
-0.017753261256339
-0.033043209484304
-0.046415392350457
-0.056248754754070
-0.061127461615442
-0.060290117161289
-0.053572087358317
-0.041073437127359
-0.023135074675590
-0.000580121964853
0.025108363754221
0.051929159408388
0.077867292043952
0.101239529979650
0.120498029921903
0.133962797568779
0.139994945130491
0.137485201648698
0.126155253935644
0.106458777203543
0.079373704513494
0.046324737546175
0.009297745778332
-0.029068514108422
-0.065883654971708
-0.098744798375155
-0.126090010284381
-0.146870971746783
-0.160043884782970
-0.164595414295647
-0.160065026687974
-0.146935165313163
-0.126550515254361
-0.100715385957057
-0.071434150198576
-0.040979331779328
-0.011729256049750
0.014534117972259
0.037100586768301
0.055998355533081
0.071366357631031
0.083113128072275
0.090992478213028
0.094974165971540
0.095408030145994
0.092738985701317
0.087212078392912
0.078951211471419
0.068350761469980
0.056302184395844
0.043799422380120
0.031324337598953
0.018826301757747
0.006210078359385
-0.006398239383866
-0.018783595543844
-0.030864530788321
-0.042692492618826
-0.054137346484833
-0.064642577188124
-0.073327640139299
-0.079243799338694
-0.081550066603047
-0.079518692310007
-0.072606231218725
-0.060819157391326
-0.044966293523838
-0.026431476653947
-0.006735984151391
0.012778644234282
0.030995101523788
0.046802353413811
0.058949510077391
0.066324038583683
0.068387255203993
0.065136309306967
0.056738061944478
0.043473394667398
0.026020941712526
0.005712004217074
-0.015571683556127
-0.035899448584815
-0.053693639531110
-0.067640027809887
-0.076465633795573
-0.079046935954287
-0.074757106405111
-0.063681657542008
-0.046440053699670
-0.023856155611109
0.002944784129889
0.032095991380104
0.060895667591083
0.086333579651071
0.105878997745901
0.117918367739515
0.121615238725666
0.116668126532574
0.103294782321562
0.082283942324363
0.055004021897562
0.023273249882243
-0.010857473947444
-0.045104059780441
-0.076814468998037
-0.103158282860551
-0.121708186674120
-0.131003778774902
-0.130689804010664
-0.121132222152561
-0.102967905628757
-0.077243647809590
-0.045924747884351
-0.011878335972154
0.021771324350041
0.052253953574912
0.077377723809978
0.095424134438028
0.105119058909037
0.106079554312069
0.099224468055322
0.086444884162741
0.069889088743103
0.051490593487836
0.032810355062568
0.015155918024328
-0.000259780782415
-0.012561879846200
-0.021581623160262
-0.027680039337203
-0.031257348430623
-0.032667779740258
-0.032539852984336
-0.031977167449330
-0.032255105188180
-0.034146962638076
-0.037592962008420
-0.041947156999323
-0.046309963335227
-0.049777362222487
-0.051558352952272
-0.050920506162018
-0.047409621416770
-0.041254298992464
-0.033207102026729
-0.023950329225927
-0.013771325345735
-0.002674167578546
0.009297845610952
0.021894369011445
0.034743438560717
0.047393047116058
0.059181145439025
0.069054311646805
0.075728923107727
0.078373011715153
0.077063036705317
0.072467268612630
0.065224545994748
0.055674599200817
0.044196375159563
0.031737048047480
0.019753313404435
0.009507916151005
0.001535618339312
-0.004206571270740
-0.007939685089193
-0.010003212866377
-0.011051442070722
-0.012053217972352
-0.013944595916438
-0.017159523009440
-0.021469244297533
-0.026354116903981
-0.031434682683538
-0.036475267473640
-0.041202704870661
-0.045295869636603
-0.048541962491003
-0.050980561916321
-0.052751621511227
-0.053729466464366
-0.053508313147993
-0.051759390826115
-0.048449574468030
-0.043743336649734
-0.037670983079564
-0.029993980425302
-0.020730656422394
-0.010800885962330
-0.001902253382708
0.004339086807993
0.007227118759670
0.007184373451463
0.005260278939205
0.002652696498092
0.000540163673484
-0.000083408640578
0.001357902633865
0.004845755321137
0.009791392026159
0.015492196345144
0.021672316858370
0.028430686551402
0.035788728897167
0.043514829032764
0.051353852237246
0.059239333495756
0.067149921753156
0.074744544727507
0.081129348998287
0.085022489275494
0.085216800214682
0.080905986673363
0.071709315139816
0.057617222438739
0.039111048656274
0.017426821402375
-0.005508093641662
-0.027674665713807
-0.047510000089432
-0.063946300581889
-0.076185032786485
-0.083579260227119
-0.085776304540348
-0.082915362173594
-0.075516914705645
-0.064152261017898
-0.049388178778643
-0.032178137289728
-0.014165539505209
0.002637994142422
0.016550050811877
0.026650113141510
0.032614226823635
0.034227944407556
0.031261095230281
0.023856268697452
0.012796456718702
-0.000760729397293
-0.015767260401651
-0.031460089877397
-0.047074913626931
-0.061524712967643
-0.073551431167381
-0.082171867311285
-0.086840383021495
-0.087216449166713
-0.082981618439954
-0.074031855611301
-0.060753399041723
-0.044041728684188
-0.025050119040559
-0.004774317974858
0.016056033198357
0.036574558408527
0.055581544126603
0.071980716121116
0.085289743059519
0.095642430771529
0.103344605285861
0.108477031489208
0.110924809684374
0.110708969686195
0.108160372415453
0.103685252627918
0.097426293684079
0.089297246178780
0.079345639655427
0.067990858657451
0.055868486330842
0.043428332284076
0.030804907931863
0.018124912508366
0.005684103899985
-0.006260487529239
-0.017686356692453
-0.028713089439930
-0.039291686102237
-0.049034054221341
-0.057509931483829
-0.064666533074007
-0.070685938418952
-0.075368565850274
-0.077881593118940
-0.077295967029241
-0.073462751365178
-0.067468223510144
-0.061282051819994
-0.056913317329687
-0.055674161818326
-0.057847886376323
-0.062696538517612
-0.068556734541870
-0.073041955705274
-0.073681733291809
-0.068813783004838
-0.058106826118190
-0.042482087447778
-0.023545228767265
-0.002905125505832
0.018117384307750
0.038454466065313
0.057305332649299
0.074136606667713
0.088439256594489
0.099436489420161
0.106108097993819
0.107594728442076
0.103793116144839
0.095615487321322
0.084473229701192
0.071439115555795
0.056928806676552
0.041060509790081
0.024059377183813
0.006253348570477
-0.012012271715169
-0.030136761732270
-0.046856924126603
-0.060253097600412
-0.068498957654907
-0.070833166591885
-0.067944303277879
-0.061566831259324
-0.053699755320372
-0.046021531319760
-0.039731940382472
-0.035546726323757
-0.033542626650957
-0.033055264071917
-0.033015938156678
-0.032493393862694
-0.030891953955445
-0.027695761059134
-0.022141732642503
-0.013474718275137
-0.001749678274583
0.011848004279425
0.025597892990276
0.037997330170463
0.048042470859011
0.055210404423530
0.059370784867516
0.060646946710328
0.059446202083897
0.056515879365720
0.052569230442503
0.047870301487974
0.042366778876269
0.036064305175709
0.029157043289049
0.021908807379871
0.014517277950005
0.007152526337307
0.000147049715248
-0.005905111322934
-0.010303867227852
-0.012548770359744
-0.012552046009661
-0.010611476627139
-0.007357472293976
-0.003863009595157
-0.001599825873034
-0.001957017096815
-0.005524708223899
-0.011674135988680
-0.018919899924818
-0.025907139233950
-0.032081878647377
-0.037429494521326
-0.041901970569358
-0.045236769227208
-0.047009004428209
-0.046698776656894
-0.043833784917316
-0.038173509287214
-0.029895889645605
-0.019779198533228
-0.009079781278581
0.001075369022691
0.010231480985795
0.018496355496163
0.025964524619921
0.032342409179582
0.037121131139840
0.039931262013735
0.040604211188979
0.038955586099549
0.034602662012921
0.027146761850313
0.016675084017349
0.004028170394662
-0.009481472998518
-0.022548802254726
-0.034029118332620
-0.042819943855314
-0.048008255548250
-0.049241170248570
-0.046857453381079
-0.041725858560425
-0.034810914758241
-0.026669297374693
-0.017450694979367
-0.007316880726404
0.003438661045589
0.014620269587416
0.026149248632771
0.037749662778560
0.048616382876083
0.057398502289699
0.062711516786768
0.063764081904669
0.060373079598538
0.052553441592962
0.040507783293026
0.025101320921212
0.008138517358220
-0.007926879806349
-0.020712996142294
-0.028706605483908
-0.031539757715827
-0.029671203401330
-0.024109966145964
-0.016371168124048
-0.008287581176639
-0.001542271216069
0.002729856202656
0.003921301438120
0.001722203472603
-0.003919803564664
-0.012621681312005
-0.023394072022728
-0.034813982860886
-0.045602636354519
-0.054984757015294
-0.062383408843009
-0.066934106805191
-0.067453218173165
-0.062980542046179
-0.053358739097224
-0.039154192036015
-0.021187187516624
-0.000401328279717
0.021916661989323
0.043967847212395
0.063633023256786
0.079088139618753
0.089353557804455
0.094227117733923
0.093877201438530
0.088704757766294
0.079505866252671
0.067496264662780
0.053906526546288
0.039445001739314
0.024195135775952
0.008124940014259
-0.008334395708247
-0.024297467392403
-0.038779817351767
-0.050874289760032
-0.059769451182744
-0.064766112230126
-0.065451923203707
-0.061978547040991
-0.055006583212397
-0.045229293984020
-0.032913415956566
-0.017972560855457
-0.000650228453114
0.017949545514492
0.036099998509425
0.052064392290511
0.064526356618508
0.072628121279686
0.075753272593874
0.073562463775719
0.066278753443083
0.054604010676038
0.039326740977873
0.021204694593462
0.001157618026078
-0.019547986829983
-0.039387752419114
-0.057060105100010
-0.072013836346017
-0.084366561509609
-0.094233519130794
-0.101322727527689
-0.105128346049250
-0.105226192465935
-0.101330565869344
-0.093155819955835
-0.080414408621047
-0.063202719451327
-0.042374723637072
-0.019438141089968
0.003871783696620
0.026021249196856
0.045896975146041
0.062625519361460
0.075323699885765
0.083335185692178
0.086562394242837
0.085216959462674
0.079422069742312
0.069392702222521
0.055895002297417
0.040340319212891
0.024507754404229
0.010062217477078
-0.001943722000659
-0.011123791243777
-0.017442266606026
-0.021063763094888
-0.022313692450114
-0.021521260292691
-0.018836349130182
-0.014077373431941
-0.006868363561580
0.002777235425654
0.014049144851286
0.025643902315081
0.036402325814388
0.045627965576852
0.052939295688808
0.057984768202661
0.060317948889783
0.059496290376304
0.055204597110236
0.047190782082153
0.035327624804633
0.020047526024724
0.002638678415650
-0.014999995437102
-0.030984457768411
-0.044157687314190
-0.054315936126874
-0.061676747573887
-0.066398109337364
-0.068630538259463
-0.068567301928800
-0.066344799779175
-0.061978837927119
-0.055309515037718
-0.046211633984627
-0.035144862204408
-0.023284865555189
-0.011800365810662
-0.001218161866933
0.008332499760519
0.016574389813265
0.022877044831205
0.026473106268549
0.026987789478732
0.024720287516320
0.020260667775505
0.014044110420232
0.006403925647810
-0.002281225686392
-0.011623394673705
-0.021232619235728
-0.030666481232243
-0.039253623325482
-0.045919079394976
-0.049525201932857
-0.049517454199249
-0.046052067817646
-0.039451486813554
-0.029585252281944
-0.015855334410211
0.002132252845335
0.023870766041830
0.047843934882704
0.071989998810549
0.094207083144181
0.112432971628490
0.124555492394378
0.128759761406137
0.124275634118949
0.111838478212720
0.093404707040672
0.071359311583699
0.047901584694306
0.024961151541162
0.004154160900604
-0.013591689827692
-0.028324629092263
-0.040879426543360
-0.052255959349912
-0.062972243471109
-0.072941286208407
-0.081802083824000
-0.089020043998276
-0.093616404288041
-0.094211100442162
-0.089611640755652
-0.079427186709735
-0.064350996003542
-0.045956794293766
-0.026091791172594
-0.006437824253848
0.011459448603168
0.026161965670424
0.036708043452079
0.042997256632078
0.045710540656877
0.045852826532547
0.044275651676499
0.041571223559881
0.038336861625813
0.035192886093220
0.032377913879340
0.029506865920889
0.025805049744497
0.020629767804251
0.013894005575277
0.006054135738081
-0.002187248692291
-0.010057119984758
-0.016660913289015
-0.021008434205059
-0.022418832126898
-0.020942613197001
-0.017220819087746
-0.011892655845947
-0.005213448059749
0.002662267837308
0.011139197920255
0.019110516346100
0.025370688323676
0.029033825764422
0.029672911684180
0.027253725285442
0.022075752291958
0.014865399025175
0.006853584213954
-0.000644775213123
-0.006941409694712
-0.012082990453659
-0.016340027442069
-0.019823661139618
-0.022489570597580
-0.024417446376774
-0.026063393416638
-0.027939274371707
-0.029991775788206
-0.031596759145097
-0.032068931760597
-0.030970940507644
-0.028084053992359
-0.023223669828644
-0.016218554531508
-0.007324778887327
0.002414735264954
0.011600943687513
0.019372741349076
0.025731993720975
0.031058204436146
0.035531030085930
0.039020123385709
0.041357060387961
0.042552854339281
0.042639103747147
0.041400362684112
0.038525783706350
0.034098246024556
0.028683089029716
0.022793958132107
0.016488432810314
0.009482216991999
0.001480815152477
-0.007486824586510
-0.017044137215914
-0.026822108423748
-0.036642563101277
-0.046362798205491
-0.055719623735758
-0.064259581430296
-0.071347596109461
-0.076230728101240
-0.078037937970706
-0.075851565249981
-0.069081728676014
-0.057913057432472
-0.043342136714437
-0.026766394115490
-0.009497149253410
0.007382594761917
0.022719968485152
0.035132722452743
0.043357517344203
0.046569000613361
0.044356218485977
0.036749053859690
0.024416940552409
0.008789555381219
-0.007961006159353
-0.023242203054746
-0.034837972389219
-0.041629283689369
-0.043605629847798
-0.041336587336592
-0.035432012514579
-0.026343837032696
-0.014474596404590
-0.000283692765099
0.015682138475519
0.032677352093364
0.049546809056220
0.064639076432919
0.076152881542146
0.082835648359531
0.084436763447262
0.081503082389947
0.074811023495574
0.065026594814369
0.052775703624138
0.038792869361855
0.023779599517166
0.008038166430355
-0.008586873092251
-0.026104587357737
-0.043681426861141
-0.059690757744708
-0.072299443120156
-0.079930732301619
-0.081552203536033
-0.076867856421530
-0.066425793659498
-0.051717600643008
-0.034949552438340
-0.018196443769324
-0.002587524926862
0.011626548999106
0.024349607347525
0.035136220918051
0.043351929948513
0.048688404935968
0.051353224670993
0.051729304082374
0.050005917301141
0.046199536890006
0.040432752955677
0.033056874432356
0.024378788573557
0.014357219433657
0.002841921551802
-0.009837801660735
-0.022644805928204
-0.034163868841939
-0.043145727086633
-0.048801172668223
-0.050587298639370
-0.047986183960387
-0.040870645486136
-0.029968445055690
-0.016776554638190
-0.003108822264542
0.009342700966507
0.019237956847561
0.025661756662157
0.028244396737959
0.027307082206677
0.023854013278441
0.019233598664566
0.014476852037565
0.009763204030741
0.004521919175732
-0.001972086018113
-0.010131885498058
-0.019949530106906
-0.031013696274418
-0.042427832175926
-0.052709693418095
-0.060143155061743
-0.063559973310968
-0.062714512778722
-0.057933563456933
-0.049611539693411
-0.037978740877561
-0.023267444223314
-0.006156729671546
0.012188054593460
0.030653357704631
0.048419231441070
0.064672308467754
0.078416443050324
0.088641107773307
0.094734370435208
0.096677457573236
0.094656576312407
0.088689249232419
0.078803799367778
0.065410793208957
0.049457295732588
0.032210307526907
0.014780395701959
-0.002100676534746
-0.017855053328533
-0.031865412632052
-0.043599511568362
-0.052734372127656
-0.059040687810862
-0.062171628069455
-0.061622269185949
-0.057061420349547
-0.048782497730099
-0.037742726163260
-0.025106367735285
-0.011717678662936
0.001965627355556
0.015487405234734
0.028183273535134
0.039451695981720
0.049112599316061
0.057342744215855
0.064210972255125
0.069360482970094
0.072156059798408
0.071999126002635
0.068378787520603
0.060722928155727
0.048499453885776
0.031673765793847
0.011145524059175
-0.011200278655395
-0.033006105593538
-0.052288854481552
-0.067915120528134
-0.079461757944295
-0.086944464053423
-0.090699385188699
-0.091235281710464
-0.088848768140802
-0.083204017264189
-0.073422815939845
-0.058904751219174
-0.040294229239690
-0.019643231255625
0.000475079019793
0.018055735562799
0.031991776889467
0.041749173825172
0.047143909113370
0.048338950564936
0.045731561232311
0.039756600424673
0.030813840327189
0.019415078402761
0.006475625303026
-0.006574945803946
-0.018139528594485
-0.027001657100012
-0.032494346739406
-0.034208189809368
-0.031795501699143
-0.025183446976922
-0.014898694104273
-0.002104523300563
0.011831467732147
0.025899954712549
0.039437357958510
0.051524970692975
0.060619461332609
0.064892919319515
0.062897574816262
0.054022544835560
0.038627015082709
0.017949327520580
-0.006122246832298
-0.031317009014001
-0.055306399987442
-0.076182066072867
-0.092742358479687
-0.104225176276622
-0.109956862953394
-0.109468698854251
-0.102885463514591
-0.091101007390310
-0.075505185893562
-0.057393788124364
-0.037525202488988
-0.016301484118270
0.005642842215921
0.027223032688817
0.047206097945143
0.064506213980828
0.078232850298670
0.087631245851735
0.092084436654311
0.091328523240833
0.085788955863912
0.076461184038657
0.064201610256838
0.049389834678178
0.032384987045435
0.013967111889364
-0.004654162765729
-0.022040016663139
-0.036785039408728
-0.047654010952124
-0.053689334492161
-0.054593279972785
-0.051029911815214
-0.044343280341740
-0.035924062258539
-0.026734458428176
-0.017257857856047
-0.007849415076050
0.000902923459852
0.008323388122797
0.014167541567587
0.018712282321962
0.022232704271924
0.024550913273642
0.025149724424518
0.023701384973632
0.020393932908356
0.015672300970456
0.009768434588048
0.002627275011361
-0.005708404398615
-0.014788810835562
-0.023849789169113
-0.032101289034027
-0.038975674322521
-0.044204778528118
-0.047777555673706
-0.050016255238283
-0.051633060880611
-0.053317618598462
-0.055010061220676
-0.055674241729428
-0.053869473970614
-0.048506046379154
-0.039167278753981
-0.025857401538209
-0.008568013317616
0.012658410531445
0.037210036358268
0.063705618860579
0.090409824348679
0.115728727465424
0.138217130314814
0.156289459526056
0.168269318514164
0.172886142388824
0.169762660014638
0.159452382028149
0.142940575647612
0.121127277436924
0.094862920369767
0.065253864487068
0.033693260324629
0.001685936456033
-0.029307484945593
-0.057857845306811
-0.082303528767653
-0.100740526647649
-0.111661553505572
-0.114645949324689
-0.110382813597868
-0.100129378465263
-0.085304591428975
-0.067539271548426
-0.048768416963487
-0.030966612848001
-0.015626079079539
-0.003468085206889
0.005311403740712
0.010640073481602
0.012525108656055
0.011288129927618
0.007545270313211
0.001804902056439
-0.005787462869019
-0.015259574992134
-0.026344649885102
-0.038111148874053
-0.049190617588540
-0.058425251411541
-0.065168335100276
-0.068993916471510
-0.069273004297315
-0.065275922308641
-0.056784640668766
-0.044397223429332
-0.029191758240990
-0.012278663842594
0.005324284745167
0.022569111276987
0.038341817426266
0.051696716214276
0.062053216540276
0.069050367459071
0.072309955802749
0.071471267828675
0.066571629220994
0.058515894007577
0.049065930180716
0.040062229607061
0.032481118141238
0.026244103398955
0.020755752856679
0.015387374515405
0.009632415074635
0.003104189242736
-0.004442300399963
-0.012801682053865
-0.021085381779139
-0.028175185211654
-0.033404866014457
-0.036738805648766
-0.038497949192398
-0.038999471615507
-0.038351452679278
-0.036479160963390
-0.033240992994151
-0.028381905943174
-0.021506436085093
-0.012504209409384
-0.002070606658841
0.008438141411178
0.017711319208380
0.025038501338630
0.030321324753046
0.033563092861179
0.034309235462460
0.031780207250740
0.025571296522472
0.015940050203317
0.003550605980018
-0.010622124829660
-0.025213611969566
-0.038561977421398
-0.049061206185658
-0.055805065750990
-0.058882033677371
-0.058754349028533
-0.055505363508371
-0.048782179043943
-0.038277729379875
-0.024248080991643
-0.007603044312205
0.010433655754376
0.028621247055623
0.045761298135356
0.060719580442672
0.072639487452052
0.081306555222983
0.087186822010220
0.090861807671012
0.092275864934453
0.090468367681035
0.084069425330351
0.072055934798832
0.054135779133864
0.030808766633144
0.003307529806801
-0.026576211006228
-0.056684675287858
-0.084776002928250
-0.108947293332969
-0.127809778484358
-0.140239420932555
-0.145234684717076
-0.142329262903308
-0.132113085426782
-0.116169242550838
-0.096463307496045
-0.074672858864031
-0.051840387958744
-0.028508987086508
-0.005061577303208
0.018210838117577
0.041191807250314
0.063738187159913
0.085328998722358
0.104926302094595
0.121190896996013
0.132992524174219
0.139664414366473
0.140661761817609
0.135304978902488
0.123179685156400
0.104676492708995
0.080984350289457
0.053622504036815
0.024042216768481
-0.006309844620718
-0.035582882414527
-0.061466027682425
-0.081824005591765
-0.095376084196506
-0.101776944134020
-0.101255625756037
-0.094343172855006
-0.081881239598504
-0.065042191233496
-0.045208597370382
-0.023769558834153
-0.001927971398929
0.019197315902783
0.038277118800155
0.053890823032074
0.065115992749254
0.071983834400849
0.075234274114161
0.075449966327207
0.072427229191398
0.065379249044798
0.053657981825829
0.037360674168145
0.017402818624331
-0.004775039693721
-0.027355864856241
-0.048250885819536
-0.065581450318053
-0.078256476887546
-0.086131018397945
-0.089645725273115
-0.089201992520783
-0.084860797557540
-0.076575226325761
-0.064494666545989
-0.049020546049014
-0.030789950462004
-0.010941925629591
0.008528956493000
0.025033651888173
0.036387305414056
0.041908774407151
0.042778362680140
0.041245607759246
0.039316951747472
0.037982909600054
0.037296160093338
0.036764879024467
0.035544349399538
0.032592321070309
0.027131332524265
0.019094030363358
0.009087162397442
-0.002013871462813
-0.013597398642212
-0.025531096488514
-0.037609702392196
-0.048983700921198
-0.058498364460457
-0.065374585819953
-0.069304133374791
-0.070005245302542
-0.066927608996440
-0.059555185291684
-0.047988202409237
-0.033148926080858
-0.016330651586500
0.001380621968916
0.019059957690274
0.035594410320857
0.049808177150767
0.060980657168795
0.069246772681984
0.075418787518303
0.080201064643430
0.083681048827239
0.085584718322848
0.085606983723018
0.083421611530217
0.078571297592516
0.070428870598463
0.058650002541385
0.043947161582806
0.028098699475991
0.013026926793140
-0.000065822398517
-0.010885960366093
-0.019627948531796
-0.026472057365906
-0.031517829141506
-0.034990330664190
-0.037234898819270
-0.038404653122747
-0.038299158931141
-0.036636150103510
-0.033294915216662
-0.028292455447217
-0.021708125564161
-0.013547996417169
-0.003863307084938
0.006748203288496
0.017108241152427
0.026018159856775
0.032606655524865
0.036307562818278
0.036632701265202
0.033056860680717
0.025493765329087
0.014781465260496
0.002372355471991
-0.010302966888232
-0.022135012572118
-0.032201037114907
-0.039513639427610
-0.043246019605556
-0.043281229808799
-0.040339173523302
-0.035518719248309
-0.029675341495298
-0.023319462100545
-0.017175511346122
-0.012464400463127
-0.010428570616519
-0.011729396533977
-0.016195709320843
-0.022968317341071
-0.030797544329514
-0.038115229558673
-0.043071624622202
-0.043949116359651
-0.039830382528597
-0.031004184008141
-0.018669963258553
-0.004163977790704
0.011555227534671
0.027802987866341
0.043734316197563
0.058133079262493
0.069634493066240
0.077009498492784
0.079271298193021
0.075829616478328
0.066754209021748
0.052959003951168
0.036125505462398
0.018136858707398
0.000287057617731
-0.016885207713086
-0.032964350881748
-0.047080018936523
-0.058023034318734
-0.064846111905628
-0.067362617715188
-0.066074238374322
-0.061711501131113
-0.054956983368900
-0.046379037402703
-0.036353422330311
-0.024967609789073
-0.012097645293447
0.002105288514444
0.016668041931528
0.029809781862118
0.039592625689420
0.044804889716360
0.045397562187955
0.042188706131284
0.036361387350443
0.029115282833000
0.021403003789022
0.013796150980170
0.006369485127322
-0.001369145156888
-0.010040388561160
-0.019702939719145
-0.029753535395537
-0.039387258703199
-0.047967087441283
-0.054956626165340
-0.059570810416103
-0.060665514893967
-0.057108697293312
-0.048314110484508
-0.034504300180875
-0.016518311026543
0.004415195345707
0.026451561561858
0.047035199162617
0.063580431849707
0.074331073378452
0.078727259854899
0.077172590625202
0.070301340470072
0.058497865808032
0.042233638185161
0.022469164274976
0.000459094917772
-0.022543592581588
-0.045165675643725
-0.065537346972321
-0.081143248006067
-0.089287358457671
-0.087994163730508
-0.076644314898198
-0.056003536668206
-0.028013501386035
0.004367814744343
0.037505160443654
0.067815605070311
0.092642402948810
0.110740395667991
0.122086188848942
0.127220581691146
0.126589534826250
0.120346354670763
0.108663279018497
0.092081839451277
0.071541884300848
0.048198018337310
0.023367840651015
-0.001336411041756
-0.024151764171542
-0.043771779426091
-0.059804294459147
-0.072449355336081
-0.081739204479485
-0.087296253641631
-0.088780679584759
-0.086278670021049
-0.080169103695411
-0.070732942807972
-0.058032096509575
-0.042285653708011
-0.024385347740993
-0.005937865558054
0.011320370507533
0.026084153944694
0.037508330487989
0.045124253725057
0.048927511611649
0.049445859750548
0.047675047132854
0.044621074239964
0.040642813431612
0.035353982527033
0.028116101318493
0.018544829984358
0.006781091311034
-0.006426457964143
-0.019836268495453
-0.031977963768470
-0.041386557463840
-0.046920248930996
-0.048344554265428
-0.046657264342368
-0.043503369408101
-0.040154191106037
-0.037036522629346
-0.033934431148932
-0.030435716528895
-0.026211808176498
-0.020936950617546
-0.014372369476933
-0.006891450656653
0.000333456001505
0.005925574440294
0.009136497058007
0.010176357191917
0.009849623099944
0.009028838998535
0.008465157047716
0.008847889709323
0.010744557173420
0.014236031403456
0.018581585545874
0.022593777757501
0.025632848075435
0.028100227710315
0.030992467686867
0.035147939054241
0.040723806315043
0.047221167961064
0.053802950263655
0.059256349946980
0.061902404348827
0.060068056319222
0.052766670467600
0.039957215389988
0.022347584679900
0.001087333899716
-0.022330478047455
-0.045932762370631
-0.067343367953506
-0.084458994467584
-0.096312738135448
-0.103269892009437
-0.106337671594121
-0.106262685579798
-0.103076413125707
-0.096264645885856
-0.085304606213782
-0.070009082469133
-0.050591017031146
-0.027808978272887
-0.003167980016653
0.021136383251874
0.042743319821049
0.059886812971181
0.071711692155739
0.078017519873355
0.078994248604765
0.075185843856722
0.067500103220263
0.057084894754616
0.045052783307222
0.032308819466693
0.019629112944714
0.007855830965535
-0.002105588395217
-0.009795292672116
-0.015712762443198
-0.020963815983405
-0.026312324153751
-0.031619757900532
-0.036058348113402
-0.038750720126038
-0.039123879715268
-0.036765685772892
-0.031390728142115
-0.023123887337401
-0.012668883249683
-0.001123776671562
0.010450826002234
0.021295067603145
0.030757884399040
0.037940343296529
0.041684163895607
0.041082359690777
0.036011445580972
0.027078063099611
0.015167466435690
0.001209376328010
-0.013694910328176
-0.028159584866607
-0.040688469733490
-0.049980126295974
-0.055094520943052
-0.055444781973940
-0.050740943775208
-0.041046591620575
-0.027020917299938
-0.010038841702335
0.008158906261760
0.025933413837417
0.041784189224685
0.054168198013224
0.061555728888577
0.062761037642926
0.057463484360232
0.046542393742173
0.031780632180833
0.015278191917878
-0.000893302161131
-0.014839366546722
-0.025019272784893
-0.030564441185483
-0.031579832089321
-0.028996437617288
-0.023886496825984
-0.016808783913917
-0.007804385156898
0.003036385167542
0.015184526338316
0.027899917078382
0.040573712644023
0.052599106787818
0.062975967672868
0.070260812930123
0.073075560373302
0.070647777066576
0.062852094814161
0.050068233958436
0.033313475595606
0.014348864825220
-0.004723291105246
-0.022131238894911
-0.036762830151172
-0.048122649063936
-0.056173859167151
-0.061011763428789
-0.062646893487851
-0.061342226309153
-0.058026057174475
-0.054048452082285
-0.050535908293755
-0.048090555720416
-0.047024714416800
-0.047634620971394
-0.050047449746583
-0.053853725003669
-0.058063124829760
-0.061503379692382
-0.063251276300151
-0.062690920408864
-0.059292504884766
-0.052444248590456
-0.041486680636591
-0.025958836664359
-0.005927768699520
0.017805405799815
0.043684050502990
0.069522990315484
0.092810263306843
0.111332473248922
0.123981211929440
0.130942499097867
0.132895930735714
0.130191205280797
0.122887450349861
0.111198424717458
0.095650075374215
0.076966637260012
0.055896266645547
0.033126443939682
0.009417550419529
-0.014223544520620
-0.036657562107171
-0.056997678677473
-0.074781952507287
-0.089539323656118
-0.100232056136827
-0.105446807422104
-0.104330713032863
-0.097259646954760
-0.085552938030479
-0.070875075301485
-0.054980594783437
-0.039469669278431
-0.025478053141782
-0.013655731722431
-0.004280952664648
0.002629213220953
0.006941159602680
0.008024446150455
0.005137366080791
-0.001625610864717
-0.011022804998721
-0.021316726996139
-0.031001462909897
-0.038970327072976
-0.044255000786717
-0.045897693047378
-0.043290820359590
-0.036507059743053
-0.026147806281088
-0.012939962516690
0.002625253362458
0.020368291952696
0.039901096962285
0.060010591355177
0.078940046451214
0.095228789727005
0.107942037508680
0.116405735337638
0.120246723996835
0.119598259565374
0.114911872975229
0.106428405186622
0.093904923429145
0.077003954887106
0.055990399786499
0.032079090619068
0.007325748354164
-0.015797655641431
-0.035163245199863
-0.049630149577917
-0.059015737930613
-0.063771809162399
-0.064865775674183
-0.063491728512879
-0.060267838433002
-0.054605654304159
-0.045144288097766
-0.030873299645716
-0.011772172634696
0.011186354220961
0.036126784055770
0.060546577360580
0.081822366613700
0.097546837760102
0.105782518775053
0.105458295294484
0.096496425619351
0.079386852554896
0.054730619128368
0.023446598792767
-0.012446431560317
-0.049578448924924
-0.084117177544220
-0.112765700896276
-0.133081823642203
-0.143724755290125
-0.144849434510534
-0.138069492006554
-0.125960455353436
-0.111396602386418
-0.096762220248993
-0.083368074708696
-0.071524971529738
-0.061246123713530
-0.052912054661595
-0.047017651269419
-0.043330453023242
-0.040724849285492
-0.037700870541050
-0.032707724255540
-0.024319178783657
-0.011720182055206
0.004754396419164
0.023614843524419
0.042743734910750
0.059996801838349
0.073778091193013
0.083501273265549
0.089370814597925
0.091572022540934
0.089900501161192
0.084142946181706
0.074498725953998
0.061615049370210
0.046496276265353
0.030647942532218
0.016141323985441
0.005018717980741
-0.001439828745997
-0.002764459388352
0.000922604803170
0.008929367227014
0.020222108539091
0.033729317750370
0.048241872775078
0.062394438599182
0.075110102923996
0.085825625106593
0.094060405733532
0.098931184078021
0.099427303742945
0.095372440426449
0.088019111266934
0.079502263851301
0.071670796899539
0.065404059940421
0.060637373557576
0.056536690939863
0.051798965852520
0.045328655145264
0.036805965369306
0.026687135626831
0.015928194779890
0.005509587632391
-0.004419356885377
-0.014951496526080
-0.027564726080022
-0.042925158049286
-0.060578463031059
-0.079396238966098
-0.098013257901044
-0.114887140264839
-0.128363635391518
-0.137168379199719
-0.140886336948892
-0.139887053061357
-0.134929348655342
-0.126865923097794
-0.116508157010274
-0.104619743671515
-0.092021719917003
-0.079584751119415
-0.067924287193243
-0.057128196441241
-0.047019610058985
-0.037809405766397
-0.030273161590495
-0.025099042577013
-0.022331493524120
-0.021559594610107
-0.022261439568992
-0.023813999957767
-0.025399702365554
-0.026142167026142
-0.025447303732683
-0.023226131105290
-0.019810115648098
-0.015568752847873
-0.010394755895540
-0.003603268713716
0.005401110909064
0.016373618466204
0.028214807590386
0.039316772377921
0.047622489317485
0.050804282787312
0.047077701320125
0.036143957795069
0.019419873981817
-0.000674297795299
-0.021818071097505
-0.042414471245299
-0.061405054308609
-0.077659880968189
-0.089502201929141
-0.094806790710695
-0.091658856270270
-0.078907170272714
-0.056126609869396
-0.023518098461799
0.017614714256575
0.064317503573931
0.112314825644719
0.157121988257675
0.194900969963299
0.222660493557657
0.238453001921182
0.241733632620993
0.233374230487247
0.215336620882030
0.190132025898151
0.160063388962297
0.126839228801978
0.091896829648238
0.056770550278959
0.022976562361441
-0.008414780109126
-0.036953994825991
-0.062318649757467
-0.083728435034895
-0.100128661884738
-0.110952014730953
-0.116557596733107
-0.117840183286952
-0.115495024770419
-0.109763686466895
-0.100653228294431
-0.088050811675824
-0.071699550248563
-0.051389211671160
-0.027287476926946
-0.000218711566271
0.028182891963519
0.055815170031418
0.080905517806877
0.102429726150837
0.119815692385176
0.132475941451505
0.139684745829432
0.140779389662464
0.135297907349349
0.122827621319168
0.102796484813174
0.074708029105311
0.038795728362299
-0.003631543316331
-0.050398438705681
-0.098801718536391
-0.145865660746857
-0.188554223860827
-0.224020201466670
-0.249980179191419
-0.265004038471249
-0.268355120208823
-0.259635760571341
-0.238848254618025
-0.206900693084194
-0.166143701089561
-0.120371148217405
-0.073905694179111
-0.030352178362574
0.008024103335469
0.040199824889616
0.066127205204618
0.086501342763767
0.102306745708499
0.114210527579530
0.122286287415972
0.126299054111590
0.126306281966695
0.123055020359578
0.117780705535285
0.111586319310109
0.104978699036651
0.097900851078972
0.090027331847797
0.080845096194507
0.069507234643484
0.054946817400076
0.036522301722922
0.014771358838770
-0.008523454244755
-0.031067557093389
-0.050821193817885
-0.066376809328016
-0.077131168472578
-0.083268240780392
-0.085547363845833
-0.085019195192931
-0.082465143700056
-0.077670112086888
-0.069417884776114
-0.056409828968073
-0.038117266449827
-0.014930832079590
0.012098350521933
0.041371816143758
0.070600577890530
0.096953668503913
0.117745546227206
0.131092417664848
0.136064187408616
0.132406965202415
0.120110871963906
0.099255006456217
0.070465679391542
0.035510671717672
-0.002779842973403
-0.041268136492193
-0.077249301101372
-0.108606705641542
-0.133561858696732
-0.150620140124314
-0.158744347872614
-0.157332438868647
-0.145940943794112
-0.124158651823418
-0.091950010419622
-0.050268188383349
-0.001383090117415
0.051389327105154
0.104348161152200
0.154020532673508
0.197341644950214
0.231529206975902
0.254357848744875
0.264806302647524
0.263137108654461
0.250244451091562
0.227043423654377
0.194450516670603
0.153814641873783
0.107127635414222
0.056728120739934
0.004919598094266
-0.046239573216751
-0.095005251646220
-0.139954977652811
-0.180038041691380
-0.214537250357668
-0.242675835194329
-0.262950205141873
-0.273024883244623
-0.270791542781197
-0.255710451846655
-0.229286302668993
-0.194536425182772
-0.154927034649187
-0.113475196213081
-0.072524784916101
-0.033995606256175
0.000512310671235
0.029802949012564
0.052911310387305
0.068728070385937
0.075996091118651
0.073983774647104
0.063263164954088
0.045805905383754
0.024405933107319
0.001893723288968
-0.019362392510805
-0.037512574423876
-0.051301159521117
-0.060256315994264
-0.064575448538418
-0.064730386029424
-0.061141155351699
-0.054227629552383
-0.044874499136069
-0.034805225255055
-0.026215101232518
-0.020660214105271
-0.018129216996700
-0.017010666674156
-0.014674025922223
-0.008200339949399
0.004966799720502
0.026465234223591
0.056492528706954
0.093604429004424
0.135114443260538
0.177797425215570
0.218359139505360
0.253467270917889
0.279444547070982
0.292119260651926
0.287510306697185
0.263070968963588
0.218478183536200
0.155606062051150
0.078236194019584
-0.008035750588867
-0.096239617247380
-0.179215612422957
-0.250766950032108
-0.306185936022045
-0.342314359197168
-0.357401071347926
-0.351066372803101
-0.324482688847393
-0.280437261042333
-0.222888323049469
-0.156170373519695
-0.084505799727460
-0.012001274326002
0.057389958358328
0.120195175290591
0.173760804264514
0.216242815939199
0.246142157677135
0.261805457867536
0.261547844960803
0.244490884155862
0.211389821991763
0.164770038687103
0.108512268719620
0.047356331899424
-0.013539641595518
-0.069278817788507
-0.116192145528955
-0.152369185575232
-0.177322637548437
-0.191245540268156
-0.194479283811207
-0.187562935068742
-0.171765521422684
-0.149503465714277
-0.124063840056652
-0.098728089595310
-0.076028697465209
-0.057484492309473
-0.043443476619587
-0.032963370096628
-0.024238071525953
-0.015490402437782
-0.005525410319325
0.006280531612600
0.020252750162334
0.036800985783167
0.056461972101802
0.079292338924680
0.104323994878678
0.129800511182157
0.153739197531121
0.174101729612667
0.188795552855705
0.195958131251622
0.194431882246872
0.184159736256482
0.166155514918597
0.141953548975130
0.113097222612217
0.081202445705197
0.048362961275332
0.017225653825376
-0.009409488626602
-0.029033450092989
-0.039640284359469
-0.039785601501746
-0.028829122053127
-0.007484316708870
0.021886301448343
0.055789895180615
0.090601716446896
0.123209309345938
0.151016284670147
0.171635497466229
0.182803645312707
0.182878852642753
0.171339662127136
0.148623653167270
0.115796766971358
0.074445474949650
0.026678206020202
-0.024733276246378
-0.076502449002837
-0.125511422635679
-0.169316423295798
-0.206113291839058
-0.234604646313511
-0.254112450881649
-0.264741072447886
-0.267161956746724
-0.262077138629435
-0.249800272614728
-0.230272816157175
-0.203614048283923
-0.170664441171143
-0.132834503858085
-0.091605063962369
-0.048406546268356
-0.004842637392001
0.037148181099594
0.075396330157133
0.107819144632163
0.132712038079528
0.148853407691295
0.155398285558007
0.151728403211430
0.137550629332345
0.113009255088566
0.078490775882005
0.034533626056113
-0.017722880743368
-0.075851309489737
-0.136056909935721
-0.194024782034395
-0.245890938583508
-0.288622075341595
-0.319887062583207
-0.337840283316358
-0.341175344739546
-0.329368711242843
-0.302829045388256
-0.262787124654425
-0.210949405754841
-0.149337640566015
-0.080398062616022
-0.006836135038927
0.068766668170140
0.143945572439481
0.216007221595089
0.281878471373076
0.338377875267775
0.382837275016308
0.413666378804346
0.430271819701888
0.432427484300342
0.419875808875805
0.392505796150739
0.350755876959545
0.295873126404097
0.229840518502000
0.155112625232302
0.074672036605080
-0.007623016263912
-0.087056838918608
-0.158718917805816
-0.218452532717825
-0.263486388421400
-0.292570847829068
-0.305923518305962
-0.305000681333548
-0.291831602152251
-0.268038097376339
-0.234188833463181
-0.190069340196367
-0.135690562655368
-0.072207147066327
-0.002066907418008
0.071572973772600
0.145587147917649
0.217254727691259
0.284220381426492
0.344336542593661
0.395566861022814
0.435888203335427
0.463150458544226
0.475063188742076
0.469516882182337
0.445163411226233
0.401779465545375
0.340117503438736
0.261643717964446
0.168627679898240
0.064423572944039
-0.046543166895553
-0.159245357430334
-0.268653891419836
-0.370037477077437
-0.458878861109774
-0.530804914013906
-0.581932700221661
-0.609579776677423
-0.612984234609282
-0.593493060652114
-0.554088408146703
-0.498918288631203
-0.433007600783255
-0.361622712662319
-0.289415767727728
-0.219909525250125
-0.155456541813929
-0.097634205511184
-0.047853295758764
-0.007517046357729
0.022402272764492
0.041618978802896
0.050405946240329
0.049565394768265
0.040510894765174
0.025216293419840
0.006059746857292
-0.014544320780432
-0.034655911409630
-0.052817406134246
-0.067424005219005
-0.076306023479344
-0.077133968006718
-0.068340878323171
-0.049812814964494
-0.022800030987256
0.010794400546520
0.049118128924071
0.090700507049470
0.134490844346900
0.179763528253483
0.225787594716431
0.271190271705462
0.313511632697367
0.349459183952068
0.375633652864916
0.389268717835412
0.388683577741823
0.373180903577379
0.342715048122547
0.298005746591233
0.240838726168749
0.173942747102735
0.100716544641753
0.025064729024517
-0.048779576202908
-0.116320203341357
-0.173129816116158
-0.215825000139734
-0.242792153774155
-0.253939455476893
-0.249998220890473
-0.232061646770713
-0.201573325379672
-0.160573746140326
-0.111790900080613
-0.058411781947561
-0.003832746816600
0.048403771454618
0.094778456744816
0.132266248157043
0.158792474185594
0.173410945255949
0.176251260414143
0.168284821296976
0.151093019230554
0.126771781775381
0.097611732251570
0.065463871464932
0.031410913460760
-0.003833565231014
-0.039093299182513
-0.072205226878617
-0.100322720686462
-0.120833953151657
-0.132214039477430
-0.134329242053387
-0.128346525510778
-0.116568015640277
-0.101968863940002
-0.087283486348097
-0.074147475159413
-0.062791092010638
-0.052518816760822
-0.042783289897581
-0.033897550007398
-0.026791428575523
-0.022262350899216
-0.020326817940546
-0.020013458776742
-0.019559280130446
-0.016608112566129
-0.008430860601711
0.007397473747832
0.032055494300098
0.065008518151452
0.104348608390574
0.147615352193073
0.192492312315706
0.237005371039633
0.279356334857756
0.317854979544305
0.351164180846312
0.378463853670749
0.399238257954162
0.413074259213871
0.419787826274551
0.419671336248319
0.413599310127386
0.402818434979214
0.388425263352147
0.370957402621755
0.350406219733153
0.326258252349651
0.297444470484432
0.262712025605223
0.221039061190326
0.171589682286072
0.113945730921617
0.048527743091209
-0.023794588902868
-0.102277859673135
-0.185849602079958
-0.272187292008997
-0.357593722543447
-0.437589091810450
-0.507496950386278
-0.563019165138367
-0.600868889970187
-0.619158022691496
-0.617602280411141
-0.597689401603642
-0.562431756060065
-0.515627252213680
-0.461296017473271
-0.403557234460213
-0.346497771600150
-0.293728120497553
-0.247779776812687
-0.209833930714365
-0.179865836045256
-0.156785765854256
-0.138544938831379
-0.122307450439891
-0.104789630822567
-0.082966636867613
-0.054664760099405
-0.018427309383473
0.026986782501935
0.082789582554659
0.149809089929801
0.227735402774257
0.314493239086892
0.406251249061019
0.497865741719058
0.583226632534945
0.655621500696906
0.708721980948110
0.737992173269787
0.741428816381626
0.719125567832923
0.672276850147198
0.602538053721254
0.512031643702962
0.403453499810134
0.279846861855914
0.144419173211020
0.000829029644913
-0.146261125344701
-0.291063567371048
-0.427528730796329
-0.550652991523287
-0.657089868061933
-0.744818356521173
-0.812420099886650
-0.858493577864552
-0.881570664361233
-0.880376924466726
-0.853868827278625
-0.801288928940283
-0.722834041543657
-0.620430036927111
-0.497906361339833
-0.360542941325151
-0.214162537952400
-0.064356200112091
0.083596531593872
0.224448859053441
0.352984859696711
0.464509474021561
0.555499835898912
0.623765215058066
0.668038270114488
0.687769569301748
0.683426185731007
0.656624989290127
0.609882637851330
0.546512733615840
0.470784723190967
0.388023638469181
0.304335841557051
0.225686418672028
0.156913836395043
0.101406423920952
0.060861359159871
0.035278226636933
0.023879437297701
0.025663225102232
0.038861656534902
0.060521406502752
0.086647093962863
0.112540250232002
0.133374197470585
0.145055161245771
0.145023189526979
0.132489484581105
0.108025621616285
0.072907238171071
0.028640354643155
-0.023128267398761
-0.080594277264187
-0.141990666208766
-0.205613631446240
-0.269481384136352
-0.330963968134011
-0.386545074757628
-0.432255405414323
-0.464950440699987
-0.483217578614609
-0.487247072226173
-0.478265316379493
-0.458043580290620
-0.428632552413616
-0.392198052050636
-0.350741732567860
-0.305826799042120
-0.258703666476784
-0.210945628696226
-0.165014748840000
-0.124097581946266
-0.091218804123145
-0.068343470355038
-0.056314864499406
-0.055349140659767
-0.065004318897045
-0.083866363435287
-0.109808406023008
-0.140437487621173
-0.173318665223935
-0.205935184559114
-0.235321413212972
-0.258180604639560
-0.271709849428112
-0.274055564671601
-0.264195608725873
-0.241662902134562
-0.206180144729882
-0.157729304046410
-0.097299903965234
-0.027440218795637
0.047999705469071
0.124615890328332
0.198102287144775
0.264344174596530
0.319267507058103
0.359292172095253
0.382149282612407
0.387090476309673
0.374515727815648
0.345676509891986
0.302721692309806
0.248903073848759
0.188411708753954
0.125593081614957
0.064165722237285
0.007087214624471
-0.043157568079570
-0.084391760982643
-0.114935877570528
-0.133872647490383
-0.140896293255679
-0.135800747072675
-0.118214790477976
-0.088007093901669
-0.045953140701605
0.006089224213777
0.065530586759974
0.129541715528661
0.195424511978200
0.260689538428500
0.323105741836219
0.381056430180274
0.433724954403954
0.480476434410283
0.519925333045348
0.549845669649949
0.568061144340095
0.573370322074270
0.565851769029196
0.546433576762701
0.516088889593558
0.475495481966569
0.425291480409586
0.366203169559596
0.298849496017675
0.223638933756515
0.140973823049781
0.051649772365235
-0.042844120107517
-0.140288267432152
-0.237714521639364
-0.331171921509009
-0.415589095917380
-0.485264366767160
-0.534987110816118
-0.561227561112269
-0.562727683255406
-0.540363615280658
-0.496939574800129
-0.437215703420507
-0.367588773752908
-0.295130878965522
-0.226458775672976
-0.167107202867038
-0.121666251705236
-0.094214688002228
-0.088284988895838
-0.106172747355658
-0.148194570389609
-0.212476112336028
-0.295236291202955
-0.391163122886323
-0.493617002426143
-0.594992035502640
-0.687601180358766
-0.764607162304324
-0.820390256749980
-0.850424873714387
-0.851113758925103
-0.820022463054698
-0.756434402427935
-0.661597184497527
-0.538420268763179
-0.391036726793497
-0.224536972742539
-0.044846781217765
0.141392554449643
0.327291078726397
0.506483126930807
0.673454847359968
0.823213048701267
0.950874812117348
1.051584914953412
1.120964201280687
1.155887104999458
1.154811023661115
1.117673282775891
1.046118899445452
0.943802527466109
0.816044268916388
0.669029546985171
0.509151463439217
0.342829965675422
0.176630587495467
0.017050581026532
-0.130146038312730
-0.260406065901624
-0.370260212294878
-0.456802699409724
-0.517588052497430
-0.551459089162073
-0.559320421136165
-0.543781618039310
-0.508136426066802
-0.455583095382693
-0.389061829670587
-0.311700229790193
-0.227336789474148
-0.140534871940872
-0.056284458442609
0.020144739084656
0.083452201766101
0.129096297425512
0.154318564489594
0.158671627822442
0.143690036052197
0.112059563297493
0.067004913458374
0.012333297848318
-0.047113425022906
-0.105425164185916
-0.156452101437472
-0.194993703061120
-0.217624574110971
-0.222827653801950
-0.210498322032781
-0.181126792549224
-0.135006910915761
-0.071851742690366
0.008810085998514
0.106661396639578
0.219836053638486
0.344682247206791
0.475818044561907
0.606505892770799
0.729353779964699
0.837035812656846
0.922940228629210
0.981735292796706
1.009611603785935
1.004270695616061
0.964926029871745
0.892346581595948
0.789113577881935
0.660035269372044
0.511948093082204
0.352475810670282
0.188443041518112
0.025110571072591
-0.133274818404843
-0.282647973329958
-0.419206840343229
-0.539846164820061
-0.641988696482651
-0.723205952543156
-0.781505494329598
-0.816153435068903
-0.828102615873732
-0.819791062514094
-0.794458320221099
-0.755138054203486
-0.704227933690752
-0.643863600991547
-0.576264397327877
-0.503784887898420
-0.428749031253271
-0.353250167231295
-0.279268686502672
-0.208828620040276
-0.143585428883104
-0.084113741854473
-0.029935409884627
0.019691216185911
0.065291928599411
0.107193073869255
0.145545144147788
0.180260477685451
0.210791536730838
0.235941854329262
0.254266829336828
0.264811462584693
0.267275510888790
0.261482554095279
0.246757526897949
0.221799148979543
0.185352962272802
0.137108374754330
0.077930069773930
0.009627371903804
-0.065065607878607
-0.142400287499570
-0.217802422663909
-0.286298802692073
-0.343036133375749
-0.383708903099077
-0.404732064251854
-0.403537216286835
-0.379270834972186
-0.333276296932067
-0.268738523206855
-0.189822699490354
-0.101043839211111
-0.007181207197684
0.086451797636819
0.174008474586874
0.249868014403955
0.309724771707109
0.351187571118502
0.373634728227312
0.377717744738773
0.365037307015757
0.338011263169914
0.299487590306546
0.252050202445039
0.197653839397603
0.138035623848587
0.075411382627083
0.012593111024913
-0.047559239345365
-0.102767361747159
-0.151663477921075
-0.193730199286752
-0.229089523766868
-0.258502292646289
-0.283269364300769
-0.304584455806679
-0.322718440825953
-0.336556984563123
-0.343795018002921
-0.342000780093646
-0.329622169738510
-0.305908950652222
-0.270410561912793
-0.222676306256923
-0.162117777691988
-0.088313445884070
-0.001650965082643
0.095982722269225
0.200594753112351
0.306064397240420
0.405005465718064
0.490235971792423
0.556190322706751
0.599446251048934
0.618357025885895
0.612697401490222
0.583722836235092
0.534178170997989
0.468006282898624
0.390051043969622
0.305903027311459
0.221774702796458
0.144252322923285
0.079512784953454
0.032106441228682
0.004287377262507
-0.003823629510607
0.006201876719522
0.031569661439619
0.068681454769445
0.113444894071647
0.161617607878603
0.209149333158819
0.252184736403819
0.286735719130102
0.308673309130674
0.314499601542635
0.302454969700322
0.273100814661451
0.228932846917793
0.173374558844917
0.110008166665557
0.042448743516183
-0.025562816591846
-0.090324229095764
-0.148473007440994
-0.197136069507576
-0.234156742894060
-0.258736962636366
-0.272180302894952
-0.278145312182713
-0.282100781737576
-0.289966301968052
-0.306569775718839
-0.334840032618106
-0.375781601634982
-0.428711166420160
-0.491521855324037
-0.560953000096667
-0.632937257100605
-0.703053945532322
-0.766839630383006
-0.819658258158466
-0.856351208175566
-0.871434894093413
-0.860041325114966
-0.818856145477676
-0.746632542808048
-0.644486382670618
-0.516065185163727
-0.367431734832416
-0.206398576671610
-0.041371051588115
0.119667375353698
0.269556214098328
0.401935764462717
0.511221514800238
0.592967744654289
0.644749711974135
0.667012967927691
0.663164060610143
0.638821138584934
0.600708147441801
0.555653170918591
0.509780078469024
0.467891408090817
0.433139976263664
0.406976147147200
0.389409628532297
0.379513905945020
0.375675603204497
0.375499694444985
0.375900954819874
0.373540774122561
0.365365298847501
0.349002851835800
0.322921402349239
0.286686305750012
0.241505595475926
0.190292495715827
0.136630439650541
0.083435000129405
0.032331588264297
-0.016159610480874
-0.061954693871077
-0.104804079290067
-0.144204053061331
-0.179533976702337
-0.210029542477537
-0.234732347194197
-0.252814823219474
-0.264326129677235
-0.270690873002939
-0.274476327001914
-0.278721394326016
-0.286272125090193
-0.299331634431071
-0.318988616205578
-0.344502811305919
-0.372922783883949
-0.399705649136106
-0.420117334083170
-0.430528436124305
-0.428794263639249
-0.413834275986484
-0.385280253308737
-0.343475581182431
-0.289653638316327
-0.226207540933489
-0.156596046727929
-0.084802500816945
-0.014898315621095
0.049238570395942
0.104333267356446
0.148139029364292
0.179554492443470
0.198441660893753
0.205534369086477
0.202597461741534
0.192647728747149
0.179917640022969
0.169159267959337
0.164565961681721
0.169251599293830
0.185343325769292
0.213985537379217
0.255092383329260
0.306961023568424
0.365968889060009
0.426892070734642
0.483814858875635
0.530937891142101
0.562924959027555
0.575025330064599
0.563351654021944
0.525283916245490
0.459747813038621
0.367398776374072
0.250797745016024
0.114692064170829
-0.033728673753273
-0.185377061964288
-0.330679067501470
-0.460835042612387
-0.568506713960161
-0.648108762875493
-0.695823834370636
-0.709672131946039
-0.689763747397730
-0.638296614863852
-0.559129760195627
-0.457539202975718
-0.340322262695774
-0.215492733749904
-0.091445290155001
0.023916688982531
0.124019973819237
0.204133373547966
0.261156184129475
0.293233433438096
0.299862722278201
0.282156104814755
0.242690981164835
0.185051137101926
0.113491936033482
0.032859147331576
-0.051586886282934
-0.134752822335411
-0.212377595620047
-0.281245424814216
-0.338878151650586
-0.382956660300209
-0.410909270496657
-0.420139776645677
-0.408705232049579
-0.375791668771982
-0.321869026349194
-0.248776021189709
-0.159647920212590
-0.058556382749254
0.049953562047950
0.161232172939831
0.270669518524780
0.373513541615669
0.464749297339429
0.539658477988012
0.594620762812329
0.627266011544288
0.636205100179720
0.620823418618244
0.581167312787994
0.518111318130562
0.433618197382591
0.330545371508694
0.212380145962749
0.083588830473547
-0.049971766746887
-0.181378262643548
-0.303551880846479
-0.410370887931343
-0.497427572658581
-0.561835067291028
-0.601627182157913
-0.615678164066148
-0.603851495924224
-0.566760725021093
-0.505452902239411
-0.421511451421443
-0.317399377615011
-0.196644912971598
-0.063820660770910
0.075638813471201
0.215647889677931
0.349433655518293
0.469564670434590
0.568642764552684
0.640420528072807
0.680669434999311
0.687418241187671
0.660579509596973
0.601594477241222
0.513691691626036
0.402335729881476
0.274940791765905
0.139838416954562
0.005426847483160
-0.120193684709848
-0.229585862872492
-0.316518270132356
-0.376506422089738
-0.406965077479023
-0.406757307648171
-0.375821826848842
-0.315618196777472
-0.230002096789333
-0.125702871052008
-0.011993062074025
0.100608808407131
0.202093544460799
0.284084173725652
0.340202092142414
0.366357670041381
0.361045230687245
0.325441535981913
0.263299462822451
0.180491345232799
0.084297835006213
-0.017175967635708
-0.115639019698849
-0.203610348965505
-0.275276865725112
-0.326738047099004
-0.355927034793649
-0.362496270626590
-0.347692610629434
-0.314364267387857
-0.266849204776604
-0.210343000675990
-0.150168181354093
-0.091407008537029
-0.038751142206219
0.003556091016562
0.031972261796315
0.044398484528559
0.040750498152097
0.022683880732042
-0.006929306184584
-0.044164860417235
-0.084169961217574
-0.121612894909968
-0.151445423514857
-0.169568095575689
-0.172992051963466
-0.159736271739451
-0.128931883129097
-0.081261833563885
-0.019400702395541
0.052055163616845
0.127170878147403
0.199370964311507
0.261978544746932
0.308588057533639
0.333663924189000
0.333551022878665
0.307093394180721
0.255284359939909
0.180635234214145
0.086807315762865
-0.021622604011717
-0.139224504539955
-0.259750694120707
-0.376491501110067
-0.482684624214720
-0.571720935988171
-0.637605857806123
-0.675759359531502
-0.683447643663327
-0.659589401517332
-0.604369692432122
-0.519012352584843
-0.405882785700324
-0.268881611399183
-0.113697981461799
0.052478931150348
0.221701859636167
0.385960781569594
0.537418552494374
0.668501157372394
0.772526125328436
0.844607648962376
0.881901523550079
0.883134351532409
0.848314869113896
0.779194697100690
0.679868646681627
0.556766968652355
0.418135773436733
0.273144039887496
0.130963703316973
0.000306899516221
-0.111103799452656
-0.197432834274303
-0.255183002486653
-0.282967836268187
-0.281249619757501
-0.252313279986697
-0.200353961969412
-0.131558853802700
-0.053765462283077
0.024639995877822
0.095987983959473
0.153976364122894
0.193909350655377
0.212935254869910
0.210071065311810
0.185820961901657
0.141529144675774
0.078840748049031
-0.000198948401093
-0.092510609804001
-0.193659890667882
-0.298232025306136
-0.400526801440774
-0.495257608318551
-0.578055055087827
-0.645529143833896
-0.695166031082097
-0.725425704278326
-0.735543638035590
-0.724738068878589
-0.691684883432160
-0.635008549208302
-0.554451741428640
-0.451800192637392
-0.330845622047267
-0.196547169378566
-0.054250694899018
0.090593832742295
0.232557991804633
0.366566146874095
0.488257122257081
0.593949237723428
0.680201704033405
0.743338117341402
0.779350239876392
0.784721890659559
0.757757003749540
0.699016212095718
0.611042499427374
0.498444363838100
0.367836481273823
0.227114982331507
0.084491949128336
-0.052436187824327
-0.177091787551132
-0.283495329470528
-0.365908258411690
-0.419367816122403
-0.440660017697280
-0.428847156291258
-0.385167066030994
-0.312745257994768
-0.216521070402209
-0.103226165956194
0.019104634827661
0.142174052017764
0.258391114068314
0.361029744205245
0.443799721394903
0.500857543429427
0.527438452706931
0.520576473484652
0.479762100180602
0.407183730316950
0.307280499453476
0.186165737575351
0.051131004416534
-0.090104116466606
-0.230155675323618
-0.362316741697982
-0.480435655731298
-0.578546526384317
-0.650914014290175
-0.692876262830276
-0.701796278000960
-0.677504370475601
-0.622223046307620
-0.540137704824014
-0.437029020549740
-0.319972875688954
-0.196668697862712
-0.074550442784222
0.039791566972163
0.140683750871880
0.223318922228604
0.284167976636223
0.321598067985921
0.335965193592562
0.329137694187817
0.303824375351102
0.263209775688062
0.211149714379225
0.152235167921859
0.091219768236242
0.032337828334875
-0.021019282229221
-0.066162652983626
-0.100642798017539
-0.122238480300682
-0.129702367095176
-0.123246143952164
-0.104101317085656
-0.073693762566971
-0.033143365312586
0.016535092738975
0.073876227368709
0.136854308500496
0.203096886686860
0.269756056031420
0.333301018392677
0.389780025475895
0.435415256648341
0.467227590620878
0.483338350330030
0.482649227085740
0.464369765113572
0.428098328048505
0.374266876827199
0.304288213231191
0.220404366656769
0.125706543914075
0.024396536313892
-0.078119753293446
-0.175728586094998
-0.262685278755691
-0.334642426798582
-0.388880839838639
-0.423889675396907
-0.439089958992823
-0.434884934179620
-0.412776763830592
-0.375440887752577
-0.326599765536160
-0.270667885234888
-0.212380386083824
-0.156508665620736
-0.107515416205886
-0.068910797656710
-0.042611389941376
-0.029042642672782
-0.027917632187160
-0.038795023998394
-0.060955828604148
-0.092952259515671
-0.132325393804065
-0.175702647573073
-0.219114397239124
-0.258204140203902
-0.288528273839345
-0.306261665037074
-0.308898129599247
-0.295420589546981
-0.265932285798772
-0.221205432675936
-0.162684318662142
-0.092843453165777
-0.015345435107735
0.065270236360776
0.144225493040435
0.216980476808124
0.279322223467934
0.327585920614021
0.359210464377193
0.373122070273557
0.369711029675082
0.350504053215021
0.317700545882148
0.273952618136323
0.222581336098136
0.167726053026467
0.113845956245953
0.064948551729101
0.024316815249648
-0.005431421778666
-0.022617804334814
-0.027068275909120
-0.020432782328816
-0.005908237898676
0.012601189589228
0.031354491701927
0.047109433690130
0.056999397200357
0.058549485275944
0.050273272560203
0.032402047193851
0.006867548345847
-0.023402771619134
-0.055144535025583
-0.085062695045307
-0.110031830900035
-0.127559306141260
-0.136303621486390
-0.136080497266582
-0.127481839960015
-0.111671973221900
-0.090456697593365
-0.066395991349355
-0.042669274819994
-0.022406479816396
-0.007871187680004
-0.000255685399341
0.000101589707347
-0.006289542895099
-0.017960908528875
-0.032522984075094
-0.046957720549319
-0.058367112494001
-0.064766002024828
-0.065123843647049
-0.058748561963062
-0.044832060379594
-0.022610915805330
0.008138120206292
0.046752507745116
0.091600499728541
0.140094186784318
0.188704653681861
0.233114636268832
0.268755642405667
0.291723817526295
0.299565210846048
0.291372334034106
0.267479292772895
0.229473412123457
0.180479961276526
0.125101369444895
0.068647848906599
0.016051127021708
-0.028698668558317
-0.062516302481756
-0.083211565963648
-0.089751553263614
-0.082643489794668
-0.064104139876482
-0.037610954931935
-0.007002916794036
0.024141722530712
0.052558065473608
0.075221638416664
0.089610066982539
0.094184097800482
0.088473153225062
0.072604757720654
0.047040454963159
0.012966939892021
-0.027272579407511
-0.070422763168857
-0.113123853545205
-0.152603464721692
-0.186794133753884
-0.214076775127942
-0.233297072375936
-0.244161280939288
-0.247384966987370
-0.244309267423507
-0.236309893884078
-0.224533878192764
-0.210211023472921
-0.195005666580713
-0.180804944075588
-0.169046827855549
-0.160122216755316
-0.153462444466583
-0.148289754230428
-0.144080929408581
-0.140271010903510
-0.135863223249401
-0.129462896422550
-0.119608302359268
-0.105169610071053
-0.085541763339400
-0.060625573798298
-0.030907104762572
0.002444545863685
0.037798015123192
0.073600328298477
0.108724355903554
0.142226399103454
0.173035803213457
0.200101234768047
0.222787804635170
0.241237221000670
0.256371274045181
0.269369477525248
0.281144149607942
0.292387019621612
0.303882734313262
0.316419979955907
0.330272204181820
0.344705889762487
0.358001863499094
0.368085706924126
0.373077286043072
0.371306674661664
0.361344441537271
0.342381752924521
0.314504923648751
0.278480052041957
0.235212157033922
0.185395886224225
0.129638061135776
0.068751538902022
0.003798411443463
-0.064214851157978
-0.134636044813100
-0.206902693264993
-0.279762945185771
-0.350782761405029
-0.416706188228861
-0.474345198372942
-0.521248518515474
-0.555702940727227
-0.576318639591731
-0.581919683026693
-0.571905281251935
-0.546478478462280
-0.506506636314944
-0.453479827953061
-0.389778760598108
-0.318818334813287
-0.244701193569330
-0.171524185036600
-0.102761205336715
-0.041059541365414
0.011623389040915
0.053928620760523
0.085285427945742
0.106091663383761
0.117395975538195
0.120264484744825
0.115584778835915
0.104578262736025
0.089347000236371
0.072606911869885
0.056646188167012
0.042321433647940
0.028920523311939
0.015137565757391
0.000242937714729
-0.015647975086140
-0.031842168681475
-0.047078381101868
-0.059526200789298
-0.067183951016427
-0.068450927043967
-0.062426510811200
-0.048787586197996
-0.027621480431870
0.000438198499056
0.034085857251985
0.071692351425850
0.111933285018895
0.154092909366771
0.197807947767922
0.242434131531641
0.286438993375943
0.327485965613559
0.363365888339554
0.392826136146646
0.415489276265394
0.431218361171979
0.439716052274220
0.440669925646912
0.433972712325673
0.419391659255228
0.395970160872651
0.361943642821802
0.315417891765678
0.255416658873971
0.182542844071037
0.098787119759000
0.006926108118219
-0.089729760450696
-0.187213473620610
-0.280908523631463
-0.365828742258382
-0.437042625121212
-0.490289236272988
-0.522689734739264
-0.533167659172771
-0.522477731384020
-0.492947519284101
-0.447765534731649
-0.390061400538732
-0.322580828198972
-0.248016226972377
-0.169353582300746
-0.089938920343575
-0.013181623215524
0.057834470509861
0.120238455018733
0.171107621409884
0.207863524263152
0.229106621012637
0.235010045067850
0.226872380877828
0.206406128316451
0.175516634914640
0.136493948720904
0.092231915162457
0.046289968056387
0.002502853392507
-0.035784528964301
-0.066190272908651
-0.087324727090566
-0.098750721078473
-0.100897289580206
-0.094857399402391
-0.082180310065536
-0.064721353127285
-0.044570085742556
-0.024033302604152
-0.005449439014935
0.009453330213590
0.020239634414196
0.027602112371804
0.032583885590350
0.036261269270758
0.040066398482575
0.046032916331750
0.056299375589426
0.071957014150346
0.092294189404842
0.115235296165662
0.138328224000152
0.159258885075156
0.175928085605013
0.186640003996631
0.190510084021883
0.187765008771708
0.179562504366066
0.167283547110020
0.151724064277763
0.132829342162095
0.110144270108852
0.083467557134338
0.053256329833337
0.020727934718419
-0.012291952988828
-0.043670787693658
-0.071456846741627
-0.094724617575409
-0.114354085569451
-0.132793346761632
-0.152680512938523
-0.175461282379546
-0.200985756593833
-0.228023703548156
-0.255044259681903
-0.280546984097475
-0.302904830248528
-0.320389312013376
-0.331521429201569
-0.335075193845554
-0.329555350814481
-0.312914257994935
-0.282947805923198
-0.238088628328047
-0.178239725891323
-0.105169310188066
-0.022286010588488
0.065735418603903
0.153357594099799
0.234976515594183
0.305914371540575
0.362926004345441
0.404017485907213
0.427911208029509
0.433530597403709
0.419929509362373
0.386810572545080
0.335110929698878
0.267179519160125
0.186624556912180
0.098046831231317
0.006604220019134
-0.082777254313415
-0.166251696600697
-0.241224737697642
-0.305591772799717
-0.356786533217140
-0.391684812667579
-0.407466052956305
-0.402526489825046
-0.376634608377616
-0.330512901601393
-0.265737402796501
-0.185229350919141
-0.093658276684520
0.002945714646217
0.098412238322044
0.187664268243759
0.266998857897074
0.333476443910582
0.384344253524751
0.417037484545172
0.429498434023436
0.420422005108001
0.389357573250999
0.336906241587738
0.265179503326392
0.178085697277740
0.080923625725768
-0.020499590577341
-0.120593640565533
-0.214169272769042
-0.296275270936661
-0.362352878678558
-0.408908912907529
-0.433951297459603
-0.436613203529696
-0.416569310209454
-0.374090971158729
-0.310541993815614
-0.228636174622426
-0.132339251424962
-0.026624780635042
0.082803969893514
0.189829643526102
0.288338680172359
0.372737361289349
0.438426719203211
0.482015834887596
0.501174856800217
0.494320330576202
0.460525668375453
0.399857378392597
0.313817524153679
0.205571615377879
0.080044086445334
-0.056149434500188
-0.195020182132944
-0.327798436362120
-0.445949440662772
-0.542268506843008
-0.611448842036152
-0.650108076034243
-0.656632780855391
-0.631242621520585
-0.576231501958309
-0.495821443953289
-0.395557580870616
-0.281724430494354
-0.161062773069988
-0.040739973309512
0.071978113769761
0.170887126923363
0.252114395578655
0.314345606128506
0.358084743158144
0.384766492032618
0.396221317328670
0.394594324067963
0.382440691160780
0.362579794114114
0.337760853282660
0.310475934961030
0.282833649620573
0.256217779951052
0.230912843101513
0.206129873699404
0.180496742719185
0.152664693228117
0.121664682541054
0.086862848042025
0.047723371136080
0.003871383286507
-0.044451272957242
-0.096022734146425
-0.148679882581552
-0.199684151025859
-0.246141449199648
-0.285211011823611
-0.314368797158791
-0.331982049181084
-0.337667753109887
-0.332124135496997
-0.316787228251379
-0.293514425931307
-0.264451235497220
-0.232084457477309
-0.198979567475201
-0.167092289349451
-0.137335222994640
-0.109790093295798
-0.084085574959366
-0.059461669273762
-0.034654216202463
-0.007953687993635
0.022436863455022
0.057974790563700
0.099522963221495
0.147352817910565
0.201381497395270
0.261253363492585
0.325904041360307
0.393014642628867
0.459028944691751
0.519628510899633
0.570077801509668
0.605324473700357
0.620271800369169
0.610571673621633
0.573678636411720
0.509453389285129
0.419969714903175
0.308954885476503
0.181461151597343
0.043793974537967
-0.096725102871639
-0.232471030894200
-0.356351171669098
-0.462044243254736
-0.543841412498006
-0.596952774525448
-0.618365155123924
-0.607673577775910
-0.567243098736154
-0.501427378376255
-0.415607094223251
-0.315814414582426
-0.208578019809411
-0.100541570678211
0.002086211182196
0.093973126474644
0.170676219904177
0.228478650246409
0.264626174287386
0.277972013529046
0.269480944540104
0.242066982387067
0.199810039742830
0.147175244916600
0.088678102869646
0.028622527816699
-0.029478686577051
-0.083268367653763
-0.131165917572535
-0.171676893741398
-0.203149456214611
-0.224195762902997
-0.234340518175026
-0.234307396837968
-0.225670957194986
-0.210127140322436
-0.189083156111500
-0.163766991838722
-0.135193747038297
-0.103748238980909
-0.068971664790719
-0.029944695501708
0.013910604975333
0.062062451970633
0.112665267686582
0.163117050310883
0.210838834882468
0.253616841266687
0.289597263942747
0.317278995818065
0.335445119090454
0.343039335610361
0.339155454862656
0.323039271404108
0.294082999077958
0.252080016413180
0.197634770988101
0.132264672633511
0.058186065183723
-0.021795712893644
-0.104082067327423
-0.184108729004895
-0.256767735988001
-0.317313186285315
-0.362072752091434
-0.388654241341702
-0.395859398330721
-0.383689763632860
-0.353610215565945
-0.308607480534048
-0.252577839579767
-0.189540111818728
-0.123329287479319
-0.057618335472015
0.004024165727408
0.058180981822191
0.101962853969292
0.133421235538262
0.151469202082654
0.155635455127037
0.146262938665475
0.124992171620884
0.094855526331300
0.059631435199319
0.022952434477902
-0.011981951892673
-0.042028236984847
-0.063887343510671
-0.074627624761369
-0.072506790112621
-0.057338666441613
-0.030298547112350
0.006431780601933
0.049838792773214
0.096213472107492
0.141726892316657
0.183218704284935
0.218346652406979
0.245053763174377
0.261147945360613
0.264542907896804
0.254067867890969
0.230114084879411
0.194501478242546
0.149965477713090
0.099868247529232
0.048030187457951
-0.001600937941931
-0.045516061551574
-0.081365056270344
-0.108367394684756
-0.126936376106437
-0.137915603617287
-0.142221544977412
-0.140932084704899
-0.135404297619493
-0.127204070221819
-0.117899763716928
-0.109060731825984
-0.102439250308245
-0.099646077487736
-0.101110162667332
-0.105261759363894
-0.108912659670205
-0.108557565500825
-0.101610092114244
-0.086932930757982
-0.064596455021498
-0.035463278552110
-0.001049699048379
0.036625960466208
0.075271244997626
0.112338056373925
0.144958988508853
0.170090911531961
0.184909491355454
0.187425902908419
0.177155983799592
0.155316920866195
0.124281230735687
0.086861268636046
0.046039875510157
0.005075385083526
-0.032480565528893
-0.063297308070081
-0.085155294382256
-0.097383039201722
-0.100444600903733
-0.095405432591078
-0.084019880676790
-0.068969861172437
-0.053496689063232
-0.040580911761585
-0.032293972589398
-0.029761112303980
-0.033586107065720
-0.044069343580818
-0.061024425794326
-0.083539650730004
-0.109856513415148
-0.137510039472940
-0.163715555368900
-0.185639566910528
-0.200510688703516
-0.205883318271541
-0.200084300998386
-0.182498055954155
-0.153374949443801
-0.113383147249072
-0.063478941315622
-0.005088682182616
0.059734467811881
0.128127075096853
0.196411820188148
0.260600260251077
0.316983923132537
0.362304707957960
0.393674935390928
0.408764045214532
0.406263283367849
0.386055038104860
0.349000367341048
0.296737855084242
0.231643989739697
0.156815212141304
0.075599431650253
-0.009255960668124
-0.095832414226393
-0.182276045610497
-0.265873506733737
-0.342971252423457
-0.409797255090137
-0.463131225314877
-0.500267279700961
-0.519053523249686
-0.518585742558621
-0.499846476551126
-0.465421942493952
-0.418493549545826
-0.361867625228730
-0.297550646994596
-0.226946354248758
-0.151192301008651
-0.071219400653268
0.012046817358736
0.097063446828152
0.181315618572987
0.261751487870413
0.335664757080070
0.401374486229355
0.458125130911218
0.505305196042852
0.541894669562950
0.566532105582841
0.577651728834659
0.573596170871704
0.553121138226297
0.515948666182496
0.462884788001257
0.395673131815083
0.316694007429707
0.228683592614017
0.134815191302909
0.038903956606269
-0.054673031491992
-0.141343642578718
-0.216879206646368
-0.277820467108849
-0.321537220233327
-0.346232694224466
-0.351176154654656
-0.336881984410927
-0.305051916505195
-0.258465088549578
-0.200859010005018
-0.136608869644911
-0.070268510894003
-0.006264299450342
0.051296032124295
0.098930161098349
0.134145175479227
0.155543654612268
0.162597945276304
0.155381000489653
0.134589696636244
0.102009498667666
0.060818997246845
0.014984336992634
-0.031743849451478
-0.076152108924960
-0.115151837677660
-0.145731088130546
-0.165803289436490
-0.174817194396110
-0.173286777986617
-0.162073443548754
-0.142318672013711
-0.115857149329026
-0.085399509643141
-0.054002783189130
-0.024264805264121
0.001877213342106
0.022815293245402
0.037159898140217
0.044072955538162
0.043662379248257
0.037004576051427
0.025747035813995
0.011497882669611
-0.004627598588264
-0.021833058652364
-0.039157217271942
-0.055346513899363
-0.068948832785917
-0.078531932698476
-0.083089508347518
-0.082257634273581
-0.076349279866949
-0.066412781267944
-0.054083114281546
-0.041150619218043
-0.029191211699133
-0.019552373864499
-0.013554765205167
-0.012593054882941
-0.017840439766745
-0.029590525740983
-0.047039003082272
-0.068822318790572
-0.093462754555643
-0.119302848551137
-0.144317176566620
-0.166085372906335
-0.182034422217960
-0.189774709377401
-0.187180298915327
-0.172314560065055
-0.143630769228722
-0.100632449297141
-0.044542402233374
0.021672102795441
0.093880718801182
0.167558751869485
0.238402548201067
0.302625271474640
0.357278375317168
0.400575757379589
0.431543927965901
0.449207925744056
0.452154168389182
0.438822134202244
0.408398104100868
0.361506739771665
0.300039601864215
0.226533938700616
0.143725728094780
0.054560897940336
-0.037481155715830
-0.128366452600979
-0.213956305059077
-0.290360239875703
-0.353822473470039
-0.400471058533132
-0.426515383356415
-0.429099310953856
-0.407448164275877
-0.363508743457458
-0.301610196340363
-0.227623212847094
-0.148035954911600
-0.068900859599568
0.004985299077201
0.070354031305754
0.125312121939433
0.168786307908532
0.199936782903784
0.218159336754170
0.223481984911546
0.216754704222104
0.199607141763830
0.174431402286807
0.144392202701848
0.113313249761308
0.085264413339789
0.063797277215948
0.051128685970449
0.047735715694201
0.052543465423725
0.063470426096599
0.077937010749434
0.093178958537877
0.106576728914552
0.116097568966283
0.120457528988098
0.118733829828442
0.109951554901597
0.093378991402495
0.069338668164670
0.039581168964567
0.006774635680015
-0.026469319896011
-0.058303998881329
-0.087645527615692
-0.113824524343849
-0.136463733177879
-0.155503320837608
-0.171106005572724
-0.183299966978823
-0.191538193216088
-0.194770731076058
-0.192036840673640
-0.182946447969427
-0.167747855843709
-0.147104242945766
-0.121947159839674
-0.093676068178355
-0.064338333062443
-0.036210268627452
-0.011038743291990
0.010186322833016
0.026785072304672
0.038002856726914
0.043172734069586
0.042055689008509
0.034754391873299
0.021185009157106
0.000686838974706
-0.027530669913357
-0.063162515700283
-0.103986608151729
-0.146239754992300
-0.185630731025377
-0.218277166337008
-0.241363742388777
-0.253385575474534
-0.253990469458407
-0.243574147942685
-0.222616656063441
-0.191107850801918
-0.148769745471037
-0.095986408275608
-0.034667999841899
0.031475308717799
0.097476740667660
0.158298481926938
0.209973859576283
0.250113079613682
0.277825801472132
0.293414013692151
0.297808764206578
0.291802274755068
0.275731168225605
0.249930067815154
0.215463211313210
0.174529106779363
0.130183824108167
0.085504121180851
0.042863407546838
0.003830670058727
-0.030521341992293
-0.059411380590392
-0.082398886938777
-0.099382615737127
-0.110276649160675
-0.114568607161014
-0.111253796760189
-0.099431850665246
-0.079180696952828
-0.051918207074282
-0.020167794203284
0.012772442756199
0.043203804111667
0.067615766176690
0.083466399621529
0.089980451736689
0.088364054844700
0.080927992202407
0.069788146255759
0.056375136243948
0.041843909083544
0.027355733271347
0.013775805275318
0.001325473609231
-0.010331118532784
-0.021559937445257
-0.032254028211058
-0.042015808139152
-0.050840752809969
-0.059354960923585
-0.068380165789355
-0.078539152184908
-0.090286265708804
-0.103987632868897
-0.119747128740601
-0.137098164667026
-0.154833944896755
-0.171286378413117
-0.184874325856978
-0.194305604650415
-0.198422018447496
-0.196110383219441
-0.186472538702598
-0.169281140799136
-0.145312487553641
-0.116050769965033
-0.083098454263437
-0.047914010870046
-0.011848374714627
0.023833866653842
0.058046127355440
0.090004024554198
0.119200330615829
0.145173864207059
0.167345051874973
0.185125262428243
0.198159220660854
0.206549877049722
0.210874769540305
0.211846312351476
0.210113839487631
0.206597762062591
0.202664571534303
0.199564165584879
0.197635177781885
0.196073659078993
0.193475266616497
0.188514612501167
0.180144341520114
0.167509253530273
0.150002706603701
0.127628893864113
0.101313439098282
0.072599119321001
0.042959711265836
0.013481302447945
-0.014815385174416
-0.040593992347534
-0.062458581141349
-0.079477237883393
-0.091311524527266
-0.098024412039769
-0.099826425346927
-0.097068775853060
-0.090580031668052
-0.081754223298298
-0.072035091523717
-0.062318788038289
-0.052935970684697
-0.044181488225331
-0.036725110238742
-0.031542965771818
-0.029613354082589
-0.031701335543708
-0.038369179055005
-0.049980999462805
-0.066396156386299
-0.086653451586446
-0.109187167180435
-0.132426040287422
-0.155177187777611
-0.176579666257908
-0.195853271499101
-0.212200014074274
-0.225001364210914
-0.234062379386983
-0.239618595189477
-0.242040282147729
-0.241450832140610
-0.237653118399404
-0.230363577931462
-0.219302668888284
-0.203978128919011
-0.183586603548645
-0.157447381871180
-0.125621893328576
-0.088893236465058
-0.048014143590234
-0.003168588693119
0.045642139577585
0.097738440893683
0.151346247191483
0.204024376627377
0.253493177476427
0.297973635355664
0.335784317478285
0.364879308772050
0.382969107202270
0.388179089272500
0.379660344880241
0.357765136924787
0.324104066768907
0.281642545899755
0.234378799057645
0.186491406901838
0.141426726073967
0.101408585793245
0.067608824356575
0.040712482966312
0.021108351671674
0.008370990465970
0.000804685032526
-0.004120966953990
-0.008721156885863
-0.014376376794732
-0.021654807229156
-0.030882347469148
-0.042374678568467
-0.056177695187726
-0.071938354547344
-0.089108505544976
-0.106968865480513
-0.124392554089030
-0.139719618271072
-0.150875309349062
-0.155775288839789
-0.152870181200692
-0.141401386998874
-0.121424771128219
-0.093921528380018
-0.060699140746772
-0.023988381020227
0.013853895489921
0.050675274450573
0.084947875287463
0.115703302086646
0.141981039724901
0.162451882435403
0.175597483293928
0.180231912133106
0.175786555301521
0.162262853431321
0.140292196348704
0.111321449788862
0.077606464598071
0.041801179323565
0.006227515464806
-0.027583156090149
-0.058691692114077
-0.086270869270639
-0.109402707970369
-0.127354611532539
-0.140006777832024
-0.147827070969077
-0.151361922220121
-0.150871028955939
-0.146374527104016
-0.137836349032902
-0.125308283414889
-0.108958452486800
-0.088950039015968
-0.065467676830961
-0.039013364499370
-0.010431350426318
0.019465087163165
0.049842286941128
0.079266459551757
0.105652875605213
0.127013867915831
0.142199508594707
0.151141516715201
0.154599256459697
0.153539219791320
0.148575505047938
0.140034668082026
0.128414170677013
0.114346179087450
0.098139773619597
0.079733009011266
0.059056784272387
0.036318276791871
0.012064885051119
-0.013046029019416
-0.038590617479032
-0.064256665783587
-0.089373713781675
-0.112906381086300
-0.133946211198526
-0.151944644128689
-0.166451663371176
-0.176890376140205
-0.182648319335895
-0.183253171422414
-0.178536009393338
-0.168691205737640
-0.154137800110772
-0.135521022392646
-0.113945487092953
-0.090987128581694
-0.068367685146282
-0.047536262311623
-0.029308303364967
-0.013763433424840
-0.000566324210734
0.010632640801637
0.020199589984689
0.028636771450566
0.036309272564557
0.043060179365994
0.048287334095303
0.051501915014000
0.052766346627031
0.052528658063165
0.051153409261443
0.048715030979719
0.045228678953876
0.040930745387327
0.035975188975505
0.029762789073883
0.021041918067053
0.008980504796376
-0.006076090235386
-0.022819495169113
-0.039567036116036
-0.054745457195379
-0.066948807617497
-0.074608278127142
-0.076139637880441
-0.070653434753811
-0.058201859023474
-0.039338281625381
-0.014600291246982
0.015678166950504
0.051079058667681
0.090544516953802
0.132134373508422
0.173373401667033
0.211726373842867
0.244726663811179
0.269956829499666
0.285371968386324
0.289902274475156
0.283567051053509
0.266887079089657
0.240382057808798
0.204697148734457
0.161087219580923
0.111553658487156
0.058294894479905
0.003039105214025
-0.052941562687034
-0.108132023811097
-0.160390095732227
-0.207547831322469
-0.248115106288453
-0.281047805037128
-0.305020053975536
-0.318322957210562
-0.319761888561126
-0.309648141610074
-0.289625436425622
-0.261572722939730
-0.227009860068428
-0.187456652318894
-0.144941788013499
-0.101882580730776
-0.060443714828015
-0.022146684422578
0.011976587410717
0.041050883025355
0.064131285812007
0.080295796744391
0.089106645249483
0.090842468787009
0.086034422432160
0.074981525143332
0.057953805964244
0.035654933583093
0.009364157354254
-0.019274474402047
-0.048577828370708
-0.076868560684464
-0.102340334236975
-0.123271859192541
-0.138488434554788
-0.147537411924226
-0.150362398404464
-0.146774449997925
-0.136246898045559
-0.118242463231466
-0.092888864196887
-0.061357916090083
-0.025332773993879
0.013834665156904
0.055158019966909
0.097342571088730
0.138441701419180
0.176345528843595
0.209466226437070
0.236717802222255
0.257080693371123
0.269797017561741
0.275063951264848
0.274126339919593
0.268490548976871
0.258957462037924
0.245287277966138
0.226832243366692
0.203456755102400
0.175745865459531
0.144626582657823
0.111138455343692
0.076473227255403
0.042071772511733
0.009535650642488
-0.019881600572531
-0.045730382712615
-0.068042939855238
-0.086644928370029
-0.101094789286399
-0.111245567323744
-0.117539930266540
-0.120602813332057
-0.120633343273384
-0.117240999506668
-0.109918514734502
-0.098855400243114
-0.085246267110245
-0.070716959784500
-0.056814505635741
-0.045201092372168
-0.037816150717234
-0.036353260457803
-0.041496957894813
-0.052628066185989
-0.068078598196003
-0.085764392924890
-0.103895999655257
-0.121138543543626
-0.136291631370117
-0.148241299583263
-0.156096782421615
-0.159033789986821
-0.156112140123038
-0.146388755049984
-0.129331823228404
-0.105547959232905
-0.077231272906569
-0.047460711376603
-0.018897815029387
0.006669253983344
0.027898226079711
0.043633515395404
0.053076228123588
0.055921344007597
0.052347644663715
0.043076831314227
0.029442817093328
0.013430155717733
-0.002322499575031
-0.014989585271043
-0.022396530287165
-0.023448575540149
-0.017965246549351
-0.006224611707726
0.011303047711614
0.033617596785645
0.058832403662644
0.084678431008318
0.109410420828193
0.131981476289424
0.151466462873099
0.166631065088258
0.176123654404522
0.178994230537620
0.174945698288381
0.164275032523606
0.147930877655611
0.127586747649946
0.105422901073071
0.083686819472915
0.064144539944558
0.047572880556717
0.033643961559496
0.021429271749909
0.010059009907309
-0.001209814167514
-0.013294703521069
-0.027076580589323
-0.042677743517067
-0.059159283062016
-0.075076679685879
-0.089245574168821
-0.100913157745057
-0.109337359463695
-0.113461151107665
-0.112188732907331
-0.105006116672602
-0.092333514332118
-0.075329576071255
-0.055359398476402
-0.033616471638252
-0.011192717438188
0.010686812847141
0.030732061459902
0.047771970292002
0.060569023673476
0.067636717974664
0.067783347379362
0.061012112925551
0.048697404227428
0.032890663442661
0.015556013577285
-0.001816931192199
-0.018216423310480
-0.032760086941966
-0.044423775885510
-0.052286925109438
-0.055882633790788
-0.055067386773408
-0.049717096096090
-0.039851958851496
-0.026021879851855
-0.009503799590806
0.007784308477218
0.023818058863425
0.037228922601270
0.047437535894731
0.054036780156144
0.056412573088728
0.054218601856245
0.047967089400998
0.038852668147987
0.028069559503961
0.016338333011549
0.003942827745425
-0.008918098874719
-0.021951315033669
-0.034934341648046
-0.047700241600850
-0.059579732604324
-0.069024331337851
-0.074185433317040
-0.073911604588782
-0.068146943061253
-0.057619208360318
-0.043434270569740
-0.026978648344926
-0.009920253572181
0.006130403613845
0.020315542076774
0.032906606875360
0.044765036153607
0.056375839709093
0.067359100798871
0.076653417133303
0.082986099361375
0.085118493971365
0.081763136539344
0.071639948851378
0.053961416586853
0.029036747887564
-0.001594640352264
-0.035670888928907
-0.070847666781430
-0.104997093779496
-0.136216839945008
-0.162860492222741
-0.183671838559668
-0.197837919420626
-0.204791337742255
-0.203738316617942
-0.193446425627424
-0.172863472292303
-0.142020563730633
-0.102319066480821
-0.056142275726831
-0.006300808847729
0.044305084250521
0.092896064940120
0.137160487000386
0.175665164351468
0.207999329597075
0.234494916017342
0.255715681412385
0.272046627266000
0.283577977143905
0.290194115123691
0.291595381086584
0.287255552668314
0.276710319881795
0.260179870699565
0.238824052420460
0.214252031487078
0.187732691478003
0.159751441487227
0.130287229199184
0.099491100357686
0.067987604504882
0.036656199910871
0.006383392767360
-0.021952415951913
-0.047453091988041
-0.069382280658828
-0.087517574641633
-0.102451222530215
-0.115526284909443
-0.128218464829954
-0.141447603811324
-0.155432277680025
-0.169829015482342
-0.183725201553616
-0.195731756465650
-0.204475638023976
-0.209213760923755
-0.210035431088371
-0.207553897490669
-0.202392392957881
-0.194746781962254
-0.184283382748999
-0.170426829132273
-0.152666349799034
-0.130666373837908
-0.104454831846019
-0.074725062907297
-0.042903265579869
-0.010804586564178
0.019989930266969
0.048512303352415
0.074065888026404
0.095595853614692
0.111664556256992
0.121139979844999
0.123856210635736
0.120541440586373
0.112059598923293
0.098804593194721
0.080912165082371
0.058975714286355
0.034451425451540
0.009284145883059
-0.014842035580635
-0.036749979108276
-0.055439222001270
-0.069848015954238
-0.079042827372305
-0.082690668100563
-0.081244150990148
-0.075546157815643
-0.066469415865032
-0.054833597660106
-0.041198266889561
-0.025592536260074
-0.007489975618715
0.013747316407674
0.037993434439143
0.063774094507078
0.088649560959468
0.110231106452414
0.126861444624526
0.137559802042538
0.141797993987933
0.139580868421284
0.131559906583492
0.118915220946048
0.103094452816794
0.085428205924449
0.066840889470788
0.048051686107814
0.029894563023653
0.013089022525862
-0.002181717186913
-0.016122774322044
-0.028739543382460
-0.039478257967081
-0.047392991378931
-0.051710069292126
-0.052280815068436
-0.049324644660632
-0.042881075237287
-0.032913062749109
-0.019856709239558
-0.004888920587360
0.010247567049167
0.023781186134279
0.034452738384096
0.041499972486138
0.044168196037527
0.041526901543616
0.032947752224321
0.018615108113069
-0.000533454708154
-0.023201313391672
-0.048008424977475
-0.073532786928591
-0.098286259981575
-0.120891051744304
-0.140347490290746
-0.156028689432589
-0.167483209469989
-0.174451292421592
-0.177104834719347
-0.176002384114778
-0.171558828805632
-0.163657134903432
-0.151972458470747
-0.136564936065753
-0.117997669236640
-0.097017647898763
-0.074143708289338
-0.049384875330343
-0.022418344676545
0.006840544178643
0.037832629796204
0.069468713723848
0.100587829629613
0.130183849705651
0.157136881508271
0.179916199353176
0.196720683440277
0.205896534353644
0.206272480491237
0.197329687081200
0.179194994210065
0.152529421535648
0.118491558841549
0.078685063155459
0.035032998357664
-0.010214060992515
-0.054450509625635
-0.094998374302839
-0.129582316054539
-0.156600693681633
-0.175046162204382
-0.184173589591879
-0.183212398538438
-0.171613154937123
-0.149831058853341
-0.119859657459048
-0.084879224562105
-0.048248514009388
-0.012661008818154
0.019909690943098
0.047722600623275
0.069081738502949
0.082840749448547
0.088951174565299
0.088155542592880
0.081134051996512
0.068333160077862
0.050615694284149
0.029676982208078
0.007809604301089
-0.012563417687491
-0.029219259343591
-0.040225507555405
-0.044041270432125
-0.039876385830248
-0.028064865372226
-0.010004418103556
0.012448638950048
0.037620980308152
0.064119743280459
0.090558344961826
0.115408574538690
0.137071005057768
0.154118922065643
0.165537183283140
0.170604769781499
0.168702974850938
0.159612236883731
0.143935245894241
0.122897012559612
0.097645987275312
0.068818618109641
0.036834901640164
0.002620519332153
-0.032216895936615
-0.066000418549680
-0.097370200647253
-0.125080473062807
-0.147898661213279
-0.164887957970590
-0.175801099312953
-0.181200923109968
-0.182051720887174
-0.179149046782632
-0.173064048395936
-0.164546166344056
-0.154746002499805
-0.144976721136219
-0.136235077050001
-0.128841315942015
-0.122314007654243
-0.115530113617536
-0.107257404680937
-0.096605741702922
-0.083086237642962
-0.066710415453683
-0.048123706802861
-0.028342441238710
-0.008230942178783
0.011847104538877
0.031938428646768
0.051990018434209
0.071394280121693
0.089120565559316
0.104247693409254
0.116262625736056
0.124966426795455
0.130323510412693
0.132564997220489
0.132485333481616
0.131347446458021
0.130149136294494
0.129001309695168
0.127243920195515
0.124106180171046
0.119288541919360
0.112921904470006
0.105182725873150
0.096240977757493
0.086554184265322
0.077039130066812
0.068748509584464
0.062269051026222
0.057564028759084
0.054311689951609
0.052121193737768
0.050455910587521
0.048461292441744
0.045004344093409
0.039127308221041
0.030425433849848
0.018882536487593
0.004575392877215
-0.012229525805247
-0.030813586679425
-0.050204017648394
-0.069840680585221
-0.089945055092321
-0.111059220083195
-0.133134571374934
-0.155058561412016
-0.175067472414320
-0.191549008890955
-0.203389136797492
-0.209764232518099
-0.210047462787645
-0.204057052206820
-0.192148602578416
-0.174945892667138
-0.153024539282953
-0.126779680117815
-0.096577944206913
-0.063173378305403
-0.027976595008993
0.007180957180862
0.040488357495124
0.070355228455883
0.095508497823019
0.115196553614294
0.129331649973518
0.138524656057515
0.143844107433255
0.146038296842346
0.144835674550280
0.139162048741705
0.128017522540049
0.111084718404404
0.088702307433655
0.061607948181839
0.030828811561513
-0.002229644572062
-0.035671985909166
-0.067279250551191
-0.094869731114417
-0.116545655539133
-0.130828944692913
-0.136761146277436
-0.133999223680319
-0.122878688104499
-0.104298221573131
-0.079449277461389
-0.049597203553113
-0.016142460996571
0.019105456475711
0.053992612827776
0.086539074500490
0.115255348450940
0.139076501848487
0.157243587116019
0.169213542796700
0.174833529163156
0.174698059134784
0.169968313317281
0.161754116448225
0.150835288419007
0.137761825253664
0.122940276945025
0.106650012463002
0.089130726297789
0.070762506981400
0.052269436888267
0.034809315483479
0.019624573064533
0.007250652227872
-0.002959619461173
-0.012406944317867
-0.022347812806072
-0.033330766131860
-0.045254172102672
-0.057726782034370
-0.070119338842443
-0.081238528349186
-0.089389713445117
-0.093077282773565
-0.091630947902440
-0.085299899635691
-0.074908913263676
-0.061338031545175
-0.045320688487382
-0.027768854146241
-0.009923515422076
0.007097882277325
0.022630161657897
0.036219980273977
0.047352584792092
0.055570913369728
0.060787847741908
0.063424905297878
0.064177307390734
0.063542187653734
0.061657819740485
0.058729178460785
0.055494926172499
0.053089299742325
0.052429553765172
0.053800224513164
0.056904229662447
0.061095372987278
0.065479927390619
0.068839675514812
0.069728934584992
0.067013667268575
0.060379684796515
0.050113837396865
0.036410687881830
0.019146836864628
-0.001720936808438
-0.025714078060539
-0.051706497345855
-0.078153503822881
-0.103390093753450
-0.125594608334654
-0.142582802837777
-0.152090125935373
-0.152529765419518
-0.143457937490050
-0.125494167678838
-0.099954958479020
-0.068427899648017
-0.032623239951961
0.005518627722534
0.043884994501322
0.080385448110659
0.112935719043045
0.139310293362572
0.157252248830859
0.164920673677299
0.161395916244470
0.146948454278204
0.122832273668296
0.090672894407984
0.052175293890774
0.009479718538283
-0.034692550379317
-0.077500661411395
-0.116397971961584
-0.149332623499525
-0.174889378991845
-0.192163164630345
-0.200585510327714
-0.200068971482317
-0.191142854076917
-0.174743710594754
-0.152008304683298
-0.124479403284497
-0.094375815749652
-0.064387968809098
-0.037088315022261
-0.014307388847854
0.003180799189300
0.015363711446063
0.022431122235395
0.024720604123444
0.023028619267668
0.018531153444206
0.012345806228681
0.005262874461586
-0.002068032952856
-0.008660934762399
-0.013097071525163
-0.014184963876179
-0.011693315910614
-0.006123659356266
0.002155954295101
0.013086227699215
0.026398656558273
0.041392819283629
0.057051659458404
0.072169075525942
0.085578194355845
0.096233122192849
0.103046548789616
0.105013125714472
0.101564346303558
0.092667226171931
0.078712490343406
0.060286500528878
0.037885796829555
0.012063441945761
-0.016042250182398
-0.044699605002323
-0.072105283990134
-0.096663631095981
-0.117022967766782
-0.132130561515434
-0.141328568260298
-0.144607310536938
-0.142665747253765
-0.136286498346951
-0.125710609611974
-0.110912661388620
-0.092309200209495
-0.071053303579333
-0.048696791948721
-0.026474507972101
-0.004966886326098
0.015461791912504
0.034117700637010
0.049982608016653
0.062160788378550
0.070297335109159
0.074619624083647
0.075723809799043
0.074485165047228
0.072034459456151
0.069454611666155
0.067342962427357
0.065629322216815
0.063712729504544
0.060879824971707
0.056742635192896
0.051217511672525
0.044256478376354
0.035948746010739
0.026887382743478
0.018264258720408
0.011460484050949
0.007368388156306
0.006090316509729
0.007344900569764
0.010977447063892
0.016819736087386
0.024179204163510
0.031883948468663
0.038924037154668
0.044886039187945
0.049811626101884
0.053594241862141
0.055389123014518
0.053850171159595
0.047979428429521
0.037448376532052
0.022331691530671
0.003013226798881
-0.019607885367152
-0.043968990529299
-0.068110643808134
-0.090363263907892
-0.109816346613141
-0.126007113535160
-0.138224519975992
-0.145324117755945
-0.146232149703831
-0.140465481213367
-0.128222458189431
-0.110253288198320
-0.087802885959860
-0.062632381034512
-0.036926358547555
-0.012902965105138
0.007794879601322
0.024427815686245
0.036875614770801
0.045197140932143
0.049581593208862
0.050533926785476
0.048880461651182
0.045529057559942
0.041177192724484
0.036259620619528
0.031217794151872
0.026720821288983
0.023623909568521
0.022758668928563
0.024656386034641
0.029484023860005
0.037173490797703
0.047320418020465
0.058915165535443
0.070398117856695
0.080167838336204
0.087030583372038
0.090115773016391
0.088601391321757
0.081793316106029
0.069509789506155
0.052441126429287
0.032116154532288
0.010301545767629
-0.011601782050878
-0.032458768157752
-0.050991136233733
-0.065818633044722
-0.075795061104847
-0.080287596428868
-0.079280530663821
-0.073223802675935
-0.063022372837418
-0.050364407913437
-0.037689258334256
-0.027399814750109
-0.020972566844710
-0.018656566365699
-0.019791827426599
-0.023369541711092
-0.028376944795482
-0.033745518794938
-0.038289960426081
-0.041063987772562
-0.041756578981435
-0.040577163996252
-0.037793474251814
-0.033374975741349
-0.027032564544172
-0.018535676621264
-0.007846841910378
0.004974621391215
0.019762963748706
0.036014851845628
0.052592082803594
0.067811826619507
0.080098815470534
0.088524316761954
0.092730068015173
0.092506330496258
0.087510017172536
0.077510790202542
0.062919946713661
0.044873612934095
0.024841835974493
0.004251440145305
-0.015634516687112
-0.033543097170971
-0.048099073612213
-0.058135446363252
-0.063003481091827
-0.062512143975056
-0.056698682601718
-0.045803304953756
-0.030541470420129
-0.012232495960310
0.007629744339196
0.027938885050602
0.047963817859296
0.066852033677174
0.083281967008960
0.095635110210051
0.102565396652350
0.103356328609663
0.097652125189417
0.085119843999294
0.065660023462889
0.039903387482944
0.009494648890668
-0.023143242889686
-0.055531050230872
-0.085623397158690
-0.111674109888805
-0.132153243682626
-0.146012999434074
-0.152822269178190
-0.152662286153288
-0.145880131007410
-0.132864937685003
-0.114279521854804
-0.091541320005930
-0.066748474811884
-0.041961351772507
-0.018608552684179
0.002494790373861
0.020778534763569
0.035578475480845
0.046142939824305
0.052103153284683
0.053820067815022
0.052126024363315
0.047938751066575
0.042259599011202
0.036324910299733
0.031474355453335
0.028772371848173
0.028809881184447
0.031844040435268
0.038016036842112
0.047354621086170
0.059401618344709
0.072798102023698
0.085532976245923
0.095737288691114
0.102150189141345
0.104023290402303
0.100955602486467
0.092967438902792
0.080766938622666
0.065839327163006
0.049940288620565
0.034329918990608
0.019519542100099
0.005638342169546
-0.007072650976362
-0.018120802047142
-0.027093238343607
-0.033936102079364
-0.038702881473824
-0.041280382053927
-0.041731895330118
-0.040807827527590
-0.039828707581361
-0.039996721338342
-0.041830406244070
-0.045167107671718
-0.049561517152141
-0.054550968984431
-0.059446247248898
-0.063088952471140
-0.064184433816883
-0.061889232893561
-0.056083805003531
-0.047197943801477
-0.035699964224176
-0.021837662502480
-0.005990416809635
0.011031441411625
0.028265360816794
0.044914582403505
0.060131179981547
0.072659989788300
0.081004586732868
0.084068934322836
0.081671740096734
0.074442911327511
0.063229858189614
0.048592328716199
0.030895655582062
0.010909515010596
-0.009920797485851
-0.029922830498899
-0.047757517320995
-0.062612637653258
-0.074021658085689
-0.081558151526142
-0.084913358374521
-0.084252292800093
-0.080154194508929
-0.073141406828797
-0.063421151571032
-0.051135266033667
-0.036792806353944
-0.021343816253755
-0.005828904274044
0.008947299502544
0.022359119696299
0.033656806103850
0.041940947649601
0.046637505513329
0.047952669594848
0.046727106106730
0.043838885557890
0.039826241813146
0.035052231806728
0.029972238896500
0.025112667940560
0.020872346382247
0.017353294539073
0.014522970629595
0.012563010716811
0.011660661814495
0.011396451944877
0.010674526349293
0.008299654045846
0.003552730800241
-0.003711070810752
-0.013432635562455
-0.025658324675256
-0.040251311221174
-0.056357810340957
-0.072523468836620
-0.087387210332008
-0.100086542837920
-0.110140644739175
-0.117104267903505
-0.120329997392424
-0.119225006846856
-0.113764671448558
-0.104535342811033
-0.092342354443902
-0.077982679558194
-0.062245552799284
-0.045909925199852
-0.029724111106435
-0.014274730636185
0.000183426555922
0.013581790710740
0.025696005584850
0.036110479868333
0.044706223191879
0.052219529766349
0.060073390835118
0.069565185317516
0.081263446543114
0.094979338923139
0.110096204512445
0.125859030884152
0.141349731380172
0.155376012680822
0.166639589638674
0.174059763034985
0.176901533608401
0.174689327705337
0.167192037276639
0.154641865662675
0.137914855909832
0.118301822742161
0.097027083144132
0.075001655085770
0.053035683720568
0.032299582699700
0.014439601488098
0.001058559146711
-0.006916468536433
-0.009433355621821
-0.007116586026390
-0.001045047738251
0.007218467912327
0.015588881607710
0.021869441891488
0.024396337954436
0.022227988234469
0.014901412086448
0.002274115846003
-0.015501797374099
-0.037906920010998
-0.063897993835123
-0.092017873699403
-0.120745080112820
-0.148535171165406
-0.173427615901527
-0.192856153550792
-0.204224552343620
-0.205837474570558
-0.197304685466031
-0.179157977328778
-0.152242053727778
-0.117569752609802
-0.076620358406095
-0.031455363590675
0.015585183701782
0.062185999941950
0.106112076556755
0.145262425730336
0.177907727318327
0.203053236892357
0.220613459644444
0.230954111388459
0.234103471265087
0.229538979512428
0.216770438048781
0.196109198031502
0.168870570552065
0.136853661507999
0.101715056727117
0.064719209309104
0.026785547352295
-0.011342350279290
-0.048871964450517
-0.084763692088601
-0.117644187493034
-0.145936540972317
-0.168303925726294
-0.184119314065910
-0.193490916635093
-0.196830836632114
-0.194318107021761
-0.185741113425330
-0.171076603873793
-0.151274085556881
-0.128208959507277
-0.103862318066835
-0.079707580561497
-0.056726828308450
-0.035790876676816
-0.017884313458108
-0.003835263689257
0.006032189016798
0.011761777356503
0.013382224530128
0.010803243119243
0.004066473804952
-0.006300965259441
-0.019224605086539
-0.033460393638902
-0.047908511492851
-0.061527328593164
-0.073275814487003
-0.082297997106832
-0.088073110517582
-0.090427556581074
-0.089363963599667
-0.084834818789429
-0.076871098760753
-0.065920778793872
-0.052880354850396
-0.038792131190233
-0.024364525798920
-0.009595495390301
0.005997232209131
0.022707688661317
0.040322191063152
0.058292418492073
0.075897181687694
0.092232070318235
0.106250493420345
0.117063308439860
0.124395679627772
0.128600740819000
0.130054439283514
0.128660842877737
0.123960024247513
0.115601454720761
0.103688173220997
0.088709686216901
0.071369268000418
0.052632506583986
0.033726188622619
0.015908892753158
0.000176097817116
-0.013001944604820
-0.023632293997797
-0.031721422607387
-0.036942796836834
-0.038890723738956
-0.037594451469841
-0.033761176888029
-0.028515253802696
-0.022967649630658
-0.018163507200866
-0.015182710975456
-0.014865658206316
-0.017393992315697
-0.022190401823663
-0.028210310636452
-0.034483612711089
-0.040484092985962
-0.045891414277100
-0.050119815612368
-0.052289158223302
-0.051617143863495
-0.047824066789392
-0.041105189885809
-0.031675322359783
-0.019660913419955
-0.005536838718523
0.009658101851019
0.024606803849465
0.038132929801432
0.049400554022661
0.057762501196750
0.062611701287201
0.063595004322908
0.060930785870281
0.055403905160179
0.047941486589899
0.039094943494076
0.028977958496798
0.017723134986438
0.005822829795915
-0.006031267440947
-0.017225958099640
-0.027212789637620
-0.035368049932187
-0.041106674878035
-0.044296625166513
-0.045583365299354
-0.046125260579772
-0.046923370809309
-0.048483851634823
-0.050855637738281
-0.053718182218812
-0.056586493960906
-0.058958140749150
-0.060236197437894
-0.059835884949454
-0.057571406694113
-0.053802214568237
-0.049114446046002
-0.043880249775304
-0.038186729821886
-0.032218405346958
-0.026486290099662
-0.021511117456839
-0.017453400546785
-0.014195210333516
-0.011679424319600
-0.010007005307301
-0.009182021884033
-0.008889796851447
-0.008607823514562
-0.007919234177992
-0.006687938964790
-0.004925935690886
-0.002560349579405
0.000571551044536
0.004464302583439
0.008734172232355
0.012803175281689
0.016384528099000
0.019660714399484
0.022889045894942
0.026021352006839
0.028821111606837
0.031180615126483
0.033228609676966
0.035235191568347
0.037458676892781
0.040083955336996
0.043349512270885
0.047587517310722
0.052926850160151
0.059000407822009
0.065117164789190
0.070815657604034
0.076131624692971
0.081164110962928
0.085468104138365
0.087973856038250
0.087517490693492
0.083508635241702
0.076074578731176
0.065607334416611
0.052382886882054
0.036737117688742
0.019440968922546
0.001658436194975
-0.015457167801603
-0.031045788255463
-0.044470408617701
-0.055010228063852
-0.061732968840905
-0.063810692123070
-0.060911943829956
-0.053215065092989
-0.041184535264736
-0.025502341416144
-0.007180066784021
0.012414048003483
0.031799229136076
0.049795651600682
0.065714958653098
0.079102569236197
0.089426582418774
0.096174994680434
0.099155460431766
0.098572656031513
0.094831275608078
0.088259111463618
0.079077586396967
0.067697585060031
0.054839543454898
0.041237262456340
0.027365829676427
0.013482897271023
-0.000110763051263
-0.012871145022791
-0.024229765510284
-0.034044873967805
-0.042644154068856
-0.050395513157916
-0.057390646365573
-0.063555222448889
-0.068921193368715
-0.073689196815299
-0.077966396946574
-0.081504386671761
-0.083849586091322
-0.084670160171781
-0.083786367040818
-0.081034745868996
-0.076301003678305
-0.069719527255512
-0.061896340506433
-0.053922355343239
-0.046949596334784
-0.041624550528999
-0.038048345007355
-0.036290925649883
-0.036652579655909
-0.039289169429163
-0.043778679120060
-0.049181789875210
-0.054537412913551
-0.059319976257056
-0.063376437733437
-0.066512612097747
-0.068391845436805
-0.068815814124064
-0.067883507991994
-0.065806568244606
-0.062549750033030
-0.057713790955454
-0.050930198919008
-0.042356304416823
-0.032629586935893
-0.022316085830862
-0.011606315511534
-0.000642597177011
0.010113108680253
0.020007672385917
0.028587683278766
0.035793926609848
0.041757475048655
0.046456865039878
0.049719266689640
0.051538800086769
0.052234314228654
0.052292721355985
0.052130913317874
0.051980715620346
0.052012722320791
0.052502643974658
0.053616753818282
0.055006575476117
0.055925388639566
0.055903206332265
0.055124943894557
0.054109188944607
0.053230253521540
0.052534345452044
0.051909983302886
0.051459391061554
0.051565938405505
0.052442733437400
0.053771269317555
0.054942954176341
0.055545596371692
0.055549469433035
0.055170003886122
0.054642663623506
0.054114619523747
0.053730283977607
0.053618726383922
0.053604244081263
0.053025430054655
0.050937664045923
0.046583395172025
0.039775410249099
0.030735351201184
0.019628545749726
0.006546040964844
-0.008102651844953
-0.023455017345238
-0.038531713888950
-0.052652194947402
-0.065454662349465
-0.076502483029165
-0.085022678038644
-0.090163756257422
-0.091516600599611
-0.089355912479052
-0.084329176594963
-0.077092458095213
-0.068439530494090
-0.059464721348773
-0.051258126392716
-0.044397194151093
-0.038722505067391
-0.033722861104141
-0.029203055829820
-0.025506041831249
-0.023144847964101
-0.022322926201306
-0.022883911831064
-0.024629296528090
-0.027400976485308
-0.030811392069545
-0.034062956032762
-0.036128563590858
-0.036175634063655
-0.033869718102699
-0.029288560857010
-0.022525663486625
-0.013411302226165
-0.001721738535545
0.012394049429932
0.028310769725680
0.045146388151027
0.061916965799749
0.077436042357179
0.090227238185755
0.098905179100952
0.102798081488295
0.102068608669496
0.097283838737746
0.088991752437278
0.077672504293549
0.064002244098619
0.049023249835835
0.033995855653064
0.020127026155032
0.008469302795149
0.000050969035691
-0.004103550878165
-0.003289618232710
0.002594029657904
0.013130172015264
0.027663771771844
0.045460192899293
0.065570468590680
0.086593642829105
0.106752096382598
0.124326824954901
0.138009632117447
0.146818836749975
0.149884653511017
0.146514979312816
0.136445900728049
0.120113527528622
0.098678372817043
0.073571271352637
0.046054626505868
0.017375389112009
-0.010839625016730
-0.036706706533362
-0.058712818291785
-0.076136991079050
-0.088855625631680
-0.096844826040878
-0.100011549082738
-0.098494671066346
-0.092980563256210
-0.084618934209118
-0.074601361308500
-0.063947380232770
-0.053692502858101
-0.045003079900281
-0.038980404307012
-0.036277446834537
-0.036874649145624
-0.040361933361900
-0.046303542744875
-0.054156549348523
-0.062999620116852
-0.071560285976956
-0.078681973262391
-0.083835842387209
-0.087076787703031
-0.088500884122348
-0.087915036480898
-0.085061329303647
-0.079992182133119
-0.073070861544599
-0.064631390734537
-0.054825474232205
-0.043877770834378
-0.032399794703497
-0.021350026417626
-0.011583466284326
-0.003419209967074
0.003261748459120
0.008547105584032
0.012359704345697
0.014739675775081
0.015892413696618
0.015919502752285
0.014678996871837
0.011870797018540
0.007330359646662
0.001369659670708
-0.005344378659718
-0.012370272274589
-0.019771084147001
-0.027709334457749
-0.035916937594203
-0.043642561457268
-0.050008717664740
-0.054435481947184
-0.056795391594779
-0.057158152999527
-0.055505474780509
-0.051759084389570
-0.045915096750139
-0.038053480563310
-0.028286464645725
-0.016749686944013
-0.003699675181061
0.010332432438086
0.024591045936020
0.038385748383030
0.051252027028303
0.062774294167846
0.072315477930317
0.079096850568690
0.082657894893909
0.083141100601607
0.081108260483967
0.077170687278801
0.071781418724322
0.065345689215676
0.058434635716377
0.051754200953369
0.045856990277163
0.040909545105205
0.036850287009261
0.033702277703248
0.031537746273634
0.030209676534833
0.029222173352662
0.027943093063344
0.026067371396523
0.023751637760244
0.021188707242609
0.018291307593863
0.014985134545494
0.011600244773233
0.008676150045168
0.006395291537530
0.004362503887285
0.001952979922287
-0.001145472844176
-0.004725084483866
-0.008422497937726
-0.012202835809641
-0.016326752166536
-0.020940761392998
-0.025932473624525
-0.031226558268926
-0.037033784822381
-0.043597544485787
-0.050741214343415
-0.057815611372918
-0.064114639603839
-0.069363180169973
-0.073669614033715
-0.076867129187984
-0.078182023655326
-0.076752197890104
-0.072272720088476
-0.065024964956821
-0.055425290395885
-0.043734420942874
-0.030198631356129
-0.015298818866991
0.000216099180302
0.015509690999001
0.029784049335645
0.042170406583088
0.051622600918826
0.057110978966420
0.058099720381224
0.054882167524025
0.048277246505349
0.038958999389388
0.027191489102506
0.013231880538910
-0.002147254495946
-0.017803529724932
-0.032788966321330
-0.046471233178813
-0.058211529179213
-0.067035876880853
-0.071701818689071
-0.071276366034542
-0.065587228043463
-0.055114308070590
-0.040620049133877
-0.022952184095969
-0.003179358294230
0.017356151334323
0.037422929402569
0.056241401136813
0.073276121771864
0.087786086127338
0.098709811580272
0.105068821714197
0.106556288303519
0.103623567281236
0.096883671876117
0.086604772689040
0.072910571850388
0.056335030303963
0.038022355196362
0.019386888122225
0.001672043662057
-0.014243161877874
-0.027837875639252
-0.038815714155551
-0.047018349977325
-0.052607935398720
-0.056178466231917
-0.058373260623641
-0.059441518913921
-0.059327119330917
-0.058051832623668
-0.055816716615749
-0.052727316542562
-0.048546900204376
-0.042874458650136
-0.035633511709731
-0.027232629201891
-0.018101005172960
-0.008263335332324
0.002532461148940
0.014413382042628
0.026996277464580
0.039411918718001
0.050884317648715
0.061109202236812
0.069946343428291
0.076954009656544
0.081529249218420
0.083477596966044
0.083035634571844
0.080388346035040
0.075497015064768
0.068345189342647
0.059343673932465
0.049489696505163
0.039918027353186
0.031310928886463
0.023900526193831
0.017922492133453
0.013784537135984
0.011770812152830
0.011748671665987
0.013228001420742
0.015758056847313
0.019205904298449
0.023534615386117
0.028464809631983
0.033452644707649
0.037887325039673
0.041259441404169
0.043094754658555
0.042795842935528
0.039840604071699
0.034296140138294
0.027011960620414
0.019115869306196
0.011261732954278
0.003444785945660
-0.004497192389427
-0.012402538102609
-0.019866966011438
-0.026681272966337
-0.033000312725512
-0.039041145715637
-0.044750225257694
-0.049822442179589
-0.054033331125418
-0.057456868353904
-0.060192413193125
-0.061964030813848
-0.062216678534047
-0.060595256778476
-0.057170473715869
-0.052202794740761
-0.045868379685598
-0.038320458623338
-0.029954477199883
-0.021459639878588
-0.013462491718957
-0.006128337515997
0.000834659446419
0.007827924814596
0.014966442795544
0.021990771160590
0.028634516277043
0.034899424518009
0.040778374771670
0.045835347019449
0.049278242059645
0.050489951572194
0.049304743243856
0.045796133625751
0.040076795816207
0.032321443100792
0.022927501264775
0.012562822613146
0.001877397249287
-0.008682585831403
-0.018664495566244
-0.027373815431511
-0.033877005127001
-0.037315581648516
-0.037383672440724
-0.034435944279094
-0.029091714413543
-0.021952044773767
-0.013761959975970
-0.005648978055291
0.000956524096256
0.004805422571866
0.005332558880056
0.002618895506500
-0.003077508690440
-0.011659995902563
-0.023082859991302
-0.036916237784479
-0.052226998245235
-0.068015047035676
-0.083512317134728
-0.098037469422874
-0.110822830581578
-0.121036948247500
-0.127948624258217
-0.131097303408327
-0.130286485012134
-0.125375783757558
-0.116238827707989
-0.103174785239875
-0.087245891801761
-0.069957883467907
-0.052579509285325
-0.035806316652255
-0.020093587087612
-0.006164127361672
0.005034816404113
0.012918329337173
0.017698640693063
0.020179092517400
0.021338980151224
0.022193629810127
0.023707366243625
0.026622804480720
0.031289037991257
0.037520054925118
0.044664787971996
0.051882781342750
0.058315356701857
0.063100205658060
0.065467459956703
0.064900784146675
0.061272084669110
0.055032530792082
0.047098709659024
0.038191059766784
0.028414943687395
0.017629657867114
0.006001972566850
-0.005889443284547
-0.017373981364462
-0.027999582657015
-0.037380806431535
-0.044792554928375
-0.049217125044853
-0.049882371750119
-0.046650928435457
-0.039947930438813
-0.030420671868713
-0.018710607448862
-0.005531193709902
0.008283031773784
0.021945106397561
0.034806790427275
0.046292209785586
0.055682894944407
0.061949769536888
0.064162135996751
0.062150599761889
0.056564250714717
0.048339457998713
0.038169544703765
0.026439891956800
0.013624621659920
0.000587361622600
-0.011653171248078
-0.022428991449917
-0.031508950231990
-0.038668843884695
-0.043444703680514
-0.045371887572793
-0.044334592502315
-0.040626309174665
-0.034585179253102
-0.026297294299140
-0.015959973895057
-0.004425710614089
0.006941279588347
0.016962168361419
0.025162825016475
0.031733457005973
0.037000243311223
0.040945763330531
0.043333866640706
0.044124081923477
0.043488818155226
0.041536756181796
0.038281694511224
0.033935993993757
0.029156233439865
0.024878536391315
0.021848025407719
0.020334443973448
0.020256534425856
0.021441595067528
0.023642001044051
0.026261025167490
0.028230104133554
0.028467443941606
0.026511771443744
0.022545213467583
0.016910754084874
0.009784464831243
0.001265083193822
-0.008277734625341
-0.018100796052633
-0.027470734012946
-0.036053650973189
-0.043854070621029
-0.050801682587592
-0.056473538534033
-0.060258671597355
-0.061753941207560
-0.060971493307810
-0.058142473118520
-0.053430018603304
-0.046961768756871
-0.039067189518985
-0.030349868870000
-0.021396025928472
-0.012411378707107
-0.003314082308123
0.005764789270960
0.014217454921731
0.021357722513060
0.026965724622698
0.031224615303946
0.034265853639205
0.035954427610344
0.036110640349510
0.034947910942868
0.033156017473248
0.031411107795420
0.029967582920500
0.028789031084751
0.027769401149741
0.026742641670189
0.025543373000082
0.024146179791903
0.022735348489350
0.021701847762887
0.021481397618732
0.022274545724910
0.023969231063849
0.026392819025741
0.029591244428479
0.033739728456944
0.038728246632618
0.043940180976017
0.048538258915708
0.051998741773901
0.054337436262001
0.055746074925535
0.056069005948515
0.054712841217686
0.051033141419617
0.044718834912386
0.035730561509193
0.024069231619575
0.009848147992127
-0.006446530489532
-0.023868139995418
-0.041313866754534
-0.057928133340539
-0.073078137243993
-0.086117252191411
-0.096425908522745
-0.103659219465219
-0.107934612333463
-0.109749348624610
-0.109542906978600
-0.107317299360965
-0.102864843207726
-0.096307355895575
-0.088202133613916
-0.079211486834042
-0.069819999923201
-0.060344872844069
-0.051175223689328
-0.042955836836297
-0.036396351321275
-0.031768312459462
-0.028747038777372
-0.026884077136343
-0.025990917630797
-0.025978655260680
-0.026573479814247
-0.027272474099067
-0.027558955676797
-0.027186214619090
-0.026082108338766
-0.023933043465264
-0.020190520253929
-0.014561164892075
-0.007263794173085
0.001173502922116
0.010261469796058
0.019705077980313
0.029178861641070
0.038035524531328
0.045436328263915
0.050789558150970
0.053999503895919
0.055298852811004
0.054966162525566
0.053282916218474
0.050585750382759
0.047214083948077
0.043398116958860
0.039222147455548
0.034826432298275
0.030724226798635
0.027853925633862
0.027182137200186
0.029131262482107
0.033379971366238
0.039231177403940
0.046073845500014
0.053398538230921
0.060509133497412
0.066476720645248
0.070525816255006
0.072416339204790
0.072262814128846
0.070022191460888
0.065347252640051
0.057932491617836
0.047906752830345
0.035781739947339
0.022010592386082
0.006743465227948
-0.009955690161004
-0.027729968057078
-0.045837838867710
-0.063474998584036
-0.080056333259560
-0.095066713979294
-0.107768839361595
-0.117296048668488
-0.123097131898060
-0.125149652228010
-0.123688665665420
-0.118796240266042
-0.110294979602812
-0.098152980217049
-0.082973387344541
-0.065815438093701
-0.047554094823914
-0.028662529846695
-0.009461835245095
0.009640778606499
0.028064753798219
0.045199485260959
0.060561904030172
0.073600431303282
0.083539849598417
0.089667742629096
0.091720207585000
0.090003976215281
0.085157863350592
0.077740737224943
0.068119284415916
0.056864569214438
0.045106383287152
0.034182621886886
0.025019402335624
0.018046823976830
0.013522602893997
0.011788907768825
0.013184412963313
0.017595949047393
0.024247221273402
0.032180947298907
0.040791387991486
0.049647853478298
0.057992052487900
0.064651643650440
0.068403856071412
0.068433378082382
0.064559554554501
0.057087497882155
0.046526675406313
0.033533721478038
0.019019913586485
0.004067680838886
-0.010428640216488
-0.024076690078467
-0.036825168909492
-0.048396114807256
-0.058066616808477
-0.065151152262070
-0.069532529207663
-0.071579940402281
-0.071628435347888
-0.069735579461757
-0.065895277561187
-0.060132971627339
-0.052355141231624
-0.042359146234324
-0.030024699439489
-0.015552618669824
0.000333538387648
0.016544830560668
0.032206831547759
0.047034543359957
0.061002442607846
0.073741366152331
0.084359974239687
0.091832798767527
0.095547871290806
0.095410759811501
0.091449506285819
0.083557681474420
0.071788976335900
0.056743221467832
0.039362975347229
0.020417545878358
0.000441885621215
-0.019863305030092
-0.039355204059797
-0.056682001571640
-0.070786242748931
-0.081120166452192
-0.087450960296289
-0.089598367569387
-0.087475882005557
-0.081435721453200
-0.072466578627313
-0.061915375632625
-0.050880302621434
-0.039883443327057
-0.029318082947399
-0.019992525630255
-0.012857435042641
-0.008406358035807
-0.006543940778343
-0.006843937844893
-0.008893561665494
-0.012381037787984
-0.016798510098971
-0.021319366459876
-0.025100972018659
-0.027526651265248
-0.028176020686425
-0.026713958257700
-0.022897490963560
-0.016770994423128
-0.008822760442619
0.000181527117668
0.009638582355317
0.019302052198052
0.028862343264936
0.037446119589911
0.043761876716729
0.046805143618074
0.046408698488649
0.043096905432205
0.037484487153621
0.029927445134147
0.020699282735609
0.010248874237873
-0.000873614325209
-0.012183939343996
-0.023198918835327
-0.033246184253024
-0.041409215413893
-0.046806439094361
-0.049066430484558
-0.048444532856729
-0.045375427834290
-0.040026820728864
-0.032374718339895
-0.022605857945878
-0.011305853501946
0.000855897349618
0.013563243503609
0.026721496314735
0.039877022699238
0.051988879092176
0.061830908517162
0.068641368214049
0.072418665233892
0.073500320978016
0.072018231138088
0.067966827112607
0.061518130467449
0.053074089845426
0.043094950514221
0.031831940246771
0.019361327202706
0.006054755041123
-0.007261282973729
-0.019768018080164
-0.030966254558308
-0.040450855715469
-0.047645530796053
-0.051853969952471
-0.052570756845059
-0.049883253666596
-0.044558687127138
-0.037488638039101
-0.029033884272063
-0.019140747164193
-0.008009309506883
0.003627686606447
0.014846095875550
0.024978509537066
0.033647421864796
0.040401874592714
0.044614367406213
0.045870254126833
0.044225351403823
0.040043632280225
0.033673124558109
0.025210550320145
0.014674842630888
0.002468207542240
-0.010570087445033
-0.023602048189411
-0.036062775076597
-0.047479152724235
-0.057202450662356
-0.064490325761728
-0.068860099884156
-0.070221870192370
-0.068632396510020
-0.064023403258110
-0.056321805724935
-0.045850348177175
-0.033383363175047
-0.019778115468870
-0.005705299107888
0.008302396453947
0.021590364425839
0.033244604297391
0.042383342169329
0.048564993595435
0.051768136048035
0.051964471315383
0.048860734525831
0.042217895915514
0.032437653558530
0.020718982576347
0.008504869666893
-0.003235035639085
-0.014139536483414
-0.024018334712803
-0.032521279806859
-0.039314177664542
-0.044359307243995
-0.047796010683754
-0.049612494838928
-0.049622494877806
-0.047820276615056
-0.044638890262020
-0.040749728427274
-0.036588002335418
-0.032080083061682
-0.026948185335219
-0.021291160341724
-0.015676493882947
-0.010599749196440
-0.005986616664547
-0.001387112373682
0.003392098635470
0.008033144163095
0.012070125279396
0.015348932369120
0.018028911592619
0.020209393318808
0.021664783105951
0.021943190328731
0.020734982901245
0.018126227951547
0.014451346201022
0.009980949148508
0.004905815958186
-0.000388196411247
-0.005271693187576
-0.009204121532090
-0.012018618987441
-0.013808409221616
-0.014529026404797
-0.013836626465478
-0.011438660879944
-0.007538117112223
-0.002810847585542
0.002048865563970
0.006665955243108
0.010889346134464
0.014502808138857
0.017199655780633
0.018881422972863
0.019745127689026
0.019946714658568
0.019411956501119
0.018111868064891
0.016411777235191
0.015038983162204
0.014555598077589
0.014834525355554
0.015190800080896
0.014975388898690
0.014010891144473
0.012594864272923
0.011035631824417
0.009150210572328
0.006448237622830
0.002842248351211
-0.001091932360215
-0.004594921411359
-0.007202340761705
-0.008650029383118
-0.008581058012220
-0.006631495515103
-0.002740055390967
0.002766408484217
0.009396443496321
0.016818829323214
0.024895889898005
0.033312292891189
0.041336397866227
0.048105033741472
0.053068694453193
0.056110366065206
0.057290059273538
0.056483514568898
0.053394812440894
0.048088748012201
0.041291001845803
0.033922319895250
0.026498949326468
0.019173659880358
0.012272302989392
0.006543313445133
0.002797766665350
0.001413694625766
0.002221775204035
0.004841165597772
0.008995695173391
0.014331464130902
0.020106710045928
0.025350202654497
0.029280248824030
0.031452822646262
0.031536026584921
0.029076614628180
0.023647841613572
0.015261000601509
0.004518667182171
-0.007753303849042
-0.020944204128323
-0.034627086041576
-0.048262408394423
-0.061042497885534
-0.071980705784147
-0.080269405002577
-0.085559862768534
-0.087677354786380
-0.086188145260923
-0.080662436717770
-0.071324100899162
-0.059166426932477
-0.045490059534774
-0.031336014006862
-0.017282391265926
-0.003823901548100
0.008224352279843
0.017928495344183
0.024758172210333
0.028719552577349
0.030012232899270
0.028670256223891
0.024559839072465
0.017768368851043
0.008838382067599
-0.001501044811318
-0.012601944873262
-0.023843799814231
-0.034458975959100
-0.043489247674753
-0.050080817961169
-0.053931464659790
-0.055330589192663
-0.054704001132312
-0.052278036923378
-0.048185276553562
-0.042683892982347
-0.036191506865062
-0.029107479215886
-0.021689207436066
-0.014229543380814
-0.007280501311836
-0.001548334094827
0.002558444569008
0.005297420407279
0.007362332196824
0.009262994719470
0.011073334915022
0.012728446557500
0.014283835014821
0.015785903423572
0.017039879988860
0.017649710092620
0.017350276429275
0.016290729895139
0.014937760944911
0.013653382907965
0.012439771528392
0.011180656038933
0.010013325505858
0.009328572779313
0.009374103797401
0.009883195587266
0.010225972808161
0.009991188815533
0.009261080176673
0.008280111243170
0.007119538920781
0.005811853830460
0.004618492426019
0.003911323622524
0.003794561839891
0.003997201892191
0.004156336385890
0.004158315867061
0.004181227745965
0.004384130663131
0.004612906873533
0.004514604210577
0.003929722876522
0.003052093627347
0.002174705004546
0.001360331808290
0.000398036400083
-0.000913497898113
-0.002489385198149
-0.004086577961737
-0.005677794702312
-0.007521303744103
-0.009828433940375
-0.012456460225645
-0.014972136931368
-0.017011658978794
-0.018483346837104
-0.019305114489985
-0.019090369632154
-0.017302921178034
-0.013641200269833
-0.008175177050734
-0.001186804031960
0.007062512670360
0.016340635752340
0.026199892370766
0.035916457924001
0.044819949027500
0.052587167047314
0.059163089865302
0.064464604385019
0.068182470429488
0.069902807707914
0.069450415776466
0.067052410206525
0.063170141284883
0.058276398869283
0.052845812927705
0.047497391371260
0.042932578850521
0.039565352723214
0.037288287536154
0.035722194139715
0.034715143049889
0.034552839939440
0.035625324055870
0.037920083498453
0.040983286855458
0.044368910789303
0.047817598751750
0.050919693844266
0.052946470565255
0.053200067356634
0.051477390453438
0.048084808272760
0.043294937491885
0.036882359176187
0.028371250232539
0.017701902944601
0.005533688206596
-0.007062545622422
-0.019198814530209
-0.030507417135655
-0.040838776264566
-0.049706446674600
-0.056234601522687
-0.059675939185259
-0.059799887727516
-0.056670832374932
-0.050289367721197
-0.040778054238321
-0.028826931941614
-0.015661967288085
-0.002553648672424
0.009591684724883
0.020233586143455
0.028892748501887
0.034938702560313
0.037772378220107
0.037199598594276
0.033483939777465
0.027057796956865
0.018293661435862
0.007539748145072
-0.004633565507541
-0.017354513361072
-0.029802822359828
-0.041576044782371
-0.052610643984791
-0.062793528552830
-0.071726164112293
-0.078947987681822
-0.084296388353355
-0.087874731738786
-0.089751503612711
-0.089762177569288
-0.087635085847655
-0.083378948411398
-0.077343623788761
-0.069849787209675
-0.061070272862047
-0.051314722768996
-0.041277449420570
-0.031998211726383
-0.024436557223420
-0.018971144566453
-0.015466829664288
-0.013746335601614
-0.013773530676408
-0.015485854689443
-0.018619042874042
-0.022705281991754
-0.027215744089854
-0.031663234245748
-0.035521890356821
-0.038137716139434
-0.038927568562351
-0.037747132477726
-0.034912155697878
-0.030715544844201
-0.025048581970541
-0.017585056267903
-0.008197219634983
0.002831969986979
0.014954828993627
0.027666455803505
0.040500360786661
0.052735301144566
0.063422246713114
0.071823529345156
0.077666969190486
0.081005985122916
0.081946381170037
0.080478368761390
0.076710832739974
0.071359000809103
0.065678848293095
0.060694283053630
0.056609992570592
0.053017359885681
0.049565257090013
0.046307589161445
0.043372115501209
0.040473004537251
0.036916586499723
0.032118834260200
0.026067576857468
0.019212274210576
0.011971237788708
0.004518068847848
-0.002917527236557
-0.009786811669901
-0.015462063760286
-0.019610891637258
-0.022217166286151
-0.023330335373820
-0.022902084164667
-0.020920174650082
-0.017652608723356
-0.013604231528662
-0.009157897333164
-0.004386457311222
0.000650217008253
0.005535523990553
0.009556456565978
0.012118391521851
0.013115133790338
0.012851293720388
0.011559397355934
0.009193245917919
0.005804606677175
0.001838082893590
-0.002105171415554
-0.005586200359240
-0.008430002351514
-0.010677631879602
-0.012340126700261
-0.013249919961151
-0.013337099535050
-0.012907927152077
-0.012441186714474
-0.012207842385695
-0.012248374826727
-0.012669886381590
-0.013880082999354
-0.016412212546852
-0.020421634593718
-0.025494241886914
-0.030990044713643
-0.036436572162429
-0.041592664975203
-0.046241768513952
-0.050096365072840
-0.053002828913697
-0.055105803251940
-0.056686592640872
-0.057852755357640
-0.058401769882392
-0.058029516170815
-0.056752131184011
-0.055025651500816
-0.053237511737315
-0.051198562105121
-0.048350568683132
-0.044363389371735
-0.039458875452959
-0.034157525046628
-0.028743669797710
-0.023177189285688
-0.017444139854624
-0.011780445399159
-0.006650830020424
-0.002524574114253
0.000384515143703
0.002025380665563
0.002232674751988
0.000830757462828
-0.001971036760981
-0.005532428259278
-0.009255906665655
-0.012973835054819
-0.016707863740050
-0.020128567577079
-0.022519917900152
-0.023344004970670
-0.022591278855914
-0.020452609296530
-0.016839750891075
-0.011395953531027
-0.003946869798240
0.005117224933753
0.014966091540410
0.024824799678527
0.034182660057089
0.042647682298567
0.049868979557977
0.055526671327085
0.059384750618729
0.061368904820482
0.061387607745757
0.059106293104375
0.054185551448332
0.046870250356288
0.038211584018445
0.029520985931681
0.021569595016791
0.014398362036510
0.007898585417879
0.002364312802091
-0.001693753874608
-0.004139118846089
-0.005425723305078
-0.006222148720589
-0.006929761980634
-0.007676163777482
-0.008673284480475
-0.010332329851733
-0.012979750980852
-0.016596557627480
-0.020864506566490
-0.025416217471661
-0.030047704846007
-0.034603833469256
-0.038623527287914
-0.041335550033974
-0.042134137445141
-0.040903118682356
-0.037796835920425
-0.032862801460812
-0.026090304038938
-0.017815806461319
-0.008847367535368
-0.000099617633203
0.007835236412625
0.014781299439186
0.020692855066717
0.025294097117855
0.028051955141734
0.028510313504360
0.026580191204007
0.022484023126640
0.016510723629141
0.008983630219174
0.000503300523288
-0.007972011031159
-0.015448689333566
-0.021274739280214
-0.025089302008563
-0.026410108200265
-0.024519712671087
-0.018961113890190
-0.010041922831611
0.001251591279957
0.013719848008968
0.026375704086623
0.038586969997960
0.049781262841137
0.059151666912235
0.065899876370264
0.069614747046303
0.070252752376385
0.067904972584611
0.062647788755556
0.054608908936123
0.044234307570252
0.032326828065363
0.019609777679657
0.006441056927207
-0.006841145924657
-0.019561330136993
-0.030923730082006
-0.040389552811010
-0.047739947718050
-0.052922403371903
-0.055832455456265
-0.056254849135973
-0.054176107868774
-0.050006377434053
-0.044252997316861
-0.037121258074057
-0.028568276102463
-0.018567859092429
-0.007297175783123
0.004750455448304
0.016899627549327
0.028580513992766
0.039276581844591
0.048298972258360
0.055016811679161
0.059348911158378
0.061752920623537
0.062651342417172
0.061906819958255
0.058844066460857
0.052903787459877
0.044308347690834
0.033953070433036
0.022758313796811
0.011279191318638
-0.000198909692123
-0.011369923081520
-0.021741481919901
-0.030702271897712
-0.037683891036709
-0.042183192036702
-0.043717191188289
-0.041982903902270
-0.037088995212354
-0.029589152209913
-0.020275858598721
-0.009825554978815
0.001298147291469
0.012462890401961
0.022650399983354
0.030888656040339
0.036677681848845
0.039855009246534
0.040350260044882
0.038163760178530
0.033418939311210
0.026498241388147
0.018134754841067
0.009119843264769
-0.000112491215914
-0.009443500507012
-0.018655015786166
-0.027269403338721
-0.034914697534027
-0.041664716182795
-0.047789417284400
-0.053242857637729
-0.057534871910506
-0.060082648102094
-0.060626002304816
-0.059238838475705
-0.055944695666310
-0.050505607895144
-0.042737268690257
-0.032944136080864
-0.021883170484914
-0.010283629513568
0.001519969264263
0.013509427611939
0.025628445081687
0.037558450305134
0.048876453490435
0.059270512773486
0.068415925189183
0.075794963730217
0.080799039230722
0.083013828665604
0.082486625033793
0.079615356910329
0.074570575959697
0.067038944264144
0.056828578940039
0.044551910390259
0.031522966160611
0.019114409477448
0.008212100171322
-0.000823416455239
-0.007793047221261
-0.012554981402646
-0.015251462984444
-0.016311015290775
-0.016189085217058
-0.015189146608285
-0.013516183751100
-0.011430226398436
-0.009346947807429
-0.007789589544970
-0.007061361836229
-0.006970854370641
-0.007091319260503
-0.007240216724347
-0.007565077284843
-0.008238155852570
-0.009215952811348
-0.010370655644847
-0.011796529485167
-0.013794401149237
-0.016501691656504
-0.019699388300082
-0.023017761615617
