0.001818441088745
0.002324211764339
0.002619310926700
0.002896035644355
0.003068845159250
0.002780671376198
0.001777799723858
0.000240409594270
-0.001288933277436
-0.002334755209071
-0.002817335393490
-0.002940664125067
-0.002891243975878
-0.002740639972229
-0.002503188407833
-0.002149325580321
-0.001625497905198
-0.000894459378686
0.000037076650412
0.000992833727287
0.001593606383036
0.001533476438759
0.000871487369610
0.000041865271586
-0.000428707133831
-0.000237995513528
0.000625725982167
0.001930306993720
0.003220238146558
0.003959237005698
0.003797779588990
0.002747388302702
0.001139497869454
-0.000562002595725
-0.002008632417306
-0.003101294525940
-0.003870073963884
-0.004275514821597
-0.004148268472221
-0.003366735928409
-0.002078085351560
-0.000577054351807
0.000953688913357
0.002421730843988
0.003622913164411
0.004159683365687
0.003698259269868
0.002359133085931
0.000662372657199
-0.000924731570688
-0.002199301090825
-0.003082686568532
-0.003471609642238
-0.003189358609147
-0.002070386574363
-0.000199517045177
0.001959706400964
0.003775061502205
0.004751091328151
0.004651233783898
0.003523273659202
0.001694032486471
-0.000293173400203
-0.001838481946791
-0.002592629994935
-0.002665210180077
-0.002460486231567
-0.002284348313042
-0.002153089971977
-0.001990826784857
-0.001842889947654
-0.001816427924687
-0.001917041845771
-0.001961954175782
-0.001683614293569
-0.001002879536533
-0.000076438081957
0.001024211581281
0.002450902505951
0.004246098739014
0.006012864971104
0.007014665703024
0.006613562911518
0.004734918237666
0.002013681255535
-0.000632463839528
-0.002665467937599
-0.004067741726648
-0.004928191254163
-0.005177727673024
-0.004741888323240
-0.003750968946832
-0.002511100531895
-0.001278969285717
-0.000086946575762
0.001112356841830
0.002131090200091
0.002588764612388
0.002279804708605
0.001364320533056
0.000257016462680
-0.000626851352834
-0.001084258426858
-0.001150932157520
-0.000954521720542
-0.000552621226810
0.000072988931053
0.000885504642023
0.001754006609555
0.002588810322231
0.003338011174277
0.003752234449123
0.003401322909057
0.002058414395298
0.000004353956702
-0.002035605425144
-0.003362985569592
-0.003800793478231
-0.003668612015381
-0.003360567350522
-0.003038189653176
-0.002647361888781
-0.002117900651196
-0.001470781683806
-0.000667331453716
0.000493946157504
0.002071399737585
0.003726064501815
0.004949175441601
0.005391479499967
0.005017194576342
0.004025424704228
0.002570193044979
0.000704417124198
-0.001358531785985
-0.003177418879238
-0.004387989833810
-0.004941797470747
-0.004998728015313
-0.004687689683935
-0.003944403873138
-0.002565531247684
-0.000555070823063
0.001604057198202
0.003196504842807
0.003844029624462
0.003750782120402
0.003397190555450
0.003087270417535
0.002763571061679
0.002212756465838
0.001416291798571
0.000566289726634
-0.000223094879969
-0.000979844045917
-0.001657513268875
-0.002066061088721
-0.002055230117034
-0.001692254137435
-0.001238760442422
-0.000957478265784
-0.000948000378805
-0.001091810890729
-0.001141517208610
-0.000990172549216
-0.000774314052097
-0.000654867233580
-0.000692869616499
-0.000875314442728
-0.001032486433747
-0.000813418563877
0.000090559021662
0.001649630081494
0.003373586651769
0.004530628717619
0.004626967318526
0.003720085452802
0.002285692577601
0.000831476162772
-0.000368474489816
-0.001190119056083
-0.001490342773534
-0.001283139036268
-0.000932022076410
-0.000861916805946
-0.001176011789005
-0.001664864429345
-0.002060734433731
-0.002258957254414
-0.002374234541570
-0.002576027834225
-0.002821321877631
-0.002787137895389
-0.002165231372918
-0.000987791780392
0.000468470871697
0.002003153131438
0.003503733748604
0.004746557929796
0.005414337271289
0.005308267537673
0.004519730658560
0.003391445315550
0.002215128070285
0.000965910674647
-0.000530972750662
-0.002163242405372
-0.003463843855308
-0.004060074562023
-0.004027301680264
-0.003743023339935
-0.003471906311463
-0.003109333847229
-0.002353358691019
-0.001106672515278
0.000384845803828
0.001792949832426
0.002962890832834
0.003767933984906
0.003860882375315
0.002894140014342
0.001041145517139
-0.000893955097720
-0.002007757987885
-0.001915665839562
-0.000884005616413
0.000546259140237
0.002007088934943
0.003311154430005
0.004180703325790
0.004301445816516
0.003639536142917
0.002521454882785
0.001360799279510
0.000294216475231
-0.000877221643391
-0.002358408004411
-0.004038469211063
-0.005473991677432
-0.006159246672885
-0.005829242248116
-0.004528985342930
-0.002539531089322
-0.000294452231976
0.001711727770379
0.003055492160243
0.003620675468616
0.003697890024491
0.003700380241520
0.003760098313485
0.003633633559556
0.003026017264926
0.001964699872701
0.000809564978845
-0.000047367719505
-0.000503542015805
-0.000830292734565
-0.001375433434911
-0.002205964422684
-0.003127432593384
-0.003899980181782
-0.004327119701357
-0.004250367780841
-0.003558920856685
-0.002300881585329
-0.000742189491435
0.000826958608267
0.002273904143147
0.003550898659400
0.004522014250205
0.004941588140353
0.004593703764666
0.003393308293591
0.001476241483321
-0.000734978857842
-0.002679749623781
-0.003909747510698
-0.004236991675171
-0.003735317855040
-0.002649584758938
-0.001330989835708
-0.000186388024430
0.000469229875214
0.000616539259075
0.000552149189562
0.000620378081135
0.000938147598985
0.001399085079197
0.001809701689708
0.001928461633663
0.001549688412080
0.000669885443498
-0.000482015522710
-0.001534487031540
-0.002111996706374
-0.002004194977221
-0.001267624857162
-0.000191685917001
0.000898605650585
0.001799884629761
0.002354918922914
0.002382041254373
0.001792790721744
0.000748741887925
-0.000375661803098
-0.001299625304379
-0.002033007631462
-0.002648247523256
-0.002998345828668
-0.002778444299592
-0.001809774593351
-0.000269482877582
0.001331449435683
0.002461921465645
0.002893893140160
0.002698325158984
0.002033551074465
0.001085794851815
0.000139743761034
-0.000500671298364
-0.000710020146907
-0.000585974905002
-0.000352859530086
-0.000262864673483
-0.000459183488759
-0.000926279254595
-0.001579958036266
-0.002275792503830
-0.002792684609911
-0.002867467629311
-0.002252352964074
-0.000962336569853
0.000592118133516
0.001969350997701
0.003027227152594
0.003794617880720
0.004220283252587
0.004103588932237
0.003246650144643
0.001687541627518
-0.000234042056033
-0.002064111360886
-0.003477506217429
-0.004332105947938
-0.004555961104266
-0.004044147623338
-0.002760813472950
-0.000961665043162
0.000878863307801
0.002363531250113
0.003251469992174
0.003366722486350
0.002625236264899
0.001170033254496
-0.000560138152344
-0.001944895149244
-0.002515494117372
-0.002260451970417
-0.001575404266585
-0.000969482317298
-0.000780861651086
-0.001024360483067
-0.001467811718738
-0.001777731384600
-0.001601965744353
-0.000706294508372
0.000872774969913
0.002781880334515
0.004466448159933
0.005438683373524
0.005490304406994
0.004616131731339
0.002837240961497
0.000335196035069
-0.002319263308938
-0.004370747504144
-0.005319065805035
-0.005071644491897
-0.003842215248910
-0.002055241797528
-0.000213456199353
0.001259543466348
0.002062186655468
0.002088050159337
0.001573809873049
0.000998476330681
0.000719581760597
0.000758148975752
0.000902524322339
0.000906243594826
0.000609397535643
0.000018976732502
-0.000696744475554
-0.001324581271002
-0.001668570182064
-0.001572575668936
-0.001014833083416
-0.000172181777271
0.000619166610312
0.001026311152500
0.000995830512716
0.000862986015772
0.001026529761203
0.001511783211527
0.001969388029232
0.002035408681544
0.001620863346339
0.000897278865866
0.000021529479520
-0.001036044477288
-0.002332565712118
-0.003682031105891
-0.004639425305276
-0.004818769449671
-0.004137261967803
-0.002758641073158
-0.000977720709560
0.000848486791328
0.002365783054544
0.003278576657681
0.003451879444385
0.003044036149862
0.002460020723498
0.002051161599298
0.001876983086609
0.001758286023098
0.001474773858966
0.000915138366760
0.000041887362411
-0.001217751740746
-0.002827736902659
-0.004381429332187
-0.005164314425775
-0.004605482248446
-0.002721459652310
-0.000083892408935
0.002587353603185
0.004713516959335
0.005879976765625
0.005783992228566
0.004322019433792
0.001809351645247
-0.000988070397212
-0.003237285591723
-0.004512386755687
-0.004836489922123
-0.004355440274558
-0.003167576448023
-0.001450273976111
0.000420175487414
0.001942235266824
0.002754897092037
0.002847264488121
0.002418555608151
0.001673871574082
0.000840250665641
0.000154570301796
-0.000201463933934
-0.000112476069323
0.000373233530157
0.000973860112504
0.001344359894660
0.001330545937079
0.001010519047166
0.000535421179086
0.000011685454713
-0.000538373885048
-0.001115858234938
-0.001633396584214
-0.002032260650000
-0.002426588526946
-0.002882064634958
-0.003134162823778
-0.002771384790212
-0.001725282079825
-0.000382364156269
0.000772507631964
0.001471802554581
0.001738128755168
0.001751240871518
0.001690239735161
0.001728146587335
0.002012293415959
0.002541303430396
0.003056267220200
0.003056826678234
0.002039084227819
-0.000137921488247
-0.003023614919157
-0.005701473456618
-0.007221543873332
-0.007027960498751
-0.005137483989432
-0.002061048505741
0.001368691487780
0.004192005734048
0.005667185707230
0.005643454940482
0.004548286088000
0.002940381175825
0.001122753828296
-0.000811704142445
-0.002669331931948
-0.003983644205878
-0.004246317608412
-0.003317287813519
-0.001544949243124
0.000482756203946
0.002288469486201
0.003595617283813
0.004141801720183
0.003660587518827
0.002139256333540
-0.000011264928407
-0.002120699175749
-0.003639785818506
-0.004377630207539
-0.004417492148525
-0.003863738758703
-0.002730208472960
-0.001120040499338
0.000602545525463
0.001966206399303
0.002702116627151
0.002839178046626
0.002539640076379
0.001939765342016
0.001163698016873
0.000412812682376
-0.000087299458674
-0.000272888465366
-0.000344007899619
-0.000665979687522
-0.001432848520361
-0.002390811379053
-0.003057358618919
-0.003124792946754
-0.002574599660423
-0.001620551678898
-0.000550995304334
0.000423920633361
0.001115630407403
0.001319869459993
0.000933923653170
0.000078939318392
-0.000923294757693
-0.001773620587873
-0.002317518220921
-0.002443265228776
-0.002021406128955
-0.000989962406439
0.000520738080622
0.002176774688450
0.003546740912247
0.004279598786445
0.004272273146382
0.003575949990817
0.002184471383083
0.000098482896280
-0.002431560436215
-0.004829629288818
-0.006479779475154
-0.007093496929190
-0.006697660399652
-0.005455135211047
-0.003653950205202
-0.001677903953506
0.000156932520945
0.001696129599913
0.002911694980699
0.003848862193633
0.004527256025801
0.004875878944006
0.004851361364745
0.004639450450508
0.004637570957297
0.005015354619317
0.005357763578502
0.005016556724820
0.003745448976006
0.001836122801757
-0.000252644900433
-0.002259732661384
-0.004103392986380
-0.005585804736122
-0.006305751530911
-0.005973093822840
-0.004729969721781
-0.003035036241338
-0.001273756563900
0.000419303745003
0.002054095524406
0.003590232678330
0.004845170888079
0.005627652958069
0.005902945949753
0.005753751586360
0.005286847982840
0.004660863373778
0.004146175714147
0.004091640628595
0.004662764172083
0.005547821096555
0.006075424798576
0.005652841242580
0.004133764233896
0.001856267074914
-0.000697170955158
-0.003233250400411
-0.005626345970883
-0.007725458018305
-0.009287198207243
-0.010084176152090
-0.010047706883946
-0.009265561483527
-0.007850635451708
-0.005860885993976
-0.003405622163206
-0.000795026851609
0.001620158599492
0.003794324728973
0.005956639531918
0.008217565157576
0.010429792761568
0.012426678512202
0.014105251068439
0.015249592913941
0.015505821700166
0.014543453685082
0.012208888323982
0.008673419316782
0.004444467400220
0.000063790856010
-0.004209972412866
-0.008352788845701
-0.012306127150389
-0.015834609705578
-0.018620512158243
-0.020423654859871
-0.021126219965705
-0.020727532460003
-0.019370506009314
-0.017415859169198
-0.015448775336145
-0.013979914723240
-0.013068670897839
-0.012290457067498
-0.011001300169527
-0.008712753394679
-0.005342287451859
-0.001146502529312
0.003462439457826
0.008035417340009
0.012168551093518
0.015520057633361
0.017784175712912
0.018725051910938
0.018226861005018
0.016282723093656
0.013046726297855
0.008948362379687
0.004654811049094
0.000816638218982
-0.002226245803367
-0.004454255693052
-0.005914952877011
-0.006588290795494
-0.006439347907248
-0.005506923856760
-0.003938538918438
-0.001875848321016
0.000724459482536
0.004066061160324
0.008265032526267
0.013159171116669
0.018344386094243
0.023307054094411
0.027463382862829
0.030179868525460
0.030861859020350
0.029060509259104
0.024702289687059
0.018302882847377
0.010778847168708
0.003016071448810
-0.004410972907789
-0.011263279881273
-0.017408085588888
-0.022635492769553
-0.026758730843859
-0.029669419483480
-0.031255007777895
-0.031427928857320
-0.030191756982501
-0.027673571852126
-0.024128376828943
-0.019802579859653
-0.014791473317337
-0.009148700637687
-0.003166034183698
0.002565967692779
0.007433683125556
0.010967217346871
0.012723166557050
0.012277856773471
0.009471479937101
0.004676226365008
-0.001136256888709
-0.006698964729312
-0.011045187691762
-0.013868951257562
-0.015323496565828
-0.015650236940199
-0.014993590538072
-0.013402595499602
-0.010950177429055
-0.007830976732751
-0.004355176408223
-0.000852617399271
0.002364618438898
0.005014315148510
0.007034934618147
0.008708763033689
0.010477427311456
0.012649659465322
0.015193630452551
0.017662863945465
0.019310702279147
0.019433098619955
0.017731912865764
0.014407283213163
0.010016562714324
0.005302667130038
0.001060127201794
-0.001988557545385
-0.003370475563268
-0.003043651154143
-0.001345605968525
0.001240613774578
0.004159766917151
0.006749220860935
0.008349599626984
0.008421297949216
0.006556610025257
0.002593026012298
-0.003242007205715
-0.010377372018491
-0.017953328456450
-0.024802550990104
-0.029724359909952
-0.031988751010967
-0.031485122731512
-0.028487493615951
-0.023394941566390
-0.016567173323812
-0.008376906445662
0.000625571039660
0.009795125278881
0.018699164108382
0.027277688269969
0.035569983134536
0.043244781012959
0.049516636358921
0.053487107437434
0.054589273205673
0.052875212206703
0.048829451806848
0.042955839555037
0.035656190813694
0.027287620566430
0.018188679086737
0.008671895958561
-0.000974913746430
-0.010312794378743
-0.018534860075207
-0.024645260874519
-0.028002075022270
-0.028681400855191
-0.027321520834751
-0.024639221887002
-0.021135085490168
-0.017152795946392
-0.012973130896315
-0.008888232555775
-0.005297906794532
-0.002732391491171
-0.001836340064835
-0.003146202881782
-0.006719157518250
-0.011978302498049
-0.017750868852630
-0.022652014653529
-0.025855174564456
-0.027503456334991
-0.028369028063521
-0.029221913801817
-0.030410175816090
-0.031759795288203
-0.032744672670508
-0.032851058936724
-0.031873911330765
-0.029908181437555
-0.027114647480045
-0.023549051537977
-0.019116750510178
-0.013547199373056
-0.006573812188848
0.001733928968262
0.010914486720659
0.020255724928012
0.028807998706711
0.035420498967857
0.039053335854215
0.039197795198985
0.036081519220344
0.030528661039829
0.023555222670189
0.016022113832871
0.008583708721161
0.001848569204736
-0.003408058411137
-0.006293572812829
-0.006220894359536
-0.003198887114524
0.002250788677418
0.009219484954869
0.016453803666971
0.022543400415467
0.026432591104310
0.027963232138293
0.027917502492114
0.027441759878158
0.027209465740419
0.026888948015173
0.025360367844732
0.021594904048353
0.015436423366686
0.007615392392083
-0.000729146128883
-0.008459514826092
-0.014687550921531
-0.018894651100676
-0.020971522236572
-0.021203177838045
-0.020078783397764
-0.017972088988418
-0.015034708635213
-0.011489634830529
-0.007948273080733
-0.005272284800484
-0.004020557439018
-0.004033026356595
-0.004603078871109
-0.004933844351187
-0.004427031478874
-0.002786820885742
-0.000032900945003
0.003421056964806
0.006718916061553
0.008927959688437
0.009684842201272
0.009434261755390
0.008996870265594
0.008911081461444
0.009004012003545
0.008467512064692
0.006481666324354
0.002821275243402
-0.002164948841229
-0.008004140427964
-0.014326288762148
-0.020721095518013
-0.026618257582259
-0.031332678630747
-0.034096815828402
-0.034198297373252
-0.031281659907273
-0.025439274988987
-0.017099366087163
-0.007027644277127
0.003618333695645
0.013322543078744
0.020386182110642
0.023300037771068
0.021207876425031
0.014279491322673
0.003823444066815
-0.008111087851190
-0.019515221272162
-0.028947351876560
-0.035525068932055
-0.038645224314767
-0.037824151417439
-0.032864257447013
-0.024054426119933
-0.012122656552235
0.001883061906055
0.016725405527415
0.031136282488078
0.043834689386445
0.053623528728291
0.059792059827618
0.062357883679207
0.061787103679805
0.058485496838182
0.052440292368498
0.043231578930540
0.030524863086197
0.014683957424422
-0.003079950080769
-0.020991630121110
-0.037099056386125
-0.049682140980115
-0.057657584999773
-0.060822984781480
-0.059640601505610
-0.054719859419390
-0.046544724869351
-0.035536691789199
-0.022297739313173
-0.007833462937538
0.006495011329715
0.019270414477927
0.029372713687072
0.036220885165730
0.039890181246492
0.041122794834708
0.041084431004745
0.040793248606255
0.040486370191198
0.039415446625195
0.036274951881229
0.030025153573664
0.020631382863209
0.009137055813417
-0.002873769393176
-0.013807006010181
-0.022457018379959
-0.028342117241581
-0.031740328590649
-0.033326679326016
-0.033656097695942
-0.032800997097612
-0.030279234129015
-0.025309834069495
-0.017280860618397
-0.006133378023644
0.007492251871813
0.022297936769422
0.036526334899284
0.048368396171087
0.056439261569907
0.059982449985304
0.058789886640239
0.053034851280280
0.043093469881980
0.029533840373166
0.013283168425343
-0.004371406061824
-0.022029155045826
-0.038406196725116
-0.052444468944040
-0.063319441626556
-0.070383533176317
-0.073285040770488
-0.072263260566674
-0.068104496131381
-0.061664180190055
-0.053592738352619
-0.044549753465661
-0.035384732375442
-0.026889634242595
-0.019438075006137
-0.012905365590125
-0.006932408405304
-0.001396726714967
0.003301608283826
0.006502711331695
0.007848097760626
0.007510754799337
0.005971149280469
0.003744726883750
0.001344202329189
-0.000546167646360
-0.000936921184836
0.001318211051856
0.007113839657479
0.016702096842936
0.029579304180918
0.044560629391147
0.059870460193188
0.073299469530531
0.082558866130363
0.085850707798641
0.082398622411062
0.072624748524296
0.057915831297605
0.040195248944798
0.021545776163104
0.003846275858897
-0.011619967219869
-0.024324019481049
-0.034201939238192
-0.041182371237675
-0.045020285903965
-0.045502503071600
-0.042773609939042
-0.037536337639383
-0.030993898149495
-0.024688362726501
-0.020245297969222
-0.018897807589701
-0.021110360352481
-0.026456270618916
-0.033474449650899
-0.039825254552723
-0.043120601528888
-0.041729338506108
-0.034960077683424
-0.022974740593215
-0.006794667689425
0.011616282405697
0.029458020622174
0.043711054548012
0.052072573271222
0.053601138435092
0.048826748055170
0.039564297364130
0.028540818673236
0.018709811547596
0.012394723975709
0.010665471470871
0.013143389237591
0.018276973130260
0.024098250659298
0.029004100204403
0.031931423693249
0.032140794272556
0.029209263585108
0.023237308144547
0.014995575547089
0.005745500982739
-0.003272839967920
-0.011188900988142
-0.017483735773714
-0.021961379591356
-0.024781303577661
-0.026382948704046
-0.027404785510786
-0.028569440000447
-0.030361390200967
-0.032769716920575
-0.035417278483755
-0.037830132256010
-0.039541003433615
-0.040112573147904
-0.039139365232105
-0.036179443101090
-0.030714876386149
-0.022245727207474
-0.010489056517146
0.004354125808493
0.021257785486486
0.038169420573913
0.052289853951835
0.060720458468859
0.061052185797148
0.051859331725696
0.033216682230497
0.006945595860686
-0.023658709244913
-0.054453198800662
-0.081263273414552
-0.100718734727388
-0.110694417963527
-0.110180963100298
-0.099082939865866
-0.078338413252861
-0.049917127922911
-0.016397038625679
0.019434858253578
0.054746797110697
0.086673589171884
0.112267789419595
0.128850255710040
0.134872502384390
0.130606329654014
0.118008467372296
0.099837069547972
0.078745908963852
0.056835622567990
0.035571488417340
0.015840863373926
-0.001957289458513
-0.017638201816583
-0.030878811224051
-0.041258685904420
-0.048651761373025
-0.053465833017062
-0.056435320478749
-0.058090991939348
-0.058311845410429
-0.056270013893138
-0.050850634932256
-0.041372496594822
-0.028167167744760
-0.012697821896746
0.002663098081669
0.015064099051720
0.021970376272401
0.022124059294096
0.016088671055451
0.006101376293008
-0.004821908105122
-0.014177550726712
-0.020723125460084
-0.024273904714027
-0.025130272234645
-0.023746390037107
-0.020716028998945
-0.016740993010784
-0.012362321966784
-0.007762856118894
-0.002924108254490
0.002105453374591
0.007140290117038
0.012008993241011
0.016812585484220
0.021953765328525
0.027710087512014
0.033759209907856
0.039120476986159
0.042468523170172
0.042519665284667
0.038351266534179
0.029672512136125
0.016945760269241
0.001353872433597
-0.015337605045504
-0.031103372053120
-0.044049119002677
-0.052779735543850
-0.056726691456833
-0.056208748349475
-0.052201371624988
-0.045949945441331
-0.038455152590988
-0.029977073376661
-0.019864166128915
-0.006979976203128
0.009520931433483
0.029723728197659
0.052865975211377
0.077203171379653
0.099857105791616
0.117136269349658
0.125478136082782
0.122559629532715
0.107986272623591
0.083189187419482
0.050655576075287
0.013160326211239
-0.026547806392238
-0.065787565343001
-0.102025783875841
-0.133015266722270
-0.156858520525581
-0.171976197346389
-0.177078594011590
-0.171307347572789
-0.154503235946510
-0.127296370549941
-0.090997517877806
-0.047522559909481
0.000559510356861
0.049911341310559
0.096499490102329
0.136111534388173
0.165101970325205
0.180928733086405
0.182490853042837
0.170407682392115
0.146997682674273
0.115795819385158
0.080716541523031
0.045219608398501
0.012022136283422
-0.016680643234227
-0.038992155385195
-0.053416402256515
-0.059290445275468
-0.057025691965833
-0.047851412998282
-0.033502340787404
-0.016078340544441
0.002023540554736
0.018165905353183
0.029810894563600
0.035152825916220
0.033493896964850
0.025122483349988
0.011015624846926
-0.007324504953613
-0.027903814265038
-0.048392638209690
-0.066602638796092
-0.080926161490265
-0.090233849836132
-0.093542358629167
-0.090106184411474
-0.079925122391405
-0.064086733462495
-0.044510473511228
-0.023288986743566
-0.002117257516143
0.017838902600012
0.035602168274726
0.050071210949925
0.060148178179910
0.065042286176086
0.064409948688806
0.058385820110384
0.047679213021709
0.033695409510284
0.018428714264853
0.003874134332685
-0.008834235304606
-0.019748498181599
-0.029558470979806
-0.038841273282550
-0.047665154960332
-0.055454368019871
-0.060972799751693
-0.062379736101926
-0.057392797128064
-0.043862752478743
-0.020803085600949
0.010704004369198
0.047261734533013
0.083751930828227
0.114542133591737
0.134619558197299
0.140382906641633
0.130320633034862
0.105329563492330
0.068385562972754
0.023814411623949
-0.023497567274756
-0.068787526399672
-0.107964763866639
-0.137991669629948
-0.157080303664287
-0.164746427255968
-0.161649575605893
-0.149121294709952
-0.128602798513654
-0.101343687464179
-0.068305060790559
-0.030190419358928
0.012115052600598
0.056841225501978
0.101024853184958
0.140821678830240
0.172170208915453
0.191595206841017
0.196933934147298
0.187713527189437
0.165142804593427
0.131824096323633
0.091340184756266
0.047800072861637
0.005112535697530
-0.033841041174187
-0.067465890497908
-0.095140522620443
-0.116804599697963
-0.132691110916948
-0.143231184036670
-0.148882535714410
-0.149757761517329
-0.145416108142401
-0.135155489651085
-0.118577057356087
-0.095854974596457
-0.067611458751950
-0.034788734022321
0.001273034800363
0.038603458897858
0.074507123752873
0.105907353510653
0.129895808623110
0.144185707588822
0.147561202579140
0.140261892595435
0.124007258089670
0.101596518047596
0.076262391162332
0.050896978010015
0.027312997665843
0.005986674029469
-0.013503423305154
-0.031666626512283
-0.048395834743718
-0.062703412998077
-0.072965433557243
-0.077517739180630
-0.075234092117617
-0.065901233147657
-0.050547526181730
-0.031434006311387
-0.011364774455418
0.007186173706040
0.022497625499429
0.033532988500498
0.039700850931152
0.040713071857553
0.036669944230395
0.028313215318331
0.017177657013796
0.005517627251671
-0.003972846983505
-0.008746657906241
-0.007237599320157
0.000481993693269
0.012619183233988
0.026203194787533
0.037950912154876
0.044963797794351
0.045088281788525
0.037203629270602
0.021577833184877
-0.000027955118623
-0.024895685769135
-0.050182795656487
-0.073398404242983
-0.092572240211392
-0.106358498107137
-0.114043208231084
-0.115575759059770
-0.111543988263171
-0.102731172970056
-0.089486302206513
-0.071509791715338
-0.048228257399272
-0.019466597731009
0.014034526993885
0.050426690566933
0.086803843459429
0.119504355352296
0.144735431375118
0.159545042957083
0.162768848967989
0.155199968915255
0.138875342827844
0.116201384050419
0.089516303910793
0.061149919291574
0.033599790680423
0.009269784019979
-0.010294185289591
-0.024927443615230
-0.035520197394751
-0.043229513247372
-0.048862009637064
-0.052654303659734
-0.054544214300011
-0.054639691574132
-0.053353222551270
-0.051321303204055
-0.049458569778550
-0.048938893159784
-0.050830499199838
-0.055573036896792
-0.062651866554616
-0.070688270654985
-0.077996764035470
-0.083184676499489
-0.085255844462240
-0.083442512095592
-0.077230476108593
-0.066451620877786
-0.051237528966620
-0.032052378058344
-0.009828300104480
0.014093180575354
0.038179310627399
0.060954429924569
0.081321639245681
0.098708137822271
0.112718167162510
0.122676943309115
0.127660298784533
0.126884021961383
0.120059822792480
0.107613854199425
0.090732286766510
0.071212621590599
0.051216470101782
0.032943736139112
0.018010714073030
0.006665322950488
-0.002397886275130
-0.011289660916764
-0.021867535532104
-0.035031838009589
-0.050506240975463
-0.067016223907120
-0.082708784097509
-0.095738343703885
-0.104995366124359
-0.110488942677200
-0.112974563167906
-0.113161798279699
-0.111075537099139
-0.106013012847951
-0.097099121182444
-0.083898596285424
-0.066612275660633
-0.045851675931520
-0.022320216822957
0.003304534875413
0.030354628318073
0.058159396611564
0.085874196579201
0.112178114015327
0.135251722012638
0.153176315906419
0.164461030580911
0.168337206880103
0.164644309291328
0.153506606553108
0.135281946909860
0.110904380567211
0.082134358673121
0.051342536257380
0.020957754753087
-0.007128282252397
-0.031925648684089
-0.053249964401179
-0.071224244400484
-0.085870370872871
-0.097066912890429
-0.104618540739279
-0.108377373484212
-0.108414635093210
-0.105040000024021
-0.098724337935888
-0.089935030194404
-0.078904667972727
-0.065670448446165
-0.050419321429958
-0.033822214449334
-0.017147894621081
-0.002027935485139
0.010126892510287
0.018691248230553
0.023972425080146
0.026917961856429
0.028598327910669
0.029829048313701
0.031041753315756
0.032139491516970
0.032481262959786
0.031382092188608
0.028857565745911
0.025860032576346
0.023719173589269
0.023361930259408
0.024955093108927
0.027916158058930
0.031003087910350
0.032485348390913
0.030480347648560
0.023531024516812
0.011375015302265
-0.004688175613713
-0.022390391070038
-0.039566600245143
-0.054797834707341
-0.067386981515842
-0.076993757563172
-0.083275707936580
-0.085700790888252
-0.083574840249418
-0.076239451713279
-0.063375389049779
-0.045387122981161
-0.023638790526767
-0.000183661404258
0.022927243756418
0.044243179583162
0.063039332789979
0.078973635777327
0.091607395365516
0.100240279891088
0.104095353068963
0.102450929127375
0.094718770073821
0.080755496041543
0.061156074865498
0.037221286744211
0.010747449663343
-0.016215157689872
-0.041620852422422
-0.063651872155813
-0.080809076994372
-0.091939588421460
-0.096432167103467
-0.094419333890891
-0.086631210374809
-0.074057004596514
-0.057759428153135
-0.038902908019495
-0.018922917103535
0.000422314626473
0.017399579617441
0.030763198071361
0.039889973848300
0.044661931402765
0.045338911443639
0.042484146099245
0.036848233773306
0.029196217399205
0.020233837706405
0.010628523134594
0.001136415026464
-0.007192069056059
-0.013036682941910
-0.015024861107632
-0.011998229506869
-0.003488085203761
0.009854785185184
0.026341428256212
0.043815672149992
0.060333211850311
0.074572423552043
0.085802783730809
0.093403806908721
0.096272954419034
0.092770015019957
0.081430450225954
0.061916499340602
0.035501376316614
0.004877260217756
-0.026540375071581
-0.055526430596875
-0.079754753122949
-0.098061423477429
-0.110364123214406
-0.117270991494820
-0.119476190235178
-0.117341869873413
-0.110822270159561
-0.099674177726348
-0.083975302142877
-0.064571702439010
-0.042961646498602
-0.020792440082870
0.000527577229413
0.019984746234961
0.037076865506959
0.051889358206534
0.064865542890507
0.076262486871807
0.085782241842116
0.092764761825223
0.096723172732983
0.097662106562573
0.095928257577822
0.091950298467244
0.086237374594325
0.079473667284551
0.072387545097428
0.065438685452429
0.058543332419482
0.050996215405222
0.041810927788660
0.030241097190726
0.015859874443629
-0.001656868440059
-0.022481144007400
-0.046307073249096
-0.072027537866253
-0.097657275391478
-0.120617729857153
-0.138231924997898
-0.148122770977120
-0.148367721215777
-0.137746759023738
-0.116383544022829
-0.086244155241084
-0.050911205026339
-0.014903202647230
0.017077878421576
0.040906811150432
0.053690827492264
0.054281156026916
0.043530465426319
0.023956489441075
-0.001033452552706
-0.027708552628506
-0.052180321905340
-0.070495531418585
-0.078957723623117
-0.074833309589648
-0.057224358329145
-0.027453520559471
0.011268788956202
0.054439658041055
0.096793118678981
0.132844380141677
0.157681052382567
0.167931761540423
0.162330971321661
0.141460711112405
0.107098000439031
0.062046444331960
0.010489436697177
-0.042084330660120
-0.089811024376800
-0.127625238485849
-0.152054105247493
-0.161529141345201
-0.156328287489315
-0.138293201955323
-0.110373398040796
-0.076044776466221
-0.038866585224396
-0.002233833532757
0.030885236617495
0.058148677832881
0.077853319916830
0.089014491626323
0.091687961938954
0.087167301604600
0.077635092543374
0.065439958845286
0.052457916081293
0.039736026890033
0.027418711078259
0.014960147357330
0.001657811765384
-0.012597277331337
-0.026776236233137
-0.038831389918594
-0.046437338592978
-0.047785438104255
-0.042026145046814
-0.029499186950629
-0.011835147140603
0.008337149853856
0.028085621666126
0.044850812688495
0.056728614873801
0.062350428523361
0.060690726580097
0.051197781857510
0.034303362039849
0.011845112760357
-0.013044614243008
-0.036588598445825
-0.055369531418300
-0.067246038682371
-0.071619699427112
-0.069121540922556
-0.061256125194395
-0.050036668177825
-0.037327758296380
-0.024285651614438
-0.011405206345585
0.001089221632296
0.012966939139427
0.023984181793233
0.034014336134718
0.043063042344187
0.051114670076286
0.057884489067235
0.062652471449867
0.064377618890492
0.062011456928255
0.054830617380389
0.042713671748300
0.026252188168749
0.006710717693673
-0.014015786692213
-0.033592081476664
-0.049773998342503
-0.061031842301628
-0.066877372351143
-0.067770774160894
-0.064717132086350
-0.058849485003555
-0.051256438032670
-0.042838604686233
-0.033992304648202
-0.024527592364533
-0.014068276673838
-0.002498179706137
0.009917109405915
0.022632819479214
0.035007311460066
0.046398935041701
0.056030258493276
0.062924510292707
0.066174034515861
0.065241762042762
0.060072392297202
0.051103000510167
0.039207628338296
0.025603576452848
0.011732296861888
-0.000982555692786
-0.011480799964161
-0.019306660282379
-0.024647703609412
-0.028273079541523
-0.031308881989420
-0.034704124181583
-0.038618992761830
-0.042265750796967
-0.044413151359016
-0.044113805110928
-0.041182637299225
-0.036244469932942
-0.030269920816730
-0.024020836855483
-0.017969599567622
-0.012485207012326
-0.007854477728433
-0.004151903349687
-0.001042606445277
0.002267367376759
0.006586412220611
0.012070593182872
0.018033047129887
0.023459415607387
0.027800167854305
0.031393133149368
0.035344005791937
0.041113590983226
0.049995314535024
0.062577212740438
0.078162917407230
0.094431246500218
0.107866934064237
0.114757846277811
0.112148468266764
0.098539358116884
0.074233353038529
0.041168789369604
0.002409587823660
-0.038393386254335
-0.077621896705205
-0.112374017528333
-0.140834935704189
-0.162152624457113
-0.176013555066361
-0.182219488950896
-0.180530540026192
-0.170912252714555
-0.153914935777041
-0.130714798319743
-0.102896022956477
-0.072329022949412
-0.041031579036329
-0.010864159305020
0.016752314776681
0.040938105843885
0.061263114939931
0.077552709144117
0.089763234528513
0.098049849144176
0.102803433808075
0.104429147859606
0.103211801168274
0.099479557928910
0.093718236025579
0.086445106782073
0.078050060414689
0.068830118271338
0.059233101040898
0.050112778546984
0.042564797195498
0.037203945266172
0.033617568207199
0.030634643775896
0.026995297931853
0.021772596080325
0.014507676912667
0.005309929524238
-0.005093974194381
-0.015505073739237
-0.024636323737559
-0.031702367055183
-0.036746982912034
-0.040261056137240
-0.042509227127879
-0.043238050057914
-0.041935830786852
-0.038477800585553
-0.033759196018490
-0.029736640742361
-0.028701605355258
-0.032307689369224
-0.040877903949783
-0.053160910704223
-0.066640702066102
-0.078230580559819
-0.085043228592445
-0.085098134111406
-0.077619414132322
-0.062831820601542
-0.041683322633829
-0.015640444990988
0.013491674122008
0.043730531030738
0.073199399623216
0.100431537046760
0.124344509668263
0.143841405813195
0.157400423349448
0.163102942202230
0.159155777238009
0.144482124002387
0.119100461329309
0.084277360597580
0.042440606883622
-0.003050274642041
-0.048279152171383
-0.089353606638239
-0.122854270293516
-0.145939991962837
-0.156544609367337
-0.153990527859660
-0.139583719297503
-0.116534676003758
-0.089103699542138
-0.061446798256761
-0.036670306854445
-0.016301235768609
-0.000263058613561
0.012579200080253
0.023552853155942
0.033466909943232
0.042339935764153
0.049665492701492
0.054996895890482
0.058258423942726
0.059586369986898
0.058996189340691
0.056109877057663
0.050168637125934
0.040462791559052
0.026924306982311
0.010404547477173
-0.007524083476641
-0.024930464338412
-0.039817750303916
-0.050416275372681
-0.055618633581467
-0.055480747342841
-0.051292059464991
-0.044909048597013
-0.037809358183503
-0.030591602514916
-0.023227295168141
-0.015677154412200
-0.008180146886717
-0.001097921082041
0.005199860331085
0.010243883963111
0.013520188219100
0.014782947952815
0.014335804528865
0.012993368871991
0.011642389870532
0.010823539289280
0.010777488985970
0.011716760125388
0.013955634099840
0.017747532897426
0.022936029096986
0.028879293229206
0.034705890299735
0.039538170867595
0.042627653403919
0.043457929675261
0.041843127423099
0.038082991508733
0.032932600321595
0.027183220889042
0.021153290708667
0.014523081096690
0.006702755067304
-0.002573155418343
-0.013045964934438
-0.024222171682589
-0.035572121259180
-0.046260537910575
-0.054796838359261
-0.059325848301566
-0.058599046157188
-0.052684869568538
-0.042796756408723
-0.030675383105747
-0.018059865320396
-0.006366380601733
0.003507677341522
0.011349325051708
0.017655957472515
0.023283573535829
0.028814858792351
0.034157896084203
0.038675954022924
0.041660465560456
0.042707796457349
0.041712021015368
0.038725897627483
0.033980601379235
0.027828773695588
0.020448019775763
0.011619594673853
0.000868844267276
-0.012061931654682
-0.026711155716837
-0.041825451497963
-0.055878291076852
-0.067731965322702
-0.076883638587864
-0.083257865024728
-0.086896970834958
-0.087860308798436
-0.086329253516029
-0.082625841791597
-0.076902344828845
-0.068680101361692
-0.056927569390518
-0.040877963407348
-0.020691781441848
0.002667985848463
0.027943393444589
0.053813294911232
0.078731897581439
0.100893243429584
0.118673259503334
0.131253389616337
0.138874846698269
0.142356740535344
0.142173300494511
0.138019330017971
0.129263275390250
0.115562881914575
0.097005586716127
0.073997198844921
0.047240709804911
0.017806708852389
-0.012893408656110
-0.043250570466014
-0.071540961037566
-0.096056243803971
-0.115297003312947
-0.128095842283844
-0.133879262203481
-0.132896043431168
-0.126029449677447
-0.114441890639613
-0.099281609179323
-0.081484660174312
-0.061862061850608
-0.041292631304462
-0.020669561307507
-0.000878057042025
0.016917157107106
0.031094810552308
0.039892291729748
0.042053569909627
0.037417825907817
0.027092378683278
0.013220670739325
-0.001323296733170
-0.013346384777902
-0.020067286147093
-0.019876285827959
-0.012692389172552
0.000209525482951
0.016712701080112
0.034359024460998
0.050689285825869
0.063455108563103
0.070751121224986
0.071211679458838
0.064369636801001
0.050897428618448
0.032420305380741
0.011157666925037
-0.010386478190719
-0.029851446180312
-0.045493434615723
-0.056465835654014
-0.062815278238806
-0.065178986006022
-0.064222804275911
-0.060112793900766
-0.052509659849546
-0.041011605669894
-0.025497546990287
-0.006230550797533
0.016074622367610
0.040107795046883
0.063893366768224
0.085064399308457
0.101453135327527
0.111585409260519
0.114685934567746
0.110357589061032
0.098465479271165
0.079395357270545
0.054356593559472
0.025285066784791
-0.005624681584887
-0.036231170533396
-0.064481743771429
-0.088467018321029
-0.106532247463853
-0.117488595904545
-0.120889996105809
-0.116978092437986
-0.106256102787770
-0.089232048927602
-0.066659880934120
-0.039915229163774
-0.011100796610250
0.017016280044607
0.041324582011761
0.059160759365475
0.069119163745893
0.071328716024319
0.067224321652777
0.058973147000259
0.048696396644974
0.037927302633465
0.027587432630235
0.018253528248884
0.010385013416172
0.004297223000989
-0.000020676057761
-0.002945700635885
-0.005034575377049
-0.006760345603053
-0.008483279739091
-0.010622473451621
-0.013549202910170
-0.017187823363340
-0.020786362169584
-0.023096146799844
-0.022808288659707
-0.018903320325487
-0.010802871709551
0.001422172958443
0.016680062540445
0.032767527557353
0.046913716153878
0.056582065670799
0.059973414214559
0.056121681265919
0.044862040199650
0.026899383769516
0.003843002187790
-0.022033423472598
-0.048257318861047
-0.072595395145398
-0.093295320208068
-0.109039363046968
-0.118714323146071
-0.121378898539284
-0.116511773274117
-0.104122906584891
-0.084564216769457
-0.058413939162770
-0.026693160369212
0.008831277886969
0.045671958461523
0.081056493902316
0.112498465838414
0.138199035450332
0.156994789534330
0.167898444936212
0.169848665918559
0.161994126154243
0.144206850077299
0.117456842555364
0.083783854125537
0.045893195792303
0.006717104687694
-0.030896275056892
-0.064545407180410
-0.092673616208657
-0.114613311259970
-0.130200168452727
-0.139359373658721
-0.141960559401939
-0.137886739374114
-0.127182821543295
-0.110296063275784
-0.088358589862929
-0.063290978308879
-0.037591645212098
-0.013848331040521
0.005836460385786
0.020154170872510
0.028537490982785
0.031159086588925
0.029125524797504
0.024379304571349
0.019217150797211
0.015805657786727
0.015689149123155
0.019394109710810
0.026534564083089
0.036231816021233
0.047322712945209
0.058337498216180
0.067688449826470
0.074259983709819
0.077810522067069
0.078594507226494
0.076700107443249
0.071860792768637
0.063690813509047
0.052085071527493
0.037559593648357
0.021153160894721
0.004026451942623
-0.012754594449930
-0.028248507722716
-0.041698526030214
-0.052688657433748
-0.061252243744803
-0.067597014385069
-0.071549799488980
-0.072436506009839
-0.069722792955061
-0.063738329321106
-0.055695680222158
-0.047110145818331
-0.039226518880980
-0.032697234496494
-0.027378597115091
-0.022345967562102
-0.016415878286303
-0.008856378839768
0.000255041619475
0.009992559862402
0.018863115535319
0.025486338779893
0.029168310575549
0.029874310802647
0.027785052147660
0.022958148902558
0.015393574245153
0.005357798283502
-0.006437803616702
-0.019010816944110
-0.031439128378637
-0.043051224547295
-0.053357587648626
-0.061838949946694
-0.067766748763986
-0.070159961719871
-0.067980592982044
-0.060449385916658
-0.047218765350533
-0.028513675996503
-0.005328348597138
0.020655800459981
0.047473935060541
0.073172293278554
0.095813775740250
0.113547089244103
0.125002363739159
0.129626378529097
0.127515296691253
0.119037540367314
0.104770430066537
0.085616930759357
0.062836712755350
0.038110799064993
0.013489681344163
-0.008852982212492
-0.026715252995030
-0.038001839505173
-0.041358377240663
-0.036923008149900
-0.026363002581510
-0.012107174426395
0.003557987324713
0.019002373620907
0.033175554060865
0.045085952380923
0.053410068578552
0.056669318798268
0.053814533821502
0.044571008722746
0.029241653616524
0.008472967286496
-0.016639016099460
-0.044365631050382
-0.072484669086203
-0.098787864317201
-0.121550074201618
-0.139574688860773
-0.151813686598930
-0.157017682343285
-0.153980556810300
-0.142180119131784
-0.122123163106704
-0.095253041603932
-0.063711482399988
-0.030074404588901
0.003026834990065
0.033428267099033
0.059848430766882
0.081777061464388
0.098867170951557
0.110436638951853
0.115452853465719
0.112926193758842
0.102491773019334
0.084825295608245
0.061697418768778
0.035662455156182
0.009497763685580
-0.014300914570183
-0.033963617331596
-0.048797637400598
-0.058995001859631
-0.065021139939942
-0.067184491253811
-0.065580963801949
-0.060302008941225
-0.051637692948189
-0.040121216160557
-0.026480467785729
-0.011577629140275
0.003578390724945
0.017945779863190
0.030807964021285
0.041873952376954
0.050911864498666
0.057484661609022
0.061112058964311
0.061562844403351
0.058975905189677
0.053685112457416
0.045970354868469
0.036280262920485
0.025719721839265
0.015962707924205
0.008626363754513
0.004759870075991
0.004661685935862
0.007949869567071
0.013822067024583
0.021345167531852
0.029508718358872
0.037076156387593
0.042640333214031
0.045089642374193
0.044156309665385
0.040456134819049
0.034944173895151
0.028342870930416
0.020920551639558
0.012545851770306
0.002884834745201
-0.008248852201411
-0.020515461955999
-0.032929750233281
-0.044069083291291
-0.052512919526842
-0.057369604481235
-0.058586234937060
-0.056837207271366
-0.053109601242368
-0.048231814294701
-0.042612182300096
-0.036281188894337
-0.029028323115660
-0.020549365009292
-0.010753629610323
-0.000172604036370
0.009852837043406
0.017453229744214
0.020953602081296
0.019593781810266
0.013712471238962
0.004461041702608
-0.006630005510069
-0.018074511783421
-0.028785623671098
-0.038372923557787
-0.047024044493508
-0.054743342527189
-0.060646679674488
-0.063072445632907
-0.060345180939607
-0.051527104248206
-0.036843820208884
-0.017751307922471
0.003407655403641
0.024112652766531
0.042418447271249
0.057194707216125
0.067880402726239
0.074256704459235
0.076159059685661
0.073245320674432
0.065329535028085
0.052830913673681
0.036740056042125
0.018357742105757
-0.000938964978190
-0.019871049536172
-0.037300918203443
-0.052197381398730
-0.063678549256054
-0.071142812139340
-0.074322262908307
-0.073298774333987
-0.068621356692014
-0.061334154042904
-0.052659002726392
-0.043444171019689
-0.033844982188893
-0.023474679791709
-0.011870467934096
0.000967172564027
0.014382543104542
0.027324696091388
0.038615816810519
0.047037307592691
0.051472277229618
0.051264450220037
0.046568402061682
0.038383627484789
0.028235363919757
0.017662791053357
0.007936263336062
0.000297963703380
-0.003791241625326
-0.002990292167565
0.003351591898508
0.015019200808601
0.031100102350678
0.050175271777829
0.070431794429769
0.089604079586234
0.104914271067638
0.113437913400169
0.112871714102044
0.102239139912284
0.082072800949948
0.054078354535269
0.020791533338098
-0.014590010329965
-0.048638729592159
-0.078499540194410
-0.102477537732991
-0.120067413966505
-0.131533811079370
-0.137224779648756
-0.137087309755949
-0.130742317756519
-0.117878613142860
-0.098643681670202
-0.073845656183520
-0.044893741997226
-0.013723443026013
0.017281476809105
0.045756570601328
0.069917535068900
0.088527752384765
0.100494976280214
0.104746705663777
0.100575061722063
0.088198274053484
0.069030870070910
0.045399760763901
0.019954716203290
-0.004791628087072
-0.026622930034433
-0.043719357625595
-0.054890390217984
-0.059829333889962
-0.059173117292776
-0.054199907727161
-0.046330086118585
-0.036780702237476
-0.026451887703943
-0.015953391003743
-0.005663809265353
0.004165278449538
0.013101064334336
0.020207081615765
0.024128451569845
0.023579999884757
0.017991572706856
0.008039965089264
-0.004354435258390
-0.016639803699121
-0.026411081681674
-0.031944484986407
-0.032409883484273
-0.027884874949522
-0.019242313986957
-0.007973219594519
0.004130921306316
0.015532987901096
0.025328694991033
0.033117056625671
0.038752781344118
0.042331447793190
0.044154179083696
0.044504107708295
0.043523914568130
0.041290484317537
0.037823982181240
0.032918756413601
0.026046764847137
0.016583105245069
0.004230006524307
-0.010664784388063
-0.027097882362798
-0.043698429173959
-0.059054399820640
-0.071875373891670
-0.081109423205430
-0.086107308541661
-0.086741880662010
-0.083427151212189
-0.076909492137281
-0.067805724167081
-0.056298177883996
-0.042342121029195
-0.026131251954696
-0.008329260593045
0.010086754688046
0.028209450196214
0.045413222831606
0.061167739638630
0.074897557929960
0.086207232637817
0.095021945447012
0.101279093243445
0.104548454147445
0.104054367963718
0.099040407578082
0.089214838645413
0.075025522952138
0.057653587423745
0.038851143075132
0.020659443495538
0.005082878589423
-0.006209782474807
-0.012249798071270
-0.013060020834527
-0.009687800145889
-0.003975340716545
0.001955773734871
0.006297637060134
0.007889387018173
0.006316974840117
0.001878189202523
-0.004672794840953
-0.012526321499146
-0.021056856074252
-0.029680057271450
-0.037563382588181
-0.043668048583156
-0.047098675637008
-0.047392021471622
-0.044656015333018
-0.039520835850150
-0.032863991390131
-0.025582776804032
-0.018517596730111
-0.012240851653382
-0.006701757215540
-0.001207541346886
0.004966156301515
0.011889302289789
0.018916758279762
0.025044878093863
0.029235263480453
0.030668673693159
0.028859703618104
0.023702045337487
0.015631645810985
0.005639750199020
-0.005060929880153
-0.015366380317787
-0.024400386956798
-0.031493123598037
-0.036052348496913
-0.037551568751195
-0.035725446647459
-0.030686167491847
-0.022917908797760
-0.013270929807328
-0.002911422056543
0.006785590150551
0.014507130090554
0.019479098843594
0.021802854099664
0.022323338199750
0.022027818132598
0.021371872097428
0.020153253571230
0.017941252161715
0.014442796633855
0.009634156281617
0.003849291172131
-0.002214377405498
-0.007528102272192
-0.010880738736626
-0.011345277021891
-0.008656166231441
-0.003106061287538
0.004706735275942
0.013909139376033
0.023224396324899
0.031029104330094
0.035780949578104
0.036466747128474
0.032668689960519
0.024347405005549
0.011706595924255
-0.004677818955216
-0.023633119675877
-0.043418064712924
-0.062084426465138
-0.077804630936813
-0.088975225960412
-0.094381832574646
-0.093464180130205
-0.086437645225851
-0.074286649502512
-0.058559000137567
-0.040845045752747
-0.022351736280905
-0.003930182282221
0.013680321687330
0.029750409850136
0.043702928142891
0.055366290295760
0.065017809621898
0.072985466703038
0.079256539216519
0.083578790599000
0.085700106840221
0.085412900611418
0.082474154162029
0.076567538900136
0.067519488466208
0.055549116618542
0.041203063678150
0.025166171294432
0.008206944441999
-0.008816637428718
-0.024926549928407
-0.039026092628995
-0.050157514448347
-0.057802626574590
-0.061912193697294
-0.062894286883660
-0.061529683734074
-0.058666614658751
-0.055050904448929
-0.051269886323112
-0.047508285687146
-0.043419655703443
-0.038490877724807
-0.032576057634292
-0.026066629274120
-0.019681425963501
-0.014111186004444
-0.009757522915834
-0.006743238203951
-0.004985873053821
-0.004049509640520
-0.003021381809887
-0.000900798112132
0.002739249408146
0.007593468538278
0.013017736088233
0.018408876241657
0.023341450903411
0.027531337351784
0.030794113394544
0.033109495743369
0.034545163926770
0.035008052520708
0.034181251866556
0.031670741869724
0.027183046147624
0.020633577131381
0.012194803607904
0.002427447058517
-0.007621444001331
-0.016555850787811
-0.022849433839700
-0.025031277796737
-0.022059811146190
-0.013794205007028
-0.001019180606010
0.014954455761989
0.032550939176910
0.049956227420619
0.065104306674078
0.075755714077814
0.079901137393197
0.076332224156807
0.064815158876810
0.045850782167847
0.020651080253984
-0.008552030411212
-0.038647490801160
-0.066488565664074
-0.089706244876458
-0.106972803832178
-0.117671698830049
-0.121337008567166
-0.117527886806550
-0.106096600809306
-0.087349044988845
-0.062156986914659
-0.032109590105416
0.000532210055896
0.033127933937433
0.063062543598706
0.088126799187530
0.106788284851418
0.118282467591254
0.122404001935028
0.119146899726588
0.108589638221305
0.091107174217941
0.067608123638058
0.039483619345326
0.008330687263544
-0.024188978439246
-0.056315682963336
-0.086278264689067
-0.112498026602815
-0.133585767443358
-0.148151587444440
-0.154736458566358
-0.152001364494439
-0.139263426548548
-0.117106339397822
-0.087448444667401
-0.052995042575763
-0.016528179712044
0.019534278805494
0.053202689062670
0.082803730035421
0.106838587503479
0.123965297117313
0.133234899969193
0.134383536462589
0.127970665363346
0.115360530226606
0.098529317342653
0.079643584814920
0.060529906034679
0.042349497074255
0.025651812803607
0.010677489443449
-0.002438786775204
-0.013751752364708
-0.023611047732074
-0.032602465850086
-0.041397986306133
-0.050480986476477
-0.059825371617337
-0.068837879118376
-0.076671059577432
-0.082582146205274
-0.086008129100468
-0.086526383033502
-0.083864741948732
-0.077788353249948
-0.067974534605913
-0.054168065536121
-0.036591532679672
-0.016207768138153
0.005577225256762
0.027494004439477
0.048611610314777
0.068033508511280
0.084605074147198
0.097072008556544
0.104472842211885
0.106405553338327
0.103089034792525
0.095192164914318
0.083491594931205
0.068650589208801
0.051316258289364
0.032215557791012
0.012080217268806
-0.008224741879485
-0.027407425977802
-0.043742902341147
-0.055519248213047
-0.061708957987772
-0.062382530840379
-0.058570251988763
-0.051679045323179
-0.042922038863125
-0.033162803322325
-0.023015889602455
-0.012996272824591
-0.003619424137824
0.004722623824063
0.011825895977725
0.017486613460138
0.021506405189108
0.023898533041528
0.024873332744382
0.024719020807678
0.023712086652490
0.021905093411750
0.019041654220525
0.014737507279773
0.008629258642643
0.000592699334264
-0.008924303767136
-0.018886179819255
-0.027999013247576
-0.035042491735131
-0.039093189335310
-0.039736827279263
-0.037185340903691
-0.032101501708177
-0.025324783960087
-0.017676061836509
-0.009725233463628
-0.001668177841145
0.006461608129617
0.014420907189494
0.021636556353022
0.027462360044326
0.031412058562043
0.033158175062810
0.032523435597730
0.029411530388930
0.023681099496884
0.015278698877900
0.004522347357789
-0.007798457437742
-0.020548382388984
-0.032423556025120
-0.042073618735314
-0.048354694871130
-0.050812935028910
-0.049986629935451
-0.046996963064468
-0.042635544983293
-0.036816366848062
-0.028834551475214
-0.018087284378560
-0.004631645582721
0.010815804247366
0.027308413453788
0.043944169548815
0.059702897990339
0.073395041543317
0.083997260051035
0.090840495439100
0.093501857144887
0.091702427880852
0.085291362138579
0.074315343849174
0.059185730971017
0.040862582832670
0.020829884900002
0.000853897961584
-0.017306753151773
-0.032353842209641
-0.043787039042099
-0.051694803285157
-0.056449033642393
-0.058598683200508
-0.058583097689271
-0.056486518477748
-0.052403691581730
-0.047016019195954
-0.041644100888923
-0.037831516953389
-0.036773883605006
-0.038837846047759
-0.043525931003427
-0.049850599897727
-0.056708633261449
-0.063099430025637
-0.068224564088783
-0.071412457371230
-0.071865646574550
-0.068493325275996
-0.060093065127969
-0.045825438497550
-0.025755788593663
-0.001103722684697
0.026049172738074
0.053305042846345
0.078291910264845
0.098739821052584
0.112693695905757
0.119022196233637
0.117598194076809
0.108878544384370
0.093531062730410
0.072446094513285
0.046912201771130
0.018765343112139
-0.009678692226256
-0.035960251794924
-0.057893423157442
-0.073890727246850
-0.083116649364200
-0.085438007726289
-0.081253730496929
-0.071337355989696
-0.056678792918082
-0.038367953051185
-0.017665271376104
0.003822381558549
0.024176572463684
0.041570942000972
0.054797048182909
0.063604203531435
0.068668198578473
0.071142600776621
0.072017252645280
0.071601244065719
0.069441944994624
0.064722692065009
0.056814796458749
0.045706054971173
0.032113752648302
0.017279763077810
0.002570182787720
-0.011099567595263
-0.023596122575078
-0.035174934510976
-0.045819623717478
-0.055103131711664
-0.062505652178245
-0.067592326136714
-0.069942087333028
-0.069109709075349
-0.064716346111229
-0.056615506125068
-0.045052993505545
-0.030669322199313
-0.014197164037882
0.003815402071231
0.022700085563153
0.041157863386797
0.057329843780318
0.069348181050596
0.075735921984539
0.075437911986533
0.067839776483422
0.053004952618241
0.031898864735206
0.006352775250513
-0.021341997771385
-0.049061353054581
-0.075248462616349
-0.098757371970705
-0.118349626523799
-0.132461914416277
-0.139417861396522
-0.137763789355558
-0.126655659225553
-0.106233510676848
-0.077774780902748
-0.043618816995835
-0.006822541350725
0.029459581581177
0.062557855908294
0.090527262015579
0.111995758976105
0.125924486044241
0.131735162808547
0.129680073704722
0.120836145858228
0.106619585326977
0.088444365852389
0.067805419717497
0.046372691724534
0.025841555423144
0.007566609160199
-0.007756558640054
-0.019938640950614
-0.028847891752298
-0.034260824005077
-0.036174557082679
-0.035121407698337
-0.032036893070252
-0.027815877330996
-0.022953070297761
-0.017557446943961
-0.011669895142792
-0.005492967129107
0.000615881180713
0.006248984961264
0.011033987971126
0.014722044735875
0.017317667035753
0.019170975485988
0.020957210553999
0.023450577232325
0.027096520956607
0.031695107576459
0.036404764855120
0.039908758708089
0.040672190103134
0.037303758918701
0.028842990489291
0.014966614105757
-0.003784369764651
-0.025964826752614
-0.049502008290336
-0.072036786327557
-0.091118491957080
-0.104388992153358
-0.109954487282253
-0.106862876336768
-0.095422275305436
-0.077145690158453
-0.054304674856813
-0.029358892422184
-0.004579325535899
0.018098427331463
0.037147336606791
0.051517753379106
0.060597390802661
0.063983422273068
0.061361488978293
0.052823963636104
0.039313615956789
0.022679571909809
0.005285421417453
-0.010551638072855
-0.022897895457659
-0.030266837501772
-0.031720907744633
-0.027073587450341
-0.016981474963618
-0.002750319242074
0.014093122651335
0.032086864674319
0.049685373922129
0.065020290209827
0.076140208681420
0.081608656008463
0.080890428443542
0.074353525526104
0.063040445949057
0.048362909843599
0.031941408527684
0.015559440665709
0.000861370053526
-0.011119273327090
-0.020079817607889
-0.026136796537007
-0.029526841019319
-0.030668869472408
-0.030343014077030
-0.029517213560331
-0.028844738637399
-0.028326578977734
-0.027536697729290
-0.026140989677547
-0.024110362483148
-0.021600074958543
-0.018844780669308
-0.016125417202203
-0.013728336999109
-0.011934707780345
-0.010985296115800
-0.010959380746421
-0.011743161094611
-0.013109696700553
-0.014669747930313
-0.015790733555014
-0.015703598536247
-0.013690494653775
-0.009314176605810
-0.002665170458893
0.005600412235657
0.014522398372407
0.023162035368132
0.030750953496241
0.036761232191637
0.040915104743881
0.043111262627542
0.043428878637446
0.041995356548909
0.038723144379421
0.033443618824106
0.026304932236018
0.017810737298946
0.008486215849206
-0.001351395652818
-0.011532852440333
-0.021861078886446
-0.031995791898347
-0.041525077600884
-0.050176612640590
-0.057848714342236
-0.064315485873281
-0.069053422563379
-0.071583265183415
-0.071816576213026
-0.069810435084162
-0.065341167889309
-0.057796734358748
-0.046338141435437
-0.030410794571323
-0.010424169636630
0.012079855055842
0.034931849859392
0.055953047781375
0.073308848801514
0.085699826538580
0.092456764814497
0.093586923218219
0.089735803359839
0.081814669351307
0.070656449775150
0.057249169247466
0.043028826689296
0.029616810845135
0.018266296410386
0.009419100297255
0.002595111027499
-0.003241674591047
-0.009044226122636
-0.015265535039234
-0.021854997713526
-0.028418303924351
-0.034451350083057
-0.039684550221426
-0.044263145091664
-0.048579491483739
-0.052900348402887
-0.056959886484561
-0.059806493391770
-0.060146804659068
-0.056900984389642
-0.049487213000240
-0.037837412508156
-0.022433467487776
-0.004376658541849
0.014681087496507
0.032863602441236
0.048572659634939
0.060774680118843
0.068860936191635
0.072366755112817
0.070957538347773
0.064762964069715
0.054644253385984
0.041984129564060
0.028161028313023
0.014141651087348
0.000433163382350
-0.012673581859229
-0.024932455302989
-0.036178030497190
-0.046339098051313
-0.055351542700676
-0.063005298590845
-0.068889074826319
-0.072562027422289
-0.073704503667691
-0.072069685073165
-0.067292228439683
-0.058867357960545
-0.046586970384713
-0.030955420276768
-0.013108459945416
0.005474056175221
0.023168294042459
0.038383318597574
0.049864398448147
0.057068418054410
0.060256858030072
0.060120247940591
0.057171872365510
0.051402263270045
0.042522718370278
0.030517281437793
0.016019205525204
0.000300522880652
-0.015036964027870
-0.028356593449732
-0.038192067285382
-0.043530054058111
-0.044112348920538
-0.040469173102239
-0.033594321741834
-0.024570749567809
-0.014331455630073
-0.003510644213109
0.007537794153267
0.018583056104231
0.029403058040551
0.039771583036396
0.049415980168057
0.057788307941938
0.063836269212064
0.066094587317999
0.063107599531883
0.054022921613737
0.039025197590574
0.019403329329729
-0.002593515229121
-0.024160981869006
-0.042590188617589
-0.055863593371902
-0.063027459300503
-0.064139035522772
-0.059783986371952
-0.050544358846369
-0.036894364647130
-0.019610616556728
-0.000101314410819
0.019691159293123
0.037615810868835
0.051639644379652
0.060030302714132
0.061594684084901
0.056048577160666
0.044125316135110
0.027227633659809
0.006890908504095
-0.015471211661109
-0.038395482006862
-0.060135233508485
-0.078791324698458
-0.092831452574958
-0.101512960767069
-0.104860594834985
-0.103347006096595
-0.097580985095058
-0.088221117409357
-0.075965032145438
-0.061435786201207
-0.045159297396510
-0.027675952689992
-0.009614524702089
0.008329581517448
0.025531270837925
0.041617410171180
0.056428056212850
0.069720759904905
0.081067740823972
0.090112958796381
0.096710783158441
0.100672962120289
0.101549737449594
0.098872192139012
0.092621755565643
0.083465686880646
0.072581356368024
0.061152877342680
0.049864030424560
0.038723194513261
0.027271349020148
0.015023469175470
0.001870627302987
-0.011778134278529
-0.025021743943154
-0.036570924685042
-0.045041307994617
-0.049381491619857
-0.049174470313966
-0.044681585909770
-0.036763802595944
-0.026767524476880
-0.016302982622769
-0.007012495583126
-0.000391397536711
0.002402652398720
0.000631628662562
-0.006066838084870
-0.017658690655366
-0.033480933748144
-0.051936674274643
-0.070576203011558
-0.086631651188671
-0.097538055240484
-0.101209147159577
-0.096284985531348
-0.082458426546285
-0.060645663253927
-0.032844910306809
-0.001732929173983
0.029834776126801
0.059245084017912
0.084363451135602
0.103437493137220
0.114820579115369
0.117027129118045
0.109312393161804
0.092280730845540
0.067855448225433
0.038752436829092
0.008025469267525
-0.021296311864799
-0.046599853793743
-0.066060636435845
-0.078823848564432
-0.084740533439444
-0.083923270789832
-0.076619035139473
-0.063413885832882
-0.045491288712644
-0.024592163956083
-0.002601001924369
0.018804645103519
0.038189478263960
0.054348516581849
0.066397255450516
0.073844099099306
0.076597209507822
0.074834555610916
0.068752748349443
0.058487243174962
0.044366013454008
0.027252276388250
0.008591735574284
-0.009882309719304
-0.026484964167157
-0.039809671063474
-0.048885762276934
-0.053213048081189
-0.052711464019733
-0.047682541393600
-0.038683433824563
-0.026314460757774
-0.011200344128494
0.005694958235842
0.022836888837897
0.038477721676312
0.051230686391447
0.060191238640404
0.064756052844972
0.064543439399491
0.059421713843303
0.049611000368389
0.035807828737197
0.019115144209597
0.000747867167797
-0.018213709446749
-0.036828639808896
-0.054160288460927
-0.069190441937839
-0.080848849482530
-0.088156605576174
-0.090396093776895
-0.087213015461584
-0.078740552976469
-0.065688155263121
-0.049086503490714
-0.029816877417539
-0.008404916489162
0.014817010077360
0.039387079913139
0.064473865565421
0.088807253104565
0.110706008063337
0.128206035418444
0.139283825866257
0.142215595910240
0.136114033696771
0.121323936295703
0.099277992693620
0.071924381186771
0.041195974505836
0.008788037908127
-0.023695787978437
-0.054415688129566
-0.081253721942970
-0.102104501231059
-0.115126857123383
-0.118950105700234
-0.113051276560503
-0.098137964008657
-0.076201030541983
-0.050234723922101
-0.023667244170256
0.000460458338510
0.020034782398463
0.033760334247545
0.040888591791770
0.041275002589236
0.035447288682675
0.024321937909212
0.009020745102494
-0.008959563510261
-0.027704415986553
-0.045152336745557
-0.059508334842459
-0.069555950927589
-0.074670365026128
-0.074716781944884
-0.069974262663720
-0.061034818454088
-0.048715492968902
-0.033958055698297
-0.017759504131570
-0.001152920201095
0.014914992731159
0.029681979780076
0.042511094436364
0.052966872957039
0.060971492094869
0.066578551041736
0.069579962113906
0.069526506781273
0.066115925213603
0.059588468938729
0.050838353162239
0.041061221153470
0.031224853196519
0.021861198623760
0.013268570685224
0.005781259816197
-0.000232361076478
-0.004497397823151
-0.006745433161517
-0.006562724125321
-0.003587408041611
0.002015545633298
0.009349154157654
0.017025953803839
0.023526386863843
0.027531165751137
0.028197360538741
0.025285790544530
0.019257703914725
0.011284784455121
0.002867460023140
-0.004795949933100
-0.011218853698078
-0.016593951478516
-0.021433676262844
-0.026169313356013
-0.030982938009113
-0.036000346769061
-0.041488097219945
-0.047614602654490
-0.054089112733615
-0.060095713952846
-0.064460986407471
-0.065964445977644
-0.063668977091780
-0.057057522506308
-0.046051060842020
-0.031196271796449
-0.013820492951321
0.004290588720916
0.021396902550555
0.035972799424108
0.046717164866007
0.052671470201192
0.053308319664749
0.048615154324710
0.039248404253414
0.026469061008425
0.011880853930891
-0.002679079466316
-0.015257322890575
-0.024205323593012
-0.028650088785584
-0.028596481668045
-0.024665156578824
-0.017733643914098
-0.008643120497348
0.001873902271708
0.013065064856625
0.024201126703670
0.034777815778845
0.044360546389846
0.052235848669701
0.057532351505838
0.059557856632794
0.057859415417884
0.052260622864789
0.042898010008230
0.030082033183105
0.014290740115748
-0.003633350951029
-0.022462258296572
-0.040877025139255
-0.057777304939207
-0.072337638468988
-0.083865392986205
-0.091647130019202
-0.095034941792756
-0.093768565828389
-0.088117503582687
-0.078691104359450
-0.066243345214671
-0.051653358235229
-0.035878387217469
-0.019810322751023
-0.004232763206515
0.010159267532504
0.022744432059089
0.032855509187741
0.039787354744477
0.043076511548944
0.042695684649649
0.039053932921008
0.032954584052106
0.025446279999311
0.017554268174975
0.010127835912511
0.003840036482112
-0.000863072169847
-0.003767257103717
-0.004767936885864
-0.003875254774351
-0.001330169057625
0.002359440618658
0.006403075505328
0.009750056199835
0.011312215380227
0.010391131808044
0.006991852164852
0.001722538595996
-0.004502830046491
-0.010669593904110
-0.015793832792768
-0.019018719332290
-0.019664069927363
-0.017266374022020
-0.011625355220737
-0.002780913056268
0.008937377625768
0.022714312216005
0.037283501585653
0.051293081339773
0.063651743436259
0.073642235135217
0.080923009847924
0.085511469079249
0.087669690825649
0.087804248841810
0.086356338307796
0.083470944189037
0.078729565572090
0.071339833237974
0.060618624071999
0.046335603611251
0.028679655234866
0.008026935244411
-0.015103270169405
-0.039857482338038
-0.064957757507520
-0.088944918636543
-0.110487748793629
-0.128333390932883
-0.141121388454145
-0.147546528573075
-0.146766513497711
-0.138757005676838
-0.124402150151860
-0.105163009895619
-0.082648096070328
-0.058426278791003
-0.033896309487826
-0.010127477381133
0.012128123566561
0.032294930159540
0.049828035843784
0.064008929499551
0.073948173933654
0.079054831788849
0.079474347733462
0.075996927096836
0.069653331141801
0.061433575891749
0.052306495067654
0.043331169186847
0.035553054511882
0.029732898073939
0.026240620578621
0.025288663845080
0.027164470576402
0.032045202057797
0.039574171049658
0.048594365588458
0.057198537405581
0.063115279543023
0.064230355546124
0.059005489017546
0.046853230731856
0.028433740239454
0.005555412969023
-0.019321667730864
-0.043582859867952
-0.064727215610169
-0.080533386465952
-0.089295165096086
-0.090116292541958
-0.083158602560418
-0.069708521770586
-0.052016389291027
-0.032909050094135
-0.015190465165359
-0.001138496283918
0.007739824872101
0.010871143597829
0.008625361180104
0.002097824933341
-0.007263310087507
-0.018134048139933
-0.029543004093271
-0.040617309996368
-0.050297752247452
-0.057402674521629
-0.060804780707186
-0.059531005945304
-0.052885643050758
-0.040629876637770
-0.023161961960004
-0.001621603619356
0.022206905669732
0.046282077229440
0.068776842358408
0.088194068562705
0.103102610750876
0.112093104956354
0.114241332918393
0.109466181131453
0.098318413886936
0.081664024340313
0.060666716024208
0.036795513893171
0.011709266037090
-0.012780854205779
-0.034803977702208
-0.052824570127517
-0.066030212876966
-0.074306949383223
-0.077934672519480
-0.077367682429322
-0.073217847048923
-0.066265660708406
-0.057348724191221
-0.047290251840595
-0.037016781301311
-0.027599581331239
-0.019979003718749
-0.014572439290010
-0.011077346821600
-0.008555727128735
-0.005701956209615
-0.001256452505380
0.005451459358476
0.014103376599432
0.023364775564421
0.031199157352667
0.035487172012344
0.034723625202146
0.028381341816295
0.016826457573586
0.000994104162326
-0.017864128284821
-0.038180058071855
-0.057979032474619
-0.075035950362875
-0.087249346435337
-0.092873209782043
-0.090604790042034
-0.079789877395833
-0.060777201652472
-0.035214746570077
-0.005921641818460
0.023742109246763
0.050593773066418
0.072138992470110
0.086860393763437
0.094282634995097
0.094946194353852
0.090359693724409
0.082651412288483
0.073868757470658
0.065375837231773
0.057688128958228
0.050767898629949
0.044367977337544
0.037925554086010
0.030543626455771
0.021576615050201
0.011108980450755
-0.000122720059061
-0.011120412557927
-0.020936638375031
-0.028576332445997
-0.032950182516781
-0.033272094275467
-0.029398539628178
-0.021871320016309
-0.011838884139131
-0.000753326703579
0.010129698984033
0.019925256714875
0.027792891940446
0.032723173178739
0.033795879314511
0.030544306071116
0.023042885060367
0.011767721095353
-0.002523040417314
-0.018822243264230
-0.035833278043223
-0.052022089556086
-0.065967830948393
-0.076613357108449
-0.083101804365343
-0.084652880407601
-0.080753255927140
-0.071409388440242
-0.057174091003087
-0.038867389586311
-0.017269512158771
0.006841437313989
0.032297397958446
0.057181886288551
0.078885741939253
0.094615047501612
0.102160480296047
0.100483872448993
0.089713641711467
0.070923367370915
0.046125057026828
0.017997321259291
-0.010874158521324
-0.038479006220933
-0.063256361642556
-0.083912570128460
-0.099386631493800
-0.108721656009133
-0.110931936322139
-0.105114961327698
-0.090715080644434
-0.067761341526528
-0.037176642287928
-0.001061182451169
0.037429123824538
0.074605770325565
0.106868734247840
0.131246174051450
0.145742197345205
0.149455457204043
0.142578137063647
0.126265200065236
0.102213966691886
0.072166132780239
0.037785569098760
0.000875428485689
-0.036466285936104
-0.071927292382579
-0.103168639710175
-0.127972091977625
-0.144444416505933
-0.151349060783576
-0.148334576498731
-0.135971674446758
-0.115718348556020
-0.089723891869210
-0.060358566514227
-0.029800479525342
-0.000104554731592
0.026611996449703
0.048420208456189
0.063988760634511
0.072762699855428
0.074940383379151
0.071280079266207
0.062769663015235
0.050342864548080
0.034742304402573
0.016551342798911
-0.003522989804744
-0.024287634354389
-0.043886878471257
-0.059938051506633
-0.070099642398366
-0.072760937161090
-0.067363209733658
-0.054366512628312
-0.034988125181271
-0.010835023818262
0.016319991647892
0.044649903552885
0.072334822105664
0.097503305127625
0.118256838183717
0.132895829580393
0.140197654303629
0.139709018094690
0.131959118056867
0.118317282718590
0.100455403443996
0.079774623842940
0.057156377731756
0.033115860593304
0.008091929046024
-0.017434639057857
-0.042828677738162
-0.067122193380455
-0.089099549382544
-0.107654270511121
-0.122153110201563
-0.132472111358934
-0.138603883357300
-0.140255331168062
-0.136790284984435
-0.127605621406023
-0.112647630457378
-0.092543857366847
-0.068392391816506
-0.041580547884745
-0.013768046155817
0.013104174462120
0.037091568551832
0.056753993785576
0.071496231175472
0.081566718869279
0.087693911219664
0.090681334877016
0.091462174509566
0.091236627379214
0.091015913123547
0.090959441919704
0.090278333720499
0.087722916785702
0.082135939430091
0.072669461542477
0.058759020117775
0.040260978373215
0.017823732889078
-0.006923165474083
-0.031669064235870
-0.053936496744810
-0.071459887975135
-0.082465529433278
-0.085871945767043
-0.081434539062316
-0.069952278378279
-0.053301519470804
-0.033935973034665
-0.014068871213644
0.004830921721209
0.022010162126422
0.037095943111745
0.049673425642618
0.059103618539177
0.064703333419205
0.065893119561672
0.062261860240521
0.053841506071736
0.041354435987232
0.026028466114503
0.009047864505721
-0.008886392596403
-0.027532813632426
-0.046738228314057
-0.066011472755521
-0.084323452378790
-0.100282316671949
-0.112512129219575
-0.119965496808544
-0.122101025289937
-0.119011870346414
-0.111343563489202
-0.099821121675757
-0.084873319931081
-0.066729380787523
-0.045706820872846
-0.022512381188957
0.001654302765967
0.025361247908874
0.047320500481034
0.066666611800756
0.083002620150704
0.096228130640914
0.106361345087884
0.113422973232285
0.117258010813962
0.117238635390877
0.112292334720914
0.101591450041129
0.085296996675824
0.064676599209447
0.041678014164365
0.018385385096177
-0.003393339770964
-0.022332319618249
-0.037619077664599
-0.048950820975388
-0.056453446446463
-0.060441595705160
-0.061203699088053
-0.059036398594140
-0.054501739976124
-0.048548519942038
-0.042285221581829
-0.036613151167201
-0.031916828020080
-0.027932844266841
-0.023944696346732
-0.019249036876924
-0.013593170947454
-0.007313545493554
-0.001177175387954
0.003954727947444
0.007554717219843
0.009660579478503
0.010683088418871
0.011077614856914
0.011158261285140
0.011001885189039
0.010525022388370
0.009791144249492
0.009157894289443
0.009000886207696
0.009443962563950
0.010487474842328
0.012229945059594
0.014819581974510
0.018296732647296
0.022597921993218
0.027686985740014
0.033667806231354
0.040725966543349
0.048843373644761
0.057591807538475
0.066246283970165
0.073935099539144
0.079592940964074
0.081967233306575
0.079896971707923
0.072818223208071
0.061279256588082
0.046886169197898
0.031513640892307
0.016627566093135
0.003163352953395
-0.008423679223035
-0.018046572130649
-0.025805887278705
-0.031835436418016
-0.036173577716237
-0.038778679061086
-0.039703147789618
-0.039373724307079
-0.038886926640796
-0.039866630063365
-0.043752846767406
-0.051101628378528
-0.061463326856810
-0.073767892840552
-0.086729722522018
-0.099065120815594
-0.109556039672481
-0.117134132920383
-0.121103742946437
-0.121143198134166
-0.116957450666728
-0.108030242260136
-0.093788691277570
-0.074076087988928
-0.049549252034440
-0.021708334109739
0.007462135055499
0.036035667307771
0.062381964027242
0.084971566266693
0.102347868714782
0.113475037005575
0.117900172067641
0.115588368758959
0.106873190731348
0.092543722955188
0.073823467396792
0.052289067378763
0.029657805330078
0.007365726817925
-0.013678185646706
-0.032897360190936
-0.049759476166733
-0.063749459507607
-0.074502859025432
-0.081820433915406
-0.085479869846203
-0.085107911493502
-0.080324889637816
-0.070994494300462
-0.057378858131940
-0.040080245781035
-0.019805401673233
0.002717101076959
0.026580535962439
0.050640290144140
0.073739694588773
0.094986765898896
0.113792546456235
0.129710458314362
0.142251795678222
0.150895013994247
0.155259049120137
0.155002282654749
0.149558460957265
0.138283300177384
0.120935462559195
0.098069706172020
0.071161494148064
0.042425478270345
0.014379114059370
-0.010762226747030
-0.031560620893578
-0.047450143703356
-0.058660129500463
-0.066008191773477
-0.070463486402490
-0.072806220201069
-0.073669640780500
-0.073843485287342
-0.074445396508047
-0.076658727207067
-0.081148373146685
-0.087598272053839
-0.094833698211095
-0.101370820553036
-0.105818381306459
-0.107060223465050
-0.104419476756414
-0.097771056339426
-0.087452295193152
-0.073982976263519
-0.057938583030169
-0.040133722146827
-0.021753756881075
-0.004260756164632
0.010743798370487
0.021888281400977
0.028746896160361
0.032126684257853
0.033444862336535
0.033977517326346
0.034718932967257
0.036489232655951
0.039737015593836
0.044318037442940
0.049647211849296
0.055054077094324
0.060091247251364
0.064487817352378
0.067701719274339
0.068755335461249
0.066674267777421
0.060956737705602
0.051624180310699
0.038996013389158
0.023475788928309
0.005481878706991
-0.014393278435227
-0.035176291081465
-0.055619863502859
-0.074432330408616
-0.090264018522645
-0.101734826596075
-0.107750538572521
-0.107763124179696
-0.101828126963656
-0.090619404803331
-0.075271553512443
-0.057023756855578
-0.037097385824959
-0.016859358442456
0.002308369543687
0.019482540491454
0.034414542458311
0.047358958409243
0.058851585773113
0.069566196143004
0.080124113631738
0.090792984894056
0.101162679420025
0.110014408642220
0.115678728705166
0.116690640521140
0.112252603774379
0.102445350246158
0.088146431419055
0.070621201997658
0.051128536966986
0.030711742199506
0.010046757727706
-0.010611485370594
-0.031245979996433
-0.051703536496202
-0.071371368320120
-0.089209876238596
-0.104135326156896
-0.115254859254727
-0.121691773423461
-0.122447954645862
-0.116621125803137
-0.103718698805403
-0.083843109340561
-0.057699691244219
-0.026525654628321
0.007789514372872
0.042528873175366
0.074392319004614
0.100241532902352
0.117930331555613
0.126629446250293
0.126497857154525
0.118146204377859
0.102267113392117
0.079596415446363
0.051178495095262
0.018554367590641
-0.016348227220667
-0.051403101334384
-0.084400246216048
-0.113170501996301
-0.135720841804721
-0.150319614738581
-0.155634018156053
-0.150984844155855
-0.136604465070622
-0.113765571121864
-0.084664350166571
-0.052047954014519
-0.018701171435144
0.013056775674488
0.041613103497267
0.065918807112455
0.085230212313249
0.099036174565432
0.107082779787996
0.109253915410980
0.105483599543670
0.096035258967895
0.081881864028482
0.064636833092200
0.046043660451593
0.027516352767974
0.010001583789954
-0.005974380673159
-0.020102317937074
-0.031985762566737
-0.041220134351391
-0.047807329771216
-0.052123474193672
-0.054445289444300
-0.054676943685460
-0.052350501547746
-0.046751696630711
-0.037193747703565
-0.023366409778254
-0.005593652908498
0.015072981114539
0.036928527818976
0.057926909457620
0.076155583074714
0.090163788707566
0.099025706293724
0.102279775193236
0.099741776600431
0.091336906206416
0.077289250755612
0.058327144170188
0.035514377183467
0.010108511979714
-0.016367301302167
-0.042180924072262
-0.065705786443767
-0.085768650377718
-0.101713092283599
-0.113076684069815
-0.119217520411736
-0.119371812700409
-0.113135109844178
-0.100874175635205
-0.083683403974921
-0.063028456374899
-0.040548908787071
-0.017970552495332
0.003235214661820
0.022153746999232
0.038404945001165
0.052032347057310
0.063373185655860
0.072897669344665
0.081099527807693
0.088399840275791
0.094948073081063
0.100317892125668
0.103390860298434
0.102642964113223
0.096744235156781
0.085114245860903
0.067982279346729
0.046182063700000
0.021136737778682
-0.005149167357038
-0.030375312402378
-0.052559653477060
-0.070631279411536
-0.084409318311401
-0.094084355384584
-0.099827461659471
-0.101721570673646
-0.099837775762584
-0.094322769037387
-0.085445582917803
-0.073601243939096
-0.059355101815504
-0.043487718952516
-0.026884284486622
-0.010403718894767
0.005129731902902
0.018949414164256
0.030379598722431
0.038782205163711
0.043612001719847
0.044807407991880
0.043040417707949
0.039243503783172
0.034098275660189
0.028268042245611
0.022763307506954
0.018763669930834
0.017178311663864
0.018437196094428
0.022572360316983
0.029280422285566
0.037796076554022
0.046688459675293
0.053840221778630
0.056928640100068
0.054217852505251
0.044940179181159
0.029114103029268
0.007504047485940
-0.018025720937313
-0.044472641117639
-0.068338637796319
-0.086454283206554
-0.096537739967677
-0.097530844457211
-0.089809091481033
-0.075177222844881
-0.056571303492900
-0.037412284490250
-0.020683345011385
-0.008055992730466
0.000441331654573
0.005840313079058
0.009257994158348
0.011481896228047
0.013117974582033
0.014752655810271
0.016870247812324
0.019591242559914
0.022554215916592
0.025094011505750
0.026464957647483
0.025817547601453
0.022160241359424
0.014787065853780
0.003865345044791
-0.009409029679162
-0.023129869816693
-0.035365660590703
-0.044740437666597
-0.050290155926424
-0.051023761961554
-0.046083223406384
-0.035331181127901
-0.019571138942751
-0.000270365497601
0.020867568132654
0.042198607713075
0.062235192250797
0.079807471881694
0.094256731622995
0.105209264840446
0.111978596572924
0.113244037002170
0.107389006843099
0.093250211655887
0.070847447042012
0.041761841223899
0.008955329412588
-0.023908210756563
-0.053265591017514
-0.076211552786070
-0.090859084742873
-0.096614901248983
-0.094125123099206
-0.084817748956707
-0.070469099302413
-0.053092267030111
-0.034947300073405
-0.018321891204225
-0.005038149779825
0.003883598197657
0.008193571380048
0.008275356140799
0.004867209354385
-0.001327117918370
-0.009650540694039
-0.019292328717955
-0.029487764124923
-0.039732566255224
-0.049448244220514
-0.057583897021671
-0.062685111960567
-0.063364517552968
-0.058829685743559
-0.049019122779784
-0.034408350489475
-0.015940211001068
0.004948088953425
0.026491638648617
0.046966295885232
0.065027136988247
0.079788938273509
0.090653138531187
0.097107351989386
0.098752718321992
0.095516390748338
0.087763682168691
0.076158283020872
0.061367487229092
0.043983191358485
0.024857798985722
0.005448446224510
-0.012354116382709
-0.026853666177130
-0.037105000072500
-0.043082454456541
-0.045513529493825
-0.045580996579235
-0.044625838264493
-0.043805232308127
-0.043754048495706
-0.044393004631534
-0.045016671852860
-0.044700253739264
-0.042661704993404
-0.038295078777973
-0.031138396945776
-0.020966523481516
-0.007926055632095
0.007294678738343
0.023413219441297
0.038906419769746
0.052508022431119
0.063343448232602
0.070849544961872
0.074765268813922
0.075137212481008
0.072335684383278
0.066950851457916
0.059461281628848
0.050034739718119
0.038704596949050
0.025622961780173
0.011137414960013
-0.004113751062345
-0.019083672627643
-0.032542044178239
-0.043510797810295
-0.051512678982868
-0.056603825516704
-0.059210680746906
-0.059790766210142
-0.058451625891976
-0.054796690831657
-0.048280486988716
-0.038826836732536
-0.027134625536938
-0.014490559361318
-0.002244924647194
0.008718064448381
0.018096486408559
0.025836236389821
0.031680608267334
0.034999331349612
0.035106848868913
0.031775944182403
0.025546148915024
0.017782842073572
0.010443126999202
0.005421306368575
0.003741777505151
0.005203316281090
0.008769655980905
0.013267881627143
0.017666687421767
0.021008296558406
0.022582285805191
0.022187902953786
0.020027102501989
0.016393944356347
0.011586700419779
0.006086451052653
0.000705100263025
-0.003549538280525
-0.005896128900369
-0.006112829682545
-0.004465033832796
-0.001412424449081
0.002676023750979
0.007587571337561
0.012974772832392
0.018191238940467
0.022670752775198
0.026280534443934
0.028995817063353
0.030295607673555
0.029047093010465
0.023966412792532
0.014297460075961
0.000271429967527
-0.016949316933651
-0.035645560590584
-0.053914495799448
-0.070003734277654
-0.082689041056311
-0.091657990896401
-0.097558111892895
-0.101499251850928
-0.104400287574711
-0.106719988499965
-0.108735579839612
-0.110922381468958
-0.113754094908751
-0.117086803213007
-0.119867583748202
-0.120348336238211
-0.116521430719193
-0.106587236084658
-0.089391812321785
-0.064637564024298
-0.032803232099918
0.004976055812831
0.047079317113652
0.091655887304211
0.136629683550795
0.179366786929268
0.216481169570823
0.244240657547715
0.259373663382646
0.259667359201898
0.244163692338295
0.213288185884010
0.169029298151812
0.114735497779475
0.054461652639848
-0.007510482916953
-0.066777717845593
-0.119079955084336
-0.160848274185306
-0.189441782935506
-0.203150207248262
-0.201612106106463
-0.186195025264137
-0.159606945177182
-0.125166962504490
-0.086289868770885
-0.046114321957525
-0.007242915614159
0.028260738284149
0.058623048472332
0.082068017195162
0.096847564084462
0.101687739472406
0.096253722270261
0.081404896133944
0.059232541152019
0.032637129165917
0.004548369672131
-0.022498803064501
-0.046149142313901
-0.064006872801753
-0.073973216081514
-0.074750079654545
-0.065951433017774
-0.048122583529262
-0.023037447381081
0.006353504789918
0.036781363852304
0.065447143830958
0.090218986472568
0.109780263981938
0.123627240187363
0.131567002595725
0.133319866964421
0.128733619335734
0.118220692396550
0.102750343012650
0.083305634179026
0.060549529470627
0.035118030416500
0.007900064017783
-0.020123665505516
-0.048031137897166
-0.074796706763616
-0.099112962744552
-0.119437418206982
-0.134169390696036
-0.141935673897606
-0.142019363462278
-0.134518550411707
-0.119925245463490
-0.098835301570462
-0.072341157526336
-0.042341499914497
-0.011222505886080
0.018504240894661
0.044281366328425
0.063746870423903
0.075364626923278
0.079002774417395
0.075907766545771
0.068114309233595
0.057765686278667
0.046603778163084
0.035735962860647
0.025794004274180
0.017324898529029
0.010978945518538
0.007319231744411
0.006675995066356
0.009330552071588
0.015628667538589
0.025662415272974
0.038830336816877
0.053788376428089
0.068721056742999
0.081591017587117
0.090324829484172
0.092958193246349
0.087821401027963
0.073944370776762
0.051539957380642
0.022120030375249
-0.011954899143134
-0.048129798350259
-0.083916934194623
-0.116719071785131
-0.143872318231225
-0.163199021668266
-0.173401748123985
-0.173899007510562
-0.164652241058701
-0.146275691701366
-0.120103979280056
-0.088101043933974
-0.052678185888938
-0.016371281160533
0.018464214588088
0.049675272395218
0.075239145556900
0.093453485776206
0.103355717452605
0.104954623447527
0.098979144984956
0.086474342244260
0.068693363440970
0.047218332593064
0.023855478122195
0.000099291331487
-0.023169657541825
-0.045220333362851
-0.064951299895152
-0.080879642841785
-0.091249424120634
-0.094234071048526
-0.088458393186143
-0.073472888419273
-0.049927439203240
-0.019625014537725
0.014532581118810
0.048959178892647
0.080237433192371
0.105916590232224
0.124646248256942
0.135843450522448
0.139493008397481
0.136071509025853
0.126337502487726
0.111112983261228
0.091246162806375
0.067774789000588
0.042149069230124
0.016212546794487
-0.008120346360575
-0.029254603666417
-0.046306209989960
-0.059346808231577
-0.069196163679687
-0.077021940571089
-0.084092079024429
-0.091407295108294
-0.099132194578871
-0.106289795161748
-0.111096505086861
-0.111809672487441
-0.107487852156099
-0.098174938164234
-0.084638655104707
-0.068058961255210
-0.049826602552753
-0.031426011845641
-0.014251177564338
0.000741117442165
0.013306004797197
0.023883178640227
0.033313998875182
0.042395402440546
0.051573615520277
0.061072930566699
0.070996950488079
0.081125242301776
0.090907649364242
0.099727237897329
0.107045551276452
0.112197233723162
0.114107839222787
0.111520529538409
0.103613648278501
0.090473611595043
0.073130109515783
0.053154370230298
0.032287657837849
0.012421037925756
-0.004426041607893
-0.016497774898081
-0.022788914904214
-0.023180711401631
-0.018340670623013
-0.009619247130173
0.001088440306987
0.011560081137909
0.019724685744434
0.024349333402796
0.025324323217868
0.023261448013951
0.018835247055275
0.012343270363817
0.003664450928542
-0.007339922687960
-0.020337533786006
-0.034519342977891
-0.048860764422805
-0.062141486134525
-0.072941110933568
-0.079950329636366
-0.082376488680009
-0.080071208434141
-0.073415910209265
-0.063126210604028
-0.050010272219699
-0.034862609760291
-0.018576521926018
-0.002254724917265
0.012856196357263
0.025568159022868
0.034885174592730
0.039980192495440
0.040293337802302
0.035887528427194
0.027677373879237
0.017151636070396
0.005778203397142
-0.005349066052729
-0.015474057402107
-0.024074372128136
-0.030825205007062
-0.035501318631514
-0.037730836078357
-0.036731560606627
-0.031336341406157
-0.020468401432636
-0.003728017822163
0.018431932337481
0.044900846347274
0.074142118024344
0.104348274013690
0.133452618209814
0.159111643180368
0.178883565478416
0.190551032149577
0.192342684022626
0.182919840170888
0.161325688607078
0.127123935018548
0.080703302865375
0.023624284453058
-0.041309835183071
-0.110486138283770
-0.180061701108684
-0.246248409929133
-0.305342518935181
-0.353829631051571
-0.388765833874822
-0.408198631831791
-0.411221634633366
-0.397697188803807
-0.368106296266818
-0.323674181106830
-0.266456734110382
-0.199279723374174
-0.125680995507116
-0.049909648686905
0.023149317935622
0.088444117966636
0.141710970595813
0.180424373937294
0.204075857538208
0.213621164364820
0.210618726769697
0.196675311204001
0.173387062330756
0.142568424783394
0.106432120674724
0.067672864828365
0.029576300685957
-0.004022012693323
-0.029250196795875
-0.043125666047034
-0.044259874500820
-0.032953352037302
-0.010894479729436
0.019392856422657
0.055105918272281
0.093381570256531
0.131321309289195
0.166132243387175
0.195363738642680
0.216941662832971
0.229046648580946
0.230340116978386
0.220414445828762
0.199905811888879
0.170372871367251
0.134121110632143
0.093768448490936
0.051726042080501
0.010070497299529
-0.029336061971927
-0.064904905823640
-0.095304903839709
-0.119265064566494
-0.135621196971475
-0.143574624082828
-0.142899176433507
-0.133985549495825
-0.117780053330432
-0.095789353662298
-0.070183070003369
-0.043931795050835
-0.020534800977708
-0.003148898103699
0.006204648890980
0.006959230730637
-0.000040468141819
-0.012877170652475
-0.029047717311100
-0.045839319090635
-0.060584016567430
-0.071030921792625
-0.075638682158372
-0.073459723774289
-0.063830403772980
-0.046243173540092
-0.020672027167370
0.011845347294514
0.048995293155784
0.087532293558671
0.123878776421132
0.154658934291141
0.177051803053551
0.189021345394890
0.189475141645608
0.178347929548049
0.156440448404631
0.125018370446475
0.085595577042797
0.040171217785488
-0.008367317707262
-0.056309420488787
-0.099807127009174
-0.135631168477451
-0.161651103790046
-0.177005031704932
-0.181985035923844
-0.177792304852552
-0.166179874829795
-0.149094921732370
-0.128490389677592
-0.106232313421212
-0.084136678082717
-0.064015750847352
-0.047423445004650
-0.035175719585547
-0.027061984694293
-0.022104300234715
-0.019124397885022
-0.017104734739471
-0.015319354660535
-0.013472945918198
-0.011822050940472
-0.010940988899800
-0.011218730572379
-0.012608619767196
-0.014623775886614
-0.016450818209761
-0.017263664248132
-0.016325057501094
-0.012679263996139
-0.005088949738953
0.007478579368496
0.025306624793550
0.047672345048201
0.072770433077691
0.097831353321669
0.119629345200753
0.135120232025648
0.141913870170436
0.138839923932196
0.126414255255675
0.106617573899570
0.082252419798621
0.056395828832727
0.031984812546564
0.011565307915261
-0.002964083982185
-0.010773195853869
-0.012209890545570
-0.008511791280927
-0.001603681540403
0.006112990180209
0.012164700532247
0.014381265946956
0.011207783973694
0.002097155417287
-0.012179816670440
-0.029668862973266
-0.047829833352516
-0.064139499056185
-0.076369663654424
-0.082865153958479
-0.082928770339400
-0.076789203107391
-0.065144027390112
-0.048739133545496
-0.028329615503744
-0.005134078493859
0.018868767118423
0.041386759725859
0.060460143274400
0.074681583825472
0.083098399148033
0.085092208249299
0.080353874720841
0.068999582316213
0.051722283906327
0.029710726687960
0.004461483573007
-0.022201457577800
-0.048125307361854
-0.071056548740069
-0.088887736304999
-0.099787444248324
-0.102217389903060
-0.094955930153522
-0.077287499343909
-0.049395142997191
-0.012778417887740
0.029779415189147
0.074747059714737
0.118355416894405
0.156952920555256
0.187332073474726
0.206867693359775
0.213550442862035
0.206277884973831
0.185266329205891
0.152149056271364
0.109767774466054
0.061893413687062
0.012802444889471
-0.033473497607183
-0.073903211007189
-0.106645118205448
-0.130731912339744
-0.145696742499308
-0.151272964618987
-0.147323763431394
-0.134189475985080
-0.113122739494358
-0.086362191785570
-0.056820086993422
-0.027573021710116
-0.001249817137266
0.020514053148419
0.037175576354659
0.048853260517998
0.055711888358680
0.057615063969134
0.054260045686722
0.045469661353098
0.031398612773880
0.012670623527131
-0.009756839946459
-0.034889518174250
-0.061798203550130
-0.089620219661598
-0.117663936710240
-0.145506732026876
-0.172920318815265
-0.199747413271856
-0.225812728268789
-0.250767572746867
-0.273976636519866
-0.294451728759878
-0.310791663540174
-0.321308772773445
-0.324348631549988
-0.318752862411159
-0.304239106649888
-0.281239376334261
-0.250291761587048
-0.211625470663434
-0.165322529144360
-0.111851236582817
-0.052488151264711
0.010695908418725
0.075136098979778
0.138004837937744
0.196414195763827
0.247727987648978
0.289911583592968
0.321786532949525
0.342966915101793
0.353536310585291
0.353867133649042
0.344675145487563
0.327005745107622
0.302088420238761
0.271382283447018
0.236783615139532
0.200613387358244
0.165345965281709
0.133207237783536
0.105771737880819
0.083855911045832
0.067765054277801
0.057514056124820
0.052759580514918
0.052752266641638
0.056590753570645
0.063432889163239
0.072477613997270
0.082910573121370
0.093788518389350
0.104025642014857
0.112663996392105
0.119041013325173
0.122647621392758
0.123027343647603
0.119948163236511
0.113580281195074
0.104371805677147
0.092720496110685
0.078681786633801
0.061932244269377
0.042001975433167
0.018564145042754
-0.008350986967931
-0.038339130192444
-0.070675191876267
-0.104203783490286
-0.137218020066527
-0.167556641327659
-0.193073802229833
-0.212300755048295
-0.224714959094319
-0.230492261302410
-0.230206552740876
-0.224725271383823
-0.215100228312589
-0.202394853664325
-0.187558438338172
-0.171165368800137
-0.153161339706977
-0.133108063835899
-0.110680929716559
-0.085862637512177
-0.058909269057344
-0.030461674343874
-0.001820073092563
0.025024728878763
0.047812352056655
0.064562212960906
0.073948101631159
0.075463692014160
0.069434780319467
0.057009774311118
0.039986152926808
0.020290305063183
-0.000447465602761
-0.020880593600837
-0.039732404051938
-0.055573510553062
-0.066724709851743
-0.071546157370209
-0.069074387863318
-0.059373670700783
-0.043256596725735
-0.021965033890704
0.002808895873150
0.028948499441353
0.054169042299054
0.076335688056010
0.093758289356187
0.105229053793634
0.109872425507891
0.107428793887503
0.098793781893341
0.085992200374268
0.071549866075392
0.057836998641327
0.046783743507048
0.039880191335203
0.038111992090512
0.041632564179672
0.049423168755198
0.059573254174062
0.070155048524870
0.079761727306888
0.087349543374709
0.092032457133851
0.093149024051836
0.090348616332664
0.083657271783454
0.073431727509644
0.060282606476600
0.045400869605224
0.030748951554081
0.018363236254159
0.009462424990781
0.004183544441566
0.001846661320188
0.001540038540740
0.002743287020368
0.005504060713715
0.010178949032222
0.017101733182739
0.026251095609234
0.037027854843474
0.048372737044515
0.059076252180476
0.067993295476343
0.074167807090915
0.076832068425988
0.075094388317887
0.067602409610143
0.052734392354823
0.029255920482179
-0.003006210333125
-0.042840079851166
-0.087972121429357
-0.135779340935345
-0.183763330550402
-0.229721888795004
-0.271785765535759
-0.308272894834357
-0.337582327885821
-0.358383121871500
-0.369822924044007
-0.371530172183971
-0.363617674424820
-0.346759858783060
-0.322170977951588
-0.291439219581146
-0.256342574745998
-0.218704838232722
-0.180284483828738
-0.142613419578203
-0.106627480470800
-0.072299724430140
-0.038660985162970
-0.004210481713124
0.032473327083399
0.072080849315688
0.114296681093304
0.158068434013561
0.201691024643125
0.242691081232304
0.278379307704915
0.306655115327716
0.326184419468907
0.336387352543060
0.337820301698584
0.332392317516459
0.322817523727811
0.311650871113528
0.300546941198387
0.290123142246598
0.280261660100604
0.270505712816910
0.260552463847448
0.250508972787110
0.240602264717068
0.230844000313754
0.220986542781586
0.210516249243403
0.198438840835575
0.183055473192656
0.162163303095016
0.133552095474302
0.095461835368662
0.047019868431852
-0.011422356708976
-0.078204225595990
-0.150547921206569
-0.224943317191486
-0.297512523326973
-0.364401502567281
-0.422287773256575
-0.468576267229892
-0.501171244597171
-0.518422690260045
-0.519399313549392
-0.504131139973310
-0.473639168330555
-0.429701551311222
-0.374612348211665
-0.311213334996604
-0.242949918852252
-0.173688833424023
-0.107333342748533
-0.047350130758407
0.003636987584989
0.044056407145465
0.073346084284246
0.091860909616703
0.100876271232761
0.102387336625682
0.098703448581857
0.092416920023825
0.086811519321893
0.085802311591628
0.092993560182194
0.110708458205168
0.139635505076434
0.178916473374892
0.226394209377785
0.278957879154790
0.332984126012415
0.384642430858378
0.430079012251137
0.465759327800454
0.488699738982263
0.496394308075333
0.486829863451146
0.458754784949101
0.411986188621590
0.347387878783867
0.266484864012421
0.171278378056605
0.064448962270874
-0.050516750712788
-0.169578033819088
-0.288484957330521
-0.402853043973665
-0.508200720902370
-0.600227588627309
-0.675235598382757
-0.730580807302589
-0.764997441473378
-0.778706427163974
-0.773316451836559
-0.751461437056024
-0.716336402990752
-0.671273717272666
-0.619434180546503
-0.564012595212923
-0.508587131485209
-0.456584097512318
-0.410287078465711
-0.370329125687474
-0.335507566145715
-0.302935117396427
-0.268743546655147
-0.229036164041552
-0.180850027965934
-0.122743506407836
-0.054717560168059
0.022151346782904
0.106155638300929
0.195466002844032
0.288362588624178
0.382934736181705
0.476424207980442
0.564813591970893
0.643160392252455
0.706511045708692
0.750786405848005
0.773207831612476
0.772500600151830
0.749090050284985
0.704924521478414
0.642963539982546
0.566767436064013
0.480346998482679
0.388348120106396
0.296172787163568
0.209346293431436
0.132370752314313
0.067827567274766
0.016121674519518
-0.023874818127501
-0.053740649526220
-0.075030231748169
-0.089547841811637
-0.099737627137818
-0.108413296935446
-0.117937185072955
-0.129957191338099
-0.145589878054850
-0.165402776974461
-0.189562467144347
-0.218075961980692
-0.250736481558835
-0.287018034300788
-0.325957402531224
-0.365839291464735
-0.403964210495096
-0.436988433706726
-0.461773662821649
-0.475967562096012
-0.477889108633183
-0.466150739764845
-0.439536602746670
-0.397256189724035
-0.339349525684616
-0.266995102399664
-0.182555004407300
-0.089365953822794
0.008463450308944
0.106271913914088
0.199285349760386
0.283105955078362
0.354079214891877
0.409626522961343
0.448543379434238
0.471115264299563
0.478904105172585
0.474172641275686
0.459194014612303
0.435807848354960
0.405389065872244
0.369185923211973
0.328687202608200
0.285689336208143
0.242212090428945
0.200466476822545
0.162744714412050
0.131155026247847
0.107435882707268
0.092916571277285
0.088366159341119
0.093711608966119
0.107824279098594
0.128323093142824
0.151402671658932
0.172187248540660
0.185754254784906
0.188206347646844
0.177229776047447
0.152058802655774
0.113350227128806
0.063243135523275
0.005233700630696
-0.056239668143500
-0.116461677815912
-0.171103029860282
-0.216397924657690
-0.249193536993104
-0.267376959437651
-0.270351546997383
-0.259165665108888
-0.236195642526373
-0.204447238110181
-0.166830636848211
-0.125829891704847
-0.083584447005783
-0.041969759860010
-0.002392671756274
0.034478961813512
0.068744142664650
0.101124538645215
0.132763680470894
0.164866694006569
0.198290822310955
0.233267109259268
0.269194177141488
0.304630885432412
0.337691433180669
0.366646557273618
0.390271778543210
0.407775158790578
0.418670476865217
0.422863029866438
0.420726576880048
0.412927482149247
0.400066343968360
0.382378133066848
0.359791234286233
0.332400438255996
0.300779970096579
0.265781636464115
0.228270264081553
0.189030540131132
0.148651487692438
0.107505479178957
0.065842873060821
0.023739751231630
-0.018829915408001
-0.061590712729643
-0.103805775059015
-0.144714307396908
-0.184120030610691
-0.222439054510608
-0.260082697667290
-0.296869797170391
-0.332109854041447
-0.364998990178727
-0.394719474318256
-0.420384910620968
-0.441017741673802
-0.455605099950742
-0.463275059205993
-0.463329249626256
-0.455167047177304
-0.438166374915931
-0.411583209636961
-0.374971338226581
-0.328676375930182
-0.273687650367114
-0.211559562322281
-0.144842365021093
-0.077246329898501
-0.013115262571383
0.043361449461965
0.088692626668217
0.120227277797205
0.136154923145481
0.135657256417628
0.119005297130998
0.087493056042148
0.043543244692838
-0.008987349162335
-0.064605455494661
-0.116423870844348
-0.157124670756656
-0.180280376023924
-0.181356857851714
-0.158187833544087
-0.110848389061798
-0.041053290320237
0.048300035924790
0.153205152826857
0.268622104883378
0.388586314181946
0.506266419982246
0.614311372170230
0.705366111388524
0.772467851462225
0.809609308527927
0.812510588320229
0.779106669096495
0.709301261279879
0.604426110659603
0.467224306599392
0.302024024173530
0.114555982725975
-0.088370407694714
-0.299213340605971
-0.509952508601997
-0.711998473488164
-0.896097200421401
-1.052814060356775
-1.173547004590182
-1.251640284832506
-1.283147103130806
-1.266980476320176
-1.204873853837965
-1.101467392859589
-0.964036193579001
-0.801591184319948
-0.623720242836812
-0.439764528095698
-0.258516991624110
-0.087823756912948
0.066154258347566
0.199374938821559
0.309581889216623
0.395479551085081
0.456120297399015
0.490920868171005
0.500289426509781
0.486326533125417
0.452848128548821
0.404939961212917
0.348502240176395
0.289574458409310
0.233544288908152
0.184680118944364
0.146161799286658
0.120447111028369
0.109405217303966
0.113833992291601
0.132610727719899
0.162037865744790
0.195865447393342
0.226035946595722
0.243864985161751
0.241424577385117
0.212865693271123
0.155230055059393
0.068657380568741
-0.043724139998458
-0.176278522211475
-0.321564363676083
-0.470757158535483
-0.613918674317104
-0.740553726837132
-0.840570005309246
-0.905433263299615
-0.929069281534568
-0.908209155457823
-0.842344458179379
-0.733694313015574
-0.587282799323270
-0.410769038979659
-0.213713597746214
-0.006620215146896
0.199656554408103
0.394231073312238
0.566547766759420
0.706831098120732
0.806918403192829
0.861418603697108
0.868460085456424
0.829872571100343
0.751149763354031
0.640964397193817
0.509929966848368
0.369017635343338
0.228470652406676
0.097652861300138
-0.014786958109465
-0.101448959561786
-0.157516604743198
-0.181904631414097
-0.177241454679845
-0.148906791227563
-0.104133347045330
-0.051164538722217
0.002129542546622
0.049343394558970
0.085399248825244
0.105959201563853
0.107442442976364
0.087730535948036
0.046979852477875
-0.011964020431791
-0.083621205355138
-0.160495777440569
-0.234303893148977
-0.297374041453439
-0.343538093957204
-0.368168455852888
-0.367984284836196
-0.341235498533064
-0.287751231379235
-0.208735208051042
-0.106794666332772
0.013892336786672
0.147281852572924
0.285130529169357
0.417453048663053
0.534038697664982
0.626080402773415
0.687071892390063
0.713033107544903
0.702431536251572
0.655944129904046
0.576172539436428
0.467335135331890
0.334920676643771
0.185722422223401
0.028153526476986
-0.128173795522762
-0.273642403632697
-0.399698619166458
-0.499671674286833
-0.569369612154000
-0.607101326708979
-0.613398668348819
-0.590831413344841
-0.543711678168716
-0.477522441582317
-0.398302358268016
-0.312343515105601
-0.226103133428002
-0.145949413299802
-0.077649391398508
-0.025711310475487
0.007054011718452
0.019651978344104
0.013031355480597
-0.009941222501408
-0.044959186183923
-0.087091988220770
-0.131575829757631
-0.174039270761249
-0.210127112872351
-0.235184591947821
-0.244561120046338
-0.234407501109182
-0.202423681353825
-0.148419252350285
-0.074662240566398
0.014349998254619
0.112703811018617
0.214127590229314
0.312901090260223
0.404096865587666
0.483050663442633
0.544722919727429
0.583858398921094
0.595982296946975
0.578505023757294
0.531504516958505
0.457874418262415
0.362751718515135
0.252648022958541
0.134557637716581
0.015227439887072
-0.099168718916749
-0.202973842593102
-0.290916864615739
-0.358352447628077
-0.401865152159999
-0.419734747276477
-0.411984761050779
-0.380146134616836
-0.326995404020960
-0.256195261979064
-0.171818407525227
-0.078193615023496
0.020090671264430
0.118590376656971
0.213555860630132
0.302077689837658
0.381897856682764
0.451317747868930
0.509196331473453
0.554763067126189
0.587341271715936
0.606192849443985
0.610666563388407
0.600591327131340
0.576396618497882
0.538727051781543
0.487899815632170
0.423660648757866
0.345530592861250
0.253585414642023
0.149042768639619
0.034239356151996
-0.087635157074604
-0.212438704053919
-0.334877581285689
-0.448914371737050
-0.548592266362105
-0.628519461441909
-0.683897110014342
-0.710691555128084
-0.706280478051380
-0.670113996760215
-0.603828982673483
-0.510854527842884
-0.395856245160414
-0.264186251276718
-0.121509005926069
0.026316107572732
0.173405255792553
0.314217097880149
0.443717287140228
0.557064498568304
0.649198985897747
0.714881318891919
0.749320315127188
0.749070581112730
0.712660707119825
0.640832438346930
0.536700626626525
0.405765336893754
0.255386477251618
0.093852232968383
-0.070257226999757
-0.228185353197487
-0.371119965336603
-0.490753336745970
-0.580428689388374
-0.636446341896706
-0.658512148991960
-0.649095501968186
-0.612410063014238
-0.553501154368755
-0.477580019066409
-0.389739588769446
-0.294903641589942
-0.197704129031597
-0.102399763362848
-0.012843124251356
0.067920315318857
0.138280005170677
0.198201391308396
0.248524277447036
0.289767276484691
0.321282508408601
0.341332127112540
0.347886466876280
0.339588059907685
0.316463618506875
0.280164802143317
0.233589182970520
0.180030446498329
0.122415372632395
0.063029153648008
0.003680652951108
-0.054010209107756
-0.108436171926273
-0.157804169217087
-0.200015269265394
-0.233100374158553
-0.256020905278099
-0.269102146723149
-0.273853202129316
-0.272485706477735
-0.267422437643571
-0.260765483104461
-0.253760606461506
-0.246532311590885
-0.238301272675918
-0.228062985102320
-0.215270437127316
-0.199955614788115
-0.182356622010942
-0.162534463417471
-0.140228453273786
-0.114957298529681
-0.086226414008609
-0.053755975479404
-0.017768960886121
0.020823740495221
0.060400188449731
0.098762313247832
0.133550373301857
0.162573588683412
0.183712598551993
0.194768299699552
0.193722069940873
0.179276537731541
0.151220560161536
0.110586439936775
0.059739446333110
0.002271480421542
-0.057404341837087
-0.114750722657977
-0.165857315953736
-0.207776511971654
-0.238344793612834
-0.255836347029590
-0.258793804637031
-0.246244954012689
-0.218074382264707
-0.175058954467614
-0.118591624357483
-0.050511852173508
0.026698524270762
0.109628385676635
0.194174782070469
0.276258775094386
0.352306160877228
0.419081695146838
0.473260134733916
0.511488788870204
0.530850971318139
0.529125258324358
0.504922292582519
0.457891276830910
0.388955639441701
0.300637508403158
0.197285052872877
0.084763846156415
-0.030439913182014
-0.142096296812745
-0.244522048288646
-0.332473796548739
-0.401272819297660
-0.447350874794779
-0.468756688995402
-0.465315341548943
-0.438633529520580
-0.392108133572425
-0.330818159917218
-0.261022285930285
-0.189222777928903
-0.121214589865922
-0.061439885473829
-0.012732541777633
0.023584332843248
0.047518077938957
0.060158969479517
0.063141116747356
0.058039159178972
0.046167179686065
0.028825778888703
0.007670908341913
-0.015157100970697
-0.037306435913804
-0.056673357477762
-0.071758344666538
-0.081791431314041
-0.086600669667137
-0.086471079710937
-0.082172788987679
-0.074942777276611
-0.066287829924595
-0.057724677446859
-0.050683201700937
-0.046513179035000
-0.046209293993993
-0.050051379665438
-0.057579632737799
-0.067714886375643
-0.078766366393560
-0.088343152551659
-0.093317116971889
-0.090093646658600
-0.075391659770508
-0.047238066177417
-0.005581548712609
0.047627124526908
0.108807000634701
0.173359421222198
0.236057042328589
0.291262891541053
0.333501399898083
0.358361493450801
0.363160583540400
0.347107471311852
0.311305607476065
0.258867243990705
0.194802408783773
0.125191288229996
0.055838252313506
-0.008717537213212
-0.065376655774943
-0.112137470357321
-0.147590612161726
-0.170583688332666
-0.180253935581883
-0.176185948336150
-0.158511760332018
-0.128001014830156
-0.086130041207372
-0.035010062012714
0.022910704633529
0.085245340143114
0.149965373806238
0.215234032756135
0.278675993509585
0.336827621851165
0.385331816104863
0.419595241069011
0.435402853034906
0.429410236132758
0.399779528729009
0.346689229365951
0.272216658806595
0.179802840297311
0.073729787143565
-0.041279730086481
-0.160213329494708
-0.277612308969336
-0.387495333370747
-0.483706082734289
-0.560509753506931
-0.613180346641287
-0.638514041639048
-0.635179078977000
-0.603785391693652
-0.546673381503441
-0.467527317082514
-0.371022351057686
-0.262776638104184
-0.149544918715174
-0.039046633651374
0.060890657736378
0.143493875823736
0.204070302914153
0.240511676997314
0.253137515272450
0.244136730422511
0.216921148831716
0.175710977127699
0.125340859166359
0.071126132241642
0.018816505038183
-0.025704704086955
-0.057248585121723
-0.072351106238066
-0.070018874509217
-0.051731092948840
-0.020708317106260
0.018967505335474
0.062978294853476
0.107151576395314
0.147809714395073
0.182181012429654
0.208619929827094
0.226531972495548
0.236196927631245
0.238527310337286
0.234842538004175
0.226823062211747
0.216351775012152
0.205017518390255
0.193807562569294
0.183281433410446
0.173775725503083
0.165410775203255
0.157995601890485
0.150848861710954
0.142770049244220
0.132318878539874
0.118060100381080
0.098673932371044
0.073290317280906
0.042024932918858
0.006201428132252
-0.031959644866168
-0.069922575699168
-0.105507791628869
-0.137459901422048
-0.165546068543349
-0.190178182422480
-0.212060929550416
-0.232128715840607
-0.251375902846820
-0.270382063408395
-0.288862210775096
-0.305472400289239
-0.317949965110842
-0.323622374279763
-0.320093997906689
-0.305754832813614
-0.280004271103070
-0.243342480415518
-0.197298489922914
-0.144100883168725
-0.086242074588861
-0.026232961824117
0.033313745618159
0.089552715554958
0.139607179978076
0.181013566466122
0.211934311976187
0.230984644013745
0.237101417134118
0.229810302274453
0.209634942910814
0.178065717850170
0.137133701342432
0.089206783230101
0.037019486672857
-0.016363797037469
-0.067538187516799
-0.112770645454415
-0.148409527642036
-0.171558853575368
-0.180451140311513
-0.174545796046797
-0.154825107723446
-0.124092423898949
-0.086668236498912
-0.047454372988921
-0.010898694314818
0.019564092212566
0.041485288176605
0.053296334473160
0.054487222994986
0.045736957176671
0.028601846206477
0.005117386526047
-0.022049704243579
-0.049238184512615
-0.072044245515188
-0.086188321693011
-0.088434092780862
-0.077096830125807
-0.052063948514913
-0.014527687819606
0.033359830471403
0.088689676916193
0.147952159003593
0.207328993670238
0.262896291866157
0.310580402424193
0.346193339067387
0.365948860452235
0.367221822322279
0.349022386591710
0.312086776662696
0.258585562272912
0.191622575726471
0.114925765866201
0.032668536404995
-0.050812713102279
-0.131275529850976
-0.204693300623780
-0.267399952266810
-0.316369617277796
-0.349547781270236
-0.366091404980153
-0.366356315252174
-0.351605784173445
-0.323611630519950
-0.284356313152769
-0.235988531308063
-0.180934588660044
-0.121927297734809
-0.061912037586444
-0.003976646687471
0.048591163892386
0.092368161766674
0.124254807961595
0.141970149503216
0.144122214679670
0.130122129712960
0.100428277118342
0.056904710747659
0.002782286123628
-0.057736684901950
-0.119969352173992
-0.179237254593476
-0.231161603536210
-0.271646024661911
-0.296824464870722
-0.303426109987978
-0.289565353294463
-0.255402917857506
-0.203160038778264
-0.136598279912655
-0.060521660722371
0.019538151173557
0.097867189841029
0.169449753241852
0.230645273906887
0.279331603924167
0.314696099705266
0.336865230827928
0.346584128870996
0.345163251885928
0.334468463023602
0.316642083269193
0.293842024735985
0.268341034789390
0.242682592797117
0.219416703305069
0.200451571322717
0.186516448889593
0.177120768095428
0.170960041538893
0.166465247275980
0.162209564356545
0.156999615268597
0.149742399699688
0.139392122392649
0.125019945417341
0.105797447648094
0.080913797542142
0.049765385214902
0.012546613079936
-0.029267151138219
-0.073101838389106
-0.116028997117778
-0.155501906752028
-0.189637005652911
-0.217095295968290
-0.237016460404113
-0.249200573345242
-0.254197453329989
-0.253077496864693
-0.247073074700198
-0.237417475223870
-0.225409719525157
-0.212406271059848
-0.199706960902568
-0.188288044904027
-0.178387284068242
-0.169470175488194
-0.160533088425958
-0.150193595084585
-0.136722820238853
-0.118374966125664
-0.093836287307979
-0.062439393649792
-0.024251706257051
0.019768029256208
0.067791611206697
0.117340344399420
0.165506775811610
0.209164509624241
0.245068814674653
0.269968023203561
0.280996126684509
0.276230450810557
0.255125266857424
0.218661110587741
0.169240811775812
0.110411756394634
0.046406067253059
-0.018312447454259
-0.079251513210213
-0.132114747024709
-0.173282469767693
-0.200114754988657
-0.210908357152293
-0.204853208585207
-0.182118648063105
-0.144078905527630
-0.093411196609634
-0.033735641145931
0.030914702712961
0.096462723027259
0.158979520409358
0.214664523982388
0.259740122822157
0.290556725316139
0.303974759333446
0.297839587604642
0.271325453387876
0.225084833384147
0.161389850794531
0.084223068787048
-0.001016500277966
-0.088137970676953
-0.170760278746258
-0.242680433278386
-0.298099287761537
-0.332172675833155
-0.341967296358280
-0.327052256894897
-0.289327041982194
-0.232536261245431
-0.161727878790783
-0.082703094350908
-0.001620921214573
0.075391772790733
0.142689801593333
0.195329699224523
0.229207888968632
0.241525336349727
0.231368807669565
0.200044563166869
0.151121882026081
0.090020436774010
0.023103954648968
-0.043407105952629
-0.104207077629049
-0.154988385207419
-0.192328908133785
-0.213857668445318
-0.218268615811231
-0.205173301319988
-0.175255740154187
-0.130595146841853
-0.074792876218123
-0.012665965367855
0.050530813905903
0.109992187005780
0.161860970555749
0.203120304518052
0.231197718236490
0.243869646814403
0.239785915044554
0.219185157782252
0.183967637028502
0.137113455450025
0.082053460676953
0.022279584264797
-0.038815011130642
-0.098039219942587
-0.152482120436069
-0.199382982676902
-0.235997392844770
-0.259925222283905
-0.269801107148212
-0.265734004808411
-0.249076407742698
-0.221730420432029
-0.185709472664768
-0.143157205796624
-0.096319066663641
-0.047336882598957
0.002118295347971
0.051338065131207
0.100493355937718
0.149806173948790
0.198845926497108
0.246287301737040
0.289858442826361
0.326560708115086
0.353210549258378
0.366869446858240
0.365066994623205
0.346215234087621
0.310040791194138
0.257803838939547
0.192645239549381
0.119711629518504
0.045274607238576
-0.024834371121229
-0.086388795504321
-0.136903630935234
-0.175065991524369
-0.200220579606850
-0.212392899421860
-0.212768651445392
-0.203944673698023
-0.189538021817066
-0.173492122167889
-0.159346442762700
-0.149517698346036
-0.144910834045935
-0.145135761092542
-0.148980573461079
-0.154761694429464
-0.160672482437300
-0.165075425960242
-0.166574564911511
-0.163994108357669
-0.156350862802149
-0.142878844905960
-0.123125794555616
-0.096944244435672
-0.064376226367973
-0.025750813410506
0.017991075754778
0.065221528428056
0.113978516014632
0.162369930632235
0.208626376016034
0.250733438386773
0.286094443465519
0.311723508320158
0.324934085259400
0.324113526434601
0.309048005785167
0.280651313239990
0.240482531757643
0.190389878288005
0.132455543906355
0.069104163563353
0.002969097662926
-0.063379151143178
-0.127441953898836
-0.186700090383717
-0.238765512308203
-0.281666461706766
-0.314006854423142
-0.334944587154890
-0.344015491622682
-0.341023818588085
-0.326260386184048
-0.300764490091970
-0.266213069102870
-0.224482113960125
-0.177332239101506
-0.126583445872399
-0.074280604105288
-0.022484844536191
0.026677011883441
0.070675079186779
0.106624914005416
0.131780953923993
0.144203968645885
0.143326967238035
0.130008194633259
0.105966335502989
0.073132913773041
0.033501990631198
-0.010580315315634
-0.056071528067158
-0.099272992424154
-0.136477569727201
-0.164643877106567
-0.181385902213526
-0.184507007786013
-0.171971693772882
-0.142694830319609
-0.097480059210161
-0.039419654747742
0.026257091734650
0.092855406535986
0.153444541114610
0.202265559812815
0.235582120567562
0.251500446020853
0.249195456443716
0.228522406155326
0.190303991655473
0.136811313583750
0.072065263221931
0.001624855410938
-0.068445937825968
-0.132892023858807
-0.187787617192999
-0.230074141954120
-0.257078520428023
-0.266681362955453
-0.257834158391932
-0.231048462479922
-0.188524799898586
-0.133736389654783
-0.070770445510233
-0.003620732902956
0.064269799107343
0.129840601741272
0.189987362165179
0.241445701356110
0.281194909620133
0.307180216882515
0.318786324852794
0.316829413952340
0.303271514986903
0.280774300678713
0.252109629136437
0.219671383324198
0.185348629543236
0.150661871245000
0.117052658679051
0.086179025006305
0.059821301478308
0.039381588456167
0.025504007154693
0.018178222516667
0.017098839843886
0.021893799456012
0.032198881154864
0.047606814534620
0.067495928931351
0.091153784576927
0.118465605862835
0.150362833656700
0.188040101891083
0.231523252370860
0.278875752847605
0.326302785868723
0.368816567547514
0.401022563416246
0.417846197426528
0.415413548400241
0.391710555677015
0.346439439073357
0.280332240966098
0.194667288449359
0.091454393348762
-0.026069618427558
-0.153235419917103
-0.284103350391643
-0.412035915995312
-0.530504224488615
-0.633675044450677
-0.716851692971262
-0.776857067374471
-0.812136171195148
-0.822593513757626
-0.809214155933345
-0.773379893214313
-0.716228082614259
-0.638821612039990
-0.543108093375269
-0.432668993633162
-0.312592134123224
-0.188755826593779
-0.067157611089096
0.046514241654015
0.147230183673339
0.231032410610073
0.295370725768604
0.339008902961327
0.361744548570408
0.364485035417280
0.349403659361848
0.319683580003298
0.279012370968112
0.231170373733592
0.179770308656285
0.127950938109697
0.078043239805687
0.031579000562389
-0.010356073421200
-0.046770588414727
-0.076656938716734
-0.099193848101298
-0.114010496458880
-0.121147990685132
-0.120689139386531
-0.112323213233800
-0.095122654953630
-0.067902775874689
-0.030185535274015
0.017004152649176
0.071043921260106
0.128356219309538
0.185578816116763
0.240385277487701
0.291477896343717
0.338264926641205
0.380415013899883
0.417109984840888
0.446317248026411
0.464723874790029
0.468508072566859
0.454253524094791
0.419339082714844
0.362173165359647
0.282676736943419
0.182553056887079
0.065119267630215
-0.064911811903371
-0.201600438559602
-0.338047813818828
-0.466755084389524
-0.580045610679158
-0.670545737091166
-0.731852843202652
-0.759455243385267
-0.751485476194727
-0.708894639627516
-0.635045327844418
-0.534966012927346
-0.414673308810111
-0.280706784555734
-0.139739551519169
0.001713469954529
0.137478544927373
0.261787821462664
0.369282652929233
0.455276597631358
0.516158397746280
0.549498958282856
0.554046765238384
0.529985394806284
0.479293070274141
0.405771651975041
0.314535228750302
0.211235421847837
0.101545273571929
-0.009038463992187
-0.115480066316191
-0.213653564546235
-0.300569259945576
-0.374146793095959
-0.432739076758951
-0.474699352276739
-0.498134391988930
-0.501015922288824
-0.481592035141663
-0.438767495978057
-0.372439850741703
-0.283819093163614
-0.175608841926292
-0.052097411813452
0.080901803639920
0.216408083676089
0.346881039730653
0.464820693673434
0.563189862919216
0.635788226861321
0.677626248627467
0.685342789172092
0.657729445021344
0.596053284481132
0.503941709017657
0.386936844879487
0.251823918928867
0.105934244284677
-0.043271584048491
-0.188355729419786
-0.322026919572082
-0.437269391199732
-0.527554854225753
-0.587343867238731
-0.612722961666153
-0.601844726218799
-0.555047361715892
-0.474754240749438
-0.365412125884179
-0.233501089508588
-0.087329085674994
0.063662411259164
0.209910402885987
0.342483791086253
0.453484001330225
0.536480770715483
0.587052954287356
0.603095531589287
0.584714324765028
0.534089129391806
0.455582030487622
0.355844832953078
0.243436014581744
0.127567028057167
0.016610388321163
-0.082558169214104
-0.164578375354734
-0.225815225623726
-0.264724281073537
-0.281756712800530
-0.278743647534486
-0.258452952061940
-0.224722197594991
-0.182717643040738
-0.138666712815241
-0.098935638545914
-0.068934314923293
-0.052383538625375
-0.051135342239271
-0.065356730976237
-0.093736627150854
-0.133682062878567
-0.181501906207443
-0.232512805193220
-0.281254748570817
-0.321901687414828
-0.348972964182826
-0.358386192908949
-0.348238303035202
-0.318863608318537
-0.272473959974256
-0.212723161741980
-0.144252692112733
-0.072091683963286
-0.000872813982644
0.065738141802901
0.125004215703070
0.174842909109986
0.214007430081885
0.242477250424911
0.261280481581772
0.271880111986787
0.275778030143200
0.274443488396269
0.269297506780472
0.261543390890334
0.251876028527454
0.240370141153687
0.226625581975215
0.209929063868803
0.189328541561029
0.163687175937132
0.132022426152942
0.094193515972335
0.051220486890672
0.004940342864614
-0.042406473473332
-0.088283400937919
-0.129777456022670
-0.163721736769033
-0.187243142669008
-0.198254912571692
-0.195393771632196
-0.177846901522212
-0.145767701585690
-0.100972914103956
-0.046997462938986
0.011684278181713
0.070525653981595
0.125256156450143
0.171889086991852
0.206854745439345
0.227402375639430
0.232048265681676
0.220744678361118
0.194593865431521
0.155419889844572
0.105737523324542
0.048964333702832
-0.010701947718143
-0.068846083586626
-0.121498249148450
-0.165466554941401
-0.198311372681882
-0.218416149753123
-0.225248250738755
-0.219422267247986
-0.202552373434501
-0.177105466260476
-0.146149929978360
-0.112965655710932
-0.080539712329234
-0.050869389278488
-0.024441910768594
-0.000563874620202
0.021553838748922
0.042010536846236
0.060323323678827
0.075905936360306
0.088404177039629
0.097785753252471
0.104115667275552
0.107237305312708
0.106718186579285
0.101876960849522
0.091681841328636
0.074972515098451
0.051105450963415
0.020370711401971
-0.016018735829197
-0.056132783708760
-0.097689176484622
-0.138330055804913
-0.175630829498691
-0.207233016228908
-0.231287088055115
-0.246794158337558
-0.253439918251154
-0.251022838866617
-0.239098260038927
-0.217273286669101
-0.185847692917440
-0.146199594085839
-0.100612289477767
-0.051790576312978
-0.002530361918148
0.044461102079934
0.086784252103569
0.122573273619375
0.150763971606789
0.171389395632872
0.185605388223174
0.195199925574187
0.201867776306658
0.206761626655810
0.210431333973216
0.213002654071244
0.214307800069830
0.213787902996256
0.210552596544012
0.203775589406275
0.192883098330363
0.177350792277919
0.156548157032731
0.129805512675910
0.096601686649466
0.056772634368518
0.010653160146568
-0.040725932012755
-0.095323397998464
-0.149981689830814
-0.200833419585731
-0.244022897318905
-0.276203365479845
-0.294608587771931
-0.297050990051080
-0.282052418750708
-0.249016744117310
-0.198573142938122
-0.132971706024026
-0.055943230971082
0.028028506863954
0.114379171414520
0.198766141513955
0.277248607611925
0.346270224666166
0.402276631793772
0.441590538218222
0.460925435298042
0.458061330175932
0.432423615038014
0.385370373624429
0.319812628506920
0.239506279071484
0.148757345807019
0.052632890945937
-0.042951710577331
-0.131839404797262
-0.208700378507254
-0.269909598159594
-0.313816054383959
-0.340374185131086
-0.350688675670997
-0.346936136731441
-0.332255802174223
-0.310165013247684
-0.283862435949514
-0.256015433385138
-0.228949381839669
-0.204692696775479
-0.184725443361285
-0.169718408763418
-0.159507005603691
-0.153202754199023
-0.149131778704917
-0.144721075429350
-0.136961099768417
-0.123402908195620
-0.102801636278013
-0.075106576872590
-0.041133612689699
-0.002125602257521
0.040510955317490
0.085049027676535
0.128994086379291
0.168848314629816
0.200619934362054
0.220817453657343
0.227220957445794
0.219162987039860
0.197251680084173
0.162790747019980
0.117495446649029
0.063612322642779
0.003997945847307
-0.058274182765275
-0.120525808778430
-0.180502875482716
-0.235785991314070
-0.283456310543471
-0.320474995715655
-0.344159545612408
-0.352254884921247
-0.343128959578608
-0.316309727833024
-0.272784972730615
-0.214765537327306
-0.145028324071372
-0.066245785721617
0.019074246135288
0.107910750583496
0.196113840541893
0.278720803178053
0.350957586928817
0.408979090514071
0.450041447957989
0.472504576778434
0.475923903724011
0.461082785272788
0.429717941922660
0.384120755018525
0.327187212699428
0.262842416758057
0.195913932089445
0.131073911665640
0.071772896101124
0.020119931660218
-0.022612077021490
-0.055765232982016
-0.079608635125282
-0.095617985130022
-0.106060988737529
-0.112942108762197
-0.117167143494268
-0.118705777061727
-0.117253448873858
-0.112431394973589
-0.103787242677971
-0.091108160117393
-0.074721360822707
-0.055481907353412
-0.034620988264379
-0.013668388404386
0.005625232786731
0.021578889778092
0.033016825350547
0.039459924109688
0.041015201089395
0.038348243257045
0.032768730976467
0.026105133370861
0.020262142001133
0.016701605954389
0.016197826156283
0.018863685490630
0.024166194458032
0.030896081373470
0.037417015664049
0.042371367574895
0.045197425237303
0.045718858944023
0.043348934859512
0.036973554707471
0.025591520266523
0.009091307643132
-0.011426502322942
-0.034094413396596
-0.057051276088791
-0.078689626868246
-0.097436931837983
-0.111823275398314
-0.120804931390422
-0.123777852780428
-0.120294231794911
-0.110033985486608
-0.093296224138844
-0.071422792097790
-0.046606749681163
-0.021434697170700
0.001452956316024
0.019732038357582
0.031817369437548
0.036955956706595
0.034936594147854
0.025869831960595
0.010246412392673
-0.010936253296644
-0.036216550951953
-0.063804974045453
-0.091580529342907
-0.117041368795290
-0.137491236081025
-0.150473782422446
-0.154223368691808
-0.147962854923013
-0.131919055108873
-0.107020300190929
-0.074642464872518
-0.036663837476700
0.004489227536505
0.045947502464816
0.084575830832405
0.117492776513073
0.142823762965154
0.160088850586367
0.169848066503941
0.172653892609497
0.168245520660153
0.155934746067424
0.135683490593120
0.108595328124207
0.076380964495607
0.040725525567640
0.003352779756447
-0.033655741116961
-0.067913252044918
-0.097228762485501
-0.120045631322162
-0.135198438713535
-0.141290695797552
-0.136649971749218
-0.120201210295252
-0.092544245414909
-0.056335388334685
-0.015743444380114
0.024698106340727
0.061170017268377
0.090869969103328
0.111682664835751
0.122048906814793
0.121108767482751
0.108671640306912
0.085271759887935
0.052478578251460
0.012956019226374
-0.029903549858182
-0.072506096022074
-0.111525537998351
-0.144047261128908
-0.167317932442807
-0.178675990976365
-0.176134661554134
-0.159134717811871
-0.128886828737371
-0.088171594733589
-0.040469587169787
0.011079466224900
0.063925551846442
0.115633005483048
0.163519018663422
0.204730202735270
0.236532655745566
0.256722218175178
0.264120683568369
0.258738623525368
0.241445186295162
0.213562089703322
0.176622122890385
0.132408560194378
0.083295901189564
0.032389193612871
-0.017033876015537
-0.062487959850317
-0.102630189611555
-0.136474965639746
-0.162430679592192
-0.178361837286462
-0.182586407382225
-0.174754989283707
-0.155923457211225
-0.128199250486107
-0.094529921821911
-0.058461864549434
-0.023469304615128
0.007984557877912
0.034877854614583
0.057143260925360
0.074912039218214
0.088244110762202
0.097292767354238
0.102429384669578
0.104186244115289
0.103168324309619
0.099916416026513
0.094689800146521
0.087372562307199
0.077583702178357
0.064797202329424
0.048528045151009
0.028665215361325
0.005620681536626
-0.019777171362285
-0.046424649811581
-0.073120684555761
-0.098703417762468
-0.121921567483777
-0.141169526958674
-0.154499946332675
-0.159950322865288
-0.155898233673801
-0.141446046852869
-0.116899712990917
-0.083933891391658
-0.045091986473872
-0.003111135607696
0.039258178693707
0.079029415623556
0.112871055314817
0.137457979449182
0.150203680779058
0.149939083095080
0.137129159130461
0.113438827709402
0.080959086842500
0.041774624233367
-0.001942964692856
-0.047697881255793
-0.092665377735686
-0.134005063380035
-0.169082800939402
-0.195318498568039
-0.210158607762743
-0.211528987699332
-0.198414140308024
-0.171197280907367
-0.131623905628239
-0.082527994976718
-0.027690044597450
0.028178478625720
0.079770651420215
0.122042128316252
0.151212470134785
0.165430928579724
0.164887538840515
0.151387071629426
0.127727012906831
0.097158082296430
0.062862191890931
0.027362843418062
-0.007906080524653
-0.042317068443786
-0.075105544086540
-0.104671830631304
-0.128615110448092
-0.144299170735927
-0.149538908660272
-0.143002937973594
-0.124381817639269
-0.094562414436446
-0.055659680090271
-0.010748988254158
0.036596349614166
0.082813252768199
0.124664855409700
0.159252912626334
0.184028180698813
0.197120311639859
0.197850514234747
0.186865522582540
0.165628002822410
0.135902067415205
0.099794951464577
0.059877259471766
0.018836175698790
-0.021072361526080
-0.058253182174745
-0.091512262275653
-0.119457790655249
-0.140060788555880
-0.150877598461212
-0.149675769429930
-0.134948224192555
-0.106248946878023
-0.064406698223511
-0.011708034515605
0.048017943851784
0.109769306551677
0.168254961406828
0.218859049270781
0.258123504285362
0.283612615304682
0.293637352008033
0.287235771407587
0.264352220642617
0.226024056395451
0.174410880113875
0.112712922525836
0.045121635520755
-0.023464357296368
-0.088218877862607
-0.145193851083605
-0.191507290398210
-0.225055903507274
-0.244389595874272
-0.248834699313742
-0.238489732994259
-0.214167333341699
-0.177588895581816
-0.131642327023044
-0.080389136445399
-0.028702965806000
0.018548686646944
0.057355432945849
0.084866886943513
0.099419607722987
0.100656085481587
0.089457305484392
0.067559292081881
0.037185053943501
0.000967119240574
-0.037954774365108
-0.076070713576281
-0.110017043799991
-0.137150983721429
-0.155800679186245
-0.165086386680488
-0.164690374633437
-0.154885750970843
-0.136516133812323
-0.110837794863791
-0.079569098965430
-0.045001645031122
-0.009817319472405
0.023252803030904
0.051677490623873
0.073242907490481
0.086012412839098
0.088305899691312
0.079065692164654
0.058336749513091
0.027267804798835
-0.012079126115928
-0.056559771440335
-0.101806508198778
-0.142888936583091
-0.175562167462093
-0.196999092476571
-0.205640864172183
-0.200796206126162
-0.182478154361796
-0.151571115963171
-0.109971602537260
-0.060201759991440
-0.004869816087542
0.053272542137223
0.110754768988308
0.163145493076640
0.205876328839455
0.235587372616175
0.250598792230466
0.250258803774120
0.234453255055188
0.204156256996529
0.162093713858075
0.112362171075702
0.059367304303372
0.007044378700332
-0.041217254771474
-0.082176459524800
-0.112624839407199
-0.130053769678051
-0.133573193953297
-0.124226351833595
-0.104601928065021
-0.078103548802328
-0.048114582102249
-0.017298483508332
0.012627249037081
0.040553165924712
0.065449721763582
0.086078514719185
0.101059406893045
0.109245780096886
0.110323947711289
0.105310127006596
0.096374242918630
0.085760547660168
0.074494162053108
0.062087615241781
0.047604126835333
0.030958424708456
0.013235042373848
-0.003942329191411
-0.019162167345916
-0.031469252451489
-0.040203434105802
-0.045033735496616
-0.046333028552517
-0.045239429189203
-0.042921555018316
-0.039747482173942
-0.035351489401853
-0.029358953486221
-0.021821438683436
-0.013045167796636
-0.003237816038419
0.007541161656425
0.019120308876299
0.031135290288086
0.043419743231427
0.056369402379255
0.070748567940786
0.087077865788912
0.104948509859837
0.122740708995985
0.138187315020339
0.149347433143230
0.155075359958388
0.154920894954277
0.149067914892797
0.138273466720351
0.123363715641602
0.104536535855685
0.081090638869631
0.051860765523586
0.016199019995738
-0.025120722468155
-0.069881180047800
-0.115327567464556
-0.159035972886828
-0.199081774117442
-0.233764058771911
-0.261405532522579
-0.280563834530446
-0.290381886221501
-0.290490945931056
-0.280585070344365
-0.260331757417995
-0.229843149243553
-0.190149769041327
-0.143145903324982
-0.091252526789359
-0.037150320409589
0.016341298177284
0.066202850185827
0.109279342140019
0.142782464818359
0.164924956421448
0.175216012481889
0.174379444256466
0.164053128443488
0.146421953672603
0.123941330116372
0.098999655568394
0.073523532988870
0.048912852713188
0.026264882679154
0.006524422810440
-0.009574968000526
-0.021607991888421
-0.029429292264891
-0.033207089771376
-0.033651255574598
-0.032173330785063
-0.030594699774566
-0.030469525883804
-0.032698806267574
-0.037781498871053
-0.046251983932321
-0.058737855890319
-0.075482825393808
-0.095827141079197
-0.118207094212261
-0.140507356448864
-0.160416361578501
-0.175625609241466
-0.183944503206934
-0.183726637815069
-0.174418359677509
-0.156599823427291
-0.131579124919463
-0.100947211445759
-0.066222136798872
-0.028716178405023
0.010169057248641
0.048483431097861
0.083618832265181
0.112637858805589
0.132872829259826
0.142603345438867
0.141530871218937
0.130800523148908
0.112632005057495
0.089831437794035
0.065291116621205
0.041666000545015
0.021390393931394
0.006633088931639
-0.001103289719760
-0.001374409699957
0.005260323991555
0.017732735408941
0.034778711355288
0.054652228619523
0.074880955162474
0.092762482538260
0.106338462082852
0.115014228750297
0.119241239972587
0.119594447333132
0.116220709719419
0.109032143824054
0.098156883775902
0.084180743116182
0.067942278996816
0.050082191864009
0.031038961594732
0.011463326270233
-0.007631764222883
-0.025087968896769
-0.039933048370932
-0.051528240807521
-0.059294363183709
-0.062545775074989
-0.060944354134970
-0.054956078716287
-0.045743171213282
-0.034828029764507
-0.023777332664910
-0.013926788859979
-0.006344984684943
-0.001889237684196
-0.001053658252458
-0.003748160233013
-0.009291974437532
-0.016703384057186
-0.024942058966903
-0.032815468389269
-0.038984957489715
-0.042469870327786
-0.043260302133672
-0.042211784928494
-0.039978652090269
-0.036098995833124
-0.029318686553664
-0.018599637268496
-0.003673819372511
0.015135652403276
0.037358981197475
0.062504867919169
0.089755930680831
0.117616339876144
0.143790825144595
0.165427307177067
0.179769289094179
0.184676921804601
0.178555559910952
0.160360836373287
0.130240110111402
0.090077549244358
0.043199771032959
-0.006544717640388
-0.055708946552591
-0.101640848083606
-0.142339198819335
-0.176213207589203
-0.201880356724606
-0.217929831712874
-0.222942182275374
-0.215964995733175
-0.197104323759758
-0.167789935619918
-0.130512100306755
-0.088163651766363
-0.043308007822906
0.002118986140638
0.046361493844350
0.087434634499020
0.123438637733715
0.152944363297732
0.174764149265440
0.187522611244251
0.189996295243322
0.182137979597435
0.165475986873651
0.142376042258870
0.114961559729925
0.084527020864263
0.051883831733375
0.018203328431489
-0.014863340604868
-0.045871374363273
-0.073962678800076
-0.098563680193056
-0.118908854798207
-0.133910953168176
-0.142513151405968
-0.144214226861979
-0.139349108210825
-0.129013536828816
-0.114830393303560
-0.098671446318268
-0.082327789880428
-0.067228361624197
-0.054369139757246
-0.044408443621937
-0.037650300170118
-0.033952392118327
-0.032706631093915
-0.032735489674770
-0.032304309090622
-0.029610270364559
-0.023522737372916
-0.013994010143025
-0.001725791448405
0.012570667642443
0.028526128287765
0.045874909839941
0.064029693752020
0.081909563130668
0.098229248055950
0.111904925281733
0.121945360334735
0.127103537515290
0.126109975307299
0.118274191882857
0.103809755710812
0.083767342915693
0.059558129842135
0.032348986430574
0.002918862243649
-0.027969354979775
-0.059181449775641
-0.089117701459279
-0.115731082653805
-0.136544917580763
-0.149025284706535
-0.151427258273463
-0.143448024334184
-0.126041159473848
-0.100671358755773
-0.068887613964389
-0.032559780647338
0.005868068732836
0.043674485153220
0.078415554486088
0.108281020835538
0.132046611620552
0.148737619049500
0.157556999025445
0.158231258018922
0.151265775913086
0.137838178074638
0.119453123519037
0.097611128815677
0.073682856648492
0.048910563416729
0.024415755059748
0.001274169514217
-0.019348272505801
-0.036191192048735
-0.048059560093959
-0.054139922391267
-0.054481615756321
-0.050154504751276
-0.042630454741058
-0.032848927256899
-0.020924842003972
-0.006829469181928
0.008794954014270
0.024636806161596
0.039333660271235
0.051920565588824
0.061755903104436
0.068124181960203
0.070016918037829
0.066387939581316
0.056614136407080
0.040782622072206
0.019888497051652
-0.004075651107123
-0.028619848838176
-0.051680504518434
-0.072098311840432
-0.089296318592011
-0.102657603203151
-0.111411767263253
-0.115098325723393
-0.113842558041439
-0.108129011880317
-0.098482980074898
-0.085470751964914
-0.070011444410978
-0.053578377656846
-0.038056610058448
-0.025422366107063
-0.017344662245919
-0.014662642650628
-0.016878607921791
-0.022155372110786
-0.028030782815803
-0.032381655463163
-0.034009912179480
-0.032609596040878
-0.028429390649496
-0.021920037599085
-0.013413054974974
-0.003032666108171
0.009153880505540
0.022947213836825
0.037782056622631
0.052481008147054
0.065280004410425
0.074338283993994
0.078379880714867
0.076998943971201
0.070566346562269
0.059745769316874
0.045094047153613
0.027366769059195
0.008019938313627
-0.010902871217984
-0.027323837556901
-0.039582621679609
-0.046683686484163
-0.048326540753341
-0.044692092371329
-0.036316086357828
-0.024168553468218
-0.009742253682659
0.004899282628759
0.017306159687276
0.025168128784786
0.026812793361996
0.021242953173244
0.007885769789344
-0.013302321412623
-0.041394351166346
-0.074365201600065
-0.109413847857545
-0.143379222946899
-0.173053612046452
-0.195341408858806
-0.207388907311042
-0.207037569297267
-0.193473874820009
-0.167512538903691
-0.131306054870403
-0.087592412296582
-0.038939086268782
0.012386390354069
0.064065586679997
0.113568624167041
0.158382101932886
0.196421748327866
0.226250244686092
0.246859218805077
0.257464013744257
0.257745158274291
0.248114976565359
0.229550332763803
0.203364767167343
0.171318886428341
0.135654738036671
0.098691682116337
0.062335300915147
0.027894651148648
-0.003740596721343
-0.031716559604683
-0.055033851661535
-0.072954022688327
-0.085605538207383
-0.093909305081033
-0.098699287184997
-0.099961491440321
-0.097113992851928
-0.089960778768041
-0.079146284684486
-0.065784840197588
-0.050772735971944
-0.034510844422528
-0.017354476352080
0.000041840083231
0.017124846742722
0.033951326094105
0.051098405524353
0.069087461611490
0.087821260503485
0.106425567192826
0.123785615462963
0.139267172485633
0.152587586224222
0.163170859269915
0.170036358069204
0.172214757794685
0.169059958181571
0.160205624230094
0.145460351987796
0.124877962283322
0.098904818660907
0.068421740118485
0.034519913925267
-0.001801381937669
-0.039629897959604
-0.077911253124660
-0.115406654563762
-0.151062280610208
-0.184406833700541
-0.215287952142546
-0.243186780602941
-0.266887844787694
-0.284604432092981
-0.294442272080309
-0.295056235429361
-0.286050377125508
-0.267954258512238
-0.242063925672281
-0.210415066574220
-0.175737518581107
-0.140972417423373
-0.108528067306490
-0.079921600421571
-0.055815625393544
-0.036152730863497
-0.020433963528202
-0.008015232013562
0.001783701201709
0.009655472132019
0.016241198730570
0.021977866391166
0.026994050341799
0.031260215290574
0.034805006777300
0.037743208570606
0.040106064417491
0.041632361913651
0.041883786635749
0.040625023007090
0.038052205905213
0.034823643119576
0.031812113607320
0.029619176849943
0.028410022924157
0.028279476742158
0.029709564659089
0.033534955256802
0.040231362479664
0.049233715370093
0.059201616728819
0.069028084453461
0.078425579046180
0.087496206080371
0.095937694026025
0.102848309912133
0.107301472145995
0.109009471938994
0.108465840070211
0.106581071834691
0.104120522510239
0.101308687256893
0.097879368457359
0.093434413477685
0.087650622322756
0.080211731280904
0.070856074146933
0.059705819286171
0.047456076276243
0.035088195149245
0.023421938420390
0.012958674544290
0.003957452701544
-0.003458021669982
-0.009221427473031
-0.013390565438230
-0.016197457243353
-0.017873235573195
-0.018555651790162
-0.018499429751924
-0.018320225123375
-0.018830341512143
-0.020341095354377
-0.021989070070096
-0.021796384416409
-0.017613562612330
-0.008347671379586
0.005490602285366
0.022238432853307
0.039783166292414
0.055945906858752
0.068849975220336
0.077282428861314
0.080765574348955
0.079561193007185
0.074549735046429
0.066725575457690
0.056851759123606
0.045693609763150
0.034217969091702
0.023329349006897
0.013571274680466
0.005084756359404
-0.002357330006843
-0.009311291983535
-0.016491060098690
-0.024482521685969
-0.033578819269098
-0.043852969739767
-0.055262277736704
-0.067652386675568
-0.080804793805978
-0.094486997486056
-0.108271159379943
-0.121217838426035
-0.131807484402912
-0.138351882458502
-0.139829398258307
-0.136589515113182
-0.130109193813121
-0.121996841463347
-0.113290643538690
-0.104344955003704
-0.095058479870776
-0.085319650851741
-0.075321414569468
-0.065610524897684
-0.057031859824635
-0.050475580046606
-0.046577293735166
-0.045733639189631
-0.048240590705261
-0.054099272309047
-0.062589067032113
-0.072230004589252
-0.081264753586976
-0.088124753793060
-0.091588163939025
-0.090847414166239
-0.085756552103464
-0.076952227314998
-0.065310143206315
-0.051037914135374
-0.033322776218553
-0.010955288919213
0.016591111127032
0.048439177873843
0.082281108248195
0.114940953804342
0.143175736002934
0.164338045707218
0.176901798180855
0.180898091625406
0.177896327688981
0.170400230044251
0.161051953583495
0.151885466779102
0.143828704685865
0.136912470256139
0.131087570277070
0.126749558503390
0.124409229629829
0.124050717059847
0.125050201211296
0.126573098479929
0.127868136818813
0.128416100439252
0.127881525081577
0.125795967054587
0.121436734825980
0.114111025419435
0.103464698966688
0.089619816395501
0.073237957388183
0.055496491449773
0.037875069180706
0.021662063881248
0.007314317181609
-0.005731146615288
-0.018300190706828
-0.030296090750205
-0.040325093185220
-0.046597640054341
-0.048139710254268
-0.045139899043256
-0.038403228666310
-0.028700153384603
-0.016565164813621
-0.002598243237995
0.012107456047106
0.025933384369156
0.037192882214018
0.044595876770135
0.047302558847904
0.044798863071807
0.036904525037590
0.023824866080209
0.006190434070331
-0.014900027458031
-0.037995763227784
-0.061615079914880
-0.084387389843439
-0.104888647035914
-0.121680069464290
-0.133666182142662
-0.140437090204311
-0.142495327193459
-0.141208819002393
-0.138350268868069
-0.135419452228433
-0.133058231880678
-0.130803276104131
-0.127309192618593
-0.121004250904900
-0.110850437064700
-0.096802478318409
-0.079759525674540
-0.061059884055021
-0.041989056646985
-0.023673192332664
-0.007071917242822
0.007191603026959
0.018918445043863
0.028207744021552
0.035340888207517
0.040692562844843
0.044585184461559
0.047186789277027
0.048349671530450
0.047469261115606
0.043826054040158
0.037197293854847
0.027928522217524
0.016482902914592
0.003287268493660
-0.010947242571911
-0.024993966145818
-0.037256547958698
-0.046182170194819
-0.050667536166708
-0.050085480081030
-0.043977713129178
-0.031969669407338
-0.014137108530480
0.008642607265226
0.034800655427611
0.062411259000703
0.089408549889484
0.113806646763397
0.133867428780761
0.148135409643302
0.155609874414694
0.155831666044692
0.148635368273829
0.134016156319203
0.112291507270002
0.084301913775343
0.051501699752756
0.015763676329590
-0.021136528666754
-0.057838294798359
-0.093089705828938
-0.125293528001995
-0.152552381414328
-0.173113680124067
-0.185700902750211
-0.189498993316959
-0.184000473744551
-0.169043015717751
-0.145169111114784
-0.113960349488664
-0.077813291695576
-0.039355296622231
-0.001056199302204
0.035049686406223
0.067539296349533
0.095318616463008
0.117202347420394
0.131898618412679
0.138187259361228
0.135020627987057
0.121856740901009
0.099197015790405
0.068711152168957
0.032835395275125
-0.005787172530792
-0.044758786140611
-0.082017747756957
-0.115588777409762
-0.143481086486271
-0.164032101140782
-0.176267325900847
-0.179798241697208
-0.174543374874579
-0.160739532638482
-0.139222196644101
-0.111598775385137
-0.079945335063325
-0.046253158818715
-0.012289532544249
0.020132807968079
0.049159014562680
0.073229016808620
0.091250091725257
0.102701188932192
0.107782369861039
0.107176749414923
0.101627763796616
0.091987327707055
0.079444695283708
0.065312655263651
0.050694418726980
0.036578017706600
0.024087640460203
0.014479010088380
0.008920459836888
0.008147585118478
0.012125672707600
0.020079781770444
0.030902696244496
0.043327268866493
0.055732680284078
0.066260719382599
0.073399094843576
0.076380323637431
0.075054636627114
0.069686346170382
0.061022719682766
0.050306459443255
0.038933220390875
0.027968224180712
0.017924603528650
0.008932578798524
0.001059548978212
-0.005491032262090
-0.010385100318167
-0.013287549467974
-0.013932851362119
-0.012106216994248
-0.007745203301210
-0.001213107710111
0.006554817946078
0.014262409775186
0.020696956171721
0.025218208438436
0.027916549161546
0.029074210325937
0.028525810770433
0.025748439781604
0.020419721789938
0.012692976042721
0.003063810417421
-0.007778827916842
-0.018871608955277
-0.028817352049228
-0.035981457150482
-0.039084544858726
-0.037600179021318
-0.031633816398091
-0.021606651026852
-0.008095386927267
0.008198308153281
0.026395504862123
0.045327807147734
0.063657509634726
0.080282833949593
0.094490797294268
0.105624085835673
0.112834492922009
0.115239382879866
0.112165662140231
0.103248288767764
0.088377827767386
0.067766855003583
0.042292786876742
0.013685517564551
-0.015779388768115
-0.043852164905570
-0.068726528764194
-0.089079068461719
-0.103822988730034
-0.111966850703431
-0.112895850523101
-0.106759867995347
-0.094452054628939
-0.077305016762946
-0.057024503803983
-0.035821767963813
-0.016189925917660
-0.000295337503404
0.010633375639906
0.016587927503112
0.018362269529222
0.016710944569092
0.011945632421212
0.004138412001557
-0.006569853071312
-0.019788983502266
-0.034730432197034
-0.050062997853339
-0.063997207817917
-0.074725314507401
-0.080861586082085
-0.081627272849762
-0.076906378871557
-0.067166659465014
-0.053257767155525
-0.036366346724677
-0.018085664050746
-0.000231103174807
0.015524547733855
0.027913060610870
0.036138870413659
0.039730808616822
0.038381342553660
0.031954902974851
0.020549008341195
0.004540286921273
-0.015307223224008
-0.037764623862613
-0.061286911452489
-0.084264202511745
-0.105209632074481
-0.122972909920543
-0.136909589092930
-0.146810221994819
-0.152618133586251
-0.154158127789947
-0.151055806711870
-0.142893585377272
-0.129495159188036
-0.111044966088026
-0.088025505196810
-0.061256605016707
-0.031995576715038
-0.001842386395507
0.027575828224763
0.054923905757490
0.079230248059248
0.099670465898781
0.115378519745851
0.125622743139147
0.130151796323941
0.129196070752163
0.123162138423616
0.112574947865662
0.098256983320647
0.081282002001760
0.062700124936623
0.043303275294482
0.023630890108847
0.004244488113760
-0.014096254260997
-0.030734654973516
-0.045555456208280
-0.058887889987674
-0.070969686824951
-0.081599708876207
-0.090189111826503
-0.095984779329232
-0.098227770921404
-0.096230168572238
-0.089535603498795
-0.078268768322172
-0.063412567511353
-0.046550922161738
-0.029183212051855
-0.012267442354344
0.003726622365211
0.018582844037612
0.032208317950625
0.044557085897380
0.055557084199905
0.065042426128874
0.072653191661756
0.077810979535087
0.079948247827147
0.078913171464907
0.075154384180994
0.069455675593895
0.062610389756251
0.055440747777324
0.048915142550886
0.043952680767629
0.041011178273970
0.039911833642914
0.040045232264563
0.040732383902438
0.041494900204950
0.042021309735127
0.041922588927221
0.040654923597863
0.037711182798309
0.032830054978120
0.025949097178633
0.017040122799524
0.006257504493067
-0.005799904311070
-0.018113673510177
-0.029460223984160
-0.038844619747070
-0.045878457160627
-0.050590720378457
-0.052978354771202
-0.052875282530292
-0.050248623056850
-0.045483298597333
-0.039207923123388
-0.031939790166843
-0.024102093596715
-0.016336598141460
-0.009599909061350
-0.004967923251952
-0.003338219314939
-0.005167097004024
-0.010533307315968
-0.019390390674457
-0.031555551723318
-0.046579055211763
-0.063732150116511
-0.082038828194830
-0.100349922428350
-0.117362071985223
-0.131526235758453
-0.141102275380575
-0.144485128192366
-0.140539981815724
-0.128685857657973
-0.108865254718914
-0.081626717373664
-0.048270772813224
-0.010876464795584
0.028025296764459
0.066114899173281
0.101713786593192
0.133569036543731
0.160435112033721
0.181020395852411
0.194222883288643
0.199384067302607
0.196459308018819
0.186029691533375
0.169194246320407
0.147474011504421
0.122674518037925
0.096627390836950
0.071002130278947
0.047331304888875
0.027181814946887
0.012268547722125
0.004144577407038
0.003579188669361
0.010246032208701
0.022859408587648
0.039482368630795
0.057854400296311
0.075613648384635
0.090392175060258
0.100025659842428
0.103031214785870
0.098938691863416
0.088014480519086
0.070778570344109
0.047968802202000
0.020856789478923
-0.008633495867450
-0.038269489354584
-0.066016307039996
-0.090273905917346
-0.109757064194595
-0.123286458117434
-0.129968811088823
-0.129640702255781
-0.122875772778388
-0.110599493864113
-0.093840986750122
-0.073781799412522
-0.051933044424676
-0.030101992138852
-0.010112880190051
0.006492695121861
0.018610516755356
0.025466970277742
0.026491261051268
0.021528126782346
0.011224059410127
-0.002930006722477
-0.019091539612490
-0.035673772343935
-0.051492440765865
-0.065475098756593
-0.076526765790616
-0.083819150542635
-0.087102486686302
-0.086575294401188
-0.082439947414520
-0.074776833290478
-0.063818800973204
-0.050081576671329
-0.034307490916522
-0.017342562350942
0.000109194625507
0.017432130239664
0.033702613602141
0.047709462818856
0.058472215869972
0.065479672922670
0.068453588531068
0.067203376353296
0.061768009715019
0.052564224875289
0.040378559199040
0.026204378419925
0.011074529771428
-0.003944327467502
-0.017668485441092
-0.028854064730208
-0.036487217208849
-0.039992663813488
-0.039111357668001
-0.033782200974803
-0.024277876283981
-0.011434954526805
0.003305006908933
0.018245738088606
0.031869192435611
0.042987657559975
0.050747250873110
0.054627659155347
0.054369825874780
0.049911530256479
0.041583055892378
0.030304604507919
0.017358593178336
0.004068477020514
-0.008204054967436
-0.017972176757794
-0.023866762879738
-0.025080704386266
-0.021500288136655
-0.013480991468026
-0.001554689659787
0.013675905255955
0.031345847393782
0.050210485290750
0.068853227333312
0.085890389119320
0.100005109273898
0.109956566795812
0.114623493686345
0.113206901172229
0.105674444659705
0.092966746847754
0.076514687401021
0.057687233519189
0.037857565205835
0.018579164192496
0.001310723833198
-0.013030362318796
-0.024219437302807
-0.032417261565509
-0.037710952205861
-0.039958770151695
-0.039075921166624
-0.035422341268924
-0.029793946739246
-0.023110099394611
-0.016253426312642
-0.010141038728712
-0.005773681851188
-0.004085301778596
-0.005578239645105
-0.009978095660206
-0.016434826233921
-0.024124669467867
-0.032542862617939
-0.041497319965534
-0.050975693029861
-0.060807138891253
-0.070409727347593
-0.078830437375533
-0.084925133356985
-0.087589751981060
-0.086066013091150
-0.080291799694226
-0.071096285976316
-0.060019764242821
-0.048796745237009
-0.038799976617004
-0.030739710538578
-0.024754269723315
-0.020775316030539
-0.018765626391920
-0.018748108954673
-0.020857291840544
-0.025207742218447
-0.031636319964841
-0.039813461849635
-0.049384276615451
-0.059757564466818
-0.070036496053869
-0.079175916578645
-0.086024884220985
-0.089433062362608
-0.088593279858903
-0.083261052729853
-0.073593267332708
-0.059936363692197
-0.042822700378031
-0.022960370232265
-0.001064749756562
0.022309053625720
0.046740708150254
0.071724126112489
0.096359349853151
0.119239195088216
0.138822669257533
0.154012321244986
0.164437882879243
0.170344442232563
0.172238094699642
0.170622400750625
0.166034350260131
0.159052640826716
0.150038163434787
0.139052173404283
0.126203157671826
0.111956410131129
0.097126441602749
0.082629860723751
0.069071519452416
0.056474675897370
0.044459330793696
0.032693441091091
0.021171911793019
0.010074002117439
-0.000553084162578
-0.010783613134397
-0.020562164558470
-0.029791379255730
-0.038614274122239
-0.047279996411860
-0.055724359064099
-0.063434395721044
-0.069765274287969
-0.074353165819962
-0.077244950685612
-0.078790627338523
-0.079388454873410
-0.079165017490531
-0.077956559147824
-0.075617310556909
-0.072244813785254
-0.068161525243389
-0.063732758576576
-0.059280312289942
-0.055208218372561
-0.051899786577549
-0.049368760959498
-0.047308360749641
-0.045497701577498
-0.043998703806560
-0.043037872497813
-0.042686027859385
-0.042547181720815
-0.041850493620333
-0.039875417105488
-0.036273412031187
-0.031199442412414
-0.025254651112464
-0.019208138359103
-0.013723689528368
-0.009213481033680
-0.005706604880781
-0.002773761925629
0.000292137494614
0.004086523198549
0.008837392924876
0.014453848249608
0.020701768376151
0.027277177569844
0.033810351679197
0.039952370996617
0.045437186356573
0.049992879417234
0.053299228159821
0.055073566347898
0.055073585434298
0.053145651196665
0.049466677079857
0.044547313888355
0.038876379065419
0.032666779422189
0.025853281439226
0.018221868144693
0.009655181533143
0.000331095893569
-0.009313016322369
-0.018724858496345
-0.027379711757399
-0.034913999945569
-0.041226346517548
-0.046544917679380
-0.051246400727067
-0.055424564730932
-0.058792684672270
-0.061117481979898
-0.062531518656290
-0.063309978390494
-0.063481778772534
-0.062681506392829
-0.060324645924234
-0.055924935212489
-0.049259959986210
-0.040344669252202
-0.029379629748447
-0.016875821020142
-0.003851914172882
0.008380188036308
0.018790523117040
0.026876647546402
0.032385153853711
0.035004927596089
0.034366548458011
0.030288005550558
0.023094606585332
0.013744071277004
0.003600555924721
-0.005926770714119
-0.013595887882188
-0.018364666151101
-0.019450150941490
-0.016582658926599
-0.010183206841101
-0.001121375826547
0.009720287961087
0.021715444440880
0.034537803895181
0.047987516217789
0.061775145391602
0.075521124093491
0.088786558382351
0.100924554651638
0.111001904538616
0.117995615643377
0.121214328336458
0.120593880886740
0.116475675923365
0.109165484414093
0.098806872135172
0.085648233546444
0.070361121458303
0.053911474987153
0.037154082638560
0.020783451132534
0.005499341129223
-0.008108427059493
-0.019779819593531
-0.029482714145328
-0.037081503722036
-0.042240043029458
-0.044667054457608
-0.044376360427534
-0.041731687899995
-0.037321518412288
-0.031818735621161
-0.025873462284571
-0.020069395001135
-0.014991672683395
-0.011192769546324
-0.008934091844651
-0.008087818891160
-0.008434792725142
-0.010001093037984
-0.013028799850064
-0.017600781583061
-0.023319723826560
-0.029415508276373
-0.035255961151537
-0.040691182116949
-0.045752039970497
-0.050205990882179
-0.053613313084277
-0.055668181607356
-0.056357122234428
-0.055865938871849
-0.054431123938805
-0.052278121908108
-0.049700919763024
-0.047120571551472
-0.044852093253290
-0.042781910893651
-0.040433499680218
-0.037318611074824
-0.033081056255388
-0.027443213626727
-0.020167361761828
-0.011016079364538
0.000107427242692
0.012865457728902
0.026521665314534
0.040307947159612
0.053650710747360
0.066084081922957
0.077046713689854
0.085846818921370
0.091851448989006
0.094693748630189
0.094222234813943
0.090285756094942
0.082876875119680
0.072568197754747
0.060580855328683
0.048329237609066
0.036937303456805
0.027149451324780
0.019469560809724
0.014268571394801
0.011773116754862
0.011785435689010
0.013455488552380
0.015550969996396
0.016877417576886
0.016414922289134
0.013273095865530
0.006667150344633
-0.003923382586574
-0.018464928429381
-0.036374571643887
-0.056871303195473
-0.079137293715323
-0.102166686374113
-0.124664908252277
-0.145173876538026
-0.162324853102497
-0.174910415346612
-0.181758557186778
-0.181819824655588
-0.174451211840222
-0.159628917713045
-0.138055057939698
-0.111029845608995
-0.080188110043674
-0.047323305509259
-0.014165843786115
0.017780377177585
0.047121925585723
0.072494138741238
0.092798027663961
0.107442598720515
0.116309471664605
0.119616214630921
0.117806606167769
0.111492093708706
0.101417148081381
0.088340455486216
0.073034361941404
0.056502045661904
0.040081594934137
0.025182900137294
0.012776012165369
0.003162858262585
-0.003760727847714
-0.008213310611900
-0.010439169281510
-0.010733690803522
-0.009466996059785
-0.006884115715964
-0.002847855232538
0.002934842728510
0.010345514427049
0.018694145246954
0.027077471686771
0.034765371534952
0.041359715202681
0.046769181539372
0.051056514874738
0.054205579250863
0.056053777587673
0.056485964858184
0.055486464659061
0.052947197136811
0.048674800975414
0.042639440740769
0.035103701496478
0.026441941080161
0.016794668166834
0.006072343465410
-0.005631953752499
-0.017901000956992
-0.030260093421804
-0.042317606647771
-0.053677849953771
-0.063943694103664
-0.072859455504136
-0.080408253828358
-0.086757426396112
-0.092045559445904
-0.096151072887068
-0.098664427252120
-0.099097880455630
-0.097150125055511
-0.092830648382746
-0.086370269798255
-0.077995476293335
-0.067831405898539
-0.056077672857354
-0.043103201658653
-0.029278602446675
-0.014922109593130
-0.000419001411675
0.013740861748121
0.026962957261193
0.038539610345884
0.047778800767356
0.054217891551405
0.057700394219803
0.058304015275935
0.056249509453223
0.051876122886501
0.045630668085998
0.037937075305224
0.029070193686157
0.019243058942288
0.008860365158058
-0.001343811529542
-0.010481366775572
-0.017713986474291
-0.022334207207702
-0.023922156532063
-0.022348595884894
-0.017591425914328
-0.009813963195583
0.000460142149244
0.012490446760516
0.025590779258148
0.039142282539078
0.052361987517518
0.064241587291213
0.073831185381694
0.080536982074292
0.084211722672509
0.085112313082673
0.083791366163325
0.080986651537622
0.077574653931050
0.074483819490219
0.072388845338186
0.071432011490762
0.071431003940715
0.072304706856180
0.074102713885302
0.076710017694668
0.079676900742957
0.082377896562474
0.084353119209540
0.085423084411414
0.085442120943042
0.084128583072349
0.081241432334611
0.076723684021939
0.070583680809926
0.062797842306231
0.053290256663261
0.041943065066146
0.028764026363021
0.013963144775581
-0.002158477148870
-0.019188335904607
-0.036496785280988
-0.053179336194934
-0.068089223933344
-0.080075947089109
-0.088270526414567
-0.092213263460962
-0.091827628542647
-0.087393953391260
-0.079689916760636
-0.070020998869227
-0.059841428017427
-0.050277140406210
-0.041935268623019
-0.035099695970292
-0.030107291275160
-0.027465283374641
-0.027627631286156
-0.030709280413643
-0.036382362324704
-0.044027023523204
-0.052910043320236
-0.062198866208655
-0.070934378347534
-0.078109293174678
-0.082858545401687
-0.084626817314169
-0.083123458234053
-0.078120339517246
-0.069428525174449
-0.057190410013375
-0.042076961515033
-0.025056128306413
-0.007020999818621
0.011332542222732
0.029306923574475
0.045998951427631
0.060431757374195
0.071837084234370
0.079748393178958
0.083897455306856
0.084166390798005
0.080711442276601
0.074060009617256
0.065019051435771
0.054411495118405
0.042875759321091
0.030964920501796
0.019332357684159
0.008672389134538
-0.000524437258547
-0.008098193164919
-0.014143497450431
-0.018942984894438
-0.022991554084789
-0.026985075286371
-0.031627524279099
-0.037271724983137
-0.043734180856562
-0.050471480707295
-0.056923356094868
-0.062810003169684
-0.068187389768256
-0.073167987981226
-0.077602356622796
-0.081169672866195
-0.083722486257530
-0.085333398241689
-0.086019776019453
-0.085577793865303
-0.083801138040280
-0.080767238367707
-0.076735058167277
-0.071876757971560
-0.066227598839834
-0.059782207287131
-0.052593327544678
-0.044888699970531
-0.037106621022685
-0.029758323149322
-0.023355745029342
-0.018461184673534
-0.015529541402050
-0.014618612121977
-0.015370600896388
-0.017196480935329
-0.019385927639021
-0.021212618871328
-0.022116565871199
-0.021784370009696
-0.020107363085115
-0.017222488592660
-0.013489266066164
-0.009194398065588
-0.004321542142691
0.001374885990888
0.008124637231155
0.015849987830345
0.024045103116576
0.031921425185074
0.038662450564205
0.043664642680238
0.046723472413093
0.048054182127182
0.048059039206323
0.047116545856417
0.045568763579304
0.043668876650767
0.041463697964085
0.038788674818787
0.035431102999815
0.031381186349670
0.026964001502358
0.022712417057537
0.019099264693759
0.016439873369894
0.014983700417687
0.014892224030773
0.016111177392568
0.018404169193804
0.021579711861604
0.025616598209480
0.030486390736312
0.035924675960528
0.041422621301479
0.046375319144841
0.050278345388658
0.052858538494913
0.053984706404558
0.053581753172964
0.051846320453454
0.049418657938235
0.047071289478150
0.045186207538011
0.043672621810235
0.042408496088860
0.041505435466301
0.041001097921763
0.040504363635055
0.039329653599375
0.036994791935935
0.033549011237636
0.029305150982160
0.024314489753906
0.018278429281846
0.010900921552074
0.002198670020543
-0.007595976439115
-0.018365638708202
-0.030051202961104
-0.042166905677943
-0.053598218617241
-0.063041120731492
-0.069566827306213
-0.072767319346113
-0.072551235199185
-0.068920228473320
-0.061945630105520
-0.051841500825433
-0.038951557552657
-0.023655665126536
-0.006308844719888
0.012551723083167
0.031878091875025
0.050149692998960
0.065764021526091
0.077422023887926
0.084309229398767
0.086076001002105
0.082725947319971
0.074460800927631
0.061581786113996
0.044540604737982
0.023983445677603
0.000754949562827
-0.023983401594441
-0.048689236780072
-0.071714804233593
-0.091801472278023
-0.108378575307409
-0.121415088771802
-0.130977834865441
-0.136910197723100
-0.138898150084604
-0.136836114752158
-0.131118740425006
-0.122423341219176
-0.111194642326187
-0.097596710543175
-0.081899161599816
-0.064592182585906
-0.046195466302715
-0.027146620375360
-0.007842182480422
0.011215778892363
0.029314816557000
0.045725271106448
0.060097275767101
0.072561059893441
0.083381464662912
0.092570889751626
0.099797740546283
0.104655815715310
0.106956354316637
0.106631765224975
0.103521536692839
0.097495794730140
0.088753253249230
0.077786595325255
0.064990377205241
0.050437555223617
0.034035980340606
0.015811028744478
-0.003940140133496
-0.024690866392943
-0.045800780193037
-0.066523265576727
-0.085823866702646
-0.102375685391673
-0.115016213813586
-0.123087169896837
-0.126292337146350
-0.124494854505349
-0.117727533138764
-0.106386330313364
-0.091383599849320
-0.073927354150877
-0.055062725265793
-0.035498062558566
-0.015827083796441
0.003304671857780
0.021334576555400
0.037912905389675
0.052824923819048
0.065852854056780
0.076732712860183
0.085246912657320
0.091346189717730
0.095144574432150
0.096784580993741
0.096381425013674
0.094139202134406
0.090435865191668
0.085803449565187
0.080852186229256
0.076133950223970
0.072039957724373
0.068724940077750
0.065976712846513
0.063201705090255
0.059635496791365
0.054603322331816
0.047760936022712
0.039221024139369
0.029398422329973
0.018850906379684
0.008361801951015
-0.001040060987131
-0.008351492150483
-0.012926190255559
-0.014586196375125
-0.013553189994689
-0.010317136343720
-0.005433956844716
0.000589569574643
0.007193472310433
0.013726365917955
0.019597776441437
0.024368417207055
0.027721400861067
0.029344103130701
0.028748340250105
0.025307384754489
0.018579236413375
0.008490443582705
-0.004791384800317
-0.020862051971582
-0.038961086586460
-0.058169899381017
-0.077662528235392
-0.096677947136705
-0.114420103779992
-0.129969043762111
-0.142214522138131
-0.149973718684153
-0.152365217630751
-0.149139882278096
-0.140646327393411
-0.127558005814374
-0.110595789073648
-0.090475008573855
-0.068202952077361
-0.045232075955081
-0.023001456940570
-0.002444452021896
0.015939022890489
0.031850270599282
0.045128265908812
0.055673934598216
0.063409180422546
0.068349363280077
0.070567284349708
0.070069223984339
0.066933104189738
0.061622959125772
0.054955487167160
0.047710759171829
0.040437229131292
0.033564325439587
0.027476755952345
0.022464081875369
0.018662111859866
0.016051052742152
0.014587350063066
0.014351053354131
0.015394912945394
0.017440069909104
0.019873050967485
0.022038354609774
0.023572306600918
0.024506873566608
0.024967793763808
0.024888346946899
0.024134640091148
0.022701989884129
0.020687014668994
0.018194610013802
0.015306402512368
0.012062251595813
0.008414387958527
0.004236736140416
-0.000625959449579
-0.006323526482815
-0.012787974734356
-0.019479276092058
-0.025527049859637
-0.030119276019318
-0.032753303819603
-0.033325814444552
-0.032064524821150
-0.029308054494281
-0.025423627700956
-0.020922892859306
-0.016379713293451
-0.012142017211314
-0.008258776725350
-0.004704823507941
-0.001573145239714
0.001039901824449
0.003269616347094
0.005499694324602
0.008147158159658
0.011356880054249
0.014827283730949
0.017944260479265
0.020073298150041
0.020772537724893
0.019876877734984
0.017568072264912
0.014421491329625
0.011238201855219
0.008693091860449
0.007063386896232
0.006272624181642
0.006159963317331
0.006660708194506
0.007851959605114
0.009904210391292
0.012911347907163
0.016760116843244
0.021241918725302
0.026268790217157
0.031807391288946
0.037628376641870
0.043333393421734
0.048503613673275
0.052632495242225
0.055056740084986
0.055002931294166
0.051727752868687
0.044888242365280
0.034826913823221
0.022342559169130
0.008276158637508
-0.006629664633540
-0.021641442098957
-0.035873524269453
-0.048340817068080
-0.058320824509414
-0.065497541630066
-0.069746385327316
-0.071028385466321
-0.069508114594902
-0.065637649498232
-0.060040681378502
-0.053330478991849
-0.046039350001880
-0.038603183695006
-0.031374874350390
-0.024683080126561
-0.018793514720649
-0.013742165581605
-0.009273666075306
-0.005014734540715
-0.000707664705099
0.003760090078136
0.008580244446922
0.014175294777821
0.020960130592157
0.028997864225661
0.038017990257400
0.047711326105757
0.057944093227356
0.068656913867832
0.079545326098932
0.089998352074722
0.099355306469035
0.107026514923349
0.112401630796239
0.114826399000555
0.113723862683213
0.108708043286437
0.099620532334058
0.086544944784707
0.069824657949550
0.050085102103679
0.028267324217796
0.005591955273389
-0.016670102609637
-0.037426718112659
-0.055787451158622
-0.071030568456398
-0.082538159203821
-0.089798440064074
-0.092649408276329
-0.091375179572146
-0.086391755370724
-0.077948582908845
-0.066182682144157
-0.051395533791451
-0.034280412071955
-0.015800462567186
0.003237542794496
0.022298143852390
0.040747484621821
0.057650578767087
0.072057621400106
0.083296733470728
0.090914623889463
0.094619029560610
0.094407354938109
0.090554576924979
0.083483569472927
0.073636145239857
0.061311557294153
0.046756616647232
0.030462193775851
0.013255983834871
-0.003871873617311
-0.020138093803940
-0.035249749110918
-0.049200801993964
-0.061788353905242
-0.072462240824092
-0.080599555870224
-0.085752381558309
-0.087651449166547
-0.086089133260730
-0.080923491588265
-0.072410547967408
-0.061459360329918
-0.049192089356931
-0.036225439477405
-0.022557164941887
-0.008074479509469
0.006929168096404
0.021686006788649
0.035261591235311
0.046856192819894
0.055895850298543
0.061943986879068
0.064679284268676
0.064070067995179
0.060423641034850
0.054075328497798
0.045091426567917
0.033437927497241
0.019360391197124
0.003541064579762
-0.013010341214590
-0.029327786335895
-0.044773848529460
-0.058840930251283
-0.070866445187058
-0.080103940469730
-0.085996805961292
-0.088336000676887
-0.087195167286343
-0.082817480372678
-0.075572279146223
-0.066004907472552
-0.054950407034544
-0.043454911028196
-0.032483965257596
-0.022793787015916
-0.015005815196483
-0.009567392490370
-0.006703788180496
-0.006566097732760
-0.009306685717487
-0.015019257142342
-0.023672307900004
-0.034872491055729
-0.047585436165770
-0.060288246689547
-0.071577345663245
-0.080584859831202
-0.086791415539736
-0.089736875192884
-0.089089717740270
-0.084867853087899
-0.077485372314095
-0.067525724976773
-0.055479345418148
-0.041737586109231
-0.026772758806644
-0.011230991474831
0.004151218385835
0.018701708442477
0.031955963775501
0.043623425844242
0.053304874968032
0.060356711494761
0.064192404175419
0.064643919882971
0.061950604698296
0.056516685213560
0.048788048415493
0.039295511569304
0.028719810292057
0.017824522314994
0.007247317529795
-0.002564563508862
-0.011209188616702
-0.018307801402871
-0.023611914489675
-0.026995810051691
-0.028444436130644
-0.028162695323557
-0.026501584427577
-0.023629196753443
-0.019487678043137
-0.014095688864383
-0.007607980152051
-0.000102481123486
0.008420744771080
0.017777850929614
0.027498476631187
0.037049093737816
0.046132698504577
0.054797708322645
0.063231524043934
0.071454135542332
0.079240470741818
0.086253411470070
0.092257812972627
0.097226908909518
0.101166941438755
0.103918866505323
0.105208656790663
0.104822547627177
0.102697022547467
0.098871373521683
0.093452912251457
0.086675179803347
0.078938586006022
0.070675493366475
0.062025712529164
0.052657508334645
0.042030306991283
0.029949676036620
0.016850142957952
0.003411008233216
-0.009945218885241
-0.023035680978401
-0.035650427739131
-0.047439749733580
-0.057974575252066
-0.066864460912327
-0.073790729198821
-0.078438806141392
-0.080558769486117
-0.080236813014119
-0.077994243253759
-0.074497562639056
-0.070178152830843
-0.065101193718417
-0.059200944330992
-0.052686246034281
-0.046152966080106
-0.040202588698349
-0.035058365867091
-0.030644438248714
-0.026842007354011
-0.023553874505750
-0.020652989260957
-0.017940880514125
-0.015200949578797
-0.012424365391837
-0.009945353443872
-0.008214713835211
-0.007533007404031
-0.008153450614407
-0.010505804039295
-0.015083764906080
-0.022123530296433
-0.031421246517514
-0.042394541952132
-0.054321237048316
-0.066435852959596
-0.077800977089916
-0.087344008565810
-0.094120824593396
-0.097502625612485
-0.097191320592967
-0.093097007247001
-0.085208226642563
-0.073671389875555
-0.058943404862575
-0.041765377822334
-0.023007329107151
-0.003504483606604
0.015914071524568
0.034268033506508
0.050543022848132
0.063986537737078
0.074261989253295
0.081380477937270
0.085385603340849
0.086110282615908
0.083390541462176
0.077456406065055
0.068992866136790
0.058937227454887
0.048306357065138
0.038116952619527
0.029359279612808
0.022844673597355
0.018918904727676
0.017410970815228
0.017874474643980
0.019804252685610
0.022694962470210
0.025917082333992
0.028603069407681
0.029882833073881
0.029300105560519
0.026927199491051
0.023016503190853
0.017650508547835
0.010850250084187
0.002789426384804
-0.006190286717094
-0.015607789256329
-0.024975484635272
-0.033957156957221
-0.042242859713841
-0.049343308151879
-0.054709172214818
-0.057986450803090
-0.059107924302644
-0.058224332489130
-0.055452453221039
-0.050741726772565
-0.044117375295710
-0.035825951155340
-0.026171589132311
-0.015414925334343
-0.003836721598134
0.008137392277655
0.019850916191843
0.030544161301407
0.039623056484811
0.046740914786155
0.051634328562261
0.053981045310158
0.053457294371215
0.049948835605452
0.043679325778203
0.035109998717098
0.024808351417850
0.013352754707877
0.001234985832196
-0.011046590003591
-0.022840508265914
-0.033492740849514
-0.042551769194149
-0.049666694281912
-0.054492847180665
-0.056893322661619
-0.057055064370322
-0.055280334252795
-0.051828399678199
-0.047061318495931
-0.041598450998201
-0.036212548093514
-0.031550517239777
-0.027938246563445
-0.025486854229716
-0.024263452874914
-0.024270202246188
-0.025409576232539
-0.027440530770409
-0.029867394560729
-0.031997152472756
-0.033228105226326
-0.033270189404525
-0.031998047476595
-0.029149199454131
-0.024377551187242
-0.017582468937943
-0.009014560422153
0.000885056408054
0.011643836804677
0.022803813335059
0.033855397552594
0.044251783312428
0.053606297314790
0.061794604811012
0.068820882621359
0.074557671801899
0.078586129709706
0.080397476385421
0.079805810334116
0.077152639488151
0.073151842483381
0.068543564389823
0.063840329672091
0.059370806571179
0.055426631706394
0.052144894941773
0.049360663233382
0.046865091381592
0.044795484839998
0.043564469340513
0.043380538732216
0.043996058571395
0.044897519038792
0.045660026555705
0.046213764858534
0.046742852936579
0.047321360499598
0.047755678642176
0.047707931339173
0.046886649517683
0.045092465688135
0.042144488887916
0.037952528235213
0.032674020491880
0.026679877319013
0.020255595927901
0.013330694108421
0.005674367300200
-0.002629509363476
-0.011010203837932
-0.018629038179463
-0.024699465461246
-0.028708336555533
-0.030454993684956
-0.029934537888245
-0.027265621113709
-0.022777499661967
-0.017103509613543
-0.011041489240770
-0.005207853011108
0.000081372418452
0.004604883493967
0.008081124781420
0.010196506036814
0.010810935219106
0.010106897471386
0.008327255759189
0.005456700656301
0.001351894148677
-0.003977783524552
-0.010347835796359
-0.017482637043296
-0.025041150923649
-0.032593635487750
-0.039560439799213
-0.045279032449920
-0.049262106030195
-0.051364613482956
-0.051640384378961
-0.050096769428436
-0.046654980823559
-0.041384235527808
-0.034791473843410
-0.027747797767750
-0.021083383273381
-0.015327403223137
-0.010728343919298
-0.007357131780849
-0.005139844901039
-0.003838655800934
-0.003094457311755
-0.002619689161714
-0.002481124684254
-0.003102313177579
-0.004832001776624
-0.007598407765740
-0.011036182510740
-0.014781872372383
-0.018591096124158
-0.022327805669483
-0.025924052639289
-0.029294705429580
-0.032291531033871
-0.034733245336411
-0.036413332527549
-0.037109249905812
-0.036644084457778
-0.034959401833072
-0.032176806403760
-0.028596464378411
-0.024538536682925
-0.020178023028679
-0.015635220045598
-0.011113681279553
-0.006804711465416
-0.002747626570875
0.001155009819558
0.005024415331967
0.008909604603114
0.012722482622950
0.016221466064702
0.019105345427659
0.021112114297368
0.022095601144898
0.022173441839536
0.021792317321832
0.021592915843345
0.022177997834419
0.023841072265491
0.026388949044416
0.029305133486084
0.032117632364471
0.034456260538588
0.035843686216978
0.035802800894126
0.034196804117084
0.031221676820934
0.027100214361298
0.021939472140079
0.015802432169274
0.008830902163423
0.001370200845110
-0.006082995569133
-0.013090138238186
-0.019329018703963
-0.024535158185955
-0.028530031133409
-0.031306603044660
-0.033009799334257
-0.033796393686882
-0.033735832817459
-0.032745296010618
-0.030628732214221
-0.027369786356414
-0.023299139888330
-0.018802014570383
-0.013980395149504
-0.008692067753444
-0.002848936042981
0.003323261805681
0.009346960946210
0.014849756824326
0.019675658802765
0.023608779522132
0.026298012519646
0.027523678606199
0.027406745480458
0.026364781855999
0.024770205023099
0.022592338931620
0.019477103582088
0.015130649645990
0.009524429046111
0.002851230378209
-0.004505575831517
-0.011991884500998
-0.019044157722302
-0.025231646202087
-0.030202157032905
-0.033590885269582
-0.035034056935343
-0.034169255029502
-0.030685865151979
-0.024607849825401
-0.016499329903116
-0.007280035383108
0.002128697662813
0.011089398157813
0.019314240134700
0.026643880723889
0.032844863760449
0.037643350594235
0.040841741068835
0.042383698267265
0.042318391206459
0.040747003718058
0.037906585196998
0.034211424516672
0.030040136240710
0.025529202417370
0.020690472485024
0.015698733999974
0.010995579837198
0.007128548485552
0.004453481941746
0.002962990228435
0.002450852366258
0.002759561485391
0.003769482091982
0.005200828729328
0.006536402150846
0.007230713105531
0.006980142896615
0.005754895842287
0.003592638804173
0.000401545497798
-0.003929714583459
-0.009205742070412
-0.014838985328042
-0.020145721152597
-0.024596752745462
-0.027753579709732
-0.029273071415814
-0.029115045309510
-0.027549544582120
-0.024949079564235
-0.021635757414580
-0.017758854678222
-0.013217086706402
-0.007859997091584
-0.001791344900877
0.004707404886777
0.011531952720188
0.018852603678026
0.026815395337060
0.035235543171049
0.043576600580112
0.051164444948196
0.057468139199217
0.062179165889269
0.065036825038421
0.065737342491403
0.064072483940056
0.060070723212483
0.053964070819365
0.045983843989143
0.036190993784430
0.024604411801000
0.011525258478358
-0.002359020994467
-0.016284912716623
-0.029712703779675
-0.042217135943576
-0.053304730154638
-0.062523898898805
-0.069671242567538
-0.074718219074563
-0.077528373467125
-0.077802088157190
-0.075356922785389
-0.070460228560771
-0.063826959878652
-0.056291272419631
-0.048549321098856
-0.041058821899989
-0.034094627368721
-0.027964813212578
-0.023080309651882
-0.019743838423169
-0.017990984740168
-0.017763146635351
-0.019145393381299
-0.022265862478660
-0.026952338735665
-0.032586027656861
-0.038329366875815
-0.043492838682418
-0.047746688948913
-0.050959348090207
-0.052863550889449
-0.053125596304520
-0.051707126858845
-0.048887486729031
-0.044976180149327
-0.040150332055934
-0.034528413637173
-0.028381311803034
-0.022232391149990
-0.016636878749264
-0.011910528288648
-0.008184712310119
-0.005646605757960
-0.004523212565551
-0.004779015022013
-0.005948961617532
-0.007320139337780
-0.008303066341748
-0.008663040189548
-0.008397868002045
-0.007490663025438
-0.005882617418675
-0.003628745498506
-0.000894033503371
0.002285520880046
0.006112897691333
0.010837420367910
0.016456195182435
0.022596635985078
0.028765079965028
0.034698874441526
0.040355363549655
0.045591064448741
0.050012370891492
0.053184417448297
0.054911970619367
0.055299874252677
0.054607489190068
0.053045675522834
0.050679686542441
0.047626216437507
0.044322220895048
0.041383452905469
0.039185920158196
0.037711731040055
0.036789271959466
0.036354464511385
0.036421600872903
0.036903101874553
0.037565292639473
0.038177493885497
0.038646250821620
0.038930733287489
0.038810715881410
0.037839438469330
0.035670783104030
0.032325628419409
0.028012047784166
0.022892215313698
0.017070749357147
0.010591868946115
0.003464265434019
-0.004230501329276
-0.012306822997314
-0.020539490864296
-0.028729511552207
-0.036667553964102
-0.044057425755250
-0.050607496166682
-0.056111755609830
-0.060329805243564
-0.062942181996288
-0.063739035112102
-0.062848649925021
-0.060717338426252
-0.057799728112015
-0.054329723210996
-0.050371157421567
-0.045935167147212
-0.041043489637138
-0.035802507515117
-0.030434212363440
-0.025190633811645
-0.020296146635127
-0.015917307188146
-0.012029138604112
-0.008449468514775
-0.005099840690475
-0.002089220378715
0.000390941534751
0.002233317097727
0.003634623964955
0.005087990927464
0.007083509134253
0.009913647179603
0.013724739182708
0.018591847222716
0.024500978360015
0.031240085494334
0.038308299630064
0.045028661784593
0.050831409527045
0.055483780177389
0.059053463876368
0.061653633089705
0.063295282660648
0.063931358386452
0.063535469708502
0.062138101201645
0.059736864977659
0.056227260874740
0.051597508895759
0.046120911749653
0.040187832623811
0.033987688468452
0.027474430860137
0.020637394720689
0.013740375665123
0.007240469725227
0.001428161318728
-0.003761835225579
-0.008515345911392
-0.012795899367678
-0.016242285260388
-0.018379400350049
-0.018946410800767
-0.017989856259927
-0.015661317019161
-0.012087455967868
-0.007474388126238
-0.002143533525683
0.003624956154664
0.009737790495698
0.016190361498077
0.022762940995559
0.028878001104046
0.033734456294610
0.036621225299215
0.037244026966060
0.035710767561613
0.032259196844864
0.027118537707163
0.020497545157015
0.012590380961165
0.003595604635844
-0.006292995834530
-0.016847805471111
-0.027633150739762
-0.037862009332033
-0.046570986362115
-0.053052881032128
-0.057103381608224
-0.058883586421841
-0.058641643665740
-0.056570237599441
-0.052904955891457
-0.048091040323971
-0.042672791680232
-0.037032397327326
-0.031350553245499
-0.025680347694695
-0.020009380376159
-0.014360410915672
-0.008861043691062
-0.003712333288914
0.000928664937839
0.004953651837968
0.008223293200005
0.010695962933800
0.012582068295472
0.014196996337978
0.015684007904023
0.016925037800055
0.017622930225251
0.017375635254421
0.015741927789490
0.012332298819087
0.006957146715628
-0.000171240078666
-0.008517638205190
-0.017614722634125
-0.027200795777215
-0.037055692254223
-0.046806748350294
-0.055702451606836
-0.062709318816307
-0.067010232705998
-0.068206639114148
-0.066075504469108
-0.060455216716031
-0.051441581383321
-0.039568008606337
-0.025700954916746
-0.010706179397611
0.004805673714654
0.020418098536813
0.035590808239974
0.049462376500826
0.061068305718656
0.069702330095763
0.075014704285371
0.076917451134178
0.075556872929530
0.071338093445672
0.064944871887306
0.057247992243111
0.048963073403556
0.040498294699205
0.032245457524520
0.024760358089908
0.018576534919699
0.013942713088372
0.010780500007259
0.008905785274706
0.008236634542477
0.008778924113495
0.010417350946597
0.012678149517516
0.014772919939700
0.015957740420488
0.015799442610526
0.014160198772333
0.011117704761567
0.006984842566179
0.002364402920586
-0.001957497484318
-0.005366950974118
-0.007726554761512
-0.009202626606968
-0.009779193779289
-0.009051715314606
-0.006484508870494
-0.001800731144587
0.004887782967873
0.013227176800230
0.022745628685503
0.032839897561640
0.042774256400308
0.051838769977382
0.059603474138044
0.065966281359870
0.070919972393452
0.074378155397906
0.076138335614124
0.075887256214671
0.073409533553479
0.068795760810271
0.062270084045671
0.053965540757082
0.044095675349545
0.033181890576055
0.021881664346019
0.010693096015962
-0.000049783857922
-0.009997480594828
-0.018750972510059
-0.026064788129898
-0.032090804158503
-0.037392865005795
-0.042648460131033
-0.048232835559650
-0.054023846080364
-0.059596997717672
-0.064544664142521
-0.068624410619474
-0.071750111810943
-0.073920020248119
-0.075179448243645
-0.075563913631930
-0.074981016045280
-0.073201666379374
-0.069967233897729
-0.065136780624567
-0.058833011156672
-0.051433753097960
-0.043380242537661
-0.034991550967209
-0.026453360776830
-0.017901336419466
-0.009463421172340
-0.001291472780769
0.006417600837495
0.013404759319550
0.019299558974527
0.023645154825171
0.026092706657137
0.026617960905011
0.025490071161586
0.023001066397062
0.019323847293628
0.014703817771880
0.009672789345522
0.004912734649418
0.000835969562383
-0.002649543855174
-0.005808732440530
-0.008563895235675
-0.010487694300197
-0.011249093116719
-0.010946324529084
-0.010009068900514
-0.008815738352108
-0.007481032212563
-0.006002035350464
-0.004431642673200
-0.002862513560206
-0.001413534415312
-0.000309997109768
0.000155506715034
-0.000201725892895
-0.001449127801587
-0.003607374571324
-0.006544487255364
-0.009980239935097
-0.013717039117371
-0.017660403138175
-0.021552451821727
-0.024890342081193
-0.027211694727094
-0.028409483822404
-0.028734217776728
-0.028428040766743
-0.027382580096578
-0.025287836707558
-0.022086475868628
-0.018182187511584
-0.014228664430740
-0.010821868876503
-0.008421974857476
-0.007383422780909
-0.007946624244597
-0.010263597249582
-0.014336321236752
-0.019915285624501
-0.026604778822033
-0.033947112725004
-0.041338958544563
-0.048061105337339
-0.053511664059502
-0.057488008357968
-0.060160151096189
-0.061629158248875
-0.061646284809874
-0.059849151946763
-0.056190044758062
-0.051083830273972
-0.045090328399889
-0.038477300734047
-0.031195716918300
-0.023248816596750
-0.014920529841391
-0.006682043430343
0.000960114170075
0.007577999312067
0.012912581299248
0.016893225734572
0.019553519261963
0.020962402392726
0.021351796360676
0.021206619473611
0.021051267281774
0.021284818725333
0.022307892526513
0.024487798581093
0.027775025139983
0.031595601774163
0.035261500780320
0.038340714000185
0.040723832084848
0.042506719679966
0.043788891627834
