0.000280788072162
0.000105276926407
-0.000144230549294
-0.000324839501111
-0.000357139169774
-0.000231801694214
0.000029672164338
0.000364543404771
0.000649107684913
0.000707431641076
0.000464234036390
0.000074355434693
-0.000282352614660
-0.000564470090738
-0.000733371095150
-0.000712505479032
-0.000489261006965
-0.000109665871959
0.000374399950620
0.000856611419764
0.001128399671860
0.001020932842210
0.000627342439517
0.000251710800700
0.000070284857810
-0.000000988839907
-0.000090992434113
-0.000210905854582
-0.000270685645956
-0.000186891808866
0.000015936197582
0.000255490118502
0.000427553191754
0.000358169028937
-0.000022433133092
-0.000486010636766
-0.000753292593374
-0.000780358844638
-0.000634228210690
-0.000377509727644
-0.000137535470085
0.000003299029796
0.000150928976007
0.000424083097459
0.000748514731104
0.000972052511850
0.001007783750805
0.000797094858556
0.000373071541082
-0.000082361092456
-0.000374594973269
-0.000361417338923
-0.000032543758024
0.000395348676957
0.000670958713402
0.000701337748416
0.000517757233378
0.000226641375081
-0.000043944753039
-0.000242291901574
-0.000371325322225
-0.000362547256113
-0.000133035213803
0.000243964146442
0.000589172481101
0.000773485272242
0.000756790530080
0.000612723745204
0.000469231719748
0.000288472445939
-0.000074358796256
-0.000502215236665
-0.000669133455650
-0.000489863005569
-0.000187283076895
-0.000012130215637
-0.000087284884481
-0.000356242779401
-0.000570118870656
-0.000460309360370
-0.000023376240262
0.000468800324692
0.000699289535515
0.000472336489205
-0.000080953802291
-0.000499753502589
-0.000480404067741
-0.000177196057232
0.000099375258743
0.000215907336229
0.000207059674181
0.000165997402099
0.000186145861102
0.000241858384154
0.000158925389371
-0.000156078773326
-0.000603842376955
-0.001048540373990
-0.001323788846978
-0.001190514564785
-0.000583522947424
0.000239506961413
0.000895128721321
0.001104986399628
0.000827616238291
0.000267800084308
-0.000264588488993
-0.000526760354583
-0.000445634204198
-0.000114205134831
0.000251574128142
0.000401952611771
0.000248175420192
-0.000085670276982
-0.000435174904191
-0.000677318955447
-0.000661001871463
-0.000272407128604
0.000355835121428
0.000893747413962
0.001100412220087
0.000906242406761
0.000369705735337
-0.000274496539219
-0.000741388075735
-0.000921097213891
-0.000825923123777
-0.000527165718808
-0.000202464548059
0.000003721458958
0.000050868767578
-0.000098891437454
-0.000419412024206
-0.000755620334392
-0.000959094656760
-0.000973987930619
-0.000769895908788
-0.000359342519213
0.000128363121944
0.000599039987352
0.001030010930762
0.001186069645785
0.000773569625310
-0.000099349915436
-0.001059339730774
-0.001798690719044
-0.002083831335335
-0.001825784041265
-0.001186365949721
-0.000418024957094
0.000319585408261
0.000879403182939
0.001075683101630
0.000915838415216
0.000670243076273
0.000568390592530
0.000614643869357
0.000678272459682
0.000613649377029
0.000406050632807
0.000213986438339
0.000107276852723
-0.000080140144363
-0.000442429721249
-0.000794830578001
-0.000906907222469
-0.000724658856246
-0.000402055343501
-0.000205975769650
-0.000209779426489
-0.000167500612359
0.000080665567539
0.000345804879462
0.000437403429204
0.000371018641173
0.000184088715273
-0.000059015269314
-0.000242329255915
-0.000372331746832
-0.000532417384726
-0.000685274792836
-0.000759511562728
-0.000803715189980
-0.000822745959179
-0.000718869644358
-0.000542803371293
-0.000468436580637
-0.000559573371997
-0.000722442318811
-0.000752053090978
-0.000541996297890
-0.000232834603305
0.000048738930686
0.000350436773414
0.000678738261050
0.000912805865584
0.000947447451023
0.000740476979883
0.000298432447884
-0.000265105425873
-0.000775313057255
-0.001164570303056
-0.001448044576554
-0.001526500118033
-0.001219452158212
-0.000512039682293
0.000369671196879
0.001103303592756
0.001446209177228
0.001320411189419
0.000817479473987
0.000200390120927
-0.000233925232017
-0.000356366806487
-0.000150557610789
0.000325612095760
0.000764917899370
0.000728340887949
0.000099072958154
-0.000755505016552
-0.001314068199580
-0.001270575772409
-0.000683013796114
0.000071961238961
0.000636162312849
0.000959383127704
0.001141003886885
0.001175079984334
0.000938406251069
0.000336757386245
-0.000528052664820
-0.001335679194936
-0.001760098233616
-0.001666055931032
-0.001089751191607
-0.000209100356784
0.000658007753510
0.001196660278779
0.001294004903420
0.001071362345077
0.000724368901059
0.000403240495930
0.000185227899483
0.000054144091029
-0.000031274839929
-0.000100994782004
-0.000222707285224
-0.000426596289498
-0.000636438688387
-0.000744607614097
-0.000690582934501
-0.000478538585240
-0.000138271573741
0.000284926548630
0.000698727142796
0.000949241293026
0.000830262989768
0.000280453434881
-0.000399435494738
-0.000809482850879
-0.000868303189508
-0.000727440901512
-0.000473734230520
-0.000122499744694
0.000242825270865
0.000474232562921
0.000499032204710
0.000382855308188
0.000229664336506
0.000045711084462
-0.000246363489372
-0.000608546310223
-0.000839292549527
-0.000793450677667
-0.000484309214846
-0.000033994502272
0.000337127736426
0.000444502877925
0.000334706158743
0.000220941324198
0.000270259338423
0.000521512218498
0.000870371544956
0.001094901782228
0.001051385230636
0.000772477654678
0.000339967380723
-0.000081075357520
-0.000231996897603
-0.000037826881625
0.000323634864841
0.000648480115656
0.000838066951355
0.000870043771088
0.000720615776420
0.000379418535118
-0.000097076339211
-0.000598958790672
-0.000938517671350
-0.000895071222130
-0.000406436715814
0.000358966223987
0.001103663925283
0.001533519280985
0.001491567076382
0.001034287384626
0.000403120035408
-0.000093108839269
-0.000295109018303
-0.000327091245076
-0.000377234958154
-0.000412835510544
-0.000285188041081
0.000000952701040
0.000268340302332
0.000369381479114
0.000310379102459
0.000163131176065
-0.000017886311248
-0.000153650573532
-0.000181218211997
-0.000172223741569
-0.000217753268091
-0.000252261596307
-0.000270240795826
-0.000467175450162
-0.000847722435353
-0.001054889903998
-0.000752794820272
0.000074139319789
0.001122072121994
0.001912024772430
0.002084095962614
0.001659053402755
0.000884278296668
-0.000037037042305
-0.000858751891163
-0.001311564549977
-0.001314176085740
-0.000882778238115
-0.000109032299207
0.000628788092727
0.000896289950361
0.000698659248341
0.000355544527708
0.000074047379075
-0.000030230525584
0.000087662638758
0.000268757027253
0.000368340964523
0.000406705328911
0.000342075395731
0.000089422163693
-0.000220783028038
-0.000384303782666
-0.000391618782752
-0.000276662751251
-0.000014779760302
0.000281055277329
0.000433064132480
0.000468005680657
0.000524544606133
0.000609716968735
0.000640836603623
0.000545548567533
0.000254396060497
-0.000200612560712
-0.000608823718473
-0.000717052178134
-0.000445778409106
0.000015727261966
0.000398790357478
0.000590096802468
0.000582999752022
0.000408902312966
0.000190344770022
0.000063778383456
0.000068780089299
0.000160753448790
0.000232788797403
0.000188875877621
0.000072782157290
0.000030877657897
0.000139238479255
0.000336333015804
0.000479616595923
0.000398504230247
0.000000666587311
-0.000551580791780
-0.000924054723622
-0.000965536531479
-0.000810968065460
-0.000632511547243
-0.000440228554656
-0.000150038400708
0.000213245911500
0.000502469631640
0.000592778771049
0.000411961369255
0.000000391893905
-0.000395866697205
-0.000498601333673
-0.000258877409187
0.000153851884293
0.000542558307536
0.000766506116559
0.000717727880140
0.000375039513690
-0.000104662826717
-0.000436801668037
-0.000440082789189
-0.000230070433822
-0.000087880870232
-0.000140141423629
-0.000213475489381
-0.000055237336631
0.000269581621410
0.000403860925548
0.000127919159010
-0.000437076584426
-0.000931853323702
-0.000986164040681
-0.000534685951170
0.000093936799728
0.000542277407793
0.000735385169783
0.000747529542235
0.000595718613453
0.000227571120660
-0.000332344063027
-0.000871673812385
-0.001173656117467
-0.001201372724332
-0.000979564127937
-0.000499316547364
0.000156948407608
0.000754021114974
0.001095185296459
0.001151371161408
0.000938042366989
0.000505856005515
0.000059143057051
-0.000161833175156
-0.000118275006591
0.000044777084552
0.000227864435936
0.000407500942080
0.000521107628899
0.000545148139747
0.000527382270051
0.000466319665538
0.000315813855060
0.000069783427839
-0.000150916408324
-0.000101448975184
0.000342786177693
0.000951064441917
0.001264867313159
0.000992103113600
0.000232217615867
-0.000620814155514
-0.001130793274702
-0.001125306040757
-0.000803965073135
-0.000447323040830
-0.000104102064603
0.000298512564953
0.000709742310324
0.001029834761686
0.001194921710402
0.001088605421719
0.000694559463614
0.000218337103870
-0.000210874183293
-0.000615105846499
-0.000858963670626
-0.000790742204332
-0.000601686322272
-0.000495512362921
-0.000327946716734
0.000006510990535
0.000319431635841
0.000452632343648
0.000447437241116
0.000397037368695
0.000375145517402
0.000404184801785
0.000359100895911
0.000080971244845
-0.000345038698805
-0.000597828074057
-0.000461832727354
-0.000104038035367
0.000098445297972
0.000028942387333
-0.000033531982172
0.000182048373603
0.000541173052701
0.000687420097977
0.000519125413053
0.000231987170169
0.000021808501932
-0.000023051926011
0.000129847200355
0.000430202541366
0.000733202984197
0.000903417494436
0.000836272639538
0.000447579365220
-0.000159194641975
-0.000707951747426
-0.001036705462294
-0.001093123613907
-0.000744330397659
0.000022229059340
0.000849954231264
0.001381492361840
0.001640520791086
0.001718523987889
0.001498216955304
0.000862802303991
-0.000129593143645
-0.001193039284176
-0.001832427153205
-0.001706727610852
-0.001003197833608
-0.000171364971827
0.000506164903665
0.000830393907524
0.000666043231846
0.000218970255618
-0.000108547667107
-0.000134687394448
0.000093042238777
0.000466898135776
0.000787574134281
0.000842730279745
0.000621950095557
0.000214098206847
-0.000362325133491
-0.001004567317478
-0.001466429556456
-0.001557852002568
-0.001226217102909
-0.000527403293260
0.000341255549557
0.001078582011551
0.001422358749910
0.001253630904993
0.000634253263071
-0.000236028705533
-0.001046803637864
-0.001405613605470
-0.001139767190830
-0.000529389200593
0.000028340685778
0.000450104730195
0.000840561891968
0.001107895127539
0.001044743461773
0.000662116760672
0.000134988675718
-0.000340945270827
-0.000528055594287
-0.000321259169884
0.000129444432999
0.000642883683222
0.001076962144141
0.001177172540807
0.000734205932436
-0.000129206918451
-0.000994346034309
-0.001371506981146
-0.001038984267620
-0.000310849676330
0.000266817235951
0.000469634745986
0.000456892009768
0.000435200047697
0.000437227648340
0.000350528554294
0.000037896445007
-0.000492274127164
-0.000966503380108
-0.001050759097750
-0.000703731731627
-0.000168486133405
0.000332679598764
0.000695402523770
0.000844972909039
0.000777570869792
0.000576841877362
0.000303484290215
-0.000047296167259
-0.000504379639676
-0.001042592748772
-0.001508616166312
-0.001635137289598
-0.001220040287676
-0.000385504721608
0.000466381666592
0.000999342000766
0.001127704487217
0.000950897884390
0.000593469372946
0.000111344083261
-0.000430142363047
-0.000876415603010
-0.001050709995470
-0.000932182515622
-0.000688079395376
-0.000445879301725
-0.000196618224755
0.000066167948466
0.000262098344933
0.000258497475732
-0.000042459391438
-0.000567659684761
-0.000995546800749
-0.000998683082317
-0.000560467629641
0.000110445192088
0.000768346470032
0.001141176915303
0.001065775914823
0.000654780839157
0.000142414568155
-0.000296564925004
-0.000485435981037
-0.000361912053434
-0.000150735757894
-0.000019017886333
0.000213060028381
0.000673357299758
0.001092423894627
0.001105387093415
0.000623178839049
-0.000160133689717
-0.000875684460818
-0.001150285815519
-0.000877454959047
-0.000296971094827
0.000253989550222
0.000610192913586
0.000766564226805
0.000720219961141
0.000385285061140
-0.000301654100525
-0.001094775505611
-0.001476331379943
-0.001167153597383
-0.000372045364509
0.000494773916874
0.001074611487539
0.001144695602338
0.000703161066015
-0.000051559213292
-0.000863368431087
-0.001409018651618
-0.001377699338198
-0.000800070554326
0.000005211929537
0.000813637959983
0.001460068349765
0.001648338691569
0.001210119243291
0.000380319784875
-0.000433636332471
-0.000919708777622
-0.000887268867323
-0.000423996270955
0.000088523306499
0.000334853324546
0.000275975024317
0.000102265089781
0.000038798568688
0.000069058486663
-0.000013815471211
-0.000264813880563
-0.000456568747863
-0.000302912949979
0.000245045518889
0.000903021533527
0.001201652835972
0.000835915474433
-0.000032268563361
-0.000889411388641
-0.001329052563877
-0.001324281997623
-0.001037363854349
-0.000556971470246
0.000061211246120
0.000715449822811
0.001336341570086
0.001835674105344
0.001979650857999
0.001576632097070
0.000749094477005
-0.000151406462516
-0.000810924594951
-0.001120542484730
-0.001171325481511
-0.001062590339090
-0.000755918050980
-0.000215986647883
0.000409397042139
0.000901375248687
0.001112231035993
0.000956055968478
0.000532844496855
0.000157831336308
0.000015928724774
0.000030437944294
0.000163091936392
0.000499096146458
0.000991756162907
0.001362257350663
0.001293470014854
0.000686109568353
-0.000166819110160
-0.000707196373213
-0.000641529037490
-0.000187699411662
0.000321866401434
0.000717925700114
0.000883447047222
0.000780649807760
0.000579734447444
0.000483801069947
0.000528944254264
0.000669860847587
0.000802603893042
0.000788060855324
0.000658920642670
0.000567647075697
0.000515791337283
0.000336055785616
-0.000097760895303
-0.000700872651798
-0.001114587220905
-0.000871478580926
0.000060360469415
0.001091433806625
0.001691984201537
0.001841053580220
0.001719872941925
0.001457371735250
0.001105611317200
0.000583596637891
-0.000168140372485
-0.000895730669485
-0.001218992420744
-0.001116775105872
-0.000864352445413
-0.000597293578205
-0.000297384012534
-0.000054027027687
-0.000031619989040
-0.000249831366910
-0.000538187000787
-0.000635435074800
-0.000337985598666
0.000283335442687
0.000839630645477
0.000933151714287
0.000480277833658
-0.000285211528117
-0.001009222520564
-0.001423607954501
-0.001456099392138
-0.001167386029293
-0.000720055457786
-0.000378074443048
-0.000283135557049
-0.000301481313270
-0.000184326683101
0.000190073821206
0.000713234905364
0.001163866670085
0.001348470159986
0.001202226951487
0.000850843727470
0.000402643946916
-0.000196045773979
-0.000922476739914
-0.001549899728469
-0.001832282935069
-0.001647076001163
-0.001019255831155
-0.000168895160658
0.000518689674265
0.000723503160749
0.000388406414939
-0.000260907156580
-0.000802053262429
-0.000912261261819
-0.000643520445253
-0.000227080681418
0.000234658631352
0.000672643719507
0.000942234204007
0.000960827172459
0.000661341901198
-0.000055983754116
-0.001031400371569
-0.001800240338162
-0.001997427924653
-0.001555116539890
-0.000602442421061
0.000524051186221
0.001366274805192
0.001703183290904
0.001638137940627
0.001314026910873
0.000816320685335
0.000330111368807
0.000138100190048
0.000425722495113
0.001160439361130
0.002029601752230
0.002500396741990
0.002263691034399
0.001592788061260
0.000977398693648
0.000617583408048
0.000498944937841
0.000617571158225
0.000933497628034
0.001354567471004
0.001802124667803
0.002124495724101
0.002122363344610
0.001764636771258
0.001132762019836
0.000240785787176
-0.000835740840620
-0.001854727693776
-0.002623622351640
-0.003101797856967
-0.003328140761645
-0.003527147347741
-0.003988181704999
-0.004735760338048
-0.005705177187071
-0.006953988008936
-0.008408948013126
-0.009755433298569
-0.010639964366141
-0.010804634862527
-0.010171807794198
-0.009021715302508
-0.007936797261695
-0.007348875692833
-0.007268339905842
-0.007496957148676
-0.007834975580707
-0.008025845950342
-0.007800921599952
-0.007089971654345
-0.006025641086970
-0.004748358789538
-0.003290607397571
-0.001695942235904
-0.000287493079751
0.000446658626787
0.000436172143430
0.000207289117252
0.000375851896720
0.001217044877337
0.002666262183469
0.004392520840612
0.005912361225998
0.006951979735535
0.007590653426722
0.007937205147303
0.008016600907838
0.007962772728369
0.007932561830152
0.007903041318270
0.007808689499916
0.007717691030081
0.007694447768180
0.007637900897120
0.007274796760233
0.006247182616914
0.004422760108570
0.002121433426246
-0.000176405771501
-0.002213097079701
-0.003969555734593
-0.005501417076313
-0.006797734375398
-0.007728176091678
-0.008152714711576
-0.008047790123333
-0.007478265659300
-0.006606406376677
-0.005688634312773
-0.004800269711716
-0.003729005464923
-0.002295393725333
-0.000510006637065
0.001610490134260
0.004047470108068
0.006531132157562
0.008645316197052
0.010270757689654
0.011629058682578
0.012980667608391
0.014500626437007
0.016221587943513
0.017932394734671
0.019315406208413
0.020238833752038
0.020725079343232
0.020679449253316
0.019908611741233
0.018328613502645
0.015985589615874
0.012998107187770
0.009556743899341
0.005894768146270
0.002250754164352
-0.001137467803571
-0.004149170747876
-0.006919207494499
-0.009670699259720
-0.012475337602847
-0.015342105402026
-0.018265533007808
-0.020977487754354
-0.023011713216543
-0.024178931984546
-0.024660014954187
-0.024735707793906
-0.024721644622292
-0.024891059916704
-0.025271933272962
-0.025678913414487
-0.025903301244907
-0.025799529674175
-0.025335707675976
-0.024593076971020
-0.023538907869431
-0.021947377665789
-0.019672205512584
-0.016642202875403
-0.012649185981417
-0.007482241678372
-0.001114984536021
0.006268987199204
0.014201317911933
0.021967983993120
0.028929650441723
0.034791201211101
0.039518393682481
0.043085996731498
0.045427373194748
0.046640583806745
0.047051698731391
0.046964488654223
0.046485130219457
0.045633875460964
0.044541878395873
0.043418700773470
0.042277915974731
0.040845011766749
0.038776692983185
0.035839974514925
0.031874100791022
0.026717944379540
0.020227213521495
0.012291330511999
0.002916861382837
-0.007576785863237
-0.018554252302430
-0.029300879450212
-0.039169336449122
-0.047611396058233
-0.054266669915445
-0.059056197922999
-0.062172883278368
-0.064014524425771
-0.065071324358969
-0.065718397525256
-0.066138097870143
-0.066494093911236
-0.067015126682100
-0.067850276199167
-0.068902859351418
-0.069770612849282
-0.069811618290117
-0.068304816827470
-0.064623251178061
-0.058277057037238
-0.048938766561924
-0.036668087067314
-0.022004275789556
-0.005720073479381
0.011317653095737
0.028038297192153
0.043215950146104
0.055817567378223
0.065275333660189
0.071519583026435
0.074905632996106
0.075985137971266
0.075356409080501
0.073739764346101
0.071858129091479
0.070196878022873
0.068945304484606
0.067941734602999
0.066690062399264
0.064662547833224
0.061548199597847
0.057095192210605
0.050927499072119
0.042730700857699
0.032505592458631
0.020609772828205
0.007713429617627
-0.005297181255306
-0.017522645162982
-0.028195917798584
-0.036715216840219
-0.042754433443969
-0.046331504244764
-0.047648085448079
-0.047032247469811
-0.045091450181225
-0.042588021631657
-0.040122483134570
-0.038121681787752
-0.036827720655946
-0.036155571881270
-0.035970915533369
-0.036458842829110
-0.037858745941551
-0.040013977300046
-0.042418595913349
-0.044426014136906
-0.045258282776346
-0.044189840730439
-0.040842000775038
-0.035137719387263
-0.027232430075147
-0.017623714011212
-0.006993712593670
0.004115040166615
0.015279072975695
0.026008738545980
0.035828820940456
0.044413908707622
0.051666112101836
0.057866617850175
0.063423438087483
0.068333487905101
0.072221644186385
0.074747154835881
0.075762572947492
0.075250184628288
0.073226137637916
0.069733532054992
0.064890491120234
0.058919843162743
0.052066182873508
0.044426533168295
0.035969739356485
0.026696862243794
0.016642103795135
0.005763509852558
-0.005927182466836
-0.018100421178762
-0.030230590061766
-0.041861901461831
-0.052585486910726
-0.061983193876048
-0.069622053509232
-0.074998374083654
-0.077586886635638
-0.077096971017893
-0.073653916900538
-0.067653300815354
-0.059674886619677
-0.050518938959322
-0.041071967619612
-0.032329083905754
-0.025397254461222
-0.020950412342470
-0.018805971944464
-0.018276829668306
-0.018587675854964
-0.018845222523958
-0.018210163977282
-0.016256762213539
-0.012760794376287
-0.007382334111546
0.000027771662663
0.009102779398716
0.019207193515502
0.029763693178887
0.040252509384712
0.050157068948052
0.058833970619167
0.065311447946328
0.068529095803186
0.067796256711532
0.062963509933376
0.054571131015892
0.043944452273462
0.032811158505436
0.022729990985733
0.014821348881914
0.009629853856602
0.007027627891919
0.006467959090244
0.007359283856176
0.009094313206803
0.010993948080548
0.012353260116519
0.012269596804963
0.009510771345513
0.002857144546118
-0.008427232046860
-0.024317869985254
-0.043847784227012
-0.065226472573749
-0.086351630559439
-0.105062022632653
-0.119051508796472
-0.126215851170134
-0.125315896080636
-0.116220384621067
-0.099788077935188
-0.077716857353599
-0.052240535705545
-0.025762094516330
-0.000681553379173
0.020769170696320
0.036816736878435
0.046466978736185
0.049679892739263
0.047119428552930
0.039741075440888
0.028745089051507
0.015864878564476
0.003503696890512
-0.005739760807914
-0.009840601045252
-0.007725164584894
0.000750887505972
0.014882539772579
0.033103826862155
0.053076502187929
0.072069970179032
0.087468641830196
0.097373632585963
0.101100990563776
0.099037696650970
0.092103256301847
0.081530165311342
0.068777809062058
0.055167334474215
0.041751364980725
0.029553379765146
0.019467136648356
0.012065752455092
0.007620925829317
0.005738826928936
0.005081099127476
0.003882605644222
0.000532932193834
-0.006229712070040
-0.017019265826166
-0.031481385426504
-0.048439697752063
-0.066271630910383
-0.083094024917372
-0.096911958368891
-0.105869784564808
-0.108531576913936
-0.104249971396474
-0.093410363610887
-0.077200405761873
-0.057201592309059
-0.035251807953935
-0.013336691900021
0.006709230879854
0.023380878790295
0.035608189084105
0.042976249054753
0.045712268493726
0.044464563076998
0.040333205229297
0.034883037461698
0.029748424584215
0.026300943558978
0.025599823233183
0.028163665725884
0.033665570228915
0.041061262924183
0.048985568797275
0.055968311690466
0.060591583979074
0.061840274144961
0.059439759495729
0.053919407095540
0.046335724609017
0.037759900015087
0.028923273843885
0.020246334599060
0.012035259635248
0.004602994967060
-0.001750347003789
-0.006827398566355
-0.010715812353015
-0.013930546890429
-0.017118380329664
-0.020636374087494
-0.024604144451092
-0.029137763513047
-0.034349566883071
-0.040257213788303
-0.046808569082833
-0.053966676675043
-0.061678683137043
-0.069700862182313
-0.077421479401998
-0.083937042262698
-0.088288701353836
-0.089445479792122
-0.086282758151784
-0.077949527124672
-0.064232345278290
-0.045593964446995
-0.023186572216962
0.001098170712035
0.024970808847301
0.046302270031410
0.063252895559660
0.074200030025295
0.078002420169780
0.074361446526822
0.063909167762930
0.048121195531407
0.029127879174355
0.009315757821763
-0.009030576139380
-0.023817801885675
-0.033284790095506
-0.036218253044733
-0.031985198083684
-0.020643552675652
-0.003242676998463
0.018146602285391
0.040746472997873
0.061371440293990
0.076915573838424
0.085127863208367
0.084936838997199
0.076220676072173
0.059763019778281
0.037386084600206
0.011720810582575
-0.014171705860329
-0.037073857028612
-0.054248596868706
-0.064134476650873
-0.066357744400775
-0.061608123822658
-0.051662261979001
-0.038818175956209
-0.025141630485426
-0.012442888706094
-0.002372200142373
0.003975007759310
0.006175873969016
0.004193691853817
-0.001470101781222
-0.009454681622525
-0.017820461007969
-0.024660617655666
-0.028468393509383
-0.028251705666327
-0.023619323415229
-0.014879444203781
-0.003195944243347
0.009469719738799
0.021045250393372
0.029998629180022
0.035377499430114
0.036863488204561
0.034884608276782
0.030270848532802
0.023883607372720
0.016733245557547
0.010082030996250
0.005095315980397
0.002659242810220
0.003566317817834
0.008185821863723
0.015762289286469
0.024531684284460
0.032529544187827
0.038070399861404
0.039889909755908
0.037362139851816
0.030569861020055
0.020124055337723
0.006984395698115
-0.007733757253536
-0.022868571866212
-0.037046779696365
-0.048702653218435
-0.056636728526275
-0.060465407749414
-0.060453407853249
-0.057145907780951
-0.051071294523774
-0.042505522904675
-0.031668214841667
-0.019268254212624
-0.006597213247067
0.004922211671112
0.014054289050311
0.019860630996239
0.021965771731019
0.020713642571184
0.016891396443379
0.011383943449869
0.005011196947953
-0.001525033599197
-0.007502537732150
-0.011959215602261
-0.013748229189383
-0.011921552985519
-0.006078281472522
0.003481483154706
0.015634754999286
0.028543864765524
0.040086992775792
0.048280333619065
0.051646553389727
0.049505734927804
0.042067596699499
0.030490706914524
0.016925524190565
0.004151200241985
-0.005292418315358
-0.009861746711579
-0.009174484880820
-0.003771920346296
0.005206579886683
0.016352089682283
0.028260357713147
0.039520823387696
0.048600276914950
0.054015134969669
0.054451555658965
0.048756905231596
0.036347318861500
0.017696070428389
-0.005766875790783
-0.031936760315703
-0.058069646248859
-0.081112827239183
-0.098388529710608
-0.107937066309360
-0.108589072582636
-0.100155199989701
-0.083607543580110
-0.061106410518605
-0.035746556604332
-0.010876498759702
0.010724624665498
0.027095876983526
0.036788963455703
0.038927505852158
0.033506369490391
0.021253680236505
0.003574370906439
-0.017209722972402
-0.038024475449419
-0.055677632990273
-0.067605430739212
-0.072481818505098
-0.070302672657593
-0.062020718881698
-0.049160065281515
-0.033318191482721
-0.015707891685751
0.002704284878614
0.020908105153810
0.038034771971111
0.053491554397961
0.066695231448064
0.076897692561522
0.083288256617936
0.085125294209335
0.081920277624363
0.073839566250863
0.062006240082154
0.048270181652391
0.034696788159238
0.023175145811971
0.015109766146512
0.011180983105215
0.011335268692174
0.014819451117549
0.020025067961514
0.024718421445715
0.026895366832503
0.025280100868629
0.019218021577183
0.008773425899859
-0.004993588902804
-0.020167083439518
-0.034432525776898
-0.045574300404915
-0.052072094647957
-0.053389167630610
-0.049679416173786
-0.041689319434576
-0.030929798286000
-0.019338249405503
-0.008751450699686
-0.000770478365122
0.003403148086105
0.003323473813300
-0.000764117088703
-0.008275539717542
-0.018192264803223
-0.028907793670527
-0.038598623401770
-0.045566561477720
-0.048394301793035
-0.046404082395790
-0.039984988700276
-0.030203527461428
-0.018265260015069
-0.005319479245481
0.007751629643969
0.020481249356327
0.032522998912760
0.043336794635576
0.052274649753987
0.058752495559536
0.062265985686071
0.062405927650817
0.058965924702197
0.052162402747430
0.042859834167324
0.032430522131897
0.022272443002970
0.013566785864504
0.007376869578438
0.004436924335398
0.004604281122531
0.006867983601170
0.009867937449395
0.012188822096241
0.012720997976295
0.011162617951834
0.007873612513065
0.003335684372014
-0.001856398574622
-0.006857124896907
-0.011035303072561
-0.014368842634894
-0.017241722498207
-0.020265191770232
-0.024025594661339
-0.028515221167810
-0.033086173164728
-0.036996255390534
-0.039642338759226
-0.040544993602641
-0.039581954446579
-0.037044495930268
-0.033302065306605
-0.028734032255603
-0.023845823630539
-0.018960076386094
-0.013980259679945
-0.008793116916727
-0.003621233669913
0.001226650552928
0.005655248312137
0.009784465886809
0.013878129992917
0.018151177235729
0.022513384114914
0.026486683606211
0.029218695189558
0.029658469349740
0.026993576155761
0.021042100749876
0.012295834614428
0.001643996115542
-0.009890762883310
-0.021183208856496
-0.031006162346856
-0.038201179557918
-0.041880509609703
-0.041474846561226
-0.036723250962870
-0.027765331891284
-0.015246367222739
-0.000280972219311
0.015684279541571
0.030939225153879
0.043524335809691
0.051369136095928
0.052632691228604
0.046303170238388
0.032825114304106
0.014145502143573
-0.006967902739832
-0.027768938063494
-0.046004321313471
-0.059971348611549
-0.068371135340548
-0.070223775150029
-0.065034854674229
-0.053082476002395
-0.035549067747663
-0.014342750920050
0.008226920852011
0.029617434734751
0.047327944662814
0.059480109523883
0.065122299037819
0.064144534829729
0.057276421068127
0.046040191605602
0.032438330989129
0.018610862880520
0.006580821450960
-0.002015681843773
-0.006170171148757
-0.005624472092369
-0.000882849635394
0.007028675385152
0.016948772149209
0.027642926465997
0.037657402412914
0.045457594268455
0.049760523695305
0.049760694779970
0.045287132429837
0.036880019740002
0.025648297476658
0.013001239390893
0.000334687474276
-0.011302083354810
-0.021316509431977
-0.029390470724641
-0.035232542809268
-0.038525941778794
-0.039160435889392
-0.037423586385605
-0.033955621869345
-0.029700098449552
-0.025857663002713
-0.023700886631483
-0.024313734611019
-0.028229893705646
-0.035040228432761
-0.043413870994248
-0.051582484448897
-0.057759222674426
-0.060401685650877
-0.058528517590461
-0.051913738001815
-0.041077980133350
-0.027239395730312
-0.012092309170147
0.002751854440005
0.016184318942599
0.027553115295206
0.036686381057893
0.043934192722938
0.049675805356266
0.053842010066139
0.056057645579236
0.055915759731658
0.053065580480712
0.047534782236853
0.040091817798642
0.031924741775391
0.024041060719150
0.017101665769858
0.011416072055213
0.006972528567373
0.003729665008993
0.001824396631037
0.001397377019232
0.002446839788685
0.004896463118946
0.008376650347225
0.011877174883811
0.014134050211776
0.014359674071819
0.012296647635623
0.007993852209792
0.001825335268103
-0.005715594268144
-0.014244322711377
-0.023262838695014
-0.032120114099846
-0.040333422140363
-0.047488019449340
-0.052843869275497
-0.055449060396523
-0.054708649181810
-0.050800897674856
-0.044532853649098
-0.036701562349665
-0.027627439305182
-0.017344788846701
-0.006139275580997
0.005096215619470
0.014911189805110
0.021775399368806
0.024754845779058
0.023803876446660
0.019593909421805
0.013362937100349
0.006661748615148
0.000792217483019
-0.003511373876515
-0.005819303171854
-0.005701848462206
-0.002879466792422
0.002527617728481
0.010004024809648
0.018699701428570
0.027545869695128
0.035525768772913
0.041797715231663
0.045538274777035
0.045898666354722
0.042253570537413
0.034504280042271
0.023352953481200
0.010426664210676
-0.002013158210774
-0.011716667025355
-0.017165209013485
-0.018095450422721
-0.015520413939275
-0.011036034214587
-0.005949221166521
-0.001168624257956
0.002385541152584
0.003710466318577
0.002025822983094
-0.002887854723875
-0.010635271218805
-0.020434362852223
-0.031267532642475
-0.041873849033119
-0.050781757579210
-0.056652648136254
-0.058718441786865
-0.056669560915331
-0.050269086839980
-0.039499312004411
-0.024996661117777
-0.008073837785815
0.009465336792072
0.025495070472443
0.038129446949882
0.046296706104210
0.049671266926958
0.048427024410148
0.043179596189371
0.034767090067941
0.024048299559978
0.012185790703416
0.000848423697419
-0.008196106289097
-0.013427854000697
-0.013661995489333
-0.008348757451445
0.002190711203455
0.016870456205706
0.033985663997934
0.051279713060661
0.066156199753774
0.076182506939342
0.079644924207357
0.075851888241398
0.065134594417696
0.048682070267349
0.028451520248136
0.006944929387296
-0.013472587456132
-0.031181676352070
-0.045309733572972
-0.055447862308605
-0.061491248748719
-0.063491738244861
-0.061458455726648
-0.055441099808501
-0.045883814837271
-0.033901275479259
-0.021300558269490
-0.010257094084379
-0.002766237092938
-0.000104533861711
-0.002509860504164
-0.009214108216810
-0.018715064971029
-0.029172512989869
-0.038788349747221
-0.045976113025599
-0.049446707916581
-0.048409458715870
-0.042717804764216
-0.032743664930276
-0.019224143746391
-0.003328593562572
0.013407959812516
0.029370317731631
0.043010132940171
0.053055830534259
0.058879686481045
0.060586330762524
0.058756413779809
0.054177083189101
0.047737246257092
0.040285213681778
0.032434543328321
0.024692340178420
0.017791117531688
0.012678646212932
0.010091475415169
0.010186138844826
0.012503020924200
0.016055496810127
0.019510344301951
0.021565032594448
0.021283257801624
0.018194717700493
0.012239054891159
0.003660081031481
-0.007038935242196
-0.019092081051460
-0.031659843495008
-0.044088580084621
-0.055793197981043
-0.065994039327396
-0.073717265766581
-0.077860188479612
-0.077329760494082
-0.071461174140575
-0.060406378254211
-0.045193618086034
-0.027583935996435
-0.009733283851288
0.006301815544074
0.018829512144498
0.026679794783278
0.029533885057134
0.027883320061962
0.022580749690010
0.014710974375143
0.005599029287828
-0.003459767101111
-0.011281161599669
-0.016653348124747
-0.018569534492274
-0.016504021712329
-0.010301483084119
-0.000202575332427
0.012933213015708
0.027614913867729
0.041868981523639
0.053593652520382
0.061169051531337
0.063929433515107
0.062082726779428
0.056298346311237
0.047600924704008
0.037450673604801
0.027405293095900
0.018592863369311
0.011526553415127
0.006095472314112
0.001601126415277
-0.002844633217205
-0.007785547847699
-0.013380038501764
-0.019668744996413
-0.026550625334228
-0.033567312967891
-0.039922795205644
-0.044759116009192
-0.047397529111954
-0.047349319128228
-0.044263819034109
-0.038107261422939
-0.029400974447338
-0.019122060010580
-0.008505800965984
0.000974817036999
0.007891280657189
0.011368364407488
0.011215069343045
0.007825215660267
0.002104164383124
-0.004850006513299
-0.012063936864950
-0.018602983362215
-0.023546878570482
-0.026283973158786
-0.026601856005859
-0.024499085044019
-0.020036636403621
-0.013235166276470
-0.004071968119139
0.007317887829229
0.020336548753832
0.033756808628718
0.045971409301271
0.055512592661435
0.061369522864940
0.063093384297691
0.060908121545819
0.055577000936209
0.047929947081331
0.038593075723574
0.028133543020064
0.017309730228681
0.007196819743724
-0.000981858325440
-0.006216463743858
-0.007989124744382
-0.006488675827840
-0.002731764226268
0.001725687779142
0.005386511815886
0.007085150774473
0.006010168631296
0.001940618022568
-0.004765298542123
-0.013473272044872
-0.023187057011927
-0.032546431909821
-0.040340649645732
-0.045761991788512
-0.048252221899436
-0.047562557488097
-0.043989292448349
-0.038264165562653
-0.031212357564195
-0.023586937128723
-0.015893642189752
-0.008335443294483
-0.001137107133985
0.005369896553588
0.010966661174500
0.015468280722523
0.018594763663922
0.020102690143916
0.019893867482699
0.018078564875503
0.015116152974066
0.011797805761046
0.008950671725086
0.007123184827039
0.006465505573448
0.006804102772169
0.007828574170458
0.009261425904287
0.010817642841807
0.012060345006987
0.012530053312897
0.011923880538225
0.009979844522013
0.006557563247943
0.002098429406239
-0.002377074152283
-0.006018324481919
-0.008627689464242
-0.010400353259710
-0.011644264768385
-0.012670401010994
-0.013598405449654
-0.014353139427988
-0.014817119384448
-0.014865350721947
-0.014471327334067
-0.013788726864008
-0.012857845790861
-0.011299092997869
-0.008524186985575
-0.004220099198718
0.001371719370079
0.007463326172398
0.012960044462784
0.016858638138183
0.018584890734672
0.018074542236540
0.015699331097375
0.012157654218702
0.008227567502820
0.004515356486447
0.001378944205891
-0.001099927723022
-0.003081318815779
-0.004796838012149
-0.006344232246622
-0.007624892468407
-0.008508053477901
-0.008892053997273
-0.008523564533950
-0.006988303347541
-0.003953230562989
0.000588097788651
0.006154970373004
0.011841763397848
0.016650287424024
0.019771300859220
0.020575860751715
0.018658806501999
0.014143415162946
0.007685510129839
0.000062376352691
-0.008002887643449
-0.015738049519824
-0.022354608811434
-0.027172819068482
-0.029595471072459
-0.029062757891596
-0.025263988312380
-0.018450398716261
-0.009494388362987
0.000320050718228
0.009512864104837
0.016635794886303
0.020619602838531
0.020999908640543
0.017961024244266
0.012209181973469
0.004684188641999
-0.003536797708044
-0.011296542665282
-0.017710291916375
-0.022350739853421
-0.025003541992245
-0.025493731119683
-0.023811750740902
-0.020176530854232
-0.014932245934126
-0.008515843646896
-0.001464961112664
0.005583099410865
0.011864077713850
0.016584685927612
0.019154902276054
0.019370890245547
0.017445199737137
0.013909621807527
0.009500564232546
0.005032664452665
0.001210536840940
-0.001529456929878
-0.003002032892170
-0.003193899244690
-0.002343645716456
-0.000952760819834
0.000550606932992
0.002163489208082
0.004278808266955
0.007384584607663
0.011653726813344
0.016516735942787
0.020724376706773
0.023067044379867
0.022971788462334
0.020572543959515
0.016576857582271
0.012015479694873
0.007825844936524
0.004505108247618
0.002153861486151
0.000735549772122
0.000008105546087
-0.000652042392805
-0.001942754795455
-0.004176384587408
-0.007197048424692
-0.010526339512656
-0.013526782713394
-0.015609293267723
-0.016399427967272
-0.015745644802573
-0.013666128981893
-0.010285835917200
-0.005825271143546
-0.000830867049482
0.003682950040757
0.006682037583967
0.007782274840025
0.007341864093379
0.005938929418857
0.003990351195156
0.001782563162390
-0.000447939799896
-0.002515086659080
-0.004399958587216
-0.006296326569592
-0.008284752876336
-0.010052126217366
-0.011138295549302
-0.011326454224073
-0.010630163740844
-0.009063608324054
-0.006619164180327
-0.003343925141717
0.000651194741175
0.005142097653099
0.009780213995637
0.014183711529398
0.017855015232896
0.019931607631679
0.019415784097287
0.015980121635537
0.010364454281992
0.003957206601031
-0.001851049389987
-0.006149503411545
-0.008708662199619
-0.009804721437607
-0.009814423932561
-0.009008364001495
-0.007597833085975
-0.005740206536588
-0.003638424116597
-0.001687966053759
-0.000329412402544
0.000159302497808
-0.000338950864288
-0.001818100667555
-0.004170454756212
-0.007304100192599
-0.011057493131483
-0.014808483687831
-0.017479668284111
-0.018030031939537
-0.015833383737168
-0.010959895367701
-0.004305179036374
0.002791176602309
0.009086564248252
0.013633905654613
0.015825815517879
0.015468534602389
0.012726557251664
0.008030767507089
0.002051860599176
-0.004454194398389
-0.010860910038204
-0.016685219240859
-0.021518289917746
-0.025071714900237
-0.027081370212992
-0.026975619510117
-0.023895832080079
-0.017243947814052
-0.007139401355806
0.005485592375712
0.018974745322812
0.031230375350212
0.040265596125053
0.044807041441893
0.044542490592035
0.039926345682210
0.031815482070195
0.021226715923647
0.009330665574344
-0.002602397628345
-0.013470651875684
-0.022418455665903
-0.028679798189496
-0.031659154093857
-0.031179590384219
-0.027504224163674
-0.021211730345468
-0.013089193312847
-0.004073509342160
0.004711792053432
0.012107033338532
0.017301716013695
0.019971258923229
0.020157149005694
0.018119025001370
0.014175952935826
0.008794172947444
0.002804491547303
-0.002766128379904
-0.007094514025751
-0.009750003181790
-0.010726193338885
-0.010415737049474
-0.009307284382812
-0.007664582199595
-0.005661653595902
-0.003515770472193
-0.001341808206552
0.000759211440797
0.002423912071503
0.003016027067857
0.001930438517481
-0.000989919878323
-0.005151470014074
-0.009251083313027
-0.011835200296868
-0.012021855367852
-0.009694784561340
-0.005282430190438
0.000384989606204
0.006269995702652
0.011427379179097
0.015174818429619
0.017234212628669
0.017759008531984
0.017002150780325
0.015126266971028
0.012450025745371
0.009484872493995
0.006712596205866
0.004567351626105
0.003344617488003
0.002965847165632
0.003127362838341
0.003643049684686
0.004433007449968
0.005343012748874
0.006064986171712
0.006150979492643
0.005162812725594
0.002862032757154
-0.000641898825844
-0.004803679189344
-0.008691213347783
-0.011264527568941
-0.011922390410492
-0.010833273303979
-0.008639529311806
-0.006027876577483
-0.003602402759752
-0.001894146817719
-0.001378460204681
-0.002472020379415
-0.005371016840381
-0.009808633800738
-0.015052853131156
-0.020098636089750
-0.023859109695734
-0.025472811900095
-0.024597633075006
-0.021357965187467
-0.016087064663068
-0.009196712588225
-0.001131514257275
0.007695361457023
0.016765857755699
0.025217732670476
0.032007813596197
0.036350556615307
0.037887818717146
0.036600114066538
0.032749147471680
0.026831013081848
0.019488543482480
0.011556766960426
0.004050396208648
-0.002166307364953
-0.006573906209903
-0.008924035290763
-0.009364945652047
-0.008537779591631
-0.007178272733161
-0.005679796582848
-0.004089792735748
-0.002191348104417
0.000263576944812
0.002968786926356
0.005028124287278
0.005690323904313
0.004768949723918
0.002477079296168
-0.000749220274298
-0.004331671961403
-0.007736353107188
-0.010651017715569
-0.013027067558312
-0.015073226836032
-0.017113191169088
-0.019354727987527
-0.021855785243593
-0.024549377569003
-0.027077342930365
-0.028714737406176
-0.028681168334828
-0.026514648824748
-0.022191402618577
-0.016193616872637
-0.009421268711170
-0.002734332073942
0.003321098937362
0.008337513044180
0.012006016080802
0.014318519165701
0.015508671033327
0.015857030862804
0.015799271458194
0.015872167645452
0.016224695880805
0.016558333507960
0.016610858438252
0.016320279927153
0.015731400688258
0.015088539544580
0.014737332752426
0.014795402158469
0.015158763964519
0.015604993719687
0.015683369357956
0.014877637175162
0.012945330629553
0.009938313830353
0.006130014594386
0.001984412993154
-0.002056850440380
-0.005758258502317
-0.009065783412415
-0.012077298846430
-0.014887995248100
-0.017331657113839
-0.019136769017797
-0.020293874920754
-0.021016426068237
-0.021490238301850
-0.021780749096438
-0.021825663359633
-0.021458619435643
-0.020560058124727
-0.019205471427093
-0.017584307948594
-0.015842221319343
-0.013961655524127
-0.011684766982811
-0.008721540050533
-0.005058174654612
-0.000938081163056
0.003358996258118
0.007645591233671
0.011761461231812
0.015449319964856
0.018468087715914
0.020875377435691
0.022972879879926
0.024903195977951
0.026508462647400
0.027531636119076
0.027848623674005
0.027550702895375
0.026678683163531
0.025066045836053
0.022712448704672
0.019897035961356
0.016772977485330
0.013309967389479
0.009568372749560
0.005694192259955
0.001873948004629
-0.001509110000778
-0.003990368566585
-0.005431845241056
-0.006110237714363
-0.006401316475505
-0.006495499715230
-0.006431305091752
-0.006331874443627
-0.006490581047913
-0.007137311407056
-0.008125820954538
-0.009060074186908
-0.009738980481132
-0.010207919777336
-0.010512299648781
-0.010668157785427
-0.010764783096742
-0.010923467545931
-0.011154797745247
-0.011366109862886
-0.011478434201101
-0.011451067470667
-0.011277599224156
-0.010975103414516
-0.010494386705822
-0.009659937806613
-0.008289532528162
-0.006376446656039
-0.004123189118995
-0.001794854966373
0.000604204465445
0.003442561754572
0.006968588647675
0.010909994757973
0.014744400168819
0.018013402148950
0.020312541640438
0.021286774239933
0.020681744981836
0.018357687746639
0.014408111213128
0.009248933065127
0.003442774761757
-0.002366994301713
-0.007358415358160
-0.010821891062521
-0.012539946803557
-0.012682269924462
-0.011566394151517
-0.009590291313059
-0.007106868286455
-0.004320227264184
-0.001467608088865
0.001100358864009
0.003227617996112
0.005064588076358
0.006745474088406
0.008083407129227
0.008536513655318
0.007448160125713
0.004406424247607
-0.000542811653903
-0.006903413120355
-0.013759153959212
-0.019852234435008
-0.024048294294764
-0.025909485174960
-0.025696205395152
-0.023864439506270
-0.020670366253884
-0.016143866454088
-0.010279342528665
-0.003324654241083
0.004037379021444
0.010885303000327
0.016441308238094
0.020281569007974
0.022368437496323
0.022927820341781
0.022154287424648
0.020044040054311
0.016624438868209
0.012220262510870
0.007289954766241
0.002192507786829
-0.002657531374989
-0.006670346813345
-0.009329192815089
-0.010405779070962
-0.009893469584096
-0.007873825752531
-0.004521288445355
-0.000294419845055
0.003952952137332
0.007308591023292
0.009204067512314
0.009399626629729
0.007952470747833
0.005318703333671
0.002119165233493
-0.001189806836212
-0.004153059997564
-0.006108713077955
-0.006526451575917
-0.005343159282783
-0.002873435106690
0.000244913103915
0.003095915298280
0.004921569050908
0.005457006507011
0.004699173496558
0.002728034687582
-0.000170522538170
-0.003659834282187
-0.007559273353724
-0.011578725095470
-0.015067540906371
-0.017153933785488
-0.017001136156719
-0.014081755553916
-0.008404063764879
-0.000535634473193
0.008531465738259
0.017536671748539
0.025128091428349
0.030248721190796
0.032542552385418
0.032285325615850
0.030032491845609
0.026383702895076
0.021750145609410
0.016275633471230
0.010081143776214
0.003337949654739
-0.003820906884879
-0.011053892072941
-0.017646504573540
-0.022774524249970
-0.025713447728872
-0.025984499163194
-0.023647274854769
-0.019307293683110
-0.013711620596111
-0.007524632848972
-0.001406995268680
0.003990883798800
0.008076065302406
0.010329610470415
0.010468838312737
0.008593649029423
0.005030219431602
0.000086852164057
-0.005816111117194
-0.011923266505390
-0.017332290424859
-0.021213679172009
-0.022868192220024
-0.021932775529795
-0.018526638795542
-0.013160560970237
-0.006599639806141
0.000355896361909
0.007103019732590
0.013134064809662
0.017866092738724
0.020935936035973
0.022481714862154
0.022883585484935
0.022443000794369
0.021312143398953
0.019482790277714
0.016892712236726
0.013731203743575
0.010534818386009
0.007729954067973
0.005263988753645
0.002910532445447
0.000614848934301
-0.001595029289752
-0.003727253454538
-0.005765278569856
-0.007694646591426
-0.009658526942507
-0.011906564776960
-0.014603306294729
-0.017783377739241
-0.021259049785078
-0.024447312952712
-0.026517161604304
-0.026800585980023
-0.025043200045797
-0.021542600946705
-0.017142021908704
-0.012684118015551
-0.008460921563013
-0.004410950935062
-0.000480293019069
0.003343502502409
0.006913439574523
0.009747858834396
0.011246140706164
0.011144259938840
0.009646402745331
0.007281606872459
0.004845713561958
0.003201274693431
0.002873758922645
0.003925700613612
0.006100552242145
0.008877830802344
0.011511407076487
0.013183687585430
0.013245751137549
0.011472683849436
0.008107554058590
0.003678997008483
-0.001154715381305
-0.005698267589996
-0.009357527767722
-0.011797549043709
-0.012962625459834
-0.012944711788405
-0.011965262651196
-0.010420448974855
-0.008631614994875
-0.006549533466387
-0.003859105730910
-0.000296053888925
0.004111453215637
0.008917252510423
0.013326574897094
0.016458616156683
0.017621760011004
0.016528547491856
0.013437296656884
0.009022293800439
0.004023849695070
-0.000940595600438
-0.005374647604331
-0.008933113822121
-0.011505393438886
-0.013228581281194
-0.014360368617044
-0.015102298210474
-0.015457458368115
-0.015252753098369
-0.014445800007274
-0.013331741997516
-0.012301387880683
-0.011541712313451
-0.011029842374670
-0.010624072939421
-0.010089678531568
-0.009087701413963
-0.007155358509125
-0.003852950603657
0.000874560824060
0.006580399077516
0.012655145941767
0.018538504407932
0.023549127560990
0.026931369241872
0.028257931005951
0.027660595569130
0.025791108625616
0.023555401444261
0.021559577340955
0.019825086317734
0.018156894582465
0.016474765881232
0.014684750082928
0.012631454058410
0.010202089492468
0.007203956325368
0.003411998518679
-0.001121674686603
-0.006067903702879
-0.010924935802625
-0.015048980409963
-0.017931092550220
-0.019439322336921
-0.019669778471091
-0.018706114713195
-0.016656407567910
-0.013695235983649
-0.009920237956617
-0.005526710693665
-0.001200032875608
0.002039173542538
0.003481289332681
0.003085842924515
0.001291039517689
-0.001335841333024
-0.004327756383030
-0.007293913683705
-0.009754276071283
-0.011226987278196
-0.011396315509519
-0.009980808769566
-0.006684913274981
-0.001558499231465
0.004801820683015
0.011600591117503
0.018142430188127
0.023712271077821
0.027615825608164
0.029529591740364
0.029492015191312
0.027572391717619
0.023829818693561
0.018433606649629
0.011702004970805
0.004161815425499
-0.003541318618745
-0.010746953655759
-0.016666469546128
-0.020604687257157
-0.022446138206303
-0.022543435586048
-0.021324578814303
-0.019297742046199
-0.017045453684013
-0.014966746426221
-0.013235835837549
-0.011967369180481
-0.011145240955961
-0.010517244326239
-0.009795229024494
-0.008815083035022
-0.007514304545954
-0.006019798949147
-0.004704858006194
-0.003895141745896
-0.003528742937323
-0.003266718662720
-0.002790267792192
-0.001887974965017
-0.000498894039292
0.001255286654880
0.003168267009473
0.005024406919153
0.006548342352617
0.007393381950411
0.007288884686873
0.006176398987762
0.004223677553035
0.001763338944507
-0.000870103028261
-0.003462066565711
-0.005871090151370
-0.007959259263159
-0.009531474618414
-0.010283134386048
-0.009940694903579
-0.008514757475281
-0.006221556442544
-0.003208708508925
0.000300641966640
0.003877978656017
0.007317090897920
0.010768625893824
0.014267226044285
0.017584907168516
0.020505351033671
0.022769540461673
0.023866789256843
0.023360504714887
0.021252519704797
0.017809794627218
0.013434192446921
0.008710924290667
0.004179503467000
0.000119644349801
-0.003183298528561
-0.005224361614015
-0.005714642746453
-0.004950101053617
-0.003591193054989
-0.002458356370741
-0.002367567535569
-0.003705065842750
-0.006203646428193
-0.009261663369624
-0.012384895278936
-0.015271795544675
-0.017733531047070
-0.019666154680841
-0.020950613559156
-0.021452967096321
-0.021163607733118
-0.020198975460244
-0.018683445709745
-0.016634813527368
-0.013928744936970
-0.010435847839537
-0.006200519135535
-0.001522728850926
0.003038904348547
0.006897576671693
0.009854906795338
0.012231320646461
0.014599984917954
0.017439343166601
0.020837634732689
0.024326146563042
0.027067216476611
0.028371892284608
0.028094307275289
0.026560398768963
0.024223193649584
0.021406141525655
0.018258253294064
0.014845496962743
0.011234282953954
0.007465716088131
0.003421758369353
-0.001215246134065
-0.006709564637062
-0.012950794947349
-0.019378757341959
-0.025122088198259
-0.029253421840693
-0.031153829637340
-0.030856796342160
-0.029002887653814
-0.026336067218171
-0.023322563938309
-0.020123193672548
-0.016608963899508
-0.012485713025256
-0.007573424876784
-0.001897249899870
0.004367663276038
0.010807163004755
0.016686976285877
0.021078532286352
0.023161914920927
0.022634300954238
0.019870781089986
0.015660731789260
0.010955286263068
0.006772511613019
0.003927215173499
0.002665156764270
0.002691216619322
0.003523778496399
0.004599207980385
0.005306333911139
0.005354595723424
0.004938402194258
0.004481358386652
0.004470662073836
0.005255759980976
0.006625127684271
0.007851624081891
0.008328333633401
0.007865414184749
0.006597931783998
0.004967229547552
0.003375629932922
0.001776330418872
0.000003148111479
-0.001792031089632
-0.003390209578504
-0.004799228851741
-0.006047976532478
-0.007048705891878
-0.007694899735328
-0.007752402820678
-0.006903368717580
-0.005214184713530
-0.003237005868698
-0.001637568840998
-0.001010931376767
-0.001699354345299
-0.003451321865442
-0.005521940946057
-0.007211292081415
-0.008178092954884
-0.008432330553642
-0.008233408435260
-0.007867504108026
-0.007466225379836
-0.007087258747206
-0.006841536817616
-0.006789575733381
-0.006863540703604
-0.007090771832123
-0.007624197676081
-0.008388623601939
-0.009071699544076
-0.009563923732928
-0.010065759660923
-0.010736786388946
-0.011564636582113
-0.012475498433947
-0.013200160879806
-0.013140638312285
-0.011605386620293
-0.008196325602939
-0.003036145511767
0.003265684179866
0.009867220828094
0.016071938367873
0.021504908538010
0.025893974076336
0.028912218936864
0.030316193583516
0.030015059884481
0.028035926410308
0.024588274248131
0.020111647215694
0.015129650449556
0.009955059233023
0.004568028317820
-0.001113630257819
-0.006934046502992
-0.012490411678920
-0.017170069146220
-0.020241023947435
-0.021267572288495
-0.020458411432845
-0.018467308764895
-0.015967338413416
-0.013505401909650
-0.011463036394382
-0.009813281767265
-0.008115617503496
-0.005973159341618
-0.003344885241546
-0.000489163892963
0.002179773695664
0.004247841442761
0.005437698718714
0.005674213446694
0.005185247165546
0.004537987389158
0.004298997291504
0.004643390221067
0.005448195256735
0.006455283273905
0.007245863900149
0.007516386846139
0.007403156365858
0.007261813798309
0.007207669042566
0.007064006641228
0.006692622151153
0.006160046421817
0.005631130654936
0.005171397123460
0.004559740032020
0.003368648011995
0.001302616836280
-0.001520799055319
-0.004446621809340
-0.006433788649689
-0.006628910233725
-0.004860308365497
-0.001495067927235
0.002824346576365
0.007096092783305
0.010151782879218
0.011273319450780
0.010400681933805
0.007829924419836
0.004092087986017
0.000015069787479
-0.003554961578738
-0.006204734119845
-0.007991174305028
-0.009117341872650
-0.009637371232190
-0.009322874228126
-0.007757023985525
-0.004690698381566
-0.000400064028907
0.004362122161065
0.008659573840699
0.011588770212877
0.012461594161341
0.011035499953356
0.007098621630261
0.000435496536346
-0.006189412871160
-0.008591676622099
-0.009814189864471
-0.016229743584933
-0.024270652034889
-0.025505394624450
-0.020252211425517
-0.014258234195901
-0.009342620560143
-0.005335493501039
-0.003727854427738
-0.003713279350200
-0.002050582435379
0.000830041974273
0.002319169335933
0.003259057048413
0.005399606225601
0.006866210238517
0.004904682109668
0.000840947064714
-0.001777136546755
-0.002434695787561
-0.002558956884364
-0.001735390560733
0.001407230520208
0.006859074798042
0.012859395573666
0.017645498325049
0.021106524046045
0.023261004920518
0.023294550621381
0.021262838905241
0.018278087942809
0.015054731771916
0.010981977189309
0.004892040593558
-0.003274063544731
-0.012978699875677
-0.023651751147842
-0.033563120179671
-0.040348445884109
-0.042538830110118
-0.040264404951409
-0.034668679885343
-0.026307821709057
-0.015962234725066
-0.005905541675636
0.002362616219426
0.009524266415944
0.016283423498513
0.021619055142909
0.024126364021552
0.024063848248590
0.022201286985555
0.018056177828676
0.011399617714772
0.003573113590176
-0.003685164497694
-0.009439183608259
-0.013382888645997
-0.014764752037121
-0.012574654392224
-0.007137659359712
0.000044034670684
0.007816840851761
0.015396653204611
0.021490391472251
0.024674366690944
0.024683506979785
0.022275238221464
0.017893834039106
0.011720932557552
0.004525281003756
-0.002582870639628
-0.008779762434580
-0.013610881683382
-0.016505692262086
-0.016431488867056
-0.012786634355713
-0.006390768881493
0.001307168660774
0.009338600531542
0.016579508557920
0.021249946461827
0.022444278985500
0.020977317951354
0.017806775530281
0.013103193174648
0.007372630203796
0.001846172567957
-0.002897229926553
-0.007364546442027
-0.011699564904431
-0.014991600663853
-0.016452492182226
-0.016446679935953
-0.015703176782785
-0.014215466901783
-0.012146002987044
-0.010832464594619
-0.011436350641448
-0.013599515670369
-0.016170035903745
-0.018234490906386
-0.019048627559879
-0.017813559564528
-0.014320835385016
-0.009398640659022
-0.004082327824917
0.001094021800589
0.005792315316215
0.009667450599078
0.012652285404110
0.015128779152542
0.017534266101069
0.019707864438614
0.021115081008800
0.021532834995967
0.020848183334939
0.018764655997342
0.015194261457854
0.010633941484144
0.006019826943856
0.002056195446462
-0.001047900107437
-0.003174669233931
-0.004359174025208
-0.005136032242870
-0.006333792001128
-0.008372400104448
-0.010853239610948
-0.013198352103373
-0.015183215080826
-0.016536484866856
-0.016925365519277
-0.016410348684383
-0.015397116563057
-0.014178099890558
-0.012614236132112
-0.010379241766178
-0.007306199527946
-0.003374963037403
0.001230155050813
0.006093242992547
0.010640616801947
0.014097492538829
0.015785281063366
0.015464185456537
0.013158116452287
0.009126596543810
0.004016079462507
-0.001427096991862
-0.006661255898066
-0.011271600645755
-0.014741518406755
-0.016369019560269
-0.015574705614429
-0.012298974226003
-0.007041823404170
-0.000696134630586
0.005638120236414
0.010991319776809
0.014917609508296
0.017406783005034
0.018332633185245
0.017402605906841
0.014729127492187
0.010979181538847
0.007040119202442
0.003814478966169
0.001977549309454
0.001610358901016
0.002116565441169
0.002576335598526
0.002237026805697
0.000862552661328
-0.001135516530557
-0.003050274020471
-0.004459000588942
-0.005253586033155
-0.005482705708863
-0.005520289512997
-0.005862664030882
-0.006578692919854
-0.007334649649205
-0.007768146845423
-0.007528943957903
-0.006252851631094
-0.003708715135080
0.000080080528141
0.004614554381460
0.008863146396013
0.011785343704841
0.012817192224776
0.011871475986988
0.009330361151077
0.006087885351294
0.003048476108459
0.000469704369392
-0.001819362580431
-0.003890812114657
-0.005832752790853
-0.007849272468897
-0.009766242016839
-0.010871822137745
-0.010749208209839
-0.009794641103986
-0.008538635227655
-0.007139652075092
-0.005661946069153
-0.004200916011571
-0.002794729382639
-0.001508473851699
-0.000386445866407
0.000788845228944
0.002410930278978
0.004668783803879
0.007378154710334
0.010067311914797
0.012217509209632
0.013515822375462
0.013869206441497
0.013289994051269
0.011909387505132
0.010078950414570
0.008199826088734
0.006406228219295
0.004786045739445
0.003701037730776
0.003354164845250
0.003384542525365
0.003311338273049
0.002993570059411
0.002431429196120
0.001618873561823
0.000736823901196
-0.000057666737220
-0.001026561753870
-0.002599253134156
-0.004869915962498
-0.007569703661603
-0.010320078050880
-0.012681762828371
-0.014093219229360
-0.014089460275407
-0.012706636587125
-0.010476299949387
-0.007905806802168
-0.005276295492346
-0.002937925684071
-0.001222978293360
-0.000022575875942
0.001117256998199
0.002524050011500
0.004236454812187
0.006072717196154
0.007652484768467
0.008575964838399
0.008734452235670
0.008380316484096
0.007945668125054
0.007728026924887
0.007605076007897
0.007190975779864
0.006315578420218
0.005175772971375
0.003972327551342
0.002606985579823
0.000898685812648
-0.001190737676377
-0.003620535120831
-0.006156031589297
-0.008273180453462
-0.009521754802575
-0.009870699160046
-0.009576734029412
-0.008980622426646
-0.008551746536014
-0.008703604689929
-0.009348808009830
-0.009959651156872
-0.010090520446899
-0.009629226733293
-0.008727645597116
-0.007669683876308
-0.006648818284025
-0.005656541806870
-0.004601810377570
-0.003332768461185
-0.001649671952886
0.000478392118110
0.002848825214728
0.005140383968834
0.006937804949787
0.007836365881962
0.007652080566788
0.006469772696138
0.004533692935080
0.002182441341878
-0.000178297466889
-0.002215439812562
-0.003767238682598
-0.004766888204102
-0.005221045016136
-0.005217023924059
-0.004748519745464
-0.003704251080304
-0.002250759835881
-0.000924802239245
-0.000250438486919
-0.000612988517173
-0.002218975680175
-0.004724347002482
-0.007273142673220
-0.009148271629507
-0.010048232174238
-0.009849030456222
-0.008498153634621
-0.005996717348259
-0.002361455329469
0.002230314721796
0.007281954244424
0.012076427955053
0.015988124989443
0.018703320488445
0.020217533033690
0.020750276968486
0.020541139370969
0.019666487574803
0.018119932706927
0.015949217464974
0.013336287361879
0.010582670638553
0.007917489519021
0.005448307228594
0.003353525966989
0.001917312448180
0.001334893294488
0.001651575356029
0.002791102382234
0.004393884331605
0.005873159133921
0.006855314329894
0.007274715344006
0.007042036599262
0.006004183137670
0.004122352175276
0.001337930300631
-0.002511299894934
-0.007339906488133
-0.012565958455221
-0.017322009500494
-0.020781275071296
-0.022314078563892
-0.021599750787992
-0.018717213323254
-0.014014773189871
-0.008005117808192
-0.001437247966708
0.004850795661570
0.010175881882946
0.014045183595923
0.016213500816933
0.016736009520629
0.015805141944737
0.013621711224174
0.010574940145937
0.007315542810882
0.004274823310978
0.001354705032912
-0.001596492187409
-0.004333336451347
-0.006415233120006
-0.007629264451176
-0.008156375200717
-0.008428398387894
-0.008820581376760
-0.009389182312964
-0.009874434473701
-0.009897593541067
-0.009106324664064
-0.007250965003927
-0.004200080423747
0.000060034599863
0.005267478701191
0.010783572006377
0.015913143528501
0.020245840956196
0.023459284140009
0.025081695545528
0.024774428160501
0.022573232097144
0.018742067688800
0.013699701280262
0.007959552333294
0.001790593968590
-0.004852796475270
-0.011829356182325
-0.018627570028889
-0.024704869571910
-0.029439220680243
-0.032008089164338
-0.031829959589292
-0.028925790055642
-0.023937615820729
-0.017975374374302
-0.012136163040812
-0.007055247548735
-0.003021655647081
-0.000310377649977
0.000934406607278
0.000894382079981
-0.000162949689203
-0.002008179115778
-0.004321229379194
-0.006756660372110
-0.008996944301931
-0.010639808864058
-0.011248249718647
-0.010557496459630
-0.008479679129542
-0.005000291964855
-0.000318190055584
0.004997084392995
0.010119258305569
0.014166637890467
0.016411500751324
0.016587415112570
0.015035185383648
0.012404935737554
0.009294822608180
0.006240485843843
0.003806803212850
0.002505608006543
0.002579330826853
0.003811168561146
0.005639978547290
0.007589603205870
0.009476507159026
0.011128580514596
0.012183561085996
0.012280705377920
0.011242974672193
0.009107966965460
0.006055365631785
0.002240392819257
-0.002150702229488
-0.006627281925815
-0.010430859643790
-0.012938576463335
-0.013905467568244
-0.013367980301097
-0.011543680825827
-0.008830040627532
-0.005674102244931
-0.002414498594880
0.000658107627114
0.003253681632482
0.005203884308131
0.006447890325179
0.006929465903690
0.006690679541763
0.005914074660025
0.004779084641807
0.003418726687930
0.001920813828801
0.000236767108829
-0.001727541501546
-0.003762978244851
-0.005354500551581
-0.006211118721336
-0.006483289575588
-0.006417346139357
-0.006072904489225
-0.005303772009939
-0.003958984146804
-0.002177822291087
-0.000354618513891
0.001241263254208
0.002636097218377
0.003912397356638
0.005014102466047
0.005813350690750
0.006168687912596
0.005968771686349
0.005258590951152
0.004194202253913
0.002832601461580
0.001179725477634
-0.000570407662857
-0.002077552814205
-0.003012022801410
-0.002988930254262
-0.001645281692758
0.001004350095403
0.004409644999093
0.007664292434373
0.009900963514058
0.010763503912527
0.010433659484542
0.009156733535793
0.007104893590932
0.004569622990633
0.001795063780974
-0.001183753393294
-0.004313650048264
-0.007378521791171
-0.010098806338107
-0.012176925889959
-0.013269226581821
-0.013149202217455
-0.011881391009839
-0.009611460727423
-0.006402008873236
-0.002509843752429
0.001410782173833
0.004534452279713
0.006210173302854
0.006113985856799
0.004315072372821
0.001275216485816
-0.002391302832734
-0.006138062523199
-0.009476451904477
-0.011954638551005
-0.013200709148382
-0.012950796744717
-0.011113959369045
-0.007810691446380
-0.003217463496811
0.002441690334851
0.008601305243869
0.014427655808753
0.019219906723925
0.022487247111825
0.023866827292229
0.023180196861347
0.020541393662608
0.016421864880372
0.011606265110239
0.006974936741627
0.003097445290155
-0.000016830565874
-0.002691939772479
-0.005201049194826
-0.007659908913231
-0.010092963402907
-0.012323798784593
-0.013885300009496
-0.014307243785000
-0.013494505969843
-0.011750985139249
-0.009452601868141
-0.006809450146577
-0.003982528653925
-0.001205015766586
0.001315636365754
0.003480202075923
0.005190792515665
0.006201313793084
0.006249972844420
0.005354391471694
0.003759750043749
0.001669574878981
-0.000763222082802
-0.003389983716260
-0.006089928922841
-0.008604403819209
-0.010510005438979
-0.011457413881627
-0.011258670963882
-0.009964881405969
-0.007989980913161
-0.005912553833868
-0.004167724739791
-0.002954950159428
-0.002226034336276
-0.001730623153085
-0.001235525623101
-0.000717025551699
-0.000244138998811
0.000199766671844
0.000672583494605
0.001235847643149
0.001969923833129
0.002921493425505
0.004129550230244
0.005670028732120
0.007549648129694
0.009686580385141
0.012091537675745
0.014775141864492
0.017323182866840
0.018924037015780
0.018890193049107
0.016894993969791
0.012963037972600
0.007514176247106
0.001279087695666
-0.004900744211016
-0.010227790612836
-0.014006598084876
-0.015728008664630
-0.015266577398258
-0.012903877335223
-0.009094448482760
-0.004388975044770
0.000420575879452
0.004336572184136
0.006476663690569
0.006484374991722
0.004688880986759
0.001755887296639
-0.001756707305931
-0.005451666917477
-0.008928916648193
-0.011736738009707
-0.013500331432143
-0.014015829712031
-0.013200767640513
-0.011080509100171
-0.007742364990251
-0.003221241608985
0.002358120982781
0.008496834932833
0.014329619480273
0.018874629375503
0.021302667032468
0.021176442225807
0.018559807218599
0.013976701704883
0.008281144632942
0.002329987527597
-0.003394693881493
-0.008733003525156
-0.013437030001266
-0.016986166453070
-0.018774352111496
-0.018404291831308
-0.015959930086067
-0.012021393850932
-0.007233303160211
-0.002010909296136
0.003274809538533
0.008236250433801
0.012576157843265
0.015922467655306
0.017808748426061
0.018141950418319
0.017386842320559
0.016105508034939
0.014625442283848
0.013057560746206
0.011235580149539
0.008770018542300
0.005466957335513
0.001671546408159
-0.001896219689789
-0.004611718101053
-0.006258252518019
-0.007024744176837
-0.007219992964566
-0.006973134558050
-0.006353381566539
-0.005652684588729
-0.005337939840126
-0.005795747585498
-0.007148712922189
-0.009318389362600
-0.012224899993418
-0.015745521193171
-0.019482331696290
-0.022751835054765
-0.024875351524306
-0.025397425796723
-0.023981648285796
-0.020309656148340
-0.014355257757624
-0.006740542731780
0.001358352049134
0.008696761439719
0.014379714830570
0.017991781551022
0.019496239610348
0.019035892296825
0.016784420902254
0.013024563833708
0.008373493016794
0.003704854557944
-0.000292758481178
-0.003339312009226
-0.005303993333672
-0.005987810215773
-0.005384399216931
-0.003950772359842
-0.002341908171021
-0.001013203076202
-0.000168799362505
0.000180486571705
0.000181319630220
0.000008995817635
-0.000189745925132
-0.000194287082533
0.000284229032763
0.001342936671303
0.002698953815822
0.003863524699778
0.004466289505717
0.004440794351546
0.004009486344912
0.003486702926291
0.003056770930505
0.002725494680143
0.002326069416099
0.001502365964615
-0.000065785765452
-0.002332682588394
-0.004884354616815
-0.007159606944019
-0.008578051856862
-0.008633700332018
-0.007195569198028
-0.004760849428631
-0.002175970151280
-0.000120390816896
0.001108751173905
0.001538687746924
0.001329338812769
0.000546110424581
-0.000814857102580
-0.002568370757981
-0.004358589082855
-0.005901504213776
-0.007008261973863
-0.007643993459577
-0.008004440198394
-0.008112082499144
-0.007490567299126
-0.005562109841482
-0.002135396091413
0.002498729596068
0.007672267675763
0.012634027684361
0.016812156833350
0.019774197350113
0.021243440669906
0.021311545107525
0.020372249689326
0.018765543321557
0.016671065681517
0.014226147084383
0.011529734204075
0.008711634552840
0.006007858750738
0.003534849146414
0.001183607172093
-0.001119515349671
-0.003268849556246
-0.005041554950118
-0.006169115656851
-0.006543883052750
-0.006465277225086
-0.006488222831767
-0.006921492260952
-0.007623391597723
-0.008243724990275
-0.008452404004307
-0.008103044998936
-0.007358224527557
-0.006526423948692
-0.005831387693697
-0.005401958920958
-0.005242958308191
-0.005111670541533
-0.004603028700559
-0.003492872130885
-0.001917400074782
-0.000146575723500
0.001663353158235
0.003404660798966
0.004843403293398
0.005625564559822
0.005431913563234
0.004123307434407
0.001827341418522
-0.001140807725994
-0.004448935527062
-0.007727682460680
-0.010544346401661
-0.012565266265952
-0.013574565676484
-0.013359867890444
-0.011808188241661
-0.009040547837789
-0.005315738486453
-0.000907368865534
0.003830123109528
0.008332442947679
0.011902633202674
0.013975461773024
0.014190522529683
0.012374967733136
0.008777667418322
0.004116774270808
-0.000805602931433
-0.005362684690483
-0.009055292775512
-0.011514702197089
-0.012624563547011
-0.012501803258804
-0.011318582207786
-0.009201639079156
-0.006315203058827
-0.002909061892297
0.000847086342248
0.004766166213692
0.008296571111122
0.010831447679111
0.012312436348664
0.013110367908143
0.013559653972117
0.013789315368887
0.013744096961671
0.013264839374440
0.012262220187551
0.010786997860769
0.008916865902707
0.006804712824021
0.004773347634758
0.003045347544553
0.001529747516165
0.000068949146824
-0.001395961195062
-0.002933424744147
-0.004476855381503
-0.005676222118936
-0.006233191236897
-0.006128106721426
-0.005432426777129
-0.004265660471641
-0.002884923522744
-0.001569372023015
-0.000460230246586
0.000497378339224
0.001529870492261
0.002824836522235
0.004276221142771
0.005561013557078
0.006406003214031
0.006622061523926
0.006046054788119
0.004724633438603
0.003102925166453
0.001762611593351
0.000960356538941
0.000551767251136
0.000189676567716
-0.000481778134538
-0.001621274601320
-0.003112337313046
-0.004695585897676
-0.006174522375438
-0.007529244395045
-0.008932339770798
-0.010671425929133
-0.012824042276563
-0.015001990498818
-0.016568196255689
-0.017054543647861
-0.016396366079191
-0.014791463032965
-0.012351234166577
-0.009045736701843
-0.005041983578434
-0.000922440711840
0.002614786613699
0.005118214254616
0.006352670373439
0.006214386315102
0.004774638090141
0.002318739732653
-0.000637459788039
-0.003420184160998
-0.005420684560497
-0.006410603207376
-0.006612233009562
-0.006317564032030
-0.005558954270750
-0.004220583380257
-0.002258806561950
0.000246532321319
0.003100351910372
0.005995515935034
0.008553557645665
0.010387009217428
0.011216860856336
0.011044371692081
0.010117714773680
0.008694310626589
0.007033021956075
0.005549649747136
0.004646442577623
0.004370858279731
0.004465976942644
0.004718492782274
0.005145788906513
0.005989823100459
0.007522846986826
0.009714950923860
0.012137486279392
0.014201285467335
0.015501557633078
0.016012984267203
0.015959760849182
0.015540819361589
0.014818710994462
0.013692786828661
0.011811121376693
0.008771880207483
0.004637691755383
0.000028143905675
-0.004298259542671
-0.007742627514449
-0.010017484437262
-0.011271264595427
-0.011810646501416
-0.011623412696822
-0.010404446614658
-0.008027705551474
-0.004874582853053
-0.001686159463208
0.000791193958664
0.001926636345552
0.001269832373236
-0.001227104658009
-0.005137439476447
-0.009796587244768
-0.014567790855320
-0.018888241305347
-0.022231842620121
-0.024120332767435
-0.024147042827498
-0.022124662579142
-0.018209000732425
-0.012767735569866
-0.006262874987482
0.000729679621507
0.007496507109172
0.013194647381099
0.017018407797553
0.018430039202602
0.017248199123599
0.013723601506974
0.008587434199914
0.002808801399646
-0.002794896643318
-0.007654774944512
-0.011323169730157
-0.013491376870217
-0.014076502224269
-0.013158086939676
-0.010868589876392
-0.007447784410888
-0.003394744750509
0.000597450567859
0.003967384163569
0.006531084047081
0.008405665478354
0.009739093390650
0.010568729813400
0.010868388793199
0.010566332014772
0.009571919265553
0.007927317557162
0.005864661946781
0.003706175490036
0.001847983894432
0.000786860705883
0.000918701932937
0.002184368509774
0.004016497534237
0.005716546542541
0.006750508998450
0.006728702590488
0.005517548324903
0.003412306629780
0.000885804460121
-0.001703661386585
-0.004049092329928
-0.005851134795115
-0.006900903333577
-0.007089250415832
-0.006444343264305
-0.005171035429866
-0.003540925183333
-0.001860644324936
-0.000516125724156
0.000246620513582
0.000479366341799
0.000325802655065
-0.000019555396094
-0.000207544104749
-0.000017910802834
0.000410371018215
0.000877849970451
0.001321833742615
0.001674962686736
0.002012584983999
0.002603645328057
0.003395009073096
0.003970582720640
0.004096485070055
0.003762839995196
0.002962384785448
0.001806022484031
0.000556447413102
-0.000599195026887
-0.001578957250079
-0.002300282590020
-0.002782330818862
-0.003164940817677
-0.003531508965871
-0.003881289450187
-0.004196874866019
-0.004424864425658
-0.004445217713324
-0.004126782858528
-0.003398599626583
-0.002184745331285
-0.000378844411084
0.001968470055404
0.004524409642952
0.006789491898837
0.008324327348893
0.008926955635493
0.008637089940388
0.007571886905725
0.005864526345386
0.003864913744164
0.002096673731792
0.000793147251500
-0.000209801841720
-0.001046187261189
-0.001583236964195
-0.001642425244274
-0.001255569360023
-0.000673771741152
-0.000237476111796
-0.000155838748193
-0.000328170377485
-0.000498187646439
-0.000585598767036
-0.000764803531430
-0.001309930557806
-0.002459264106566
-0.004227494055931
-0.006189171450782
-0.007610747778910
-0.007947916794306
-0.007198548504510
-0.005809687370572
-0.004294922511559
-0.002834149670063
-0.001248345888229
0.000566171922151
0.002403456378725
0.003962953167073
0.004936725207170
0.004970701994571
0.003937862378322
0.002116612376976
-0.000081317961388
-0.002304288569057
-0.004244245962004
-0.005714668795738
-0.006589798384380
-0.006617404107328
-0.005614793972318
-0.003796015268207
-0.001664162096503
0.000298819490035
0.001796731660765
0.002720265788156
0.003030967176469
0.002657259908206
0.001502089908539
-0.000406174727554
-0.002775573299294
-0.005136764249463
-0.007011193341546
-0.007990262103342
-0.007841120452973
-0.006659457589332
-0.004766304604039
-0.002399825655386
0.000272815423162
0.002995583609308
0.005543939046754
0.007789002967513
0.009538837655276
0.010468285408440
0.010299178614791
0.009089756062755
0.007281044876045
0.005468277483170
0.004108006723890
0.003318017231537
0.002929869547101
0.002666511514464
0.002359835488824
0.002107882706597
0.002037087980092
0.002033096976003
0.001915236264473
0.001597081872425
0.000991052905926
0.000051544595544
-0.001194479128173
-0.002850195669395
-0.005034684057623
-0.007549816874572
-0.010004462507608
-0.012032391465337
-0.013217272821615
-0.013190677011766
-0.011960960780473
-0.009869329174094
-0.007169014862586
-0.003915504046291
-0.000218340021264
0.003585501634538
0.006924094793812
0.009179836437458
0.009969863215249
0.009265763358547
0.007373549158004
0.004827182036851
0.002202297935468
-0.000050169767980
-0.001628184377548
-0.002343251641974
-0.002215773492648
-0.001469625244814
-0.000306787924948
0.001216277769742
0.003124433546874
0.005340708957664
0.007554384850140
0.009322153629855
0.010257923386984
0.010176496546167
0.009096208209298
0.007104956309443
0.004316472177833
0.000922735051519
-0.002749389101951
-0.006198979784517
-0.008818134690628
-0.010077281335697
-0.009712226989908
-0.007803630613496
-0.004783807401920
-0.001341126512661
0.001863895520864
0.004462781627464
0.006322365976894
0.007306462951594
0.007295249907192
0.006352392956570
0.004680667127188
0.002587878425188
0.000532250886008
-0.001078083607935
-0.002141334851801
-0.002812315727696
-0.003292495398378
-0.003665236859043
-0.003760731371174
-0.003203007661587
-0.001796498218424
0.000184085979765
0.002213433079779
0.003846351301325
0.004773224016563
0.004859945536761
0.004304576736485
0.003540314502617
0.002867834252784
0.002350192033652
0.002017948002958
0.001908700811396
0.001948708465313
0.001976246430031
0.001800059089272
0.001247070156078
0.000299632675384
-0.000894946015460
-0.002133099753733
-0.003168093505292
-0.003818241454419
-0.004089373113916
-0.004001528117213
-0.003496947559756
-0.002621802876159
-0.001542447220971
-0.000476820101290
0.000142691082618
-0.000305971412245
-0.002096932178762
-0.004835971010656
-0.007841659295084
-0.010561717479427
-0.012690037220560
-0.014255587141353
-0.015484910194002
-0.016425741004148
-0.016935298990015
-0.016944701625612
-0.016411656664221
-0.015219183651257
-0.013311865369970
-0.010693488736555
-0.007378960849822
-0.003563438433091
0.000374508511945
0.004112035105484
0.007452862521359
0.010197138944927
0.012104338638417
0.013005068458286
0.012878649855271
0.011878982763461
0.010306557605014
0.008486826942089
0.006643033047314
0.004814210397122
0.002923882727209
0.000965568637844
-0.000938977908382
-0.002613960368809
-0.003895996350466
-0.004615997918954
-0.004597865432751
-0.003830601989091
-0.002600438644084
-0.001323978027475
-0.000268043504470
0.000507825876553
0.000988505709621
0.001129136741855
0.000955958503719
0.000610190378076
0.000273992614211
0.000109688604818
0.000244179512098
0.000760098552819
0.001675225097486
0.002898621524442
0.004175646330795
0.005155887215424
0.005608184390893
0.005572543077843
0.005326152823791
0.005170491208932
0.005204979077436
0.005248196437343
0.004901322202573
0.003755464224121
0.001635099119850
-0.001222782631606
-0.004205347396222
-0.006709427104550
-0.008405218723035
-0.009044009905292
-0.008296873141646
-0.005981145581143
-0.002372973867932
0.001814120339974
0.005816607843568
0.009183624107790
0.011741968583410
0.013348075294683
0.013845392435088
0.013105447208803
0.010981741832895
0.007492358661837
0.003126847643456
-0.001326124575619
-0.005272136153699
-0.008410816208160
-0.010562282236160
-0.011692383359361
-0.011847314886177
-0.010926178973095
-0.008821116741849
-0.005732243647450
-0.002143956168236
0.001354016958773
0.004229852739761
0.006188823615833
0.007201410413396
0.007393045976391
0.006932948992096
0.005906878319108
0.004294868833591
0.002199940816490
0.000020925117039
-0.001734725782855
-0.002773474511270
-0.003167613841645
-0.003215479461398
-0.003202524062337
-0.003319535217731
-0.003589717565838
-0.003873541892186
-0.004098366715540
-0.004298458430417
-0.004415114353012
-0.004286591038697
-0.003750299960590
-0.002691426721250
-0.001190141932094
0.000439656117851
0.001940916246026
0.003306081764983
0.004625380841835
0.005970271151285
0.007434144547345
0.009029479845728
0.010545612588373
0.011659612216383
0.012040955612102
0.011352684090628
0.009411625993547
0.006273147035151
0.002072479289962
-0.002992847659615
-0.008389144717336
-0.013069579444527
-0.015808791831424
-0.015879789225441
-0.013481475170612
-0.009572960938955
-0.005298999235723
-0.001533528874912
0.001216523774236
0.002737670187909
0.003104301528136
0.002651963246888
0.001597047326355
-0.000186614797882
-0.002662959994703
-0.005295095658785
-0.007413575377686
-0.008514063229696
-0.008303710366688
-0.006909633548809
-0.004832123981795
-0.002397833337533
0.000397936752957
0.003482095334655
0.006584156217034
0.009430457462499
0.011765781800231
0.013306979820503
0.013809560036035
0.013123495879307
0.011269289163306
0.008618702936436
0.005799780721666
0.003268170594974
0.001160617784672
-0.000590231120995
-0.002243125395931
-0.004146423141713
-0.006492704356841
-0.009135973263699
-0.011625991173934
-0.013512041866685
-0.014649792264386
-0.015185610520295
-0.015267620491122
-0.014883085115397
-0.013957880001348
-0.012488645307160
-0.010610750637028
-0.008505300979301
-0.006206480482425
-0.003560787226142
-0.000376639791096
0.003314256721397
0.007162135372288
0.010658775159226
0.013306535436162
0.014789394241869
0.015024689148249
0.014065870222150
0.012181639177511
0.009935917200232
0.007897938241142
0.006282991859528
0.005060188648063
0.004263156597471
0.003871797669251
0.003620238295985
0.003181135233949
0.002294610174294
0.000788256191244
-0.001193491411872
-0.003140852346886
-0.004597553243625
-0.005426462132686
-0.005620701244536
-0.005244436155448
-0.004525706038976
-0.003616579066652
-0.002393480078673
-0.000699721697113
0.001390594085175
0.003601322174269
0.005655916329856
0.007447015898439
0.008963680432012
0.010050506894827
0.010470199764454
0.010204615723542
0.009337262704674
0.007772718855148
0.005475785969441
0.002790007374001
0.000161873146967
-0.002259626158560
-0.004481480863028
-0.006444080325787
-0.008097234603975
-0.009291576122771
-0.009608575783758
-0.008618564684489
-0.006226050790136
-0.002691028320147
0.001469960786721
0.005584858594959
0.009087037467891
0.011690934052389
0.013221598140153
0.013412728174888
0.011951240759260
0.008711850903574
0.003960602695638
-0.001665129089600
-0.007355644416862
-0.012401182973546
-0.016302531131689
-0.018632628234194
-0.019086366252337
-0.017708827127212
-0.014807592282257
-0.010751656490703
-0.005986852282733
-0.000978703832884
0.003959128640964
0.008635309620520
0.012879815345767
0.016529183447976
0.019293777139498
0.020709014282081
0.020499305411865
0.018854955464525
0.016205657418858
0.013032381073582
0.009900267086011
0.007212402614290
0.004879294605760
0.002509302831262
-0.000036336179481
-0.002438574171652
-0.004353942977924
-0.005893092303301
-0.007479730603432
-0.009332022028008
-0.011269217733496
-0.012984037392806
-0.014318178621604
-0.015262810293617
-0.015854901388931
-0.016080417794619
-0.015845833957000
-0.015113809875377
-0.013944693714286
-0.012328078321104
-0.010217051414079
-0.007774198134229
-0.005352419915040
-0.003266811316369
-0.001711828445683
-0.000729151660905
-0.000213798499247
-0.000107740091654
-0.000401595389040
-0.000893262586318
-0.001274881267773
-0.001395814956244
-0.001235756710168
-0.000773059507274
-0.000037162451699
0.000783472812124
0.001446221843023
0.001826653618267
0.001879647116625
0.001569572050081
0.001016973479899
0.000528605471468
0.000231411733868
-0.000061582611012
-0.000454187345625
-0.000740495638974
-0.000614413801911
0.000080645556574
0.001297095618719
0.002841241957077
0.004421621095484
0.005727661218595
0.006509963626022
0.006609873849390
0.006003424258371
0.004816026486691
0.003217367886351
0.001286307901824
-0.000908783509713
-0.003078940983264
-0.004677805271036
-0.005107326427239
-0.004063102179224
-0.001734050523098
0.001384985960091
0.004712040651999
0.007668428894275
0.009883810274857
0.011327236539130
0.012054589533859
0.011888007227196
0.010536856738189
0.007947227947444
0.004423566854225
0.000559511375072
-0.003018725027904
-0.006016097114244
-0.008472420482189
-0.010423352805082
-0.011746448797363
-0.012228809756363
-0.011533257349963
-0.009308709841693
-0.005633298137732
-0.001118368622821
0.003509823570328
0.007695914428716
0.011051028049723
0.013321923013875
0.014366653432163
0.014132126968938
0.012714173049995
0.010392074292043
0.007563589210342
0.004682214117923
0.002145903859140
0.000234383543024
-0.000823748857085
-0.000954803824648
-0.000400524401950
0.000494687412905
0.001641817729768
0.003156014342007
0.004945067844892
0.006534372569181
0.007348144110478
0.007047382058675
0.005633306136397
0.003362702118662
0.000578260385331
-0.002424375187459
-0.005397890368833
-0.008042510247277
-0.009990208419300
-0.010988235292751
-0.011056335164687
-0.010423078927903
-0.009311556025431
-0.007749887095317
-0.005634143523580
-0.002979532628188
-0.000045352117553
0.002659055858593
0.004405036437242
0.004566519031267
0.003107632462112
0.000615128311152
-0.002113209241347
-0.004437193795648
-0.006097329429377
-0.007236967349497
-0.008063276527807
-0.008456057468563
-0.008028585660181
-0.006511025996432
-0.004022523353137
-0.001055934032462
0.001858114917135
0.004476777412744
0.006802171996249
0.008885407218090
0.010701450720810
0.012094028103532
0.012801801769731
0.012518870613232
0.011096647978349
0.008832179159558
0.006354570966595
0.004132596473083
0.002219054760424
0.000407900096480
-0.001479366188538
-0.003355343207470
-0.004859134268280
-0.005715229806962
-0.005993659392703
-0.005897334499710
-0.005518091770675
-0.004813017485780
-0.003642913014044
-0.001949928458073
0.000095367574352
0.002300186730246
0.004507815257867
0.006233384757026
0.006803803357465
0.006008375449635
0.004132815693179
0.001538350557117
-0.001389380365882
-0.004112263811099
-0.006107070279258
-0.007147230779182
-0.007333382884331
-0.006953311969361
-0.006312873681211
-0.005580336537798
-0.004801822507734
-0.004002778071633
-0.003258284129364
-0.002803610690917
-0.003008813856264
-0.004071254148235
-0.005798000446542
-0.007843924599505
-0.009933666031384
-0.011718787182719
-0.012863317745879
-0.013272560326646
-0.012883224832734
-0.011450098657033
-0.008756268972667
-0.004876966939365
-0.000183386768847
0.004722848669708
0.009003767512964
0.011790251525083
0.012560860733730
0.011300878076022
0.008454040257320
0.004761562387766
0.000940399042407
-0.002532208370188
-0.005295497915972
-0.007072617069471
-0.007894249205267
-0.007901507538657
-0.006949779699117
-0.004872126166760
-0.001884613430237
0.001566027107273
0.005044628214304
0.008105963607901
0.010311899468124
0.011327394474339
0.010970234345865
0.009349502639271
0.006862395475918
0.003882212571744
0.000693649093533
-0.002239109070588
-0.004323134812162
-0.005225035780506
-0.004978453022346
-0.003831167921634
-0.002255523091382
-0.000836124875215
0.000128694807469
0.000745406997703
0.001261309181733
0.001832073877923
0.002452637975534
0.002969727156260
0.003193469909259
0.002999317198957
0.002238380115441
0.000813971699424
-0.000980571436769
-0.002526518160385
-0.003341084349254
-0.003286059855119
-0.002426544208609
-0.000875608378367
0.001204554570770
0.003562068332453
0.005883478790106
0.007875391301437
0.009356823988395
0.010269972189549
0.010586695640961
0.010222168875511
0.009137844988162
0.007526285096599
0.005766372936240
0.004296251614725
0.003503741125469
0.003464176478180
0.003834238355524
0.004198257545974
0.004505694077975
0.005086659120142
0.006254924399978
0.007973104065129
0.009852518325307
0.011415384391676
0.012317191754195
0.012274989692664
0.011006668176027
0.008381128595755
0.004542740349554
-0.000081457000904
-0.004966573805863
-0.009734925095458
-0.014148956687900
-0.017934579918300
-0.020739899967759
-0.022296930467526
-0.022501266685465
-0.021387440676378
-0.019173024294191
-0.016095582716214
-0.012229112746880
-0.007802157992153
-0.003436709284213
0.000271572134442
0.003119584638317
0.005087516312372
0.006142471470280
0.006318051744885
0.005670075471161
0.004269084234505
0.002359279815538
0.000272015085603
-0.001754689340440
-0.003540810090194
-0.004919722450167
-0.005788341054863
-0.006136967747691
-0.006007321374959
-0.005444245652092
-0.004543609703287
-0.003512471522251
-0.002545560102718
-0.001656332690957
-0.000740646560908
0.000219468971111
0.001077128750867
0.001648610332204
0.001848206962278
0.001708257955564
0.001380428592655
0.001027824127042
0.000647942750950
0.000068462374726
-0.000935183843040
-0.002422799913431
-0.004087859360322
-0.005424126533872
-0.006033934380756
-0.005721126744809
-0.004579616181729
-0.003061842366065
-0.001732409643675
-0.000924159549245
-0.000637518914288
-0.000555851205804
-0.000188747875022
0.000755523415329
0.002277498118256
0.004361417219824
0.006915086233334
0.009491745733729
0.011429313632211
0.012166284963959
0.011396618941950
0.009315623544201
0.006750932856980
0.004675945374838
0.003608298293978
0.003525574390655
0.004035647772295
0.004643363806611
0.005065319386247
0.005233378587781
0.005080182945189
0.004514896337223
0.003584645291173
0.002509939232607
0.001570542560542
0.001053094691182
0.001120560566716
0.001642909626051
0.002303981319978
0.002825548760132
0.003120123485192
0.003324877809899
0.003648738676240
0.004244329239127
0.005183585247247
0.006314651225548
0.007096184637770
0.006819651163417
0.005160462139244
0.002402481648541
-0.000907536206739
-0.004222569144221
-0.006883811590765
-0.008325761002777
-0.008532090540456
-0.007875043660575
-0.006662054988822
-0.005145564352825
-0.003675004989909
-0.002539781316721
-0.001813389744029
-0.001523307207828
-0.001808015575086
-0.002791561879879
-0.004418291298866
-0.006419832003633
-0.008392938000930
-0.009920138435522
-0.010722318595928
-0.010775277824832
-0.010213570688740
-0.009118482559041
-0.007378613080047
-0.004784266677413
-0.001352914809428
0.002581259657637
0.006563452559361
0.010097786025328
0.012669268635433
0.013807310526417
0.013137542920995
0.010572224124495
0.006593911354921
0.002161438077707
-0.001871822306707
-0.005126886431772
-0.007466398502433
-0.008661731306095
-0.008429436597677
-0.006729809784690
-0.003923906927718
-0.000649450381184
0.002444683585931
0.004902738759605
0.006417753265008
0.006779289532795
0.006028265313771
0.004469463675719
0.002428234497988
0.000115541981535
-0.002322785470978
-0.004771397380810
-0.007029045475773
-0.008671466402637
-0.009305696228465
-0.008927762956186
-0.007797106309158
-0.006118957510168
-0.004010219429328
-0.001598290837954
0.000985479881881
0.003564550764867
0.005896661651072
0.007904824065471
0.009667733837023
0.011008469666858
0.011464829682382
0.010714480834164
0.008775207644225
0.005899769586366
0.002471588451717
-0.001081766096014
-0.004338924867591
-0.006881727330157
-0.008439771058030
-0.009048276119870
-0.008955534728800
-0.008439178323612
-0.007638493140617
-0.006487081762521
-0.004912733562342
-0.003070693142565
-0.001273203722398
0.000248563882576
0.001337636787492
0.001800033988725
0.001629344490148
0.001124398478173
0.000521185623842
-0.000196706062133
-0.001056096550963
-0.001910861368724
-0.002521423505895
-0.002752227040377
-0.002658809804129
-0.002370874448767
-0.001933422103577
-0.001385052188338
-0.001013915904587
-0.001297761624336
-0.002475719334352
-0.004307438074611
-0.006259863152696
-0.007748046231232
-0.008269758907955
-0.007703303275892
-0.006471291875827
-0.005141362566508
-0.003974850634181
-0.002924836455457
-0.001801160061839
-0.000348428725238
0.001591958363084
0.003862044518719
0.006071709098991
0.007881081454918
0.009086746077315
0.009610336377343
0.009516416403622
0.008972365727770
0.008188470747565
0.007384077853334
0.006719673905065
0.006217879529088
0.005891597412316
0.005861375618344
0.006081948849443
0.006231015464168
0.006105532815424
0.005819202254986
0.005552350261123
0.005338713953980
0.005048216625237
0.004439095853937
0.003313973786963
0.001680722581124
-0.000320546512299
-0.002551321354652
-0.004834001840374
-0.006919071430982
-0.008505872020650
-0.009196037514258
-0.008672795580113
-0.007090032171649
-0.004970909671046
-0.002743426230828
-0.000668783410793
0.001037132452786
0.002244781153192
0.002877786643443
0.002896240420250
0.002464960032328
0.001884448864610
0.001227827782226
0.000359720406744
-0.000657760398271
-0.001508947575363
-0.001950827247529
-0.001943513040232
-0.001505815348951
-0.000660430829429
0.000495677499171
0.001752507164295
0.002751924925602
0.003160464209121
0.002996739999790
0.002485090164532
0.001668134783468
0.000530986402187
-0.000724996068387
-0.001836282697592
-0.002680025929660
-0.003181466789845
-0.003240066566293
-0.002795203615309
-0.001819109281461
-0.000333717676309
0.001452497882620
0.003159718590560
0.004477144126766
0.005393772243674
0.006178005341157
0.007009910030659
0.007673370143117
0.007764657376952
0.007136807291681
0.005940630284508
0.004308757560121
0.002345578522833
0.000331913410093
-0.001425584630553
-0.002890275648220
-0.004272890954064
-0.005769290525538
-0.007433648659164
-0.009189545705153
-0.010775728307794
-0.011791847487973
-0.011867116677632
-0.010832542127985
-0.008954515265511
-0.006885927210331
-0.005164040058660
-0.003880623450387
-0.002798196589431
-0.001561520641868
0.000035056323223
0.001720006631835
0.002820443930888
0.002847687483407
0.001951813388848
0.000753836626628
-0.000161654554508
-0.000535783427563
-0.000457354254037
-0.000226726453987
-0.000030287849903
0.000235898147494
0.000744658727100
0.001511479341694
0.002423363857138
0.003259865303872
0.003744112543961
0.003833150881879
0.003768009942145
0.003730895561454
0.003737654974225
0.003702903260124
0.003405930748051
0.002668870592729
0.001555778909241
0.000233941061475
-0.001195882120494
-0.002668999789595
-0.004104364830434
-0.005372223839493
-0.006155392076350
-0.005974664093674
-0.004606592327326
-0.002335030831102
0.000265518788386
0.002547830478086
0.004003237779749
0.004644868251331
0.004923958404179
0.005098964173012
0.005093621114058
0.004837780928770
0.004286899457014
0.003368993868368
0.002151337044962
0.000813874145076
-0.000526951914550
-0.001778609724086
-0.002799146303730
-0.003471511256935
-0.003670453069604
-0.003187302637822
-0.001924877262962
-0.000097478644403
0.001918662288041
0.003785724124941
0.005216591829219
0.006094803050206
0.006604578306530
0.006956163628735
0.007079738825173
0.006743996246584
0.005795584444309
0.004259396248492
0.002356348751173
0.000454478059228
-0.001143009511234
-0.002430503003749
-0.003550403066479
-0.004508356637975
-0.005169762920021
-0.005290348237314
-0.004581057497984
-0.003007441358049
-0.000962829010236
0.000972339307035
0.002388568546182
0.003189450884108
0.003454339416039
0.003211088451127
0.002509786776939
0.001653543336280
0.001019907676373
0.000655380695176
0.000268125726285
-0.000376660975244
-0.001215615674367
-0.002076503900102
-0.002885640940454
-0.003594573775397
-0.004133264582412
-0.004474814144115
-0.004592881636351
-0.004462251131591
-0.004196773905139
-0.003994541666695
-0.003854549528941
-0.003535735058327
-0.002829059758461
-0.001698240717611
-0.000226114696038
0.001439066133754
0.003115613136240
0.004564747062020
0.005445728536076
0.005423863796060
0.004455063359447
0.002841722808083
0.000936161703745
-0.000981180923705
-0.002725591700838
-0.004349755766946
-0.005944690985051
-0.007398736635039
-0.008592109441334
-0.009474266950674
-0.009879345235496
-0.009579472718647
-0.008496831085475
-0.006780829035771
-0.004815028824542
-0.003086097747300
-0.001914271842595
-0.001388403451023
-0.001462914201938
-0.001972893978920
-0.002678285351144
-0.003383511694914
-0.003957088504940
-0.004256541481400
-0.004181301611950
-0.003788724701080
-0.003234977425126
-0.002657320141193
-0.002123211636880
-0.001588940226408
-0.000956715855934
-0.000201855482481
0.000677919388543
0.001769178131429
0.003086232738905
0.004435803193136
0.005593520095901
0.006315612750899
0.006157969969235
0.004792978189801
0.002500807940292
-0.000061999129287
-0.002412353234998
-0.004270371099919
-0.005383052071724
-0.005561767766558
-0.004667063124812
-0.002648087673619
0.000191040637850
0.003250165224496
0.006103557737777
0.008611042224998
0.010615295004702
0.011863170361167
0.012100143077676
0.011119747857931
0.008942751450322
0.005885494105451
0.002357433174653
-0.001156803528713
-0.003969846243811
-0.005415839276479
-0.005270531239419
-0.003845839996111
-0.001736777253495
0.000459529835347
0.002372422554983
0.003979970678515
0.005418000730206
0.006641841604027
0.007356422619899
0.007274115970576
0.006387729133355
0.005019688541479
0.003659457944530
0.002650888445156
0.002015265354220
0.001680950099840
0.001724633691471
0.002247113651175
0.003208667360532
0.004444292634395
0.005653138823792
0.006409517629452
0.006372577034840
0.005463052738431
0.003811039034319
0.001679385342173
-0.000552470770634
-0.002465265727036
-0.003742870965496
-0.004293021309553
-0.004255414680172
-0.003887243684171
-0.003403906115625
-0.002964400481901
-0.002751507896751
-0.002805997511044
-0.002925036543164
-0.002964266940612
-0.003029566822825
-0.003398365626741
-0.004401385171349
-0.006187494914585
-0.008509424443253
-0.010792886760120
-0.012360762924602
-0.012602330274701
-0.011210120504891
-0.008397840583780
-0.004721337977231
-0.000710583718250
0.003230919917755
0.006723307962048
0.009412409911574
0.011047941758389
0.011462712251672
0.010671268079328
0.009028447797122
0.007053486058989
0.005187993153447
0.003768461521859
0.002949663646666
0.002600027203355
0.002480656368242
0.002559814442107
0.003016565465052
0.004016356400487
0.005603335187846
0.007630999325250
0.009669067517770
0.011151730131957
0.011725366139791
0.011358940637535
0.010188811459549
0.008399204854357
0.006161603359643
0.003577149480849
0.000659822303288
-0.002630923056224
-0.006306400756392
-0.010171705175641
-0.013715827149096
-0.016403471720333
-0.018080393271548
-0.018923372894595
-0.019202570566967
-0.019170023990688
-0.018841910270419
-0.017888381017764
-0.015931317633021
-0.012876288323305
-0.008939749423438
-0.004522726467837
-0.000115104854574
0.003812253602558
0.006889491589020
0.008910321303733
0.009874405955656
0.009790948063875
0.008540123467357
0.006098777455113
0.002756745583348
-0.000848276472566
-0.003926902112398
-0.005958960651886
-0.006845860150681
-0.006688984370054
-0.005652078641164
-0.003987425798473
-0.001998652888612
0.000042823391932
0.001872918342428
0.003204093395264
0.003838492686720
0.003787570266854
0.003296101523784
0.002702912246464
0.002178247115147
0.001703903357830
0.001248742920185
0.000786910445091
0.000322314163547
-0.000033775461309
-0.000266933127664
-0.000635373833222
-0.001350056425200
-0.002275962898953
-0.003073268296102
-0.003420121131036
-0.003165351443144
-0.002390353843138
-0.001276679972191
-0.000014205274127
0.001196912333947
0.002348354129345
0.003725053329342
0.005512984354175
0.007471863181335
0.009087107596183
0.009869460505296
0.009598613048150
0.008441650697535
0.006798666475076
0.004972767146644
0.003048051948430
0.001101935421130
-0.000647670276880
-0.001916601007465
-0.002394793238041
-0.001872037634754
-0.000512017115153
0.001216843792727
0.002949689235085
0.004549307309050
0.005935698847640
0.007006149326512
0.007587981969351
0.007454129675915
0.006482568582091
0.004681330741730
0.002145162595374
-0.000815989107152
-0.003557339568583
-0.005319864104096
-0.005739802540370
-0.004986347802518
-0.003449099799574
-0.001612121885600
0.000031805362876
0.001234621924033
0.002016106644819
0.002492976209731
0.002735344697495
0.002683532085692
0.002220480011460
0.001311245710248
0.000009689937458
-0.001599706451760
-0.003306878408499
-0.004756952189965
-0.005734666301689
-0.006281564775893
-0.006488316062147
-0.006362789049179
-0.005918339524583
-0.005327816155652
-0.004839180500242
-0.004559802636917
-0.004482580944551
-0.004570973315510
-0.004719372078599
-0.004809492895101
-0.004835598266195
-0.004796340446489
-0.004512175179978
-0.003800343304418
-0.002697565605514
-0.001306073675638
0.000352529144236
0.002260555919197
0.004345462997587
0.006412517701679
0.008134829593298
0.009255897294334
0.009687330564447
0.009369293990477
0.008240993170593
0.006338633481496
0.003881634775863
0.001410445924628
-0.000338590147297
-0.001017161873557
-0.000929108450174
-0.000567379511007
-0.000264667053582
-0.000314185573271
-0.000962179287489
-0.002241615389320
-0.004045194651716
-0.006301568051890
-0.008981256271327
-0.011934232501697
-0.014694150216052
-0.016497000487016
-0.016678271784154
-0.015102256321866
-0.012086458414597
-0.008063662124964
-0.003539366304503
0.000921252145069
0.004906729342594
0.008176262872845
0.010518463955791
0.011735760012072
0.011682891288695
0.010329084326212
0.007829054510425
0.004485564562742
0.000701187548711
-0.002938356503128
-0.005783200080939
-0.007529480153580
-0.008209795756920
-0.007749591036272
-0.005942669095755
-0.002861567140732
0.000974406231329
0.004823422357784
0.008030223605329
0.010251091937454
0.011458471808083
0.011627611760991
0.010563586173513
0.008230377150184
0.005036443490064
0.001652014315254
-0.001291055565215
-0.003334101451974
-0.004250615673913
-0.004030073164425
-0.002745628320428
-0.000511117937468
0.002392378154550
0.005499443144190
0.008367360129843
0.010674212816698
0.012099028384630
0.012388925949336
0.011518994041014
0.009573482839980
0.006687085423409
0.003194890297741
-0.000422057592898
-0.003760629059295
-0.006512992401445
-0.008406086478546
-0.009332067825643
-0.009355025631273
-0.008559417286072
-0.007123736435027
-0.005347851050686
-0.003467247204401
-0.001667351889181
-0.000248481953666
0.000450056870037
0.000285673828419
-0.000651802703016
-0.002092576901258
-0.003555522088104
-0.004524047541990
-0.004736601162264
-0.004205953787485
-0.003085691104292
-0.001652645488142
-0.000300466063383
0.000675614008749
0.001245986182774
0.001529563030794
0.001635368800056
0.001541290015272
0.001104507370832
0.000320494221549
-0.000590105745583
-0.001399554858704
-0.001950270149135
-0.002093128310472
-0.001793554638198
-0.001260169661741
-0.000805786471134
-0.000592395793591
-0.000540669478071
-0.000394970793625
0.000090575369623
0.000928695383245
0.001853135718582
0.002455302759450
0.002363620808216
0.001471309915564
0.000064084819508
-0.001423587697714
-0.002655742057083
-0.003298430023742
-0.003046876948871
-0.001903527688479
-0.000241878084142
0.001461412823974
0.002962490460588
0.004319259796434
0.005664767882743
0.006986253486012
0.008093909374878
0.008775599931040
0.008889234322942
0.008274514237375
0.006786779853053
0.004491665778502
0.001750850194532
-0.000902945921547
-0.003014101082808
-0.004396930055736
-0.005086017769010
-0.005077935602397
-0.004305776102501
-0.002974050837332
-0.001655425924395
-0.000861350672811
-0.000665247360167
-0.000905828038385
-0.001543762211795
-0.002605150858658
-0.004008774857305
-0.005594021731679
-0.007169866889335
-0.008503095270922
-0.009364855860972
-0.009665279882037
-0.009484617604940
-0.008974921704146
-0.008258832909082
-0.007294054271479
-0.005909874024896
-0.004083007428163
-0.002049224536727
-0.000199512190261
0.001028596901106
0.001373746930774
0.001049840041393
0.000573852656916
0.000133793377803
-0.000503515615315
-0.001452642434983
-0.002537903380447
-0.003440911285087
-0.003688115267954
-0.002888164744088
-0.001112317811550
0.001241489702529
0.003769788825422
0.006102677539093
0.007957366294582
0.009220046563829
0.009874788692102
0.009997170176311
0.009790050267466
0.009395742482488
0.008729625456766
0.007718817742010
0.006466282527557
0.004995857138313
0.003276039826858
0.001509788225080
0.000023304361756
-0.000944943823827
-0.001257933570251
-0.000986970165585
-0.000451779447536
0.000055644661861
0.000447983565817
0.000684166705042
0.000790018969471
0.000998244129796
0.001426231062787
0.001844696296412
0.002035745888635
0.001992160587820
0.001730006908084
0.001340742848298
0.001126396005942
0.001223913176518
0.001332999546227
0.001178434094489
0.000813991706167
0.000352371311485
-0.000083819416732
-0.000238295009768
-0.000021007789481
0.000275722258035
0.000407170311790
0.000493964905448
0.000714013566970
0.001064888922239
0.001443463226083
0.001657039385164
0.001477393261414
0.000829611831457
-0.000247880008288
-0.001799962137991
-0.003795717114313
-0.005900353686403
-0.007693553049640
-0.008833247433321
-0.008989627448930
-0.008026866815019
-0.006202952896668
-0.004064951966834
-0.002183107168035
-0.000903131774058
-0.000275077208304
-0.000134084269090
-0.000225511462296
-0.000388082552223
-0.000714853272699
-0.001484367979544
-0.002867804431803
-0.004710290737900
-0.006639326108814
-0.008345597771363
-0.009606306661394
-0.010165168737967
-0.009883995770068
-0.008812987157168
-0.006955120412499
-0.004293788563785
-0.001038194582032
0.002398450238446
0.005538911569759
0.007934066308552
0.009299565472010
0.009639840997796
0.009244996561707
0.008522264093467
0.007738028947016
0.006924138321695
0.006020222287644
0.004957128356996
0.003679937087913
0.002237235317091
0.000772565309143
-0.000512852008109
-0.001376265575135
-0.001675537292100
-0.001503783077364
-0.001140045601189
-0.000843828723498
-0.000661490317575
-0.000424530368134
0.000055286692882
0.000783783813892
0.001562991594892
0.002074792172009
0.002008901323229
0.001267305040321
0.000069184491379
-0.001155059258596
-0.002027024698211
-0.002473092156380
-0.002740210696195
-0.003130925236588
-0.003650473677051
-0.004045388780393
-0.004195400674976
-0.004118975048481
-0.003748382670101
-0.003054282213188
-0.002154887458272
-0.001213678623092
-0.000432676666711
-0.000034568551060
-0.000082231306002
-0.000379402625836
-0.000651351117004
-0.000796269620652
-0.000906722373996
-0.001007909802021
-0.000853731837723
-0.000168556290902
0.001040841474199
0.002561836930152
0.004167719791211
0.005634714783890
0.006668803215127
0.006980996233011
0.006492805469674
0.005386391096084
0.003968402127365
0.002459782388744
0.000899515126469
-0.000685414889565
-0.002181003059390
-0.003546495838341
-0.004796351074926
-0.005658893952926
-0.005548556733325
-0.004137309181499
-0.001708824276076
0.001132755554119
0.003769353530698
0.005645331457970
0.006431006508398
0.006172257359263
0.005145658976005
0.003708775046174
0.002346383292335
0.001453618256085
0.001013599656705
0.000792337795181
0.000626459349652
0.000328578705747
-0.000324708482321
-0.001344834163516
-0.002511310907662
-0.003598594338522
-0.004403901512700
-0.004733952434977
-0.004547519834283
-0.003901095724131
-0.002832523804667
-0.001489884777296
-0.000140627174147
0.001048879532935
0.002014492764089
0.002629229550370
0.002824398783925
0.002758523661922
0.002640757305405
0.002582560439526
0.002657102312093
0.002863494043233
0.003113435482141
0.003382908233856
0.003753894168781
0.004271482235407
0.004850143132918
0.005315349334089
0.005485300835279
0.005213514490957
0.004426485230597
0.003183080121780
0.001623421119303
-0.000143873510222
-0.002017560758031
-0.003877334198746
-0.005624998131771
-0.007107392678283
-0.008093997344371
-0.008489185657664
-0.008387156198042
-0.007828222349865
-0.006780661546974
-0.005395253979656
-0.003948770756894
-0.002577546188365
-0.001354958536450
-0.000494904587755
-0.000247591584991
-0.000695631645186
-0.001692524700564
-0.002882408424908
-0.003883319895189
-0.004504916199414
-0.004662674772558
-0.004286945798549
-0.003434388460751
-0.002230868543399
-0.000741268904749
0.001021187024602
0.003102646959644
0.005495701708011
0.007910600416412
0.009878956286484
0.011120126621723
0.011647701255251
0.011568071060195
0.010925365587155
0.009700677940725
0.007881295995909
0.005584029775867
0.003096971738902
0.000757901408813
-0.001148130081478
-0.002417756298429
-0.003049839145564
-0.003358734468137
-0.003753800010519
-0.004325447950204
-0.004738601791011
-0.004544735263756
-0.003569066707588
-0.002023504876101
-0.000309835120485
0.001266318296235
0.002587206251839
0.003582412299747
0.004149674597064
0.004181764820546
0.003564682771542
0.002299135200284
0.000638658584715
-0.001086803184663
-0.002659011008143
-0.003830381897528
-0.004353127384637
-0.004382936762987
-0.004405775908409
-0.004601912910038
-0.004747469001141
-0.004615508559007
-0.004053327416896
-0.002980525587870
-0.001539941228646
-0.000040072232990
0.001175182492784
0.001723376021710
0.001341917573003
0.000135269212694
-0.001543594777762
-0.003374735575819
-0.005061096513211
-0.006270759320422
-0.006790902044147
-0.006534162122443
-0.005400294138730
-0.003442732572085
-0.000983568337764
0.001719717262568
0.004594924779657
0.007442912700777
0.009868360314277
0.011526992882456
0.012288390423324
0.012251959355439
0.011643730912248
0.010619326159052
0.009151105851594
0.007111423837611
0.004482410474139
0.001536281027137
-0.001214220695006
-0.003220649309273
-0.004060890654565
-0.003657312601585
-0.002325196182199
-0.000457604913474
0.001595976869599
0.003438656856179
0.004802172433363
0.005627769788695
0.005788444701306
0.005128239689569
0.003868001503458
0.002446870312489
0.001040130001334
-0.000334507690938
-0.001644282011327
-0.002968925072381
-0.004362930805803
-0.005733547627713
-0.006998680968395
-0.008005404658467
-0.008393046245448
-0.007906644197351
-0.006675125121530
-0.004994958681099
-0.003198090683488
-0.001735242515423
-0.000894185812421
-0.000528986378203
-0.000311608921320
-0.000063797332642
0.000126036837190
-0.000059529709935
-0.000892746732594
-0.002259904794465
-0.003717534056958
-0.004858240041195
-0.005441939461773
-0.005361612431430
-0.004769960244166
-0.004054031261530
-0.003469248040686
-0.002984049864184
-0.002498266467326
-0.001934461168150
-0.001240751775459
-0.000533877519459
-0.000040486906351
0.000202613339951
0.000421425220372
0.000826125160668
0.001363783990816
0.001767850620998
0.001741063043751
0.001157497361643
0.000213056935689
-0.000690624236934
-0.001252826937161
-0.001407773864396
-0.001137750795111
-0.000332859317248
0.000971063926220
0.002397833979109
0.003529261080903
0.004275732562797
0.004701992975277
0.004684817458611
0.004131513858306
0.003261154766091
0.002292789001689
0.001160014431953
-0.000305239315791
-0.002155439324548
-0.004280830284825
-0.006403899388558
-0.008112672111487
-0.009022408584455
-0.008988390935368
-0.008125040423655
-0.006636042464265
-0.004700239347083
-0.002486148873062
-0.000223456015692
0.001763754574614
0.003141046278793
0.003697219025937
0.003430687885280
0.002566952935862
0.001480087020481
0.000524523637813
-0.000132714543373
-0.000554492000676
-0.000903364464417
-0.001267164257130
-0.001542787816572
-0.001411061576640
-0.000586006755352
0.000871964771552
0.002678880956744
0.004584138350505
0.006301918064719
0.007471440988800
0.007904975957024
0.007703564915387
0.007121266513824
0.006484144720399
0.006004880882090
0.005544546835754
0.004843794346014
0.003941822487179
0.003112019398127
0.002479678492229
0.001999111317931
0.001694772559103
0.001515074106646
0.001227636369568
0.000759668319902
0.000218286207577
-0.000350168428600
-0.000872937227660
-0.001249920356219
-0.001557955437419
-0.001917264832884
-0.002238358590989
-0.002376787631492
-0.002287174383568
-0.001908777234098
-0.001279834282104
-0.000665015779133
-0.000263055301830
-0.000000247592488
0.000263482605152
0.000563168934783
0.000915441017039
0.001325828151483
0.001774827392831
0.002404977673238
0.003463626398005
0.004976909720628
0.006696119655785
0.008268175322832
0.009389915317472
0.009929441345549
0.009869028633565
0.009092773723365
0.007418990903710
0.004848937747164
0.001610348086752
-0.001868909647481
-0.004965833440862
-0.007116512798720
-0.008041191450889
-0.007681021348663
-0.006177283718741
-0.003964665190548
-0.001635789276660
0.000416625761905
0.002096857836263
0.003333672916139
0.003895350670351
0.003482590514301
0.001954082071976
-0.000502565651783
-0.003475291318037
-0.006564507522913
-0.009427627010441
-0.011743876647281
-0.013311353398435
-0.014100424924763
-0.014079696912992
-0.013072572077588
-0.010913553246410
-0.007699623417358
-0.003845736645785
0.000048289364218
0.003367972810068
0.005656965447614
0.006794383269975
0.006938362504079
0.006245650818938
0.004826978754657
0.002891917618206
0.000677243853079
-0.001623689965803
-0.003695246438856
-0.005144918160544
-0.005810438932723
-0.005795523324664
-0.005330321465467
-0.004711644257319
-0.004080802047745
-0.003196604883942
-0.001719245069316
0.000310929599129
0.002469489422201
0.004203672442743
0.005093122896669
0.005146448363129
0.004643624288113
0.003670453519643
0.002223529115731
0.000572663526324
-0.000923384960955
-0.002139361953867
-0.003093285892989
-0.003805467422220
-0.004291546061681
-0.004466944408809
-0.004229886458363
-0.003744031366924
-0.003287660171661
-0.002832997971318
-0.002130668087903
-0.001123466729016
-0.000009941561322
0.000981345104804
0.001757227200989
0.002400415110639
0.002990038047859
0.003404127964910
0.003415534418278
0.002827308976106
0.001514561714357
-0.000432398800848
-0.002619716042792
-0.004544802433347
-0.005881706390612
-0.006597725089855
-0.006878255456260
-0.006890573845949
-0.006603329022291
-0.005847523557714
-0.004434891516733
-0.002310623380102
0.000305380850384
0.003040005162777
0.005508426712599
0.007311918872039
0.008204141304602
0.008283447742066
0.007830884278042
0.007029452811645
0.005976065734799
0.004775796630581
0.003462612559640
0.002048122704247
0.000689436078942
-0.000376454359088
-0.001011446955049
-0.001238539115760
-0.001190365922386
-0.000992037499162
-0.000668207411906
-0.000153578971423
0.000603639589287
0.001568982553980
0.002639634724329
0.003673050725234
0.004521185503816
0.005065070076170
0.005212345802920
0.004912935276537
0.004175660601419
0.003052812104115
0.001676462582806
0.000273100407860
-0.000973052856429
-0.001983849874290
-0.002609360526541
-0.002593929033287
-0.001878519518735
-0.000702867889590
0.000683497131970
0.002138878746373
0.003458664136050
0.004353652325282
0.004616920817393
0.004242800128163
0.003405155377511
0.002287032407795
0.000982632760097
-0.000385001297099
-0.001649806104154
-0.002726623445730
-0.003480928003394
-0.003556932896193
-0.002684030015952
-0.001034857999158
0.000969521832186
0.002904132249814
0.004347966979108
0.005108940006109
0.005362869536975
0.005353238409265
0.005140558620870
0.004636183017928
0.003731396395089
0.002391241479193
0.000689420136331
-0.001156937630940
-0.002835720922059
-0.004076951372903
-0.004698871766022
-0.004637822361905
-0.004050369833484
-0.003256830882727
-0.002522551548504
-0.002023406998248
-0.001882777393276
-0.002058163710162
-0.002425620039154
-0.002967182931838
-0.003639163061703
-0.004242166079318
-0.004545463975697
-0.004372791513470
-0.003639156244269
-0.002493924218147
-0.001299198117255
-0.000334539903092
0.000345875770369
0.000797567342680
0.001079635394449
0.001216478032772
0.001235097848160
0.001232094705960
0.001307057259205
0.001435492235664
0.001492482760151
0.001335486192735
0.000812171087288
-0.000137965736981
-0.001368169074724
-0.002592132165681
-0.003467548975337
-0.003758916098713
-0.003551339702584
-0.003094806949240
-0.002500275352973
-0.001770477405646
-0.000958807128582
-0.000127356168398
0.000705942119239
0.001422114315058
0.001774459745721
0.001632146481592
0.001082968854717
0.000209718457254
-0.001032336112404
-0.002567820437225
-0.004140105575790
-0.005634765385555
-0.007064580635543
-0.008194579866527
-0.008522414077316
-0.007704112216112
-0.005883720168502
-0.003612523693507
-0.001581350468805
-0.000303478125232
0.000177357301700
0.000178731010540
-0.000015432105600
-0.000254155671567
-0.000413459668681
-0.000452386723059
-0.000405992463171
-0.000224193377902
0.000212943393315
0.000954500600425
0.001943590098990
0.002999452791243
0.003856460671820
0.004387222634235
0.004728144359102
0.005064974709525
0.005322436397475
0.005163663272953
0.004333434830758
0.002893098750938
0.001177195867769
-0.000293022348667
-0.001037088582537
-0.000953289331071
-0.000324654690638
0.000474304295368
0.001208966592275
0.001850478270830
0.002462604763517
0.003041446075145
0.003515380396510
0.003800198282284
0.003760346071622
0.003243834797924
0.002298179179108
0.001218262510048
0.000230390629244
-0.000640362934301
-0.001351732100613
-0.001819232522720
-0.001984239276534
-0.001752159635467
-0.001081595233144
-0.000053405774798
0.001285872376215
0.002959082138842
0.004835168863867
0.006547379922789
0.007727552971376
0.008191175793049
0.007935571875130
0.007034138689835
0.005517654505968
0.003483558225186
0.001238351407730
-0.000824288103470
-0.002395252713294
-0.003325147859462
-0.003643510319295
-0.003477163909721
-0.002894622613899
-0.001884932304269
-0.000500388245408
0.001106848789077
0.002714399110453
0.003991008098804
0.004631300843204
0.004605860070203
0.004140216299469
0.003454358287834
0.002629800190467
0.001681472337301
0.000550917741398
-0.000904677614481
-0.002675780820797
-0.004469864701591
-0.005937766421095
-0.006862079409114
-0.007131938688741
-0.006778276914881
-0.005979366849683
-0.004796029254983
-0.003089148366787
-0.000842755071736
0.001694282797771
0.004176461138895
0.006276976330548
0.007770610625338
0.008591434913270
0.008663068928617
0.007851111016123
0.006275933307298
0.004292815764477
0.002141054786370
-0.000024428282230
-0.001981765992197
-0.003511645353972
-0.004460236927819
-0.004754273658605
-0.004424718982640
-0.003634772659428
-0.002598213981903
-0.001414778696733
-0.000098309230543
0.001292247721148
0.002618063247123
0.003641190636883
0.004083757176131
0.003827960114291
0.003024136868145
0.001951282579693
0.000840718110618
-0.000208601377065
-0.001249059665051
-0.002283134727656
-0.003111390321354
-0.003545158334941
-0.003575596921848
-0.003319196491629
-0.002977150930852
-0.002774477842392
-0.002746789929607
-0.002660344907869
-0.002359497616343
-0.001968040799788
-0.001603948717410
-0.001293002859800
-0.001157646930348
-0.001316699613045
-0.001637106231693
-0.001785207911509
-0.001540570084932
-0.000973390233627
-0.000384067591099
-0.000191342070844
-0.000641310883667
-0.001487034329405
-0.002205263364960
-0.002466832572222
-0.002206226812372
-0.001546410837539
-0.000811200804367
-0.000298299957635
-0.000029045825132
0.000108756906130
0.000136616235449
0.000026137697922
-0.000206835405027
-0.000504168433371
-0.000757663226087
-0.000855236194686
-0.000758755705861
-0.000482094609089
-0.000124776908866
0.000056537474136
-0.000181318818372
-0.000782863231154
-0.001444321645951
-0.001982616153534
-0.002421889078966
-0.002726182360162
-0.002730803871863
-0.002273401865085
-0.001272511936094
0.000116472177418
0.001390251009073
0.002005876728201
0.001820379973176
0.001110842354727
0.000362932037225
0.000057478404308
0.000317474340032
0.000764026749190
0.000870964269581
0.000357041931631
-0.000716041636149
-0.002019461319796
-0.003138660634568
-0.003814614517315
-0.003977684240872
-0.003556615534440
-0.002473713917070
-0.000775415031818
0.001378902141947
0.003729309663357
0.005928442069292
0.007594583259406
0.008341866502774
0.007953024820101
0.006615085298584
0.004811518429224
0.002920147023577
0.001105397539783
-0.000439385729666
-0.001497180255543
-0.002081548253606
-0.002456908122750
-0.002917054639461
-0.003587043446980
-0.004353084511039
-0.004915624748395
-0.004923458355011
-0.004138357915103
-0.002582903141646
-0.000611377442770
0.001198510566419
0.002378907485742
0.002838127013504
0.002748962721884
0.002311818520657
0.001675473629813
0.000877061188544
-0.000119280170464
-0.001147154116434
-0.001748041952045
-0.001512371371040
-0.000430349762076
0.001156691547317
0.002880331474656
0.004457362897322
0.005622617768252
0.006293124997548
0.006685068377688
0.007057186489005
0.007410987015467
0.007442017630168
0.006710552877222
0.004934887428995
0.002262877251236
-0.000811008959343
-0.003785488197664
-0.006223854610919
-0.007771988201737
-0.008306945203723
-0.007833326033088
-0.006424921105976
-0.004415850029899
-0.002275954497689
-0.000214968343796
0.001808872985272
0.003694213872231
0.005142309258067
0.005960535857610
0.006107559345721
0.005617944802352
0.004661914462035
0.003459158909405
0.002112522616742
0.000641299239007
-0.000867033490675
-0.002225430429084
-0.003245934475051
-0.003768533379731
-0.003601115128457
-0.002530424823025
-0.000556020037641
0.001853761366927
0.004045279114364
0.005742977791751
0.006973802381006
0.007599801604704
0.007379371469512
0.006303781934200
0.004535385613262
0.002236066100513
-0.000430385233142
-0.003303208701307
-0.006084317001609
-0.008218523621685
-0.009266729443487
-0.009247609605947
-0.008358230169094
-0.006747478531529
-0.004710231140757
-0.002606399808489
-0.000622561012980
0.001056551987485
0.002170696515756
0.002689194819262
0.002839082994881
0.002751813085611
0.002379820646222
0.001703507084478
0.000796122207764
-0.000125311248491
-0.000660546294511
-0.000506601911141
0.000306033790079
0.001558061254259
0.002933362764523
0.003988422310116
0.004421901365199
0.004332745752002
0.003934028658816
0.003238892901699
0.002223894469860
0.000963615262491
-0.000434410689233
-0.001733735355949
-0.002564078551174
-0.002775973608998
-0.002640090937283
-0.002481978008987
-0.002264736338336
-0.001732464531893
-0.000812988832634
0.000320617165668
0.001418022357030
0.002180400223937
0.002320340052959
0.001799175719050
0.000894067650005
-0.000013533147001
-0.000672501455891
-0.001070429668341
-0.001311843079942
-0.001374225846831
-0.001127106130104
-0.000578911764835
0.000124531792634
0.000891643153488
0.001625532454049
0.002130267802714
0.002278113379156
0.002054993126632
0.001436099905873
0.000446894659472
-0.000803648606221
-0.002279731859054
-0.004014406016811
-0.005925055872633
-0.007793140567441
-0.009399917445324
-0.010561802201164
-0.011094916054886
-0.010854201311775
-0.009807305283867
-0.008086718590693
-0.005986599332522
-0.003845471486429
-0.001889136999828
-0.000225551524044
0.001031122123973
0.001750671452855
0.001898865816636
0.001560662982893
0.000853020817623
-0.000090863816845
-0.000997583373003
-0.001460809105780
-0.001236705860638
-0.000429305961137
0.000683011763529
0.001821254759293
0.002750643217267
0.003447597865498
0.004105158340247
0.004716089968940
0.004921808155075
0.004478810649017
0.003577741713054
0.002590268403498
0.001783048194386
0.001291679752572
0.001072520855840
0.000967170654439
0.000953979156978
0.001074336015327
0.001218624783353
0.001304840679877
0.001469175403644
0.001854880520856
0.002406063334974
0.003015510205061
0.003652086434541
0.004284096808725
0.004876434487913
0.005410434319171
0.005812154876432
0.005936986513008
0.005718574548935
0.005271202959584
0.004661596598141
0.003747284122657
0.002430675673163
0.000871913343259
-0.000570063683468
-0.001575144486441
-0.002123100460663
-0.002395921260440
-0.002484472292064
-0.002393967715361
-0.002230371791842
-0.002148626908435
-0.002148576335901
-0.002135497123872
-0.002082362493265
-0.001997928283844
-0.001951634315734
-0.002150662199104
-0.002703917269949
-0.003376085935562
-0.003888576410240
-0.004215777255826
-0.004316234899042
-0.004052887226403
-0.003534997639684
-0.003051296928122
-0.002712656457836
-0.002469350044696
-0.002261980350094
-0.002006933462784
-0.001608058468823
-0.001023946082441
-0.000301736164271
0.000443459114524
0.001139706543439
0.001845852708132
0.002601369197227
0.003199846119533
0.003316575037850
0.002851455620467
0.001919237300219
0.000575959612909
-0.001157362243618
-0.003072617728663
-0.004868066990326
-0.006372297121961
-0.007451209113054
-0.007920281479319
-0.007749704797357
-0.007155524941159
-0.006423561282711
-0.005707165311890
-0.004888005373026
-0.003663013021096
-0.001931060967239
0.000034349308019
0.001882591385913
0.003361853729729
0.004212244783488
0.004301681160035
0.003815820686131
0.003044113610384
0.002218776138797
0.001607894724277
0.001409854100859
0.001652705287645
0.002296919578481
0.003188909562283
0.004036569850821
0.004628054340655
0.004888390045435
0.004726320273654
0.004107648224446
0.003204238782294
0.002228751765504
0.001282337358655
0.000461784355898
-0.000138733419756
-0.000553381769593
-0.000871411890687
-0.001103061442070
-0.001258285017948
-0.001424546699960
-0.001704025467755
-0.002191162001411
-0.002897118312742
-0.003599776271569
-0.004017088250780
-0.004209221930233
-0.004479460640996
-0.004860372498038
-0.005055134922739
-0.004759713748337
-0.003805208260296
-0.002242824136127
-0.000366756377021
0.001442941658504
0.002773297198749
0.003225224775019
0.002713611993324
0.001650285864356
0.000596759912563
-0.000204464492588
-0.000774953523001
-0.001111829792882
-0.001167481890512
-0.000918427910424
-0.000362385459272
0.000438917982110
0.001321500654044
0.002147489909412
0.002855863203467
0.003301415131555
0.003367381911185
0.003197457384280
0.002992161894036
0.002789530070157
0.002572679918165
0.002351045440958
0.002175951550451
0.002194146857145
0.002515263312460
0.002947989536181
0.003119019533623
0.002880959717702
0.002361978597294
0.001758532335194
0.001222051015919
0.000750962690239
0.000211024139724
-0.000439557832275
-0.001054042706422
-0.001462126913396
-0.001603060434431
-0.001477725204271
-0.001166740566051
-0.000863349031737
-0.000692437829852
-0.000636976052784
-0.000695447202530
-0.000853182869605
-0.000922836210443
-0.000685445602921
-0.000159012350596
0.000477966717662
0.001101073995149
0.001592915392094
0.001781448178405
0.001572192069034
0.001028332955696
0.000313336213599
-0.000359045394134
-0.000765127716441
-0.000819078991189
-0.000674882429839
-0.000534921335391
-0.000420427687933
-0.000247304279985
0.000008858533885
0.000318065423158
0.000642515970110
0.000972433875296
0.001364102281744
0.001881914607307
0.002537246414485
0.003262679026410
0.003846778969149
0.003981133822590
0.003494821970007
0.002541687839991
0.001469568587458
0.000539891622291
-0.000121088253236
-0.000450706135624
-0.000441949830220
-0.000145118735111
0.000333724275179
0.000880310848225
0.001396781003691
0.001783528064743
0.001983975171047
0.002037440683174
0.002054427525455
0.002056325881187
0.001874148330064
0.001322416149451
0.000367086009925
-0.000910658152053
-0.002386035609257
-0.003887365261950
-0.005195709085023
-0.006068129866209
-0.006248354620826
-0.005664820479534
-0.004616467162845
-0.003482350691644
-0.002388997048989
-0.001300563439255
-0.000185824556856
0.000927939073137
0.001880258194808
0.002361815813422
0.002093605138488
0.001075241980005
-0.000344122607403
-0.001660902723764
-0.002541213192202
-0.002915352416552
-0.002779830962142
-0.002146736510491
-0.001135200211435
0.000084093710721
0.001333207397587
0.002468363705790
0.003465563242376
0.004285665753811
0.004716578369311
0.004557298311082
0.003864854570384
0.002898041926678
0.001917487579829
0.001101593678465
0.000544418643696
0.000224511947418
0.000004268936276
-0.000253936622007
-0.000603794983709
-0.001004123266529
-0.001250207116497
-0.001107137886208
-0.000654733556948
-0.000211618643828
0.000022975596688
-0.000077832619772
-0.000663929521860
-0.001609271607831
-0.002467497414999
-0.002944242407754
-0.003112130641890
-0.003168894113085
-0.003257103125452
-0.003421862548017
-0.003555041376036
-0.003435127938314
-0.002973079796068
-0.002344615066579
-0.001774415097388
-0.001415576047214
-0.001391301143788
-0.001686359882810
-0.002135193763793
-0.002568393107638
-0.002850105074769
-0.002884046449541
-0.002697986141038
-0.002426225538454
-0.002122802007802
-0.001746734484528
-0.001291908133965
-0.000712323879300
0.000029204815428
0.000742355406347
0.001227754035256
0.001569184534304
0.001824500680439
0.001775618766828
0.001303925062067
0.000587849643565
-0.000182777177680
-0.000846304944674
-0.001201253820704
-0.001272719829826
-0.001282497871367
-0.001215202842366
-0.000885084471115
-0.000353936864388
0.000158817491752
0.000620022169536
0.001184875710485
0.001995175944739
0.003042557198552
0.004145940695294
0.005082112424207
0.005792317419880
0.006319894661419
0.006549084055474
0.006329076245142
0.005756700878388
0.005028101919574
0.004171701633660
0.003070191030552
0.001623870392949
-0.000137451772646
-0.001990978290744
-0.003622751759079
-0.004896943183162
-0.005835374600810
-0.006392721142239
-0.006504900882454
-0.006113089637589
-0.005074199412366
-0.003410474438261
-0.001513921194480
0.000230641023242
0.001758452512472
0.003007994054216
0.003684079389882
0.003559591464693
0.002689682725965
0.001327248424228
-0.000155639916776
-0.001432797428557
-0.002381339300995
-0.002938782809743
-0.002984235297396
-0.002511966838974
-0.001661556441567
-0.000539172445217
0.000724946080656
0.001857632837364
0.002610704481853
0.002933649070165
0.002852793452907
0.002336129487675
0.001392212764780
0.000079976653503
-0.001584669402358
-0.003479576518916
-0.005270551538028
-0.006616207502118
-0.007309551037384
-0.007249929133565
-0.006540406963381
-0.005534722110420
-0.004500033547821
-0.003315779760104
-0.001702711125625
0.000374081715819
0.002617008701607
0.004547864712985
0.005734445295564
0.006056103319792
0.005745949365221
0.005093752751053
0.004318626910986
0.003705443730260
0.003404198900820
0.003175576118749
0.002690186923004
0.001904289398879
0.000999211390814
0.000088886273488
-0.000894851023662
-0.002028502297464
-0.003164397640172
-0.003917273915243
-0.004045555101373
-0.003761203005085
-0.003432567819535
-0.003208216410017
-0.003046857372062
-0.002841215222478
-0.002490672535425
-0.001995065985574
-0.001406852466238
-0.000685532821651
0.000174550747673
0.000976833600129
0.001552846117264
0.001932074691813
0.002203631092655
0.002412790959195
0.002496162178360
0.002326388595215
0.001953365827079
0.001690092941897
0.001818089487583
0.002314508783561
0.002974525742583
0.003611130309212
0.004127006766208
0.004554097523131
0.004919598634558
0.005059774483703
0.004788325070655
0.004202714472396
0.003484605349620
0.002504049872607
0.001024927585778
-0.000843334071130
-0.002644759474878
-0.003877246942827
-0.004247489331275
-0.003753564999933
-0.002583044701839
-0.001006405128813
0.000636395575024
0.002009413279914
0.002893308677145
0.003162294659298
0.002732871965655
0.001650100775628
0.000192635532661
-0.001258506051869
-0.002468834835639
-0.003294133179639
-0.003585548067973
-0.003414124472595
-0.003043647434491
-0.002562106777742
-0.001842648723426
-0.000774774513745
0.000576247076972
0.001863802629145
0.002613473235755
0.002646077366293
0.002175876259581
0.001446252246900
0.000476379509432
-0.000832696912473
-0.002434049343593
-0.004013985026247
-0.005179807642149
-0.005623631803931
-0.005096781750272
-0.003507219404111
-0.001104161147298
0.001554521889810
0.003884525407784
0.005543044290289
0.006461862836127
0.006761119339202
0.006623212241971
0.006072341538343
0.004944970541078
0.003232994093166
0.001290250983710
-0.000461814473557
-0.001839540938894
-0.002778506482990
-0.003193164055324
-0.003083518805341
-0.002520208186824
-0.001519329429225
-0.000119196354615
0.001496750781206
0.003084716764901
0.004447886992602
0.005345958531494
0.005488430670775
0.004741870134465
0.003203985497033
0.001123051807170
-0.001119575109697
-0.003047958924891
-0.004269041988516
-0.004634573904752
-0.004232390834048
-0.003290738781410
-0.002106132558886
-0.000982362908196
-0.000142544336388
0.000344242887180
0.000579977890740
0.000725901660362
0.000755805694044
0.000449909186937
-0.000345171629251
-0.001710607972687
-0.003685634691986
-0.005910117268303
-0.007498269919380
-0.007628098606601
-0.006164231600394
-0.003602026033227
-0.000594015195396
0.002320997892474
0.004696800902100
0.006192431446480
0.006729145347517
0.006506653579733
0.005753573694117
0.004562397356931
0.003026224358900
0.001389283308360
-0.000068618954894
-0.001160033296980
-0.001703162435989
-0.001606281277483
-0.001120739730407
-0.000698324694073
-0.000603510967900
-0.000809281955382
-0.001179353502159
-0.001708880387635
-0.002538907156824
-0.003637016207030
-0.004637369068287
-0.005152055267171
-0.005057969729327
-0.004476561088033
-0.003683109831987
-0.002926745362705
-0.002238548100577
-0.001510897778834
-0.000699901891821
0.000086286065698
0.000630541217743
0.000727407853574
0.000306024996580
-0.000540208547376
-0.001636581585053
-0.002719118327225
-0.003475466363971
-0.003817002928420
-0.003892835783456
-0.003773035172515
-0.003309766795372
-0.002293679197963
-0.000736704688511
0.001039370543057
0.002659395432290
0.003910452028524
0.004689790336341
0.004936913413491
0.004652037411329
0.003887658976262
0.002765270416477
0.001435892256621
-0.000099413877579
-0.001865845276890
-0.003557490605333
-0.004669015564004
-0.004929489570597
-0.004430256231371
-0.003482948813068
-0.002362652806864
-0.001079679201117
0.000504531328068
0.002290687792417
0.003867660235075
0.004898402139815
0.005350978372707
0.005319140609881
0.004971700611962
0.004708563457367
0.004927840357580
0.005586687408227
0.006227456955729
0.006343669900959
0.005719421290219
0.004567645043083
0.003326449855062
0.002338325580110
0.001666853503303
0.001109392046794
0.000391742601643
-0.000648883845229
-0.001966410110519
-0.003317048098210
-0.004445247548429
-0.005228703358361
-0.005635474384118
-0.005639682398483
-0.005218056862499
-0.004416291073819
-0.003380078881838
-0.002313297019733
-0.001365590702122
-0.000542781058453
0.000179585870334
0.000775691831119
0.001284775652543
0.001748909211707
0.002037459943053
0.001970373536321
0.001565220053433
0.001040519548981
0.000661271493735
0.000623440605565
0.000964006989661
0.001565942922040
0.002234685581910
0.002729452503604
0.002928748853147
0.002949383615055
0.002839324037873
0.002381279286897
0.001490064077115
0.000456663026901
-0.000398478344915
-0.000932085272042
-0.001069275243384
-0.000783474937303
-0.000043317634313
0.001218098575496
0.002899821298581
0.004606792396375
0.005870259654640
0.006442432973746
0.006336857913626
0.005748520343996
0.004924912856273
0.003935959700720
0.002698455472452
0.001276400573187
-0.000077700338954
-0.001200137879396
-0.002082286310277
-0.002633436636435
-0.002675850830537
-0.002209379312745
-0.001508354298006
-0.000965676354391
-0.000849769900659
-0.001214794316184
-0.001987114444516
-0.003020347293131
-0.004121254086341
-0.005064088392265
-0.005647900652084
-0.005855878467203
-0.005814755406631
-0.005566256308452
-0.005078305341536
-0.004383885200319
-0.003535099571917
-0.002628000258801
-0.001917570552603
-0.001540468321182
-0.001316169772135
-0.001185706448384
-0.001326642488464
-0.001647734224232
-0.001796999120128
-0.001653227914192
-0.001344514848996
-0.000970481266261
-0.000602240866573
-0.000260200255002
0.000205724539922
0.000879362163061
0.001593914163483
0.002243527840715
0.002947959762181
0.003822684649259
0.004844491198438
0.005831999475132
0.006448991158366
0.006431973241978
0.005812420094799
0.004755448604648
0.003351388863012
0.001773459095034
0.000401429602813
-0.000460268450774
-0.000792912088844
-0.000696217546001
-0.000253771512229
0.000405888584585
0.001065231047711
0.001450888874865
0.001309928167024
0.000502391612798
-0.000934595047442
-0.002795001280152
-0.004714368161367
-0.006215064059480
-0.006978820510698
-0.007044530846602
-0.006606601334557
-0.005817027133370
-0.004788332794042
-0.003565481040783
-0.002098947238997
-0.000306398662223
0.001730314773686
0.003589782152421
0.004712575120457
0.004804670892635
0.003999388503559
0.002671470237227
0.001161818863464
-0.000283256479498
-0.001495356842896
-0.002418295651600
-0.003052365558345
-0.003334393438938
-0.003124350805087
-0.002392466311262
-0.001327842115582
-0.000127553198267
0.001153777961207
0.002461848385219
0.003649284725444
0.004588554246983
0.005207854336142
0.005368794351602
0.004923415895258
0.003933294550118
0.002656239402518
0.001348032402698
0.000181079716759
-0.000769996450457
-0.001572670705973
-0.002311426959047
-0.002898183818328
-0.003144903048918
-0.002962354927218
-0.002447928052855
-0.001768591175964
-0.001017131642207
-0.000310887495161
0.000200363966202
0.000521983852842
0.000722812682825
0.000730693719523
0.000459161727130
-0.000017500660292
-0.000596502785506
-0.001224140311015
-0.001721111625699
-0.001860772860611
-0.001630737852719
-0.001193479728487
-0.000698170773649
-0.000179431990443
0.000384855875074
0.000890962524661
0.001059377624938
0.000693913300598
-0.000005152566836
-0.000645540452585
-0.001139321652928
-0.001668392337339
-0.002280077700524
-0.002783909313754
-0.002959496853444
-0.002746630640411
-0.002286043725200
-0.001827620394292
-0.001522560619208
-0.001318756418558
-0.001148596083644
-0.001024629970800
-0.000884668158802
-0.000640248376342
-0.000326814921416
-0.000007799675180
0.000256069721524
0.000320265367254
0.000107380206356
-0.000245600941891
-0.000545442261593
-0.000703610687692
-0.000679142224169
-0.000421532407716
0.000019570487209
0.000418022431978
0.000520703931935
0.000254750920011
-0.000216365920007
-0.000610331869890
-0.000756976360867
-0.000704562816799
-0.000569873337536
-0.000419279437015
-0.000305293695270
-0.000250557328271
-0.000207786773290
-0.000138825803416
-0.000046132405358
0.000115246910612
0.000386010172423
0.000692360949509
0.000949886663677
0.001159806017366
0.001284352649823
0.001184707718239
0.000802889699757
0.000243938010803
-0.000339892811970
-0.000723441261514
-0.000659650001669
-0.000143852809888
0.000661707284850
0.001665515599767
0.002715544728541
0.003542867090119
0.003993702305812
0.004010520007283
0.003595457853926
0.003070465082967
0.002830557280903
0.002746068279440
0.002424293347079
0.001842908225517
0.001252315711829
0.000795774295596
0.000469513362154
0.000181976294434
-0.000181560688369
-0.000559601315837
-0.000766709671216
-0.000829710783543
-0.000877926061724
-0.000809047645971
-0.000515316019574
-0.000172321601059
0.000048348088903
0.000234850792244
0.000471529736980
0.000632783939125
0.000562693385829
0.000194104645146
-0.000479712618603
-0.001344385066794
-0.002222247726903
-0.003052945027202
-0.003789571806312
-0.004265133938917
-0.004388085807506
-0.004183077405942
-0.003609097441158
-0.002718837253505
-0.001850358911069
-0.001298040569755
-0.001017337760852
-0.000869972508033
-0.000824403475552
-0.000798154508714
-0.000662390632879
-0.000394678076411
-0.000005356814514
0.000505135176151
0.001075420975287
0.001678748943765
0.002360251328637
0.003017971051454
0.003385198727660
0.003362902675556
0.003116242482620
0.002862522250467
0.002727340369368
0.002652835128607
0.002479170112787
0.002131510488731
0.001589582507871
0.000903698167284
0.000272148489987
-0.000141127452978
-0.000398497000937
-0.000661329171375
-0.000870720233032
-0.000754477789389
-0.000216561354212
0.000550083066811
0.001337233651213
0.002087618369395
0.002740544581806
0.003093658625955
0.002986124495534
0.002426517544258
0.001517876357671
0.000464817973826
-0.000537253349994
-0.001509054349853
-0.002512192310786
-0.003336591641341
-0.003608924725724
-0.003061744525159
-0.001618985529701
0.000481023625330
0.002686195858258
0.004494696831322
0.005656925874448
0.006033986532887
0.005587981332097
0.004499592951892
0.003081195996725
0.001564128436253
-0.000003171755856
-0.001643174921111
-0.003180858773205
-0.004235145684487
-0.004555724341853
-0.004148886936271
-0.003157890773869
-0.001827396813604
-0.000415623729229
0.000940240723283
0.002120263283588
0.002869976199464
0.003001708738922
0.002647190270630
0.002074190988941
0.001391452431483
0.000594509632427
-0.000221842111757
-0.000890462539456
-0.001431686649051
-0.002008236878776
-0.002562805231372
-0.002759131378594
-0.002240000237026
-0.000935061724706
0.000766260523648
0.002331539275976
0.003516258238157
0.004256275356307
0.004441648298552
0.004096764765823
0.003454578692491
0.002597840159877
0.001404455222488
-0.000110739462846
-0.001757573890040
-0.003216895074127
-0.003972899777588
-0.003602019823330
-0.002226407996347
-0.000433901296919
0.001228562516660
0.002428020136432
0.002998248717926
0.003042919905511
0.002726997658131
0.002016058354642
0.000967583509742
-0.000117475610699
-0.001043292193737
-0.001803228007735
-0.002354902737076
-0.002663808416028
-0.002789578930416
-0.002721848043184
-0.002390770907383
-0.001863103369432
-0.001273644225907
-0.000677762534411
-0.000179952484227
-0.000029065462578
-0.000349493092465
-0.000947845648590
-0.001572716089525
-0.002160352365588
-0.002733391451689
-0.003267977950528
-0.003731021598762
-0.004088603102010
-0.004183064774266
-0.003746938717815
-0.002650987039537
-0.001045672632283
0.000762200396815
0.002461846013542
0.003785595164595
0.004517606402397
0.004520056744507
0.003849497299127
0.002807475423013
0.001677606453662
0.000497508495302
-0.000746781763058
-0.001859604320817
-0.002527344654879
-0.002631311002570
-0.002394360609002
-0.002144225104784
-0.001981629253384
-0.001849579301530
-0.001780819097652
-0.001789754459933
-0.001793915424207
-0.001908245621699
-0.002410287440644
-0.003307756000142
-0.004300128519694
-0.005049091482172
-0.005284641100151
-0.004888955780397
-0.004004353642761
-0.002822992533082
-0.001358870948159
0.000285038046970
0.001792471476057
0.002960169470234
0.003722020275565
0.003931049359512
0.003407596198049
0.002115017865904
0.000269904515621
-0.001690296626670
-0.003354648555646
-0.004552624554385
-0.005203778614707
-0.005136693994585
-0.004342154603714
-0.003152346246303
-0.001886018002880
-0.000607169537595
0.000578280401398
0.001336856965148
0.001430681828406
0.000987005559906
0.000391765114226
0.000041314067619
0.000037602191756
0.000077844056809
-0.000187292134393
-0.000783793483568
-0.001510887156261
-0.002125601182956
-0.002376561405295
-0.002245038884368
-0.002033867986554
-0.001882800308988
-0.001537132324770
-0.000796126073642
0.000207057990148
0.001260499611124
0.002264065671733
0.003114857465495
0.003616788464084
0.003515916511969
0.002675238681975
0.001290607099966
-0.000218616475332
-0.001485350853501
-0.002298037043828
-0.002572967921795
-0.002243339383169
-0.001308368325210
-0.000016267169777
0.001220162598797
0.002076448756045
0.002505759703740
0.002710546059543
0.002832061100555
0.002806566977459
0.002579050735085
0.002220773034523
0.001785887379011
0.001259399051890
0.000670099204170
0.000106986071663
-0.000277799202064
-0.000282296376794
0.000124375899379
0.000755970529423
0.001517781254099
0.002500716996579
0.003691603931287
0.004864553821762
0.005828387565554
0.006490343703962
0.006704475428657
0.006361911330183
0.005562315319487
0.004557544764969
0.003579349213020
0.002716912123003
0.001834765683690
0.000599693304120
-0.001154309285651
-0.003120130806677
-0.004837329646116
-0.006078351744275
-0.006720837611814
-0.006607624480199
-0.005720943423469
-0.004248738625145
-0.002414299805081
-0.000450656747414
0.001264527013814
0.002307654664682
0.002512932413599
0.002050220566972
0.001187007422422
0.000095700621162
-0.001076971272877
-0.002128149041921
-0.002914481091621
-0.003455607860837
-0.003816217341893
-0.003965548083940
-0.003841456998244
-0.003395467623118
-0.002561001866101
-0.001428096267771
-0.000346612151329
0.000386266847819
0.000775124333602
0.000944654324800
0.000948931621016
0.000771460101860
0.000311938253163
-0.000504731281006
-0.001536648492081
-0.002473985105174
-0.003060218116046
-0.003217203158357
-0.002970272660316
-0.002386270326068
-0.001626270523243
-0.000840397644168
-0.000005734010560
0.000961236034270
0.001976608241469
0.002774481049741
0.003114445964921
0.002949603925144
0.002393492271862
0.001628845174973
0.000897339436595
0.000415768800074
0.000146575258375
-0.000183259382147
-0.000749588386061
-0.001551146497024
-0.002572197238015
-0.003700753810490
-0.004607540427939
-0.005020432186883
-0.004976453208170
-0.004574188662942
-0.003756002238051
-0.002440616309544
-0.000641161175640
0.001419669597640
0.003264258446512
0.004488087238146
0.005074382649600
0.005206126798263
0.004957870111060
0.004333752323136
0.003407305576221
0.002304214101995
0.001158056585926
0.000130584909193
-0.000639198678143
-0.001141492265628
-0.001369213664112
-0.001184939148573
-0.000538164193481
0.000434775674383
0.001624415284892
0.002988219225687
0.004359255025295
0.005345396232634
0.005531491293021
0.004810046427270
0.003422725819708
0.001709614054910
-0.000077726194547
-0.001693254578686
-0.002847222996297
-0.003408840628741
-0.003447200554196
-0.003066507227935
-0.002366362865464
-0.001423334263551
-0.000238296632755
0.001181013915404
0.002658321065768
0.003883225248065
0.004698980103797
0.005219968503511
0.005557223635865
0.005575120117358
0.005034586729114
0.003887005115231
0.002326388164211
0.000642661694010
-0.000922077211315
-0.002233580812521
-0.003177440660797
-0.003606435188315
-0.003460750330840
-0.002856968453906
-0.002045995341430
-0.001288855903182
-0.000690991081773
-0.000179179077425
0.000301149966249
0.000694871492993
0.000973359528663
0.001177535245495
0.001366444332748
0.001625385393788
0.001963905757975
0.002221134564700
0.002266816141947
0.002180489164676
0.002074226481836
0.001885893814321
0.001450949592042
0.000665226138037
-0.000433699606395
-0.001653005574332
-0.002733968820580
-0.003497232458252
-0.003879566871084
-0.003859554746233
-0.003480450388944
-0.002870583435819
-0.002046730718159
-0.000932034381650
0.000348126230674
0.001514927250730
0.002344879555073
0.002644437091325
0.002332891609874
0.001622992119034
0.000812801842168
-0.000004842871882
-0.000773768971588
-0.001363531644251
-0.001761570022349
-0.001997520095707
-0.001989533321499
-0.001675068002375
-0.001087016906489
-0.000237368922817
0.000883493682839
0.002061158604054
0.002822037515007
0.002822831606366
0.002050199680513
0.000658613606486
-0.001082759621283
-0.002717036908327
-0.003748010544649
-0.003979822958999
-0.003591169147591
-0.002856167067364
-0.001907054341300
-0.000770436097516
0.000419799749763
0.001392963614748
0.001979168405145
0.002196362326792
0.002081514434607
0.001649993845771
0.001079710074681
0.000669934334390
0.000494662784126
0.000360575013731
0.000137183853083
-0.000103132277367
-0.000194826286990
-0.000034219059377
0.000264255729244
0.000445864649047
0.000421606409407
0.000344050564380
0.000398253257945
0.000654103249679
0.001034073265144
0.001325575511095
0.001307877928846
0.000935558624340
0.000383025153347
-0.000071708366280
-0.000176089022327
0.000166253691327
0.000792512060312
0.001378886216642
0.001635130391367
0.001437961344672
0.000888494850854
0.000179451569057
-0.000584296706623
-0.001373695458051
-0.002166114559872
-0.002929361823768
-0.003522334285529
-0.003685656645233
-0.003390689066091
-0.002934164809467
-0.002472612034975
-0.001946913400315
-0.001444801377740
-0.001127299508680
-0.000978043197723
-0.000893733867485
-0.000870141109590
-0.000982933427348
-0.001196531319948
-0.001318478214741
-0.001181181713114
-0.000868298521085
-0.000779703449410
-0.001285632792704
-0.002317220455658
-0.003439095473242
-0.004203622863840
-0.004372271712468
-0.003926443078133
-0.002996942678724
-0.001774837951404
-0.000404932642731
0.001017835331669
0.002375797543463
0.003574518464246
0.004630787227996
0.005549471877435
0.006187456805852
0.006436485234171
0.006423319607889
0.006422310437378
0.006597944652824
0.006773593824411
0.006548892858871
0.005727176519148
0.004479849226325
0.003098656282394
0.001765558808657
0.000544176943102
-0.000530692522563
-0.001374654948585
-0.001887714001435
-0.002032218057244
-0.001851265552389
-0.001507226333986
-0.001150853866416
-0.000713967282566
-0.000100755641352
0.000604302136294
0.001274206906893
0.001817964438309
0.002115414516384
0.002026040205513
0.001486148239430
0.000534002801752
-0.000696800771224
-0.001944773667752
-0.002975636993271
-0.003685635079983
-0.003951133271110
-0.003684450568492
-0.002965596068986
-0.001889611704047
-0.000530199741965
0.000870880058367
0.002019673355338
0.002888941950179
0.003572232999967
0.003998141298467
0.004126388886340
0.004073761051846
0.003884624220174
0.003526374119380
0.003036683268604
0.002441326346729
0.001740973373794
0.001032313184179
0.000380553063947
-0.000242026026904
-0.000725719282872
-0.000923727500163
-0.000934245443352
-0.000886053873391
-0.000728886207789
-0.000520554811660
-0.000529575768282
-0.000879812343630
-0.001450043811311
-0.002142148955423
-0.002912701644565
-0.003624901425064
-0.004102248935238
-0.004275008059827
-0.004223944149461
-0.004043769240478
-0.003692027594157
-0.003096461167312
-0.002317290152280
-0.001462863073856
-0.000530216985827
0.000538321504332
0.001675666893090
0.002689206871057
0.003382771764419
0.003585464481059
0.003160641967477
0.002136436525370
0.000824777926575
-0.000371175373511
-0.001281714126696
-0.001961812886895
-0.002465766659489
-0.002750185268896
-0.002750389716135
-0.002502076214671
-0.002140382003857
-0.001783242846275
-0.001446830808671
-0.001056772836465
-0.000512924829826
0.000254890690047
0.001241772161154
0.002320269911160
0.003276793572894
0.003954792421030
0.004301018267569
0.004323597484904
0.004112700084156
0.003718494553353
0.003021412694003
0.001966240015638
0.000796942554874
-0.000042336102476
-0.000196542214249
0.000315861293351
0.001158293667097
0.002032534329564
0.002835803436979
0.003518289353340
0.003974650024227
0.004124744658504
0.003985462145811
0.003609847547815
0.003012914255376
0.002154254058899
0.000999659329107
-0.000368936934831
-0.001746741215058
-0.002981824049604
-0.004112114755563
-0.005194389368231
-0.006109695062688
-0.006660105802270
-0.006685158808821
-0.006066026984307
-0.004793115860605
-0.003016696110012
-0.000953462803439
0.001164117317225
0.003045709248771
0.004384643194233
0.004944716843666
0.004681273273104
0.003848945491455
0.002853497402310
0.001928928561535
0.001040607894782
0.000120940955376
-0.000811369125137
-0.001783904800471
-0.002755635273147
-0.003407926087863
-0.003424629301130
-0.002882944105045
-0.002115529265701
-0.001338429790273
-0.000576920737066
0.000227685571493
0.001137707560743
0.002107355879786
0.002988645480453
0.003637765211944
0.003840147255172
0.003282217558411
0.001831502995567
-0.000226541663481
-0.002394431877441
-0.004341065159320
-0.005868530484213
-0.006742149307288
-0.006881501724418
-0.006468201570611
-0.005671025742505
-0.004491630430553
-0.002940204733102
-0.001120518621399
0.000849063982417
0.002765282866420
0.004339663625099
0.005427757993998
0.006049799175847
0.006238099943563
0.006025586570936
0.005419128060868
0.004411380769260
0.003115083596661
0.001687468724593
0.000206424741470
-0.001142860968536
-0.002045268543177
-0.002432027504476
-0.002556762182110
-0.002614715374665
-0.002512662779616
-0.002024222849521
-0.001115943277201
-0.000074257186781
0.000730559145047
0.001124047446994
0.001165140895762
0.001053900981525
0.001009843168322
0.001033054233212
0.000815932948985
0.000125415566806
-0.000835099080583
-0.001626282690348
-0.001992813485006
-0.001946308148953
-0.001595003110607
-0.001098472033768
-0.000661888161428
-0.000390276678073
-0.000236330301186
-0.000142915854616
-0.000131326392812
-0.000221515234934
-0.000384658662376
-0.000610880740984
-0.000898297059382
-0.001202298585594
-0.001479028108132
-0.001739348295471
-0.002043800016599
-0.002421690215394
-0.002818767065889
-0.003124846244129
-0.003216584449436
-0.003039487159366
-0.002652250052522
-0.002194095815221
-0.001812514726040
-0.001570453185685
-0.001429328711967
-0.001254464257961
-0.000870745610342
-0.000250681700657
0.000448218711568
0.001107362870652
0.001761124152016
0.002382759070623
0.002738195034973
0.002625556420373
0.002051265685892
0.001138568362013
0.000158975924535
-0.000458803849899
-0.000471601281216
-0.000053410061855
0.000496264037436
0.001015122529809
0.001336034820746
0.001284587723043
0.000909489660963
0.000404903108942
-0.000161533059360
-0.000883402142684
-0.001843058653957
-0.002905172936936
-0.003696546735294
-0.003934461069522
-0.003707372716021
-0.003253875100218
-0.002655613382296
-0.001964629828075
-0.001339130299523
-0.000857716675953
-0.000501791298776
-0.000335122669958
-0.000395417489210
-0.000617632345784
-0.001073862451391
-0.001855970236713
-0.002680525257917
-0.003092193150320
-0.002943576591661
-0.002337112392484
-0.001365299397184
-0.000143514423022
0.001238227007351
0.002822336596517
0.004514118467933
0.005966913238103
0.006961639173811
0.007561933468784
0.007826458499786
0.007652852782278
0.006929484995256
0.005596000611927
0.003656791107523
0.001384714446870
-0.000774638563629
-0.002556158836671
-0.003832575932100
-0.004479305428334
-0.004472569407135
-0.003888134024877
-0.002842112504169
-0.001523670721142
-0.000102551378326
0.001414653925836
0.003003766496381
0.004384582432546
0.005211471485676
0.005304784310500
0.004632903485495
0.003367792666138
0.001859610436537
0.000369554854082
-0.000994044558826
-0.002070374512881
-0.002687539527865
-0.002903229303437
-0.002903304400816
-0.002773995796925
-0.002553219112337
-0.002279286481660
-0.001947658768583
-0.001559219132381
-0.001156870487919
-0.000795893933350
-0.000477084586422
-0.000112189713546
0.000315407616536
0.000606915348481
0.000534803968766
0.000067858359126
-0.000679826650121
-0.001550631453592
-0.002378155990283
-0.003031942505314
-0.003414219313481
-0.003487351880192
-0.003297650114466
-0.002828256166024
-0.001935375638933
-0.000576852149684
0.001023276294986
0.002536645154403
0.003714717222272
0.004461599381002
0.004913251449954
0.005250004874205
0.005387944877620
0.005102125331511
0.004284978834652
0.002959677898995
0.001334524828666
-0.000182170419763
-0.001331185570001
-0.002193680784882
-0.002856982842843
-0.003262282269231
-0.003400654101577
-0.003287487531358
-0.002816717339095
-0.001857472335047
-0.000487808137942
0.000934980044632
0.001930196392410
0.002140048674193
0.001555222086531
0.000429890954176
-0.001039111042293
-0.002730937794352
-0.004509152852790
-0.006296516373983
-0.007951158315182
-0.009100220864167
-0.009350444449616
-0.008557372772394
-0.006769068364484
-0.004180681472825
-0.001278674771811
0.001344317131693
0.003384634393529
0.004782571434169
0.005453707676974
0.005315821638427
0.004511354615917
0.003400778755049
0.002303218634952
0.001373232700703
0.000614851816351
-0.000059327183135
-0.000660919653737
-0.001121079341736
-0.001402654289766
-0.001446620804425
-0.001164933023648
-0.000577280337474
0.000172266824770
0.000920553094800
0.001473069881337
0.001643111224243
0.001463565158450
0.001103955105843
0.000575713047102
-0.000139340470255
-0.000814138390500
-0.001189513683388
-0.001244176313343
-0.001057027352463
-0.000713991948634
-0.000332360103383
0.000059853705965
0.000519048138554
0.000986725009847
0.001287769753900
0.001386750775649
0.001420045678241
0.001429643902796
0.001360136919317
0.001266432801011
0.001238752747292
0.001219853366385
0.001105220879182
0.000961398014654
0.000959830862945
0.001134517330150
0.001334738999860
0.001345894828651
0.001066072795404
0.000638444391303
0.000340134248146
0.000320747098562
0.000484295664550
0.000614962346702
0.000579418135879
0.000466962773960
0.000540102049457
0.000876966636904
0.001240677521690
0.001431257354185
0.001437949113884
0.001326753583717
0.001208697448709
0.001189277176022
0.001302702796722
0.001505447445979
0.001690772797402
0.001721471528527
0.001586037247112
0.001512330867543
0.001709289391528
0.002160341141385
0.002809153903577
0.003618825226002
0.004423889981570
0.004972985683003
0.005058970604613
0.004585934424786
0.003686675890862
0.002645233401514
0.001542978307784
0.000267962535561
-0.001094062040783
-0.002233465585302
-0.002949217352738
-0.003293851306638
-0.003456678560373
-0.003610606050775
-0.003814657284647
-0.004005761388110
-0.004079688210109
-0.003918568899035
-0.003394105724702
-0.002504530896125
-0.001426578857763
-0.000333799503416
0.000675789615616
0.001439026113829
0.001779473511450
0.001751722500280
0.001550304807595
0.001226510209388
0.000742494590577
0.000183362515068
-0.000218347997144
-0.000295346744950
-0.000150486157031
0.000019549973211
0.000203636510175
0.000498463169688
0.000913767448788
0.001340773996342
0.001595323846727
0.001529159880766
0.001154954079359
0.000590705638729
-0.000058324414541
-0.000738086018974
-0.001500110708397
-0.002452821479782
-0.003604354530250
-0.004855510385915
-0.006079175800581
-0.007121217525316
-0.007776807848568
-0.007845475629435
-0.007251998725862
-0.006082306078208
-0.004506324634654
-0.002649715920597
-0.000566046258977
0.001536717539532
0.003266231109594
0.004420441059852
0.005041117173303
0.005124508780186
0.004699182618415
0.004016975971754
0.003284648473161
0.002462904273745
0.001556417315269
0.000659202880092
-0.000283254524808
-0.001276856902331
-0.002051793826809
-0.002354811058515
-0.002258633338582
-0.001987535954281
-0.001631175050654
-0.001178254448097
-0.000615045752803
0.000022673348038
0.000580506871519
0.000904337467674
0.000956550310530
0.000734584879472
0.000319326118099
-0.000039990316630
-0.000193055143495
-0.000292676392419
-0.000463054171835
-0.000588765589583
-0.000642424554869
-0.000763943971408
-0.000940230568642
-0.001029355008879
-0.001062656185216
-0.001203871495805
-0.001460987224554
-0.001668896711223
-0.001668205466725
-0.001359193450207
-0.000746448138416
-0.000030524387955
0.000489195501151
0.000650647994618
0.000510552346908
0.000244665688713
-0.000025478483260
-0.000315220123259
-0.000591981981262
-0.000638436373277
-0.000277353134191
0.000447695034739
0.001404972269452
0.002434158528741
0.003276771064441
0.003730753075291
0.003811869987924
0.003606070137390
0.003144752052692
0.002475354883195
0.001697666800081
0.000948166210184
0.000372510779364
0.000062118422465
-0.000028752770470
-0.000074897099209
-0.000158821005379
-0.000183220425066
-0.000092752224933
0.000082388208090
0.000351170865722
0.000693633522466
0.001040837990049
0.001464932556205
0.002118434902921
0.002886068828197
0.003420052705131
0.003466987870308
0.002957016693105
0.002098185642698
0.001368955590457
0.001033119658230
0.000897624813414
0.000747409408207
0.000579480321919
0.000342582636903
-0.000063739778640
-0.000585687298944
-0.001152155108393
-0.001749018945120
-0.002252809013427
-0.002533107563684
-0.002610748427691
-0.002547234692288
-0.002421740532819
-0.002427917880230
-0.002737941790645
-0.003265439232283
-0.003731044614250
-0.003920706627141
-0.003761153671405
-0.003288019785137
-0.002671302944865
-0.002151754874448
-0.001873356958340
-0.001790295622586
-0.001721149967512
-0.001542927742184
-0.001377166472738
-0.001437115896054
-0.001665883637947
-0.001767480421977
-0.001527029672870
-0.000895384945883
0.000038730844343
0.001031437997656
0.001840431142902
0.002406682913629
0.002720856606173
0.002696028219444
0.002341930033546
0.001785370213884
0.001123202523801
0.000476697508453
-0.000042028214052
-0.000481800742203
-0.000924080836796
-0.001268734039333
-0.001334716649646
-0.001102117406291
-0.000724840948576
-0.000426136052704
-0.000434720924049
-0.000842769257946
-0.001483344060968
-0.002070571504949
-0.002499700741547
-0.002860155255511
-0.003213835222844
-0.003539807107036
-0.003717606176215
-0.003580781402098
-0.003136936284471
-0.002541721694065
-0.001888250842061
-0.001228513418375
-0.000659813142080
-0.000203722470216
0.000235255544766
0.000655224320009
0.000926827580793
0.000999362909693
0.000921147389310
0.000781802301457
0.000736624384070
0.000878000790020
0.001117541318043
0.001311361111295
0.001289429016820
0.000857300060793
0.000115888798095
-0.000464041913861
-0.000513762875946
-0.000010024756565
0.000899742669385
0.001981916632148
0.003009706076630
0.004005676713512
0.005118427605006
0.006192721976566
0.006876110607372
0.007062904605526
0.006849993242373
0.006300717630218
0.005510395617067
0.004665010409126
0.003871066429350
0.003076365675560
0.002205552330004
0.001236368504606
0.000234929475066
-0.000589370372809
-0.001030368610172
-0.001104683221865
-0.001015376577140
-0.000925038420313
-0.000882162221765
-0.000958773860404
-0.001217067545660
-0.001550983947896
-0.001803439933195
-0.001965280307074
-0.002197281431681
-0.002720575070948
-0.003599248567706
-0.004628230244197
-0.005458054118416
-0.005816799057603
-0.005645149933612
-0.005001385672761
-0.003948533573581
-0.002608374766201
-0.001175993910017
0.000137279890702
0.001144112600725
0.001741037199923
0.001974891458180
0.002066979639440
0.002339076504582
0.003041897288739
0.004185236232689
0.005529336706644
0.006738003552015
0.007498612733123
0.007615041886016
0.007099252328869
0.006135018568868
0.004969135639228
0.003805691107664
0.002724936717301
0.001741471235432
0.000932117748522
0.000367335070514
-0.000090474036615
-0.000687090824141
-0.001407677220190
-0.001953266959483
-0.002130775145526
-0.002020223182907
-0.001756430093656
-0.001435670617379
-0.001257808381569
-0.001473100596566
-0.002111977673148
-0.002917351578787
-0.003546892247980
-0.003790359867053
-0.003732770910694
-0.003699632994907
-0.003870076554769
-0.004097903272659
-0.004158270985680
-0.003948934790422
-0.003526949595538
-0.003022086991367
-0.002454714385451
-0.001732687671922
-0.000840475119396
0.000137303251950
0.001190017461561
0.002276061053633
0.003100428402253
0.003424012132383
0.003399177430520
0.003285837318065
0.003128375151825
0.002884747183091
0.002620180055211
0.002383996015210
0.002108958445045
0.001792467252324
0.001515208066608
0.001291771313111
0.001110533171003
0.000992122812845
0.000983335048491
0.001105364810420
0.001221169620691
0.001129581054229
0.000821165889518
0.000411721307736
-0.000077845899259
-0.000632135263848
-0.001092560220415
-0.001375006657589
-0.001709775320439
-0.002415258505069
-0.003497510004904
-0.004646141452517
-0.005541839389311
-0.005987739226322
-0.005871163971565
-0.005187760026744
-0.004026126465076
-0.002530609555095
-0.000965835375260
0.000303296941745
0.000998596602435
0.001047446330693
0.000582835342361
-0.000134878361462
-0.000927000161571
-0.001774011475634
-0.002671130452995
-0.003568980430607
-0.004356454700904
-0.004800843232445
-0.004641668317129
-0.003805348601443
-0.002445145093402
-0.000790734953282
0.000875166756844
0.002240158386122
0.003210385796003
0.003937491458111
0.004542430238851
0.005003870753705
0.005211100197635
0.005038356884492
0.004455193973922
0.003587456295854
0.002618740591665
0.001650360690665
0.000815826295173
0.000364571457633
0.000379373282992
0.000708092373200
0.001274564698880
0.002124423411879
0.003200771479435
0.004324186767254
0.005302423908685
0.005928370953766
0.006084315541508
0.005840477235838
0.005245102913377
0.004280059394118
0.003094144751046
0.001930289726406
0.000914896884695
0.000162421845130
-0.000177916860029
-0.000181511753456
-0.000129731927957
-0.000163205618131
-0.000265698773899
-0.000440186959450
-0.000621002540108
-0.000624923350384
-0.000367748388715
0.000025602684100
0.000347093030349
0.000428667420754
0.000239938624749
-0.000127428963206
-0.000665329073387
-0.001444722478664
-0.002321475448818
-0.002917938407243
-0.002991652061739
-0.002569803463172
-0.001747483802235
-0.000667859190547
0.000458467939920
0.001498542758625
0.002345789617949
0.002826591992567
0.002861822937575
0.002566514023880
0.002073338154859
0.001362705199862
0.000392200699958
-0.000730503789349
-0.001843515432768
-0.002843830468800
-0.003642870055532
-0.004106228475551
-0.004098004725958
-0.003602169347079
-0.002737167286444
-0.001731448012591
-0.000908030372626
-0.000480034232933
-0.000387466194525
-0.000442205022494
-0.000513655712829
-0.000557883917243
-0.000625425248186
-0.000839738603865
-0.001236003811016
-0.001750079999225
-0.002421284042357
-0.003256464227624
-0.003961740813476
-0.004219976910991
-0.004032323183147
-0.003531192259593
-0.002736052024569
-0.001662514764095
-0.000483195221258
0.000540184626446
0.001203414824393
0.001480794699392
0.001567199827033
0.001685619714995
0.001858232393406
0.001925167930052
0.001736024743477
0.001296748733017
0.000757051023746
0.000311498324023
0.000110239985334
0.000203637681679
0.000518164188058
0.000906775770915
0.001240936939311
0.001364943482122
0.001097855353147
0.000471618680517
-0.000253015446435
-0.000918458175253
-0.001588325442313
-0.002327923883967
-0.003057138535235
-0.003634199831664
-0.003993887585113
-0.004173629438695
-0.004208078581162
-0.004055441753404
-0.003672733916927
-0.003069021449366
-0.002272979145570
-0.001368497529659
-0.000507608787910
0.000250075319215
0.001009043765312
0.001765897966484
0.002218205885840
0.002042640761259
0.001222965516064
0.000056051563053
-0.001068051703625
-0.001929521833520
-0.002541444973526
-0.002985382191033
-0.003261990324585
-0.003267069607414
-0.002867215766505
-0.002051129165597
-0.000963179139278
0.000285402861485
0.001674104777977
0.003125868262955
0.004510399896155
0.005768008653730
0.006890168032600
0.007769904559562
0.008164221833309
0.007836624638184
0.006742307430113
0.005125582734440
0.003369075944053
0.001763045495597
0.000495396587519
-0.000310369208171
-0.000627964288479
-0.000489925415030
0.000006098681414
0.000594660225701
0.000989617871876
0.001185360067269
0.001289988492208
0.001157477530926
0.000555419825435
-0.000491611852538
-0.001768192988972
-0.003098309286862
-0.004379957018098
-0.005495474652831
-0.006352975315485
-0.006943394568807
-0.007207385622406
-0.006986657434068
-0.006137153268854
-0.004614227575439
-0.002596946134563
-0.000544337271828
0.001044979485880
0.001985752245501
0.002459174145391
0.002709300902596
0.002763250860015
0.002473609716557
0.001777582529307
0.000833263832288
-0.000058844304723
-0.000570296471191
-0.000499226166872
0.000090423214019
0.001037047374205
0.002294601728972
0.003730177456861
0.005007414890458
0.005903597942668
0.006380803332799
0.006390224151912
0.005973601851294
0.005278349111427
0.004294045881336
0.002918649117285
0.001235140148006
-0.000524466907500
-0.002155074917673
-0.003470147006840
-0.004256174325315
-0.004365830180954
-0.003755581732309
-0.002478979695670
-0.000794863016610
0.000903206629264
0.002330061972229
0.003278988980581
0.003564677192996
0.003269778110814
0.002719997087554
0.002041753405049
0.001133498217014
0.000039828091718
-0.001065134365876
-0.002128802634738
-0.003137897911075
-0.003893159297045
-0.004131830661991
-0.003818807194885
-0.003051230105141
-0.001860616686418
-0.000285219755837
0.001573961946307
0.003439611958881
0.004773886870688
0.005158900436694
0.004642505967875
0.003526322683774
0.002092831888057
0.000627581745458
-0.000569750544948
-0.001370359403477
-0.001863941093652
-0.002095249229023
-0.001973830884810
-0.001473265471907
-0.000651989484712
0.000399796197851
0.001470791371294
0.002295433197960
0.002689670795716
0.002551435431306
0.001946511264826
0.001120455967849
0.000242621024800
-0.000710474031367
-0.001760625051467
-0.002811281601082
-0.003746077305085
-0.004462648690477
-0.004884229990640
-0.004989794862339
-0.004663312217239
-0.003719283731690
-0.002231117472148
-0.000589971034256
0.000756273820818
0.001471176026863
0.001332031662615
0.000287075540844
-0.001458872191638
-0.003507956087111
-0.005364088373918
-0.006646448743863
-0.007362107596686
-0.007653162011395
-0.007397729486040
-0.006437169671374
-0.004903137520930
-0.003127013529245
-0.001471559640361
-0.000184756757677
0.000794559118028
0.001755336031387
0.002836054886055
0.003910781575670
0.004752766295378
0.005086968764927
0.004727473900578
0.003825472462716
0.002795702338045
0.001996337704950
0.001592977017830
0.001616179481420
0.001944181483567
0.002350768314339
0.002787039727078
0.003423334760520
0.004307748811469
0.005235023756536
0.005945869366681
0.006266778226156
0.006098023300699
0.005352172361425
0.004005580119384
0.002266205869975
0.000484431364042
-0.001067375295220
-0.002130556352036
-0.002425427187085
-0.001854428800548
-0.000627110282390
0.000830558432594
0.002056214350955
0.002651955205348
0.002389177003454
0.001359485891110
-0.000066770619397
-0.001476638524680
-0.002685717816395
-0.003820687038089
-0.005048075400493
-0.006317062783378
-0.007362206161340
-0.007795980937905
-0.007304975528826
-0.005873882773288
-0.003779087237869
-0.001381708101039
0.001001269566820
0.003096591492615
0.004698387106227
0.005635923776657
0.005756660997901
0.005079864891614
0.003805729576444
0.002146237757892
0.000322213426889
-0.001392312790288
-0.002830415358796
-0.004064702804839
-0.005207991245267
-0.006188911625681
-0.006803183005790
-0.006772343343063
-0.005828646581122
-0.003987948806581
-0.001634856378006
0.000750013627453
0.002815465258097
0.004319600515142
0.005148779157010
0.005402364047988
0.005242283761884
0.004682708969353
0.003665135404419
0.002264839869543
0.000732990205343
-0.000620670616821
-0.001546558495964
-0.001948453116084
-0.001970599365809
-0.001945627992648
-0.002084912272824
-0.002253566380204
-0.002230468492005
-0.002086688975263
-0.002099803508915
-0.002350425395036
-0.002676556506557
-0.003049361186955
-0.003630007892953
-0.004386394471101
-0.004948509859701
-0.004873161485986
-0.003923712375421
-0.002190248944935
-0.000024738604332
0.002228306853471
0.004423097191011
0.006468544984068
0.008240787755467
0.009773121176528
0.011160056431244
0.012263127169781
0.012818119134546
0.012699981203315
0.011956414981202
0.010684688412233
0.008930160397409
0.006732652760804
0.004320356669789
0.002129605848876
0.000408919249284
-0.000955689064663
-0.002050034157756
-0.002850470318003
-0.003551314017697
-0.004398083081739
-0.005300920625961
-0.006017214560071
-0.006440196958954
-0.006469532165678
-0.005987354486060
-0.005110768659457
-0.004146851773390
-0.003304611397965
-0.002620093218016
-0.002029581694654
-0.001479424191845
-0.001054677419367
-0.000901100163096
-0.000992713156509
-0.001122448869211
-0.001107386006210
-0.000896301232853
-0.000554273913628
-0.000215428407799
0.000028837333398
0.000217916004262
0.000409830082031
0.000540746015764
0.000537428277520
0.000350027328916
-0.000203581736222
-0.001228113335609
-0.002437125557018
-0.003368534752702
-0.003788603632125
-0.003746282325940
-0.003374422965909
-0.002800057725626
-0.002141124462576
-0.001425723799813
-0.000565616394397
0.000556669531629
0.001898857254517
0.003161568269659
0.004086349630391
0.004739277254551
0.005314834318701
0.005845348768333
0.006224529697906
0.006345278436784
0.006117655942969
0.005529264673414
0.004766145622814
0.004104819198204
0.003604977183355
0.003024953100936
0.002092177277291
0.000705608299486
-0.001076690588084
-0.003009659713569
-0.004702479895193
-0.005866169368693
-0.006480375690079
-0.006669758945892
-0.006533071241952
-0.006162460827175
-0.005676009716676
-0.005178216268267
-0.004744339478831
-0.004400694125882
-0.004154502504012
-0.004006318353979
-0.003885402295572
-0.003747323014781
-0.003716137525429
-0.003913623539177
-0.004181607947628
-0.004200904035724
-0.003830306408696
-0.003143564479842
-0.002338587664665
-0.001608022872315
-0.000894700577616
-0.000063748340833
0.000682626586900
0.000983978885899
0.000786487303670
0.000339749025093
-0.000038194240402
-0.000027229196051
0.000558548000044
0.001605339741016
0.002868045185828
0.004118611552031
0.005075745690982
0.005650041484795
0.006122822188640
0.006651369084376
0.007005097274762
0.007037616282343
0.006868595311841
0.006530045595596
0.005907020182267
0.004975846719917
0.003829989622676
0.002538275961178
0.001124883164850
-0.000267954516809
-0.001348528843751
-0.001953784016611
-0.002184969195771
-0.002152754500465
-0.001825817628686
-0.001187061804915
-0.000266787123189
0.000965421317747
0.002531645216252
0.004328685990049
0.006100813860213
0.007506631960401
0.008320330206187
0.008493563073626
0.008033203115857
0.006998721604833
0.005522874964926
0.003745521470550
0.001897286107401
0.000407116134641
-0.000344261660558
-0.000302131235832
0.000346068205305
0.001261504812698
0.001972664217445
0.002116012885317
0.001597416101178
0.000468816050944
-0.001096752473878
-0.002754084639862
-0.004178619640967
-0.005286437187005
-0.006197641145040
-0.007150033729283
-0.008366457231745
-0.009717424761592
-0.010683893433166
-0.010790402909355
-0.009838947704141
-0.007846701317950
-0.005147295092671
-0.002415929875989
-0.000191701371365
0.001437737707707
0.002481114199453
0.002822927597226
0.002494715312087
0.001747887718427
0.000785049816618
-0.000296135930496
-0.001382548474876
-0.002412920730447
-0.003367570102546
-0.004169803095989
-0.004835114727561
-0.005476333032855
-0.005978429542310
-0.005978736543211
-0.005266285097855
-0.003905778332887
-0.002023933747433
0.000128866540026
0.002127740323873
0.003689725837026
0.004682234424146
0.004900101584812
0.004302935706283
0.003210849872742
0.001964829486476
0.000724581195211
-0.000313507873023
-0.000939931183138
-0.001206978521413
-0.001325721063560
-0.001354064024502
-0.001156727287418
-0.000632708623547
0.000110195670468
0.000976850601063
0.002088652893866
0.003487498463269
0.004904055822579
0.005953352509056
0.006342252643540
0.005928299251259
0.004778347236763
0.003205032695326
0.001645226146136
0.000451793244225
-0.000157094346306
-0.000046747667435
0.000708477594651
0.001714459789390
0.002563435709854
0.003166534607148
0.003583002923843
0.003790828863386
0.003771859224061
0.003508804013175
0.002862671796007
0.001718024757910
0.000168556704537
-0.001647052438456
-0.003700343517544
-0.005886530204885
-0.007879838712532
-0.009266632477643
-0.009751661398829
-0.009284370884648
-0.008018536429779
-0.006146723393340
-0.003874358175177
-0.001532953598662
0.000578793007803
0.002422258186302
0.004027409305925
0.005303956484285
0.006124310060323
0.006386811934897
0.006084102109383
0.005366541431999
0.004485143950920
0.003674980034297
0.003023205394441
0.002446906109570
0.001870516344938
0.001359001111750
0.001051383252245
0.001068158719131
0.001436117784423
0.002002321546118
0.002494424247016
0.002686584970668
0.002493626670846
0.001971377165232
0.001192718071347
0.000194486943189
-0.000887957802858
-0.001845162923516
-0.002536609161899
-0.002857431404463
-0.002744535568619
-0.002342807438339
-0.001899622903584
-0.001335398620014
-0.000304633408061
0.001166474677596
0.002566765124192
0.003458555855771
0.003744660811168
0.003478782538318
0.002813209349237
0.002060881687216
0.001525489358412
0.001340078743229
0.001422514808273
0.001493146620102
0.001367085984746
0.001115784614242
0.000800724842330
0.000382250540748
-0.000116734463354
-0.000674307681751
-0.001441981162744
-0.002606160431893
-0.004088682840348
-0.005558331659117
-0.006675335670911
-0.007257809967596
-0.007371919798496
-0.007243077574005
-0.006975899289411
-0.006499103054714
-0.005794846916930
-0.004941904550207
-0.003923757524196
-0.002635809586234
-0.001084177587534
0.000563228247381
0.001976351795436
0.002686508396929
0.002411906092252
0.001377171674003
0.000096365948184
-0.001095108549485
-0.002134642583216
-0.003031885450944
-0.003767676539355
-0.004213659262829
-0.004106060767500
-0.003321973938447
-0.002017716606353
-0.000321916336043
0.001732382731152
0.003893076107423
0.005690619881787
0.006749376482366
0.006938247767715
0.006357276708421
0.005260581972569
0.003871132277681
0.002255341373831
0.000477466265289
-0.001220904516959
-0.002528577978792
-0.003214747340991
-0.003169327346144
-0.002459807604547
-0.001271402419114
0.000214817267121
0.001797814580523
0.003269821054530
0.004541192345734
0.005608516338474
0.006356097198806
0.006551947239444
0.006117511507271
0.005248407808278
0.004174032584908
0.002932604668015
0.001520405510077
0.000076343576543
-0.001302211971434
-0.002652878849465
-0.003895311732693
-0.004776535909215
-0.005046900109073
-0.004528372558927
-0.003249811257310
-0.001590811399418
-0.000006829138080
0.001311915751319
0.002332857875422
0.003017843878415
0.003324861700862
0.003148517725238
0.002355812671379
0.000996162809948
-0.000603361388707
-0.002047242455273
-0.003192163887020
-0.004182646014021
-0.005131716644020
-0.005830698757788
-0.005972646524603
-0.005584136929108
-0.004869342703936
-0.003897478143266
-0.002758477352149
-0.001590571414179
-0.000382077400759
0.000851134016631
0.001844147017286
0.002306158744642
0.002088385874689
0.001159351028200
-0.000215732795941
-0.001507379867396
-0.002316898219787
-0.002534609935818
-0.002236213953345
-0.001575797339420
-0.000625016072501
0.000738503164790
0.002574392047854
0.004535659262861
0.006120347556773
0.007130674310995
0.007569065101549
0.007432111817712
0.006868590460007
0.006164364243396
0.005443219979439
0.004654173950070
0.003780303466250
0.002863419376977
0.002022502843511
0.001467283140337
0.001263084764552
0.001249769602723
0.001274577264776
0.001258305838225
0.001117095178814
0.000850477702062
0.000604030375485
0.000460715274039
0.000320548623682
0.000106360615743
-0.000181220364779
-0.000563564984418
-0.000949974953751
-0.001134501692089
-0.001112434703869
-0.001085500159190
-0.001097983343152
-0.001026125582302
-0.000879472667364
-0.000781523860910
-0.000700334318451
-0.000454095465662
-0.000036755950289
0.000304982797176
0.000395917798293
0.000283167614038
0.000080556294724
-0.000127721725229
-0.000303469995931
-0.000529739121787
-0.000974217338890
-0.001676372694950
-0.002491842300394
-0.003248620997089
-0.003867573115696
-0.004397201204287
-0.004918669388026
-0.005426245245943
-0.005891377684540
-0.006291450612011
-0.006499092369735
-0.006396514584191
-0.006133662093381
-0.006012418246356
-0.006192253493665
-0.006678915680109
-0.007298802832265
-0.007626104680136
-0.007287166086697
-0.006279265918440
-0.004850462728515
-0.003205084083743
-0.001411966345295
0.000439212129468
0.002182660590341
0.003686878951426
0.004816024164572
0.005342921765574
0.005031006110388
0.003821617620777
0.001937227815252
-0.000220701254956
-0.002267054589846
-0.003977758034043
-0.005287007849525
-0.006169551471563
-0.006549572993904
-0.006301614706068
-0.005399713175664
-0.004058581421454
-0.002645032779503
-0.001450079317119
-0.000513547084288
0.000267807720867
0.000866063841149
0.001186483328768
0.001275189458894
0.001172577799704
0.000763181587124
0.000056564795612
-0.000579744404483
-0.000734961088520
-0.000303130541065
0.000559314812489
0.001584198932447
0.002582066883995
0.003613493177737
0.004901724699309
0.006541955936230
0.008335617962638
0.009925379507491
0.010970695552410
0.011291804539069
0.011030356174530
0.010539773594253
0.010066860053945
0.009587953718820
0.008926453897144
0.007986856353000
0.006846478416401
0.005678584332880
0.004582575779153
0.003515615789809
0.002381574523548
0.001013358352896
-0.000744460333364
-0.002714678908610
-0.004407218147806
-0.005421352556290
-0.005703173244647
-0.005509385964897
-0.005183053725233
-0.004992447874912
-0.005126582231000
-0.005615353835283
-0.006272825104524
-0.006904109523099
-0.007462567586721
-0.007928072610487
-0.008257457438843
-0.008479507337569
-0.008633224412734
-0.008637391128567
-0.008315242685050
-0.007470443082233
-0.006000175626812
-0.004049032756885
-0.001841336524364
0.000641434125551
0.003460978915559
0.006347870455586
0.008837971757140
0.010504376962969
0.010963001826259
0.010044610160180
0.007954994658068
0.005009649028851
0.001431022633452
-0.002394378468998
-0.005887108062780
-0.008677343337924
-0.010574038064914
-0.011223484328664
-0.010325827605394
-0.008085472599967
-0.005095498793288
-0.001875483686908
0.001264190613379
0.004184518622992
0.006954339802776
0.009575962375391
0.011678084066676
0.012731263418233
0.012432247477871
0.010865754099514
0.008402382031394
0.005385377366759
0.002014395492806
-0.001392639973179
-0.004332042997019
-0.006395114895478
-0.007318717858387
-0.006904758080530
-0.005168971781348
-0.002401185445123
0.000931415519135
0.004248171024697
0.007033766563885
0.009038468229647
0.010232776990798
0.010689419350527
0.010534048796921
0.009783668847805
0.008320326954084
0.006202846227025
0.003701003848353
0.001023029909158
-0.001610667450814
-0.003859912152172
-0.005532158137438
-0.006666111699761
-0.007240381238973
-0.007111471063184
-0.006298870693850
-0.005125688286468
-0.004033788305729
-0.003308475328946
-0.003009875496862
-0.003051851474716
-0.003200169637769
-0.003201712038432
-0.003019146527101
-0.002775552650519
-0.002578044980654
-0.002446675262214
-0.002205134039260
-0.001470208378307
0.000035954187951
0.002150707433698
0.004336873957548
0.006024460261848
0.006903563049076
0.007049420642797
0.006815417532272
0.006600865595691
0.006615453805611
0.006701792853077
0.006432760240974
0.005493786217835
0.004027395637253
0.002506292809366
0.001194381523901
-0.000010111821886
-0.001237525762356
-0.002491899565037
-0.003685203590810
-0.004615918147916
-0.005091936165690
-0.005130202005512
-0.004873992924690
-0.004357253394770
-0.003487858310689
-0.002202140174375
-0.000582418757147
0.001124653060062
0.002611511654518
0.003648944876032
0.004077506244521
0.003754143816831
0.002718831668660
0.001241569153618
-0.000516928872951
-0.002559351519356
-0.004726540171557
-0.006709669570459
-0.008213900863701
-0.008882652909317
-0.008470271179471
-0.007298204491726
-0.006085748398308
-0.005199179242820
-0.004534777799197
-0.004002174544420
-0.003600371854706
-0.003245900675809
-0.002875904639879
-0.002586323296638
-0.002525841587801
-0.002715272956366
-0.002999218187159
-0.003077517529359
-0.002685977663111
-0.001839877967693
-0.000770666773883
0.000272703500279
0.001119906552128
0.001815804916785
0.002582286109320
0.003447325252538
0.004103449529016
0.004275024903417
0.003928505431910
0.003038406637992
0.001553922541667
-0.000294198979115
-0.001976959565502
-0.003090508894683
-0.003611132899557
-0.003705045117517
-0.003516512160476
-0.003033092782493
-0.002078857399146
-0.000691059660755
0.000712500863343
0.001776867720612
0.002546090586425
0.003252367708722
0.003974841283588
0.004599757127308
0.004968735403796
0.005002481400352
0.004728396358162
0.004178035807587
0.003357355812259
0.002297588200090
0.000990838739677
-0.000622079209903
-0.002517838054957
-0.004502290520987
-0.006236080845274
-0.007340025123720
-0.007569390671241
-0.006943744032293
-0.005673936686976
-0.004054382323587
-0.002441354913924
-0.001081674022425
0.000068758478601
0.001199134917172
0.002379978728035
0.003478037948360
0.004191245158907
0.004190293158621
0.003326528361120
0.001662703723084
-0.000601213969507
-0.003164013968037
-0.005755677886051
-0.008190883315064
-0.010236288362030
-0.011624779113777
-0.012169499427556
-0.011811000285560
-0.010681251481743
-0.009016352582283
-0.006933043105161
-0.004428413604320
-0.001563720337652
0.001517956504938
0.004647478766665
0.007458491531133
0.009348230070732
0.009884549789195
0.009114515913088
0.007381410729977
0.005024449485638
0.002365064839625
-0.000210321831356
-0.002383492184587
-0.003978024525712
-0.004780665593224
-0.004538983554681
-0.003211265657889
-0.001037026557446
0.001650490893891
0.004571169743135
0.007395449664823
0.009708542698535
0.011336157937432
0.012417119046324
0.012960547920290
0.012736085202506
0.011669079367982
0.009969725032711
0.007920092150548
0.005802657776640
0.003909492596500
0.002434849909147
0.001443810138039
0.000948780311608
0.000926793619266
0.001398416131914
0.002474247259051
0.004065385510624
0.005757062902526
0.007142690386710
0.007927052201039
0.007851791472368
0.006958652104750
0.005644577923000
0.004185524857235
0.002590120972344
0.001039995600601
-0.000018691765751
-0.000302950708780
0.000128074077194
0.001071096825888
0.002345284825144
0.003756675057288
0.005052328294737
0.006063438674976
0.006828120238481
0.007475829005004
0.007999417479616
0.008183230574144
0.007779102957957
0.006653339782582
0.004794507824652
0.002353020659412
-0.000416433866155
-0.003339645487919
-0.006291883531745
-0.009020046078132
-0.011206197876509
-0.012639982920647
-0.013222947285520
-0.012962083463846
-0.012008057292020
-0.010620024345527
-0.009113331720820
-0.007782063868369
-0.006752892665127
-0.005916922938455
-0.005153172689714
-0.004587859559477
-0.004372793485451
-0.004388489958619
-0.004454108581402
-0.004541248979210
-0.004605589556436
-0.004482165172364
-0.004067922585303
-0.003438270504950
-0.002737455661291
-0.002078279082691
-0.001444968730152
-0.000636866908093
0.000461258657875
0.001633423407263
0.002555826489733
0.003031334653860
0.002921141410719
0.002239158799855
0.001363278959922
0.000709580577911
0.000244441645878
-0.000316991682117
-0.001037234189320
-0.001727169572335
-0.002197831600205
-0.002387695222616
-0.002339685244639
-0.002145887858341
-0.001807352652646
-0.001180117445102
-0.000204030473073
0.000944461132327
0.001991938679249
0.002688870155710
0.002869340761957
0.002611924231707
0.002192424111094
0.001773936695729
0.001354177278791
0.000890512973807
0.000245052345401
-0.000741600649688
-0.001976186190107
-0.003151784678801
-0.004058905289327
-0.004692557689927
-0.005235128831087
-0.006028305907509
-0.007226951567671
-0.008506431424518
-0.009446163835887
-0.009972935186815
-0.010167807865472
-0.009937752903045
-0.009104939177508
-0.007648509114738
-0.005725516411793
-0.003554155250656
-0.001302612432620
0.000916011025484
0.002928039121827
0.004541819676114
0.005670028769111
0.006213853881009
0.006052387892119
0.005322084181676
0.004362529202978
0.003312088022310
0.002114729639566
0.000847877542455
-0.000267695918341
-0.001078565651288
-0.001564398366282
-0.001736943949995
-0.001570200182243
-0.001125208802341
-0.000652978695490
-0.000447323527410
-0.000638181681484
-0.001169785409056
-0.001908983697308
-0.002665243129993
-0.003218757798741
-0.003462142289405
-0.003360207913611
-0.002790265468446
-0.001595057376249
0.000229690839969
0.002488140969928
0.005004684868781
0.007723295191580
0.010429001981024
0.012662048037490
0.014074530707017
0.014652307561686
0.014472644169689
0.013471312740943
0.011613026253748
0.009098012640408
0.006272505058204
0.003413097612895
0.000691335392135
-0.001680050679159
-0.003456135762070
-0.004508174944521
-0.004826238950183
-0.004468165107228
-0.003576134633888
-0.002333762366341
-0.000904064497136
0.000520717642360
0.001684635038399
0.002361461221285
0.002475852694713
0.002174973860061
0.001717063663697
0.001194143782326
0.000508840026052
-0.000382037647438
-0.001387790225966
-0.002376050946728
-0.003228989874828
-0.003809493824489
-0.003908194157885
-0.003361193243629
-0.002278433672034
-0.001016721106333
0.000119733599500
0.001052793554258
0.001862272264858
0.002683033183451
0.003607035612556
0.004588932175685
0.005497452077919
0.006203622428730
0.006499577501491
0.006140354028773
0.005155254486384
0.003883540095101
0.002666231633294
0.001754268809556
0.001306490519085
0.001232776392582
0.001333650344812
0.001591375600366
0.002045309155801
0.002674154380703
0.003546490083994
0.004622921986181
0.005443856011428
0.005477282760468
0.004592204025141
0.002935018058026
0.000711169175061
-0.001791500711744
-0.004285017275680
-0.006640317765252
-0.008840742354427
-0.010804663595068
-0.012351413494460
-0.013325574124781
-0.013654030469443
-0.013278177214850
-0.012154056716415
-0.010367427647559
-0.008130817987302
-0.005684413864329
-0.003268755147107
-0.001079118161148
0.000710297240645
0.001846910124710
0.002147643195354
0.001747442043721
0.001009590064559
0.000194088135614
-0.000634261054926
-0.001448285683651
-0.002211371126992
-0.002843596235679
-0.003111052477467
-0.002708671718795
-0.001518134512274
0.000302576411964
0.002483633333816
0.004738047415231
0.006751577835435
0.008326386071772
0.009503205718443
0.010399443984518
0.010971110610593
0.011060381664471
0.010598115293698
0.009593234425272
0.008114267895377
0.006398325085222
0.004739303373610
0.003238657215328
0.001778591143205
0.000209834620031
-0.001508413984969
-0.003245269934257
-0.004627964378487
-0.005300319589479
-0.005371902826734
-0.005334676358814
-0.005535691142770
-0.005851073809397
-0.005856754474409
-0.005289418240541
-0.004276289534434
-0.003099607251827
-0.001864941155422
-0.000537297224232
0.000817268324395
0.002058911913258
0.003149551353605
0.004022597903320
0.004381264745687
0.003973944427443
0.002912029371742
0.001462842457142
-0.000148071183149
-0.001691391470742
-0.003070029725158
-0.004335511693765
-0.005356980584589
-0.005783937968326
-0.005376674649335
-0.004088532119941
-0.002001584494242
0.000535140257031
0.002956466898938
0.004864048124328
0.006163769394214
0.006896186533870
0.007192876234356
0.007212982327749
0.006909463805212
0.006107771694646
0.004898480077303
0.003666298028235
0.002761608637631
0.002331375396515
0.002274530582229
0.002304702783264
0.002285750697065
0.002381172536322
0.002750962443643
0.003331346186788
0.003977093878913
0.004619587059819
0.005122798964143
0.005141513293404
0.004363720773960
0.002764937502533
0.000566573675231
-0.001887742439048
-0.004295879707145
-0.006481660639099
-0.008272260790385
-0.009480695127970
-0.009988037831228
-0.009767049684150
-0.008990174458778
-0.007936891896421
-0.006679723738523
-0.005147593709866
-0.003430194355820
-0.001807542628539
-0.000589755906469
0.000001447834439
-0.000063963867723
-0.000566325148653
-0.001163656724113
-0.001579155147839
-0.001714096196946
-0.001678131824768
-0.001644872285410
-0.001712363925837
-0.001897919897148
-0.002079204704667
-0.002010730982214
-0.001561163718539
-0.000902172582770
-0.000372606534198
-0.000181324713673
-0.000374578821535
-0.000930168362895
-0.001671352718569
-0.002276906755674
-0.002567971151632
-0.002689842653403
-0.002810365680419
-0.002787592526321
-0.002429472070690
-0.001833293029678
-0.001189068167333
-0.000490273441047
0.000329588295263
0.001169526135612
0.001930376465301
0.002729229069794
0.003764132022236
0.005091995325594
0.006493212132190
0.007566064894212
0.008077299774504
0.008075719470579
0.007644991377873
0.006818543057590
0.005758866460294
0.004684432601495
0.003663174520586
0.002750654094923
0.002023036630122
0.001343956444118
0.000507396622722
-0.000398726698882
-0.001089478270363
-0.001492895534693
-0.001815152182394
-0.002321699403835
-0.003207977065697
-0.004407231960215
-0.005581148356102
-0.006581048482477
-0.007640590934198
-0.008968701273310
-0.010487888718548
-0.012013156582177
-0.013394278760111
-0.014481779840262
-0.015147318940298
-0.015257468429588
-0.014628500403832
-0.013219361068017
-0.011232834484750
-0.008845155074125
-0.006092925670008
-0.003181264548312
-0.000554531921107
0.001520869506386
0.003089969821450
0.004219275168395
0.004905887718750
0.005118801884851
0.004806072214754
0.004023460783048
0.002974319794436
0.001844504651158
0.000703153138299
-0.000416571199144
-0.001434292785727
-0.002197031559810
-0.002463662653940
-0.002085177558867
-0.001244949043669
-0.000308299131795
0.000546631637826
0.001423502354599
0.002454341115496
0.003524538603728
0.004280568749916
0.004403327352120
0.003849943059498
0.002779457436364
0.001386020983279
-0.000093227456244
-0.001407839529690
-0.002414529954569
-0.003083568365443
-0.003343883364085
-0.003033789776898
-0.002113051999362
-0.000721643186778
0.000987165640759
0.002811148844401
0.004432620260827
0.005636445512992
0.006448269322385
0.006943424095892
0.007191940099600
0.007413766011329
0.007838736107355
0.008489488624983
0.009201553147711
0.009697820446928
0.009816176372747
0.009701221423430
0.009560539413447
0.009363254070253
0.008965504621209
0.008330837796978
0.007452112383502
0.006332319297016
0.005074884258885
0.003744386622536
0.002345530858000
0.001033049034671
0.000044090088533
-0.000601208884043
-0.001100002565288
-0.001568812986624
-0.001967505484018
-0.002259183375860
-0.002452693383946
-0.002556776264117
-0.002590887445356
-0.002638560563634
-0.002806129828613
-0.003081719195545
-0.003310272035452
-0.003333658568608
-0.003148215450915
-0.002910701065013
-0.002800488972428
-0.002954004669414
-0.003437170163529
-0.004095525637470
-0.004542956934074
-0.004531801604224
-0.004234930901750
-0.003959255966774
-0.003761346578223
-0.003433686492572
-0.002617442408738
-0.001070271329167
0.001010303558067
0.003216826100766
0.005410890473315
0.007677819882665
0.009980733412908
0.012052020570028
0.013458552454209
0.013756716328423
0.012815269273025
0.010915766769823
0.008438631802881
0.005661599624870
0.002829496549547
0.000100299176417
-0.002598503526209
-0.005362271229587
-0.007954792567105
-0.009886156342486
-0.010678709684803
-0.010042228574737
-0.008171809426369
-0.005739252664462
-0.003309036990380
-0.001021106530646
0.001108871033602
0.002993806756223
0.004555139138337
0.005568447691967
0.005608261516740
0.004542257228300
0.002801532255727
0.000966491698216
-0.000599533932746
-0.001717902633517
-0.002388087081652
-0.002805408323150
-0.003092052504937
-0.003096170372794
-0.002591957743608
-0.001563635161577
-0.000332330441829
0.000533316747858
0.000545465202017
-0.000383411815599
-0.001990199609844
-0.003978563928880
-0.006103151715738
-0.008085183916414
-0.009722486208157
-0.010954739420840
-0.011669331279228
-0.011611962172753
-0.010587743377810
-0.008586860807594
-0.005768782122987
-0.002527649998189
0.000600758249328
0.003268034130361
0.005463016007300
0.007319592211853
0.008833850541176
0.009799699439812
0.009976851600372
0.009277029298897
0.007830617220861
0.005884277109919
0.003642796505268
0.001201241096103
-0.001440451880218
-0.004259193508379
-0.007070899192443
-0.009584457558804
-0.011589605865748
-0.012988873707152
-0.013703056983520
-0.013747415819429
-0.013284806830003
-0.012425994136376
-0.011136890552327
-0.009393496108727
-0.007294083069211
-0.005011514411859
-0.002726903183221
-0.000610225405842
0.001269319745888
0.003034702730043
0.004892583544252
0.006927119371343
0.009037225613532
0.011096781334151
0.013123862874421
0.015082275541483
0.016582256613807
0.017120963989083
0.016536715546130
0.014964853733803
0.012566580446559
0.009531332605868
0.006125181136141
0.002653969047283
-0.000525546939044
-0.003176146377379
-0.005385118887862
-0.007263179234159
-0.008554802349342
-0.008938675083800
-0.008475640657954
-0.007369675271102
-0.005684895084460
-0.003632413235664
-0.001673060132729
-0.000122056691885
0.000996908601073
0.001733024726105
0.002169821261142
0.002407670795032
0.002330427099311
0.001654108633828
0.000297617270469
-0.001451051311774
-0.003055889188935
-0.004066014026504
-0.004460345868497
-0.004523662198267
-0.004422776952019
-0.004099466217525
-0.003443004474417
-0.002389400865660
-0.000977738461533
0.000563107204116
0.001883263985715
0.002720092657243
0.003008715446742
0.002857014340493
0.002461941482968
0.001959294515857
0.001271512307071
0.000214181184505
-0.001202478212838
-0.002714825164457
-0.004030050269809
-0.005045040904111
-0.005851152166726
-0.006488477591562
-0.006743815325893
-0.006251427477754
-0.004764970098122
-0.002311413600198
0.000856730795084
0.004343989693099
0.007750868954011
0.010852412603670
0.013539970665700
0.015659645409066
0.017046967509502
0.017619625459587
0.017310019901935
0.016028292080493
0.013893747037493
0.011348625763762
0.008861483726671
0.006678502961707
0.004885140364214
0.003478761386869
0.002368086382060
0.001538283037813
0.001180427442541
0.001417528101904
0.002040283769915
0.002631931816946
0.002782413625240
0.002277013292484
0.001242725810198
-0.000003248788501
-0.001281940178716
-0.002585275841679
-0.003909161083840
-0.005231912408106
-0.006395476080417
-0.006991052465846
-0.006671446731147
-0.005481329189987
-0.003786118944399
-0.002040163183687
-0.000616845431054
0.000278670959275
0.000581455714411
0.000265115108561
-0.000663221177394
-0.002100911791523
-0.003913277180501
-0.005965212595242
-0.007938307260263
-0.009325244511714
-0.009797097229561
-0.009369557582682
-0.008153288044573
-0.006260833905807
-0.004005783797095
-0.001894173552809
-0.000312095122634
0.000705772579160
0.001299886134039
0.001390459013778
0.000726602563345
-0.000648063130711
-0.002319763916875
-0.003968966222485
-0.005609288186232
-0.007245968177889
-0.008648517432808
-0.009565818596175
-0.009837970341148
-0.009310651169133
-0.007858610698576
-0.005497987249152
-0.002441124449996
0.000943908935155
0.004234646664191
0.007067049299277
0.009222425433920
0.010700650476263
0.011614762384042
0.011860891603393
0.011153963654497
0.009503080082765
0.007329249783444
0.005123218587226
0.003185023289530
0.001606279953752
0.000336360804871
-0.000730297953165
-0.001634109865316
-0.002383405496032
-0.003074254714138
-0.003794368913307
-0.004540571285590
-0.005346383637944
-0.006295998443565
-0.007370146281291
-0.008438609739730
-0.009365304842516
-0.010020482643935
-0.010362377344768
-0.010501024240964
-0.010490080329642
-0.010219392985460
-0.009548139453731
-0.008337836887069
-0.006509307328755
-0.004232112414274
-0.001894919742682
0.000195979037525
0.001975875550986
0.003420269379051
0.004334050496983
0.004460123315160
0.003627590911312
0.001759965173300
-0.000970489863514
-0.004020382021736
-0.006821530423555
-0.009144933710623
-0.010921847135983
-0.012003984495617
-0.012309696029094
-0.011875465819055
-0.010609105708031
-0.008383231398114
-0.005490929674600
-0.002655652612417
-0.000562628255657
0.000429842722730
0.000279005784151
-0.000811461440411
-0.002502918037013
-0.004469547129261
-0.006430824537536
-0.008105118595680
-0.009215180301540
-0.009521193428406
-0.008897810386726
-0.007334135813680
-0.004773477015425
-0.001166007832121
0.003301216693064
0.008295768514122
0.013571348992508
0.018846417575800
0.023533468193877
0.026900932104415
0.028549356877095
0.028509330364213
0.026978189053944
0.024214799147417
0.020547054937847
0.016311635473971
0.011870249120175
0.007636255783265
0.003930470758577
0.000892337354592
-0.001406674879623
-0.002930389295587
-0.003734555037684
-0.003952846912825
-0.003833478907423
-0.003707875242542
-0.003759118728527
-0.003979870250858
-0.004445694907392
-0.005346799093155
-0.006656141249855
-0.008074437901924
-0.009282264967701
-0.009950876569300
-0.009720212447328
-0.008480266785851
-0.006461408416588
-0.003934453382201
-0.001095049264762
0.001847477818946
0.004745665699900
0.007474824348957
0.009779125440130
0.011433416893558
0.012396976662035
0.012667873966012
0.012260188930613
0.011341928012240
0.010144742335539
0.008759467587269
0.007151977081514
0.005309825611143
0.003350709292777
0.001512177632673
-0.000006994190478
-0.001136883919790
-0.001897812306548
-0.002345918558683
-0.002500410593096
-0.002339929092071
-0.001877216341614
-0.001172248201532
-0.000258972273679
0.000858319634038
0.002089033994930
0.003224809043495
0.003989265526453
0.004125714192031
0.003563406185507
0.002400036980918
0.000754117295171
-0.001212071335142
-0.003275252638626
-0.005178706766635
-0.006583112968914
-0.007168988336554
-0.006886905971394
-0.006020196898023
-0.004977837372847
-0.004040845532429
-0.003258366276345
-0.002565666567792
-0.002013298746930
-0.001745836863206
-0.001822619871374
-0.002321112863458
-0.003423844219917
-0.005069209020207
-0.006728343284702
-0.007866786878189
-0.008384549649287
-0.008455089349191
-0.008314075958219
-0.008150824918086
-0.007933281965820
-0.007394801937644
-0.006175608749683
-0.004064631544077
-0.001275726712463
0.001646070347860
0.004336361076262
0.006829921454579
0.009196813826339
0.011369766598561
0.013307422089830
0.014855391844404
0.015709684524737
0.015879722126181
0.015757204370836
0.015524561204649
0.014903387248751
0.013549574704486
0.011370908955015
0.008501473715011
0.005238890672835
0.001965607359774
-0.001053074753511
-0.003819208698801
-0.006477395416609
-0.009043675037624
-0.011321929415465
-0.013008298520841
-0.013815713944827
-0.013677465521497
-0.012933434153915
-0.012153413418827
-0.011666953116378
-0.011322676794292
-0.010686664228687
-0.009417858892965
-0.007504471921860
-0.005195305814800
-0.002761340491511
-0.000326518517260
0.002148974770827
0.004722870443290
0.007293161803287
0.009577772772819
0.011255903736697
0.012130692006455
0.012220131329791
0.011777997944754
0.011169171958878
0.010609229390149
0.010050673776884
0.009323956056737
0.008335146364704
0.007094339475055
0.005593394261753
0.003854963274406
0.002060669941498
0.000403252868128
-0.001105540905794
-0.002569605777605
-0.004011778734597
-0.005276523468386
-0.006149374415959
-0.006591751497447
-0.006770582453723
-0.006791722251476
-0.006576272101062
-0.005995160712700
-0.004949248771048
-0.003531538883810
-0.002152165234961
-0.001193153948671
-0.000698420746034
-0.000569120959561
-0.000683066561779
-0.000788885724759
-0.000744062632175
-0.000781670319067
-0.001178686029294
-0.001892651738396
-0.002712506259297
-0.003459803178320
-0.003967301099797
-0.004072763846857
-0.003703113435168
-0.002882403044338
-0.001653354324358
-0.000079624400266
0.001750989228251
0.003772463737712
0.005896930974130
0.007970302810160
0.009794700244926
0.011118714735630
0.011710308211102
0.011588479948502
0.011026458999033
0.010198863203331
0.009070874783129
0.007654860574370
0.006080795209483
0.004482505361537
0.002999613448824
0.001772237596785
0.000825858132982
0.000042015733536
-0.000683175032949
-0.001356607885174
-0.002019076180591
-0.002765668238493
-0.003527156973766
-0.004035467906465
-0.004164993907406
-0.004117837099263
-0.004170956422729
-0.004409734483509
-0.004727048280824
-0.004999656385288
-0.005204772959614
-0.005389100247181
-0.005671773050239
-0.006184681355185
-0.006873523357355
-0.007492539379143
-0.007867175836334
-0.008045796171879
-0.008151552300887
-0.008275302159163
-0.008443049328237
-0.008419254734815
-0.007810358504282
-0.006501741700296
-0.004729359856183
-0.002860533082168
-0.001212174535656
0.000124201426861
0.001266532221314
0.002267285284213
0.002981748646451
0.003249498315766
0.002981455241408
0.002110980100901
0.000785642499229
-0.000563501667903
-0.001643619138361
-0.002488109497564
-0.003085174050491
-0.003252073288776
-0.002872842951581
-0.001857201386646
-0.000122980735412
0.002055020058774
0.004087984229566
0.005570535362626
0.006351476921849
0.006315395464627
0.005522364472505
0.004276164281654
0.002714123695478
0.000759779824645
-0.001361829501719
-0.003134423285032
-0.004227739874712
-0.004480273468530
-0.003712075717495
-0.002004195608743
0.000217152489621
0.002606230805658
0.004949941771644
0.006941891330352
0.008352264056604
0.009114527953073
0.009098589701211
0.008108892691211
0.006051341969145
0.002990726885063
-0.000699385211757
-0.004276751856054
-0.007112894320562
-0.009097036235252
-0.010269688143364
-0.010467675711933
-0.009612137950106
-0.007890912781266
-0.005495999294180
-0.002619830727096
0.000323287287202
0.002893012298017
0.004875964614481
0.006162657822256
0.006698509330464
0.006623661949701
0.006221584752321
0.005681972545861
0.005023713908297
0.004281835721982
0.003635862654881
0.003309807105814
0.003391097960546
0.003713979139162
0.004014913937463
0.004242994444379
0.004551221770359
0.005039084398110
0.005660607651000
0.006230016127763
0.006426392025559
0.006014338111796
0.005063458364719
0.003816202536672
0.002487065580194
0.001230148985367
0.000138860198661
-0.000798735708165
-0.001702469730445
-0.002604967547547
-0.003273302556330
-0.003376786476130
-0.002792945318427
-0.001752472871191
-0.000730746612602
-0.000114872579183
0.000031855324618
-0.000138229665333
-0.000522697516124
-0.001144168540607
-0.001997813093074
-0.002953616318912
-0.003767937818355
-0.004146430759520
-0.003923703207633
-0.003194486282424
-0.002179932044306
-0.001002264423535
0.000304391414979
0.001656708387145
0.002937079370137
0.004029161409864
0.004763214625582
0.004902618284887
0.004226734602034
0.002683337329741
0.000427648541999
-0.002398182165155
-0.005794747060320
-0.009648352788475
-0.013530102568709
-0.016909391693964
-0.019405156507731
-0.020798847937972
-0.021029670121663
-0.020235537650978
-0.018623115256241
-0.016248995304992
-0.013082541902437
-0.009287503933036
-0.005256766178537
-0.001341774742462
0.002306275891283
0.005512910927505
0.007846565462585
0.008921657501147
0.008825175249203
0.007959720257168
0.006665464709934
0.005190587481315
0.003789032730850
0.002688432740627
0.002078790177652
0.002092432087617
0.002709529730194
0.003834894079039
0.005432612900368
0.007368854380194
0.009251576259073
0.010640467111977
0.011277718995506
0.011054635028408
0.010022697213768
0.008373836685315
0.006176616701307
0.003471231449642
0.000682772231532
-0.001611889537249
-0.003158881185176
-0.003871753243551
-0.003703934072690
-0.002886953853247
-0.001734050208138
-0.000253581951007
0.001611982524577
0.003681250956746
0.005696389558982
0.007394542831682
0.008444411187151
0.008629137091255
0.008008257099817
0.006779214792527
0.005115368243397
0.003247914841076
0.001556400649941
0.000428946519049
0.000076676107518
0.000526909767717
0.001721356362069
0.003509437118218
0.005620263099024
0.007706393901388
0.009343566895703
0.010127162557204
0.009813991394839
0.008250155720746
0.005348754703858
0.001297583110930
-0.003389083063279
-0.008177393268538
-0.012708866046511
-0.016612844969044
-0.019427783797956
-0.020778651981203
-0.020535037209111
-0.018937031063956
-0.016493947571206
-0.013594753673636
-0.010364995055160
-0.006929777268915
-0.003588244376685
-0.000706673301343
0.001423904208264
0.002660956454293
0.003045363059190
0.002783788895401
0.002149530620202
0.001378766875989
0.000740268002707
0.000570737047983
0.001055735447355
0.002155864842703
0.003771291657787
0.005818104583148
0.008203524391445
0.010718672039360
0.013014945740188
0.014815765659842
0.015968642775893
0.016258855721750
0.015489363457898
0.013712888395617
0.011071719357864
0.007598585260106
0.003504765004834
-0.000663463651417
-0.004403396082520
-0.007471740515615
-0.009734633341165
-0.011087569282835
-0.011506903997362
-0.011105676508905
-0.010093886042914
-0.008640319608011
-0.006857093550614
-0.004959216133359
-0.003238157168901
-0.001801710233785
-0.000566747755863
0.000513578416357
0.001427935935670
0.002210553845606
0.002918449891174
0.003570763709131
0.004137287782544
0.004582453896995
0.004960163202421
0.005350041253490
0.005689137820121
0.005886951328740
0.005980743641548
0.005943500048773
0.005589159514629
0.004824483869992
0.003780786719097
0.002658220153142
0.001562504987790
0.000485218027675
-0.000614750518915
-0.001671945089458
-0.002485140711662
-0.002919653851490
-0.003027962078081
-0.002915783900049
-0.002636547812571
-0.002205846091351
-0.001652013527984
-0.001084319623743
-0.000648899546218
-0.000422515499674
-0.000452033320028
-0.000813725405671
-0.001544847233491
-0.002560966326576
-0.003616179520032
-0.004361189409378
-0.004549276474159
-0.004193469001056
-0.003529900405599
-0.002834540299018
-0.002249937504806
-0.001821002934286
-0.001589912322833
-0.001577310759358
-0.001745815761982
-0.001981241272617
-0.002197750050298
-0.002523698326322
-0.003252907320111
-0.004533521644073
-0.006189922448537
-0.007949637552112
-0.009663521232921
-0.011193195562416
-0.012309186482697
-0.012749959846832
-0.012372225933393
-0.011298414708983
-0.009803035073428
-0.008052815325821
-0.006074549067206
-0.003924945182336
-0.001668526532447
0.000755794274589
0.003325003700663
0.005773022898921
0.007836181489130
0.009380122484724
0.010344482590380
0.010779045810790
0.010821795987952
0.010527041688145
0.009785910460167
0.008596896929283
0.007308245877952
0.006345003295581
0.005801906886297
0.005433490734870
0.004991804189500
0.004423211925920
0.003730054513974
0.002948561496247
0.002250817152920
0.001772684420527
0.001448849425640
0.001178203863658
0.000928546407505
0.000629741977898
0.000247630118400
-0.000090103968454
-0.000262966693108
-0.000361320208771
-0.000611596868996
-0.001131321343170
-0.001882489171423
-0.002818397876669
-0.003798152636805
-0.004514289065831
-0.004819322770321
-0.004881169000141
-0.004799174461100
-0.004347621576041
-0.003296680582498
-0.001723199695421
0.000120728375364
0.001987180676355
0.003678340745061
0.005121191787310
0.006381328369856
0.007517313158040
0.008407486632806
0.008757356247053
0.008322849803269
0.007110156115913
0.005308138802340
0.003092383075551
0.000682762541705
-0.001562200830601
-0.003451249703708
-0.005147545804982
-0.006779697173050
-0.008142341299106
-0.008957011633904
-0.009161492458827
-0.008864533032957
-0.008255857549905
-0.007513808714444
-0.006657562405824
-0.005608823632700
-0.004415557781118
-0.003330667776179
-0.002664920807609
-0.002565102257246
-0.002942350790079
-0.003566120626141
-0.004161291627969
-0.004445319314259
-0.004218254776491
-0.003470429651705
-0.002255336806207
-0.000549888944655
0.001524531548098
0.003539294377842
0.005116825994740
0.006247695786530
0.006987021036299
0.007222491521130
0.006948292013964
0.006252097921796
0.005055902053940
0.003330273471791
0.001351673395214
-0.000509261366289
-0.002035417140151
-0.003170449657356
-0.003935436623171
-0.004278266431918
-0.004094881829917
-0.003531007754269
-0.002935771746790
-0.002441715007722
-0.001969176599289
-0.001540061988880
-0.001251944094671
-0.001085794548980
-0.000998100085084
-0.001078675806547
-0.001401110248015
-0.001879881665870
-0.002387742914140
-0.002826003730949
-0.003096219006122
-0.003079307019083
-0.002621379072872
-0.001641489630394
-0.000252956190098
0.001336479257391
0.003038769372507
0.004885258397824
0.006819775520719
0.008672655399518
0.010310210037445
0.011660637708833
0.012629600570345
0.013045360240364
0.012713269446912
0.011549048754141
0.009617840519019
0.007010528394731
0.003825095513031
0.000387049965353
-0.002779182981904
-0.005354499991144
-0.007324439950731
-0.008701279550355
-0.009484945504512
-0.009801499578572
-0.009772412131558
-0.009381911492914
-0.008692264306864
-0.007932106958299
-0.007244432881969
-0.006624413959768
-0.006012102647949
-0.005280340206921
-0.004415374114173
-0.003692018107562
-0.003372689073133
-0.003377440554846
-0.003367603967940
-0.002953201706927
-0.001875716694272
-0.000152459159741
0.001984513228418
0.004273276292848
0.006527856381538
0.008621428905158
0.010455522588569
0.011948608649753
0.012893905086531
0.012925883433528
0.011880189611586
0.010033667652177
0.007868966995837
0.005794992988698
0.004077842389124
0.002803111640475
0.001831003206315
0.000935268487702
0.000042246214872
-0.000741285123440
-0.001293915997173
-0.001633256790543
-0.001918849388559
-0.002274951974039
-0.002631941296928
-0.002804823313648
-0.002646425669866
-0.002029558935893
-0.000947724642899
0.000306676056706
0.001453029284523
0.002555416111736
0.003757832754504
0.005013967927300
0.006186164824637
0.007136609504555
0.007728113820559
0.007885490112551
0.007616286733264
0.006998419734326
0.006218581293995
0.005429938063358
0.004576243400883
0.003594468025616
0.002606700639300
0.001705985686852
0.000818994814486
-0.000031901675027
-0.000587521091474
-0.000708082457829
-0.000658303670327
-0.000854062106213
-0.001523948384779
-0.002648130051024
-0.004015436861874
-0.005305726617413
-0.006248311110323
-0.006819890518083
-0.007213894309566
-0.007535771852728
-0.007672606832571
-0.007456279975245
-0.006771339881389
-0.005558867298271
-0.003864835180684
-0.001878598892001
0.000080987219432
0.001729060805472
0.003075633220927
0.004239599297356
0.004982681858172
0.004873540939530
0.003820564251962
0.002073850191335
-0.000072925738251
-0.002282829798370
-0.004185105184928
-0.005665028167305
-0.006858541436769
-0.007796843024673
-0.008370325802370
-0.008565481547242
-0.008488962183260
-0.008192303333269
-0.007654456006773
-0.006982000662394
-0.006401846311340
-0.005956191215515
-0.005433029952104
-0.004706155714750
-0.003909258889164
-0.003138646870172
-0.002235743024073
-0.001026102732584
0.000454197913735
0.002110474072687
0.003931505842583
0.005854202748652
0.007689301732400
0.009241416369778
0.010376228346444
0.010975303262896
0.010930338277638
0.010230004903582
0.008936812808070
0.007055805763079
0.004627200629488
0.001882722847715
-0.000804489880580
-0.003024642048359
-0.004545463632413
-0.005453943396365
-0.005890516048079
-0.005812231327555
-0.005130532910981
-0.003897548025887
-0.002287905459579
-0.000525749634428
0.001118363982587
0.002400574388728
0.003169759004875
0.003343916752872
0.002954625647019
0.002161671749885
0.001149452678753
0.000100614408504
-0.000704901695720
-0.000953471640305
-0.000552759168031
0.000329001641774
0.001403395880466
0.002364680714948
0.003072741258604
0.003643733095772
0.004249199029140
0.004871010004276
0.005246869969028
0.005022559889134
0.004061857073677
0.002663320175597
0.001332731704845
0.000362119214073
-0.000245832194441
-0.000568504946107
-0.000636785202593
-0.000504554683198
-0.000261413208694
0.000046055932406
0.000342699364670
0.000537403775249
0.000632658351614
0.000639245290658
0.000561401997962
0.000470863940527
0.000375765857264
0.000134486149960
-0.000321285762968
-0.000827797203885
-0.001210677396867
-0.001419445037289
-0.001397391603991
-0.001157086901518
-0.000870907601955
-0.000668299888751
-0.000539955305264
-0.000469936612765
-0.000481756127485
-0.000612035476169
-0.000950517586668
-0.001554943889253
-0.002317418936110
-0.003114049272819
-0.003880146907285
-0.004410847331788
-0.004451933028172
-0.004015446785449
-0.003362592391581
-0.002762733799134
-0.002366071824104
-0.002193189174792
-0.002162728286031
-0.002160046279696
-0.002122307925887
-0.002038833891125
-0.001874972268264
-0.001569063442574
-0.001064932227280
-0.000296029221255
0.000727352440152
0.001857740722850
0.002967780972544
0.003963711687171
0.004702338549464
0.005187827078977
0.005620162374982
0.006115362789158
0.006598963424822
0.006872486746700
0.006675764035558
0.005833268894073
0.004406259310915
0.002661204206433
0.000876131273061
-0.000719969860527
-0.001845001287554
-0.002246318176722
-0.001923418717264
-0.001123476967948
-0.000145627339859
0.000771064549880
0.001515971914291
0.002134145308703
0.002650653460380
0.002950473716326
0.002918607103867
0.002566629615826
0.001991561767229
0.001319578676054
0.000727020027770
0.000341685872250
0.000069734958465
-0.000289277805965
-0.000801240685239
-0.001390052781524
-0.001950344964305
-0.002396097534886
-0.002692766461454
-0.002879390095418
-0.003033393650756
-0.003283964902302
-0.003758654774051
-0.004382117635916
-0.004952416919341
-0.005438250865695
-0.005985039218783
-0.006701830114937
-0.007541968759349
-0.008358028703741
-0.009022347885596
-0.009463343722166
-0.009636047212504
-0.009536295600252
-0.009262095323367
-0.008965231564543
-0.008682747631412
-0.008285453274307
-0.007617421434766
-0.006629938353618
-0.005375533787064
-0.003974573432187
-0.002561346441563
-0.001141263218472
0.000378015881606
0.001951325762364
0.003321511416047
0.004188059439679
0.004456929796827
0.004289768794654
0.003863019692024
0.003221160871341
0.002368060684773
0.001367819999359
0.000341275249055
-0.000612335193426
-0.001451804851361
-0.002139178949451
-0.002594225249421
-0.002776446951402
-0.002787641743376
-0.002781000174198
-0.002851520132632
-0.003067864248766
-0.003400201130831
-0.003612024146167
-0.003416898819790
-0.002691927723999
-0.001461341100942
0.000133216175486
0.001785623205995
0.003259821010919
0.004632221756211
0.006016464887404
0.007368616881193
0.008696202936926
0.009976325568770
0.010951887011087
0.011384836831629
0.011251627205778
0.010543759510169
0.009213210360588
0.007340963260638
0.005142837720020
0.002879420483140
0.000797833500764
-0.001000510436862
-0.002523392875768
-0.003651608731357
-0.004251518302699
-0.004453969363190
-0.004523743467101
-0.004617682108085
-0.004764610340565
-0.004880813172987
-0.004818523031011
-0.004508625027701
-0.003963526800851
-0.003171516227646
-0.002223815609192
-0.001427082280997
-0.001023765714698
-0.000975728029955
-0.001096520107551
-0.001140389928270
-0.000885639057821
-0.000301119898192
0.000548357493314
0.001607268944325
0.002671968885261
0.003431361631458
0.003733169252109
0.003618563262443
0.003177996021246
0.002563849191449
0.001997252382761
0.001541493660633
0.001080726515900
0.000601959534938
0.000206636042649
-0.000068843854267
-0.000181620397538
-0.000035347079843
0.000301434350803
0.000611838392333
0.000835691599262
0.001017267366747
0.001040809814393
0.000801302919073
0.000496266216121
0.000395547250174
0.000535335622107
0.000881081237832
0.001399955409327
0.001883172168592
0.002100178709744
0.002029721723727
0.001700684430372
0.001064702828021
0.000226283750469
-0.000485803309409
-0.000842279809715
-0.000837675718555
-0.000535122595824
-0.000060369630163
0.000390057151627
0.000670395071833
0.000751818613705
0.000678900184956
0.000492684249733
0.000168611360172
-0.000342397015961
-0.000911463599865
-0.001251721030489
-0.001267839496156
-0.001107656836308
-0.000916671126090
-0.000813147019773
-0.000955280189299
-0.001427914179501
-0.002106921316854
-0.002705650589649
-0.002932957137602
-0.002648525601656
-0.002008145871586
-0.001405885838020
-0.001126869722330
-0.001088130088139
-0.000922522642969
-0.000290236211638
0.000824935529611
0.002105422556230
0.003169302423806
0.003807474885694
0.004010327272541
0.003913406357628
0.003744327607955
0.003684674713851
0.003751325452667
0.003835381290559
0.003777793126123
0.003410614949886
0.002643299672128
0.001556825142825
0.000400287529119
-0.000521998703821
-0.001048487974944
-0.001283687467357
-0.001444542819312
-0.001631702130398
-0.001810982997436
-0.001895118394172
-0.001848422275136
-0.001819260750576
-0.002048236208723
-0.002522950038688
-0.002902436291970
-0.002936018632605
-0.002739838620409
-0.002564434936067
-0.002569877251167
-0.002829313990865
-0.003277530602624
-0.003715030835823
-0.004009787740603
-0.004118614801819
-0.003965073136893
-0.003589860430877
-0.003191061090833
-0.002840061627360
-0.002450650348045
-0.002001544020146
-0.001559728014799
-0.001148619469809
-0.000737153987384
-0.000274767483478
0.000359070617520
0.001240245144213
0.002193002906383
0.002924344524535
0.003371844140732
0.003746069419720
0.004190755646126
0.004647176228520
0.005063584249932
0.005395936873427
0.005552819204675
0.005519025646306
0.005240079721195
0.004519869364582
0.003349065059197
0.002067714864872
0.001018368712770
0.000340254237213
0.000093213289042
0.000207352093268
0.000406307547053
0.000442061328029
0.000288562457732
0.000084159449706
0.000014510799728
0.000190844761509
0.000568318295910
0.001017764724891
0.001416214819847
0.001630953690858
0.001629884379449
0.001601009926862
0.001711008199470
0.001909117634029
0.002104068651153
0.002263482962234
0.002321504410184
0.002193958411806
0.001886546841047
0.001439100991688
0.000748471809066
-0.000309781496843
-0.001584742297624
-0.002745953172706
-0.003572270715712
-0.003940247664834
-0.003754957925540
-0.003077162427009
-0.002094782709315
-0.000974062837740
0.000095199234157
0.000973079974867
0.001670569197883
0.002078128052159
0.001907042110200
0.001155705081789
0.000267783109906
-0.000348450163145
-0.000666851919882
-0.000919737765868
-0.001440910000844
-0.002444653786461
-0.003682102665428
-0.004563965219341
-0.004710690985410
-0.004144441299582
-0.003097232443804
-0.001911722163709
-0.000906753492261
-0.000151730828536
0.000436808736226
0.000805441710371
0.000736582434132
0.000013789026612
-0.001458814757093
-0.003555499767291
-0.005819224744257
-0.007661168652362
-0.008861120815254
-0.009638895139670
-0.010230417305856
-0.010663809029593
-0.010800592877083
-0.010400376062210
-0.009297244334534
-0.007578179497282
-0.005521119023506
-0.003440880599887
-0.001562422108962
0.000096514426238
0.001613219190804
0.002961390444569
0.004053293109546
0.004810785407023
0.005164998380579
0.005115355016740
0.004769428600155
0.004309737596551
0.003946355182332
0.003873532945412
0.004133979360531
0.004569592288702
0.005122760024382
0.005987212387623
0.007262258902428
0.008748463520439
0.010171201289720
0.011341004147954
0.012136405067933
0.012581203155933
0.012794902439009
0.012738376744260
0.012282510796173
0.011419609596185
0.010133979603757
0.008358876829673
0.006252807307378
0.004253903306597
0.002690141626567
0.001479181811664
0.000345538948028
-0.000810942813663
-0.001837535527658
-0.002494373319310
-0.002669066693303
-0.002410191635547
-0.001794154661027
-0.000987809184613
-0.000330031173857
-0.000020334585351
0.000055861203861
0.000042684143856
-0.000010262786081
-0.000098944964691
-0.000343993919824
-0.000857617186321
-0.001480738011223
-0.001921348872192
-0.002091653226982
-0.002098953666996
-0.002030267948047
-0.001975256462583
-0.002102258555752
-0.002483830050985
-0.003034207803304
-0.003717877846893
-0.004601912040152
-0.005714826046076
-0.007009934800810
-0.008363987571131
-0.009558816228098
-0.010440672356561
-0.011002674720937
-0.011246633622835
-0.011241325580226
-0.011177543819955
-0.011130902143766
-0.010963217188036
-0.010490391638696
-0.009671973982690
-0.008698574727375
-0.007859456649107
-0.007247118291559
-0.006624535738335
-0.005640302435464
-0.004136332882354
-0.002209830332467
-0.000076081594692
0.002013011840768
0.003766892127420
0.004951447264043
0.005533606230635
0.005621060183957
0.005294577115915
0.004624597204971
0.003786107545721
0.003002762155871
0.002372999251924
0.001844907827068
0.001311145122677
0.000700091379962
0.000057209689083
-0.000554177019720
-0.001152324406242
-0.001624241856133
-0.001660303103300
-0.001110831596977
-0.000185501349085
0.000781905989329
0.001545439495776
0.001951800482308
0.001949352130593
0.001535449184634
0.000757957232886
-0.000194054284254
-0.001145403606377
-0.001990513109019
-0.002462323144130
-0.002262518411404
-0.001440721313628
-0.000284788810682
0.001057203868058
0.002529246138031
0.003966172008372
0.005264818217852
0.006506535724074
0.007700323038817
0.008627765703519
0.009018815381349
0.008743703533093
0.007901926585825
0.006780480776002
0.005562023151251
0.004165631305432
0.002523644038189
0.000771792281136
-0.000879620965065
-0.002183442072166
-0.002852876351377
-0.002829635195125
-0.002453131599964
-0.002107534863761
-0.001857401474609
-0.001598285480440
-0.001285310871889
-0.000869032850678
-0.000315515612154
0.000193080114984
0.000397902753593
0.000337595622755
0.000268945939470
0.000370266500627
0.000738656453123
0.001437079882660
0.002479327772349
0.003801957375270
0.005156301312284
0.006150435613702
0.006535964330026
0.006357726828474
0.005768190102123
0.004861810818057
0.003691734697545
0.002240029074880
0.000483884915113
-0.001389864084360
-0.003086672664203
-0.004519266643020
-0.005741618385318
-0.006691896657659
-0.007270173961797
-0.007457382175618
-0.007180715495238
-0.006403583948367
-0.005367255833078
-0.004387437796269
-0.003623572377561
-0.003232638220692
-0.003318138223659
-0.003650813746459
-0.003836808706256
-0.003748429823887
-0.003526760356563
-0.003314271770108
-0.003160169144626
-0.002982240471491
-0.002634398501243
-0.002133964848224
-0.001570276163822
-0.000854505490549
0.000071191247191
0.001033744723061
0.001914043830424
0.002721194310156
0.003364644028037
0.003826678918510
0.004295804600341
0.004781081596795
0.005029626319472
0.004973564752787
0.004814503665188
0.004670125134407
0.004545887865748
0.004521379099227
0.004671616265474
0.005054592386655
0.005794974031940
0.006844805727748
0.007801861047221
0.008263416285880
0.008210237715019
0.007850874598542
0.007345999830999
0.006847293167118
0.006528183539014
0.006498536784726
0.006753662802130
0.007116668595997
0.007325826329085
0.007334685945331
0.007428628423931
0.007873916416677
0.008552620360477
0.009090919260778
0.009171474719929
0.008652698643029
0.007560643170524
0.006042628296022
0.004333844521370
0.002692474671797
0.001213201882688
-0.000272842814015
-0.001910922969660
-0.003512214374071
-0.004798897636384
-0.005756594249384
-0.006512833294669
-0.007159734802338
-0.007783971543720
-0.008391840628981
-0.008827377459797
-0.008982631904012
-0.008975041226730
-0.008946646349632
-0.008908263298824
-0.008875926396819
-0.008897265052150
-0.008925016357570
-0.008852814836654
-0.008620844565641
-0.008192168726082
-0.007551344176828
-0.006751263676521
-0.005854177191612
-0.004938369272744
-0.004154375550631
-0.003553055218079
-0.002997132180768
-0.002375956417296
-0.001709565717699
-0.001039912064326
-0.000419997715761
-0.000007996616507
0.000047682833161
-0.000219093236319
-0.000655895773379
-0.001011260329288
-0.001022385219427
-0.000774434762324
-0.000649198791006
-0.000788165942734
-0.000963419403692
-0.000910479144194
-0.000497782874498
0.000236522248900
0.001049132253514
0.001674722522306
0.002010055735685
0.002086964798452
0.002043722634764
0.002089081705870
0.002355140191143
0.002751401925636
0.003039369451272
0.003066648647946
0.002782508754814
0.002145443439578
0.001243420798460
0.000318707653862
-0.000471835513037
-0.001152132604323
-0.001738334053149
-0.002091434267937
-0.002030257033684
-0.001488750281777
-0.000485312052535
0.000908758365763
0.002472288384303
0.003852242074387
0.004738009639411
0.004965498106481
0.004571992640587
0.003753727529869
0.002652347327294
0.001321994739964
-0.000144590922308
-0.001648563061611
-0.003075027665304
-0.004209993045196
-0.004865359581804
-0.005031232879494
-0.004775409195494
-0.004172770031158
-0.003392440810350
-0.002579424839439
-0.001781268869852
-0.001170726571734
-0.000991415665617
-0.001276024909908
-0.001907906285086
-0.002786040617603
-0.003725550406289
-0.004483588506814
-0.005081447579833
-0.005742970547650
-0.006470519851151
-0.007052523191402
-0.007288032310835
-0.006991022348862
-0.006094793168656
-0.004790379265217
-0.003360843118098
-0.001985749692246
-0.000811714579308
0.000026904010606
0.000562927132279
0.000891696395328
0.000955433730291
0.000618704635920
-0.000238488435161
-0.001645099784303
-0.003332751673275
-0.004792935588244
-0.005660822270343
-0.005840260823102
-0.005306479108893
-0.004137978433770
-0.002601500886307
-0.000867612334260
0.001091932271182
0.003217295176826
0.005303686891894
0.007132676047994
0.008460190164056
0.009088772303820
0.009019700376884
0.008364827096086
0.007253557879617
0.005989035334527
0.005019826594357
0.004594582234831
0.004597200217524
0.004764274254034
0.004959742247285
0.005125801199102
0.005113773953101
0.004812680315636
0.004281918413603
0.003621993557735
0.002899485500384
0.002191692773874
0.001605943250449
0.001255274070246
0.001179024027174
0.001331330985588
0.001656966659933
0.002052728569437
0.002289166024555
0.002158228110273
0.001670335418648
0.000989752505239
0.000283685800072
-0.000317120888728
-0.000693269899349
-0.000765179090430
-0.000622962777327
-0.000467378021799
-0.000389881579400
-0.000385369200312
-0.000434642236079
-0.000476833159483
-0.000479787748060
-0.000517243982564
-0.000669330824430
-0.000934560221842
-0.001242834412953
-0.001473431320386
-0.001578854411841
-0.001664444385510
-0.001802660119094
-0.001923017375847
-0.001907307939448
-0.001626230480516
-0.000990761041273
-0.000131563449048
0.000608672228111
0.000999525063869
0.001043378655311
0.000823721214856
0.000528127430663
0.000361241299188
0.000242751815292
-0.000057198634448
-0.000507747633445
-0.000889286022773
-0.001114069538399
-0.001207882781738
-0.001193468013358
-0.001127507527977
-0.001062196330025
-0.000950922041222
-0.000703949460315
-0.000326108419916
0.000086669473078
0.000472748491397
0.000794125298756
0.000944830995487
0.000848026737582
0.000610763748248
0.000441049921436
0.000420347827717
0.000434237218372
0.000303418368994
-0.000047453006830
-0.000518062430672
-0.000920921518834
-0.001129048947731
-0.001146509909535
-0.001033707214723
-0.000763840317462
-0.000291441522924
0.000273953199700
0.000758019908989
0.001131816743395
0.001546671329806
0.002128640215792
0.002753863525213
0.003186263964853
0.003388368142320
0.003498131673999
0.003537648517197
0.003336510887504
0.002759320551233
0.001830831207080
0.000664643825230
-0.000571929319854
-0.001663019859243
-0.002399941260003
-0.002689066520879
-0.002622212393721
-0.002373414357896
-0.002068283561201
-0.001779113963500
-0.001486041061280
-0.001064845123838
-0.000505987758718
0.000016191908578
0.000481713699775
0.001102116246964
0.001953526815372
0.002873453866659
0.003644776754694
0.004068555864008
0.003993723031038
0.003405244295331
0.002463018393604
0.001393156261847
0.000355553898996
-0.000590289955496
-0.001455327463999
-0.002211551585555
-0.002751065857678
-0.003068810906136
-0.003326106599128
-0.003552135626739
-0.003493562023828
-0.002941343157379
-0.002001007394330
-0.000972707776029
-0.000137740947213
0.000389880282040
0.000689449849605
0.000868402376583
0.000926946564435
0.000799686859591
0.000460895627966
-0.000019148525292
-0.000534336573504
-0.001028460114985
-0.001437187451122
-0.001623440017667
-0.001519935122113
-0.001247390731780
-0.000999738692119
-0.000911582799858
-0.001031170455133
-0.001395019464066
-0.002119612933433
-0.003245919026291
-0.004528856102622
-0.005622961234355
-0.006408727469896
-0.006979948921125
-0.007458371159511
-0.007865731709131
-0.007992404811350
-0.007529490833852
-0.006447555232255
-0.004997607700141
-0.003407727192034
-0.001840012557207
-0.000492177925736
0.000521461440145
0.001274328684667
0.001842762682592
0.002210100342217
0.002357334351535
0.002214330919779
0.001714262487216
0.001023916318697
0.000460603512813
0.000200248809874
0.000235543514749
0.000490995767422
0.000870532889470
0.001314118999903
0.001831315372152
0.002430185681332
0.003087675349848
0.003733810026001
0.004226191679090
0.004502129732810
0.004682528861794
0.004856547328812
0.004926452955287
0.004808333421536
0.004562437279785
0.004213560590910
0.003730670653589
0.003187242770836
0.002669363638041
0.002198031997696
0.001840583411292
0.001583743704610
0.001224658153597
0.000700208016841
0.000265939015977
0.000186300143911
0.000520616775917
0.001187945227960
0.001963243502850
0.002530307309255
0.002750067187632
0.002676080124581
0.002310004097834
0.001706857505049
0.001117289319078
0.000677128598774
0.000351259958378
0.000232170548356
0.000339950182011
0.000407083275853
0.000298976613478
0.000165373830177
0.000056646164991
-0.000056587762330
0.000003168488124
0.000378355748681
0.000899093773798
0.001377310185126
0.001756215817174
0.001888033956907
0.001652152555967
0.001173628024762
0.000576126716204
-0.000189078701843
-0.001025892637094
-0.001624718590000
-0.001890136009229
-0.002023418604734
-0.002185729817371
-0.002356767301990
-0.002398951269597
-0.002253697802206
-0.002129487312685
-0.002233716692048
-0.002388238013492
-0.002277188804961
-0.001912099681136
-0.001518129772742
-0.001216481039254
-0.001024191022071
-0.000896727042229
-0.000762748644420
-0.000601380381771
-0.000357447753771
0.000097741601967
0.000794561620491
0.001601261431438
0.002391130326747
0.003105908066947
0.003667799316602
0.004042699420875
0.004262136599118
0.004299387010666
0.004125637771163
0.003802492545238
0.003458598928629
0.003276797604323
0.003387204035277
0.003744610630379
0.004135925730827
0.004253057136790
0.003940003111555
0.003395041480904
0.002869616941665
0.002348814791198
0.001800722347937
0.001337686371912
0.000938172573950
0.000500784122336
0.000166383504858
0.000186573909582
0.000646262024170
0.001497841759752
0.002566616089490
0.003493848741072
0.003990149280715
0.004038264907147
0.003710267995836
0.003041061131595
0.002090866606167
0.000972557313488
-0.000139900331447
-0.001045792052157
-0.001671706039738
-0.002154155386134
-0.002616736417449
-0.002991803920916
-0.003246948249044
-0.003484973345090
-0.003678237822889
-0.003652128310220
-0.003367729175021
-0.003010121350263
-0.002803910608109
-0.002812705490773
-0.002959576699476
-0.003162749532549
-0.003330020517452
-0.003368229218217
-0.003288246631198
-0.003102929504620
-0.002712758367902
-0.002096654261265
-0.001360070270373
-0.000515456868749
0.000465933756803
0.001439572503833
0.002168308794392
0.002528440918779
0.002511569912206
0.002117275984926
0.001362763264266
0.000311806207463
-0.000993127220919
-0.002482462297481
-0.003905167638090
-0.004904214487953
-0.005296635927340
-0.005169752872796
-0.004715954055476
-0.004151818122666
-0.003758890987731
-0.003745399029910
-0.004076518515854
-0.004563802799576
-0.005023788458448
-0.005337824929782
-0.005508014211427
-0.005604787288889
-0.005610259294500
-0.005476541425269
-0.005211422001355
-0.004714345078306
-0.003800537394387
-0.002480778999133
-0.000935319151186
0.000764860738021
0.002605048672473
0.004327301476226
0.005528091175733
0.005993379203599
0.005739637311238
0.004964489869164
0.004011291347870
0.003171696009906
0.002544736886447
0.002127734229453
0.001913537172123
0.001820493294569
0.001740390004947
0.001725698594079
0.001836522506378
0.001912298938072
0.001820650047750
0.001687038520910
0.001622744814213
0.001561481998869
0.001498885483640
0.001518638127813
0.001602832610773
0.001654372064375
0.001525282552279
0.000976220077871
-0.000116701118529
-0.001562628404124
-0.003098780438387
-0.004571059684119
-0.005697662543241
-0.006186852123308
-0.006156454553733
-0.005923330915521
-0.005605092676122
-0.005230585438955
-0.004833963365713
-0.004365909864976
-0.003834731851084
-0.003373971152975
-0.003033999121224
-0.002871346176073
-0.003069970802941
-0.003498918079568
-0.003654315007513
-0.003353446464332
-0.002852928077170
-0.002319111959918
-0.001744007287684
-0.001150108743108
-0.000522666715860
0.000163348197507
0.000751114580633
0.001109217334408
0.001387014026590
0.001743277373097
0.002178744090509
0.002735854796171
0.003401637896449
0.003914517135765
0.004020274988023
0.003743279433662
0.003306469609967
0.002963289058258
0.002829057602256
0.002755169804761
0.002464924261724
0.001838995816732
0.001002077442912
0.000169906310994
-0.000443579771870
-0.000613256246492
-0.000284623378666
0.000233714272122
0.000519978834470
0.000470883744415
0.000297117618816
0.000155921350715
0.000035472696660
-0.000091436463771
-0.000213320381338
-0.000278038300244
-0.000241085084901
-0.000202675543573
-0.000381341842337
-0.000878353726933
-0.001536517892778
-0.002051304782651
-0.002119100219492
-0.001565338355824
-0.000515877529606
0.000735150760270
0.002030996472434
0.003274101822329
0.004301705182653
0.005062615538890
0.005682643911790
0.006253872816091
0.006681757401573
0.006826523401752
0.006669063982490
0.006256308307095
0.005614079401136
0.004744579344116
0.003668719960411
0.002397737821475
0.000866708007832
-0.000913246993705
-0.002667852735199
-0.004023637675635
-0.004800619361885
-0.005017503953983
-0.004771552182189
-0.004279932564505
-0.003837009033338
-0.003589728833066
-0.003481150607125
-0.003395452289218
-0.003274834808385
-0.003147729557342
-0.003098229160786
-0.003219310323196
-0.003545644175642
-0.003962207259063
-0.004239459715089
-0.004233409733277
-0.003967324543909
-0.003515586092080
-0.002927222753475
-0.002228689728970
-0.001453105272947
-0.000646457606973
0.000214093381361
0.001158492879535
0.002013365618340
0.002486426697241
0.002466433774466
0.002049437943112
0.001323186947826
0.000302590251659
-0.000923375574970
-0.002103439193510
-0.002941769702891
-0.003319266539307
-0.003319843462013
-0.002973525524578
-0.002143048310931
-0.000749954596958
0.001059577810336
0.003043152294154
0.005008025353399
0.006796382580620
0.008303821373886
0.009488730407965
0.010231270046318
0.010336176253429
0.009753830259039
0.008615357386205
0.007044623215373
0.005124620654004
0.003013973530934
0.000975059610045
-0.000671405610326
-0.001689764190979
-0.002027611772366
-0.001682312072739
-0.000726626599482
0.000492772123202
0.001582735680716
0.002496805575642
0.003352043161074
0.004062547179617
0.004491753699515
0.004636137212076
0.004467233740008
0.003960087701641
0.003223409972002
0.002361416333829
0.001415173835412
0.000485108273209
-0.000289115991395
-0.000824671825542
-0.001039751087106
-0.000788705909998
-0.000017619672488
0.001091092599732
0.002249110283236
0.003237322674473
0.003917508364307
0.004181600689007
0.003918406576643
0.003023584511622
0.001537634930262
-0.000216701655417
-0.001805419259926
-0.002997012893682
-0.003737603038899
-0.003914209815759
-0.003445872342086
-0.002542243175581
-0.001538805988637
-0.000567893854572
0.000353317157307
0.001133271154609
0.001654947144778
0.001767087730907
0.001311317209815
0.000363118368314
-0.000797882381594
-0.001972412588119
-0.003037068893170
-0.003945625657405
-0.004883689707058
-0.005959920817670
-0.006868626341578
-0.007231229037546
-0.006896256494079
-0.005786691752669
-0.003915130426112
-0.001633968719461
0.000441409544695
0.001886419931717
0.002671429721983
0.002943950957381
0.002797451852158
0.002234335395344
0.001297202120600
0.000106590121072
-0.001237784586350
-0.002639277465946
-0.003939047280716
-0.004919689064020
-0.005341857641371
-0.005019069290564
-0.003995803614934
-0.002640967574076
-0.001334537289697
-0.000193540950148
0.000737246710155
0.001366268240392
0.001661062580248
0.001610153953584
0.001191570168980
0.000473703620590
-0.000418946162110
-0.001443684206582
-0.002547031632541
-0.003516641887752
-0.004110263352551
-0.004231423325618
-0.003954242707262
-0.003407905924343
-0.002652708976043
-0.001732575612024
-0.000739127552543
0.000215011025649
0.001042806566874
0.001682871302059
0.002016037382738
0.001963868846310
0.001678994652098
0.001356539304809
0.000954081033269
0.000361935085680
-0.000304897651881
-0.000836610584123
-0.001164130549027
-0.001281387456026
-0.001227200922378
-0.001187502122120
-0.001287121410931
-0.001338884762925
-0.001025923266460
-0.000247056149695
0.000875488238713
0.002152226954537
0.003334121689684
0.004173956818310
0.004539873428060
0.004474232370108
0.004214801256607
0.003957102626006
0.003571172545516
0.002806772403333
0.001738434696084
0.000721811721896
-0.000066002964567
-0.000706994156163
-0.001238259499625
-0.001613200221846
-0.001850756706925
-0.001977913949138
-0.001946919475473
-0.001730264676639
-0.001339895650097
-0.000829149675852
-0.000470769621013
-0.000587689921870
-0.001131169674445
-0.001837327888515
-0.002601503812854
-0.003404369383150
-0.004198686283258
-0.005088327130458
-0.006230197589552
-0.007384291369294
-0.008083701333490
-0.008190453236814
-0.007795365761559
-0.006967640866733
-0.005869560181939
-0.004670046090763
-0.003340397842701
-0.001877192889741
-0.000511155686113
0.000595661175102
0.001510104904743
0.002250417126750
0.002730365831756
0.002955374554052
0.003007737764974
0.002906167880065
0.002608330908439
0.002092398831930
0.001417679124612
0.000770317018118
0.000358542880626
0.000240040630522
0.000368149552532
0.000654612295879
0.000919550903707
0.000990400730772
0.000811547335175
0.000409319988797
-0.000077326889942
-0.000375699050494
-0.000303064693860
0.000034566595434
0.000395491392962
0.000642365004327
0.000840833007192
0.001215871039580
0.001862473298194
0.002566264496821
0.003112799031827
0.003568910902155
0.004098995304464
0.004711140656759
0.005298707432198
0.005813435200866
0.006272588574483
0.006626653849628
0.006760554811557
0.006601900712730
0.006086608748834
0.005142025665276
0.003846573942662
0.002419076320786
0.001084459965640
0.000148659618773
-0.000072205137871
0.000411369723962
0.001267594921117
0.002152551355496
0.002752133930048
0.002820886768139
0.002474222071743
0.002041884476207
0.001589994510111
0.001025950954447
0.000387289209522
-0.000304960008818
-0.001051314828342
-0.001648190907117
-0.001860900241318
-0.001757777792476
-0.001615387138555
-0.001614631536687
-0.001743229062674
-0.001850201727257
-0.001757725084175
-0.001431577548263
-0.001025409904802
-0.000721213699348
-0.000626385627105
-0.000781206484724
-0.001073139183075
-0.001261389804409
-0.001266675744650
-0.001275143403865
-0.001506229455447
-0.002019678539794
-0.002681314264738
-0.003220360450914
-0.003447805775387
-0.003481474545815
-0.003578234362437
-0.003751376605070
-0.003772696804252
-0.003466023833755
-0.002855457545316
-0.002152330908028
-0.001615706899641
-0.001416982690874
-0.001702187114543
-0.002558883662001
-0.003736230345234
-0.004643164194289
-0.004830460170939
-0.004343296762877
-0.003554496000265
-0.002825298551344
-0.002325637326843
-0.001973038449335
-0.001492380367737
-0.000713507098788
0.000206420313443
0.001005009024576
0.001549336692704
0.001716620153598
0.001413674621989
0.000868106766001
0.000464365976579
0.000204241783067
-0.000218127543204
-0.000948273222365
-0.001923857877395
-0.002951981890859
-0.003760763018564
-0.004225840507552
-0.004358937663348
-0.004101895659016
-0.003450405468482
-0.002630055632585
-0.001841710008091
-0.001028112487767
-0.000143722289553
0.000642976028450
0.001150065774251
0.001279723681939
0.000968800595853
0.000275173008102
-0.000571550583348
-0.001352487634530
-0.002040649650774
-0.002680198919884
-0.003150100766452
-0.003176787416092
-0.002601408247127
-0.001588281097126
-0.000494292102002
0.000419962754083
0.001069141380286
0.001459464453098
0.001669784973132
0.001834096785513
0.002024927232995
0.002223419780427
0.002393744612135
0.002440874574354
0.002192883629996
0.001601249499541
0.000859534439925
0.000236020265455
-0.000097223706880
-0.000131507945491
-0.000061631773152
-0.000090105019180
-0.000148015311674
-0.000023459979808
0.000368036521953
0.000977571532750
0.001628454528030
0.002063822586469
0.002212472695103
0.002219269774071
0.002179844723761
0.002103710939639
0.001972225745371
0.001680513120089
0.001222841830886
0.000830037171896
0.000635695767922
0.000558964189586
0.000599043666444
0.000820955193031
0.001184944714492
0.001646898954770
0.002196918598666
0.002751559386305
0.003235147706954
0.003661835963638
0.003963736816576
0.004006812193704
0.003842848051017
0.003612989173402
0.003277526393688
0.002700109776364
0.001896663535909
0.001055518124746
0.000371172040328
-0.000033514525110
-0.000041084824262
0.000420088692226
0.001183979165764
0.001923429510919
0.002493744898088
0.002975743708217
0.003498192872774
0.004202232551875
0.005114266266137
0.005976174354913
0.006384973778059
0.006062946433660
0.005023481091209
0.003589139401767
0.002140185318311
0.000818933135305
-0.000345045119678
-0.001194860439369
-0.001677656929033
-0.002027754615769
-0.002401706997148
-0.002650980649348
-0.002550805604860
-0.001993076198437
-0.001083748941958
-0.000207853272345
0.000265150054395
0.000326077703329
0.000095663704558
-0.000433782493854
-0.001162433133963
-0.001855120858878
-0.002479743698248
-0.003170463977663
-0.003944903344034
-0.004713078014486
-0.005289656821933
-0.005314745653407
-0.004527612494496
-0.003115590192559
-0.001544114786135
-0.000099960066154
0.001264370246778
0.002672192924307
0.004047350147502
0.005144060593888
0.005754400201721
0.005861290638436
0.005609011935278
0.005140977646462
0.004526405448687
0.003794014394330
0.002991725197683
0.002216819519337
0.001550500019575
0.001049282920495
0.000777648858323
0.000702618059949
0.000633584262028
0.000440755747787
0.000306808154940
0.000539314076120
0.001171582150653
0.001901991866516
0.002324590605111
0.002191440318826
0.001492660730937
0.000431360612164
-0.000577529882730
-0.001195444558031
-0.001477120088289
-0.001634997634214
-0.001712254216979
-0.001653516850800
-0.001403095096469
-0.000923918794189
-0.000327986331059
0.000202394141024
0.000715987826710
0.001401762725158
0.002259708969322
0.003136916799377
0.003933045405154
0.004589957617396
0.004977507254997
0.004965362793445
0.004547991432567
0.003794838812641
0.002818112700227
0.001690580097598
0.000322853168309
-0.001351152260341
-0.003206968748947
-0.005056888494947
-0.006671422334454
-0.007772434657886
-0.008312760395828
-0.008530041849600
-0.008459342431777
-0.007820164060515
-0.006588536388942
-0.005128801577023
-0.003705614641999
-0.002366054879032
-0.001227847673761
-0.000500338359063
-0.000279027197717
-0.000486828238023
-0.000869210559747
-0.001088004258765
-0.001069829273832
-0.001092820818933
-0.001389878334879
-0.001898287195924
-0.002394268955637
-0.002637574036789
-0.002436162086345
-0.001808419156542
-0.000997288301914
-0.000180814126023
0.000597312144664
0.001193528950955
0.001409784452670
0.001268980800996
0.000953449928326
0.000512654116488
-0.000113833132249
-0.000857577617439
-0.001513950147429
-0.001957761734874
-0.002246561146081
-0.002422845800832
-0.002374339076518
-0.002041164024739
-0.001505365435565
-0.000817658777097
-0.000019000830012
0.000717375596428
0.001183504260271
0.001351614996741
0.001368601829220
0.001343114619541
0.001273200070324
0.001160339060360
0.001042576234378
0.000898628339819
0.000626645031040
0.000204351873316
-0.000195512146285
-0.000300108479281
0.000034242397281
0.000625132801864
0.001089996000393
0.001207604188123
0.001038336736728
0.000726268523565
0.000385033471697
0.000167316173789
0.000145155312913
0.000156011643980
0.000009770233037
-0.000311539146121
-0.000723342267772
-0.001126628525186
-0.001478370829519
-0.001827097705472
-0.002227100948983
-0.002661724714697
-0.003059017795015
-0.003300411580813
-0.003254091498949
-0.002940233527983
-0.002555658074619
-0.002208435455737
-0.001794631859084
-0.001180995750837
-0.000405225243447
0.000300304729886
0.000667490543612
0.000608443428323
0.000277199201521
-0.000115594239395
-0.000444550048762
-0.000647187075373
-0.000768042951711
-0.000967590579692
-0.001379951926741
-0.001965583572291
-0.002534297828824
-0.002957285745770
-0.003247136869851
-0.003464920897860
-0.003663090696605
-0.003824014159433
-0.003849855422694
-0.003619421068950
-0.003040424860237
-0.002167186789360
-0.001304943143359
-0.000848664751264
-0.000883021325254
-0.001087686938010
-0.001147116388184
-0.001025914975289
-0.000777356994378
-0.000372256254355
0.000153950092623
0.000657138951100
0.001076206675145
0.001458025838122
0.001885817653426
0.002449456038527
0.003074338027445
0.003452647032751
0.003326540796838
0.002728374416641
0.001911630190148
0.001228476319670
0.000966467622477
0.001081494928223
0.001260858213454
0.001339412416037
0.001395028726567
0.001438639782480
0.001343101598283
0.001064090940782
0.000620710727017
0.000004361979401
-0.000693676240845
-0.001333304722711
-0.001855454537424
-0.002181887148094
-0.002234780848831
-0.002060266319920
-0.001741286566835
-0.001269494662571
-0.000596516035675
0.000253926126482
0.001191519609870
0.002054466945960
0.002598868742204
0.002736252095455
0.002699377123731
0.002750303208791
0.002891136021954
0.002993380898405
0.002957992248337
0.002654934024982
0.001985950331757
0.001051240273547
0.000087460591388
-0.000649550324737
-0.000908947470305
-0.000590917057735
0.000122657610618
0.000915104922950
0.001531158369120
0.001825295804776
0.001801275829147
0.001552940827545
0.001045592426096
0.000152290991115
-0.001065435893947
-0.002336267826002
-0.003360497603901
-0.003920482295421
-0.003968917076492
-0.003641283430706
-0.003120702517979
-0.002568818364892
-0.002163947355723
-0.001974236176893
-0.001820015697328
-0.001506917782309
-0.001106560174153
-0.000796244256861
-0.000572032250054
-0.000326635504874
-0.000020507378021
0.000335952255676
0.000637183248071
0.000709183451994
0.000548774528860
0.000347566855747
0.000275877346459
0.000384030727270
0.000629297633354
0.000856555061494
0.000870336406772
0.000726076576644
0.000721111442066
0.000988786923597
0.001417101835760
0.001812399452569
0.001910859744429
0.001550968629713
0.000909861553608
0.000315924472111
-0.000091517153706
-0.000357370516218
-0.000595058501206
-0.000937689581980
-0.001381020386808
-0.001796643041491
-0.002091369085402
-0.002152625004858
-0.001852809519559
-0.001242746838285
-0.000559547160255
0.000030704601081
0.000556153092829
0.001081202661131
0.001636008924251
0.002213462860390
0.002662105172447
0.002794229533463
0.002623680004153
0.002286668577339
0.001879670874207
0.001551674701210
0.001505962242658
0.001769096392551
0.002160713242124
0.002512829538842
0.002758682011353
0.002806068720732
0.002518985091945
0.001944968439792
0.001355698857515
0.000928070486189
0.000554080221606
0.000078068377859
-0.000384314482155
-0.000607406711112
-0.000646137531359
-0.000676252538069
-0.000630070056868
-0.000328572820900
0.000326581184093
0.001396415850679
0.002798488782075
0.004254349448161
0.005559329411142
0.006668301737267
0.007497914873379
0.007985913964998
0.008196564572233
0.008067889776014
0.007390448959783
0.006181386979440
0.004663255944143
0.002981449091163
0.001335026860743
0.000077439629403
-0.000649613551396
-0.001095011189159
-0.001584879183465
-0.002243466440923
-0.002911657664046
