-0.000140565993882
-0.000196379024971
-0.000092032242273
-0.000199907024519
-0.000610038169431
-0.000988400527976
-0.001030712657559
-0.000724879415611
-0.000273441524903
0.000119030173745
0.000443127862147
0.000754047985032
0.000914167963415
0.000717762319370
0.000233566879950
-0.000161416926594
-0.000135484490346
0.000264616225408
0.000650103518811
0.000690397380686
0.000480277518004
0.000336633049135
0.000312660953441
0.000223817750708
-0.000008518794273
-0.000286752782597
-0.000452267544596
-0.000427099435421
-0.000302725980716
-0.000182801878898
-0.000005620012536
0.000306397013834
0.000615535973220
0.000637253024038
0.000268043987072
-0.000201310973083
-0.000321886294356
0.000050648463110
0.000603528797763
0.000884398733079
0.000755523848537
0.000473205915310
0.000327704856590
0.000325078573742
0.000264262615832
0.000077101160900
-0.000036588697478
0.000105360304192
0.000389677064942
0.000538505824414
0.000428794065945
0.000182596995262
-0.000042632389955
-0.000229763388867
-0.000391769665975
-0.000429836427961
-0.000212570859632
0.000255974818912
0.000743204796260
0.000926112032915
0.000747344959221
0.000527139576979
0.000591569512146
0.000884401919394
0.001061166059561
0.000912831257811
0.000576636932711
0.000339138113379
0.000306740241612
0.000315429978967
0.000207024413573
0.000072325247977
0.000070123138690
0.000151027575038
0.000130368492352
-0.000036464387137
-0.000180901246969
-0.000135404408513
0.000042388734243
0.000119852214143
0.000023518980556
0.000000820803393
0.000287133042105
0.000771266305449
0.001112238957906
0.001077186881222
0.000741133103460
0.000388075639529
0.000200154423869
0.000060406478805
-0.000227727420120
-0.000537088982767
-0.000505883104109
-0.000068529424922
0.000395393272271
0.000499309512083
0.000250349868937
-0.000037572410627
-0.000097666790308
0.000091264847726
0.000378602617175
0.000660929229300
0.000959938681384
0.001227952676640
0.001246643965426
0.000875429411853
0.000308937543934
-0.000032080161627
0.000103298795468
0.000536530039020
0.000860451415351
0.000868677812300
0.000678440869029
0.000447136213309
0.000140437720898
-0.000299737450742
-0.000684205606287
-0.000677246171076
-0.000192900973077
0.000419067411047
0.000694589645802
0.000538200925795
0.000265326944800
0.000195164989796
0.000339766278793
0.000497351036878
0.000542447309343
0.000529457002312
0.000531801392704
0.000522638360733
0.000425593692693
0.000248145573572
0.000183683646202
0.000399439517226
0.000690208021577
0.000619118524006
0.000058147806017
-0.000609257050487
-0.000895688164738
-0.000687347803112
-0.000294359345515
-0.000103841901018
-0.000146741696044
-0.000108988316083
0.000160896617911
0.000448752919029
0.000548586747909
0.000504718962550
0.000460312771490
0.000471505690935
0.000437199251695
0.000243480233869
0.000018754807052
0.000020192496544
0.000232684871607
0.000355141760551
0.000244526363996
0.000125851326038
0.000261413970059
0.000594727418176
0.000788437025494
0.000553829964789
-0.000014953409701
-0.000503010220717
-0.000643648191850
-0.000545227517806
-0.000412089664792
-0.000284707441419
-0.000121998847709
0.000042256335378
0.000090045914340
-0.000062980866071
-0.000288373649097
-0.000282872867752
0.000042838166675
0.000361265241532
0.000324131354216
-0.000002838198359
-0.000276317143398
-0.000252101376823
0.000018442464859
0.000201507851622
0.000038116333432
-0.000284792555565
-0.000377602891872
-0.000149098952865
0.000178208534744
0.000406540728597
0.000523156929537
0.000600044974895
0.000624911364217
0.000463060526717
0.000097680048860
-0.000198429743323
-0.000187498098555
0.000009234007612
0.000117470267444
0.000027102000964
-0.000123272311001
-0.000083639837549
0.000142672271116
0.000208315343580
-0.000098338739567
-0.000528093135166
-0.000676725570468
-0.000437248789440
-0.000051229689459
0.000201817656692
0.000275041078162
0.000334356351113
0.000490391127528
0.000592966950193
0.000413707341551
-0.000002195583163
-0.000350047176936
-0.000439257920920
-0.000379169879014
-0.000332649513659
-0.000249346185470
0.000022091261476
0.000443310685139
0.000736545532351
0.000663982616753
0.000298469728456
-0.000059171489524
-0.000171551140339
-0.000052462131721
0.000092457278475
0.000137032414897
0.000171609299815
0.000312266165791
0.000454672329550
0.000341573091703
-0.000036249888635
-0.000314273911842
-0.000229620010826
0.000046161919401
0.000216199377272
0.000220640894077
0.000197839022963
0.000274772607207
0.000408661238723
0.000417035743982
0.000224136846937
-0.000008506308555
-0.000086949215443
-0.000052165791351
-0.000096894615300
-0.000249660463566
-0.000333871643245
-0.000206085618690
0.000047060210838
0.000166825555134
0.000070166659736
0.000003076543713
0.000194380941851
0.000533575086725
0.000712367521557
0.000571348645199
0.000230111183300
-0.000063550007197
-0.000172590547183
-0.000171821635055
-0.000187429123154
-0.000203813477595
-0.000160331626788
-0.000126627876676
-0.000205121455108
-0.000340071550867
-0.000331082894905
-0.000040598315354
0.000407466555415
0.000683418257647
0.000587608873166
0.000307675577637
0.000227168365431
0.000447143956895
0.000625106306483
0.000394382986950
-0.000165858698018
-0.000601877814611
-0.000590761073123
-0.000288199791698
-0.000079343721389
-0.000069169674591
-0.000040395710264
0.000153486950918
0.000388080367951
0.000452882526734
0.000309319528988
0.000124801959909
0.000064214799223
0.000089156402412
0.000042576686875
-0.000069995661870
-0.000066589962336
0.000108969418905
0.000273514096783
0.000223844866889
-0.000018459726789
-0.000226882129071
-0.000256888663161
-0.000217342773786
-0.000298328725885
-0.000493280727964
-0.000574907828517
-0.000370602372982
0.000022417026347
0.000331092407000
0.000383753877480
0.000260581801158
0.000142508734396
0.000090299843110
0.000027458524382
-0.000106283771114
-0.000234613236599
-0.000269155166937
-0.000312049933546
-0.000512136415609
-0.000761575064704
-0.000787576837725
-0.000514599393903
-0.000137774645388
0.000101424607998
0.000098874367323
-0.000012132567413
0.000035441515922
0.000246877409977
0.000272411174319
-0.000071664067784
-0.000517203252551
-0.000743244678413
-0.000700525826089
-0.000539448642317
-0.000465645374947
-0.000546388866778
-0.000627204696530
-0.000581250649507
-0.000506041361697
-0.000501112323916
-0.000444993847901
-0.000174693232939
0.000279478308093
0.000689286088204
0.000801430254189
0.000615914358498
0.000406464383666
0.000328297231057
0.000201863149565
-0.000155157199122
-0.000605559494188
-0.000839710043492
-0.000657009358447
-0.000143849786856
0.000309871329088
0.000382744528475
0.000166769015194
-0.000102769187353
-0.000393175289363
-0.000706328599333
-0.000888228188338
-0.000765598873018
-0.000325206922326
0.000190399475664
0.000407555309091
0.000228512034424
-0.000012393208898
0.000038752080966
0.000362368569890
0.000687441447666
0.000810406012537
0.000735060225895
0.000593801475214
0.000411931467147
0.000041354954760
-0.000535166092306
-0.001017113361844
-0.001076333590635
-0.000727792781844
-0.000321982163396
-0.000157816901274
-0.000180612872142
-0.000149050779228
0.000013390032524
0.000138126796149
0.000052585753551
-0.000184040951115
-0.000345979776386
-0.000315382346262
-0.000248483691790
-0.000337912973924
-0.000469573792813
-0.000384415710114
-0.000055353795985
0.000280641449406
0.000368433513673
0.000210172183492
0.000034083160586
-0.000068632476721
-0.000248481219870
-0.000592041321519
-0.000949225698050
-0.001088245514960
-0.000927937738426
-0.000671406536769
-0.000630483091309
-0.000782784006432
-0.000753397232183
-0.000381369534352
0.000056531323151
0.000257206498218
0.000211862523685
0.000125867357515
0.000167739720263
0.000278052080893
0.000266186930010
0.000116123390405
0.000024958892884
0.000089410463329
0.000153429664240
0.000059707073982
-0.000089474621354
-0.000052869920134
0.000222661637138
0.000475718070803
0.000375828210081
-0.000070540491092
-0.000486730195593
-0.000548623084128
-0.000298036497556
-0.000029218507572
0.000040091541140
-0.000041921402568
-0.000059855037190
0.000080299943177
0.000185969380963
0.000072761996753
-0.000086715126716
-0.000025215385550
0.000184368946312
0.000244281293775
0.000036694182254
-0.000222674034337
-0.000230345164935
0.000003301441514
0.000135358735084
-0.000074313208736
-0.000466909306906
-0.000683443689727
-0.000584713214381
-0.000391658916969
-0.000381617079589
-0.000524975611308
-0.000527536321452
-0.000229322402815
0.000163425449542
0.000344548359943
0.000304094485955
0.000272302504697
0.000324461229656
0.000282460453069
0.000040935772641
-0.000226081703008
-0.000284378427636
-0.000149407937624
-0.000085341907991
-0.000307677425529
-0.000701934302670
-0.000877634653235
-0.000587579766280
-0.000038936267353
0.000348361571828
0.000408436533449
0.000305585281311
0.000253063130013
0.000290432307115
0.000259255886531
-0.000011846842327
-0.000423428089674
-0.000650739966058
-0.000579965876009
-0.000434522068221
-0.000356524850650
-0.000223180540865
0.000040976453242
0.000279506871734
0.000283137316684
0.000060928581883
-0.000113056801177
-0.000011227002569
0.000250877683218
0.000376317864463
0.000262110903176
0.000056347450526
-0.000075907801641
-0.000116153502771
-0.000170252811092
-0.000292693855711
-0.000324131436166
-0.000068694983998
0.000362270036442
0.000595202223715
0.000409180304789
0.000003720368740
-0.000225459101394
-0.000144622189930
0.000017439600573
-0.000000727271585
-0.000187346683515
-0.000311094846228
-0.000262545490259
-0.000233085004054
-0.000415595181173
-0.000681553222098
-0.000757699102534
-0.000560541248288
-0.000240038520871
0.000010596596297
0.000183433873873
0.000440318163100
0.000788689918573
0.000929695970309
0.000598153798467
-0.000048917121022
-0.000567536024388
-0.000676423799897
-0.000448126101428
-0.000186481633323
-0.000109109659568
-0.000084120556096
0.000092291647109
0.000262764952189
0.000122230620044
-0.000296305588591
-0.000654454198894
-0.000694447294240
-0.000416992013534
-0.000015200991033
0.000298002261071
0.000491529565165
0.000650296859215
0.000691181533278
0.000414694566182
-0.000114423886685
-0.000526550091620
-0.000549072521595
-0.000266778655724
0.000004063423357
0.000040492779348
-0.000046989547794
0.000003910709994
0.000190854518097
0.000268810012274
0.000119725045386
-0.000164920742833
-0.000426895205758
-0.000569964687538
-0.000668274982794
-0.000788019220241
-0.000716616883818
-0.000223161307834
0.000500348682768
0.000959897471197
0.000861727282353
0.000379041673949
-0.000050784808570
-0.000120445167496
0.000116335530016
0.000345696983922
0.000386499388782
0.000346995318790
0.000311386169418
0.000197877518846
-0.000002641416404
-0.000156970618738
-0.000190107718357
-0.000192868146998
-0.000312369517541
-0.000528137799364
-0.000569533446581
-0.000198430696235
0.000432700884197
0.000862663932411
0.000791676785607
0.000381442615129
0.000051511105701
0.000021458820873
0.000107949476570
-0.000027935975393
-0.000477281657880
-0.000964772007092
-0.001127716714256
-0.000884847014063
-0.000491269339421
-0.000202324848748
-0.000017289808721
0.000156004080299
0.000268751129525
0.000179995815401
-0.000082533188674
-0.000211066336733
0.000028262554557
0.000429386711901
0.000567916046851
0.000287511371988
-0.000149281786286
-0.000360586264791
-0.000256954495498
-0.000087329075091
-0.000078679993127
-0.000151776634913
-0.000105702786575
0.000029038723748
0.000046407672356
-0.000106482586568
-0.000261137878936
-0.000248655877127
-0.000082797553497
0.000054214654486
0.000013952764097
-0.000090585114056
-0.000013198198230
0.000220982102667
0.000303250772461
0.000082037771226
-0.000217196641094
-0.000261378350129
0.000021424287992
0.000350748248180
0.000353011312803
-0.000024452797734
-0.000437872141890
-0.000573758414968
-0.000480313464355
-0.000373606944098
-0.000300117607291
-0.000137424446893
0.000151479606128
0.000364309295930
0.000251648184367
-0.000115664384090
-0.000414303775169
-0.000495316163962
-0.000462395961108
-0.000418894898546
-0.000303895514497
0.000019593040550
0.000504242480424
0.000850409995548
0.000790957081857
0.000398993182775
0.000031859997104
-0.000069812314867
-0.000042656650482
-0.000145524185248
-0.000355459546370
-0.000443671595272
-0.000339497979808
-0.000194741778867
-0.000198441410803
-0.000380572404843
-0.000511074170196
-0.000327404570779
0.000075523207306
0.000298843005325
0.000157240050978
-0.000100943006579
-0.000160198852828
0.000022695236714
0.000251095963262
0.000316355742095
0.000246805092992
0.000263664415222
0.000427597858111
0.000558400083617
0.000526150407196
0.000371503320716
0.000178198941675
-0.000022379384927
-0.000283560482035
-0.000624893192690
-0.000831075245703
-0.000634981328066
-0.000130516553978
0.000285084135111
0.000363815648393
0.000237701536461
0.000212072268896
0.000387771325076
0.000558089384852
0.000485026573662
0.000180171298706
-0.000111594527304
-0.000180058148122
-0.000094107672165
-0.000069847871088
-0.000101909824115
0.000012074591869
0.000289862380593
0.000483687954198
0.000379517839446
0.000059660065869
-0.000148297638439
-0.000031260404286
0.000242209930392
0.000345814594218
0.000228574651782
0.000140414361684
0.000257411505033
0.000449223815662
0.000459351909310
0.000270524868079
0.000164240642261
0.000336606763009
0.000598487730606
0.000606048595204
0.000322667629769
0.000044242768303
-0.000027451270136
0.000019719359599
0.000014719252631
-0.000100521316013
-0.000216278147296
-0.000153956972080
0.000077338134261
0.000230664006268
0.000144932643156
-0.000041076648589
-0.000095527717177
0.000020304279184
0.000139174078801
0.000115045867853
0.000035530158196
0.000131754039384
0.000447347494588
0.000747270357657
0.000818277033263
0.000687942949525
0.000491850981516
0.000292751091303
0.000063804307802
-0.000207268688359
-0.000379725463872
-0.000261278970969
0.000068368811323
0.000270683876657
0.000197509125767
0.000089819273740
0.000206171780398
0.000475549674059
0.000615013044535
0.000453777947663
0.000144136624681
0.000041580777075
0.000278626743177
0.000579459332026
0.000617963983687
0.000389184352102
0.000120643063252
-0.000028698022205
-0.000081129455661
-0.000107019533460
-0.000068664935931
0.000130826737699
0.000439500613079
0.000592600049407
0.000398094975597
0.000027643837116
-0.000175963276157
-0.000072591774379
0.000219529798167
0.000452221493522
0.000452269306345
0.000296460001378
0.000157678515946
0.000057880201071
-0.000094729228521
-0.000303702655179
-0.000426147110976
-0.000337896558943
-0.000069340529767
0.000222660859596
0.000394572689724
0.000478614088970
0.000603503360105
0.000718151905932
0.000588210439570
0.000158354714108
-0.000245947025438
-0.000244450352799
0.000155247641810
0.000554266420038
0.000595355189786
0.000356031840535
0.000188105363717
0.000235277491595
0.000337079698394
0.000332175525669
0.000244115583872
0.000186801653231
0.000220845968409
0.000289228666326
0.000264082323105
0.000151633534361
0.000118148110484
0.000147000926435
-0.000029369338763
-0.000462437592292
-0.000805079398935
-0.000733775618026
-0.000270296726722
0.000297299036602
0.000652572315476
0.000722349351477
0.000696510601397
0.000713101617536
0.000698669498172
0.000563713566888
0.000401642650848
0.000402957929061
0.000590495220152
0.000756358439667
0.000702214528703
0.000452248363779
0.000215682350129
0.000169238329781
0.000264276815278
0.000301040428663
0.000251909186245
0.000392869347647
0.000933750831993
0.001598769269743
0.001841763251192
0.001463325821707
0.000785734960856
0.000258984921199
0.000025789499273
-0.000122695498025
-0.000350228467785
-0.000536878094150
-0.000558144260717
-0.000486468572376
-0.000450605275866
-0.000501938459073
-0.000570567950750
-0.000578556521088
-0.000664098479358
-0.001054311638834
-0.001655463461977
-0.002061697332697
-0.002022664645679
-0.001725428023387
-0.001586532744630
-0.001779985842164
-0.002010814666428
-0.001848663784280
-0.001233410457252
-0.000535496986698
-0.000128974794601
-0.000035039849275
-0.000005175651638
0.000195443704309
0.000601962504866
0.001063202001401
0.001410386369689
0.001576314603848
0.001583480552658
0.001503595271681
0.001499359526013
0.001835391879287
0.002621033801656
0.003527692695191
0.003984452233753
0.003723737562980
0.003024582772888
0.002428159657298
0.002270653805457
0.002423692769795
0.002488257429607
0.002248964250435
0.001842024705902
0.001497443092062
0.001248636535735
0.000945677829248
0.000484941114425
-0.000070278318333
-0.000612069713506
-0.001139767378941
-0.001712028697857
-0.002295538586824
-0.002779642119012
-0.003170775774103
-0.003667632598256
-0.004455163094447
-0.005391805644484
-0.005981037769632
-0.005854097042136
-0.005196948940997
-0.004486213089045
-0.003975763438029
-0.003590311238052
-0.003153077977398
-0.002618433161972
-0.002098841293499
-0.001617536656734
-0.000899117670365
0.000344117563410
0.001943710166988
0.003393544079921
0.004418040916671
0.005173366024614
0.005896354939087
0.006593130265540
0.007129391286332
0.007467670591193
0.007763612168301
0.008191713416977
0.008621025376988
0.008627575514888
0.007935131149280
0.006700794003184
0.005299082969510
0.003955941988320
0.002681746083231
0.001436406989094
0.000227152421447
-0.000931337330201
-0.002127347512880
-0.003569916715226
-0.005324261787946
-0.007077457808126
-0.008433755121046
-0.009343817315284
-0.010060186707853
-0.010832211187137
-0.011654462078561
-0.012247474628162
-0.012419032345721
-0.012346917227254
-0.012271229869808
-0.012071628221295
-0.011433911164196
-0.010285241943857
-0.008863430424048
-0.007470775671095
-0.006194943515838
-0.004815050646009
-0.003083070262575
-0.001085467726665
0.000919846339773
0.002966235728312
0.005321979045794
0.008032701751510
0.010756751461874
0.013031829424983
0.014730791828911
0.016183724465163
0.017695509212819
0.019122331121113
0.020084110925227
0.020413226695087
0.020216024331551
0.019626337415345
0.018676947846052
0.017337347507264
0.015639709241803
0.013762960666152
0.011844254124040
0.009721377923362
0.007056658771883
0.003773361226126
0.000223423442608
-0.003189808157067
-0.006452459410744
-0.009879806278452
-0.013663215096226
-0.017595251394737
-0.021259220548311
-0.024415278488493
-0.027142459859536
-0.029543422162840
-0.031430714371468
-0.032526556941013
-0.032804649295048
-0.032435074808122
-0.031535958188896
-0.030014817648960
-0.027656277117469
-0.024495708374563
-0.020946402928955
-0.017349085514922
-0.013618766968933
-0.009499478742894
-0.004956944020916
-0.000221958405711
0.004465828190239
0.009153407396096
0.014178119268815
0.019748465015221
0.025562940115701
0.031003193797142
0.035645299537081
0.039422168394989
0.042363712639468
0.044368536200068
0.045282546942149
0.045153306974490
0.044241888767707
0.042688269433270
0.040343353763473
0.037023248483492
0.032840015037197
0.028170497973941
0.023239376706239
0.017868585451254
0.011730975829935
0.004818421375686
-0.002402493716838
-0.009417252509230
-0.016153759123391
-0.022842123680841
-0.029466371842086
-0.035555169842473
-0.040523195689225
-0.044128014985358
-0.046526653650557
-0.047914865247863
-0.048276110451954
-0.047525580844099
-0.045773509812983
-0.043330414479175
-0.040404174525676
-0.036950202682721
-0.032954706960326
-0.028681384600939
-0.024482998965089
-0.020442632896844
-0.016269011375774
-0.011567687685691
-0.006269735444876
-0.000768631557549
0.004474974620515
0.009394183884401
0.014250695487714
0.019240551335904
0.024271855405121
0.029050711682203
0.033383047537901
0.037317738922436
0.040859167026395
0.043741737962575
0.045731771576810
0.046928402568692
0.047488721401635
0.047249505041728
0.045860732908199
0.043193787220441
0.039517604706482
0.035297693697070
0.030804158171334
0.025921449713469
0.020397166382553
0.014239315790450
0.007752270344329
0.001228834317424
-0.005247335045923
-0.011716321838519
-0.018088007468349
-0.024035473973513
-0.029264578790676
-0.033798990632322
-0.037901795819909
-0.041727854619978
-0.045138156299679
-0.047936728428155
-0.050115446608704
-0.051722035332368
-0.052546863208874
-0.052088122235136
-0.049957173750143
-0.046214171269715
-0.041227155080555
-0.035297177882603
-0.028469079592582
-0.020677960555105
-0.011987727556781
-0.002669150805630
0.006853082636042
0.016060041226162
0.024375711923104
0.031184488630375
0.035922020089890
0.038446038578413
0.039305220447177
0.039306194143546
0.038891043713071
0.038107359191499
0.036924459628242
0.035408875510340
0.033682028290090
0.031691283841257
0.029105026052645
0.025655183325758
0.021506848373908
0.017118772618518
0.012839068261048
0.008707799096629
0.004541641615269
0.000166950490547
-0.004427388388538
-0.009158433795039
-0.013912896387507
-0.018396360334467
-0.022065767219041
-0.024489916498575
-0.025723507272502
-0.026172630079805
-0.026186271091121
-0.025739163625206
-0.024468900515808
-0.022158533671569
-0.019100221512343
-0.015829079961522
-0.012604171839533
-0.009367162362085
-0.006148693112085
-0.003268956558344
-0.001206293557616
-0.000359264906841
-0.000794817246933
-0.002263977517867
-0.004459782223045
-0.007007678754355
-0.009267060791225
-0.010513855462661
-0.010380185844708
-0.008987128961142
-0.006706195064181
-0.003761115761647
0.000023893728924
0.004915015822364
0.010739622697017
0.016961949570666
0.023142255690119
0.028995990780838
0.034151516900695
0.038087940080781
0.040298339917653
0.040530881717243
0.038928934812524
0.035884965132182
0.031698910513792
0.026474444311222
0.020420570222722
0.014068997158502
0.008019451098059
0.002519078424164
-0.002603062742878
-0.007544424459564
-0.012141287673680
-0.015961505182269
-0.018735690625896
-0.020602681868380
-0.021897477604917
-0.022757060631049
-0.023071844806675
-0.022768586898553
-0.021924012482007
-0.020622196096992
-0.018890375766790
-0.016834637412059
-0.014787493371176
-0.013263561312664
-0.012632882686849
-0.012754403864902
-0.013089130166488
-0.013225125521035
-0.013146461219726
-0.012980681994978
-0.012599362373138
-0.011586007488875
-0.009656704180190
-0.007022346249118
-0.004152516164315
-0.001241846470294
0.001831821136884
0.005138509209726
0.008543172528843
0.011809912556894
0.014740450064653
0.017268047082946
0.019357535695154
0.020802248616394
0.021400537143694
0.021365215556983
0.021227178196990
0.021367328264173
0.021815913397077
0.022374543637757
0.022886703251328
0.023389867796931
0.023854835944148
0.023821983703059
0.022537999180819
0.019502141817994
0.014749625485872
0.008661513723319
0.001700190642383
-0.005650789679372
-0.012772092245898
-0.018901074831052
-0.023466634740864
-0.026394259182842
-0.027988709608399
-0.028594177850438
-0.028364823974407
-0.027365924545099
-0.025855304963668
-0.024249055545452
-0.022739625716121
-0.021087639724971
-0.018916671848209
-0.016194686590066
-0.013306821124238
-0.010689248649319
-0.008518378968509
-0.006706012026203
-0.005120911709970
-0.003797509843157
-0.002852159405549
-0.002250196413242
-0.001820679396481
-0.001471280858488
-0.001223798430967
-0.001003327516171
-0.000464219349101
0.000906678927858
0.003406833928393
0.006841895591132
0.010730783193630
0.014686936800329
0.018479857599965
0.021843500575772
0.024373027437953
0.025698059097888
0.025807166688677
0.025066402141437
0.023824361579650
0.022113684613995
0.019764397634489
0.016703882905921
0.013077189711359
0.009100270413578
0.004894571384083
0.000556867295854
-0.003596064502312
-0.007051528194825
-0.009562769818185
-0.011407143701809
-0.013018866518812
-0.014559577801573
-0.015952535099958
-0.017151804822505
-0.018300305431699
-0.019634646575278
-0.021066232256359
-0.021930568863338
-0.021465691478818
-0.019423255689134
-0.016089919109022
-0.012054191635967
-0.007997792265347
-0.004404386500430
-0.001492899237199
0.000614238991463
0.002035376878167
0.003319448899924
0.005037389003432
0.007305907927655
0.009958453086617
0.012945896950637
0.016422202532333
0.020560953717846
0.025251723346916
0.029978612526360
0.034173380169983
0.037543280830655
0.039783575492218
0.040251087842368
0.038259923558541
0.033533448286706
0.026297515351823
0.017159142129231
0.006884470005065
-0.003839397229664
-0.014324914839998
-0.023657644395925
-0.030935447859718
-0.035775282854327
-0.038358893616529
-0.038999866225289
-0.037817945215596
-0.034847636443945
-0.030369700438906
-0.025066670153551
-0.019801258962640
-0.015206380046130
-0.011543967278531
-0.008935867731300
-0.007496438769623
-0.007158628274010
-0.007562816627257
-0.008165018028243
-0.008441656889616
-0.008118877394600
-0.007142520806010
-0.005355629427060
-0.002492420195148
0.001366343423445
0.005606600884247
0.009540733484324
0.012979857049714
0.016282086848685
0.019877621861372
0.023778104855143
0.027526328679019
0.030570225693375
0.032575116431683
0.033336503511578
0.032535881040375
0.029776439645777
0.024942468197560
0.018440432095474
0.011024315475263
0.003427311306004
-0.003804268646217
-0.010108989686682
-0.014771743389564
-0.017330784782824
-0.018003519272689
-0.017438232516903
-0.016196868670771
-0.014557509847091
-0.012615402341973
-0.010588022912356
-0.009055254714906
-0.008692412994784
-0.009743619347523
-0.011928352899165
-0.014768168370378
-0.017804890418596
-0.020581187582149
-0.022580602176600
-0.023297151636961
-0.022470726894596
-0.020215133184114
-0.016779805991340
-0.012247640441941
-0.006661401835780
-0.000431728682957
0.005582017279172
0.010489445410414
0.013838448379630
0.015718870205822
0.016537418389914
0.016719135078275
0.016593757593579
0.016495212515212
0.016708374516739
0.017203837283548
0.017630701796826
0.017644382162715
0.017145988850858
0.016264361719699
0.015182948305290
0.013880549377798
0.012057840919966
0.009483289892505
0.006303580435797
0.002823084611139
-0.000859398451608
-0.004746101882632
-0.008517706450041
-0.011452061738280
-0.012860044003231
-0.012563210635023
-0.011018230282938
-0.009037476526105
-0.007415393539712
-0.006839815559453
-0.007897088183770
-0.010869934913578
-0.015528886370751
-0.021147666599671
-0.026783873475602
-0.031692855233485
-0.035404304082424
-0.037335307416569
-0.036641506472684
-0.032716837082970
-0.025710827590043
-0.016482084979767
-0.006165378361930
0.004279524197479
0.014190995153367
0.022992013002066
0.030147324567559
0.035431210935624
0.039101727934862
0.041692973275459
0.043542026688656
0.044545423598644
0.044459265685207
0.043318429706968
0.041353002093352
0.038544544591032
0.034517397394175
0.028960815610653
0.022074732097808
0.014548916504126
0.007135337967163
0.000357436090661
-0.005308326578693
-0.009213679437322
-0.010805905218649
-0.010140377135052
-0.008089179968261
-0.006035854126170
-0.005182021514440
-0.006034864449194
-0.008569853886298
-0.012630190393623
-0.017998243752760
-0.024298614230821
-0.030998733723367
-0.037547921155224
-0.043585820018681
-0.048935244388157
-0.053267022310522
-0.055952911975341
-0.056437716807034
-0.054574928608952
-0.050464633610886
-0.044179510726308
-0.035805321512010
-0.025616381424938
-0.014136007518235
-0.002027470300626
0.010167528285292
0.022099200046918
0.033305520404076
0.043018790582647
0.050437552076959
0.055156427851832
0.057306712306461
0.057350556230142
0.055779658803055
0.052979468180171
0.049363646699617
0.045473291367435
0.041737546510128
0.038255147003359
0.034935889082421
0.031731280161905
0.028692808744240
0.025903690562366
0.023334520222266
0.020697221181521
0.017579339294818
0.013796929616710
0.009351884904318
0.004036742642610
-0.002574046021666
-0.010749465772513
-0.020418131586215
-0.031288620590726
-0.043019101166559
-0.055268563435672
-0.067543347611507
-0.078890110931644
-0.087936034592595
-0.093533137016724
-0.095258260088209
-0.093179254211925
-0.087388162506903
-0.077957267626295
-0.065280781185249
-0.050275234546033
-0.034065223388686
-0.017442442888965
-0.000753194396517
0.015718380259890
0.031432029792825
0.045623287929387
0.057499237805209
0.066383385159419
0.071825825705426
0.073741154412763
0.072480763445958
0.068772622197920
0.063533756375020
0.057611665048836
0.051603058087605
0.045887011854656
0.040805866590657
0.036675573900564
0.033497928088197
0.030701432952437
0.027320524974247
0.022633733097091
0.016697892212883
0.010189050158672
0.003759681384026
-0.002352492590957
-0.008196155885236
-0.013828784567924
-0.019279058323335
-0.024701378406933
-0.030311864584025
-0.035994657360476
-0.041086287040253
-0.044709744567746
-0.046301898707960
-0.045768730898348
-0.043285413491748
-0.039178120473560
-0.034013868865615
-0.028665239475230
-0.024110604272013
-0.020977957518198
-0.019203559950000
-0.018168886261882
-0.017197921115270
-0.015902748104516
-0.014095236250451
-0.011584213701667
-0.008185190426768
-0.003877512787985
0.001005639980357
0.005852712142225
0.010234020351983
0.014093190275120
0.017455142541897
0.020293206095591
0.022691233365205
0.024901227939091
0.027172434579870
0.029507880223771
0.031559178922182
0.032894760448818
0.033475833066769
0.033625128224800
0.033482967495391
0.032793581735282
0.031217407798277
0.028718373116943
0.025668607491711
0.022505166383205
0.019244094040467
0.015481362472826
0.010889303479995
0.005519907803764
-0.000288863369343
-0.006046995615404
-0.011230565087697
-0.015381611398979
-0.018200178550007
-0.019809122504211
-0.020896793918145
-0.022359226816322
-0.024706218091602
-0.027764190770170
-0.030956105856886
-0.033833157746191
-0.036263308525256
-0.038195948797986
-0.039425928233667
-0.039670541587423
-0.038814134838375
-0.037018584924094
-0.034609481040414
-0.031838128962624
-0.028770346632660
-0.025410216519304
-0.021740827285576
-0.017546954949502
-0.012405045387630
-0.005972200942303
0.001749038260690
0.010388140696701
0.019475950638887
0.028782832052037
0.038230069961316
0.047419451153468
0.055460111634637
0.061425182451324
0.064939265613708
0.066194619296028
0.065456787223808
0.062696760828249
0.057702164869097
0.050470872069107
0.041377225807363
0.030949495112606
0.019652322855310
0.007978121121253
-0.003359383854116
-0.013566871907693
-0.022166129971346
-0.029098239264470
-0.034466867105917
-0.038294237021772
-0.040530062233663
-0.041294286835161
-0.041029891930008
-0.040259086683297
-0.039170784927503
-0.037561549771196
-0.035132890202603
-0.031745908820822
-0.027516143083281
-0.022686764664860
-0.017432107951797
-0.012035839606997
-0.007119236261536
-0.003331515532581
-0.000891310312195
0.000459528032431
0.001184372303657
0.001598025438225
0.001704510770928
0.001502662343570
0.001299902455330
0.001490732182396
0.002285759583358
0.003824287552083
0.006283008411976
0.009768086463580
0.014166736931081
0.019044245228706
0.023687060510205
0.027366136810783
0.029595301909102
0.030111875791595
0.028718390511432
0.025358261960253
0.020390907333122
0.014671150847804
0.009300517660510
0.005175167788441
0.002612166797007
0.001496490570075
0.001749626650804
0.003354622313935
0.005959627509348
0.008727997648491
0.010655462651262
0.011085151913459
0.009960472090411
0.007556818417890
0.004061582837186
-0.000466906791772
-0.005813624850436
-0.011532545910233
-0.017276826479475
-0.022999719386382
-0.028632395715659
-0.033704855060837
-0.037479070989764
-0.039375192588831
-0.039189040226267
-0.037000380551793
-0.032927395255575
-0.027042633001400
-0.019650262790814
-0.011553620357998
-0.003835477076664
0.002665640809252
0.007596115925331
0.010906063636866
0.012590990910709
0.012604907314790
0.011046770853240
0.008453337288649
0.005648571960602
0.003231502445245
0.001514373475269
0.000885457174125
0.001836846543363
0.004592494131267
0.008841321520145
0.013860414476748
0.018978056542363
0.023934451876513
0.028616629848886
0.032517080488933
0.034800085540505
0.034896039734629
0.032843530188508
0.029150802475309
0.024450570599592
0.019233014249588
0.013842496301411
0.008632182122432
0.003869815435178
-0.000563353288286
-0.005078109612948
-0.009902432593517
-0.014879207654027
-0.019710246290340
-0.024267083222474
-0.028629347960271
-0.032811621886152
-0.036469052098455
-0.038995901536102
-0.039964532568916
-0.039281481377533
-0.036852829936479
-0.032405788391502
-0.025809871333825
-0.017391648170242
-0.007905866568742
0.001749935926177
0.010916572380578
0.019234367906419
0.026289481691989
0.031429229218154
0.034046983810920
0.034002101826306
0.031755378394226
0.028109526313250
0.023767605903027
0.019076237708898
0.014201771419900
0.009362634195541
0.004674039414591
0.000056764405921
-0.004469811994476
-0.008617986794573
-0.011961489305046
-0.014143554408365
-0.015130928503649
-0.015214898795407
-0.014588070012695
-0.013133086316750
-0.010772597897917
-0.007802947052799
-0.004755441988920
-0.002015272956735
0.000348677447227
0.002392091268738
0.004000447345421
0.004878049330373
0.004889196477120
0.004305779645083
0.003595146075119
0.002998728037480
0.002427747430116
0.001816824723487
0.001394828156710
0.001459261457517
0.001997358971785
0.002556249887411
0.002499367543459
0.001508917603929
-0.000210971000094
-0.002221501746264
-0.004108040278201
-0.005403062701721
-0.005553826036721
-0.004235486768258
-0.001674513253214
0.001377827751526
0.004014424637178
0.005665525170455
0.006254179725527
0.005849704467017
0.004394319776370
0.001939817151282
-0.001003025589250
-0.003538331281904
-0.004839850870007
-0.004573720344599
-0.002907041697572
-0.000160038495028
0.003384707757849
0.007332291800298
0.011084224251031
0.014085810377925
0.016152116185391
0.017428272291055
0.018003974212342
0.017682574834125
0.016153704309173
0.013311141813127
0.009382821515066
0.004737667329361
-0.000446570937216
-0.006208014415118
-0.012417546575625
-0.018525894216408
-0.023769642014390
-0.027463758567081
-0.029101253515731
-0.028383970010061
-0.025263027536074
-0.020080675465737
-0.013724938860256
-0.007351756517466
-0.001809770662446
0.002552776085185
0.005660779271530
0.007436920868699
0.007690993905094
0.006360193413060
0.003848809800475
0.000920186999393
-0.001726657648550
-0.003657442693135
-0.004633321822860
-0.004519418658906
-0.003265349864121
-0.000965920866974
0.002108035160843
0.005651715390292
0.009470077734254
0.013355247125397
0.016855248456575
0.019307279976099
0.020174580457844
0.019379828058493
0.017269278586433
0.014252063985950
0.010605848095803
0.006576258872192
0.002543953116248
-0.000897513542388
-0.003230286702618
-0.004497870883357
-0.005282739259417
-0.006154515218303
-0.007256790695530
-0.008388709705311
-0.009401993812652
-0.010414380100041
-0.011539685833528
-0.012634394741183
-0.013568507590914
-0.014498392623777
-0.015637430922192
-0.016977233220063
-0.018323549573707
-0.019444752777749
-0.020225461397801
-0.020681702135715
-0.020629446534868
-0.019489646765503
-0.016735781250641
-0.012392275582446
-0.006892896824355
-0.000624358917530
0.006200150238752
0.013322288700837
0.020241316690523
0.026243151213868
0.030735184109932
0.033579932586407
0.034893021424633
0.034581203494234
0.032376799257129
0.028339340515980
0.023100908428436
0.017492589527717
0.012053824468579
0.006992222372188
0.002449370489915
-0.001296608736862
-0.003933664657962
-0.005496707799482
-0.006448200168193
-0.007218447992547
-0.007859499111483
-0.008176364795945
-0.007981712658049
-0.007232194986001
-0.005981305935970
-0.004208839334995
-0.001946665205166
0.000365967044480
0.002009508605855
0.002558092639884
0.002164763053386
0.001333459626853
0.000469517605862
-0.000460916568948
-0.001812202863649
-0.003697402421097
-0.005726523069872
-0.007410650478374
-0.008519979512329
-0.008967913512460
-0.008616610349103
-0.007317319021090
-0.005165784497888
-0.002693658641929
-0.000665766761485
0.000372761633312
0.000265265836605
-0.000997266856721
-0.003398397473870
-0.006640038901391
-0.009996834467146
-0.012644200629283
-0.014099782935323
-0.014362780677455
-0.013784799744011
-0.012745558999937
-0.011316283774159
-0.009341864965366
-0.006820092448724
-0.003968736170356
-0.000980890038541
0.002094999317126
0.005286168978960
0.008507525329970
0.011383936855752
0.013419831183219
0.014400536997043
0.014494234917968
0.014017477721542
0.013255131449894
0.012465221152402
0.011910006049885
0.011746784289536
0.011828697166493
0.011737237643110
0.011159417418301
0.010165572458357
0.008974671374300
0.007590314600243
0.005861399000962
0.003768813191082
0.001548992736953
-0.000414303145820
-0.001900913150429
-0.003124227428956
-0.004528609040740
-0.006257033977529
-0.008048937741316
-0.009642419949790
-0.010971134930012
-0.011955757356934
-0.012312814827902
-0.011709985284776
-0.010154874375924
-0.008139108058995
-0.006277523169372
-0.004788631450359
-0.003409318932167
-0.001856247592924
-0.000237419928102
0.001097718156477
0.002006339033558
0.002692846098420
0.003394429302199
0.004032532039973
0.004275086944732
0.003935920186962
0.003160708618007
0.002200229315750
0.001199926706308
0.000257223353843
-0.000455009378315
-0.000759742108691
-0.000684775066941
-0.000528783002452
-0.000718965178024
-0.001455350407912
-0.002419182535525
-0.003076969752366
-0.003184829348916
-0.002757201100147
-0.001769333127761
-0.000099437360684
0.002314405160820
0.005242913014911
0.008043697824282
0.009940063302649
0.010509621688334
0.009774412464137
0.007863913669291
0.004817625019555
0.000794025320122
-0.003677799402703
-0.007852290268809
-0.011150304851473
-0.013299272856896
-0.014189093947700
-0.013648788974701
-0.011436481900272
-0.007580336620608
-0.002561448866331
0.002998810810038
0.008633377734393
0.013889645528359
0.018082702452260
0.020397505693982
0.020278412871251
0.017766679357525
0.013447725647476
0.007926764567890
0.001486232518042
-0.005582515654151
-0.012609050304853
-0.018736415437763
-0.023345517331661
-0.026262138677282
-0.027610780017721
-0.027392542127763
-0.025308701864991
-0.021164801391536
-0.015273834240261
-0.008271696661099
-0.000624170617704
0.007536193579651
0.016105731407007
0.024685225576716
0.032554502396233
0.038842208092426
0.042710235888916
0.043491823594093
0.040783986471540
0.034581682981710
0.025547837463353
0.015025527907906
0.004401001805929
-0.005547437029144
-0.014584779613892
-0.022500182352750
-0.028766644804793
-0.032722423056778
-0.034081402060021
-0.033086678565161
-0.030048244181791
-0.025033307993347
-0.018190123351272
-0.010070389807746
-0.001570312341102
0.006251265575512
0.012440714789833
0.016373568182540
0.017661754174653
0.016104547010447
0.011952917283019
0.005931223003327
-0.001145965696934
-0.008632133896170
-0.016025359428838
-0.022798649469381
-0.028188904509246
-0.031304958051886
-0.031666169773092
-0.029521836659188
-0.025498212722355
-0.020081649250592
-0.013540262398096
-0.006156159958318
0.001588526174677
0.009048824791514
0.015709578778981
0.021352644716494
0.025817543558189
0.028798291832765
0.030049927107864
0.029623225493569
0.027719876577085
0.024460121182448
0.019882356199231
0.014099237906072
0.007577601765374
0.001213499280134
-0.004150844695576
-0.008209229794159
-0.011037264726347
-0.012645757697051
-0.012874421079641
-0.011621114012891
-0.009092700554242
-0.005896414900224
-0.002735392950460
0.000057047242266
0.002448483860800
0.004314665648093
0.005478480639808
0.005993030468275
0.006131119029002
0.006204550668655
0.006388363418998
0.006597808821464
0.006723229720302
0.006963693394456
0.007576995399268
0.008427194783940
0.009079335908563
0.009190665844441
0.008708408190837
0.007776168258567
0.006424241380658
0.004446367317365
0.001762121268257
-0.001224769653250
-0.003836258748019
-0.005611606053718
-0.006500710914589
-0.006649395294934
-0.006110658312540
-0.004869120498715
-0.003122983788920
-0.001380208045830
-0.000140552625934
0.000488256488642
0.000764290139592
0.000953084915621
0.001081291518757
0.001034296284172
0.000776360225351
0.000315319169494
-0.000515729543443
-0.002060955636151
-0.004523976480524
-0.007625678958564
-0.010671663031903
-0.013044416668213
-0.014533520411848
-0.015160425242549
-0.014840801517790
-0.013373207266572
-0.010757778922029
-0.007371803583688
-0.003758609174215
-0.000302451504937
0.002856326387216
0.005612211357206
0.007610350039892
0.008256060273665
0.007164643242463
0.004468674785230
0.000572574838410
-0.004104816878115
-0.009065700629703
-0.013641136617234
-0.017099496432098
-0.018962101771089
-0.019238307245981
-0.018221339385179
-0.016051428386457
-0.012664732832388
-0.008182185521169
-0.003169357524921
0.001557571034511
0.005442595136734
0.008528284091808
0.011207960937780
0.013718910832193
0.015957612396267
0.017687671783917
0.018823424077506
0.019459623676717
0.019669310772433
0.019408213708840
0.018665559791159
0.017623504373998
0.016544819894942
0.015469640275319
0.014143823140185
0.012378927027699
0.010382274778238
0.008562238151880
0.007112575820462
0.005907327554004
0.004707230820841
0.003425816326018
0.002184096236450
0.000999487370210
-0.000461811540261
-0.002586118937796
-0.005421253853116
-0.008747008069079
-0.012326088037662
-0.016002559898009
-0.019641746855716
-0.022950499451679
-0.025437141788793
-0.026688695936006
-0.026625865734789
-0.025391569306093
-0.023057116392216
-0.019621741209154
-0.015312178911421
-0.010671484079808
-0.006326574000275
-0.002692697337947
0.000205226651951
0.002542354803856
0.004283889589101
0.005158662734159
0.005042179698060
0.004175112455631
0.002971957631464
0.001723691287013
0.000541809645524
-0.000459377720732
-0.001008300961191
-0.000787858727175
0.000264611492584
0.001898562299755
0.003876558303293
0.006193338697187
0.008838879209566
0.011501516710056
0.013752957048823
0.015508066548005
0.017109489266006
0.018982934789879
0.021251648151479
0.023548486216502
0.025258486129625
0.026025853238275
0.025854812537035
0.024807745316254
0.022886020131291
0.020130035505920
0.016727272589042
0.013020454008007
0.009254750686665
0.005413853717622
0.001527773431285
-0.002139405362051
-0.005398723167074
-0.008343877083451
-0.011245638815795
-0.014368811478957
-0.017676856235436
-0.020773135345348
-0.023386675373817
-0.025699807345431
-0.028007263715148
-0.030255136208836
-0.032014777915205
-0.032812774250647
-0.032462838613822
-0.031078220405376
-0.028751786019669
-0.025367740128977
-0.020835558472521
-0.015337635421874
-0.009187834890889
-0.002576758371723
0.004358829678546
0.011261848222536
0.017477239893956
0.022329588399729
0.025608980421767
0.027724681487788
0.029190341260529
0.030102140996110
0.030257808995950
0.029575048110358
0.028257509834150
0.026587688805959
0.024633947882911
0.022227686133398
0.019198259837084
0.015623015629333
0.011845632695285
0.008211131424035
0.004882891345788
0.001946370827026
-0.000549790331071
-0.002730165286909
-0.004887753333330
-0.007273932422338
-0.009876452248834
-0.012382293364604
-0.014472227847010
-0.016210971629316
-0.017991296826339
-0.020057422383844
-0.022282513506548
-0.024378394976171
-0.026118600674977
-0.027432002515409
-0.028314437516740
-0.028569311611012
-0.027857328597065
-0.026116016177676
-0.023671492859779
-0.020840166581749
-0.017545563488998
-0.013396370009019
-0.008203734292528
-0.002416125008325
0.003133000764975
0.007914668698851
0.011904746074984
0.015172723061126
0.017604436880998
0.019035201296966
0.019468261727967
0.019106353433178
0.018164066201300
0.016694919134719
0.014687554774632
0.012297204093287
0.009828302578171
0.007492017460784
0.005338197609131
0.003418778551685
0.001920208863210
0.001070230948960
0.000870774554977
0.000988767367992
0.000961884887960
0.000526839199809
-0.000198634716652
-0.000933944255953
-0.001679285841855
-0.002741408305815
-0.004301539895633
-0.006211436336830
-0.008219992704231
-0.010214808969880
-0.012197505817226
-0.014019201950419
-0.015204166536106
-0.015218450629904
-0.013908900692841
-0.011492410031147
-0.008150317391027
-0.003826786166672
0.001548004854542
0.007704692996129
0.013968770314328
0.019603220411153
0.024175561254166
0.027530821626367
0.029490129734518
0.029747136106479
0.028109633719044
0.024741765389168
0.020126984965112
0.014825942864501
0.009270263261186
0.003825175714735
-0.001013601389818
-0.004723829430315
-0.007080450225414
-0.008219223695506
-0.008401628954390
-0.007782548043563
-0.006443061143442
-0.004695297586014
-0.003188515848837
-0.002495907122639
-0.002665159140407
-0.003305583232767
-0.004055749555095
-0.004893037571972
-0.006002714518495
-0.007395067309292
-0.008735676927349
-0.009569598576836
-0.009637451916279
-0.008907045570983
-0.007328455562191
-0.004756439164237
-0.001277790799207
0.002502535536901
0.005766673381657
0.008108295275142
0.009662147876752
0.010667147119956
0.011148675146529
0.011022514039636
0.010345755348223
0.009397290269007
0.008449476682176
0.007447211656910
0.006058581028540
0.004127801032397
0.001937139355432
-0.000123500561963
-0.002033395936465
-0.004117035834056
-0.006612001177346
-0.009379175796715
-0.011999183964063
-0.014095930480173
-0.015519007446138
-0.016161111745840
-0.015776522761769
-0.014207948004385
-0.011732227159611
-0.008993852794346
-0.006498668966945
-0.004287622052634
-0.002223752284075
-0.000423986352725
0.000739141137963
0.001038437933249
0.000737058760517
0.000393636701267
0.000357565960186
0.000623063295180
0.001044040702923
0.001529242962014
0.002101471158322
0.002779583478858
0.003447947336824
0.004026790458937
0.004670097683637
0.005535837157607
0.006524033516257
0.007422824048866
0.008119914663425
0.008680942884759
0.009288631012145
0.009880626694794
0.009934298657878
0.008891569005577
0.006664443408145
0.003575553112331
-0.000002392164044
-0.003862681156472
-0.007975944221384
-0.012292839146010
-0.016508527617285
-0.020156645111077
-0.022906288876406
-0.024554161235610
-0.024791640593564
-0.023315413188769
-0.020181771418701
-0.015841473600380
-0.010887864952213
-0.005769189542588
-0.000632897275135
0.004445402351904
0.009101602150781
0.012766737086995
0.015115387468050
0.016227576881767
0.016330254387403
0.015579435321848
0.014001267533288
0.011591733099119
0.008562457966593
0.005283935079778
0.001958816459302
-0.001355556523062
-0.004437360495746
-0.006852008902196
-0.008226780214210
-0.008504629792722
-0.007908981006722
-0.006657942521657
-0.004787049483864
-0.002320253053110
0.000476348506149
0.003125323348221
0.005254874117328
0.006881916929759
0.008278174395647
0.009524511847619
0.010350177741467
0.010460288707064
0.009915270485730
0.009121432023411
0.008454107432567
0.007936302426977
0.007357238168095
0.006624128039664
0.005808427568276
0.004917837269322
0.003821035122617
0.002413264108089
0.000807923039878
-0.000665845455149
-0.001731149937584
-0.002414429322112
-0.002875975805272
-0.003085783997420
-0.002917074325737
-0.002469162910929
-0.002132216060175
-0.002353859956114
-0.003325061177870
-0.004864731213386
-0.006620984886661
-0.008339755320302
-0.009869206315776
-0.010979978647390
-0.011426683129471
-0.011278399114408
-0.011019600969411
-0.011180568735512
-0.011864484901461
-0.012636275686627
-0.012845894997107
-0.012095101340344
-0.010353120225060
-0.007590993935210
-0.003570750321912
0.001871120276352
0.008509789058199
0.015697068076450
0.022617019475285
0.028646571925029
0.033376542536193
0.036393444577398
0.037375714294930
0.036407177365620
0.033943948415591
0.030413382788525
0.025935457401775
0.020424930658854
0.013930359089517
0.006841273243382
-0.000324229877275
-0.007306029073315
-0.014156450307856
-0.020879014765013
-0.027080377818780
-0.032099307027167
-0.035503250991988
-0.037355469480153
-0.037963212124814
-0.037445254432628
-0.035620726429311
-0.032322337031961
-0.027724825067188
-0.022269743875544
-0.016404333625738
-0.010586953005335
-0.005351267958799
-0.001088907614502
0.002227314703043
0.005064917815359
0.007993751362660
0.011172607796789
0.014150782920805
0.016300471067326
0.017488576216155
0.018144856916208
0.018649265810787
0.018887976609946
0.018428576043470
0.016986112692691
0.014673462160784
0.011815046589207
0.008625098436526
0.005196880306037
0.001761829785549
-0.001249991737887
-0.003500998862681
-0.004952952176939
-0.005730191116239
-0.005926715399186
-0.005589440332813
-0.004841928522609
-0.004023368685106
-0.003580123816578
-0.003682468834608
-0.004080824221153
-0.004463411000745
-0.004814110911884
-0.005312897290414
-0.005957630665605
-0.006392577919893
-0.006152821960290
-0.005037652409270
-0.003242625534814
-0.001118816749742
0.001190368167029
0.003717900812171
0.006318771628801
0.008637389615742
0.010440328184144
0.011718375117179
0.012436121735133
0.012389029545545
0.011322670573568
0.009172237991464
0.006208425356544
0.002744980135228
-0.001254724570401
-0.005975849548372
-0.011270799318151
-0.016546095313773
-0.021010036161450
-0.024056331994661
-0.025520167895651
-0.025545515784408
-0.024235745037481
-0.021558561740319
-0.017589841099174
-0.012713380243634
-0.007523289863695
-0.002502590520429
0.002230158092751
0.006733203262500
0.010865421048450
0.014412855011775
0.017459765478419
0.020277206942213
0.022960926383036
0.025369668800218
0.027310327559408
0.028685770869112
0.029482488474123
0.029621362074483
0.028819875913565
0.026687092348073
0.023048436658217
0.018115380126217
0.012246000609191
0.005630082340153
-0.001657218203841
-0.009339741763978
-0.016834832572724
-0.023532734604469
-0.029129380832222
-0.033603654686799
-0.036878539363767
-0.038658617429109
-0.038657817218651
-0.036795327166787
-0.033112609754703
-0.027652035645281
-0.020457527610481
-0.011762079669516
-0.002237936850730
0.007128572683842
0.015548350067143
0.022718360518591
0.028552498807881
0.032811983177572
0.035137421681754
0.035326667604017
0.033540200912841
0.030220752699058
0.025706503296676
0.020026322320646
0.013259405027915
0.006021749798771
-0.000645172326048
-0.005896039859268
-0.009480429272894
-0.011635258141666
-0.012746030970424
-0.013111118159623
-0.012930408511813
-0.012380580189924
-0.011563667190613
-0.010384117057420
-0.008709468679455
-0.006760435791323
-0.005150370670460
-0.004440255371626
-0.004729785537588
-0.005657699787805
-0.006770926451359
-0.007948223572379
-0.009310762755711
-0.010676027265616
-0.011450149117456
-0.011082261499476
-0.009399292628539
-0.006615271403991
-0.003095718308380
0.000939129594760
0.005405238582353
0.010086826190730
0.014578821962698
0.018538179175263
0.021778636292566
0.024089465291842
0.025185167685678
0.024841883927598
0.023055691671156
0.020111995896529
0.016339401643649
0.011750969394686
0.006153281324800
-0.000330226957689
-0.007064965545424
-0.013305955883935
-0.018661247775374
-0.023184428423797
-0.027040590542563
-0.030074862744425
-0.031841826749260
-0.032031779714898
-0.030703752775433
-0.028145182498523
-0.024679350502236
-0.020638324214185
-0.016425319138561
-0.012541552126035
-0.009395831131421
-0.006990832828903
-0.004984915920417
-0.003080069739886
-0.001142129823214
0.001021297205420
0.003785350867064
0.007481547911861
0.012025188960724
0.016852045195949
0.021331868757191
0.025202346126993
0.028520160123426
0.031315427513652
0.033425085296196
0.034608826004791
0.034787189523924
0.034085946312193
0.032519715551939
0.029796766243071
0.025647020826169
0.020231183970308
0.014103543666349
0.007817206768651
0.001597812373027
-0.004574930737945
-0.010541241978364
-0.015784930497580
-0.019822740250048
-0.022523298471316
-0.023931223569359
-0.024075416962079
-0.023033216189567
-0.021020943672491
-0.018416247773034
-0.015674808293408
-0.013076752872262
-0.010624575519618
-0.008343857046247
-0.006513137692081
-0.005450675887535
-0.005123311365309
-0.004962448621300
-0.004187456098544
-0.002449927207215
-0.000028054085735
0.002639815838306
0.005347791434918
0.008005589380629
0.010384696221836
0.012095687799691
0.012818155462663
0.012553150174321
0.011581066918487
0.010183300551705
0.008481266829243
0.006532701691486
0.004475526207544
0.002451404948894
0.000413032923029
-0.001816684514368
-0.004210093861404
-0.006381837090436
-0.007892646115898
-0.008665152781710
-0.009044939455492
-0.009456211476976
-0.009986876143017
-0.010347626198981
-0.010255717740844
-0.009705365465231
-0.008773662000573
-0.007358361260637
-0.005268267680638
-0.002485957301669
0.000738466842473
0.004077401964751
0.007413800160667
0.010794236023174
0.014063757643395
0.016780826022057
0.018576948212928
0.019481082689135
0.019855373190585
0.020005464539040
0.019786563751953
0.018652158814618
0.016194652055375
0.012460935349094
0.007641771318292
0.001772625143814
-0.005111124141333
-0.012728519082180
-0.020519750286023
-0.027785031177998
-0.033935201717339
-0.038625670512569
-0.041570451044482
-0.042449176677956
-0.041203683781741
-0.038157778591138
-0.033656749708221
-0.027771293058561
-0.020368545654104
-0.011386683262376
-0.001218561511367
0.009140686593260
0.018576372506012
0.026480207939601
0.032730949269317
0.037261819452202
0.039925849476980
0.040671149360016
0.039674258647495
0.037271697435787
0.033697346589373
0.028977571871841
0.023278922455049
0.017187350445175
0.011410459565363
0.006351229620927
0.002051800515784
-0.001593679838429
-0.004620790636854
-0.007018432523738
-0.009003233776211
-0.011049687222120
-0.013401670693477
-0.015719402496854
-0.017440875993929
-0.018383548235234
-0.018889819370019
-0.019460839456611
-0.020279876682486
-0.021077391205157
-0.021455393561296
-0.021266020192589
-0.020554468846526
-0.019213027123669
-0.016976289426964
-0.013763509496460
-0.009760317968357
-0.005194945680602
-0.000182934284476
0.005235436354990
0.010825199187679
0.015934331173089
0.019801044089115
0.022131898622447
0.023195654282165
0.023336088764056
0.022553752897318
0.020587823119485
0.017305929108174
0.012891302046667
0.007628179703583
0.001866909994939
-0.003799765708726
-0.008816912594185
-0.012947537532094
-0.015917176179413
-0.017187824340907
-0.016691816164736
-0.015246184902014
-0.013440399367498
-0.011143874830045
-0.008398769436874
-0.005431257088413
-0.002417455507520
0.000030121935785
0.001420537472688
0.002326296174019
0.003747265350708
0.005977616913585
0.008613862087276
0.011303864858322
0.014045194782026
0.016923508907455
0.019899117920571
0.022696694409647
0.024905844235647
0.026242718439839
0.026465261775030
0.025311779511652
0.022770039282693
0.019067190442013
0.014314727400657
0.008366195646228
0.001233663768632
-0.006497012088997
-0.013999826040093
-0.020650765100560
-0.026110403614325
-0.030395535466974
-0.033619191466913
-0.035617015270088
-0.036140950465007
-0.035238605688236
-0.033234774664777
-0.030324628444197
-0.026423047287396
-0.021531477525484
-0.015929690854949
-0.009977833971904
-0.003826378660806
0.002567138935596
0.008894678397079
0.014375100263995
0.018485784760789
0.021388213888327
0.023537972964397
0.025093752723340
0.025717645645973
0.024934450766908
0.022675639374725
0.019498235912534
0.016255656197684
0.013534176970907
0.011441585151659
0.009782358814034
0.008336241900369
0.007051236550665
0.005924068441118
0.004798133616370
0.003542279861873
0.002313128154991
0.001331224182471
0.000464245729018
-0.000688822580897
-0.002343105024761
-0.004346964139962
-0.006411541540792
-0.008408781596728
-0.010334073595953
-0.011996856568254
-0.013011411347691
-0.013091029943356
-0.012229899976612
-0.010772589738634
-0.009192455834260
-0.007581373383155
-0.005612487147988
-0.003126330356953
-0.000466800371404
0.001897240936565
0.003747165139064
0.004902673891906
0.005050690878086
0.003945358788009
0.001613275112989
-0.001491959377426
-0.004712482040135
-0.007759120115983
-0.010731967592408
-0.013635716366520
-0.016164844712415
-0.017842546768648
-0.018283287963810
-0.017424838030541
-0.015536729714997
-0.012873661700295
-0.009372027175825
-0.004964686542890
-0.000006418986110
0.004921608981809
0.009347998608117
0.012916712732127
0.015357753005399
0.016532010651278
0.016533722756910
0.015831415823383
0.015116462819784
0.014892550817590
0.015238354350736
0.015927627213712
0.016754097469805
0.017631963293653
0.018433486182597
0.018884264020393
0.018624123437267
0.017601236220930
0.016344710162684
0.015373026276468
0.014505808668265
0.013114079292174
0.010799267729949
0.007613526514673
0.003789710115030
-0.000576598724996
-0.005580634747083
-0.011209646246285
-0.017062593170061
-0.022620244948269
-0.027675533217096
-0.032271232064269
-0.036389650960395
-0.039755289085835
-0.041839404387322
-0.042142526134738
-0.040444279237705
-0.036722090871992
-0.031057633694738
-0.023805769938899
-0.015708804719830
-0.007605705402683
0.000076833560698
0.007476062849113
0.014881767038364
0.022214413587458
0.028856174251089
0.034027422276160
0.037403621653031
0.039214868349795
0.039810597768954
0.039392954988977
0.038093775646987
0.036083333458048
0.033558570386797
0.030614136894577
0.027098596857145
0.022751500956166
0.017562153267501
0.011777888254949
0.005600665858380
-0.000809764984906
-0.007110769328009
-0.012813119036704
-0.017527455786262
-0.021232799231983
-0.024390324197080
-0.027533822280801
-0.030613247288073
-0.032974149210868
-0.034014930757481
-0.033629454121133
-0.032023856031145
-0.029367588442723
-0.025667451119062
-0.020875557036378
-0.015128882282998
-0.008810744374135
-0.002279459405220
0.004265969944899
0.010517832228123
0.015947833510473
0.020108488382152
0.022859148908945
0.024296652775498
0.024566832969675
0.023648027422503
0.021313212001903
0.017486349267290
0.012564058207518
0.007150538854488
0.001575374345051
-0.004102288990383
-0.009680636510997
-0.014614447896241
-0.018213252099165
-0.019942491885993
-0.019664592096205
-0.017659120141708
-0.014338914727905
-0.010076210743769
-0.005393963055921
-0.001075296382930
0.002194604426783
0.004193328960739
0.004972344133909
0.004513973086420
0.002804389976614
0.000189949080641
-0.002438346455488
-0.004024853355400
-0.004069656705341
-0.002849867532783
-0.000895094482624
0.001552587307176
0.004551266980677
0.008175098449636
0.012242570073597
0.016268999360978
0.019771156259038
0.022529720939007
0.024425995266747
0.025142933600824
0.024227256298561
0.021487633636448
0.017166403841530
0.011685589564723
0.005411563966853
-0.001274888642533
-0.007814721154338
-0.013598325366304
-0.018348619646855
-0.022230952753475
-0.025455939880989
-0.027826164533933
-0.028775980690769
-0.027827982338661
-0.025022303905178
-0.020957391642022
-0.016272279273560
-0.011109361094927
-0.005300899585116
0.000991834696851
0.007053376139365
0.012052800560718
0.015555805490886
0.017579229010600
0.018346246569955
0.018112693426115
0.017203755073216
0.016065142598758
0.015025259391017
0.014017764511172
0.012734249384751
0.010981714504001
0.008774791022512
0.006188101106966
0.003186225821029
-0.000395811191092
-0.004614849227963
-0.009186467810757
-0.013621168044003
-0.017584805304816
-0.021022977985544
-0.023925677618477
-0.026090740378034
-0.027223233523399
-0.027228062655946
-0.026281703281532
-0.024594662886536
-0.022217338697934
-0.019102726513631
-0.015272595310057
-0.010893395080079
-0.006131553182309
-0.000923839548264
0.004881466161859
0.011050252788387
0.016888448613675
0.021776574730148
0.025623188666090
0.028786255934043
0.031625698505695
0.034063692396418
0.035617617804663
0.035869901916420
0.034758976738763
0.032451192870351
0.029073218321379
0.024651659409676
0.019321453497255
0.013395190564644
0.007085742797790
0.000349219289328
-0.006802516301444
-0.013954404009879
-0.020391924642503
-0.025416814582297
-0.028558478478612
-0.029721484539737
-0.029152183392275
-0.027177111668711
-0.024094168309224
-0.020371326541025
-0.016670246782179
-0.013459663947291
-0.010815503451689
-0.008673815502256
-0.007041865212533
-0.005993568443897
-0.005521330849214
-0.005241905075719
-0.004436588728209
-0.002653976787709
-0.000008336235053
0.003261851518105
0.007131298540933
0.011628751935738
0.016659555995920
0.021903157828723
0.026822659062951
0.030989492666722
0.034253015914999
0.036410007135363
0.036987851235044
0.035575910869742
0.032179260009039
0.027077184892745
0.020472799596925
0.012375291888614
0.002871494397814
-0.007436577063732
-0.017506239591383
-0.026496551439499
-0.034099432312005
-0.040234961161897
-0.044713850162349
-0.047236536729886
-0.047593283033210
-0.045915169276169
-0.042677393459074
-0.038290860905704
-0.032845703319140
-0.026378088580663
-0.019163981773813
-0.011656403864056
-0.004258631358048
0.002782336150560
0.009286917631289
0.014969645770252
0.019431052661158
0.022479407411292
0.024361583121170
0.025425455251408
0.025673578277315
0.024853015097452
0.022873628605333
0.019988868197310
0.016587566282214
0.012915910175920
0.009032458393698
0.005020142166483
0.001191287766244
-0.002108950170192
-0.004859547512447
-0.007269684716614
-0.009392186183414
-0.010994032742806
-0.011778672464552
-0.011670534655005
-0.010847070736413
-0.009474164933095
-0.007477373223809
-0.004708828082930
-0.001304732792308
0.002327218839490
0.005911944945681
0.009534537931589
0.013397835524327
0.017404509853145
0.020991375851003
0.023445253835865
0.024425168030810
0.024049797118572
0.022524141431080
0.019934662568683
0.016411927698366
0.012272963146008
0.007865072968313
0.003292057688501
-0.001591194782340
-0.006888066413648
-0.012377329562122
-0.017531639555831
-0.021938052245023
-0.025597288917444
-0.028596505955955
-0.030707211351247
-0.031532587626285
-0.030911780215520
-0.029082945560869
-0.026500912282918
-0.023480426179362
-0.020018873235501
-0.016054053722468
-0.011800802460565
-0.007612546248519
-0.003583785988620
0.000466574912131
0.004655437004354
0.008812505596704
0.012606495510066
0.015976972755122
0.019312905743833
0.022939068595235
0.026611557520935
0.029718525188478
0.031782850134928
0.032669269907199
0.032418491081363
0.031000270648934
0.028324202746706
0.024460800675552
0.019725405353039
0.014476469493136
0.008840514684289
0.002753553515055
-0.003675026461818
-0.009980328058578
-0.015612626991160
-0.020325120098902
-0.024175251974517
-0.027140552737557
-0.028880939430500
-0.028987212167690
-0.027446272714331
-0.024741199745022
-0.021433137010354
-0.017763528500102
-0.013694083153140
-0.009203325091151
-0.004532585870768
-0.000162401724665
0.003505590328975
0.006339007094387
0.008283514690322
0.009239307725083
0.009275350867348
0.008708571781661
0.007810022944774
0.006605133848386
0.005013733969925
0.003101800447123
0.001243434411347
-0.000030415593958
-0.000519793095586
-0.000590185888727
-0.000746509788751
-0.001147483802322
-0.001611093042410
-0.001825887736891
-0.001584306775953
-0.000947283212697
-0.000063406705072
0.001018398224844
0.002192890299231
0.003231977242847
0.003990387255219
0.004543139851552
0.005093284954466
0.005738276984475
0.006344414765152
0.006681776079147
0.006710182547734
0.006701097032579
0.006905476344574
0.007175653086032
0.007134705636487
0.006630153366029
0.005899936735165
0.005283507366748
0.004777355144041
0.003935974181506
0.002259816397846
-0.000280218745525
-0.003185115038605
-0.005947837991248
-0.008349336323487
-0.010167658202881
-0.011043747788675
-0.010806820978828
-0.009671027121468
-0.008082543201347
-0.006418026941773
-0.004691375317077
-0.002672341415292
-0.000424854704729
0.001574548065619
0.002954625753322
0.003749576015479
0.004181126500392
0.004394711670517
0.004306892724375
0.003657957833099
0.002368744503096
0.000707122147240
-0.001037594717821
-0.002846952724777
-0.004805434634310
-0.006784947837953
-0.008452236565977
-0.009546603889697
-0.010031668618834
-0.009944514622726
-0.009188859461276
-0.007600523892950
-0.005248862503530
-0.002606126455623
-0.000285507537629
0.001385324578092
0.002438985954316
0.003052320779595
0.003313781446888
0.003099525308031
0.002265584218648
0.000975388448441
-0.000377929854499
-0.001566992683181
-0.002558374259220
-0.003193372693269
-0.003193960083676
-0.002450829675584
-0.001166436712948
0.000218106066581
0.001350449894399
0.002247500100098
0.003051866532989
0.003653998399144
0.003837920243330
0.003634244937493
0.003298576325107
0.003073094014910
0.003033477876899
0.003054984317918
0.003004254214602
0.002984990713679
0.003185279291973
0.003530083749249
0.003729646811318
0.003626443964676
0.003302770102421
0.002864784814713
0.002244645934334
0.001242795869080
-0.000184941148638
-0.001716519605229
-0.002940641168857
-0.003803616711025
-0.004601913289098
-0.005569794940413
-0.006569534953714
-0.007238406793066
-0.007399656990073
-0.007223088063099
-0.007009905983945
-0.006854736761807
-0.006510521984754
-0.005678069024347
-0.004344584073085
-0.002651764973807
-0.000614754274332
0.001812481577976
0.004523106891320
0.007222447324352
0.009580955556532
0.011463287012003
0.012990117405039
0.014262956462838
0.015114711750740
0.015287712627137
0.014724160738574
0.013507018785659
0.011659674326452
0.009167711182850
0.006114337754505
0.002760507985879
-0.000502867245862
-0.003426044465968
-0.006096863013056
-0.008682545509694
-0.011072143479777
-0.012954366919691
-0.014169096748787
-0.014906641871370
-0.015563454029070
-0.016332746734851
-0.016984049229778
-0.017106538555299
-0.016474242996209
-0.015146889483809
-0.013271207339676
-0.010878801670002
-0.007932203715574
-0.004462267551074
-0.000620664141378
0.003392956238684
0.007456558502847
0.011436999921341
0.014979612305030
0.017607682367848
0.019106119227144
0.019674754419203
0.019585972171773
0.018772580537545
0.016889742990000
0.013807554811795
0.009982505801593
0.006189238953436
0.002849649736383
-0.000195716571401
-0.003259514289038
-0.006392747578571
-0.009393144104364
-0.011967206747866
-0.013819365437015
-0.014676162256798
-0.014300685337216
-0.012637745216576
-0.009982497758933
-0.006859589927410
-0.003624942452472
-0.000204517006172
0.003622773695843
0.007646386925925
0.011099439542689
0.013212731250219
0.013829731474367
0.013415119857370
0.012503179423585
0.011194266594460
0.009247653079808
0.006629668775893
0.003741594095167
0.001097157146948
-0.000995486085581
-0.002463458679314
-0.003355070001383
-0.003775457111652
-0.003975884086095
-0.004371971196448
-0.005227920009359
-0.006327726274700
-0.007196290629456
-0.007687604547121
-0.008191476231132
-0.009222323382551
-0.010838502064773
-0.012491432373897
-0.013513925811235
-0.013759435930438
-0.013640422922890
-0.013528911066158
-0.013349977881108
-0.012789938146609
-0.011651827750781
-0.009955062302212
-0.007768164145049
-0.005018448492995
-0.001581103381407
0.002486310614345
0.006908646868381
0.011335532624007
0.015419449530313
0.018744372710092
0.020770998298616
0.021016297347214
0.019421257440417
0.016508729620599
0.012978619630723
0.009128550629657
0.004878234355680
0.000309663425560
-0.004059670765681
-0.007551647355826
-0.009786202480900
-0.010873923506660
-0.011155825329239
-0.010769597197539
-0.009584814943679
-0.007568215440096
-0.005030188471667
-0.002400617235061
0.000120901053205
0.002530874052710
0.004790731664040
0.006821546155711
0.008601415667018
0.010221912114988
0.011853877825538
0.013455684710456
0.014539551714932
0.014513808666367
0.013269102247053
0.011226643555075
0.008897500708475
0.006587500161626
0.004403863736920
0.002415703634145
0.000797244355182
-0.000326419483623
-0.001133486881101
-0.001941235310077
-0.002792039669617
-0.003386831245552
-0.003430610314506
-0.002969424321990
-0.002390004918137
-0.002086963400753
-0.002144691963206
-0.002397351412042
-0.002740042408902
-0.003213832022278
-0.003787928420793
-0.004239205262245
-0.004328259153518
-0.004068366107111
-0.003748941206270
-0.003661118454682
-0.003883524194326
-0.004332446995603
-0.004956866940273
-0.005798948073637
-0.006717661659742
-0.007250713051176
-0.007012323475934
-0.006024253947173
-0.004608043372599
-0.003129993229668
-0.001691401766704
-0.000061159686009
0.001877738980570
0.003849740882117
0.005531043553742
0.006835709661327
0.007765699471664
0.008262633992380
0.008205157136199
0.007473350783629
0.006168282708239
0.004641916960354
0.003112160444247
0.001508624310330
-0.000160790925577
-0.001617222957846
-0.002590811369999
-0.003026549774035
-0.003044749475070
-0.002840689425876
-0.002404839905929
-0.001408979847266
0.000322458291701
0.002460387724323
0.004471130341241
0.005998875177800
0.006951796073083
0.007380686000342
0.007247995210517
0.006417823046232
0.004988829372986
0.003403638651480
0.002060797403913
0.001023624871464
0.000146906312167
-0.000679861145284
-0.001399276271612
-0.001918357643077
-0.002340462495613
-0.002847478594752
-0.003398875269393
-0.003739113243751
-0.003713636101878
-0.003540023658760
-0.003660757950196
-0.004230012519407
-0.004933379935613
-0.005420953399030
-0.005653940336189
-0.005798909881932
-0.005980572680313
-0.006070099164262
-0.005732709396983
-0.004811779883041
-0.003517666230716
-0.002146601515143
-0.000793324485840
0.000629689114528
0.002224928900917
0.003959295943897
0.005698865386297
0.007415049587984
0.009144339071327
0.010638164992896
0.011329208609622
0.010825418661791
0.009241897056940
0.006982574808960
0.004367794178914
0.001482274280263
-0.001665400613369
-0.004833376163748
-0.007478014256059
-0.009107147102941
-0.009696469260205
-0.009600478718564
-0.009080514305917
-0.008170933898764
-0.006938971082750
-0.005605041057957
-0.004380970718275
-0.003241365665449
-0.001934650775288
-0.000369375952978
0.001082564398642
0.001932013663694
0.002200797143731
0.002413069078735
0.003005312852458
0.003990067605102
0.005065379570123
0.005893468590985
0.006389680828373
0.006714552297803
0.006939720697203
0.006970619113360
0.006831244343529
0.006662634827617
0.006405955577416
0.005798081351222
0.004686381606524
0.003228091083833
0.001814528562512
0.000759907218828
0.000026094639103
-0.000659359313319
-0.001402718541688
-0.001990187366800
-0.002162841637521
-0.001936252485969
-0.001598906775147
-0.001396129382741
-0.001297392537642
-0.001186740966333
-0.001165950824586
-0.001516012527115
-0.002398695954003
-0.003652117059932
-0.004917058522351
-0.005959992081627
-0.006769249753132
-0.007318604340090
-0.007366566766727
-0.006627088091775
-0.005128034334944
-0.003230668575582
-0.001212181069646
0.001048760892764
0.003791178428419
0.006829540676001
0.009543527014718
0.011376608011409
0.012144084359507
0.011963464175223
0.011004530690505
0.009217710561528
0.006467202459353
0.003023329956973
-0.000474915828707
-0.003638310149665
-0.006569567298708
-0.009488830580888
-0.012311696898571
-0.014630731415903
-0.016101770110573
-0.016752799419641
-0.016784508027595
-0.016170231302879
-0.014679893140374
-0.012267994007393
-0.009222530000838
-0.005937604073664
-0.002668672208625
0.000507138959391
0.003516857439309
0.006099319390143
0.007921477005242
0.008911879133734
0.009294541848915
0.009281772386996
0.008920496941425
0.008234436317186
0.007405460786668
0.006764098549605
0.006527846854066
0.006565365529919
0.006556513037933
0.006395404102522
0.006284032177350
0.006434129370582
0.006798549244439
0.007026239330660
0.006657341452017
0.005500674329828
0.003780402236455
0.001801415909733
-0.000353320047203
-0.002627114994975
-0.004823044777686
-0.006875522463391
-0.008957155243924
-0.011182962296469
-0.013376014255021
-0.015071926537493
-0.015796441498652
-0.015499290179702
-0.014576581917004
-0.013336183578251
-0.011642504425877
-0.009190440267171
-0.005950199063083
-0.002308394026084
0.001161329691235
0.004110126177274
0.006515172344577
0.008355998224555
0.009463104980684
0.009782287498666
0.009574651605971
0.009219940198237
0.008844902718428
0.008205509545146
0.007028491969581
0.005410183683153
0.003719648473354
0.002193802926529
0.000725622429055
-0.000952170426864
-0.002814666943041
-0.004404711240627
-0.005284252577299
-0.005459815261316
-0.005268889304476
-0.004973425487142
-0.004520669675298
-0.003689934529662
-0.002466469931712
-0.001150407556250
-0.000006840189080
0.000983104772951
0.001900141749416
0.002718795695476
0.003492078328185
0.004464844964182
0.005909639166866
0.007830091684555
0.009767289910949
0.011068559086409
0.011449403547159
0.011117187908238
0.010403638509414
0.009468941568995
0.008237240966463
0.006541648440589
0.004430406649396
0.002229675202776
0.000212886919651
-0.001648115084622
-0.003534577761479
-0.005506005687096
-0.007462236718090
-0.009300179245322
-0.010948331816898
-0.012231929176363
-0.012858792033907
-0.012612663101636
-0.011542548006561
-0.009950604335064
-0.008106877263468
-0.005951344017959
-0.003223984335167
0.000040590234814
0.003273946082878
0.005741937713835
0.007124495656360
0.007694930222426
0.007935812005714
0.008030361959605
0.007846504275780
0.007336317815358
0.006611766617658
0.005675856797036
0.004493960713251
0.003223612272394
0.002115453415363
0.001378084364279
0.001070121026177
0.000933972904904
0.000659305017342
0.000347628251947
0.000326949971886
0.000693746592428
0.001291949862583
0.001867573895728
0.002266823693008
0.002597445222575
0.002911564961667
0.002835699510121
0.001873243947322
-0.000055710515996
-0.002541156383748
-0.005055709715603
-0.007385480205339
-0.009659534708434
-0.011923057075153
-0.013889389465034
-0.015193654192758
-0.015708170927356
-0.015553783648314
-0.014832227926087
-0.013421446544157
-0.011166475573035
-0.008163483761694
-0.004642922431856
-0.000645844876844
0.003939860241092
0.009002488705006
0.014020546305456
0.018257685855623
0.021170821515366
0.022720666253109
0.023214827113953
0.022795628532499
0.021182427184174
0.018042240189078
0.013483387130981
0.007990045070610
0.002070894363666
-0.003900831631000
-0.009616959826166
-0.014660326909035
-0.018570816701842
-0.021099049793491
-0.022230628968125
-0.022053968080752
-0.020698597207307
-0.018321772353245
-0.015139599688309
-0.011512324550848
-0.007877887420121
-0.004477025468312
-0.001316959523615
0.001504853105041
0.003672423425728
0.004945437315010
0.005425360418162
0.005443859851995
0.005252727426107
0.004849436002055
0.004124103154665
0.003186076950966
0.002385175989298
0.001962463304523
0.001896260104987
0.002083954663671
0.002459339767478
0.002970909110014
0.003525540446438
0.003875040672868
0.003673217166751
0.002806789022382
0.001466750606905
-0.000202381252049
-0.002258710489830
-0.004761654028304
-0.007530826389068
-0.010058296230228
-0.011782851527475
-0.012493562527163
-0.012306078343303
-0.011281663747856
-0.009265237317695
-0.006188049081255
-0.002354904864585
0.001697690493116
0.005508838415863
0.008908800923651
0.011977484028225
0.014650546401419
0.016511029409227
0.017171474672139
0.016687498712493
0.015425094852582
0.013634632414394
0.011300163987590
0.008383093986326
0.005082555575545
0.001776988748117
-0.001254679001639
-0.003987023442478
-0.006495609381908
-0.008673341114793
-0.010233035292454
-0.011056829842802
-0.011336018394445
-0.011299014950892
-0.010967839898656
-0.010157224917531
-0.008711417573781
-0.006803143409219
-0.004817807711771
-0.002900888160601
-0.000872152204287
0.001409219520610
0.003872140046562
0.006388880139643
0.008877568388936
0.011285893870643
0.013455354323008
0.014962846149458
0.015351872993894
0.014598897057466
0.013075674698260
0.011053094060619
0.008520982921314
0.005420300198883
0.001879501513912
-0.001691452877771
-0.004829272818882
-0.007417377248382
-0.009611771326094
-0.011373665145310
-0.012376438895880
-0.012375526187605
-0.011495702734448
-0.010176366211419
-0.008829257974450
-0.007483094501182
-0.005911233543006
-0.004145685148203
-0.002580557312929
-0.001515728046807
-0.000881522790798
-0.000444679572803
-0.000081731401638
0.000146675563418
0.000146871975992
0.000040116208377
0.000114934654188
0.000504543972876
0.001122851977672
0.001921640121286
0.003042213435806
0.004639086151541
0.006592264701015
0.008524516273979
0.010085877021521
0.011142711875108
0.011791153100818
0.012145774353102
0.012067259592929
0.011341492980161
0.010084095472903
0.008637538574328
0.007104273486313
0.005200443051337
0.002612217002399
-0.000548110572450
-0.003711821595026
-0.006306196975073
-0.008192178939433
-0.009618760945855
-0.010788152766656
-0.011609248834873
-0.011882765844155
-0.011546816868775
-0.010681864469627
-0.009336744866714
-0.007477033586453
-0.005209408222469
-0.002953793876226
-0.001236776816901
-0.000268222725732
0.000182713823873
0.000411465105976
0.000396008700622
-0.000123487316985
-0.001279560463345
-0.002892643918507
-0.004613719619130
-0.006196810904122
-0.007593349085513
-0.008681251964996
-0.009064415320717
-0.008447066792384
-0.007066648752058
-0.005469959221332
-0.003956268686643
-0.002401915440170
-0.000545376831114
0.001657564158561
0.003954941270392
0.006062410534875
0.007908435405431
0.009495359582908
0.010677300379980
0.011298888392372
0.011417887512728
0.011238509334266
0.010932863469058
0.010456792458967
0.009412607640841
0.007343260857574
0.004275343494872
0.000729232132930
-0.002753360508703
-0.005847205808468
-0.008306154436709
-0.009821454328283
-0.010152073751116
-0.009414964928132
-0.008091118498966
-0.006629151248712
-0.005101451753656
-0.003334573324610
-0.001381503250118
0.000278903113340
0.001128660484859
0.001065425779094
0.000368864944411
-0.000619467115741
-0.001690115986784
-0.002759225263190
-0.003747061705299
-0.004546320697269
-0.005142842925591
-0.005642918076807
-0.006108477828508
-0.006385440240181
-0.006146821886783
-0.005138454459163
-0.003384079911319
-0.001149400753673
0.001322127036764
0.003969776539968
0.006728864255659
0.009323727811467
0.011398350949748
0.012785954709464
0.013565791343095
0.013875203023308
0.013704969685939
0.012940748089974
0.011622633549298
0.010025724671239
0.008382298915300
0.006650099098947
0.004670664868096
0.002509476664386
0.000586671935684
-0.000588523960328
-0.000875802356214
-0.000647369152056
-0.000393449311711
-0.000297794862330
-0.000364658882362
-0.000747456571618
-0.001671646388049
-0.003161040354284
-0.004990519156065
-0.006874648637379
-0.008687149858152
-0.010469705092491
-0.012200382492881
-0.013597488941392
-0.014264506389236
-0.014063395464441
-0.013201058894148
-0.011893736525658
-0.010076480245615
-0.007521860505159
-0.004211058199649
-0.000519187549067
0.003047976688465
0.006310996210695
0.009467133745527
0.012637643895411
0.015549952677698
0.017725631491310
0.018836023812839
0.018864344629344
0.018015782242512
0.016469526540301
0.014299494460823
0.011669635763977
0.008850886493458
0.005980733569440
0.003033241401063
0.000048753292921
-0.002746220920561
-0.005046088237016
-0.006655626625141
-0.007637011219383
-0.008248334625113
-0.008637014167010
-0.008674051189094
-0.008256927753099
-0.007682448464137
-0.007478568485687
-0.007906734954534
-0.008786018397356
-0.009717142383027
-0.010428795187536
-0.010962590144590
-0.011386680674363
-0.011426175277683
-0.010702068499099
-0.009149852645720
-0.006946454965976
-0.004276270795447
-0.001342504870866
0.001549443815756
0.003989406516903
0.005531375642804
0.005967117790957
0.005590136787116
0.004913895443902
0.004164124262391
0.003294097386222
0.002360012305982
0.001665946632317
0.001542663913470
0.001985494341183
0.002549409116963
0.002757418573146
0.002618653720652
0.002574112252408
0.002955862335193
0.003694809099074
0.004525017479040
0.005270595746407
0.005878277590208
0.006270233702390
0.006300177511849
0.005916985575341
0.005289090374461
0.004582411781772
0.003618640290716
0.001970979083593
-0.000567385474446
-0.003661718142760
-0.006571281360250
-0.008661730017776
-0.009783756482952
-0.010150771095195
-0.009953344066372
-0.009184265557388
-0.007825171697946
-0.006074816384999
-0.004299191882863
-0.002776940210727
-0.001566692591162
-0.000625051023452
0.000052638092151
0.000445832510620
0.000633999502419
0.000817711372658
0.001080180893179
0.001232315562620
0.001086050580041
0.000819438440210
0.000908511418389
0.001659165892184
0.002858864637553
0.003945303030082
0.004553304722470
0.004834750533010
0.005173053876678
0.005737886384268
0.006449693494570
0.007166525125264
0.007725425741586
0.007929610358182
0.007581751550561
0.006559573750864
0.005001047552721
0.003395155280697
0.002266639396283
0.001680752009417
0.001201390234247
0.000420673981968
-0.000632785802635
-0.001671141140671
-0.002549757046004
-0.003419442886994
-0.004499300173407
-0.005705014718077
-0.006641118949307
-0.007009603148648
-0.006829333650118
-0.006230814444668
-0.005240155441181
-0.003801291359348
-0.001940638760745
0.000094584560277
0.001961451688006
0.003566665322462
0.005097320697701
0.006602847029035
0.007808945347487
0.008454608014882
0.008601059116382
0.008578484787864
0.008705027526680
0.008965606301622
0.008994914435991
0.008508879448334
0.007638470901530
0.006674725548402
0.005637572105132
0.004328082040234
0.002689068819676
0.000918891308655
-0.000683776346010
-0.001952772120514
-0.002964145199244
-0.003795791774046
-0.004320052423266
-0.004462978251407
-0.004418251727593
-0.004411135471712
-0.004455545834826
-0.004371437421592
-0.003970054619569
-0.003358886367636
-0.002990086745297
-0.003219175551750
-0.003980975269291
-0.005002036831395
-0.006129992568871
-0.007380623456258
-0.008745119620251
-0.010036496134768
-0.010996043878396
-0.011520566055417
-0.011712578524792
-0.011679646342169
-0.011312995698176
-0.010358080194014
-0.008752238113185
-0.006777953970417
-0.004736392238218
-0.002591068846810
-0.000112648157301
0.002748474532033
0.005699174065519
0.008252992493432
0.010103953550707
0.011237772189907
0.011623645353931
0.011127150528160
0.009792265708488
0.007920000145853
0.005859235961218
0.003841767688256
0.001916101831257
0.000031381213066
-0.001722364804636
-0.003106830049924
-0.004035450570532
-0.004661530387700
-0.005107502719556
-0.005274345916986
-0.004915992501270
-0.003835767872414
-0.002171224642368
-0.000428469943329
0.000990207813347
0.002054417735459
0.002800978245408
0.003134018289545
0.003005708293745
0.002633431195795
0.002474442733357
0.002904207611316
0.003906452893579
0.005160872003418
0.006425690950233
0.007685086869415
0.008914531166305
0.009916527570900
0.010436941100807
0.010357890454680
0.009754296195287
0.008719667940712
0.007184236936414
0.004986547825250
0.002118319630591
-0.001118237233771
-0.004281279286098
-0.007121539242299
-0.009577649411481
-0.011500030856307
-0.012652638846478
-0.012950771965915
-0.012508371787318
-0.011544515025003
-0.010260138382061
-0.008669667895719
-0.006667140881794
-0.004311936345859
-0.001882155066660
0.000350388752734
0.002293182223890
0.003987699448759
0.005428759901074
0.006435707109285
0.006777791804308
0.006474892493860
0.005773433770483
0.004776108495704
0.003353584634628
0.001457511713432
-0.000608306736675
-0.002307209195076
-0.003328322537192
-0.003826234056991
-0.004095567025029
-0.004128614610180
-0.003656797863898
-0.002583266442366
-0.001188534487485
0.000104259484932
0.001042156166251
0.001603159103177
0.001806767013580
0.001567626431167
0.000837269265941
-0.000155619622352
-0.000974953444606
-0.001367605730721
-0.001496079519943
-0.001693169168062
-0.002032164107155
-0.002261759630552
-0.002160022973748
-0.001804757730028
-0.001459873350070
-0.001235430010798
-0.000888429421969
-0.000114370629843
0.000997632270635
0.002080201259440
0.002969471984042
0.003811215456538
0.004767897626513
0.005732160565658
0.006321016473404
0.006186542535547
0.005282078204750
0.003742680607994
0.001620610781798
-0.001063918988336
-0.004029986592737
-0.006717539804305
-0.008632630046087
-0.009649838228857
-0.009999204592077
-0.009908120614963
-0.009269894954718
-0.007854800905562
-0.005791604493015
-0.003609563591123
-0.001795131215314
-0.000422727846887
0.000739530469167
0.001839952874620
0.002762198685652
0.003315719036779
0.003496904323952
0.003448965769819
0.003202550770481
0.002673546112610
0.001940717871005
0.001300954114688
0.000988712556103
0.000947162508587
0.000892289122492
0.000636576319100
0.000423033704372
0.000787525509992
0.001973356166878
0.003656749149697
0.005289747110526
0.006542710098348
0.007400664984899
0.007959568756942
0.008152646345602
0.007706026413063
0.006466582231958
0.004619231503267
0.002451039789978
0.000137716149977
-0.002147793753798
-0.004099975994010
-0.005379610914162
-0.005879786659185
-0.005829150384025
-0.005551186896619
-0.005145095559661
-0.004477365850748
-0.003508293548198
-0.002509387459310
-0.001807390379895
-0.001362740050811
-0.000800265117920
0.000112866664887
0.001181250754285
0.001976873220311
0.002214909186391
0.002013030276997
0.001811275359635
0.001888970918987
0.002036859720870
0.001894923230286
0.001426635383919
0.000872249792940
0.000442971538265
0.000208023514117
0.000189492488436
0.000469384194303
0.001096383932393
0.001862932977206
0.002381678991863
0.002513737646079
0.002512941369488
0.002641955126918
0.002862866325080
0.002924544174446
0.002578743151265
0.001808376862901
0.000903221989122
0.000111173803015
-0.000660053221064
-0.001553669695498
-0.002417178949503
-0.002921794732108
-0.002862800007854
-0.002330794560095
-0.001655006183789
-0.001088881532424
-0.000570396070738
0.000042305636828
0.000607992393379
0.000845541531659
0.000721033664633
0.000443427306459
0.000197161548990
0.000020937177117
-0.000149052386935
-0.000362305177783
-0.000604371985305
-0.000915524351558
-0.001448219888081
-0.002267672040980
-0.003129396268545
-0.003593776467241
-0.003378240459646
-0.002550582817833
-0.001461227035018
-0.000441489062114
0.000545223596113
0.001796877337174
0.003380735654071
0.004991988314656
0.006268938161275
0.007037856213174
0.007356451841860
0.007419837878769
0.007345677424173
0.007124092739742
0.006769909056288
0.006302801576616
0.005581012985631
0.004407122277535
0.002844732133636
0.001223021501445
-0.000214703636864
-0.001541368704599
-0.003032868832508
-0.004834919034086
-0.006703278873297
-0.008179207186568
-0.009059770025342
-0.009524055025716
-0.009776477915221
-0.009761869810465
-0.009260171295184
-0.008175323104375
-0.006735648031554
-0.005301249647632
-0.003963058723185
-0.002569913644604
-0.001093114235524
0.000257930316124
0.001211225877321
0.001662702023559
0.001759931107062
0.001693834533538
0.001491726067346
0.001168358112896
0.000925380444105
0.000982766719730
0.001301493165750
0.001615996167684
0.001715480022430
0.001661171309892
0.001697700236822
0.001906095255488
0.002016099719447
0.001678336139516
0.000882651496779
-0.000043340782508
-0.000855694084926
-0.001673349955523
-0.002767079379520
-0.004147152265632
-0.005508075537447
-0.006571067939081
-0.007338066621422
-0.007975875240226
-0.008456186375282
-0.008394308133285
-0.007425975067670
-0.005656107730782
-0.003531081644174
-0.001386224886793
0.000699936811810
0.002710566970826
0.004524608003040
0.005946299733394
0.006882458125942
0.007473873796165
0.007914071209344
0.008132328161479
0.007875367103096
0.007148717769029
0.006344506004928
0.005832413290347
0.005559266585767
0.005145569879363
0.004360679516529
0.003416492867753
0.002748453083253
0.002570151040872
0.002686713772670
0.002717576778537
0.002424180504232
0.001801794131451
0.000929062397995
-0.000177839308168
-0.001484452517128
-0.002794105805145
-0.003846249515245
-0.004540956678149
-0.004981402728890
-0.005270491417397
-0.005306444062815
-0.004920800218078
-0.004249069879733
-0.003765137345872
-0.003818972935105
-0.004260336956935
-0.004626030505503
-0.004635432991743
-0.004449683281527
-0.004422308750877
-0.004633202117985
-0.004820080681350
-0.004743049153174
-0.004396674722991
-0.003853976855828
-0.003061396143778
-0.001846436086878
-0.000135482150369
0.001919025172787
0.004116029389591
0.006396758546804
0.008741858411356
0.010924417980291
0.012507982555339
0.013144994933789
0.012842553528605
0.011964975101539
0.010899632884942
0.009655264902839
0.007977999036098
0.005882498620215
0.003784557005607
0.002049705402647
0.000636380620756
-0.000729510623044
-0.002126959869315
-0.003249890980733
-0.003676350422928
-0.003335516971113
-0.002600583849739
-0.001892346612812
-0.001340477905199
-0.000861957331131
-0.000452175979100
-0.000329328720472
-0.000731163288135
-0.001584352489303
-0.002573549598093
-0.003569016846057
-0.004752059811579
-0.006277085485762
-0.007997009545530
-0.009594776763204
-0.010871441615516
-0.011821890077997
-0.012495516387687
-0.012823311932061
-0.012599323713364
-0.011728413009997
-0.010439817289024
-0.009061421393964
-0.007618177124676
-0.005851210171066
-0.003606297428467
-0.001058572603678
0.001443845705681
0.003714551349998
0.005831359557960
0.007842252699342
0.009538841235750
0.010684671680764
0.011351052502324
0.011849004494434
0.012332683125013
0.012580930075175
0.012206802414758
0.011076253660021
0.009498872946337
0.007944860973170
0.006597873265741
0.005307129150754
0.003953484446512
0.002621661333594
0.001390727920659
0.000205322880363
-0.001011228264422
-0.002206981678740
-0.003176359812656
-0.003748071994884
-0.003979822638769
-0.004036665022471
-0.003905419220331
-0.003365593481837
-0.002223282300758
-0.000540323075162
0.001303248013276
0.002879443782697
0.004106266212079
0.005159854096999
0.006017506981654
0.006374795343127
0.006027809936837
0.005087459172566
0.003760694545185
0.002116549600962
0.000110933249917
-0.002236454740998
-0.004725168188950
-0.007118901527209
-0.009385144961357
-0.011638732467382
-0.013802249774205
-0.015464240878461
-0.016185343710036
-0.015840896502945
-0.014621552122197
-0.012826230549677
-0.010670370853722
-0.008227482867679
-0.005561225347922
-0.002869056865219
-0.000382506448985
0.001827834164758
0.003811059830929
0.005543553222055
0.006870364402333
0.007666082784137
0.008074124066471
0.008431444168909
0.008813002589114
0.008840419341094
0.008113355308540
0.006674460153655
0.004912033010729
0.003162859237013
0.001528864503037
-0.000023655863847
-0.001431730619216
-0.002425148578757
-0.002761936766638
-0.002510099429207
-0.001917765439013
-0.001074068482450
0.000104117616612
0.001594765766347
0.003154828730389
0.004464529067076
0.005360259298941
0.005941945163340
0.006300445442377
0.006158248074471
0.005076762460593
0.003056311605443
0.000703262902885
-0.001217024437492
-0.002293060738632
-0.002610625332106
-0.002473164403582
-0.002014291755042
-0.001161043304826
0.000108430684966
0.001678783531893
0.003417952338570
0.005169610488399
0.006630613135202
0.007389087084238
0.007133499821379
0.005870211038929
0.003990867688031
0.002025506675042
0.000231059627733
-0.001544246044435
-0.003525245053027
-0.005574972171866
-0.007228314093944
-0.008106401278038
-0.008131481886359
-0.007404736089305
-0.006037361487462
-0.004111958263656
-0.001765604843797
0.000707325715234
0.002938409040849
0.004743230950020
0.006162951927874
0.007194581377837
0.007641867801957
0.007324766185074
0.006372193851905
0.005185015563514
0.004033831119821
0.002800626907550
0.001285686397774
-0.000313091053470
-0.001470837579532
-0.001891562818463
-0.001817254680089
-0.001758603417681
-0.001980641703554
-0.002269249525133
-0.002246920727268
-0.001851933604486
-0.001338177438738
-0.000921125515918
-0.000663183196293
-0.000608259483891
-0.000820587201462
-0.001270415702042
-0.001752152992655
-0.001988560525181
-0.001870830222264
-0.001615295763011
-0.001596471458828
-0.001917305884479
-0.002259634330399
-0.002281390007248
-0.001986243939036
-0.001609404294450
-0.001298597396146
-0.000954918069036
-0.000381348708632
0.000371017614753
0.000903929266370
0.000856104505289
0.000272073439451
-0.000602579326890
-0.001694547145068
-0.003081779658746
-0.004807297761551
-0.006712173611062
-0.008384971234749
-0.009486842408835
-0.010000426054349
-0.009959556277087
-0.009240262777773
-0.007771399233806
-0.005720555021091
-0.003443126218546
-0.001306161002288
0.000549105637077
0.002245077758893
0.003881655613589
0.005339910333419
0.006446682174264
0.007200308952487
0.007721539842321
0.007991547120647
0.007723961857925
0.006599796438394
0.004649538112406
0.002317777083273
0.000091889094775
-0.001889632323549
-0.003763771231965
-0.005523143297931
-0.006927581037738
-0.007796912723838
-0.008074089166234
-0.007722800473611
-0.006788120935259
-0.005403149011574
-0.003742602681512
-0.002099906703143
-0.000776273062994
0.000237440927477
0.001202434032202
0.002201439357413
0.002961339818196
0.003127917760813
0.002680943972760
0.002082718442415
0.001940881572148
0.002438438491026
0.003162404148024
0.003589206399614
0.003599471968992
0.003418300092667
0.003272026807665
0.003230868898564
0.003281798244681
0.003448944367592
0.003732161954900
0.003952433108158
0.003865511071547
0.003526412843807
0.003387954186988
0.003857785664630
0.004841975078659
0.005887056594506
0.006717498251995
0.007471945398468
0.008361924979432
0.009204590129589
0.009391300912855
0.008411589169466
0.006418673712312
0.004094078769292
0.001964295657635
0.000043858395906
-0.001914285568591
-0.004027431252645
-0.006120178638826
-0.007859191310319
-0.009126814694391
-0.010105312954043
-0.010865662214502
-0.011269508799255
-0.011330133284867
-0.011225959600078
-0.010953873619207
-0.010209091843210
-0.008604660455734
-0.006068732036260
-0.003085727585012
-0.000332649505082
0.001962427183736
0.004063699897513
0.006182769940048
0.008128497357149
0.009470318455011
0.009924234697652
0.009615168188690
0.008929839207399
0.008065913805266
0.006929697493066
0.005476872687194
0.003846080556532
0.002162171678846
0.000428738405117
-0.001349296593399
-0.002980685750043
-0.004105037738521
-0.004510719141253
-0.004393778293969
-0.004181220192375
-0.004094798656668
-0.003952096106117
-0.003428524457275
-0.002445706439485
-0.001245070181757
-0.000120884734596
0.000874019320744
0.001893325077195
0.003008324749031
0.004118751513403
0.005105359438436
0.005896713219507
0.006413956433378
0.006546801245888
0.006212761552031
0.005501821838279
0.004738649515610
0.004241041853800
0.003992077457590
0.003675040091548
0.003060526733758
0.002266468353603
0.001582395301428
0.001121133889646
0.000689828648850
-0.000041845216855
-0.001222981616198
-0.002716102948786
-0.004336127023444
-0.006035909179621
-0.007822578318652
-0.009580110319127
-0.011060638348725
-0.012161980509569
-0.013098503284859
-0.014081782131245
-0.014943168520626
-0.015279372292279
-0.014871372795971
-0.013832152910399
-0.012409028532673
-0.010639258840962
-0.008255433749913
-0.005085129992230
-0.001435031086435
0.002097968152657
0.005108282541182
0.007527864370399
0.009418116780941
0.010786282517091
0.011540144440411
0.011652863182500
0.011339413502107
0.010844434374388
0.010178685300977
0.009236006377279
0.008025001110360
0.006730807673721
0.005590063124481
0.004627364556710
0.003578335868410
0.002301072549487
0.001118777949238
0.000462545712070
0.000359428298912
0.000468127154908
0.000437581122525
0.000142680334662
-0.000303614856677
-0.000724518922276
-0.001081117655199
-0.001423047964375
-0.001701970657618
-0.001877674192039
-0.002114657560870
-0.002597680464664
-0.003252224561981
-0.003768999975287
-0.003812843794719
-0.003289426607356
-0.002484476863166
-0.001736050195914
-0.000972323353244
0.000163779027721
0.001811375343076
0.003686119311611
0.005281284499492
0.006250651562890
0.006644975637943
0.006783562500756
0.006962431612432
0.007337383080288
0.007980668256114
0.008826349145227
0.009562671297879
0.009803135222821
0.009420975594230
0.008640627046540
0.007768063942794
0.006792325866287
0.005283999174289
0.002834881500921
-0.000433401061696
-0.003979990312660
-0.007383633955733
-0.010593079786108
-0.013678737287235
-0.016459514132277
-0.018445643081743
-0.019144837508971
-0.018434316571325
-0.016655352860231
-0.014287549763677
-0.011573866140516
-0.008565479900675
-0.005401847206976
-0.002343127221026
0.000456736550875
0.003032458961747
0.005375153167744
0.007232784274038
0.008272680195020
0.008416723938510
0.007908681390348
0.007000716993526
0.005690091949149
0.003863413830648
0.001550719589177
-0.000998733309241
-0.003358976468326
-0.005192996648533
-0.006568963191449
-0.007785016414090
-0.008884097172504
-0.009572054500312
-0.009547402110425
-0.008719244250627
-0.007199979958786
-0.005196134600044
-0.002889997160338
-0.000507949835137
0.001615223238482
0.003299284175219
0.004703733039345
0.006023086276422
0.007139027534731
0.007746728453645
0.007722809822880
0.007255647997219
0.006704207706207
0.006335767782546
0.006085530858444
0.005683117272433
0.005077333396634
0.004509108326885
0.004160357771880
0.003965389147237
0.003778271162118
0.003593327097955
0.003534000137631
0.003601712493587
0.003489163989294
0.002773222720179
0.001349488210185
-0.000454608384789
-0.002250701656265
-0.003907769048367
-0.005488839144963
-0.007024010564713
-0.008399837336062
-0.009471645469052
-0.010270283909603
-0.010987796786958
-0.011635007464153
-0.011850216553032
-0.011270956324628
-0.009971202084318
-0.008315485681998
-0.006515457966119
-0.004535727449291
-0.002328419408717
-0.000010562799630
0.002194827701466
0.004226072673112
0.006298474662141
0.008597607512846
0.010957851349824
0.012938667582393
0.014144086955744
0.014482831672140
0.014125056882996
0.013172724467694
0.011572232992331
0.009443208563439
0.007149170446294
0.004944303441489
0.002839618634049
0.000778210693629
-0.001180814395936
-0.002721461651993
-0.003456358290382
-0.003464308209397
-0.003387271775160
-0.003787942620958
-0.004618096114122
-0.005399246631395
-0.005757866541205
-0.005757120205408
-0.005730493903989
-0.005823336095804
-0.005882199639217
-0.005779806981954
-0.005607962464626
-0.005560646553913
-0.005726688902717
-0.005976129479417
-0.006122259322898
-0.006143777972736
-0.006055358061892
-0.005684330794551
-0.004786164435113
-0.003297377432443
-0.001421364153815
0.000492290760115
0.002293346118239
0.004207670371693
0.006420116953218
0.008666379430681
0.010434993341824
0.011394927746985
0.011609812828112
0.011407044646940
0.011008991456509
0.010410252794758
0.009641824766104
0.008871927889898
0.008179108561001
0.007473162401027
0.006657289772275
0.005769310272592
0.005006684885522
0.004563701214573
0.004360243947726
0.004049163429518
0.003376614310116
0.002370175976938
0.001110360752092
-0.000498859228287
-0.002651402374850
-0.005367795728416
-0.008316328026154
-0.010976609412444
-0.013030888281845
-0.014545189068790
-0.015716299513732
-0.016481196560924
-0.016549384106688
-0.015836605204620
-0.014584051719559
-0.012997844149084
-0.011018856018388
-0.008471970160308
-0.005350367410509
-0.002001562287781
0.001052390789005
0.003554729269361
0.005556161297790
0.007038767527182
0.007835075398303
0.007893234458471
0.007384344649524
0.006601820837279
0.005808835612917
0.005055212326602
0.004208571781493
0.003240644470190
0.002276293395005
0.001360007154949
0.000387177784744
-0.000722541874605
-0.001824200710312
-0.002574026041487
-0.002756379123076
-0.002514144033741
-0.002168097356994
-0.001877607811811
-0.001498914447686
-0.000786692527354
0.000241654256852
0.001278173380400
0.002085574758228
0.002709953457465
0.003354070680563
0.004167066137848
0.005117446742406
0.006069990438553
0.006951475352507
0.007614433268670
0.007658135166015
0.006775534358381
0.005179255196222
0.003425996253526
0.001924335570079
0.000667559633721
-0.000664544240258
-0.002288068672870
-0.003962510915783
-0.005248214903126
-0.006073562281726
-0.006743249408593
-0.007493693969791
-0.008296030105321
-0.008937225738196
-0.009153643405342
-0.008796906005784
-0.007872751710386
-0.006406261072152
-0.004499834252402
-0.002536885545217
-0.000973856668103
0.000088885971274
0.000937346322266
0.001954799801162
0.003321338873150
0.004875595893899
0.006324320506024
0.007569057634809
0.008698145920389
0.009704999480506
0.010357310403133
0.010364722234787
0.009633803861107
0.008392490654393
0.007045099398972
0.005845155686746
0.004824907091467
0.004026403494076
0.003502971496554
0.003105912536176
0.002574830246048
0.001857429171102
0.001174516429781
0.000761854274916
0.000598906636908
0.000342492227072
-0.000423609426210
-0.001732800645068
-0.003133746974847
-0.004167835445860
-0.004800060341111
-0.005293938275398
-0.005807159266163
-0.006207095711088
-0.006248260663592
-0.005924243736477
-0.005598601374289
-0.005648246326545
-0.006054455706914
-0.006547589772779
-0.006992733163770
-0.007405593112407
-0.007749122806298
-0.007882259473455
-0.007674040272592
-0.007162578946757
-0.006557971683362
-0.005961666434071
-0.005147783676458
-0.003816401769244
-0.002026368347599
-0.000234407109388
0.001106349580401
0.001957744293099
0.002668800407284
0.003536269792543
0.004505049464474
0.005366952561140
0.006095305369816
0.006820140720054
0.007585452633760
0.008287033369215
0.008844817852620
0.009343348774960
0.009869018508040
0.010246029937109
0.010088737313248
0.009130148125149
0.007466909183183
0.005455930153136
0.003371303021455
0.001219937751720
-0.001094658508622
-0.003474787784603
-0.005583268092549
-0.007125818548815
-0.008096562936704
-0.008688984522035
-0.008993102110870
-0.008881355381534
-0.008246083237884
-0.007233842534026
-0.006128449015082
-0.005067395883925
-0.004026412382997
-0.003055526384005
-0.002356195397597
-0.002079976777927
-0.002090145711857
-0.002018586821288
-0.001686426144647
-0.001343337401652
-0.001343341397153
-0.001739760367735
-0.002249277582028
-0.002492847208495
-0.002311842881808
-0.001811526667933
-0.000996927689995
0.000394102807421
0.002498559860395
0.004985090571875
0.007247430998690
0.008854753290990
0.009790902641593
0.010269610048448
0.010352227494939
0.009853425144950
0.008672191197498
0.007045596556318
0.005272067659126
0.003352523775487
0.001132407263720
-0.001352196053461
-0.003796415661045
-0.005814736493528
-0.007188139458778
-0.007929376605447
-0.008068397541602
-0.007431282491557
-0.005813358170157
-0.003377760462371
-0.000677786400773
0.001766197659466
0.003822773293950
0.005652209056970
0.007319407089843
0.008601444910916
0.009163418758755
0.008866064896404
0.007878413815479
0.006431415437197
0.004531838074543
0.002094751828935
-0.000737587860336
-0.003604166020198
-0.006187988476819
-0.008344735962888
-0.009978083213658
-0.010884017281211
-0.010841655011525
-0.009927029492178
-0.008622578097619
-0.007383518612782
-0.006136696705428
-0.004480624739341
-0.002301920245957
0.000056598046055
0.002104399022727
0.003560371036583
0.004525943574414
0.005251620944868
0.005736571416676
0.005770087611171
0.005306901802493
0.004584308687822
0.003906587962008
0.003398391261595
0.002929150559673
0.002296538179479
0.001462325808247
0.000489613937018
-0.000660904187335
-0.002041195452464
-0.003461397472163
-0.004562438123685
-0.005139216141910
-0.005288451854144
-0.005334509977830
-0.005543585155164
-0.005773101916953
-0.005621980317693
-0.005014492247141
-0.004319455916435
-0.003848786225727
-0.003543601491810
-0.003126447661724
-0.002370389134311
-0.001319845544463
-0.000247890424511
0.000674501766570
0.001466768725933
0.002083680704876
0.002350668992954
0.002215788147927
0.001855636693822
0.001453760232647
0.001032982558880
0.000508148980148
-0.000151592491253
-0.000696341073674
-0.000654939665726
0.000166417593860
0.001400648607692
0.002487351171616
0.003198710927613
0.003726349677556
0.004372146918214
0.005235022813448
0.006166246236876
0.006996005024572
0.007654514262244
0.007957403624505
0.007567630349343
0.006389460404863
0.004730697667136
0.002983755886463
0.001317776552640
-0.000405933660136
-0.002442182779488
-0.004689053771046
-0.006544549638023
-0.007510277497587
-0.007711146081594
-0.007573660683333
-0.007273046871859
-0.006667689380304
-0.005573331451012
-0.004019124406288
-0.002264289132500
-0.000548257113358
0.001109334816041
0.002777782034561
0.004361308574514
0.005619856111766
0.006394359041113
0.006691955772701
0.006611294041896
0.006193728470490
0.005319671860552
0.003921134624585
0.002229481495127
0.000519606428514
-0.001233039270501
-0.003165955312831
-0.005161979408212
-0.006792296322092
-0.007597706907474
-0.007565955713238
-0.007268913735443
-0.007271062043361
-0.007523151037212
-0.007561086589506
-0.007115735676452
-0.006321313915685
-0.005470304794008
-0.004691590861543
-0.003850519511400
-0.002763057439691
-0.001428873462745
0.000005082796110
0.001425599792595
0.002813665347496
0.004147703999438
0.005314221105044
0.006171762714800
0.006720054262441
0.007115213658665
0.007457646886500
0.007621331104239
0.007381237368982
0.006726197462901
0.005897708783897
0.005044963920334
0.003991635911696
0.002486105978823
0.000612197071682
-0.001202753570273
-0.002533423901961
-0.003283614479165
-0.003758027892836
-0.004274115859394
-0.004725684729148
-0.004787318304205
-0.004365508128790
-0.003544352568497
-0.002319955411725
-0.000673242592210
0.001239763555451
0.003091193268339
0.004505370074129
0.005291305289796
0.005601380676274
0.005681824928067
0.005540737503273
0.005058116044477
0.004283108935164
0.003423678879207
0.002606999946871
0.001757167549962
0.000698295076828
-0.000612594849133
-0.001925652230941
-0.002847122486102
-0.003184942363593
-0.003049710226001
-0.002614202740616
-0.001885210733682
-0.000763683231105
0.000696164153597
0.002181318235419
0.003370888790122
0.004249863329243
0.005032256844692
0.005802219118846
0.006395919835222
0.006635506091093
0.006526104088812
0.006144625479965
0.005425561097483
0.004176251530803
0.002305856207473
0.000018241179214
-0.002268588015436
-0.004291765122625
-0.006121504915415
-0.007846881982748
-0.009311412229118
-0.010273538221741
-0.010611473545358
-0.010357024427060
-0.009682969903024
-0.008771048280051
-0.007667458188006
-0.006461834022937
-0.005490340614241
-0.005058070188589
-0.005052230173983
-0.005061751417848
-0.004787929994463
-0.004209270420678
-0.003458662083275
-0.002608583905520
-0.001576475495846
-0.000331298999534
0.000874069968128
0.001675007121065
0.001979337482255
0.002047808596996
0.002196411710079
0.002506644863885
0.002888833306356
0.003351348548585
0.004053054041424
0.005093287205959
0.006284286131245
0.007123683902373
0.007184925989533
0.006556763452721
0.005646214788853
0.004708029582233
0.003775683612308
0.002821704396029
0.001869890139222
0.000983681361272
0.000074274175781
-0.001172376784095
-0.002919718803731
-0.004817291670274
-0.006310551732844
-0.007176304700469
-0.007547110794963
-0.007622882327004
-0.007407666558489
-0.006631236847606
-0.005091973366290
-0.002990887787671
-0.000675742467294
0.001706083695725
0.004061363517470
0.006100655064804
0.007430343555494
0.007868011396118
0.007669446054823
0.007380584655036
0.007334357327808
0.007350785368916
0.007040277297983
0.006253689198143
0.005140127872966
0.003946927284706
0.002815905115678
0.001692999105489
0.000485751368333
-0.000736516987404
-0.001851471888963
-0.002903431942437
-0.004007465559285
-0.005089086325250
-0.005917618335867
-0.006360669834857
-0.006481296638711
-0.006450862864278
-0.006354882419212
-0.006031816724849
-0.005290170214323
-0.004273488600989
-0.003326882838586
-0.002552932894038
-0.001754786689113
-0.000787851659406
0.000212610050562
0.000963340332972
0.001332173489831
0.001525058229617
0.001913942821168
0.002643021312978
0.003549215790073
0.004449275524716
0.005291315474605
0.006032311919125
0.006514850856131
0.006498392184769
0.005896987255824
0.005024191241093
0.004338403529708
0.003886663219687
0.003335761540218
0.002520048929121
0.001652309414985
0.001078019014085
0.000952733661966
0.001057360223331
0.000969423465915
0.000541764168720
0.000086177252142
-0.000045228863552
0.000128596664774
0.000370076763848
0.000596097348689
0.000901056105559
0.001306366956792
0.001653155439820
0.001744213875257
0.001565889783862
0.001272071745290
0.000882686804454
0.000193176639445
-0.000907526945525
-0.002142569899450
-0.002954146047238
-0.002989336687824
-0.002477530773356
-0.001954766127060
-0.001690863607243
-0.001592866439073
-0.001464332099206
-0.001167093350887
-0.000665647522993
0.000040538526053
0.000962302744693
0.001916438672706
0.002410518264948
0.002033943473156
0.000918616312237
-0.000355774943129
-0.001264110355456
-0.001778592921950
-0.002352632026215
-0.003294495830704
-0.004312242539798
-0.004909393812643
-0.004894738541741
-0.004338408296136
-0.003356206848150
-0.002015307800605
-0.000350937743367
0.001484634393002
0.003257162186362
0.004955306781644
0.006729422013655
0.008466533614932
0.009747096325923
0.010176250127801
0.009661222385589
0.008494858160929
0.007090779536705
0.005532303465331
0.003508266593430
0.000793820125689
-0.002298499052368
-0.005057231282486
-0.006914218307850
-0.007813675730712
-0.008071498588437
-0.007937190729802
-0.007440655337447
-0.006611910855749
-0.005641410036055
-0.004764727997206
-0.003994270863409
-0.003089319172507
-0.001969493510561
-0.001024316826514
-0.000776457842713
-0.001354723550583
-0.002489483386002
-0.003861836496509
-0.005273691751305
-0.006569022425440
-0.007546280230183
-0.008029156267978
-0.007976617376837
-0.007467759122553
-0.006596824164819
-0.005339600102123
-0.003547494226160
-0.001222350783355
0.001243867191851
0.003291057018573
0.004637243496508
0.005392662003441
0.005796907496830
0.005933921607521
0.005686745011567
0.004993684479037
0.004073150375114
0.003184907389617
0.002247005387252
0.000931139798237
-0.000871415201569
-0.002824894088395
-0.004441001346811
-0.005515328128459
-0.006213237014556
-0.006763484617590
-0.007150589859299
-0.007180353438054
-0.006797329734753
-0.006186828973934
-0.005513040017284
-0.004725597129941
-0.003729611379011
-0.002567658362266
-0.001343430780045
-0.000084661307901
0.001296830901934
0.002917906793795
0.004723873204034
0.006451190519646
0.007947996149942
0.009408974376589
0.011069410331673
0.012797242279658
0.014147210313364
0.014689420153549
0.014307254963747
0.013251600454539
0.011813268980455
0.010046887949551
0.007934097427593
0.005644070601991
0.003452890582116
0.001466371600410
-0.000432685448522
-0.002375110043781
-0.004272239097025
-0.005775533498367
-0.006557779089792
-0.006639768925166
-0.006290947639727
-0.005642503244798
-0.004647900630872
-0.003374035966481
-0.001998107581837
-0.000574631901514
0.000968839080636
0.002684555445941
0.004466708781912
0.005986305296806
0.006897910093376
0.007198707017555
0.007213883817024
0.007180048398293
0.007042261406590
0.006636437399204
0.005922518800087
0.005088220323052
0.004381315002748
0.003736432742397
0.002779562017965
0.001381719769828
-0.000102791828669
-0.001312322471780
-0.002274059800668
-0.003283914677235
-0.004548329984558
-0.005893934768284
-0.006925907403826
-0.007525117458603
-0.007929014470739
-0.008299395613639
-0.008507887558161
-0.008370689607441
-0.007878151943958
-0.007178937797654
-0.006370818500405
-0.005314190925242
-0.003856464931031
-0.002265419086184
-0.001121953847626
-0.000708249330350
-0.000752182996619
-0.000779637381152
-0.000524530111201
-0.000080407604047
0.000286597771591
0.000568731244096
0.001044382254493
0.001771594976778
0.002406535884163
0.002636526356698
0.002551821067538
0.002498738761661
0.002682994118748
0.003025333473314
0.003371276990246
0.003731388007211
0.004228611532756
0.004825584811454
0.005236350908767
0.005179575517422
0.004660932254954
0.003928675207239
0.003193255689728
0.002470565767796
0.001660130288196
0.000748556797114
-0.000104814618097
-0.000781237408631
-0.001405866619130
-0.002161145072085
-0.002968188207368
-0.003583091996665
-0.003993042760288
-0.004429018200293
-0.004968021717325
-0.005345320064446
-0.005164333910865
-0.004276603144473
-0.003011992601330
-0.001943429504616
-0.001342928679152
-0.000942718747130
-0.000286880608930
0.000779586361461
0.002025738903091
0.003115144369990
0.003839778728037
0.004104805392587
0.003804798639206
0.002806961841857
0.001187887045914
-0.000611365504683
-0.002151323097872
-0.003375894484444
-0.004474714221464
-0.005558699125728
-0.006449803252002
-0.006744513569230
-0.006263352358653
-0.005326511917911
-0.004363352494553
-0.003442418463590
-0.002374441642898
-0.001094511066369
0.000187889194057
0.001182226061409
0.001809162338247
0.002198768212084
0.002445845142195
0.002483514197521
0.002174043369654
0.001490329002803
0.000578714725936
-0.000406159028196
-0.001511125148402
-0.002844254888324
-0.004174987940605
-0.004953451859095
-0.004803633970759
-0.003840994928536
-0.002501820983521
-0.001114511576338
0.000308396756314
0.001797476051624
0.003110110087320
0.003909145338162
0.004130266426442
0.003979773187249
0.003656616323156
0.003178126644151
0.002464599257285
0.001567608143661
0.000716182090061
0.000058376969065
-0.000515148743107
-0.001178682163012
-0.001871722095499
-0.002284165662518
-0.002192432285552
-0.001734949425424
-0.001251729698870
-0.000908174208504
-0.000561232457706
-0.000005501878535
0.000766051952398
0.001612850951675
0.002407512921240
0.003143762315741
0.003947502214017
0.004848726029927
0.005619121995262
0.006037090585016
0.006129749806527
0.005954244488540
0.005398145310757
0.004355654285937
0.002892537662577
0.001249028264760
-0.000224910893859
-0.001380199835825
-0.002489133549231
-0.003746441678426
-0.004743589092136
-0.004894531706231
-0.004078133059376
-0.002632243617745
-0.001081482736429
0.000185096365830
0.001177156261665
0.002057403155615
0.002801309930794
0.003334393553680
0.003724589960579
0.004113940889113
0.004592984272331
0.005092002836079
0.005381637609424
0.005338452787541
0.005116401105073
0.004847978348367
0.004355574734753
0.003368931922791
0.001940849670430
0.000471179639829
-0.000722058461403
-0.001681813388898
-0.002628228633260
-0.003633396460129
-0.004491449006193
-0.004950209061509
-0.005090157115338
-0.005291145744150
-0.005740800170141
-0.006187161216204
-0.006281756073770
-0.005971370564435
-0.005497521502484
-0.005131468124606
-0.004921504724427
-0.004727206952393
-0.004514225079288
-0.004426968828588
-0.004488953749284
-0.004482063379355
-0.004213111951968
-0.003710724199805
-0.003161613754610
-0.002715266188639
-0.002286590276896
-0.001659352364507
-0.000874338400580
-0.000273722779349
-0.000100744654535
-0.000294459714154
-0.000609641992619
-0.000844264356683
-0.001091614244634
-0.001621956352079
-0.002391179148894
-0.002939125224469
-0.002883734463069
-0.002317745819465
-0.001631175266536
-0.001085167570261
-0.000683503690290
-0.000355543257746
-0.000073620758050
0.000226586186620
0.000700237536542
0.001448648310512
0.002316052083963
0.002919379093000
0.002988477866065
0.002671106691434
0.002384914748842
0.002387105505142
0.002582731071817
0.002702195741675
0.002620133901217
0.002508044522341
0.002638338899429
0.003061835799841
0.003603587980924
0.004170986509665
0.004825752596030
0.005524252712408
0.006026829752365
0.006057996788448
0.005488079142922
0.004451636008166
0.003209200675444
0.001855605208947
0.000376480396297
-0.001074999065586
-0.002263101352214
-0.003175380003733
-0.004020399415859
-0.004968968574385
-0.005939911222473
-0.006560290025416
-0.006469650472598
-0.005730574509779
-0.004753694144710
-0.003849157201603
-0.002992678062866
-0.001977032354171
-0.000731101820969
0.000525269493217
0.001472130387911
0.001967891350893
0.002048177845865
0.001720028730155
0.000856748478308
-0.000631192012465
-0.002495479749316
-0.004203525342257
-0.005395818627470
-0.006095033124115
-0.006396998550911
-0.006219770758959
-0.005454042912121
-0.004193747711771
-0.002783019264642
-0.001572983820801
-0.000604481550348
0.000261027153328
0.000965959507523
0.001267668153186
0.001067684324711
0.000615267910698
0.000373756501053
0.000651117998451
0.001346634811840
0.002121525148881
0.002809730973022
0.003503796116586
0.004326839413630
0.005309976740973
0.006348079219686
0.007282962665153
0.008112380243405
0.008888664947406
0.009458341217424
0.009574271341439
0.009194033300289
0.008477521113066
0.007519228906779
0.006216586554082
0.004428915206644
0.002221288795163
-0.000089247157713
-0.002194871281956
-0.004080481672428
-0.005910727140171
-0.007613453502175
-0.008727229345071
-0.008818421964828
-0.007977087061069
-0.006700515426879
-0.005369577959932
-0.003997323680391
-0.002411604612141
-0.000606255239995
0.001143015690205
0.002582296846463
0.003744384966972
0.004712263658155
0.005302776399972
0.005228934577942
0.004464522461550
0.003339491685995
0.002293968471271
0.001468439924156
0.000607043527195
-0.000496346503332
-0.001644592019083
-0.002481703110475
-0.002917185601567
-0.003194580394317
-0.003587531346031
-0.004079727555589
-0.004370818766723
-0.004200922945875
-0.003635107311461
-0.002948643836465
-0.002259811292508
-0.001450901744005
-0.000454814695418
0.000592909176687
0.001507317468745
0.002199654938093
0.002695550360870
0.003072067600636
0.003310401480971
0.003313476153084
0.003183602936102
0.003233825052903
0.003587091912516
0.004006942233940
0.004192121813947
0.004106424979078
0.004011060527810
0.004164449204746
0.004472866579833
0.004535916833885
0.004087345898950
0.003254852843183
0.002320468550643
0.001368606527802
0.000234685786500
-0.001248612009058
-0.003002889054265
-0.004761679135745
-0.006322359781122
-0.007593312637591
-0.008384641643189
-0.008376979862100
-0.007457851418087
-0.005924443789305
-0.004220760265670
-0.002562536105276
-0.000837064879896
0.001137255715552
0.003186269963095
0.004744211285549
0.005444926802584
0.005567002720933
0.005659273053575
0.005902729723542
0.005990403592865
0.005507085322932
0.004343707641686
0.002783108591739
0.001253299196197
0.000036620745128
-0.000787354357922
-0.001217050239185
-0.001293957462453
-0.001158390940794
-0.001018419252793
-0.001000990564047
-0.001046619803697
-0.001005969064821
-0.000829798152109
-0.000676781543679
-0.000725046925265
-0.000804103037382
-0.000562499747601
-0.000026754195530
0.000383466382366
0.000291026236692
-0.000348322572013
-0.001237509426335
-0.002026651347986
-0.002638747210841
-0.003205752527263
-0.003734922672401
-0.004046742664673
-0.004033855251615
-0.003777012160554
-0.003436467165156
-0.003086623172596
-0.002587986983862
-0.001757023620919
-0.000678093435059
0.000416767239141
0.001516788625400
0.002777574974415
0.004162854433786
0.005365339602356
0.006066392656492
0.006227252700614
0.006151850151707
0.006193335014475
0.006321270859459
0.006082134729985
0.005088489995336
0.003445617120636
0.001610598507403
-0.000059630016567
-0.001509181419177
-0.002820586613115
-0.003980205672061
-0.004840128331295
-0.005323520530804
-0.005551565151649
-0.005613118164626
-0.005355488028791
-0.004618868202027
-0.003567865155220
-0.002604237437564
-0.001957133036494
-0.001468248271322
-0.000857472611409
-0.000100189186632
0.000576705057189
0.000952300928040
0.000960737469479
0.000684008212314
0.000230693843960
-0.000388435459408
-0.001134863566103
-0.001748764142658
-0.001963732836790
-0.001883485191151
-0.001902864643844
-0.002258947676821
-0.002740242080982
-0.002866476502404
-0.002417013086903
-0.001694954173027
-0.001159986917051
-0.000919555324037
-0.000672012183176
-0.000087337985723
0.000832977237957
0.001798314650931
0.002585728658388
0.003250521249449
0.003880681111257
0.004312601943144
0.004326193502456
0.003973827262193
0.003543179111721
0.003245959118688
0.002989164976588
0.002488497785053
0.001643212432591
0.000715918464882
0.000030689970269
-0.000398724189378
-0.000782555521275
-0.001196672875371
-0.001498409572680
-0.001563023899744
-0.001437948436475
-0.001246732411922
-0.000992776447757
-0.000527423551512
0.000185728758556
0.000882942412998
0.001233289446289
0.001136767551312
0.000722029527022
0.000222763507957
-0.000206518394610
-0.000700684361435
-0.001466736325008
-0.002365954016739
-0.003098985001848
-0.003669540108102
-0.004311983271287
-0.005092499284214
-0.005782334414150
-0.006015701597943
-0.005554711042105
-0.004517087715310
-0.003197240943564
-0.001703451583154
-0.000059010219800
0.001574526304704
0.003039331705766
0.004326772851205
0.005510731498198
0.006617036547960
0.007496985173667
0.007828331845215
0.007359255522093
0.006231837050906
0.004938557512639
0.003845813490113
0.002902706156372
0.001850921925122
0.000595984793044
-0.000635495143640
-0.001518436721810
-0.001983062396281
-0.002197704489884
-0.002208852649928
-0.001833684757157
-0.000985055487239
0.000107304527905
0.001081403332398
0.001739484198950
0.002124702252717
0.002302367313971
0.002152110155762
0.001546995287827
0.000687001038953
0.000032445169505
-0.000143503872021
-0.000027370860874
-0.000052572499208
-0.000432120981952
-0.000920869498260
-0.001081592745928
-0.000745614364020
-0.000147681307422
0.000348322041807
0.000607754933514
0.000772921548318
0.000963958654631
0.001081361966025
0.000958702064954
0.000566192013576
0.000018449551163
-0.000545477396074
-0.001072369849325
-0.001513519559657
-0.001669653724641
-0.001364618487314
-0.000742709343781
-0.000167020624958
0.000160555922837
0.000387567488730
0.000780761215521
0.001288272538439
0.001450833560145
0.000892643187184
-0.000218680229704
-0.001399312732287
-0.002388525274164
-0.003273137604997
-0.004232368074836
-0.005282552446515
-0.006223929114108
-0.006843615683348
-0.007104924608304
-0.007025673659483
-0.006495408317813
-0.005438158253485
-0.004072725596920
-0.002791235373826
-0.001844524317904
-0.001227276786951
-0.000785690864478
-0.000425123832267
-0.000231883837424
-0.000369813135252
-0.000842198100687
-0.001454161183196
-0.002092723295044
-0.002842122213737
-0.003729757399057
-0.004549831716762
-0.004954059282149
-0.004693938611213
-0.003881924554831
-0.002909479412824
-0.001976429568008
-0.000877539637995
0.000650174613010
0.002555366074495
0.004516671986303
0.006275510163878
0.007842335621880
0.009297138395485
0.010486840006823
0.011069314691014
0.010843011883966
0.009960269064107
0.008738465723420
0.007279747570863
0.005442847894261
0.003251677595005
0.001129410712417
-0.000405403993947
-0.001187074042377
-0.001497182804980
-0.001685123993727
-0.001753244109948
-0.001456872054857
-0.000703645386537
0.000312554131251
0.001306247237102
0.002174052994067
0.003051927915279
0.004015471222248
0.004822614196824
0.005095277231914
0.004677664076834
0.003726389423524
0.002467140238810
0.000989962658584
-0.000614329248418
-0.002108823000640
-0.003280192485238
-0.004115122255897
-0.004762962406003
-0.005399897800087
-0.006025561244096
-0.006403504651388
-0.006342125523705
-0.005923568172937
-0.005338015256151
-0.004637359664207
-0.003755143550349
-0.002692808487191
-0.001643087453309
-0.000888902239262
-0.000507760164862
-0.000279921524234
0.000016877681529
0.000341760838417
0.000490684631218
0.000396732744513
0.000251450398018
0.000311168683645
0.000614567759796
0.000948945343885
0.001159349626030
0.001386967214495
0.001871738689931
0.002595146190517
0.003254105973577
0.003629227454104
0.003822950846191
0.004037587122634
0.004316013508405
0.004556000906422
0.004646167528813
0.004591395856460
0.004456387030435
0.004163047470855
0.003556084187136
0.002705111112433
0.001923482299439
0.001460347793184
0.001261154563884
0.000979581783104
0.000280564505214
-0.000750251670188
-0.001650672836518
-0.002128202075594
-0.002372727929299
-0.002793198017178
-0.003579124161404
-0.004516072194689
-0.005235108332011
-0.005624458184208
-0.005828431951797
-0.005890716188110
-0.005683883958403
-0.005197540438677
-0.004618018505188
-0.004084271801910
-0.003538764539213
-0.002817679808805
-0.001846430791799
-0.000793657663160
0.000025427138307
0.000510770244339
0.000936738890659
0.001571776096507
0.002254471443906
0.002540047671683
0.002213347116598
0.001509816791691
0.000825518361580
0.000299729246886
-0.000265281078318
-0.001053731830187
-0.001936879136427
-0.002669273776154
-0.003220398535294
-0.003737653237169
-0.004268015139953
-0.004625412283396
-0.004542003252917
-0.003954395808040
-0.003117620138133
-0.002304266336603
-0.001445597441988
-0.000327874177753
0.000969958247346
0.002126819734930
0.002972969433990
0.003615192972982
0.004211726225325
0.004754439843365
0.005050403147792
0.004945006125836
0.004583162560906
0.004222138951752
0.003834676178679
0.003201787016093
0.002272681495719
0.001213507926991
0.000195007610017
-0.000810300116113
-0.001996876646547
-0.003358409229255
-0.004446216229263
-0.004753315232254
-0.004286615255364
-0.003533046491187
-0.002898135777094
-0.002375058242877
-0.001711946263985
-0.000744955911112
0.000404867451307
0.001470416839169
0.002388059539085
0.003340028829471
0.004418533147440
0.005469030849034
0.006295554574446
0.006841174234726
0.007176811302751
0.007382968574745
0.007398263975401
0.007079782390469
0.006486071617095
0.005892498010416
0.005430555921489
0.004900350653926
0.004040784344852
0.002866750404535
0.001641558707903
0.000543948756991
-0.000598515131677
-0.002127971799963
-0.004052805861741
-0.005930981540236
-0.007273420143630
-0.007890752692729
-0.007929168718427
-0.007630309637574
-0.007043816158476
-0.006105248418504
-0.004927978471219
-0.003790417004161
-0.002807911425734
-0.001778778632954
-0.000501551776251
0.000861010629290
0.001877496226699
0.002217647564736
0.001884021527337
0.001177645900687
0.000479638716230
0.000039090597599
-0.000058433036945
0.000207190835684
0.000777389379897
0.001395102397078
0.001704526107185
0.001614900300931
0.001505615606149
0.001950332906050
0.003158092931744
0.004719998378427
0.005991199401076
0.006668894429536
0.006892174734434
0.006825187623337
0.006357945696844
0.005339154418793
0.003908879212660
0.002422874749797
0.001117920700673
-0.000092853848171
-0.001466663758088
-0.003031919740506
-0.004464010874956
-0.005448612023386
-0.005975855204992
-0.006151256158225
-0.005882323656327
-0.004913834342029
-0.003190461264498
-0.001106545797581
0.000742719150819
0.002083282590674
0.003093129021370
0.004012044836080
0.004806241715374
0.005243860566219
0.005194108655838
0.004799167873963
0.004318444627943
0.003839825316540
0.003243953847453
0.002443048604884
0.001494826058474
0.000434958979414
-0.000796267284087
-0.002167551892904
-0.003449672219224
-0.004372527855830
-0.004837608595806
-0.004978120041451
-0.005044609498637
-0.005151279036646
-0.005136719142502
-0.004828540565246
-0.004374356257350
-0.004144809509895
-0.004353732879349
-0.004860726813027
-0.005347772621826
-0.005637374676481
-0.005800423131955
-0.005957411978001
-0.006027923696169
-0.005761605332883
-0.005033046296049
-0.004012649724252
-0.002963594175204
-0.001972753876774
-0.001001206671803
-0.000100766461385
0.000552222413379
0.000863276552430
0.001019838482232
0.001379299096023
0.002054439951442
0.002689292375045
0.002870957786844
0.002667222894998
0.002479897260645
0.002566898858407
0.002885572143221
0.003157538029344
0.003136700927136
0.002928699491641
0.002770044487277
0.002604609339309
0.002264054488920
0.001832221983010
0.001539690235619
0.001484909602060
0.001521971932890
0.001394226725295
0.001091551446033
0.000927607467114
0.001086909548702
0.001351132265794
0.001430815358286
0.001286613620100
0.001069776894935
0.000982244260643
0.001115519288374
0.001309334657201
0.001321110155078
0.001112834186432
0.000790622724775
0.000363898476761
-0.000227808503551
-0.000939075688257
-0.001630439226880
-0.002220592657409
-0.002781426044218
-0.003465442515991
-0.004277052613772
-0.004952439343343
-0.005234715216169
-0.005244960499906
-0.005338110700837
-0.005630082139202
-0.005880273040636
-0.005750738831611
-0.005085723528982
-0.004052013592028
-0.002958685309718
-0.001879101299367
-0.000664010776509
0.000666079249251
0.001849286525847
0.002725768929551
0.003428463259390
0.004205641916618
0.005141371299344
0.006045686456925
0.006661605337759
0.007012922976467
0.007351663060978
0.007706952458355
0.007790526665390
0.007416827633571
0.006752750869413
0.006118317504972
0.005659432543294
0.005196106559865
0.004421619767447
0.003280795699805
0.002020769200215
0.000869863906076
-0.000160266107520
-0.001143837034704
-0.002036977068889
-0.002673091671529
-0.002964849640403
-0.003078556429075
-0.003303925274969
-0.003646530200323
-0.003720031677349
-0.003231379684311
-0.002383607715012
-0.001622296346808
-0.001097715065233
-0.000558046488955
0.000212289868939
0.001025494753408
0.001446727317844
0.001231273667169
0.000526290436129
-0.000364296141344
-0.001311995847313
-0.002342016349472
-0.003390611591563
-0.004315590897140
-0.005110357724626
-0.005915598406031
-0.006800581742137
-0.007590227279024
-0.007922487979975
-0.007561152868606
-0.006698990250653
-0.005801064036012
-0.005107572641850
-0.004465969038517
-0.003611331670799
-0.002450510903718
-0.001160704636132
-0.000044240663157
0.000815564208542
0.001615989904774
0.002435154153321
0.003059592312201
0.003358619191924
0.003499446326375
0.003711116683776
0.004049868913928
0.004370318073014
0.004538489586442
0.004680337089384
0.005001430648537
0.005404805197554
0.005543440370640
0.005244763942363
0.004732089487872
0.004361689970055
0.004195041162310
0.003901739813518
0.003084935244072
0.001703111616115
0.000107884694934
-0.001367274194139
-0.002654646321636
-0.003742656362867
-0.004467114132111
-0.004575647789150
-0.003956263827176
-0.002843716191536
-0.001667915677132
-0.000608886352444
0.000488143303414
0.001729416212948
0.002965852915502
0.003967101038666
0.004632320085744
0.005018000860456
0.005143041181943
0.004832056234495
0.003903895375636
0.002457931840980
0.000856082015632
-0.000570886403724
-0.001771302670258
-0.002873901555970
-0.003852438214951
-0.004468432542574
-0.004576140021356
-0.004308944177943
-0.003929240447917
-0.003531123327342
-0.002953238369908
-0.002076871800737
-0.001070043097293
-0.000208182870960
0.000404654470147
0.000896475372134
0.001510583087599
0.002357241633737
0.003236997392995
0.003855113012240
0.004157654662809
0.004264625732536
0.004212327574064
0.003978697450722
0.003655050042561
0.003397564094075
0.003215853580564
0.002916263202074
0.002267627127460
0.001243836520761
0.000133081971295
-0.000724665436507
-0.001340235394368
-0.002044696867173
-0.003046195179309
-0.004148316157127
-0.004970035920923
-0.005392217831325
-0.005660646826711
-0.006040447058348
-0.006461978541906
-0.006554672585000
-0.006056225133069
-0.005126321563506
-0.004121998401551
-0.003125118292834
-0.001892901755204
-0.000243228207232
0.001684022761735
0.003556853690456
0.005156854131140
0.006463446783814
0.007443535437561
0.007949377610167
0.007873313203353
0.007293893652953
0.006455240613335
0.005537682076518
0.004443198651953
0.002981589064157
0.001253508529834
-0.000349129730589
-0.001539041368291
-0.002376010029471
-0.003071607184546
-0.003658517456750
-0.003931255220220
-0.003703858683009
-0.003075077729297
-0.002385270849473
-0.001889262497485
-0.001531676497261
-0.001119194566250
-0.000669814055057
-0.000459502094133
-0.000668562143771
-0.001119001681174
-0.001448647058143
-0.001411076397375
-0.000995159013477
-0.000380946897952
0.000242147513825
0.000822152801606
0.001345198717599
0.001728728763334
0.001967776963792
0.002187704826027
0.002383143339050
0.002292254515341
0.001604618306782
0.000239942686566
-0.001450794040206
-0.002869842529042
-0.003797677339242
-0.004597143382357
-0.005616764402340
-0.006700503907872
-0.007398201775075
-0.007428459899354
-0.006880099969183
-0.006020714395919
-0.004944527864020
-0.003554598777791
-0.001892961112444
-0.000272351304583
0.000964976514993
0.001736109550840
0.002236451524459
0.002645940303053
0.002861454894535
0.002593461653802
0.001756654080831
0.000689472411234
-0.000193519461758
-0.000864785748816
-0.001542301923804
-0.002225125676624
-0.002626535486766
-0.002508869651209
-0.001950585380725
-0.001301819974069
-0.000888682398334
-0.000736067468414
-0.000654629066301
-0.000561297720664
-0.000491832697752
-0.000381940154208
-0.000133701397937
0.000169115991639
0.000276758123030
-0.000038869639625
-0.000751165953039
-0.001483185776800
-0.001822651211748
-0.001764461562188
-0.001631643804683
-0.001558094187621
-0.001281785363446
-0.000472490029329
0.000881773040690
0.002401710824319
0.003621646135129
0.004411422818545
0.004973809343312
0.005449247484711
0.005772759309646
0.005864079941464
0.005696891700581
0.005220893352183
0.004382028570076
0.003177118543813
0.001695608154020
0.000199959398455
-0.001023216040362
-0.001993561725199
-0.002984614422413
-0.004111679200967
-0.005100672236486
-0.005496959522654
-0.005165683365853
-0.004528405951653
-0.004140388427222
-0.004091197418008
-0.003997906332999
-0.003520996084083
-0.002690972642903
-0.001760790650638
-0.000891002684726
-0.000060554498636
0.000752374834696
0.001472849586344
0.002034209534734
0.002488623941477
0.003012600308535
0.003704943911786
0.004360656867358
0.004669487211617
0.004635507444112
0.004551965307812
0.004590812960971
0.004615965799379
0.004372026191035
0.003791397982329
0.003164643487937
0.002923427666434
0.003151628451254
0.003482462917447
0.003573428327391
0.003431730935868
0.003232506585251
0.003068761494255
0.002890412605634
0.002637759601248
0.002445501072927
0.002526353306273
0.002819678839215
0.003024880126070
0.003001519385584
0.002862177749652
0.002668933958879
0.002277478264028
0.001463981398172
0.000154760786449
-0.001349824304309
-0.002544255154198
-0.003268836605088
-0.003841889668470
-0.004609609017644
-0.005570679502385
-0.006410538977574
-0.006839110542831
-0.006868995109051
-0.006702604356088
-0.006425343954408
-0.005957022667046
-0.005290347139311
-0.004593356877136
-0.003968131447496
-0.003238720480868
-0.002177187912231
-0.000907553739094
0.000138614397668
0.000674495700002
0.000803391118109
0.000869917874265
0.001127812105014
0.001463489201619
0.001524082705926
0.001187670322656
0.000695408782795
0.000274152014731
-0.000099909863278
-0.000549631398154
-0.001114818646637
-0.001665295186122
-0.001976781584170
-0.002046004512231
-0.002127871281103
-0.002301070048206
-0.002321461781406
-0.001925408593577
-0.001084894132141
-0.000061209262784
0.000867803377307
0.001746262456728
0.002758295110340
0.003801629054771
0.004533791235525
0.004799722464812
0.004754237549668
0.004557692780128
0.004160683204500
0.003402661599599
0.002240759199286
0.000894059156083
-0.000316043434100
-0.001347206713731
-0.002476225406371
-0.003832831943752
-0.005119698369751
-0.005919899413799
-0.006099791046221
-0.005855606345425
-0.005430788213923
-0.004798352651090
-0.003739717432035
-0.002252569056541
-0.000678946835887
0.000587588744782
0.001391962395383
0.001815394334783
0.001944325600127
0.001723149766193
0.001123492077182
0.000417687288292
0.000071590495868
0.000247796605665
0.000587815205078
0.000625878915842
0.000293646900512
-0.000107154427309
-0.000292243287315
-0.000205399679353
0.000051446225475
0.000433849486659
0.001102130989303
0.002239563539000
0.003734637035365
0.005175354431736
0.006162010223295
0.006565804439265
0.006503318393266
0.006108820884536
0.005394142833799
0.004417870771415
0.003442816788601
0.002659705576455
0.001884588203172
0.000805081516723
-0.000559142562269
-0.001856538291035
-0.002811955402970
-0.003477947191717
-0.004124309046091
-0.004904904197878
-0.005586487734983
-0.005760515195532
-0.005379799101813
-0.004835034660871
-0.004437238204858
-0.004074904738874
-0.003415700914360
-0.002262502291201
-0.000711731781992
0.000981003552827
0.002637359180627
0.004138156329778
0.005251331202215
0.005732516562030
0.005632542913926
0.005308221074605
0.005081201863589
0.004991193208283
0.004839832478341
0.004412646021485
0.003721385452958
0.002998680435550
0.002357591210431
0.001606017210480
0.000603704587471
-0.000413359687120
-0.001122016768138
-0.001533696646961
-0.001950930119475
-0.002584956389914
-0.003298569042789
-0.003766584929125
-0.003867681767127
-0.003838267341906
-0.003972136265373
-0.004224486368229
-0.004261572010848
-0.003857456634430
-0.003090053932728
-0.002184892543235
-0.001257628688415
-0.000222886986893
0.000990568734587
0.002203757250227
0.003144785330647
0.003740095295535
0.004095426570302
0.004287107903316
0.004246310358731
0.003830394867129
0.003025160106622
0.002036451342966
0.001085574129476
0.000173193226701
-0.000814350747464
-0.001817598104795
-0.002587489187347
-0.002973194889217
-0.003103841819170
-0.003228574442078
-0.003405408291378
-0.003387816174770
-0.002908388956688
-0.002099375562333
-0.001451110107749
-0.001262599321630
-0.001368064248756
-0.001473698296967
-0.001487022200654
-0.001466614177562
-0.001415927015006
-0.001188409324449
-0.000647232768663
0.000073130254537
0.000591392071223
0.000685026072112
0.000544282936123
0.000472522507894
0.000536371276678
0.000608294167675
0.000563430949283
0.000434078719814
0.000410161453463
0.000585806246588
0.000790101677684
0.000854530676658
0.000918704578836
0.001217405066811
0.001690005225290
0.002019312953328
0.001963753405839
0.001606344822494
0.001297886064203
0.001225135972792
0.001106536950443
0.000530220754153
-0.000508799083215
-0.001639378092647
-0.002599829575486
-0.003454650951329
-0.004337656954300
-0.005175566545979
-0.005739111962574
-0.005912753152049
-0.005863000019948
-0.005842579995776
-0.005800663003542
-0.005377087528427
-0.004332565576058
-0.002805043689505
-0.001128383292160
0.000479327441919
0.002000522194969
0.003420425669415
0.004518567016365
0.004989374261369
0.004838971306988
0.004443377439921
0.004085245401868
0.003673911974233
0.002980057099118
0.001974077243733
0.000946206341808
0.000304428541060
0.000150574024319
0.000169803810024
0.000073394927513
-0.000085295715289
-0.000167541082654
-0.000229331176734
-0.000400295490414
-0.000659645708951
-0.000818099500749
-0.000715643051400
-0.000469320636356
-0.000413504697094
-0.000657425278960
-0.000864516522131
-0.000623484843397
0.000127084863256
0.001089648698884
0.001923482509433
0.002603546540503
0.003345757451168
0.004150004437920
0.004712739773642
0.004804309408237
0.004539141482856
0.004232787046147
0.003994566862850
0.003586995488664
0.002770714455428
0.001662757738750
0.000665091701417
0.000047325590093
-0.000319275998109
-0.000716249100423
-0.001138812793959
-0.001327672250641
-0.001251694687232
-0.001273385898652
-0.001775012893198
-0.002788093120682
-0.003961771222757
-0.004868225163887
-0.005400367922231
-0.005753860507290
-0.005984713361817
-0.005891186842815
-0.005415934870302
-0.004799830023388
-0.004270953007648
-0.003777791659981
-0.002984549580048
-0.001609809996136
0.000148655712363
0.001782686670927
0.003046802769824
0.004070195881395
0.005005971455624
0.005784258666294
0.006149786763110
0.005955994980884
0.005413187510267
0.004840828377093
0.004268436721512
0.003527252957750
0.002574243370821
0.001517354361617
0.000443650596549
-0.000649348618161
-0.001789700996803
-0.002903878490918
-0.003746392415980
-0.004056200504779
-0.003838242546884
-0.003412070363575
-0.003090326955801
-0.002859247242442
-0.002517976910896
-0.002076548261808
-0.001802088987852
-0.001851023268040
-0.002048462229555
-0.002104199393055
-0.001941291315696
-0.001767127292669
-0.001810517443421
-0.002011735846695
-0.002113914857335
-0.002029507502254
-0.001883013434719
-0.001719372872576
-0.001402580351319
-0.000811531180192
-0.000026564070886
0.000677679095253
0.001060710908410
0.001202156299133
0.001433087598154
0.001897934969689
0.002386980359624
0.002649973701862
0.002678569462191
0.002682335741789
0.002828101274210
0.003010046566273
0.003016371134229
0.002853576220517
0.002741744501132
0.002882567703289
0.003305642882914
0.003887290187065
0.004511616694975
0.005192212782816
0.005905700440669
0.006344960352768
0.006167599565093
0.005482528289930
0.004741671140677
0.004206469960340
0.003711259267357
0.002874591832534
0.001562037519140
0.000129526504352
-0.000947934133762
-0.001564205670723
-0.001908757669841
-0.002108676746068
-0.002168869706415
-0.002098087336034
-0.001935253112003
-0.001749835368330
-0.001567352561301
-0.001250602157189
-0.000644563867386
0.000163558470053
0.000874471853439
0.001265299223121
0.001395219708443
0.001443059730336
0.001359304923741
0.000894458530932
0.000028609241947
-0.000875790783419
-0.001453231547441
-0.001692978736417
-0.001879790449587
-0.002232817400690
-0.002556578756449
-0.002397093862616
-0.001617415449962
-0.000500523072508
0.000691539064562
0.001910411548170
0.003165625755270
0.004344261130371
0.005134815055084
0.005261932807878
0.004860138596895
0.004347550668554
0.003918936617545
0.003420898934032
0.002638945502832
0.001528752038829
0.000226521345464
-0.001094229712818
-0.002354691356464
-0.003547668094797
-0.004562868334079
-0.005129797997532
-0.005090306933200
-0.004648451110974
-0.004209425372822
-0.003975874228452
-0.003759986177609
-0.003267545409963
-0.002527383408908
-0.001863276397305
-0.001419317147896
-0.000987127085774
-0.000439116989698
-0.000031447816404
-0.000084200279551
-0.000590345556027
-0.001244686021057
-0.001694666611013
-0.001817182651048
-0.001806726340598
-0.001808931545559
-0.001606760588913
-0.000928041776344
0.000154350356443
0.001331797892447
0.002388805290413
0.003297642433285
0.004054270009242
0.004495709861292
0.004388419963037
0.003779434215743
0.003089823315240
0.002674942748231
0.002425942743933
0.001934240368099
0.000990036867848
-0.000156614169805
-0.001075389648787
-0.001605468664097
-0.001942207958084
-0.002329170203158
-0.002757228638615
-0.003054976678134
-0.003148370482823
-0.003089683870552
-0.002927923339081
-0.002591209795278
-0.001929601447599
-0.000960683037610
-0.000006135867564
0.000564834172344
0.000741963909290
0.000812185124800
0.000881859444861
0.000752843055722
0.000243005376336
-0.000583869937258
-0.001476567866744
-0.002233832661293
-0.002862581370957
-0.003447875785581
-0.003935341304430
-0.004163649861039
-0.004104474598670
-0.003967810518002
-0.003962565997491
-0.003990331592757
-0.003738951370896
-0.003059774191448
-0.002156150088723
-0.001378381328792
-0.000824142773502
-0.000276659875232
0.000418195660629
0.001118447131854
0.001584248898821
0.001750571969030
0.001735589657945
0.001678637185401
0.001610586585440
0.001433877424786
0.001063984313438
0.000574234993218
0.000112373533847
-0.000277089851935
-0.000650616568534
-0.000994455554209
-0.001163868383102
-0.001058045691822
-0.000802712415730
-0.000682843845451
-0.000797263698691
-0.000839519000405
-0.000418996550354
0.000509308858761
0.001687597571440
0.002826082139765
0.003758314165671
0.004477620126784
0.004997047857011
0.005189082067409
0.004938861678646
0.004376449993401
0.003730536710233
0.003058397348147
0.002267567644731
0.001291397073286
0.000242870792422
-0.000569189247074
-0.000918884951279
-0.000927450298516
-0.000843174866436
-0.000614715106741
0.000036933416217
0.001133623951956
0.002304724025900
0.003122235092204
0.003400203931002
0.003265019722353
0.002993436412511
0.002664368946783
0.002115749144799
0.001344278209508
0.000590421334581
-0.000041039821998
-0.000680858220849
-0.001405664450225
-0.002032330917829
-0.002189660162748
-0.001644007422171
-0.000607318887419
0.000427728474406
0.001187104919895
0.001776384040834
0.002369683021364
0.002902490579287
0.003104358024671
0.002842144329483
0.002360472510796
0.001996356669879
0.001740883032854
0.001317560532499
0.000600969155556
-0.000241549112212
-0.001000539728209
-0.001711318605234
-0.002611633722761
-0.003758501320933
-0.004787675607072
-0.005219387840005
-0.004983135768528
-0.004513523533903
-0.004276981634421
-0.004309200008863
-0.004326896038894
-0.004150058377822
-0.003857064385140
-0.003601319856197
-0.003382683728762
-0.003052322650776
-0.002508590474076
-0.001786890508693
-0.000966426414149
-0.000085775424455
0.000789771479024
0.001495935165866
0.001873621184793
0.001936868568316
0.001898657093608
0.001954568862234
0.002025149297194
0.001826189471483
0.001221019511459
0.000428050687477
-0.000185468864169
-0.000509432942795
-0.000795711509823
-0.001308372684332
-0.001930337536379
-0.002217486114407
-0.001873322113816
-0.001078864991185
-0.000284411574458
0.000272960363871
0.000732464384958
0.001287317806094
0.001918198007422
0.002543889308606
0.003201402523695
0.003938966638137
0.004631447419411
0.004980337996663
0.004745267281806
0.003994557021740
0.003079574776413
0.002321351172650
0.001715807904230
0.001007874720357
0.000076277536125
-0.000871163949265
-0.001532658495428
-0.001866500647829
-0.002145142318474
-0.002610453773781
-0.003167017278728
-0.003562467395381
-0.003722658747970
-0.003728551326974
-0.003607704784434
-0.003294774295836
-0.002740590530022
-0.002051625778497
-0.001507015005668
-0.001250611534777
-0.001024826297361
-0.000484524009873
0.000367556932674
0.001302946517120
0.002239617473859
0.003265949031880
0.004394254498513
0.005452945478768
0.006166882213797
0.006355591704328
0.006135164465876
0.005770545872155
0.005310866970451
0.004542880150232
0.003308269997023
0.001769337461427
0.000246823052268
-0.001142597285512
-0.002555421853022
-0.004160589633350
-0.005779571245310
-0.006884917069707
-0.007149417859172
-0.006805683119227
-0.006282562285382
-0.005717537242637
-0.004992525158820
-0.004043510498955
-0.002983446597480
-0.002023932215325
-0.001263885416959
-0.000565362930943
0.000167710277814
0.000739310450384
0.000965660446011
0.000993202576153
0.001098227690660
0.001375994770213
0.001662074488595
0.001655172777075
0.001252107474553
0.000702442527966
0.000231074338465
-0.000271016237672
-0.000973566418787
-0.001754040034238
-0.002266238621524
-0.002236170577503
-0.001716245952828
-0.001109184622412
-0.000747270897012
-0.000502193316944
-0.000071785406619
0.000569355676536
0.001241946798469
0.001837071899440
0.002369880418912
0.002876761599501
0.003281278732469
0.003359341498011
0.002995591100866
0.002431590630926
0.001977874203612
0.001635421261320
0.001248203859372
0.000773251845213
0.000326002563009
0.000139289026038
0.000334681731778
0.000687051230931
0.000874537151157
0.000858663106706
0.000757583555565
0.000624487309640
0.000532643837808
0.000580059183779
0.000772514155658
0.001002486046876
0.001051264072173
0.000672615064421
-0.000163209050397
-0.001108419492041
-0.001712147910518
-0.001925764544120
-0.002102672890282
-0.002480662163761
-0.002882769184895
-0.002908655191105
-0.002322076251598
-0.001271511589530
-0.000126877740697
0.000893297778539
0.001831048494546
0.002749965052699
0.003543458293078
0.004027243606865
0.004159284827687
0.004062958566594
0.003834675267980
0.003451451583548
0.002904090141275
0.002348983650124
0.002007689680091
0.001906911499338
0.001808619654677
0.001413931792104
0.000699344673551
0.000026739772405
-0.000276072035038
-0.000357224873508
-0.000649859269447
-0.001361639335819
-0.002290043494037
-0.003055922864251
-0.003472398350398
-0.003668781934476
-0.003820605859378
-0.003894358190071
-0.003739267977910
-0.003303219526575
-0.002730232414082
-0.002244684495963
-0.001914434775447
-0.001648034763103
-0.001436371260098
-0.001373601050641
-0.001358772033341
-0.001053301556661
-0.000297795577936
0.000618048400055
0.001169216474517
0.001069072649598
0.000605115735487
0.000367343394853
0.000575928527779
0.000911065761081
0.001011153251011
0.000873703909318
0.000740252156207
0.000777436705349
0.000930104237835
0.001034968583526
0.001077029940565
0.001211069404801
0.001433431723085
0.001496077651955
0.001258768234151
0.000875627509723
0.000600674979895
0.000559323506981
0.000646016989648
0.000576003368519
0.000166135155301
-0.000466372346696
-0.001109432929902
-0.001692523898164
-0.002234535775141
-0.002720624904276
-0.003058189900613
-0.003192205918263
-0.003300921841018
-0.003666828181700
-0.004309415719160
-0.004941233144025
-0.005284559386730
-0.005297545135516
-0.005056143988991
-0.004531773940584
-0.003628483549788
-0.002401300763169
-0.001105896405576
0.000029785735006
0.001039059841390
0.002150523267862
0.003512703448756
0.004978097109202
0.006150087721808
0.006757785415310
0.006936813355722
0.006967641828998
0.006839939572708
0.006270994560547
0.005107891159173
0.003604370385834
0.002262914459015
0.001347039843635
0.000644920442572
-0.000142351290985
-0.000960635108705
-0.001512588430884
-0.001642317143490
-0.001480088124141
-0.001200937614249
-0.000717229950219
0.000200822549115
0.001489159969510
0.002701320649515
0.003468185308145
0.003864438757997
0.004174937736384
0.004482919221458
0.004595353065279
0.004284614206011
0.003593282125048
0.002801778941473
0.002038704599260
0.001137858820023
-0.000035324166790
-0.001302824394782
-0.002300290295707
-0.002786905369792
-0.002831375793767
-0.002744954516184
-0.002766723157371
-0.002860655965624
-0.002930884904075
-0.003051868313680
-0.003308886038074
-0.003585780723736
-0.003655140820817
-0.003418351881404
-0.003026826858021
-0.002744784746474
-0.002626768254779
-0.002412798004825
-0.001921951864652
-0.001396623000063
-0.001201051987782
-0.001386996154005
-0.001729213668783
-0.001988881949001
-0.002135451076098
-0.002388742941547
-0.002905426820759
-0.003459875660474
-0.003646934868984
-0.003346665605628
-0.002761203369264
-0.002067108432654
-0.001261904300177
-0.000299140807692
0.000725050697251
0.001533974343883
0.001956573373645
0.002230234718988
0.002757719132231
0.003556257915757
0.004191690658948
0.004285591172463
0.003891482539697
0.003322318057511
0.002760184231361
0.002109008971970
0.001202793167245
0.000100209112736
-0.000920670017080
-0.001642084847790
-0.002091087660566
-0.002396195064304
-0.002530148655992
-0.002341001626120
-0.001786193478736
-0.001036054673208
-0.000343687433096
0.000214990319881
0.000787026232449
0.001462554661276
0.002069349028163
0.002346248487152
0.002289777751590
0.002177070122964
0.002203140938341
0.002259322476542
0.002103086411630
0.001653275225639
0.001089412370741
0.000624516283286
0.000256948782158
-0.000073847530592
-0.000202787332890
0.000095565271509
0.000721088109146
0.001260768967317
0.001377606632659
0.001160151001094
0.001100854841976
0.001592938524125
0.002421550301018
0.002950110241541
0.002812062647523
0.002214524313775
0.001608355239143
0.001227831025731
0.000954775048238
0.000585176398828
0.000088251542673
-0.000484393230706
-0.001151203439381
-0.001937050101096
-0.002743227711975
-0.003366496611209
-0.003727765498093
-0.004039287556432
-0.004572644519093
-0.005228028350811
-0.005495279796229
-0.004962684174324
-0.003775334058983
-0.002517686217165
-0.001687699301713
-0.001285726074246
-0.000907729658721
-0.000211912887930
0.000747685270643
0.001662565951986
0.002386980220993
0.003011050218257
0.003520692157351
0.003707212437979
0.003499967225075
0.003151724796047
0.002970231222318
0.002957160374489
0.002802340332062
0.002243585434277
0.001377284443054
0.000530025566409
-0.000129063896243
-0.000728449020549
-0.001416520978237
-0.002044982436599
-0.002301133013853
-0.002092953113431
-0.001653017555847
-0.001316067775461
-0.001179131034254
-0.000971821478526
-0.000391099224875
0.000500827922765
0.001356196643621
0.001914594982054
0.002151957231500
0.002149696821685
0.001948110957263
0.001553597060611
0.001109435354584
0.000940867035257
0.001221283930967
0.001676070586908
0.001869483254304
0.001725579402893
0.001553423855761
0.001622274944734
0.001857725412259
0.001933067890453
0.001611582583150
0.000983262913360
0.000349549548502
-0.000088847953289
-0.000357233780759
-0.000557412017887
-0.000756141208581
-0.001034546816648
-0.001507240476110
-0.002250358712417
-0.003171183574647
-0.003948912424232
-0.004268288087632
-0.004168246892686
-0.003993010478186
-0.003900507191385
-0.003619910002394
-0.002836120820716
-0.001602111349209
-0.000285603776865
0.000761706910899
0.001489508701872
0.002080595483773
0.002548967865652
0.002615235542857
0.002126029268734
0.001323372197933
0.000533738533810
-0.000143214746978
-0.000800591081628
-0.001542369632286
-0.002225149309549
-0.002470411384155
-0.002128659494976
-0.001526898074338
-0.001118863572195
-0.001077173945580
-0.001316763952169
-0.001714421594562
-0.002186617251959
-0.002705138830175
-0.003230894103435
-0.003591276490601
-0.003657241360684
-0.003613341318049
-0.003768806511032
-0.004170344756226
-0.004575909066369
-0.004753730972454
-0.004714663202942
-0.004602944562935
-0.004366649436217
-0.003708434234678
-0.002513874698984
-0.001119234467169
0.000031420036540
0.000814648386169
0.001457296155774
0.002269447419670
0.003351897823054
0.004513782081803
0.005451303195726
0.005988571803373
0.006122485728153
0.005871479421781
0.005235946391965
0.004382037750417
0.003690005652120
0.003454582774568
0.003581593726085
0.003683243937150
0.003491068621788
0.003111328690658
0.002831220252554
0.002690311786873
0.002351846465436
0.001537013732383
0.000450141423928
-0.000428845503525
-0.000815863789016
-0.000769901523303
-0.000532897353376
-0.000290877123797
-0.000081540945658
0.000061941345010
0.000009093892974
-0.000310616051563
-0.000769000316809
-0.001180408597843
-0.001497090632245
-0.001831440926637
-0.002304058563135
-0.002801226343216
-0.003016194083153
-0.002874043434391
-0.002688747289696
-0.002762499989667
-0.003027708287295
-0.003171522376276
-0.002971309003078
-0.002457366632867
-0.001842756716121
-0.001286444068029
-0.000730410405746
-0.000093311779131
0.000485403631911
0.000799301571730
0.000895052694042
0.001078121986483
0.001572456257158
0.002247445533669
0.002741807311318
0.002860438024586
0.002790139396446
0.002813552492310
0.002900966483574
0.002799953886546
0.002436133274883
0.002021982179977
0.001821575560007
0.001892365745616
0.002046454888470
0.002083894609877
0.002007025008060
0.001911121542029
0.001753248491786
0.001397998155905
0.000900574900944
0.000572618038775
0.000655539210745
0.001015146612468
0.001241220546401
0.001060398064089
0.000645074657394
0.000409842188460
0.000479782599576
0.000548007447982
0.000290709527818
-0.000280590142546
-0.000897015338180
-0.001321591638799
-0.001552429980833
-0.001700284244084
-0.001683739005029
-0.001310654778880
-0.000647908462153
0.000004582411537
0.000475375364466
0.000852197615039
0.001267568215635
0.001652424935874
0.001759430418169
0.001431286510005
0.000811682963608
0.000187246327493
-0.000384893753189
-0.001117926860597
-0.002191488937389
-0.003482356607585
-0.004567453067782
-0.005110862966265
-0.005209682052483
-0.005233549422173
-0.005419993301145
-0.005650591695293
-0.005615125481054
-0.005200088140464
-0.004533072891370
-0.003659053894510
-0.002503573082542
-0.001161215715738
0.000083974898245
0.001030266098776
0.001731628003818
0.002470124936088
0.003476413893493
0.004565014637120
0.005266706138625
0.005395809209002
0.005221045969935
0.005073520876416
0.005005163712484
0.004814567867066
0.004302360644080
0.003488577613564
0.002547774376769
0.001559666997410
0.000500354346594
-0.000488617824125
-0.001069785731068
-0.001040056427292
-0.000560505667661
-0.000044228609902
0.000210675999257
0.000317752070646
0.000595058815313
0.001082036708249
0.001480748613637
0.001551251828789
0.001359577207394
0.001098537731429
0.000815493428450
0.000404726053331
-0.000173276993236
-0.000712133491765
-0.000903303527275
-0.000707226906120
-0.000453028636646
-0.000485406093330
-0.000785485661600
-0.001024602804585
-0.000912978374323
-0.000426257385688
0.000280059205086
0.001121995838208
0.002068559749873
0.002925443228850
0.003385849729461
0.003300161674125
0.002903909342783
0.002662717009108
0.002740298823611
0.002838117168952
0.002566598764704
0.001800356103439
0.000768270684895
-0.000186761096021
-0.000950271953003
-0.001622908826362
-0.002197504366882
-0.002457978567511
-0.002286254336345
-0.001848444159919
-0.001358084056811
-0.000862328190103
-0.000291892153662
0.000386893560481
0.000977832681373
0.001102018773095
0.000662669380346
0.000056417237472
-0.000310371590161
-0.000475772302369
-0.000763525196263
-0.001388418443552
-0.002247261789534
-0.003033375693013
-0.003632103178493
-0.004270066801065
-0.005120503420468
-0.005979962269198
-0.006448649276811
-0.006271304172722
-0.005516943967946
-0.004485205349813
-0.003400548095965
-0.002279840009631
-0.001153451327314
-0.000218511542716
0.000427019915799
0.001007420896012
0.001797570328163
0.002797192334370
0.003727039439291
0.004225396690216
0.004136422668281
0.003614613382995
0.002873162634542
0.001939531794084
0.000786592363125
-0.000391968284904
-0.001267083515233
-0.001714115078909
-0.001936174806706
-0.002250431418679
-0.002714228743497
-0.003051430551894
-0.003061923574630
-0.002895047962276
-0.002768029599543
-0.002622969248060
-0.002244127367605
-0.001590954368709
-0.000885910121403
-0.000428467643068
-0.000328826305614
-0.000390099803434
-0.000332242262749
-0.000128616862718
0.000065973278531
0.000282859077781
0.000754563976467
0.001575613396561
0.002504469174340
0.003105752015278
0.003165981990856
0.002949248739734
0.002842525081675
0.002833310406432
0.002584932047395
0.001928360660160
0.001065941463793
0.000343262497516
-0.000112026709379
-0.000516920820276
-0.001106221784912
-0.001794998119205
-0.002388210156774
-0.002907891696997
-0.003434184200345
-0.003841213096590
-0.003895046085890
-0.003523714047178
-0.002941114061824
-0.002445170179160
-0.002083128936004
-0.001648280592764
-0.000980658324425
-0.000162958101796
0.000549264705489
0.001006620994716
0.001388932629718
0.002015856231954
0.002933365653954
0.003834324786610
0.004363273360535
0.004408945690634
0.004142110731140
0.003817260065778
0.003526626182055
0.003196258922300
0.002852623067072
0.002673338112789
0.002640078454643
0.002410976277338
0.001703075523874
0.000677749629796
-0.000199832302142
-0.000730653648396
-0.001220295165866
-0.002006436316486
-0.002940918493044
-0.003529074276862
-0.003461218591535
-0.002840132554306
-0.001991545113857
-0.001178459895874
-0.000434894068557
0.000360695076269
0.001221462588964
0.001963921179104
0.002454618285996
0.002745154715117
0.002876364131007
0.002769098112760
0.002373987341440
0.001804792951180
0.001319040237070
0.001140316187378
0.001196205245734
0.001143210456043
0.000799549513164
0.000414340610180
0.000360675899647
0.000666041880910
0.000987731866356
0.001007318006078
0.000728346401350
0.000355659754259
-0.000081437864834
-0.000815681172939
-0.001925778291536
-0.003085711557751
-0.003896760769714
-0.004264254832640
-0.004379999242723
-0.004452100605018
-0.004496703676379
-0.004379147019546
-0.004058075831858
-0.003737365486824
-0.003592961864399
-0.003409981822741
-0.002815026551652
-0.001807339956958
-0.000769026806847
-0.000020547041042
0.000457041373089
0.000931290671056
0.001590705753034
0.002284779339577
0.002754397204825
0.003058719164694
0.003455095904062
0.003974391106472
0.004387890340163
0.004495249174524
0.004350764824490
0.004240053034294
0.004374737288026
0.004614683630593
0.004645290413462
0.004383344631726
0.003976377669037
0.003509557617453
0.002925910886557
0.002122237022687
0.001083273831260
-0.000008985237371
-0.000911737657452
-0.001595622769607
-0.002222072251900
-0.002857300797396
-0.003378637924135
-0.003639422740859
-0.003632729798199
-0.003488295420948
-0.003268373424426
-0.002843157586923
-0.002097353391833
-0.001178335133009
-0.000391219003216
0.000145892063801
0.000600452626462
0.001135665314700
0.001633707390640
0.001779032526655
0.001397364514230
0.000668652547730
-0.000043431004339
-0.000582376111143
-0.001115830436442
-0.001786017451461
-0.002407567123617
-0.002691758173219
-0.002629272700283
-0.002468416912124
-0.002398439781444
-0.002338761719806
-0.002052439762368
-0.001493853360424
-0.000889368236295
-0.000354559591192
0.000306108959549
0.001271250504603
0.002431080014073
0.003488782770724
0.004167092819675
0.004419190900024
0.004487414583602
0.004592060247856
0.004641119488649
0.004420191741176
0.003931837465353
0.003381780891356
0.002927107362636
0.002517367970373
0.001944107234913
0.001082823065690
0.000049944706597
-0.000997235315157
-0.002110704927919
-0.003408519988581
-0.004749289102632
-0.005740500949386
-0.006088286382023
-0.005884115991963
-0.005521966731862
-0.005299433929814
-0.005155015594036
-0.004873610859531
-0.004460782109640
-0.004122279284937
-0.003867297127436
-0.003390865980937
-0.002443069575885
-0.001148434321008
0.000080044574678
0.000909165777425
0.001359808032475
0.001659093399791
0.001862718105850
0.001790323345290
0.001395021018002
0.000961163377679
0.000755301861912
0.000701230016502
0.000545754250615
0.000210940098465
-0.000088911418029
-0.000070033543157
0.000303669180115
0.000809120257510
0.001302397161534
0.001885004359609
0.002657591973760
0.003544007740071
0.004359731638596
0.004885486047255
0.005017220451406
0.004900803247135
0.004694786676171
0.004285097500021
0.003512541213015
0.002488759617614
0.001430891244762
0.000386342962983
-0.000734892207304
-0.001963920076876
-0.003137777786357
-0.003982330696009
-0.004401524257551
-0.004595890568652
-0.004770196126080
-0.004828544453115
-0.004472470590064
-0.003529774252336
-0.002150952488403
-0.000667706944747
0.000750871972804
0.002154285815873
0.003513388815019
0.004586949716042
0.005130949467662
0.005127137633878
0.004777970025940
0.004282059484483
0.003625694318481
0.002675035704096
0.001493562386594
0.000449922146469
-0.000079410150801
-0.000100529949807
0.000009142270976
-0.000041567414947
-0.000194649927938
-0.000300736266611
-0.000382272924857
-0.000552228818737
-0.000793395078273
-0.000904716454280
-0.000762831867050
-0.000577162574709
-0.000717026090115
-0.001272128034758
-0.001884130275578
-0.002122239004157
-0.001910886670645
-0.001466004196167
-0.000990515059332
-0.000500743248372
0.000098538264215
0.000778085199804
0.001312377593593
0.001493209400355
0.001374257254633
0.001184250857836
0.001037613613904
0.000909986468980
0.000793363778946
0.000730410992694
0.000737995311422
0.000678262246538
0.000242909935147
-0.000740158678111
-0.001992357685032
-0.003011163536268
-0.003592121549750
-0.003924510158313
-0.004227280364290
-0.004460128699788
-0.004384688026717
-0.003876771228461
-0.003169773047425
-0.002632809119031
-0.002312664689337
-0.001952592944603
-0.001408528607002
-0.000788551186489
-0.000240189865914
0.000222708939110
0.000689046660963
0.001164901830447
0.001411601621524
0.001143575724189
0.000459903286852
-0.000190431600469
-0.000541226336170
-0.000757840821189
-0.001131682407999
-0.001671097596063
-0.002028054340213
-0.001828236595448
-0.001079358043163
-0.000209081685186
0.000376438199227
0.000664549828313
0.000844208786915
0.000957198528114
0.000895974326301
0.000619119308236
0.000259752881764
-0.000044729082348
-0.000396023687486
-0.001037667279974
-0.001995452455945
-0.003006442178686
-0.003860472568644
-0.004635020092093
-0.005481005159957
-0.006271669928304
-0.006606317810728
-0.006190237444298
-0.005163941556353
-0.003967367156820
-0.002859237661697
-0.001721606062631
-0.000343263869386
0.001286996130414
0.002980187153214
0.004528410904052
0.005863362840333
0.007038973336227
0.008013751201345
0.008508813684589
0.008248340096387
0.007321353447241
0.006161338547832
0.005201769538270
0.004640229140174
0.004475257496532
0.004632586995978
0.004980269087664
0.005273385627100
0.005190422997257
0.004556223736611
0.003586661559909
0.002713971158457
0.002088142720326
0.001470116596746
0.000628978698685
-0.000377513626961
-0.001344400328008
-0.002181768412381
-0.002999250910240
-0.003957872667175
-0.004985163748365
-0.005733980901197
-0.005958422921302
-0.005755989941730
-0.005305606544110
-0.004594137663609
-0.003533752107210
-0.002211820015954
-0.000956954979030
-0.000103185934058
0.000367434032809
0.000813696961888
0.001520066588169
0.002406618465653
0.003158812302453
0.003593318109489
0.003838634790617
0.004099590320583
0.004302597616061
0.004146140102123
0.003555276757574
0.002878635910842
0.002520298989528
0.002512824757323
0.002529092939936
0.002268212838918
0.001755870104023
0.001235496845478
0.000843933762479
0.000487110459841
0.000054045832000
-0.000365844491597
-0.000592166353561
-0.000583768665765
-0.000500179367928
-0.000557429330298
-0.000791455145846
-0.001067443678179
-0.001377993847039
-0.001933169855531
-0.002849290183716
-0.003876896995589
-0.004564816749531
-0.004681099705483
-0.004413283399605
-0.004123016979996
-0.003953766219272
-0.003787588612612
-0.003516508362572
-0.003218513249597
-0.003052810421348
-0.002989533707747
-0.002777372800678
-0.002307178968944
-0.001854428134263
-0.001833974643419
-0.002380923560099
-0.003213071634932
-0.003921340651593
-0.004352821534483
-0.004612645742028
-0.004777157647504
-0.004771961462319
-0.004546395643681
-0.004227620623837
-0.003972408368276
-0.003746469561625
-0.003347677648875
-0.002630380694991
-0.001709697916293
-0.000878639259306
-0.000254562604542
0.000374596549700
0.001263408712449
0.002355715823074
0.003295935095675
0.003794347994847
0.003901931727149
0.003882721735546
0.003926340155896
0.004038809978247
0.004176959912581
0.004380934638676
0.004628141965356
0.004673165680101
0.004220238025107
0.003206781856123
0.001883572392821
0.000628784578640
-0.000392163962864
-0.001356182237966
-0.002447225906273
-0.003467201903002
-0.003978270081846
-0.003798158443842
-0.003188788279094
-0.002545779015743
-0.002014285025445
-0.001458857366271
-0.000725144557937
0.000142912604507
0.000985277587888
0.001822198952816
0.002822541937166
0.003865975742042
0.004460619841925
0.004249638575484
0.003427255054794
0.002545549271348
0.001951413350368
0.001507361570507
0.000850593542046
-0.000115718767370
-0.001028556915697
-0.001479166405317
-0.001528678599756
-0.001575160968052
-0.001766084519011
-0.001822788544787
-0.001489160864756
-0.000908996645277
-0.000442526942167
-0.000223355818637
-0.000038082079599
0.000343459499868
0.000850643227808
0.001219014527764
0.001335719550242
0.001334927946393
0.001384763781050
0.001468536640036
0.001352406130300
0.000849527431692
0.000134697354065
-0.000404207305258
-0.000617781263220
-0.000672946984739
-0.000734420251833
-0.000794194436503
-0.000734036034622
-0.000459543408865
-0.000039068906107
0.000451718383827
0.001150647634371
0.002142516182209
0.003168952937195
0.003826196024628
0.003888140723143
0.003478569347322
0.002992479966126
0.002659650446229
0.002239213438308
0.001386472871647
0.000208589943502
-0.000785155543334
-0.001197693460785
-0.001073281703723
-0.000793377185981
-0.000701477966211
-0.000841195861407
-0.001091380210367
-0.001405440304158
-0.001729388865611
-0.001860407531011
-0.001651777384233
-0.001242918475421
-0.000904352902129
-0.000735332550631
-0.000574783406109
-0.000147364130334
0.000611123319380
0.001303992960540
0.001396993072040
0.000843520402134
0.000121452427899
-0.000294963436927
-0.000317100173075
-0.000222723010134
-0.000371643466396
-0.000878231196714
-0.001569027101907
-0.002289482829932
-0.003032144476737
-0.003678837451341
-0.003972675720077
-0.003849382641953
-0.003539858042380
-0.003309860771389
-0.003151720285123
-0.002748897484065
-0.001844772893569
-0.000605606122663
0.000532342310676
0.001340297081268
0.001945357789002
0.002491239710049
0.002876855073200
0.002892090346363
0.002443054840275
0.001649633132704
0.000746378293247
-0.000164700113603
-0.001118011672766
-0.002009851567628
-0.002535228673680
-0.002489589959726
-0.002040375931460
-0.001585360475638
-0.001326932916344
-0.001039028907708
-0.000307164701214
0.000979597902293
0.002432854598889
0.003541540030930
0.004203378183244
0.004731480578878
0.005373415810279
0.006000076686576
0.006240894394528
0.005847011559508
0.004928890933129
0.003804644468042
0.002664014156775
0.001516906278072
0.000399387497500
-0.000619157046588
-0.001643787989373
-0.002922808874733
-0.004518411662459
-0.006111634591043
-0.007193292028224
-0.007459688434500
-0.007043893139713
-0.006350980238160
-0.005664820860076
-0.004953700888418
-0.004038859598370
-0.002884951570257
-0.001666325777191
-0.000543119633606
0.000501497608310
0.001514801892751
0.002351566785157
0.002764281511265
0.002788187928303
0.002812463876562
0.003093255538680
0.003439125599899
0.003508830496986
0.003206748545097
0.002753515319390
0.002465779975023
0.002426467339405
0.002409972332107
0.002184521835201
0.001757804113558
0.001270452270621
0.000810188517437
0.000412882514678
0.000142419737613
0.000094061117058
0.000285361341397
0.000503472867948
0.000374958239873
-0.000241423967260
-0.001021836501312
-0.001511258486489
-0.001632440409528
-0.001733028652289
-0.002122845584576
-0.002657590313388
-0.002850320041222
-0.002374444888436
-0.001410771379434
-0.000438653221438
0.000298508729122
0.000935019550842
0.001565201245746
0.001997329942040
0.002024701260952
0.001631674181147
0.000887943440410
-0.000129278780424
-0.001370160123094
-0.002803115903842
-0.004216889240431
-0.005218431867232
-0.005616888380249
-0.005595785843130
-0.005435582035240
-0.005218967939592
-0.004797447816627
-0.003986028210014
-0.002823977930863
-0.001602751861325
-0.000538621742348
0.000458021951050
0.001549862529587
0.002675398770926
0.003610755998802
0.004228623320297
0.004578993194333
0.004683396796394
0.004382616111782
0.003526145804655
0.002253158038019
0.000971838115088
-0.000009220454735
-0.000757215570087
-0.001483617682329
-0.002169601421416
-0.002565680912633
-0.002458217691120
-0.001905809138206
-0.001216842949944
-0.000628447352080
-0.000104962631985
0.000461024527622
0.001019483340374
0.001413798025259
0.001521350687598
0.001333930806294
0.000965846162278
0.000477830963461
-0.000284317719408
-0.001423142000244
-0.002658621337441
-0.003553131166758
-0.003966175438983
-0.004112480536195
-0.004231872766898
-0.004304771192020
-0.004117918936580
-0.003582461986891
-0.002915807937846
-0.002419648103840
-0.002132556254964
-0.001838568635076
-0.001376812047210
-0.000822619485282
-0.000343693311067
0.000050569126264
0.000504878257169
0.001069242796087
0.001564176043918
0.001769329246913
0.001740320664300
0.001789239008161
0.002077907684311
0.002443970324792
0.002728742330927
0.003021795226519
0.003479736000785
0.004109680105512
0.004727498665582
0.005036600265753
0.004932636288734
0.004700464143266
0.004637390766590
0.004654795016883
0.004512920082357
0.004184570704329
0.003809528321887
0.003507134177303
0.003214205913520
0.002659235978188
0.001739574827634
0.000784069262138
0.000112971220355
-0.000395659575594
-0.001010958619801
-0.001733882229993
-0.002358870541780
-0.002685394059484
-0.002684095426495
-0.002590575108113
-0.002645923392623
-0.002779491660905
-0.002785439035699
-0.002676609101974
-0.002652216008424
-0.002792667429468
-0.002924026718171
-0.002811018156254
-0.002460961461467
-0.002156653028214
-0.002069827564514
-0.001971555200910
-0.001544340464281
-0.000820318101269
-0.000144153114954
0.000198028998734
0.000269816517553
0.000353770413852
0.000511906618012
0.000465478631326
-0.000011997994182
-0.000776261860160
-0.001497475843687
-0.002021753300487
-0.002453071135330
-0.002937706555210
-0.003421823359370
-0.003658979285093
-0.003455387036025
-0.002885783447730
-0.002222646721477
-0.001563969692951
-0.000681851099784
0.000581795392383
0.002033784751274
0.003403558790411
0.004626394688359
0.005772306831729
0.006849165853584
0.007672202555941
0.007972328329146
0.007756303143794
0.007361021026819
0.006998285784250
0.006501996024540
0.005633513930624
0.004444253744327
0.003265012087372
0.002425248841425
0.001960522589121
0.001537508699659
0.000835053525675
0.000004237108035
-0.000513302568748
-0.000521738659888
-0.000176500885398
0.000301806947776
0.000798430390283
0.001225524388824
0.001403796349352
0.001111038861391
0.000349964423473
-0.000473285795459
-0.000871314013207
-0.000799529968035
-0.000669111865744
-0.000854539978482
-0.001335045849216
-0.001836147220289
-0.002229240321005
-0.002663398266659
-0.003256082183242
-0.003760596315243
-0.003719538358282
-0.002951679789816
-0.001712944627667
-0.000391853035001
0.000837143370205
0.002019189057556
0.003087462884813
0.003761887127283
0.003908609358769
0.003747337612201
0.003590263440044
0.003512656183753
0.003340120794768
0.002882954960141
0.002127784399393
0.001272274115192
0.000523300687176
-0.000185710968367
-0.001032432660084
-0.001872178279028
-0.002312766452191
-0.002182539924549
-0.001689795826704
-0.001162366198463
-0.000702442285506
-0.000137981134792
0.000676047328647
0.001626739259856
0.002460802148398
0.003103922970903
0.003760806466042
0.004580802285708
0.005369581003467
0.005785836974299
0.005718171454248
0.005357382110324
0.004905312763087
0.004318790379925
0.003457440808145
0.002417007696213
0.001574689712591
0.001286147774814
0.001563045941773
0.002096467316322
0.002618688492540
0.003125014098920
0.003707381369189
0.004313477912264
0.004738944108818
0.004838826721359
0.004703558907858
0.004507744894816
0.004209066131393
0.003597756037615
0.002604005674817
0.001393973258711
0.000229582824605
-0.000727316889734
-0.001509190078334
-0.002143076685158
-0.002406466033233
-0.002001016135165
-0.000905930872939
0.000584734975307
0.002094686141123
0.003417745177242
0.004566395212257
0.005527797072812
0.006086463258706
0.006037923830411
0.005497496227110
0.004824293287075
0.004214738064182
0.003495075658320
0.002386990604947
0.000892811534306
-0.000697804770391
-0.002133184167070
-0.003396235858076
-0.004596820297828
-0.005729281089824
-0.006560076578936
-0.006840045432680
-0.006591573037520
-0.006024862253976
-0.005243768446132
-0.004232704000659
-0.003029736194184
-0.001807134331400
-0.000853592921508
-0.000319086587965
0.000021388192016
0.000445853234018
0.000863200500153
0.001009571076923
0.000857385117398
0.000608053788759
0.000451227584393
0.000372409776775
0.000113546688068
-0.000506836460016
-0.001272151851875
-0.001823515531083
-0.002104929824235
-0.002327721813548
-0.002632277754421
-0.002964624057082
-0.003203978741854
-0.003327525855093
-0.003469010653618
-0.003731600237729
-0.003979905617032
-0.003981500437825
-0.003677124350380
-0.003184523231365
-0.002557728013376
-0.001668673734083
-0.000442207880116
0.000897815645584
0.001938591748507
0.002434409148290
0.002542053006553
0.002621267093831
0.002776506761331
0.002721522892647
0.002171283563950
0.001233857793421
0.000298715524660
-0.000341476423468
-0.000704691278389
-0.001011123369870
-0.001364064300813
-0.001666923927308
-0.001900603781661
-0.002254061795401
-0.002847167591368
-0.003466131541754
-0.003759425667671
-0.003664096248503
-0.003483325296225
-0.003516096017034
-0.003662207771261
-0.003486614118454
-0.002754845259162
-0.001767216769697
-0.001026346618580
-0.000723332882562
-0.000690525952428
-0.000688249377255
-0.000594490182730
-0.000435859041279
-0.000273578859284
-0.000067836182431
0.000223409848614
0.000478342311678
0.000519101924012
0.000381597937348
0.000342629506025
0.000592243903760
0.000907442050028
0.000779575341578
-0.000033093713834
-0.001246862159697
-0.002467097736985
-0.003618313792678
-0.004869294395423
-0.006272669170727
-0.007507595223980
-0.008101326931932
-0.007961476051409
-0.007450148698310
-0.006889555399048
-0.006210192797755
-0.005157497257574
-0.003710159226306
-0.002160249908553
-0.000809988103647
0.000292790635693
0.001231421241417
0.001945349482854
0.002276142581584
0.002202670638386
0.001895471589283
0.001565186046969
0.001205408599733
0.000529182564362
-0.000657242109582
-0.002127369408709
-0.003439063453145
-0.004365280125399
-0.005104440850248
-0.006049444435160
-0.007235402313169
-0.008150315160885
-0.008283326317198
-0.007675889492805
-0.006724907729627
-0.005697237254532
-0.004628838767522
-0.003454743436040
-0.002135659260727
-0.000735817058421
0.000700247083387
0.002241963956842
0.003814790884490
0.005062127669823
0.005724509599625
0.005953210278550
0.006079702202796
0.006214749073479
0.006175938382850
0.005733281777470
0.004881070278145
0.003921820929709
0.003217380559882
0.002784855513800
0.002313115400253
0.001618561431596
0.000805357836931
0.000001710734454
-0.000797316321121
-0.001691816338674
-0.002745040576660
-0.003802842031752
-0.004597875752026
-0.005123383398530
-0.005632683109172
-0.006188851494810
-0.006492870944146
-0.006199560919241
-0.005249299629271
-0.003915596060548
-0.002552298486272
-0.001290080754467
-0.000055927940466
0.001153639741523
0.002176091120728
0.002887874619949
0.003357126175733
0.003705918474440
0.003897120026973
0.003729738084439
0.003146236781759
0.002514662216888
0.002360270080731
0.002817052433581
0.003518977669754
0.004007462167805
0.004168808514362
0.004260088061489
0.004533062402413
0.004949634540276
0.005301216735156
0.005449809110887
0.005423580215949
0.005346402703702
0.005229470663681
0.004936341951142
0.004423881212721
0.003773765054806
0.002948498051783
0.001747088643200
0.000042414018349
-0.001954502342543
-0.003733349463071
-0.004956749430027
-0.005758832779977
-0.006408322613439
-0.006864419166039
-0.006787166139892
-0.005930949744376
-0.004480581363518
-0.002941243549584
-0.001666196759998
-0.000552270664067
0.000690452202072
0.002059777697325
0.003248677152849
0.004008177559293
0.004316282177577
0.004266070507269
0.003955343958628
0.003449098591297
0.002835183248276
0.002317606218867
0.002042391892868
0.001834907045718
0.001358342249080
0.000503044961884
-0.000515135501176
-0.001373231044952
-0.001909129408009
-0.002279412349726
-0.002811501056548
-0.003561684908242
-0.004194587907472
-0.004423157765316
-0.004297018285555
-0.003999813721198
-0.003623979750664
-0.003172279743314
-0.002661602372719
-0.002195162362756
-0.001858586461576
-0.001529217625326
-0.000963628892258
-0.000173147425796
0.000485818694218
0.000750355061873
0.000789270732237
0.000986531056407
0.001488326903829
0.001970095573873
0.001930639888624
0.001284681821586
0.000453490580308
-0.000152129917965
-0.000502095162690
-0.000796876016411
-0.001122105852501
-0.001360096980487
-0.001373642306157
-0.001135606331150
-0.000671310052121
0.000056894110271
0.001120587259769
0.002464385106724
0.003840261809413
0.004938107429236
0.005673262334461
0.006324229754124
0.007198660672859
0.008200939799375
0.008884481560742
0.008889668965848
0.008233529751784
0.007183613542997
0.005926406346997
0.004464461662867
0.002854147754361
0.001315509322607
0.000004967118865
-0.001111848250408
-0.002137698126003
-0.003088573596174
-0.003787163045759
-0.003981694079976
-0.003697033379648
-0.003284944769857
-0.002976531960937
-0.002614006877236
-0.001959925237324
-0.001041029518345
-0.000131192114013
0.000484768110417
0.000788100727673
0.001036779288436
0.001449287816482
0.002003067886514
0.002562245946062
0.003075636187819
0.003571746944284
0.004015619921344
0.004248293740197
0.004108945734824
0.003627784438019
0.002978780956749
0.002191436423135
0.001052934077359
-0.000596053163326
-0.002534936819039
-0.004299008919740
-0.005625004268917
-0.006618668852445
-0.007501823606330
-0.008253889204766
-0.008567328066692
-0.008204228660033
-0.007264223105732
-0.006028203240320
-0.004666455373760
-0.003186504878110
-0.001578540870615
0.000045407442635
0.001447922462545
0.002527641895602
0.003484870258637
0.004459726146533
0.005201212360721
0.005361723349142
0.004924984953443
0.004185804913924
0.003486474163485
0.002983946926613
0.002558775931413
0.002069073610932
0.001649445175304
0.001542812413549
0.001751042914842
0.002039062373230
0.002194900598763
0.002206838120770
0.002190137909184
0.002137994571004
0.001883292104129
0.001367223020479
0.000765943851180
0.000304288516783
0.000031642301196
-0.000215729043438
-0.000555768583585
-0.000773923519132
-0.000515897621843
0.000253884193649
0.001198340239393
0.001996217245030
0.002673309365859
0.003525597778326
0.004734919617901
0.006147348838858
0.007508531665609
0.008770790786464
0.010000589242821
0.011146471724025
0.012042006036775
0.012542937574529
0.012668994155146
0.012595605579573
0.012361704527051
0.011676914930956
0.010239869803849
0.008167922702952
0.005897613373833
0.003708012822816
0.001466664581289
-0.001175361999637
-0.004311677445899
-0.007500924717485
-0.010111756404685
-0.011917446280950
-0.013144463444248
-0.014000743787762
-0.014408830757153
-0.014220258469809
-0.013510809250334
-0.012592358820927
-0.011710617009422
-0.010751589490707
-0.009459014169807
-0.007949605526086
-0.006673081157228
-0.005813059742328
-0.005093809336440
-0.004227648517147
-0.003221903918847
-0.002264971699143
-0.001519331332035
-0.000948020605567
-0.000336510223308
0.000405050283749
0.001107017986468
0.001638144822726
0.002119209035352
0.002694414535489
0.003327916201559
0.003900772182077
0.004316696763154
0.004589114452068
0.004854642783230
0.005105764543707
0.005081751124516
0.004656955336803
0.004105019200889
0.003762657001836
0.003574014409366
0.003111781217987
0.002001881089618
0.000308689804156
-0.001473889541918
-0.002878300420313
-0.003869785600401
-0.004654456080492
-0.005230766995537
-0.005402079960621
-0.005141163506609
-0.004691263606282
-0.004263254857452
-0.003739605215640
-0.002776511070138
-0.001198808208330
0.000796279088789
0.002894241079460
0.004998311932741
0.007157011171239
0.009315464538107
0.011288342890011
0.012863274473963
0.013953433941007
0.014698845422534
0.015207002142397
0.015206280739397
0.014280395047420
0.012411307064049
0.009989409733085
0.007372740070259
0.004639692148424
0.001682429262953
-0.001490938528244
-0.004544269069725
-0.007100487594850
-0.009166215343744
-0.010960035210942
-0.012460030056125
-0.013397344638663
-0.013582924221150
-0.013159659479169
-0.012570389964518
-0.012151186482745
-0.011776950339028
-0.011109247786028
-0.010098007822294
-0.009018137050071
-0.008118882505384
-0.007392497467514
-0.006610872840691
-0.005580243323771
-0.004379118797009
-0.003205953397802
-0.002073135811252
-0.000844099361698
0.000537777463526
0.001946403360543
0.003204946439659
0.004347676262723
0.005567299240354
0.006857765057642
0.007932926266447
0.008509493812334
0.008559537920379
0.008284416813926
0.007819908024358
0.007018321067432
0.005665953258514
0.003817315626669
0.001764093332337
-0.000190952983656
-0.001883617533415
-0.003316757112406
-0.004508074353125
-0.005340718677038
-0.005689806128066
-0.005624679306432
-0.005298950219916
-0.004689670391467
-0.003639267342057
-0.002124603796970
-0.000379112602731
0.001208768086365
0.002361991367312
0.003152151858566
0.003849525175430
0.004509818309270
0.004917512919462
0.004971802145659
0.004842596804163
0.004678937851103
0.004411741871060
0.003816267152204
0.002673211117452
0.001022200380459
-0.000816849812457
-0.002617421223646
-0.004404962092061
-0.006114026227240
-0.007405809148226
-0.007985798620063
-0.007897632363173
-0.007442592123376
-0.006836901137617
-0.005921486588329
-0.004339819312343
-0.002054976066368
0.000486949178208
0.002785491542478
0.004723721683740
0.006494755987769
0.008253784666594
0.009916398918002
0.011240747932261
0.012110839543023
0.012639352316299
0.012921633218724
0.012840267841749
0.012218168306882
0.011071063668842
0.009582455787167
0.007858560582916
0.005827481861411
0.003433235679493
0.000884569914755
-0.001414429073083
-0.003236299757792
-0.004717501308623
-0.006081259853826
-0.007279976021894
-0.008062364937743
-0.008306099835222
-0.008161287034431
-0.007930130716487
-0.007754863362625
-0.007400236308370
-0.006530332505683
-0.005158033614438
-0.003621395899404
-0.002175149612635
-0.000777881419303
0.000712357936847
0.002234988207371
0.003484676021313
0.004192532876495
0.004393465894924
0.004296198783924
0.003929740407699
0.003115580982086
0.001782768583222
0.000088811414203
-0.001823673675868
-0.003987450420049
-0.006433487082337
-0.008976873389821
-0.011205910965584
-0.012699772172409
-0.013381364869262
-0.013569673204437
-0.013539174581370
-0.013216322781784
-0.012472601132583
-0.011463173026623
-0.010492502100582
-0.009706786580763
-0.008982663845061
-0.008050243179928
-0.006761153504603
-0.005220264135958
-0.003553027490214
-0.001645197120961
0.000708620748915
0.003501568823182
0.006475352822156
0.009303149255754
0.011810298219167
0.014039552184382
0.016034436551961
0.017615308303014
0.018543744309269
0.018862989873315
0.018799529117171
0.018335785986318
0.017197816584285
0.015264432235358
0.012764068558068
0.010126412432056
0.007686269653174
0.005452271786207
0.003291935605317
0.001323415409395
-0.000162893547629
-0.001106234430118
-0.001751359792084
-0.002400441000454
-0.003139680033490
-0.003739267229678
-0.003959938648986
-0.004003911126271
-0.004409516827249
-0.005446983376327
-0.006877377483235
-0.008329316964188
-0.009692567216210
-0.011105573097582
-0.012638178440529
-0.014057799167145
-0.014997881493885
-0.015338834769060
-0.015266381740615
-0.014923638735018
-0.014232008934513
-0.013100889371639
-0.011605460023160
-0.009987241830767
-0.008475615900349
-0.006975092170488
-0.005178765105289
-0.003107499457088
-0.001180216275442
0.000297995187414
0.001408268191055
0.002371291453364
0.003250147892421
0.003940569794175
0.004406965534593
0.004859175283505
0.005555539870832
0.006507622033439
0.007554102784183
0.008588805422920
0.009610981148251
0.010630691685843
0.011492745447875
0.011866703519661
0.011527975098642
0.010579876142589
0.009346362320699
0.008024396663678
0.006466744755626
0.004397713668335
0.001808174019491
-0.001014973706105
-0.003836304376589
-0.006629934869813
-0.009346921006207
-0.011685699742053
-0.013226653104800
-0.013809431702211
-0.013640933096917
-0.013001436820139
-0.011953564548855
-0.010323388162236
-0.007972501957931
-0.005111464710725
-0.002178359841138
0.000597568296020
0.003292934759064
0.006006095527782
0.008619416448984
0.010808819758924
0.012317130958344
0.013169229145901
0.013507406049502
0.013357148249938
0.012689589524675
0.011638217390231
0.010542739243495
0.009727066792912
0.009239649076235
0.008847954833619
0.008362240668367
0.007893476482044
0.007617601242646
0.007449396876908
0.007156842865926
0.006625080303955
0.005884303190979
0.004971281679337
0.003776545042184
0.002066652830185
-0.000166809415064
-0.002474379649383
-0.004320113515808
-0.005581745452843
-0.006574099881937
-0.007671179331191
-0.008874698812124
-0.009776228545986
-0.010010282622658
-0.009588630388623
-0.008705723345221
-0.007453774836887
-0.005862861859740
-0.004046535645019
-0.002249651109208
-0.000742933908667
0.000465590773537
0.001652277765930
0.002911650680975
0.003901778487917
0.004234204876209
0.003977490475382
0.003628643933703
0.003578864952442
0.003682337843413
0.003438115136507
0.002609904362168
0.001505451861746
0.000592865146378
0.000068115047231
-0.000156142743696
-0.000245348081388
-0.000322251920627
-0.000457827526782
-0.000688087822579
-0.001000015590642
-0.001228353914646
-0.001092869444733
-0.000547930656424
0.000047851124714
0.000295145402484
0.000189160826623
0.000045402492585
0.000038965894748
-0.000038894315882
-0.000584697737144
-0.001797974404929
-0.003450388058500
-0.005076929844400
-0.006429061737389
-0.007606619613619
-0.008720561564998
-0.009651696816060
-0.010218526215107
-0.010409292351671
-0.010352690481339
-0.010091675657500
-0.009456179174852
-0.008270413604384
-0.006683251949020
-0.005096186804285
-0.003711354168093
-0.002337975075879
-0.000700653540148
0.001154170400461
0.002804122244329
0.003848574862781
0.004339827905941
0.004692866169273
0.005181387532005
0.005649622841038
0.005748669335325
0.005379733300576
0.004774753519138
0.004169569531893
0.003595520210272
0.002998431894762
0.002385412412243
0.001834256869825
0.001412857042403
0.001032350818384
0.000519498330404
-0.000044894872474
-0.000361961886324
-0.000351255239746
-0.000255458440225
-0.000316909542327
-0.000474264126224
-0.000336764414449
0.000477770457495
0.001878246664719
0.003331062680866
0.004421452548030
0.005153661440375
0.005707828445277
0.006159745453172
0.006467970240657
0.006594319689724
0.006584095949261
0.006504383081601
0.006291941324761
0.005817352474570
0.005142468233941
0.004511030556842
0.004036004380777
0.003502187625207
0.002567844237109
0.001199949729558
-0.000207120046954
-0.001244270765449
-0.001942970893442
-0.002746821375283
-0.004007312470250
-0.005583441605932
-0.007082446799209
-0.008336352457917
-0.009483566734723
-0.010751072681999
-0.012186324041251
-0.013598880846681
-0.014852457488813
-0.016017225195971
-0.017082167951905
-0.017797790083947
-0.017997016540692
-0.017818480593428
-0.017458433609579
-0.016857420452424
-0.015688248957757
-0.013630588137575
-0.010714967380025
-0.007408099711215
-0.004264627555165
-0.001472718155734
0.001157255612314
0.003821099546654
0.006470166822191
0.008883185664910
0.010952333813861
0.012826113268304
0.014656789349120
0.016345320809371
0.017721011879548
0.018871345705255
0.020066713219625
0.021372593046732
0.022531692390531
0.023238172372566
0.023451591412248
0.023419952422256
0.023323257486537
0.022953932645847
0.021933808683010
0.020203346032031
0.018057201767796
0.015712390356396
0.013081494763838
0.009950514861290
0.006266865391669
0.002294096349177
-0.001576057839615
-0.005161566325837
-0.008469032553100
-0.011392481973513
-0.013651822068629
-0.015035951094593
-0.015584096842247
-0.015506418736770
-0.014955621981694
-0.013906799644992
-0.012327499126709
-0.010436711096898
-0.008646536092436
-0.007194027186178
-0.005942579631844
-0.004651825967241
-0.003347013153053
-0.002274073374673
-0.001596168475269
-0.001283403759029
-0.001208048371902
-0.001269060022711
-0.001487432742344
-0.001921589291493
-0.002448439665584
-0.002854998216481
-0.003158864595987
-0.003510684976821
-0.003814024059069
-0.003739451593202
-0.003052267817020
-0.001800435557945
-0.000289038081696
0.001169101973728
0.002593275708219
0.004295199939110
0.006412223656052
0.008659668931170
0.010630197440767
0.012133716044716
0.013177488329449
0.013771003910368
0.013807207604698
0.013211310472980
0.012197136656270
0.011118941732217
0.010019009693313
0.008514154732578
0.006186407212479
0.003006483055299
-0.000658758579622
-0.004411486678097
-0.008175698042339
-0.012119471510456
-0.016179098155735
-0.019860162864809
-0.022634259830845
-0.024349157851323
-0.025155012486070
-0.025150570745329
-0.024208571322109
-0.022188724493791
-0.019274075680659
-0.015901668240905
-0.012305478114370
-0.008385898542023
-0.004078153450585
0.000399759751302
0.004680486734916
0.008509425620598
0.011858268820712
0.014770108798719
0.017125194664659
0.018628593520558
0.019091868135724
0.018684578634411
0.017755945150169
0.016449865632923
0.014623528910402
0.012073532005151
0.008755576316528
0.004815924891645
0.000445368157266
-0.004276346656210
-0.009263548986575
-0.014162118557701
-0.018482577105769
-0.021988023551837
-0.024728244117651
-0.026777557021545
-0.028078560229142
-0.028494383823887
-0.028013250898067
-0.026879564813452
-0.025335471597749
-0.023283150082467
-0.020476342955130
-0.016950455752449
-0.013059670634869
-0.009194047684997
-0.005516803281534
-0.001943852450724
0.001565538742583
0.004770074368582
0.007358121486901
0.009348654627674
0.011116779613578
0.012993154894531
0.014914230241617
0.016529258071890
0.017616617845033
0.018298986686377
0.018867563455448
0.019464995546384
0.019981735032196
0.020289369765455
0.020379595869620
0.020130524063987
0.019241636414752
0.017595401382226
0.015460763716089
0.013230314215540
0.011096171232832
0.008968557144166
0.006604403882598
0.003971320446698
0.001498249932570
-0.000316912535436
-0.001457104566806
-0.002286595985760
-0.003064640281665
-0.003716090240308
-0.003973527341398
-0.003729333251320
-0.003240276006992
-0.002846167702950
-0.002595064184148
-0.002422334270682
-0.002516060220886
-0.003115505830508
-0.004113473992129
-0.005150198828710
-0.005938899617839
-0.006448758748404
-0.006953462808377
-0.007752149595488
-0.008712894441549
-0.009361824030210
-0.009466631550863
-0.009272579715023
-0.009155568880434
-0.009198915967080
-0.009158726845653
-0.008792012943733
-0.008134144239157
-0.007435954914997
-0.006903648922221
-0.006596529922791
-0.006539601552014
-0.006768686806102
-0.007224872999342
-0.007691062363166
-0.007909613362100
-0.007827377707600
-0.007662160496409
-0.007571784996675
-0.007282965338304
-0.006232027423477
-0.004110836550893
-0.001160562587699
0.002097351952263
0.005339434366187
0.008593222261470
0.011977131930455
0.015395330064100
0.018512221789196
0.021035348551436
0.022943568833352
0.024304244948168
0.025011563218367
0.024884322037065
0.023911153376850
0.022300894569162
0.020272580835638
0.017804798912674
0.014727068497359
0.011093203868741
0.007294121610656
0.003707066958151
0.000340873661211
-0.003061911734935
-0.006598834694129
-0.010003769788741
-0.012880151111149
-0.014989922109350
-0.016339716178772
-0.017047011220943
-0.017073910184736
-0.016269809347512
-0.014726986899805
-0.012803999713294
-0.010734520211327
-0.008401041588844
-0.005559013766273
-0.002241339841790
0.001090898266779
0.003888808026480
0.006013240691609
0.007715565431183
0.009177422522694
0.010304524902696
0.010914024026986
0.010956750856326
0.010534439935749
0.009732910097226
0.008501421569208
0.006760242398963
0.004614960754158
0.002345752776358
0.000110968412259
-0.002208139271006
-0.004746908008901
-0.007365087868007
-0.009720685953034
-0.011537745269670
-0.012789464050635
-0.013667024010950
-0.014291436374909
-0.014528342548480
-0.014252973327563
-0.013667195285902
-0.013155110842248
-0.012879430639555
-0.012644212457427
-0.012144195506144
-0.011270319073818
-0.010137492687413
-0.008820406446717
-0.007199387751437
-0.005188843542597
-0.002928703341188
-0.000619245196301
0.001710364533586
0.004209221871290
0.006944460138118
0.009613751630696
0.011646549296975
0.012723696902571
0.013095942455892
0.013197618266403
0.013062799854499
0.012338066154234
0.010747284202062
0.008384209417699
0.005638739160758
0.002888918990716
0.000268188255495
-0.002207724949081
-0.004398589811892
-0.006078704782549
-0.007112206522161
-0.007485352041743
-0.007290653604450
-0.006712873039762
-0.005922462736823
-0.005057338108995
-0.004319736106278
-0.003841156775161
-0.003474719594004
-0.003000594943650
-0.002470815768250
-0.002124085123980
-0.002029576494236
-0.001937808653621
-0.001458830660049
-0.000413946126836
0.000960785154914
0.002221691971446
0.003131813287224
0.003798362567681
0.004397599816787
0.004862828585275
0.004941995590386
0.004533557752525
0.003796930902031
0.002924310250141
0.001978632189957
0.000952050901577
-0.000090501275010
-0.000930583970904
-0.001363308769968
-0.001505230987203
-0.001747235307406
-0.002257000166148
-0.002714942253356
-0.002702505582927
-0.002229194410347
-0.001755048038537
-0.001701156857544
-0.002039982953638
-0.002471001493766
-0.002863892850238
-0.003295249958157
-0.003744348377197
-0.003998355726627
-0.003834872810109
-0.003221632274418
-0.002354907113123
-0.001378667915183
-0.000085455630882
0.001829177522089
0.004304680580187
0.006998080807397
0.009683600368716
0.012363124046954
0.015101884366709
0.017798454682359
0.020034955756631
0.021311392269187
0.021472308265207
0.020642843716815
0.018840196136301
0.015972495352330
0.012093451469848
0.007423003540151
0.002237950533509
-0.003183985976643
-0.008667858703067
-0.014098293623975
-0.019102254503048
-0.023032731942362
-0.025454918990357
-0.026407279446434
-0.026135231955949
-0.024774307672309
-0.022246663642214
-0.018412854276988
-0.013401938069438
-0.007654096347566
-0.001592303390744
0.004525844907704
0.010441159480754
0.015802356120884
0.020272458925251
0.023652529065094
0.025899327549445
0.026998492538699
0.026845113550231
0.025390168161460
0.022923682198335
0.020024059084800
0.017130698042849
0.014270386012729
0.011245702731299
0.008004574848891
0.004784100200288
0.001910920717702
-0.000546737911170
-0.002859276046456
-0.005241901081368
-0.007499503966772
-0.009256439504074
-0.010399878763000
-0.011134586158564
-0.011731853686549
-0.012323476342881
-0.012854866664127
-0.013211351382633
-0.013374722069455
-0.013300030384993
-0.012735267700914
-0.011485828575727
-0.009740351867623
-0.007908190849502
-0.006267496523377
-0.004789889330252
-0.003205515156888
-0.001328479249620
0.000648569359946
0.002358837468249
0.003745272195318
0.005042916251442
0.006318457604165
0.007316967839060
0.007746901341047
0.007592250322192
0.007116095260923
0.006555124738614
0.005847747492179
0.004777989148412
0.003356259914957
0.001787253597024
0.000108843031081
-0.001857485970185
-0.004213107634298
-0.006730158829237
-0.008937499776702
-0.010509280497320
-0.011544890625645
-0.012408422864694
-0.013251804033034
-0.013818079782809
-0.013832233026230
-0.013390384527769
-0.012777661214450
-0.012036778074648
-0.010898765357552
-0.009074552157449
-0.006539244253356
-0.003591192398796
-0.000565556973572
0.002488241554073
0.005662840945981
0.008835864823178
0.011683797218650
0.014019232525355
0.015936307214483
0.017553463548912
0.018700095503956
0.018960516174628
0.018066627214648
0.016175420085531
0.013668383073826
0.010726685567921
0.007210565728076
0.002952034469924
-0.001961022095672
-0.007205782903332
-0.012443710193235
-0.017524806133652
-0.022394958364722
-0.026779168973306
-0.030221625843213
-0.032530034808557
-0.033911802457685
-0.034580579987318
-0.034472985341915
-0.033430821919854
-0.031453621488978
-0.028700461340974
-0.025349395255899
-0.021444613721068
-0.016855286934098
-0.011501358205494
-0.005607688738109
0.000417442511713
0.006302110115387
0.011983604303709
0.017418274153641
0.022387203812388
0.026527984529786
0.029608082354816
0.031652313172185
0.032695437103806
0.032609047263221
0.031295475558709
0.028854212164145
0.025505583294554
0.021461083955864
0.016804606539615
0.011536930234513
0.005878854430887
0.000339490681496
-0.004674795328375
-0.009109216544781
-0.013036992275552
-0.016315971764004
-0.018534163610979
-0.019332012208506
-0.018745996327294
-0.017113694939338
-0.014623613728766
-0.011145800018814
-0.006620579821863
-0.001432151391075
0.003774220470370
0.008596580229664
0.013089345115584
0.017448574463741
0.021608239809745
0.025215391727160
0.027890802028346
0.029490269887875
0.030122300112575
0.029881184937057
0.028745530713413
0.026789622985670
0.024194374806266
0.021042160094816
0.017311961691802
0.012957394551176
0.007992189571815
0.002721946553827
-0.002291189598676
-0.006703353605231
-0.010624963286820
-0.014302640264447
-0.017744390580169
-0.020679024661507
-0.022789503614471
-0.024008893223147
-0.024520242068607
-0.024386205082388
-0.023441756478044
-0.021632438241785
-0.019098538528714
-0.015941088923625
-0.012239436206883
-0.008197235099609
-0.004090162400721
-0.000216709403974
0.003186341221609
0.006174385847451
0.008971609595208
0.011495781185821
0.013323475885043
0.014148421041614
0.014072739386910
0.013488916329770
0.012697895867891
0.011587941947833
0.009768159825167
0.007047901589275
0.003704095915351
0.000230128110075
-0.003118489668209
-0.006418011032230
-0.009744946434529
-0.012877421127828
-0.015386355763236
-0.016948842226525
-0.017471281067618
-0.016977867718331
-0.015507284848585
-0.013169711401731
-0.010263596858557
-0.007127158973597
-0.003815183398819
-0.000154982820836
0.003861000026833
0.007908258655678
0.011481584691052
0.014160348658747
0.015857849226959
0.016773449673220
0.017043743636318
0.016614209697248
0.015459433735361
0.013749906781163
0.011824980564536
0.010030029618673
0.008502906694333
0.007184701263006
0.006057992418884
0.005199816596639
0.004569219885423
0.003930791540797
0.003098504519105
0.002145834370355
0.001236616236767
0.000305604585478
-0.001004477492058
-0.003059341655750
-0.005846209262761
-0.008974534673853
-0.012122282148956
-0.015266168915330
-0.018395774346316
-0.021255007475489
-0.023444230877640
-0.024617992832584
-0.024641927382351
-0.023623709473936
-0.021689026346324
-0.018853265698829
-0.015246269000722
-0.011255612676541
-0.007276992253569
-0.003419178643836
0.000412171594090
0.004168268528920
0.007493484248666
0.009923812387601
0.011261548238033
0.011727423465219
0.011668372227164
0.011212734406192
0.010308493488518
0.008955146403926
0.007284313418709
0.005473467079128
0.003624597631185
0.001730694117625
-0.000162690370902
-0.001772423611833
-0.002781146097032
-0.003250432993721
-0.003540294933489
-0.003814151227162
-0.003870549090472
-0.003431491111567
-0.002494485332488
-0.001397214185302
-0.000453570864825
0.000392598598287
0.001384084625300
0.002555513918765
0.003680731886227
0.004522862363599
0.005059315861719
0.005469539784302
0.005872989320328
0.006155597607088
0.006206102404787
0.006178059620902
0.006237933920832
0.006171608285812
0.005501785333951
0.003971758606706
0.001825330188803
-0.000420228227168
-0.002476950567247
-0.004489029024417
-0.006731510967148
-0.009199807630662
-0.011555769697081
-0.013457611279890
-0.014858486273780
-0.015921975514553
-0.016715947937983
-0.017161366310840
-0.017252989482296
-0.017098696037700
-0.016716312436990
-0.015885190160740
-0.014254039462616
-0.011713404510629
-0.008620868770861
-0.005489863475153
-0.002529231130334
0.000380695995348
0.003380145135077
0.006397776218619
0.009191142280868
0.011637952696262
0.013919861178282
0.016232330487965
0.018362271912362
0.019845336314565
0.020505813201926
0.020553736359710
0.020248897473306
0.019646641896969
0.018573665872182
0.016875179212746
0.014720494207331
0.012456698931080
0.010154079082387
0.007583084750395
0.004658719744406
0.001617648812048
-0.001284346880569
-0.004024068370071
-0.006724587672659
-0.009407437260550
-0.011840916776612
-0.013698000633070
-0.014907165666366
-0.015701423044172
-0.016237375410182
-0.016356547540588
-0.015801382836442
-0.014481338753555
-0.012522979658041
-0.010126176540215
-0.007331518276541
-0.004123048098667
-0.000830829448629
0.001911125460742
0.003756766962406
0.005029887801002
0.006391514934834
0.008153171239012
0.010006059781466
0.011394913647053
0.012039008025498
0.012060268684853
0.011687911425048
0.010965468909153
0.009841479293924
0.008454533940014
0.007097350878039
0.005944000395199
0.004974412688301
0.004057087642352
0.003078852739314
0.002074166550501
0.001130581043568
0.000205129788730
-0.000737358956157
-0.001493448974817
-0.001831058917806
-0.001801398308694
-0.001653543384513
-0.001630018619168
-0.001766326763765
-0.001727253576645
-0.001110200450853
0.000060232089050
0.001396281140854
0.002592245979505
0.003609670722948
0.004516899970745
0.005246179531373
0.005549497875002
0.005294003512150
0.004661872384557
0.003844025542114
0.002773823693437
0.001314739145544
-0.000529198430535
-0.002578710291655
-0.004563896619182
-0.006344435359534
-0.007964022663700
-0.009356020269285
-0.010174796795427
-0.010132319139096
-0.009368087012056
-0.008326559081472
-0.007349546258534
-0.006443755243669
-0.005447877113363
-0.004405451183991
-0.003631609299790
-0.003374855880432
-0.003533041293786
-0.003730742408637
-0.003721769896140
-0.003703583434995
-0.004025093351366
-0.004648781112972
-0.005170570964602
-0.005297550356328
-0.005101582754102
-0.004786567875021
-0.004326646128624
-0.003488110099176
-0.002183608831200
-0.000609775386300
0.001023766833752
0.002725908609836
0.004562020339936
0.006412650894803
0.007990261743400
0.009012842130753
0.009434787247406
0.009517248710417
0.009476516766046
0.009151981265982
0.008274213881545
0.006930984271320
0.005493028006983
0.004178513472615
0.002912959858522
0.001537979265816
0.000059336037210
-0.001257287543920
-0.002128582150159
-0.002628642632965
-0.003110295605378
-0.003738308923600
-0.004321276136053
-0.004601536551964
-0.004536551415556
-0.004302324338017
-0.004081283819417
-0.003847741797349
-0.003480613700621
-0.003065733641130
-0.002823566154113
-0.002736355878354
-0.002521734022551
-0.002012174822685
-0.001374239403219
-0.000960019647489
-0.000991342382628
-0.001295190451118
-0.001459593757837
-0.001354939124778
-0.001211226030527
-0.001126739300266
-0.000879978498564
-0.000219952153860
0.000908183988128
0.002323614407828
0.003735176920197
0.005012006104930
0.006185792393225
0.007104770021898
0.007360113070442
0.006667803928719
0.005165519765436
0.003271323989199
0.001293900731581
-0.000746396809386
-0.002915522534401
-0.005115627859075
-0.007101300164580
-0.008704034601195
-0.009964909305067
-0.010982988044885
-0.011675682939115
-0.011778467808556
-0.011105432998070
-0.009758606321637
-0.008011611102175
-0.006034226577395
-0.003860960431482
-0.001619478865719
0.000353884872278
0.001733144182076
0.002536464191374
0.003083896134104
0.003560670287421
0.003802883223906
0.003544732366142
0.002768086418724
0.001788266605048
0.000951172940937
0.000274941897679
-0.000491026889395
-0.001470445267392
-0.002445046035399
-0.003082743360673
-0.003292842233123
-0.003246838919703
-0.003091973738918
-0.002779422703258
-0.002201586875951
-0.001431883136080
-0.000763835077208
-0.000422175266650
-0.000286328607595
-0.000134814096586
-0.000071796191111
-0.000404734820019
-0.001232955887464
-0.002343840619810
-0.003415896498329
-0.004378973557657
-0.005502412147265
-0.006884499324523
-0.008119126090259
-0.008721708831331
-0.008602715935158
-0.008033404359884
-0.007341597840771
-0.006600946253031
-0.005579723268280
-0.004131679758178
-0.002524739954197
-0.001161167154543
-0.000135257180180
0.000741214873450
0.001634170403058
0.002513140567155
0.003197680299396
0.003582410970669
0.003791115668146
0.004009908402311
0.004290669300223
0.004638075201093
0.005111265417059
0.005749641822576
0.006495138784171
0.007177520927942
0.007623607616311
0.007875121977116
0.008154500253628
0.008524199729488
0.008741795129649
0.008531329689207
0.007913649557353
0.007181994703371
0.006528488891476
0.005746357010378
0.004399009079774
0.002343290371310
-0.000031998138980
-0.002206817406699
-0.004023211761466
-0.005646496765204
-0.007148275685225
-0.008305436857278
-0.008866806906568
-0.008857562248857
-0.008490233990951
-0.007885485375178
-0.006955356725006
-0.005542874470421
-0.003692948181024
-0.001689106672656
0.000289319737390
0.002380153796415
0.004728638371802
0.007131329701414
0.009175324523115
0.010648905922719
0.011713222573853
0.012650221385633
0.013438289009767
0.013687449016325
0.013090732323844
0.011777017764682
0.010090919771785
0.008217404058067
0.006136489285333
0.003791740875961
0.001254352234800
-0.001254201364787
-0.003608433968386
-0.005962174682363
-0.008466794740149
-0.010925015280381
-0.012915845789272
-0.014178873611326
-0.014807230421276
-0.015111263589999
-0.015278619251629
-0.015194020953864
-0.014647344768878
-0.013589123218528
-0.012082726596854
-0.010161098071726
-0.007862752602642
-0.005318197959992
-0.002748963058477
-0.000403239531326
0.001648980775665
0.003615901646992
0.005648461666202
0.007576723058039
0.009200640003885
0.010600816940256
0.011974404737686
0.013340695573989
0.014482530699356
0.015092423236782
0.015061829318145
0.014656125093102
0.014221924794323
0.013750780969429
0.012957798964802
0.011690052374317
0.010020400928154
0.008053756529539
0.005818290202239
0.003318212155245
0.000630131853167
-0.002089374857867
-0.004700067688650
-0.007172656191776
-0.009534586914429
-0.011659696126298
-0.013222975531885
-0.014015754923929
-0.014231767652745
-0.014291422448748
-0.014370868003864
-0.014167900444505
-0.013197104672493
-0.011353470793352
-0.009103738476915
-0.006981833485855
-0.005002078342510
-0.002788928014083
-0.000152294970276
0.002672643921911
0.005270562629969
0.007394896208521
0.009009922921070
0.010038049407603
0.010240430773323
0.009424937902673
0.007716264184228
0.005501424862626
0.003037705862298
0.000267966338933
-0.002853929684871
-0.006025370047590
-0.008726694547316
-0.010626457922431
-0.011770908425432
-0.012353813499663
-0.012370368339421
-0.011578217000338
-0.009783230017695
-0.007107766949951
-0.003936195125058
-0.000612525856086
0.002756386808074
0.006204619257926
0.009657723667506
0.012853889833538
0.015568556285634
0.017772075112163
0.019438016599169
0.020370608963113
0.020360334198530
0.019439335459297
0.017912212514572
0.016071540069890
0.013879466631361
0.011069498396501
0.007685544092405
0.004334144482765
0.001662605634312
-0.000214024339000
-0.001656465620787
-0.003079442269417
-0.004533600649590
-0.005683509738940
-0.006305700173124
-0.006575414631748
-0.006719883966075
-0.006720341816189
-0.006496940856022
-0.006084418604322
-0.005570117109967
-0.005009887921166
-0.004337535869571
-0.003444294218803
-0.002478838053850
-0.001823989757343
-0.001661478936016
-0.001798961593846
-0.001959744631830
-0.002053947185855
-0.002154799227562
-0.002271155491403
-0.002162319080900
-0.001497137045298
-0.000223238991470
0.001381562482718
0.003043534296729
0.004769001618555
0.006758953439090
0.009084092498212
0.011512014617078
0.013686378195891
0.015460598045526
0.016978837710522
0.018297245097511
0.019014681241731
0.018544653631460
0.016746372001447
0.014031377303184
0.010845952153794
0.007307505633980
0.003341150931626
-0.001030456990365
-0.005531307286940
-0.009745474300816
-0.013412466634966
-0.016441656049976
-0.018602110298774
-0.019512866000211
-0.019029750576618
-0.017430759122958
-0.015197310868940
-0.012627385377910
-0.009567120021311
-0.005670494530158
-0.001043996732794
0.003627898955110
0.007692066376146
0.011023237059034
0.013858642606108
0.016343426369363
0.018334223977849
0.019553848386993
0.019877563586819
0.019381665507460
0.018116746685569
0.016067614717589
0.013375796857150
0.010404641268275
0.007483295009463
0.004653649194272
0.001761694867958
-0.001239742989902
-0.004130518890751
-0.006566602785997
-0.008383280931909
-0.009699416970379
-0.010659475881809
-0.011149821488634
-0.010930824747983
-0.010007667332158
-0.008693404761496
-0.007297172755210
-0.005822252373409
-0.003989326054280
-0.001593119695647
0.001185639031817
0.003935813306104
0.006415972328508
0.008611007128379
0.010476071133253
0.011838418868011
0.012538759348909
0.012622905433476
0.012422742474100
0.012254644869594
0.011964986443245
0.011104837059838
0.009549457917933
0.007625754513238
0.005718976405292
0.003948168381345
0.002165061985037
0.000239795793399
-0.001701296483591
-0.003478667325525
-0.005208188658242
-0.007164782368278
-0.009330544717058
-0.011351995429207
-0.012967692923402
-0.014310942824175
-0.015735712328817
-0.017352181289307
-0.018810915677094
-0.019607033660958
-0.019505860647519
-0.018647168997879
-0.017301471124714
-0.015545690726489
-0.013221086143292
-0.010220001049591
-0.006719650380630
-0.003067988264922
0.000481096748907
0.003816876666621
0.006802959782055
0.009186547067702
0.010781471688386
0.011699596191909
0.012209917340080
0.012375330269884
0.011985772376207
0.010814699496342
0.008904293995105
0.006641420049976
0.004452237610466
0.002412928191716
0.000351646877326
-0.001731738244116
-0.003588968586479
-0.004993925331714
-0.005962451957907
-0.006743944360574
-0.007534426103175
-0.008226197770593
-0.008613777062925
-0.008686584584651
-0.008481956464601
-0.007876573638299
-0.006733447386042
-0.005125348073761
-0.003369944657394
-0.001787916156074
-0.000300308335994
0.001559369112339
0.004070866132703
0.006925722421009
0.009472790307976
0.011242145402723
0.012208349717417
0.012584767873228
0.012415453607021
0.011524283953791
0.009874360907187
0.007756121803519
0.005534599135829
0.003329157735661
0.001034729277673
-0.001339975448583
-0.003483035468725
-0.005064310884215
-0.006081439415497
-0.006755420689115
-0.007175364811463
-0.007156080734864
-0.006467967681379
-0.005232413664506
-0.003967852847866
-0.003067900864028
-0.002358497661505
-0.001362095406810
0.000122542434080
0.001829728912839
0.003345656586324
0.004534821818217
0.005573636599428
0.006564050486975
0.007267499164065
0.007374593867736
0.006917584188818
0.006150026260348
0.005166157169698
0.003890253650626
0.002279246475130
0.000457908949610
-0.001314381503393
-0.002934007208361
-0.004606675399742
-0.006516844769177
-0.008437851451740
-0.009848535004960
-0.010389795273030
-0.010094636653503
-0.009267463765904
-0.008183758167731
-0.006860212048505
-0.005196770917332
-0.003294473014124
-0.001446246312172
0.000184695717080
0.001711045968255
0.003245214009544
0.004590852401405
0.005391185644838
0.005502225553471
0.005051143737044
0.004204954970084
0.002985614379003
0.001369955039641
-0.000396813731611
-0.001820094938677
-0.002604483256340
-0.002877882800513
-0.002972801369926
-0.003097616294017
-0.003143984413028
-0.002807068550397
-0.001974554050390
-0.000886734419927
0.000193709293921
0.001227132244742
0.002206372105409
0.002994567227734
0.003387244978285
0.003249559221634
0.002672406835742
0.001903216884825
0.001054822883621
0.000055920396340
-0.001073200123867
-0.002081561813009
-0.002684545718666
-0.002769939273688
-0.002387900022745
-0.001587139538315
-0.000250671553140
0.001777172833658
0.004346827656752
0.007017705691755
0.009478811912890
0.011741880012248
0.013871138756591
0.015735598118510
0.017091131854745
0.017745652131972
0.017648274616878
0.016896838160941
0.015599016910906
0.013734244358499
0.011256567603352
0.008331780722628
0.005299502952254
0.002341447286684
-0.000634397241052
-0.003745093641095
-0.006875933431958
-0.009691203382114
-0.011927205641616
-0.013665337840576
-0.015176357716442
-0.016444075903533
-0.017076772183576
-0.016810603704747
-0.015838182157375
-0.014547730721995
-0.013110996353994
-0.011353334492737
-0.009025029186574
-0.006234193253147
-0.003500718417468
-0.001282493069599
0.000379085854100
0.001631970304213
0.002515444143022
0.003008724607752
0.003150410522427
0.003053946360515
0.002826402604929
0.002403405348102
0.001579649496315
0.000339903879129
-0.000993519629867
-0.002048977614983
-0.002715922338804
-0.003167492154846
-0.003607057767175
-0.003935525129912
-0.003832355131086
-0.003267596924206
-0.002633967918815
-0.002249340263168
-0.001984286308383
-0.001458499985379
-0.000510103431715
0.000590958158233
0.001480004857476
0.002143474368851
0.002839945856764
0.003696590256078
0.004582672254796
0.005347613946184
0.006023227946605
0.006685361632322
0.007225583098182
0.007414001712002
0.007161813472829
0.006651025658051
0.006137048290552
0.005596602814807
0.004682727212268
0.003154007760198
0.001274349157345
-0.000389156257841
-0.001510258599127
-0.002212370422701
-0.002817226085590
-0.003481321587366
-0.004067630764716
-0.004357079950209
-0.004330702993190
-0.004164605719940
-0.003982337648346
-0.003743485527000
-0.003407581252460
-0.003098205995309
-0.002985962366776
-0.003013876782114
-0.002892248834958
-0.002422025220204
-0.001712795356261
-0.001034160509584
-0.000463499751579
0.000261497379711
0.001416287390130
0.002899761229011
0.004371690835663
0.005679522407821
0.006973383665759
0.008455466692611
0.010079112366603
0.011493625748927
0.012361943502604
0.012691146614478
0.012679580525622
0.012374718008031
0.011680046523353
0.010565774852674
0.009176944246772
0.007740849113324
0.006314473532551
0.004704002827475
0.002794028462405
0.000842210810964
-0.000778772967150
-0.001977540434758
-0.002927658244973
-0.003845758917416
-0.004800678784671
-0.005648962750649
-0.006243633845502
-0.006667790688148
-0.007094915272575
-0.007464522943949
-0.007542671491282
-0.007283104187761
-0.006907531494994
-0.006676440119924
-0.006627660756340
-0.006509735749321
-0.006097283056991
-0.005533400112552
-0.005146589543716
-0.004954064312427
-0.004598764548135
-0.003791783497829
-0.002608060280821
-0.001362241209606
-0.000282878441190
0.000672511640774
0.001641940693239
0.002571544249963
0.003218230641920
0.003435875929753
0.003324027992082
0.003029621745935
0.002527961091913
0.001704014828236
0.000607859826511
-0.000516880268481
-0.001501442784799
-0.002441444873608
-0.003573525412126
-0.004955630857401
-0.006290959613123
-0.007158539458678
-0.007417791965333
-0.007301999947786
-0.007102004810630
-0.006849603610314
-0.006382202738233
-0.005626547460637
-0.004714473748531
-0.003817230991059
-0.002910295594664
-0.001856007832289
-0.000722525307369
0.000204250578072
0.000735379779769
0.000999553876977
0.001349840984648
0.001991749226028
0.002747968372358
0.003395010391083
0.004125531266854
0.005331476625242
0.007026174323594
0.008799603447778
0.010240933271732
0.011276260874987
0.012204871285723
0.013362242972334
0.014716173649303
0.015920187958771
0.016709158682650
0.017065564508540
0.017020199889844
0.016493937842133
0.015435707376381
0.014021510929616
0.012571712738374
0.011205727410686
0.009686147254266
0.007762090760106
0.005578984995919
0.003554299059469
0.001969822573657
0.000849221573240
0.000069116708880
-0.000495669466410
-0.000825114931065
-0.000814263262244
-0.000565456561263
-0.000438443247176
-0.000687072447347
-0.001232589682902
-0.001865612566251
-0.002491361052162
-0.003135113129406
-0.003799465645418
-0.004357434872516
-0.004688151533827
-0.004986051694736
-0.005687534205369
-0.006909746603209
-0.008235115699412
-0.009148659055246
-0.009439964877276
-0.009268266498528
-0.008984687823372
-0.008735383715802
-0.008338687938083
-0.007685760050448
-0.006952413320881
-0.006267559763677
-0.005467537261931
-0.004310051302189
-0.002754708746927
-0.000994462232464
0.000716144999771
0.002265879011774
0.003659257553345
0.004788778226945
0.005419609812902
0.005486361799739
0.005259969046720
0.005072270821762
0.004923259666026
0.004499928511100
0.003582596047063
0.002288069550278
0.000917298940946
-0.000306514603284
-0.001395378913963
-0.002507132780931
-0.003613075003833
-0.004427699130773
-0.004814244864091
-0.005005147552588
-0.005274715841840
-0.005609758489510
-0.005786588378922
-0.005697635903302
-0.005556765603892
-0.005638319573824
-0.005841681486064
-0.005783369913930
-0.005284519148380
-0.004549214908108
-0.003900476748121
-0.003397296252253
-0.002714508362818
-0.001502427045564
0.000164787409715
0.001899371603187
0.003548419727498
0.005374367197352
0.007669243068997
0.010368100565744
0.013024188093755
0.015130398415241
0.016511651236146
0.017354430523550
0.017833590272546
0.017854160738151
0.017225724846050
0.015928031197850
0.014074145885906
0.011677060198271
0.008648795662057
0.005081651430770
0.001316923551616
-0.002322567761091
-0.005736853969925
-0.008989480489918
-0.012028017851077
-0.014471860207138
-0.015864945147668
-0.016109512558973
-0.015497824354400
-0.014431626284149
-0.013148839870278
-0.011624283320810
-0.009785146797521
-0.007800038646253
-0.005972115144974
-0.004362295572509
-0.002753641737273
-0.001015680630682
0.000664034406806
0.001963137147772
0.002775573799478
0.003257177353008
0.003534749619729
0.003573738049241
0.003380069984032
0.003183296448710
0.003281004135567
0.003700079565132
0.004121879709936
0.004164533941486
0.003737782411970
0.003108480425505
0.002567062962394
0.002127656235273
0.001626523524106
0.001024214692293
0.000488315742157
0.000128584115915
-0.000188915073906
-0.000668731633071
-0.001371499016618
-0.002195963873421
-0.002984531777690
-0.003696436530259
-0.004494019593421
-0.005487575153699
-0.006437996256950
-0.006998216455267
-0.007134716586275
-0.007040405649968
-0.006811599806708
-0.006384434764330
-0.005664682415017
-0.004684274059391
-0.003636937785265
-0.002619988518716
-0.001409018999495
0.000198202791917
0.001899787905329
0.003116876446978
0.003617067915920
0.003652121434363
0.003589859975976
0.003578337787421
0.003515201176972
0.003287267081755
0.003002025205092
0.002872004129076
0.002895556038136
0.002830914024838
0.002499698702547
0.001979204692694
0.001492263430438
0.001173537693674
0.000933784521134
0.000644106520373
0.000474600965310
0.000769783743651
0.001571741074916
0.002576770066197
0.003526157751817
0.004437578607710
0.005545104575827
0.007092660512038
0.009039017855963
0.011016618159460
0.012744647119218
0.014245333771811
0.015521981482534
0.016363011845854
0.016569649446598
0.016158618821180
0.015281009035577
0.013993012640346
0.012134791956558
0.009525977626907
0.006325447623672
0.003012946061233
-0.000096831586512
-0.003091381694324
-0.006128535579063
-0.009106959687513
-0.011703765091681
-0.013583838972769
-0.014621149907288
-0.014953556442462
-0.014690174353803
-0.013726073189135
-0.012053010206237
-0.009975171704436
-0.007849039892222
-0.005780180124091
-0.003588541286982
-0.001072242608497
0.001601644316722
0.003896399959931
0.005457684010816
0.006489927250841
0.007390609375346
0.008216347361465
0.008712336432589
0.008701329900170
0.008291023999814
0.007740932554441
0.007143491054076
0.006299545086840
0.005014974416558
0.003399070167804
0.001710803827856
0.000034449951107
-0.001767041218951
-0.003821145372937
-0.006021257502119
-0.008084897552018
-0.009811373176900
-0.011194373299859
-0.012264746851633
-0.012869148105440
-0.012731476036214
-0.011781712453913
-0.010287603246747
-0.008622823377794
-0.006971119030817
-0.005242724690877
-0.003269740206856
-0.001114641013942
0.000899679734032
0.002569870183310
0.004026424387708
0.005425729704251
0.006680617199408
0.007610396563581
0.008158729733029
0.008397716035227
0.008412226584015
0.008165897690015
0.007518858672560
0.006505122017964
0.005418580467166
0.004454386168932
0.003467816351826
0.002192327464971
0.000575195622395
-0.001127517973322
-0.002565251773932
-0.003637758656582
-0.004580034132017
-0.005607774816101
-0.006617419030699
-0.007390778084144
-0.007891148807136
-0.008196244255730
-0.008273182696172
-0.007931882010304
-0.007030363734417
-0.005715553051353
-0.004370308872076
-0.003254769414230
-0.002284706366649
-0.001290038237845
-0.000393304944457
0.000069842312287
-0.000041642151656
-0.000496023759974
-0.000914350039903
-0.001153755013392
-0.001426378003872
-0.001953212165713
-0.002613568264616
-0.003114864442173
-0.003389226280853
-0.003593955116496
-0.003770946492422
-0.003705210677057
-0.003146969162190
-0.002099089753103
-0.000875470046918
0.000155038244314
0.000947900282949
0.001819446800518
0.002977843630831
0.004200735002741
0.005170551063366
0.005895617100902
0.006624710427679
0.007535215457901
0.008543531410945
0.009301992255757
0.009494037836574
0.009157759650954
0.008528532264348
0.007677432262049
0.006544587879642
0.005184016171572
0.003775492879007
0.002467700428449
0.001237751396430
-0.000118602869312
-0.001684582013937
-0.003149954749191
-0.004127173599360
-0.004607013044803
-0.004852264615296
-0.005009082617814
-0.004973189893162
-0.004586294749994
-0.003946214138877
-0.003457400963514
-0.003440989102397
-0.003752525068321
-0.004003752655385
-0.004088422590398
-0.004220256772004
-0.004517538717057
-0.004796032586537
-0.004798820623992
-0.004494865819154
-0.004092357743847
-0.003772230173728
-0.003423450578707
-0.002751842066297
-0.001670741060851
-0.000399341586188
0.000853178130906
0.002098472627614
0.003395272895150
0.004599536066132
0.005369179597981
0.005466207854243
0.005078867477327
0.004687050426879
0.004549446199061
0.004486401359475
0.004188370596119
0.003577628673826
0.002823577368524
0.002137380842744
0.001601327550622
0.001157483411854
0.000800198230617
0.000673115582145
0.000838698914210
0.001133008345206
0.001367849688594
0.001530404522506
0.001721936109893
0.001948214318907
0.001998559157209
0.001587674973005
0.000690566096209
-0.000344662523373
-0.001133825203485
-0.001588852935346
-0.001849908688776
-0.002034947455803
-0.002100183719667
-0.001911495940202
-0.001468676675381
-0.000948981341366
-0.000392318220199
0.000454521849456
0.001758567825211
0.003271572821103
0.004536198110613
0.005273599631445
0.005539863988627
0.005603693958274
0.005650697606943
0.005574575803788
0.005160426486298
0.004431011747467
0.003616713483036
0.002859795927314
0.002116747309092
0.001298345405347
0.000419834139125
-0.000421886003481
-0.001250650954038
-0.002294714827089
-0.003690677615794
-0.005210598134586
-0.006553207617404
-0.007796283410183
-0.009306419367075
-0.011270800546637
-0.013453508681800
-0.015385543516569
-0.016779120058163
-0.017763771128489
-0.018654629694289
-0.019511716543276
-0.020068748266313
-0.020059128420739
-0.019407556290849
-0.018135401217282
-0.016279476267662
-0.013902824960097
-0.011160152309997
-0.008389785707298
-0.005961319856741
-0.003916080428602
-0.001993506346397
-0.000073493852150
0.001656672299727
0.002937596965180
0.003670310531276
0.003995581045658
0.004157767587772
0.004249142513605
0.004195197017685
0.004022567756013
0.003965923816839
0.004192778235581
0.004568800429279
0.004804138398236
0.004759036920213
0.004574451885813
0.004497602329507
0.004594754830876
0.004705377564989
0.004679413538110
0.004573415155537
0.004511562977244
0.004401989460780
0.004005879126821
0.003284358736073
0.002480097597982
0.001872360747868
0.001525157823377
0.001235010060802
0.000782118216879
0.000238869068929
-0.000129218864943
-0.000228662477432
-0.000218822392966
-0.000248583331177
-0.000263405962796
-0.000142755732259
0.000057929459607
0.000087245969464
-0.000268427779786
-0.000908567096485
-0.001493719664369
-0.001877581808888
-0.002258875278822
-0.002870788449408
-0.003721655923986
-0.004594148886189
-0.005235795310924
-0.005633963905738
-0.005960185601775
-0.006229203483694
-0.006296802712894
-0.006108427380980
-0.005713867109314
-0.005145240975880
-0.004347296051523
-0.003163914053099
-0.001485558737407
0.000537008052915
0.002572099698671
0.004432755283731
0.006170448318741
0.007820844788883
0.009209534911720
0.010095150206986
0.010429882625975
0.010394156677359
0.010163772815062
0.009652171014643
0.008555066985564
0.006738097992455
0.004466691226682
0.002128961953896
-0.000127148639188
-0.002362476230282
-0.004530959624149
-0.006340844553324
-0.007503563710014
-0.008027012183449
-0.008188292575633
-0.008197049553335
-0.007916330350782
-0.007070847451188
-0.005698769710352
-0.004195299990715
-0.002910980851850
-0.001840353145316
-0.000759181069367
0.000389427842937
0.001363866080237
0.001934854308146
0.002204519638156
0.002467072021594
0.002818719755949
0.003073650023490
0.003088146748120
0.003001376801766
0.003057327392360
0.003278741192415
0.003389578726480
0.003090953497155
0.002380528834071
0.001536005003939
0.000815806201804
0.000206048570954
-0.000488900936323
-0.001357063387560
-0.002341782312867
-0.003393024566932
-0.004506639219535
-0.005669951924021
-0.006726899894671
-0.007316251490198
-0.007197371292390
-0.006576719552738
-0.005833758945276
-0.005062416198272
-0.004080596685303
-0.002721493879910
-0.001016027584865
0.000823233007556
0.002654055600160
0.004577760021702
0.006633375430048
0.008480445762874
0.009674246393874
0.010135926467229
0.010158270439995
0.010044807533691
0.009851033379604
0.009420505134511
0.008672642795773
0.007794128075011
0.007009413339846
0.006297138703818
0.005464136069398
0.004387087883363
0.003161221243749
0.002040951550879
0.001161849538295
0.000368012489151
-0.000532130756112
-0.001428428162206
-0.002068469059590
-0.002450461733718
-0.002778565837510
-0.003119697804229
-0.003319211539637
-0.003184171435253
-0.002687324434574
-0.002049747344308
-0.001529071069945
-0.001088465949626
-0.000445351680694
0.000534146316059
0.001654919257908
0.002619361040618
0.003298512845221
0.003743926596098
0.003965303263770
0.003750552089811
0.002881795837621
0.001522928922884
0.000117253799849
-0.001072730028169
-0.002106457345157
-0.003131536488142
-0.004128772405320
-0.004893486375058
-0.005270112168446
-0.005321476932416
-0.005211775919501
-0.004977951288941
-0.004491601692383
-0.003691067709748
-0.002779604900549
-0.002073201424253
-0.001672685320094
-0.001421408378525
-0.001178924782304
-0.000976254737478
-0.000923364089375
-0.001035188037045
-0.001129920332182
-0.001043036126911
-0.000902929565540
-0.000941790663295
-0.001127597019062
-0.001150938804018
-0.000725409626573
0.000102133759081
0.000956952860523
0.001555933035184
0.002038580396165
0.002692885936196
0.003494702884249
0.004164433967106
0.004529593931641
0.004625560355640
0.004542786509261
0.004266916013538
0.003669103563005
0.002755441734853
0.001864657508493
0.001383448361091
0.001325778341087
0.001365697610066
0.001215543996491
0.000898654748586
0.000683209098817
0.000723774595138
0.000801023445823
0.000579255496936
0.000042078527744
-0.000540410938496
-0.000983532901860
-0.001379722421120
-0.001915239058541
-0.002575653923834
-0.003177013027065
-0.003625141492628
-0.003957521515680
-0.004166170367511
-0.004069688902040
-0.003373650602427
-0.001967205548271
-0.000157441486221
0.001612686415071
0.003232841799589
0.004851647730818
0.006451160718385
0.007745385839967
0.008427963615986
0.008431971042869
0.008002900611799
0.007483816935058
0.006988372563122
0.006369844953683
0.005514801024357
0.004506464467642
0.003481982528671
0.002467319966459
0.001388852177855
0.000249984157961
-0.000747875671769
-0.001394353929875
-0.001743035982383
-0.002020905807799
-0.002295076304859
-0.002401883624512
-0.002189620508178
-0.001720358353224
-0.001243494000404
-0.000938057661710
-0.000687299973319
-0.000301552034441
0.000091725186145
0.000176196451795
-0.000102772297099
-0.000471998973248
-0.000636581155561
-0.000512428462119
-0.000241873482785
0.000028595996852
0.000392237393822
0.000990908422450
0.001644534743284
0.001970514173925
0.001828464356594
0.001450054099667
0.001155954134396
0.001039731646687
0.000868737789152
0.000291575928984
-0.000746795612107
-0.001933339149647
-0.003039989500600
-0.004154857599375
-0.005317300184714
-0.006283784937303
-0.006845206652186
-0.007086329083707
-0.007267377622550
-0.007581391825188
-0.007879707146013
-0.007707845228943
-0.006859977240129
-0.005684624359862
-0.004657128990714
-0.003893836701466
-0.003164121444618
-0.002179299128417
-0.000878458332075
0.000468520464952
0.001549450133816
0.002337371207246
0.002931172261216
0.003304089281918
0.003427700896425
0.003397887081810
0.003317950755806
0.003192316867182
0.002918334824028
0.002354833402281
0.001531746254717
0.000742991013622
0.000197828352477
-0.000337310042943
-0.001308319383844
-0.002852405222433
-0.004594395530860
-0.005936585707759
-0.006637904068608
-0.007038792578531
-0.007573263256878
-0.008242517328366
-0.008689228626203
-0.008596122959957
-0.007918831649646
-0.006798242755943
-0.005318008420413
-0.003458759555044
-0.001318190496915
0.000798737825875
0.002663418137735
0.004376922821905
0.006133471701802
0.007768141250712
0.008739323843157
0.008673830290053
0.007804714515206
0.006699181835079
0.005705161742948
0.004780318619238
0.003640284883476
0.002017987394101
-0.000061797529474
-0.002291780333524
-0.004407857019069
-0.006305053219267
-0.007842754240487
-0.008895544831348
-0.009580354774194
-0.010192390143299
-0.010995981098976
-0.012029067932714
-0.012983391587042
-0.013500540436600
-0.013624422014686
-0.013673650355972
-0.013723970215736
-0.013494993053375
-0.012712462708071
-0.011420355965774
-0.009930328806587
-0.008500712490067
-0.007108939230797
-0.005576462691768
-0.003840162412762
-0.001989500366940
-0.000089543006154
0.001847232985504
0.003722972137465
0.005310392122407
0.006355951345371
0.006829947917001
0.007026428562947
0.007207205882149
0.007306418255535
0.007114663741199
0.006568495603980
0.005823125517704
0.005106000265328
0.004475432889330
0.003756292509074
0.002812068529951
0.001812357992442
0.001051003935441
0.000580071466544
0.000204564654373
-0.000238369621678
-0.000737723227414
-0.001220658726456
-0.001717099337472
-0.002345419706603
-0.003086632960306
-0.003643825745701
-0.003681352520268
-0.003229773611668
-0.002715176072354
-0.002507909354647
-0.002554867749101
-0.002512023871191
-0.002140682052739
-0.001560235306249
-0.001093444109426
-0.000818736011331
-0.000489048448718
0.000016540824351
0.000483144176806
0.000654262766243
0.000491650955489
0.000175832410890
-0.000080954181854
-0.000300011829914
-0.000722003878804
-0.001384236819133
-0.001932922657008
-0.002119918935205
-0.002189118077463
-0.002499287845151
-0.003080974111784
-0.003705836006668
-0.004142083348747
-0.004314366477250
-0.004283253654574
-0.004029911899269
-0.003365626221847
-0.002178135991362
-0.000697620286909
0.000631044386451
0.001603542632094
0.002470077701001
0.003580603346171
0.004916084942419
0.006076261723287
0.006644155111664
0.006533219435866
0.006039945334036
0.005481381385132
0.004830279211799
0.003905393394568
0.002755444861273
0.001590542702352
0.000462900014131
-0.000818018581830
-0.002447578536815
-0.004278325679172
-0.005809809641381
-0.006664535183741
-0.006923565797642
-0.006835421651160
-0.006416282160180
-0.005563500479493
-0.004376569829987
-0.003167730842175
-0.002238001749480
-0.001617794815736
-0.000988937493722
-0.000050684388783
0.001081704101021
0.002080680118686
0.002864981659590
0.003615700815281
0.004482935991032
0.005417747516113
0.006184433801887
0.006545753190977
0.006494957084835
0.006192337294579
0.005707927197567
0.005073059091416
0.004508385832772
0.004232859420316
0.004110116729499
0.003765751403037
0.002921443196998
0.001579966272457
0.000094215317003
-0.001101319453962
-0.001951737211410
-0.002745050228646
-0.003668057540655
-0.004654428088756
-0.005578399205908
-0.006418723623048
-0.007256818544802
-0.008097810884148
-0.008706149906276
-0.008824220873945
-0.008546583001305
-0.008222563013201
-0.008004337241860
-0.007683751648931
-0.006972293605582
-0.005816809094568
-0.004395792193369
-0.002830526616526
-0.000986526734658
0.001272816527565
0.003712778959795
0.005824691297707
0.007266574933314
0.008157192220451
0.008900384110196
0.009675560740768
0.010221793795147
0.010195425101589
0.009633830485885
0.008913607160433
0.008256028500711
0.007485751196071
0.006344749102788
0.004844642298676
0.003189648199103
0.001496587359662
-0.000280444313785
-0.002183970858454
-0.004033894814151
-0.005468870510872
-0.006314046833439
-0.006777559789970
-0.007194569422882
-0.007685801204453
-0.008078527078635
-0.008125355438207
-0.007835446634026
-0.007497605492933
-0.007278411252351
-0.006946085438737
-0.006156204518123
-0.004908260469190
-0.003513428085741
-0.002190142711885
-0.000947558128760
0.000196669891615
0.001097541980599
0.001579605068519
0.001661884979741
0.001648488748016
0.001817472110336
0.002064173288586
0.002031221865125
0.001560358639249
0.000847417293875
0.000153178305394
-0.000490524431763
-0.001288321438688
-0.002403893863013
-0.003663403693727
-0.004691060295684
-0.005336464243568
-0.005737250250622
-0.005971449927340
-0.005904360683670
-0.005392071002180
-0.004490462405825
-0.003467820608019
-0.002533715329665
-0.001539002793328
-0.000162076387011
0.001633089005180
0.003545610000653
0.005304021938883
0.006904345415604
0.008479155879390
0.010021740297162
0.011244147612484
0.011757448560196
0.011469223566407
0.010681241506296
0.009713422008893
0.008616373189429
0.007332199402924
0.005919652500746
0.004494622860166
0.003100277649992
0.001709276522868
0.000284744122028
-0.001087097851792
-0.002172739507627
-0.002898569313367
-0.003538203974765
-0.004386831882992
-0.005380953743814
-0.006203416275226
-0.006675123964795
-0.006908652952336
-0.007160118897512
-0.007572061431990
-0.007959583348283
-0.007942578208311
-0.007364911775764
-0.006370008219594
-0.005095241786288
-0.003612981945921
-0.002069001219806
-0.000643043501913
0.000528621241039
0.001457520953707
0.002389412924325
0.003508384433010
0.004586338141722
0.005223878177601
0.005353388287816
0.005279770687983
0.005300293439390
0.005414699039647
0.005340258985116
0.004813848532354
0.003961211394098
0.003223231066448
0.002854979547524
0.002694934076589
0.002449619225128
0.002063075017647
0.001747849918043
0.001647943371335
0.001567961918502
0.001187116857796
0.000480737085100
-0.000255208422566
-0.000777546529807
-0.001175731570281
-0.001722083298279
-0.002453436583148
-0.003077678174373
-0.003355321047121
-0.003336959152658
-0.003134466110430
-0.002652516832004
-0.001673737711922
-0.000155095329667
0.001627949550522
0.003278364708808
0.004646735880562
0.005909371510754
0.007254974833609
0.008618535986006
0.009724702931309
0.010339614692491
0.010431928828570
0.010036356732422
0.009095097945707
0.007573558876721
0.005657564077531
0.003688084258152
0.001861933323715
0.000073271917515
-0.001894475132812
-0.004008640567952
-0.005874403073501
-0.007093906909489
-0.007689249200011
-0.007990067279159
-0.008148432009142
-0.008014103599523
-0.007481653145713
-0.006705786983730
-0.005943430780112
-0.005308677693344
-0.004684713730453
-0.003929774831487
-0.003183000731784
-0.002762519713963
-0.002745997908106
-0.002875502246980
-0.002880478792106
-0.002739418599975
-0.002629343705011
-0.002686628873339
-0.002824588116841
-0.002811027639740
-0.002526129150077
-0.002088255298025
-0.001672015066693
-0.001262413246491
-0.000725590120382
-0.000070321008498
0.000475226165065
0.000666536984760
0.000545049231675
0.000418635928019
0.000468735529789
0.000542020964513
0.000368322921664
-0.000109000792393
-0.000674536497170
-0.001106916273419
-0.001383223401657
-0.001625642664729
-0.001910542691851
-0.002087052288348
-0.001915782708598
-0.001431519021583
-0.000896920042063
-0.000390578936712
0.000236632959660
0.001025454745576
0.001820422309887
0.002441586833197
0.002826699324357
0.003122523803130
0.003550210718351
0.004083543576779
0.004464535308717
0.004621065392232
0.004799582720397
0.005179317888182
0.005613551701927
0.005768577749753
0.005402641042494
0.004620757549734
0.003727037597429
0.002735611505337
0.001384418111493
-0.000327135907120
-0.002014735860386
-0.003350028080105
-0.004329037028024
-0.005132087754959
-0.005864820702671
-0.006374603095751
-0.006393016593964
-0.005925056881751
-0.005289773141434
-0.004688155303492
-0.003932850170229
-0.002734597521039
-0.001096219155908
0.000678056622373
0.002221117614929
0.003346813994110
0.004141205311258
0.004714616866139
0.004940140675709
0.004654184301323
0.003949450254157
0.003069430082091
0.002140010767569
0.001048185256213
-0.000412258257616
-0.002180762883953
-0.003881273494677
-0.005276762395294
-0.006495901319544
-0.007681447712328
-0.008714327420673
-0.009387374651703
-0.009667603071238
-0.009756901418753
-0.009875393398941
-0.009933541621488
-0.009597113166000
-0.008751812693422
-0.007677724724784
-0.006670930196309
-0.005685686122524
-0.004477735135244
-0.002955925830102
-0.001287061284265
0.000258259804867
0.001572961619827
0.002839113953075
0.004271796118624
0.005808966100938
0.007183549742531
0.008215915568151
0.008956022623389
0.009569000676520
0.010096147485263
0.010360109797553
0.010172767376811
0.009591506397887
0.008853935152250
0.008069710138616
0.007140615467205
0.006036363982670
0.004899732033040
0.003797098475540
0.002615381712389
0.001227829564270
-0.000342690574567
-0.001856500146609
-0.003004366829304
-0.003730635747481
-0.004312352121601
-0.004993640003195
-0.005646623795636
-0.005946393735577
-0.005768304115071
-0.005280472962767
-0.004706535528828
-0.004083951321216
-0.003294258010667
-0.002285356748582
-0.001180970908944
-0.000140810140951
0.000803936932702
0.001669713559291
0.002372813651655
0.002770950653334
0.002824718617723
0.002725587814836
0.002781589888307
0.003066952133801
0.003306121134182
0.003206118918244
0.002819855338379
0.002512572956097
0.002578498905244
0.002896893951335
0.002987020528655
0.002499615053736
0.001613535233949
0.000786017891214
0.000222683318272
-0.000191073670450
-0.000554812854832
-0.000835230919624
-0.001035401261397
-0.001243476658516
-0.001507420741095
-0.001690526430877
-0.001503959592112
-0.000834036683892
0.000081052521944
0.000930719630294
0.001639580683322
0.002377958544653
0.003336169844523
0.004436893067628
0.005329616756269
0.005744601384538
0.005706392492850
0.005349133279129
0.004706279395239
0.003720582247757
0.002405160936155
0.001032340118405
0.000045375694942
-0.000397362757740
-0.000638310557659
-0.001081243583301
-0.001735366323272
-0.002322806958198
-0.002621708097828
-0.002686071359217
-0.002765647394961
-0.002923083950457
-0.002977526707175
-0.002910882774112
-0.002894239988306
-0.002914638573092
-0.002771137519829
-0.002345938214541
-0.001687338263343
-0.000965823438982
-0.000322468451931
0.000325755196844
0.001141160572071
0.002063564885840
0.002868189316738
0.003409261320477
0.003717731625821
0.003976843489538
0.004321028138217
0.004578252442848
0.004463573464879
0.004053059911213
0.003712910019874
0.003593418349613
0.003457875222363
0.002944630869159
0.001932352163011
0.000685628340969
-0.000416084825214
-0.001258853753780
-0.001987514152808
-0.002663694966699
-0.003139644587330
-0.003289791485604
-0.003146711490894
-0.002814173757643
-0.002351807042970
-0.001710937290425
-0.000857638039830
0.000025709892428
0.000667169433968
0.001079990685738
0.001597239286867
0.002493112112449
0.003710990808946
0.004897775212753
0.005679956591041
0.006040093820931
0.006304575087595
0.006636069624073
0.006799790156280
0.006586611447693
0.006141714659843
0.005726979933828
0.005397780409734
0.004938473129271
0.004085174931046
0.002895068542337
0.001732244496097
0.000801357062082
-0.000034935035486
-0.000893263877145
-0.001605119047053
-0.001958251979214
-0.002059597359190
-0.002313104559290
-0.003006355331908
-0.003967611667918
-0.004722945792610
-0.005000873045090
-0.004981399731404
-0.004999672424695
-0.005119115229965
-0.005114511583447
-0.004772820930810
-0.004111795994349
-0.003360903005636
-0.002695008915534
-0.001994191479921
-0.001045943043410
0.000042444503687
0.000892025367690
0.001305876193868
0.001417612644765
0.001407536233908
0.001320780728085
0.001142740136800
0.000871453330793
0.000559341644349
0.000272320490750
-0.000113697999951
-0.000840285575869
-0.001838740801360
-0.002700721372451
-0.003149459898414
-0.003325915294135
-0.003636473550571
-0.004331033407077
-0.005182200424834
-0.005729059691296
-0.005859230813932
-0.005893837162867
-0.006071465890259
-0.006252462145630
-0.006166950541514
-0.005730662733037
-0.005121978321272
-0.004565695489172
-0.003997572219047
-0.003173392190449
-0.002138005529951
-0.001192669424317
-0.000425692812664
0.000367190518896
0.001374877434190
0.002546428631720
0.003582406370262
0.004183475064600
0.004374758433977
0.004421452606520
0.004408341327981
0.004164793917319
0.003624803944732
0.003024781017045
0.002712005883992
0.002837560635186
0.003175517917330
0.003266552902141
0.002899400663679
0.002354004961614
0.002025244977940
0.002046121959739
0.002383543766866
0.003023725910680
0.003956707721902
0.005057278821744
0.006030581602248
0.006607052846251
0.006827553924653
0.006963573755072
0.007150414562978
0.007254434904571
0.007073547929239
0.006611950450006
0.006140909413153
0.005863879782721
0.005593632370366
0.004962411687974
0.003870136509943
0.002614028930124
0.001610050083998
0.000993454065159
0.000534911713937
-0.000027952813057
-0.000725215190605
-0.001495931338237
-0.002370403004661
-0.003365970573211
-0.004366437217915
-0.005186643173681
-0.005707827062374
-0.006001086346129
-0.006287763425152
-0.006643240607358
-0.006803057277989
-0.006460564816122
-0.005703185701385
-0.004931840089990
-0.004395332395585
-0.003952076739219
-0.003225798584805
-0.002012680058273
-0.000601326685928
0.000499710978042
0.001131197616815
0.001501712852944
0.001761672222797
0.001824868215576
0.001559682506145
0.001015649247330
0.000404142642228
-0.000138644295609
-0.000704770028681
-0.001436178156564
-0.002225368656896
-0.002746452764893
-0.002785310113442
-0.002451678980590
-0.002036446612992
-0.001647293567855
-0.001100942044170
-0.000240382831510
0.000831771765087
0.001875345536940
0.002717577923749
0.003357400490159
0.003896565864333
0.004317333673528
0.004437904737926
0.004188449063527
0.003767481993448
0.003414293830719
0.003141923476088
0.002776805454825
0.002262741455761
0.001835953049162
0.001778320907600
0.002045709611875
0.002273641076532
0.002185343338698
0.001878056962430
0.001621915927290
0.001503855062685
0.001349022539459
0.000935612624618
0.000265594569002
-0.000463050381688
-0.001162075004316
-0.001919525338872
-0.002730645833005
-0.003377693725131
-0.003643512556293
-0.003559480563861
-0.003373194532909
-0.003218231619666
-0.002896969041153
-0.002127418920092
-0.000943695474202
0.000285494244789
0.001222734866586
0.001845590498253
0.002373783126140
0.002959750015676
0.003432322030812
0.003445795588913
0.002909500810745
0.002049673703363
0.001066280017312
-0.000049570807587
-0.001408367629384
-0.002999911569887
-0.004578042027202
-0.005922957254780
-0.007123148529828
-0.008315529045285
-0.009307740803623
-0.009766639600133
-0.009658023680670
-0.009279042145804
-0.008937068567415
-0.008642100695088
-0.008059922545645
-0.006885727958843
-0.005264133362720
-0.003677515739239
-0.002475000435214
-0.001636809276358
-0.000933700443278
-0.000218164089724
0.000433509928992
0.000882724952229
0.001202487497899
0.001590892804408
0.002001968260530
0.002124705700639
0.001794444661031
0.001210666167696
0.000639618494739
0.000067751441564
-0.000721006193100
-0.001785801900193
-0.002844718391979
-0.003538466762387
-0.003869775728539
-0.004217735128408
-0.004830113352032
-0.005486646366448
-0.005810389739224
-0.005725218254014
-0.005458276512548
-0.005213477550556
-0.004908459689783
-0.004235461979976
-0.003065418748402
-0.001674646431528
-0.000400854482903
0.000732115251306
0.001890180091662
0.003115569215119
0.004265782119678
0.005189500977071
0.005882131359244
0.006454761802830
0.006967361340649
0.007335137168531
0.007442454667443
0.007308791587866
0.007065517899050
0.006774817218101
0.006314391108557
0.005517573832744
0.004496282939545
0.003644959922776
0.003167381587840
0.002820489456128
0.002271629141378
0.001522695499089
0.000836270877152
0.000345483559565
-0.000097942126332
-0.000693424514480
-0.001411656290991
-0.002001493115172
-0.002275066556951
-0.002338203121352
-0.002473130198890
-0.002772294905532
-0.003001615434256
-0.002909738145855
-0.002570837612647
-0.002352490009349
-0.002541740184317
-0.003029787028032
-0.003489523875465
-0.003808256243976
-0.004130420964480
-0.004523883078203
-0.004813670749835
-0.004764707270203
-0.004334748759908
-0.003749086893018
-0.003296234140725
-0.002982097852342
-0.002534654633571
-0.001827857705995
-0.001061382364557
-0.000441676718295
0.000075517059567
0.000647612598821
0.001322182924825
0.001976158553248
0.002452902429911
0.002817064300913
0.003318991417024
0.004047338050356
0.004826618122173
0.005439965538143
0.005834552525542
0.006100966475346
0.006229843847822
0.006028177412235
0.005427193217970
0.004738472758248
0.004417853827543
0.004611117682520
0.005046755583277
0.005304187144186
0.005162465577318
0.004797205948676
0.004552173360670
0.004516002352842
0.004523239091570
0.004470926089046
0.004383114292486
0.004226680686771
0.003824878762953
0.002961986268307
0.001632534950846
0.000161071820401
-0.001111921236666
-0.002137629225686
-0.002997857934338
-0.003690796027485
-0.004170372993199
-0.004424671825721
-0.004529080367263
-0.004614768224142
-0.004647790867751
-0.004344965201105
-0.003516651284603
-0.002375543783821
-0.001325688282156
-0.000550675854363
0.000128230911651
0.001040178146300
0.002244856473124
0.003369957060225
0.004008743696468
0.004160277754937
0.004114454095600
0.004044970989522
0.003887623540883
0.003538662802636
0.003066193247047
0.002687600937453
0.002501436422468
0.002336059482875
0.001985028605248
0.001499643006637
0.001079928413050
0.000742939511878
0.000305642306223
-0.000309695000196
-0.000889997336168
-0.001079901120131
-0.000733301676614
-0.000120646738862
0.000346905837857
0.000601018954557
0.000884674164042
0.001276816390639
0.001549605260746
0.001455413948557
0.001015428434275
0.000616169623591
0.000691110691217
0.001199597834909
0.001704102982406
0.001939178009895
0.001972549832253
0.001923076474700
0.001811366892639
0.001602224475183
0.001298577713896
0.001086714781577
0.001221218627434
0.001628460801761
0.001959040296182
