0.000522251081557
0.000151622895539
-0.000506148276374
-0.000985549052835
-0.000918086848658
-0.000428163023573
0.000121219456943
0.000537145254433
0.000778063883882
0.000794428007557
0.000578417376211
0.000238794950966
-0.000002749815054
0.000052005593517
0.000304732994193
0.000404280682552
0.000209518506126
0.000007659295216
0.000104453634762
0.000393593130133
0.000552295804921
0.000441236678369
0.000149521632460
-0.000141642453674
-0.000277834092118
-0.000242929522288
-0.000128266133569
0.000032519206181
0.000196616777150
0.000180810964756
-0.000057615961920
-0.000266285970980
-0.000199582455625
0.000222334776365
0.000888205702110
0.001419885094255
0.001403256767493
0.000812930505916
0.000004089103895
-0.000658331805614
-0.000928353285172
-0.000705107468705
-0.000178716748403
0.000314227934629
0.000593867947454
0.000637483290156
0.000496484913999
0.000345296715141
0.000403845146850
0.000733063426207
0.001175864449959
0.001386458194689
0.001019486857680
0.000147051934812
-0.000744587731675
-0.001279558985127
-0.001380774319773
-0.001008045677575
-0.000150438531130
0.000857096202362
0.001380087196836
0.001022080489512
-0.000024226303002
-0.001075252379977
-0.001316651956545
-0.000437896096367
0.000966714172724
0.001952355074295
0.002057055113944
0.001357918406372
0.000141477471108
-0.001155846748114
-0.002011198791719
-0.002054129581440
-0.001281604267444
-0.000178480603622
0.000559994700251
0.000672029129779
0.000474466556529
0.000293653335197
0.000085113510109
-0.000277332046876
-0.000656699943598
-0.000744227022003
-0.000311314836675
0.000545917589207
0.001359066822940
0.001649957950816
0.001254000573724
0.000360420055649
-0.000538846958017
-0.000885595477132
-0.000481778810086
0.000341648794978
0.001062804085043
0.001316074989410
0.000921235383681
-0.000061007501582
-0.001201962639170
-0.001859319602241
-0.001626205710086
-0.000663439950779
0.000409032858595
0.000971802425336
0.000851084585058
0.000336557477048
-0.000232151421693
-0.000736494373663
-0.001084613499533
-0.001045385483142
-0.000506019592711
0.000306475649055
0.000949902088316
0.000977846914633
0.000250438545013
-0.000797240608648
-0.001464156839688
-0.001426629616587
-0.000889641164690
-0.000219894553638
0.000293338903275
0.000406477171169
0.000000207211361
-0.000674839184099
-0.001004877818832
-0.000526699438492
0.000508505891948
0.001250250472412
0.001010067630676
-0.000108689277491
-0.001287149165672
-0.001717427416191
-0.001287682535295
-0.000497062227404
0.000118206641377
0.000319491681523
0.000178465702760
-0.000068032759243
-0.000221324697597
-0.000216198412355
-0.000066832875665
0.000196181063776
0.000496258693172
0.000712528404190
0.000778991995855
0.000724125426179
0.000551380663076
0.000164997666016
-0.000373390998829
-0.000662825929143
-0.000387599584591
0.000254323413829
0.000775572086815
0.000796367868387
0.000220066522635
-0.000610414093104
-0.001063516761567
-0.000818020266099
-0.000079679783112
0.000738267806770
0.001218484295563
0.001158481485259
0.000822792378725
0.000614132526361
0.000501697386420
0.000148565751494
-0.000482587958066
-0.001033871068718
-0.001140110966894
-0.000607691417738
0.000489681770744
0.001634756914202
0.002082859389346
0.001398423774382
-0.000233290343553
-0.002004637376124
-0.002814383553242
-0.002048088538227
-0.000203841754208
0.001484065970190
0.002086147653094
0.001567449312325
0.000516124827315
-0.000463752678734
-0.001098697779697
-0.001345529835788
-0.001064033382821
-0.000091003726621
0.001188928601152
0.001870007344397
0.001404345482792
0.000015220629494
-0.001580069623857
-0.002438419056797
-0.001904872018081
-0.000222323685489
0.001559573542944
0.002257004453248
0.001282549555534
-0.000828040099803
-0.002577237662756
-0.002587668322213
-0.000717765922837
0.001794240578788
0.003182132602669
0.002424408221905
0.000046684842396
-0.002301496633017
-0.003190462965155
-0.002357349478541
-0.000543141206275
0.001140201873191
0.001814709840672
0.001357735722233
0.000401375486091
-0.000292220679991
-0.000413475587051
-0.000184610910732
-0.000074570900711
-0.000334159834792
-0.000706917012956
-0.000782954425781
-0.000554535351100
-0.000354708605494
-0.000378068323471
-0.000526508142401
-0.000620164813790
-0.000492860429952
-0.000065091482647
0.000431896963465
0.000616922985285
0.000401976795996
0.000010594934735
-0.000227874066993
-0.000066744989692
0.000352509273105
0.000534285247902
0.000184895138976
-0.000435298244783
-0.000774184365899
-0.000504523736868
0.000163411100707
0.000685066893611
0.000767229503196
0.000562978704939
0.000281231220999
0.000018565220288
-0.000063534440235
0.000155313225787
0.000527582820219
0.000732941385956
0.000504920972659
-0.000131797966846
-0.000692006940795
-0.000630537849775
-0.000048747256494
0.000427549779369
0.000440889972332
0.000142961364078
-0.000151478339562
-0.000221366207122
-0.000055035102471
0.000156798432232
0.000244609780739
0.000237578347214
0.000244263850623
0.000277990038557
0.000341376183820
0.000516596292436
0.000774564835522
0.000860803600311
0.000562229222916
-0.000015064260909
-0.000507279114912
-0.000561161954788
-0.000134882385249
0.000426433942089
0.000731265972898
0.000666054658020
0.000333690892489
-0.000068918540074
-0.000244520810871
-0.000009983086941
0.000425739655880
0.000687660400617
0.000641528813681
0.000432292928082
0.000292048909507
0.000338826843350
0.000493211963069
0.000579248643630
0.000466166944120
0.000101025159283
-0.000461677098566
-0.000918224775769
-0.000827499067367
-0.000095150634468
0.000826751420737
0.001291139236603
0.000934532981771
-0.000044203945038
-0.000996832006426
-0.001346624947611
-0.001030811095075
-0.000373599274985
0.000316825060171
0.000825032410220
0.000925570822197
0.000572129384405
0.000100098994999
-0.000079777603447
0.000053592238669
0.000175233630602
0.000049525535305
-0.000113043910368
0.000198905420618
0.001034217063846
0.001627213743221
0.001235688251330
0.000011170856125
-0.001260745236518
-0.001872252199293
-0.001482960474183
-0.000239944073294
0.001201055847211
0.002094377634929
0.002068324055919
0.001165586661670
-0.000241477615986
-0.001505204384072
-0.002030377309315
-0.001699204363251
-0.000825894098553
0.000203760639289
0.001031831661436
0.001366882374712
0.001183462950513
0.000661244662898
0.000025147756233
-0.000389710375894
-0.000274778828949
0.000313561270481
0.000943409329147
0.001154752217130
0.000818806104670
0.000195184706162
-0.000341852020575
-0.000544912643274
-0.000304522882602
0.000256739255212
0.000678181108508
0.000572347124016
0.000078404407432
-0.000442117668070
-0.000839350108155
-0.000977886405513
-0.000580983640795
0.000340105567011
0.001282257887297
0.001671460659091
0.001241131739530
0.000224566015854
-0.000667696824826
-0.000877797815154
-0.000539575561642
-0.000117462641682
0.000120396288151
0.000086512552302
-0.000187225033635
-0.000421800104422
-0.000312347864141
0.000111662651134
0.000569231916387
0.000691904110147
0.000155192479274
-0.000858739938777
-0.001521618560447
-0.001170313160987
-0.000070590670061
0.000971594082604
0.001440869491219
0.001219088600550
0.000367128582605
-0.000804349218656
-0.001812334184697
-0.002286298345232
-0.002024879775364
-0.001056974637416
0.000128893932208
0.000830702106325
0.000767243166755
0.000146326123955
-0.000599413799197
-0.000901188233789
-0.000463380928090
0.000318741920922
0.000780122271933
0.000657652611676
0.000094518714784
-0.000590366136020
-0.000945900340100
-0.000700228515519
-0.000046853531347
0.000612246563540
0.000920744365151
0.000603970248326
-0.000285456433446
-0.001188106154959
-0.001462703588698
-0.000980910935783
-0.000186091868955
0.000287992321605
0.000108948599030
-0.000449710249975
-0.000816317643958
-0.000748210018411
-0.000419497729477
-0.000019962577652
0.000353423112046
0.000510742946179
0.000268134399704
-0.000280231359831
-0.000769824591891
-0.000821598438696
-0.000341599008755
0.000325471948738
0.000652623808853
0.000431955688245
-0.000095643457540
-0.000534224537881
-0.000585885905227
-0.000206997725382
0.000334670790792
0.000668611495793
0.000576236298493
0.000067029875692
-0.000602862153803
-0.000995145204951
-0.000792474144771
-0.000105925290112
0.000575965457647
0.000741102679459
0.000304806593934
-0.000221643295931
-0.000254134130037
0.000206219042519
0.000621510783869
0.000495101250063
-0.000138038976987
-0.000676429182701
-0.000480335939768
0.000466916517494
0.001502879554558
0.001869163190767
0.001268706754941
0.000012173813317
-0.001212927334129
-0.001786389022170
-0.001480711132171
-0.000499782248554
0.000597764694306
0.001126883574128
0.000747308913067
-0.000202394020738
-0.000923129708948
-0.000861675109214
-0.000224679855608
0.000345885635266
0.000453596150523
0.000138635126462
-0.000326243019297
-0.000624991079464
-0.000611540888546
-0.000448650053331
-0.000331480109623
-0.000233865832769
-0.000138002941337
-0.000112543365036
-0.000098076857084
0.000023287025293
0.000253971432957
0.000514202180285
0.000617497304476
0.000268645879902
-0.000481604737137
-0.001006794569612
-0.000828074379255
-0.000173678898621
0.000434168109047
0.000696011676017
0.000598166736382
0.000272731124142
-0.000180302088452
-0.000693177738636
-0.000996052810094
-0.000727420806720
0.000075530728437
0.000912821908386
0.001277535191109
0.001025195564745
0.000379723796146
-0.000259526597403
-0.000583694142694
-0.000597912167782
-0.000448206317727
-0.000167870944123
0.000118522077813
0.000142445600084
-0.000118056313222
-0.000354849276703
-0.000241543789240
0.000310131230475
0.000999191665893
0.001259476769870
0.000806307600650
-0.000001786003929
-0.000531116838045
-0.000474155350820
0.000006549507787
0.000478016460064
0.000502438795046
-0.000016303412397
-0.000701753867967
-0.001088974407120
-0.001018459227618
-0.000507201000269
0.000342132460302
0.001070335389772
0.001082885796756
0.000306521093227
-0.000714069114596
-0.001249212136307
-0.000890058075564
0.000081097372656
0.000880911320342
0.000963365892860
0.000421085079327
-0.000356183703681
-0.001039460802428
-0.001382049146395
-0.001287211528248
-0.000881037330579
-0.000396483044122
-0.000027678622531
0.000169631170203
0.000328611182446
0.000611556912007
0.000926209258985
0.000996073769414
0.000732074358724
0.000333712965743
0.000084894377219
0.000136542140674
0.000403156417783
0.000630998509688
0.000603806993314
0.000291464204446
-0.000227276599139
-0.000816965224366
-0.001195206862159
-0.001114056639977
-0.000660956496812
-0.000092842400208
0.000456584322957
0.000835257714447
0.000814793227812
0.000445613746155
0.000086006660407
-0.000016183507808
0.000077730833246
0.000119639154458
-0.000081077350571
-0.000414125718969
-0.000557936908871
-0.000382501731328
-0.000024076054988
0.000391469081642
0.000731049909912
0.000742746460650
0.000339130047677
-0.000200830690603
-0.000510542964019
-0.000391688669576
0.000190825949477
0.001000878433358
0.001493312843930
0.001199690336687
0.000118967904502
-0.001219060499691
-0.001999127630447
-0.001773293994874
-0.000900774499041
0.000005682088460
0.000695147278778
0.000994148741205
0.000600368709801
-0.000417989105823
-0.001371958757009
-0.001498880959079
-0.000666997110683
0.000503792776767
0.001182637200472
0.000968802578774
0.000032711196099
-0.001116537157627
-0.001849737956454
-0.001680658577243
-0.000580313352705
0.000904300832782
0.001947136965927
0.002013380792084
0.001165460746416
-0.000072011026436
-0.001033321779451
-0.001269276748077
-0.000798517660966
-0.000024191204383
0.000582384321374
0.000711623891553
0.000367128271625
-0.000105095683057
-0.000331176945821
-0.000270273353442
-0.000147514275578
-0.000143487820605
-0.000282089424591
-0.000464872250031
-0.000535763662688
-0.000448122120303
-0.000267768304326
0.000014632361249
0.000383890538222
0.000577083966599
0.000330142683095
-0.000223681594850
-0.000729412224212
-0.001008608248665
-0.001015926560924
-0.000695969193445
-0.000104978884016
0.000516363353999
0.000876012536135
0.000794877889436
0.000384016891487
0.000064924531880
0.000122659051239
0.000373736733144
0.000515705513685
0.000483034579114
0.000356763680553
0.000217603898851
0.000126867672440
0.000057703511244
-0.000110449141576
-0.000335766341345
-0.000392479213100
-0.000225588835848
-0.000000770069174
0.000157514346510
0.000265632189544
0.000385855831386
0.000512169306532
0.000556314740001
0.000467542628155
0.000337114192477
0.000241190099229
0.000050816120940
-0.000335403954822
-0.000675222845914
-0.000635557816204
-0.000238165118855
0.000211144537596
0.000395532401995
0.000157236180963
-0.000275199903189
-0.000400024840036
0.000000186203606
0.000601232636938
0.000861850153033
0.000476705911565
-0.000371661554996
-0.001102099220012
-0.001217182693709
-0.000682938704095
0.000200961340286
0.001026958308202
0.001384265194568
0.001084526422250
0.000325617434386
-0.000448670373459
-0.000800699865811
-0.000553286700258
0.000016395059700
0.000377702286297
0.000285932736265
-0.000025448249607
-0.000245545330321
-0.000326621293338
-0.000338265983132
-0.000228514271046
0.000129111096815
0.000668539587855
0.001021334183408
0.000840584409097
0.000213995560269
-0.000371307920075
-0.000518908073440
-0.000254442698470
0.000173514633612
0.000559182949948
0.000764226208779
0.000711356343482
0.000433925727934
0.000130769873516
0.000086198691950
0.000409261495881
0.000851593851392
0.000956457861471
0.000494364071628
-0.000261783183194
-0.000756169724446
-0.000594492751181
0.000139918373295
0.000923190293692
0.001255957750936
0.001071859400349
0.000624820191386
0.000166540333556
-0.000167583167251
-0.000341181815044
-0.000356070617645
-0.000186570187822
0.000132068685297
0.000405669363432
0.000411084546913
0.000107145771003
-0.000325759824315
-0.000638945890348
-0.000679259283485
-0.000471400152759
-0.000156832759449
0.000228529678987
0.000749353978315
0.001258178143216
0.001367689555214
0.000905118299605
0.000198362954812
-0.000297085630931
-0.000412739661819
-0.000187053785486
0.000253121427079
0.000653629146497
0.000715767755519
0.000314831141894
-0.000360128980674
-0.000901067682662
-0.000966955829455
-0.000587162116745
-0.000164074523972
-0.000062620369668
-0.000245205667306
-0.000331357620748
0.000032296450754
0.000777924910221
0.001389459993536
0.001387186177332
0.000795747927485
0.000037813341234
-0.000541504472204
-0.000872573059066
-0.000995707467308
-0.000956176760211
-0.000789105648378
-0.000517961289099
-0.000235102437885
-0.000037519276180
0.000120665668301
0.000290994800130
0.000381362585606
0.000324004808092
0.000168025052267
-0.000063692056866
-0.000326104406045
-0.000422523247854
-0.000216158975497
0.000165787783346
0.000515502084059
0.000735598390668
0.000788005599703
0.000671014752839
0.000421803066876
0.000056396088099
-0.000306606191316
-0.000424284398887
-0.000289370913302
-0.000166937270873
-0.000152602252355
-0.000071562057116
0.000200222971791
0.000614557137392
0.001014203528184
0.001109059543144
0.000704652681836
0.000027169836779
-0.000518931787249
-0.000735949429906
-0.000582418453848
-0.000113338365795
0.000407413720228
0.000640885887882
0.000427744970042
-0.000185389823766
-0.000900453936148
-0.001187366885518
-0.000784047590136
-0.000073929309030
0.000377444266125
0.000423081895422
0.000259354226894
0.000094626258131
0.000018498472198
-0.000048704757141
-0.000232675891744
-0.000419458155559
-0.000368101547184
-0.000121598333716
0.000072103699876
0.000134037644319
0.000180963825925
0.000316023673454
0.000467203290463
0.000402817815217
0.000001230004430
-0.000500173567335
-0.000744964068658
-0.000697607910325
-0.000553161657316
-0.000408470602671
-0.000255744811347
-0.000057515834144
0.000194610069124
0.000375464559852
0.000329342277079
0.000082838525896
-0.000191876914412
-0.000339629653781
-0.000227339204559
0.000229301323832
0.000868711092513
0.001254302711898
0.001010894324829
0.000170438304520
-0.000829013399244
-0.001365611969934
-0.000962826483026
0.000243530665148
0.001412019418970
0.001659811790989
0.000808557470284
-0.000502223013708
-0.001291999197782
-0.000982923077691
0.000115670547200
0.001113198526278
0.001312952812809
0.000607824392663
-0.000615573982696
-0.001679449998156
-0.001944682454364
-0.001260561307547
-0.000080967658081
0.000869667769372
0.000976756741039
0.000110508592699
-0.001070278532136
-0.001544460844446
-0.000907488494114
0.000320008406862
0.001273941841458
0.001388512659101
0.000714600636006
-0.000183571050362
-0.000782627949037
-0.000942942870862
-0.000678712504355
-0.000087052707897
0.000431435723577
0.000422047441125
-0.000105445602484
-0.000708680197646
-0.000963907500474
-0.000798701187724
-0.000551587864560
-0.000617392761899
-0.000881689021756
-0.000790782796220
-0.000149581697190
0.000583280793728
0.000899903928771
0.000693135115691
0.000194751878701
-0.000221607385618
-0.000338545695668
-0.000265775120980
-0.000215680152853
-0.000248348776788
-0.000337295394643
-0.000462148033703
-0.000513419597009
-0.000333780784215
0.000079026203549
0.000572122570557
0.000946557655930
0.000975188047013
0.000593815049615
0.000143074723248
0.000022476189034
0.000129937103166
0.000086506744650
-0.000160044791732
-0.000318955340170
-0.000138511806516
0.000358873219864
0.000864242664561
0.000985647115144
0.000639876021065
0.000182714371219
-0.000020162124370
0.000020255823624
0.000082818802815
0.000058126356737
-0.000020732293711
-0.000092450931419
-0.000112112597931
-0.000100124178874
-0.000129321163253
-0.000183542047870
-0.000188691891949
-0.000201079830484
-0.000331281667933
-0.000488875370032
-0.000402665625203
0.000037524874937
0.000541959044028
0.000638339877791
0.000150922172679
-0.000584209458140
-0.001036085748558
-0.000962873928423
-0.000502333656123
0.000038252109404
0.000370293479767
0.000399777160816
0.000246926824108
0.000035794836003
-0.000192314861236
-0.000369171264469
-0.000440523117191
-0.000472526143858
-0.000516850866344
-0.000514076247506
-0.000376282385749
-0.000053594587955
0.000250941095763
0.000067859410835
-0.000668810988231
-0.001301698869163
-0.001197872332152
-0.000325633214346
0.000914916124690
0.001853685457842
0.001877783129241
0.001037272845218
-0.000064433395543
-0.000917742811545
-0.001206432145850
-0.000727115858466
0.000311752477288
0.001268803125264
0.001526106390736
0.000900835285130
-0.000154619713236
-0.000802541180176
-0.000589400367162
0.000147389819526
0.000799886070759
0.001065485504395
0.000898284386635
0.000407279793968
-0.000061483029769
-0.000141150810929
0.000200268414592
0.000679949510784
0.000929847909846
0.000641869426934
-0.000241021400042
-0.001355040700597
-0.002063703087533
-0.001884325257861
-0.000885801500534
0.000310252211773
0.001065882449400
0.001270869846133
0.001226446216067
0.001101708792237
0.000801606812324
0.000324663200602
-0.000153864302416
-0.000578470301703
-0.001109734903978
-0.002067178304782
-0.003953947987213
-0.007302911709243
-0.012375918620643
-0.019151016816872
-0.027592326197806
-0.037786194134573
-0.049875458526962
-0.063891061210230
-0.079309841863276
-0.094595553468366
-0.107316528259554
-0.114673280359667
-0.114067747774870
-0.103912008158447
-0.084317868295237
-0.056837959804485
-0.023668796141603
0.012684940755170
0.049402124847590
0.083605386547063
0.112872944134868
0.135702177104915
0.151686818094451
0.161077914522349
0.163998826394811
0.160289120017042
0.149906139341200
0.132777483845282
0.108178469516515
0.074731890707811
0.031236866129433
-0.022197992375880
-0.083118207510836
-0.146428723282395
-0.205078539562320
-0.250902567503609
-0.275421121575753
-0.271319595202677
-0.234317784932288
-0.164382811710459
-0.066018146248505
0.052250202358284
0.179068741605160
0.301553350723329
0.406437504626581
0.481508381217263
0.517265474945919
0.508270130132385
0.453897793843308
0.358098497665913
0.228094927286994
0.073182293115648
-0.095149610457585
-0.262372725774446
-0.411223872750937
-0.523959227157553
-0.585965333776213
-0.589446044709939
-0.535167644687464
-0.432576119033219
-0.299266145583660
-0.155697372384220
-0.015519981817902
0.118208589570034
0.247226811826381
0.369996640912987
0.476936918202185
0.549867471022529
0.566104739749266
0.507294029298938
0.369636685756619
0.169607798140210
-0.057909863370863
-0.268653868611752
-0.422550461106828
-0.495688198531358
-0.484703308332118
-0.403359901430151
-0.275336251993426
-0.126961659254053
0.017702886868226
0.138504707054170
0.219147789295564
0.247817464206602
0.218662397141443
0.133629117871304
0.004777569567110
-0.144980243146008
-0.285728948594183
-0.387651457232376
-0.427194454913705
-0.390821556689023
-0.277174408668424
-0.097417750387940
0.126802252806049
0.366732964812637
0.590228989368794
0.766091654847086
0.868605924585891
0.880892709449981
0.795786679663119
0.614046695326075
0.342581142728810
-0.003891549989193
-0.398155825185917
-0.797016316880650
-1.143542253762579
-1.377097639772639
-1.448837228884298
-1.335001266351121
-1.041576370350978
-0.602484044316449
-0.074010903769801
0.476042328888472
0.979702172977358
1.373178148788282
1.598356983463574
1.611395737340656
1.398431141315202
0.987501307864079
0.447027762473564
-0.129657122959981
-0.647638580332039
-1.032794186066366
-1.245100369983789
-1.279957031778627
-1.159619754654855
-0.919187635874477
-0.595332096118980
-0.225952957914372
0.144240536501050
0.465966196437037
0.695382247806305
0.802200239690431
0.775844452508063
0.631154471493475
0.406885329930887
0.154331386008078
-0.077079216718174
-0.250621222533559
-0.347491815447151
-0.365755555541010
-0.314414759195753
-0.207923089965531
-0.064860554635539
0.091335815240653
0.232369111316754
0.326896145823604
0.346429491034645
0.275936119458555
0.124068593057715
-0.074595326637690
-0.269173942017596
-0.410394469035620
-0.467628810315894
-0.436281618269535
-0.333010029547398
-0.184148646964874
-0.015504663056451
0.152186899811869
0.302592098150966
0.420064873228071
0.485911429398882
0.479351680784493
0.385739451568276
0.206981466986441
-0.034169809166829
-0.298601144801994
-0.540367932458385
-0.716169346732271
-0.792004915582538
-0.747372794380330
-0.578512232346954
-0.300770241132976
0.051355456643851
0.427822359018364
0.770537508212840
1.023391986925064
1.142326541480803
1.103601268557547
0.909069618967697
0.586402691560755
0.183400256631002
-0.241092644893786
-0.626900898530714
-0.921835847751985
-1.089214105605747
-1.112220771445247
-0.995068763605538
-0.761566947635279
-0.451567306694092
-0.114611986942334
0.199477723995124
0.450874489971168
0.617628953915431
0.697890290260041
0.704408135766511
0.653655940714944
0.556697960759664
0.417978685955970
0.241245439021113
0.037023083214811
-0.173550671586186
-0.361524705511696
-0.498483367591686
-0.565434468767275
-0.557198831700819
-0.480423330748475
-0.348000540275425
-0.175263807922960
0.019636981628689
0.213490124859808
0.377603683544383
0.481894401888585
0.504261480061307
0.441745467637844
0.315510704543140
0.163745433711705
0.025279803411754
-0.076332265996104
-0.139095370983020
-0.176612905242826
-0.205339218607670
-0.234320891242002
-0.262612437282655
-0.282704732862552
-0.285771515899757
-0.265506968207084
-0.219436871977938
-0.148667704329193
-0.057086185821277
0.049671044664782
0.164467335742807
0.277010872936997
0.371908474570023
0.430206518403830
0.435318522322815
0.379807722016966
0.269112028294978
0.120993872333350
-0.038884070344594
-0.184364450144903
-0.295920529637371
-0.363222589267431
-0.383196263013576
-0.357099266930751
-0.288710516369795
-0.184407322944091
-0.055268437952516
0.081142565295111
0.202410467912620
0.286508174719263
0.318311418782998
0.294636361596595
0.225133877362708
0.127642160716106
0.020382110635959
-0.083531583385684
-0.175814760149695
-0.249025391760806
-0.294122994658831
-0.302462998329215
-0.270275727368615
-0.202165580801019
-0.111537184307321
-0.017232394273492
0.062559891152526
0.116453382969453
0.143027569123485
0.149343542187071
0.146125335930253
0.142877030229894
0.145383779024357
0.155547017756131
0.171928608445649
0.190005230185434
0.202567133210433
0.201177517214306
0.178800422473995
0.132838705111889
0.067237810650577
-0.008529319161565
-0.084397754965105
-0.154854056179059
-0.219032544833778
-0.275542678500979
-0.317285155415655
-0.331152612303977
-0.303391741543939
-0.227910707199307
-0.112340390148651
0.023221778874507
0.154726012218385
0.263700649702652
0.340827376819475
0.382188156030858
0.383156474876848
0.336239976603727
0.235503092429975
0.084953865628686
-0.095558994084517
-0.272673745440757
-0.409926368118457
-0.480426679051941
-0.475092662045104
-0.402467687574282
-0.280760486548740
-0.128000150754633
0.042261619292653
0.217248142982930
0.377870517136322
0.495894849266448
0.540260973198153
0.490635212545874
0.349829913340711
0.146486395625732
-0.073868306472872
-0.264367502810321
-0.391599128390803
-0.443192912227992
-0.425490847153906
-0.354498977866624
-0.246634518269862
-0.114214109233555
0.032803692271407
0.180865732155514
0.308600024568854
0.389917476326704
0.403123530168057
0.339795512222508
0.209152973726086
0.036703524917765
-0.142302946136081
-0.291611658260513
-0.381405631663482
-0.393873183943698
-0.327028503331232
-0.194872432789156
-0.023394951611761
0.155152867304282
0.308027860576829
0.407538182231701
0.435841067866273
0.388556539872177
0.276332277255034
0.122443012362720
-0.043533300319609
-0.192784042221138
-0.302642397996346
-0.360273608448458
-0.364639485886889
-0.325615004000303
-0.259882901209737
-0.185076289642033
-0.114293809040511
-0.053090584099521
-0.000424780422507
0.047689029007618
0.094912884278523
0.142445548582097
0.186971534443051
0.219936333262882
0.230143577564352
0.208709524450331
0.153596379123666
0.071436443216353
-0.024297041134857
-0.117386422538809
-0.192616165288746
-0.238031077146351
-0.246081730646778
-0.214319835729764
-0.146525936289207
-0.054099624378799
0.044432447728585
0.127386961575469
0.176551300757133
0.184034693013081
0.155508107555437
0.106787362903969
0.056006076707504
0.017140377706532
-0.002283774614691
-0.000634664349537
0.019112363513018
0.050574379455893
0.085226118163231
0.113920050111554
0.128234154023117
0.121291127180654
0.089134131325363
0.033580132742666
-0.035382820631738
-0.100799737327386
-0.144102260918618
-0.152058071181895
-0.122132041137200
-0.064223013156508
0.001995782956520
0.053802047028169
0.074387915430579
0.060301610432904
0.022926628535564
-0.017853508164589
-0.044339529953033
-0.049043831899188
-0.035450581607145
-0.012551275328662
0.011894987311771
0.034396915963433
0.053914918794989
0.068256095265833
0.072584592306501
0.061201502469959
0.030567512300024
-0.018446040965320
-0.079392894799337
-0.140539893377214
-0.187533826155962
-0.208150672986081
-0.197047359576937
-0.157792305086143
-0.100657415903006
-0.037911480254329
0.019706726680427
0.063840133757009
0.087966168996351
0.087330656435404
0.060547530915002
0.011923994769586
-0.047671046908892
-0.101854824266442
-0.131362558775276
-0.118973961866241
-0.056358624042206
0.050197954589367
0.179080189075147
0.299449987818577
0.381747321571145
0.407001239197273
0.370673148456977
0.281128873999010
0.155696849454602
0.016749611295156
-0.111744781979277
-0.207941965626608
-0.256802236025482
-0.255399801591074
-0.215968207888501
-0.162213614640174
-0.118158309832486
-0.095332913518151
-0.086961232682066
-0.073975770323761
-0.039425275910993
0.018844561374722
0.086264613723239
0.140568011614891
0.164156672687459
0.152149243827595
0.112699545796743
0.060628154063646
0.009168352333523
-0.035035145006766
-0.071499526760949
-0.100814794576457
-0.118657356838274
-0.114990285341658
-0.081298988695495
-0.020427393690420
0.050184055738245
0.105786852061020
0.127917583831193
0.114883403547926
0.080948439872380
0.044643060358494
0.015838222621032
-0.008266796983971
-0.036355698942065
-0.072069429907880
-0.108216425874290
-0.130569285375841
-0.127371607544568
-0.096904659275160
-0.048592086044599
0.001647059916869
0.038531667099391
0.053847720150853
0.049359056918532
0.034622350608338
0.020534276485566
0.012066402344759
0.005656929083590
-0.005459597106813
-0.022017127831764
-0.034635382828877
-0.029694351775430
-0.000520109079366
0.045476050083781
0.089712430569489
0.113504916907058
0.108915511393726
0.081520291268510
0.043990448762886
0.006048366414698
-0.031725313470103
-0.075575990549181
-0.129071533489433
-0.184007849538168
-0.220161593299679
-0.215625483276053
-0.161014033635554
-0.067622012861186
0.036496749471910
0.120592449379592
0.166812633864228
0.177647476313425
0.170615841093246
0.163902375878350
0.163087874958305
0.158260439994991
0.132496408765040
0.074709325179864
-0.011449670379942
-0.107398169285335
-0.187616503051016
-0.230507792236555
-0.226048294955809
-0.177586653030715
-0.098610950980669
-0.006930790788730
0.080396290029708
0.149240122434021
0.189166993149619
0.195151217746929
0.169581630685201
0.122385420835867
0.067955076277809
0.019459917450720
-0.016323810663648
-0.040124735513680
-0.056877593103713
-0.071164645310933
-0.084712298295596
-0.096616875759347
-0.104691128192984
-0.106297531860288
-0.098757747769721
-0.080571495020057
-0.053349421963688
-0.022111598440229
0.007385949205266
0.031765550016448
0.050521417052506
0.064124765426279
0.071819334612225
0.071063269218834
0.059470562135434
0.037702449029253
0.010490571290203
-0.015238888505903
-0.033514330934223
-0.041659704595717
-0.040600618069830
-0.032921081666311
-0.020751928778262
-0.005910495165990
0.008624189916813
0.018379742223558
0.018918642107601
0.008368278257686
-0.010488463369821
-0.030052217547318
-0.040150495324510
-0.032191919305956
-0.004459509057451
0.034203027197470
0.066842778993989
0.077309809578112
0.059127726688792
0.017959281904178
-0.032401225371228
-0.076568576607890
-0.102725550945505
-0.104305575145947
-0.079410083457606
-0.030860574994491
0.032852682478988
0.098266447899443
0.150748621010189
0.179856054478234
0.182882350467202
0.164101915943684
0.130597160675034
0.088237236936600
0.040349828005749
-0.011152642578655
-0.063846301005309
-0.113919340178285
-0.157263332566828
-0.191121392642019
-0.213947551573515
-0.223373530386206
-0.214821466904285
-0.183091869059417
-0.126156497899551
-0.048169964213822
0.040108872331638
0.123586711154886
0.187286479038048
0.221010968907220
0.221153659340607
0.188716882490022
0.126154049196334
0.036653029479781
-0.073118402377596
-0.189493248202680
-0.291300176383799
-0.354042878110584
-0.357690630851479
-0.294978266751725
-0.176160818180498
-0.027266046211466
0.118095193053696
0.230250087912160
0.293579451621737
0.310380089741874
0.296098779724951
0.268570650347173
0.237634232988456
0.201137237498632
0.149562001342763
0.076280412747793
-0.013621153929926
-0.102554135956222
-0.168602678101362
-0.197263260172162
-0.189058613180137
-0.158076208271230
-0.122613209094288
-0.094359342563699
-0.072899910425350
-0.048119186031242
-0.007909458078711
0.053760151524140
0.131801602058879
0.209139961833529
0.260843984661677
0.263358880499086
0.205627432662318
0.096011922595498
-0.039400403428712
-0.166480831757780
-0.255890701513584
-0.292661017363374
-0.277787948608997
-0.222166989159214
-0.138340467286514
-0.036098021092847
0.076239140245748
0.187586211362274
0.281676386634849
0.339962720663443
0.348866859407920
0.306627803738998
0.225280683154324
0.126349486496014
0.032332314184587
-0.041740579748873
-0.092503315289431
-0.126653396520137
-0.155136924628348
-0.186179979438301
-0.220566483497407
-0.251612965435425
-0.269026396705893
-0.262877366038384
-0.225445496602437
-0.152459719916818
-0.045674859557984
0.083890934431303
0.215065587028308
0.320908435603547
0.377656930981309
0.373115778810583
0.309595743226674
0.201112518005004
0.067594954406889
-0.070901098983836
-0.197316384336691
-0.297709471725333
-0.360703060227601
-0.377998551184235
-0.346157050600739
-0.269069344184364
-0.159270087763975
-0.035855705471230
0.080789771621724
0.174107543004871
0.233602352337447
0.255179601727037
0.241493301878235
0.201573261423317
0.147864496539122
0.091039267843549
0.035606020543545
-0.020219381257821
-0.079780641874844
-0.141755437128982
-0.196816588157421
-0.229647155455212
-0.226028388441363
-0.181420609296751
-0.105287625637105
-0.017649961305553
0.060117263628613
0.114556484461435
0.143931746162335
0.154254106898893
0.150813451142657
0.132371634548437
0.092890828973985
0.029433969396274
-0.049913048157523
-0.125026262498287
-0.172032785109403
-0.175444418633312
-0.135183090814333
-0.064234337098351
0.019542733375143
0.100548637255076
0.167722509282995
0.213097572120049
0.230031423030947
0.213188906531977
0.160257523250001
0.074782149647429
-0.031491028002001
-0.139166896553673
-0.225490831356815
-0.270854175082942
-0.264768260121741
-0.209060090758198
-0.117330069180046
-0.010875080608319
0.087197383989477
0.157239675313137
0.186517374339130
0.171166509401452
0.117087448404529
0.039272833261308
-0.041169700474403
-0.102473657962329
-0.129337958499321
-0.118921986097006
-0.081936341253222
-0.037463917742863
-0.004102943682612
0.008015260080998
0.001030273848540
-0.011832007587645
-0.012035340969637
0.015321752994031
0.073402086312735
0.150998225675585
0.226254557976780
0.274063389123651
0.274197094643696
0.218093314959471
0.112588613652909
-0.021007099077844
-0.153371028319960
-0.257139621681273
-0.315086262893699
-0.322339634650068
-0.283518267780911
-0.208570841950041
-0.110080610605777
-0.002789800877191
0.095805361923647
0.166601471233558
0.193789754954488
0.171655492723225
0.108251144984407
0.022759425657734
-0.061553539333430
-0.124603783566883
-0.154039414678564
-0.146218547597529
-0.105057431747244
-0.040629460754982
0.032890857953708
0.100756824084073
0.151000630775780
0.175999761621686
0.173004139967653
0.144266846640151
0.096256946664581
0.037985389443022
-0.021058175748297
-0.073229127138939
-0.114327495638713
-0.142616857119905
-0.155739154329286
-0.148883301462956
-0.116653833578577
-0.057841562152477
0.020348987028196
0.102203787875245
0.168033786326701
0.200987080746420
0.193644279671694
0.151805568220198
0.092273225521040
0.034229403284540
-0.010829084432642
-0.044085974732167
-0.075989444138342
-0.116113484228942
-0.163331354899507
-0.203723988801194
-0.217240295165846
-0.188346537615080
-0.114845411403951
-0.010390573411197
0.100813525624074
0.194077794134156
0.253041812068247
0.272684144846894
0.256187925159593
0.209237390792014
0.136507517838900
0.042066844079902
-0.068248753407080
-0.184569688346829
-0.291608985442986
-0.369022908666424
-0.395085469061914
-0.354189029562818
-0.245188456535822
-0.085397837681174
0.092927596660540
0.252649387270370
0.363757839458636
0.411467847799599
0.397054453470655
0.332447076516900
0.232506076084955
0.109800664802483
-0.025092434358901
-0.159575863994291
-0.276416448777006
-0.355962295789210
-0.382592935293487
-0.351423041760324
-0.270516680357808
-0.157144691161329
-0.031194260824616
0.089892592818652
0.192473965332980
0.265255459044079
0.298337323052675
0.285599372864850
0.229449413947387
0.143403127955771
0.048552016703199
-0.034888443647299
-0.095251309320174
-0.131537331945280
-0.149732866583147
-0.156935223325345
-0.157149193573116
-0.149835510950659
-0.130748249379630
-0.095318216334422
-0.043857743315896
0.015310153413267
0.068438697418552
0.103249538627632
0.114970463680534
0.107224315212261
0.087414256138017
0.060699126262600
0.027649606978808
-0.013238701185647
-0.060983165884111
-0.108553784962366
-0.142492267011469
-0.147146637696237
-0.112232528574608
-0.039444537472835
0.056041191668739
0.150471256421361
0.220399076395812
0.250687139958758
0.237886635655371
0.188512623751436
0.114224754225628
0.027342070947859
-0.060443248890217
-0.136662342382124
-0.187581973293718
-0.201414354833505
-0.173818892921285
-0.111037711119715
-0.027571587044683
0.059566764174954
0.135192320606533
0.186793859244395
0.204406114688437
0.182590283425217
0.123549601307615
0.037880007603346
-0.058163520249921
-0.147243323442187
-0.215513885399037
-0.255495502958670
-0.265887319741394
-0.248827944935832
-0.206979949232652
-0.142621357700702
-0.059179973360541
0.036074171396081
0.130523071643012
0.207835736462804
0.252943664113213
0.258581039347382
0.229558968197190
0.180757701199298
0.128930598927779
0.083816680923833
0.044836298268614
0.004855084962186
-0.042708280186635
-0.098648358694848
-0.157509979424523
-0.210914508250710
-0.251454130821199
-0.274352905534284
-0.276239671819030
-0.252834038343944
-0.198452299084309
-0.109192754782129
0.011532644266574
0.149141400037755
0.278878075724617
0.372107845386257
0.406095679198512
0.373450879216766
0.286115796191329
0.170561012666130
0.055880137902261
-0.038948127281338
-0.111310289200020
-0.170620177359305
-0.226021093430180
-0.274933502793117
-0.301288882759201
-0.285139144075607
-0.216448499319627
-0.102977238374655
0.032244664015436
0.160326087420520
0.256221783971782
0.304673444266763
0.301607838297119
0.251995741644284
0.166619184461291
0.060079074192320
-0.050068088923037
-0.144867433125604
-0.207500623197576
-0.228368059832043
-0.209173147567706
-0.162849003052124
-0.108595470340660
-0.064110031778698
-0.038106201283041
-0.026919445919353
-0.018088828538880
0.000764962998511
0.033601060632107
0.073603028206892
0.107858149177615
0.125336082451760
0.122719837606066
0.104391967430150
0.077596559900344
0.047783218846135
0.017588541312899
-0.011292429825235
-0.035973486131077
-0.052139569369267
-0.056136188980463
-0.047618691928441
-0.030608678466682
-0.012588489450654
-0.002036560392099
-0.004655930528264
-0.019988132786084
-0.041076723629561
-0.057811516164237
-0.062038549715756
-0.051890826811642
-0.032600797580845
-0.012339163747873
0.003779578953988
0.016178459079547
0.028208320042794
0.041509116242475
0.053750295193009
0.060663029410573
0.059933594422551
0.052843131351221
0.042491745394928
0.031045884719649
0.018425841301151
0.003124673356406
-0.015133574213254
-0.032744395195019
-0.042672213373163
-0.038890016226805
-0.021178552335384
0.004446124512555
0.030096375164566
0.050986263937096
0.066686260541033
0.078371951786878
0.085373308590419
0.083912357879037
0.068731394995650
0.036927440997131
-0.008033845961940
-0.055457716242040
-0.091626952948840
-0.106751733245403
-0.100024171843297
-0.079387258508451
-0.055612669161225
-0.034557209774036
-0.013879836170638
0.013053250546008
0.049478246104081
0.089393147203557
0.117563538306355
0.116277766002657
0.075653096335970
0.001571033606531
-0.083916303919728
-0.151321509018602
-0.177864528422427
-0.158482299066946
-0.106215233451538
-0.042703773420347
0.013417939889674
0.053290531199231
0.077717953309341
0.091932349671227
0.099291338578016
0.098228221998069
0.084002546483000
0.053401460194571
0.009130794980334
-0.039279498684850
-0.079222554502380
-0.100750925094647
-0.100183268478900
-0.079918983739584
-0.045719032471774
-0.004037671699462
0.038477826010932
0.073880307773111
0.093502367269097
0.091999618172947
0.071869571969677
0.043733842384502
0.021009319520936
0.012091874100771
0.015259587955512
0.019839708638912
0.012748201672828
-0.013720099420301
-0.056919014762152
-0.104536334665608
-0.141375239350988
-0.157924769436583
-0.153824637340046
-0.133932787774343
-0.102021214043725
-0.058202042729857
-0.001528362917167
0.064763048119253
0.129903872658539
0.177872676763464
0.194332254668623
0.173301253987326
0.119567267121679
0.046473320196798
-0.028710428188699
-0.089262815778134
-0.122489541070741
-0.123042587950675
-0.095393923893833
-0.052398747151711
-0.009067428074819
0.024606734259295
0.046879737225418
0.061949822126218
0.074460166481936
0.084829370093874
0.088224392316207
0.077381345282814
0.047540285063328
0.001102587825850
-0.050803099995901
-0.091928869908092
-0.108240607024801
-0.094390118979556
-0.055906916595084
-0.006859538487493
0.035701901740006
0.058528364795336
0.057534772065882
0.039413393771640
0.018179086970660
0.007314646757492
0.011545974813535
0.023895798061889
0.030685761532591
0.021469738336102
-0.003053223648722
-0.031162343126322
-0.048237277594973
-0.046082886255986
-0.026372664885262
0.002720183017204
0.032500039886205
0.057722356957710
0.076540509526515
0.087683195053638
0.087999077462804
0.072719869324294
0.038421665056977
-0.013027066396429
-0.071912420357872
-0.122190132736359
-0.147793887153475
-0.140324205186027
-0.102984835415404
-0.048230180419019
0.008853011605188
0.056333871577174
0.086941210516521
0.096593043210045
0.083506367329396
0.049530395682805
0.002495485727395
-0.043064388322445
-0.069373423181838
-0.063349145361002
-0.024984239661838
0.030111251898439
0.077262279231499
0.095568420822397
0.079680545347813
0.043216097115568
0.011082908172942
0.004622444832989
0.028354972916456
0.066565894425996
0.092438927975246
0.084780246418025
0.041339485605891
-0.020786353514251
-0.077258773713637
-0.111424716548225
-0.122222870798656
-0.121619490764643
-0.124456958794168
-0.137350182723173
-0.153396972781856
-0.156205098847194
-0.131260456052424
-0.077082101542723
-0.008174912215915
0.052051754502408
0.083560357029745
0.079993402332252
0.051572496080743
0.019467531619285
0.005212697116578
0.020668593518296
0.063002613996530
0.116572716199945
0.160021835950787
0.174604667874242
0.150568457757271
0.090464756191897
0.008827454698657
-0.072649532078950
-0.133599602194728
-0.163303451081513
-0.164143640438518
-0.147997933111251
-0.127432891996660
-0.106809467912617
-0.079348942871395
-0.032915555061912
0.038976977049387
0.128118303108049
0.210682385341081
0.256476182230914
0.244363291880822
0.175111628803894
0.073508119319427
-0.022516593960472
-0.080097385765246
-0.086179211613603
-0.050352555018126
0.004118460162906
0.053781547351712
0.084754414522323
0.094288365759289
0.085303277296669
0.059751631285859
0.016459708006432
-0.045920731252246
-0.124449315450424
-0.209399657611434
-0.285015008363702
-0.333392312155745
-0.340092615495370
-0.298907439058871
-0.213731601677942
-0.097188574311536
0.032982754552022
0.158136951584807
0.261999573392019
0.332557230566551
0.362891009774057
0.350860030864144
0.298069149669203
0.209776290453043
0.096243968248938
-0.026486127277763
-0.138930373503759
-0.223885235228510
-0.272784072017238
-0.288455828887270
-0.281621674955565
-0.262692667169874
-0.233904920872441
-0.186988727782491
-0.108808768350806
0.007206754510774
0.150714349811808
0.292864676661620
0.395649097932579
0.427399249040861
0.376936839136093
0.259091280782650
0.107393737038473
-0.042180059538399
-0.165432199581657
-0.253158322138560
-0.303754524074460
-0.313601263617384
-0.274440277789531
-0.180566006922809
-0.039723060536927
0.121918874430111
0.265635650449060
0.354262296691486
0.366824740921256
0.305644409031628
0.192652767896309
0.058141302400238
-0.070917707539235
-0.176785659323413
-0.250082268358261
-0.286128245556415
-0.282962849484585
-0.242182222546717
-0.170836189239555
-0.082041555109173
0.006820826697827
0.077969667588301
0.118350280879319
0.124466236065962
0.103754264362260
0.070400891483256
0.037744599554449
0.012432507169890
-0.005773917349546
-0.019456719660625
-0.028855821542655
-0.030699759557084
-0.021020833735559
0.000371932861340
0.027710852732144
0.051603579677045
0.063756062373768
0.060509838604745
0.043692968237171
0.018568606351925
-0.009920792957296
-0.039309351838485
-0.068230955367216
-0.093265267766017
-0.107126994070139
-0.100375598683786
-0.066745922973050
-0.008957969320118
0.059968934487762
0.121890867596170
0.161578119887498
0.171773206993696
0.152490203368281
0.106765701689794
0.037723652581530
-0.049943750539210
-0.145540772251069
-0.229903169430780
-0.279050683693580
-0.273595978991445
-0.208874710101954
-0.098888038900604
0.029704712704561
0.150072047873263
0.245823760944537
0.313345273726548
0.355616687909243
0.372940963377535
0.358049290003099
0.299419932863665
0.189744171651315
0.033211960076914
-0.152356911157875
-0.338959858135270
-0.495801613155009
-0.597495868126131
-0.629367607478220
-0.588170012141861
-0.479631831438040
-0.315706808756891
-0.113718383773060
0.102992185810890
0.306000354804374
0.466609418134063
0.563012698615630
0.586103199413718
0.540963304346057
0.443087324751680
0.311646297224587
0.164606219313435
0.018351378722826
-0.110568134818874
-0.205657672670237
-0.254026972999780
-0.251411065118125
-0.205471074735551
-0.135117808378213
-0.065830911519285
-0.021933670003282
-0.017250616132868
-0.048316360853420
-0.095648978328072
-0.133575581063466
-0.142505987239534
-0.116313045459962
-0.061245937389346
0.011284565239937
0.091247015667098
0.170665692316902
0.239708048853576
0.283760947678656
0.285919007590883
0.234717684137907
0.132011153887488
-0.005252487864693
-0.150981127388179
-0.279206172842636
-0.370536235259679
-0.413090152985163
-0.400020747436445
-0.327861410961906
-0.198502377281443
-0.023844464251088
0.171163281314966
0.351154933660560
0.479336917255671
0.529564178734771
0.495363749406923
0.390189120699541
0.238541994816273
0.064341850060097
-0.115463067177196
-0.288667540988894
-0.440409676740875
-0.548582115661502
-0.588220567106083
-0.543281242806047
-0.417283293010962
-0.234713759685397
-0.032269166426906
0.153944777505205
0.297903901835388
0.386809808567858
0.419390100564709
0.401710062486103
0.342311478610385
0.248993663528926
0.129155908536476
-0.007026840761453
-0.143640862037713
-0.258989715275981
-0.329457834948171
-0.336593810386916
-0.274764892659504
-0.155328055331572
-0.004414623807942
0.145237187021192
0.264510315134610
0.334901791459098
0.349744559139110
0.311662675341295
0.229572570163619
0.116886109252817
-0.009070582708263
-0.127780363077311
-0.218241198739402
-0.263491310571610
-0.254716463569141
-0.193550751304732
-0.092582576497123
0.026193295570204
0.135460184929570
0.208931652915263
0.228833557738895
0.192314973557634
0.113373991164775
0.017887879885215
-0.066717183004499
-0.122184281002615
-0.145163714545355
-0.145282643463129
-0.137402874010139
-0.133009655494189
-0.134865746222286
-0.136448448630339
-0.126108697021442
-0.094415221748729
-0.040849546421392
0.024246740420891
0.083457775178343
0.119683390268578
0.123848437073891
0.099214308589441
0.059411101615030
0.020828218872073
-0.006197091988432
-0.022159462140021
-0.036130460883041
-0.058174793732293
-0.092217376032666
-0.133602853432215
-0.171057664530255
-0.190951384594711
-0.182074829217706
-0.139581236396507
-0.067356239528345
0.021957121263887
0.110582629747373
0.182338678435171
0.228463669441183
0.248613253663325
0.247131041187480
0.227910342818572
0.191270969741809
0.134795461609798
0.058064123688973
-0.031723954648330
-0.117940879759601
-0.179071761898131
-0.197926407015043
-0.170217422050540
-0.106606426059034
-0.026679972470853
0.050525926824254
0.112939548480398
0.155889061113197
0.178310121081049
0.178685521151000
0.154089651428049
0.102806022482433
0.028079747428340
-0.059724578697022
-0.144100752357342
-0.207019157159268
-0.235821070573029
-0.228766816117980
-0.195419166971330
-0.150534078005543
-0.104605074930761
-0.057845847450305
-0.002458225045003
0.068518314675512
0.152300431246495
0.233383916250557
0.288260233460743
0.295410535271882
0.245502771968927
0.146365676557514
0.020040467673843
-0.106515966381449
-0.211929806244634
-0.286081077371383
-0.328187192020528
-0.340158676569413
-0.320843924285989
-0.264915424572882
-0.167088080533059
-0.029233896684201
0.134799657472508
0.300354986560008
0.438266541584799
0.523507028023581
0.542833814491151
0.497514081746892
0.399935965851564
0.267100049323151
0.114874461064376
-0.044738962923704
-0.202605135629481
-0.348867493098650
-0.469718900200331
-0.547154292425101
-0.562658767291363
-0.504064690627183
-0.372800399101156
-0.187225219204347
0.021223301364078
0.218179017396989
0.377478740404171
0.486745481192911
0.544271515429725
0.550536950118602
0.502024615493376
0.392473569524775
0.220222849955110
-0.003315872729180
-0.249000646511833
-0.473388973598185
-0.631288715863467
-0.691757364714628
-0.648411202497910
-0.518532645962067
-0.332396825446801
-0.120232390472931
0.094805963677854
0.294872634540230
0.461257973748290
0.571157655467544
0.601919192115189
0.541053549058194
0.395043094652737
0.190116107995054
-0.035803654804119
-0.245005753019791
-0.409893214613532
-0.516786006015122
-0.562553510992792
-0.547700497450657
-0.472225975060252
-0.337221241727799
-0.149687064119246
0.073762807929733
0.307125808522543
0.518911419183594
0.676949860263257
0.752495418665857
0.724889924999679
0.587372777495921
0.351477876496048
0.047593579589240
-0.278548533436736
-0.573684396295739
-0.788252749628679
-0.887022246804710
-0.855346705092858
-0.700260281448732
-0.447108397440441
-0.133287874037439
0.198155053296300
0.503192555209478
0.740606928263394
0.876604564617359
0.890329365809593
0.778669405449367
0.558177453977154
0.263044165621214
-0.060258865057657
-0.360801630264757
-0.592860987253641
-0.725480341622698
-0.748278833294476
-0.670715563843367
-0.515186890828508
-0.307954898753234
-0.073762455663467
0.163385647336244
0.377057100603299
0.538221984782693
0.620096805304144
0.606361833237087
0.498103088919378
0.314598317521618
0.087806236619015
-0.145212741595766
-0.348492109377405
-0.491512190699454
-0.552682153660152
-0.522263935753685
-0.404173603174142
-0.216712387758789
0.007766484418175
0.226634346638001
0.396377736841959
0.484680073137115
0.479048171290307
0.387924824310689
0.234383280843751
0.046403401917338
-0.150551058103814
-0.335087557429587
-0.486441053796929
-0.580577399705312
-0.591542391482405
-0.500641539701290
-0.309182990193515
-0.045768256984061
0.238592919987407
0.486410765817080
0.652135471760085
0.713535841864623
0.672324458493810
0.546706971608723
0.360939740847838
0.137403614550377
-0.104534810622268
-0.343655046016324
-0.551730888540621
-0.694190436016852
-0.739097437271522
-0.670584858046942
-0.497823508360409
-0.253061870489637
0.019595031390312
0.277623108077894
0.489299657193928
0.635795290293346
0.707715943824610
0.700774457112478
0.614010200502112
0.450874339944028
0.222003878029592
-0.052131430183250
-0.340782691508963
-0.605707697357126
-0.806808109389308
-0.909348394285138
-0.890541438775822
-0.743843974524741
-0.481294838565861
-0.134052332076696
0.249948248881637
0.611788365529807
0.890865454705336
1.036933281379403
1.021455582098814
0.843997084703139
0.532084933422464
0.135650204370060
-0.281738526601769
-0.652823837720492
-0.916994857494952
-1.030571913806517
-0.975605130543362
-0.764838752286299
-0.439863984096305
-0.060844860237936
0.308848547998693
0.616154439494107
0.825217153183553
0.917626270032713
0.889203476993376
0.747199193506416
0.509821543550086
0.207299080861333
-0.118153484030649
-0.416662149266724
-0.640787081428758
-0.758407390579084
-0.761856689198702
-0.668309067836391
-0.510825698713007
-0.323953022480229
-0.131941152097418
0.053515927798548
0.226906168040388
0.380598214545649
0.500254444030926
0.566113792161449
0.559654021482283
0.472262383074802
0.311345430757336
0.101427255112307
-0.119631595330444
-0.308358123504802
-0.426297293723458
-0.450614439732746
-0.380204669373338
-0.235207966865240
-0.050876747680547
0.132039979039767
0.277257329178067
0.360140454906143
0.370740020635704
0.312865088891066
0.200269044958529
0.052217929060360
-0.109203797024456
-0.260138199528150
-0.376434656630495
-0.436859943653143
-0.428070377397728
-0.350235547149653
-0.219845376059763
-0.066044587475558
0.079010563200919
0.191451602223844
0.263107268782346
0.300256668557733
0.314201981467859
0.310891077587195
0.287224458714542
0.236085214172331
0.155905332435606
0.057012666686231
-0.040789246114488
-0.117981365686933
-0.165711530300471
-0.189942935981052
-0.206426829076793
-0.229321198880195
-0.260487919965839
-0.286299535580957
-0.284608362476629
-0.238538851857861
-0.148376691095138
-0.032791774116963
0.081438744224371
0.173144805242433
0.234587587121221
0.269411338893843
0.283496387542682
0.276521323753002
0.241631981524188
0.173893572527128
0.080942556319955
-0.013267645121191
-0.077145751008710
-0.088825783651059
-0.049872062960878
0.015240792539164
0.073166675692266
0.099281794577290
0.088060577035840
0.051063054434479
0.005926547037233
-0.034284852505723
-0.064610293997765
-0.085752446581418
-0.100188957189648
-0.109006285063823
-0.110497511242155
-0.101583122774905
-0.080521428230299
-0.048064598987007
-0.006853129748739
0.039302961535250
0.085363804838109
0.124411368914053
0.147409117110235
0.144790565432161
0.110570309030492
0.047443435624510
-0.031011140085487
-0.104266330419460
-0.153697852194821
-0.170359769610104
-0.155811473686907
-0.116525662678231
-0.058154707593917
0.015444259405374
0.098673593161263
0.179907474838179
0.240969617998845
0.262407737926284
0.231611811766622
0.148567813856173
0.026705379249298
-0.110778578715246
-0.237388726043976
-0.329841325789915
-0.372353025858236
-0.358549126924257
-0.291811513172104
-0.183768019182786
-0.050783676766146
0.089368461583720
0.218757951384565
0.319722630572041
0.376532237990884
0.378157363579259
0.320872120235481
0.210152393487193
0.061500711834620
-0.100432196564118
-0.245347256889113
-0.344305792357727
-0.378539553745818
-0.345466710322499
-0.258436674351627
-0.140675162687132
-0.017193309238222
0.091319814583866
0.171177328773650
0.215928969040463
0.225412725455038
0.204018866844742
0.158651100529384
0.097507615121877
0.030101669274085
-0.032835636752458
-0.081563500871627
-0.111323160759756
-0.124794975147477
-0.129992673282479
-0.134145301762192
-0.137811283700967
-0.133772383425304
-0.111787333956094
-0.066044256724363
0.000010197149394
0.075271850022916
0.147696250823591
0.210177384527552
0.260884921620429
0.298902968718858
0.319722414725687
0.314796870459820
0.276130277991313
0.202724860498857
0.103824323450835
-0.003337204697341
-0.099287284383438
-0.168592187026176
-0.204679609792694
-0.211559138882765
-0.201507203047123
-0.189733265642147
-0.188268658043087
-0.201171254872575
-0.222945873353919
-0.240525487307399
-0.236974942023274
-0.195922095610113
-0.107253968416774
0.027053219610372
0.190028260302286
0.351494359612462
0.474393431609463
0.524726909554280
0.482268773462586
0.347688241807233
0.143517495978531
-0.090951339952917
-0.309533973443142
-0.471328887721848
-0.550936044810835
-0.542726131607413
-0.458315235451391
-0.319292004728868
-0.149249608983777
0.030206532857902
0.198098903519660
0.331164577881923
0.404827283909982
0.400240402304448
0.314322230449084
0.165818739846694
-0.008396502876712
-0.166169833493233
-0.275400782345194
-0.323755854832126
-0.318114745679638
-0.275268272709676
-0.210158166180324
-0.128548290579317
-0.027681611682074
0.096049237404088
0.236999431209666
0.374482981404859
0.476535812344813
0.512369652074181
0.466342478640933
0.344981791141033
0.173397460403433
-0.015126412605524
-0.189005617430003
-0.323750147309414
-0.403753371210359
-0.422538265706549
-0.382624509860083
-0.294614726949939
-0.174277718231044
-0.038609846994750
0.096110676462557
0.213576777305522
0.296586718084165
0.328458266702488
0.297429464598958
0.203046472285642
0.060662421080682
-0.100417680658563
-0.245101604067408
-0.342466769183474
-0.373171254711335
-0.332806935645176
-0.231552405035453
-0.090672353726016
0.063442318535516
0.205767774420609
0.316708003866486
0.382347187156761
0.393192359332496
0.344873325308586
0.240993423931992
0.095290591127199
-0.069232988094211
-0.224666851562361
-0.344600439110878
-0.409818481338107
-0.411317314368464
-0.350820899406335
-0.239716405498364
-0.096479909444253
0.057130264486282
0.199549508857240
0.311562977864715
0.378171031892564
0.391144120919253
0.351242262087952
0.268292233980962
0.158303996169644
0.038618061872753
-0.076257862472693
-0.176219907897228
-0.255020849535004
-0.308703712715032
-0.333881806978143
-0.327227394826114
-0.287074723591480
-0.216185601634807
-0.123447678861337
-0.022852893583535
0.070294805646243
0.144098693495067
0.192807899966597
0.216209543891730
0.216901588311813
0.197979387322046
0.163016535499585
0.117799112534435
0.071316749749297
0.033645408300382
0.011009574961256
0.001866616459868
-0.002205692709255
-0.011014882758579
-0.029427185465065
-0.054284655512195
-0.076155362604622
-0.084584077629989
-0.073370564916884
-0.042697584772849
0.001958061630828
0.052414710660219
0.100905792658653
0.142766171867656
0.177070816061555
0.204711591576874
0.225729650958005
0.238530634062416
0.241371573450865
0.233548389458787
0.214285747885304
0.180694456219058
0.127221632186173
0.047632549919845
-0.060477678900104
-0.190729003826407
-0.326603411566604
-0.445062624403933
-0.522403719066657
-0.539841634042537
-0.488353622144176
-0.372142414920777
-0.209194371879363
-0.027771453245870
0.141091573023073
0.272610924713662
0.354036530561162
0.383979202053643
0.367147342516149
0.309339709581941
0.215710565547596
0.092389084954918
-0.050424618296401
-0.197144078021612
-0.328887095310281
-0.427187126644608
-0.477369919932599
-0.471421738957195
-0.409996447945812
-0.302362331460700
-0.163824839968423
-0.011309193477732
0.141066977941868
0.283417676933962
0.407425886549709
0.502773654391764
0.556530325396039
0.556263773310732
0.495188495751559
0.376507310458262
0.214200827969687
0.030374478765547
-0.148612599730655
-0.296784038623914
-0.394438031008200
-0.433373964419517
-0.418102702924323
-0.361863251129754
-0.279932290219971
-0.184569287429432
-0.084477798778527
0.012130114536758
0.094984789329011
0.153052309762742
0.178644108662120
0.170735207522435
0.135142070007342
0.081540132929490
0.019838966671775
-0.040638743405292
-0.089247297132508
-0.113191517721222
-0.100410934638893
-0.045474693034478
0.044663612371119
0.149685937334866
0.242015189637451
0.296819993204767
0.300570636755584
0.254781521668222
0.173636402112594
0.076567479895219
-0.020007147708674
-0.107227849396708
-0.183280442638558
-0.249555331248117
-0.306217336441019
-0.349639105290281
-0.372650681699807
-0.366638279248906
-0.324443360351388
-0.243989597810964
-0.131562971132032
-0.002265652868936
0.123241563703417
0.224177985069755
0.285175567287551
0.299916056575128
0.271727521502944
0.211766559809929
0.136015473969101
0.061756000237876
0.004000714639559
-0.027373523781229
-0.029096108342721
-0.004380543317260
0.038609737303398
0.088805249841673
0.133359343567879
0.158180868538807
0.150215144547101
0.102457549345586
0.019189339998800
-0.082753612031602
-0.179092876454865
-0.247862802822162
-0.278061698097509
-0.271574144444651
-0.238364941875559
-0.190185087825539
-0.137022705870567
-0.086315623332018
-0.043020745774025
-0.009115750348812
0.017058965013040
0.039685247570680
0.062626740666502
0.087275010082763
0.111872043213794
0.131757481577343
0.141074296572306
0.135937644878733
0.117692013196212
0.094484644113298
0.078797774789686
0.080595860137231
0.100598637069416
0.128787382097382
0.148669667722503
0.144596526651121
0.108675170645723
0.043734529406050
-0.038574324077323
-0.121879379666157
-0.188991163171864
-0.225326234112665
-0.221971951870710
-0.178064163762150
-0.101914187846581
-0.009848063946155
0.077976803730970
0.143305123782707
0.174432005723686
0.168541062510687
0.131477190301951
0.074949593719495
0.012375171774331
-0.044809915862195
-0.089550166244561
-0.119919598445154
-0.137528416055117
-0.144089895791490
-0.138509168338310
-0.116502651191768
-0.072942844098030
-0.005852160860071
0.080246860374344
0.174241079506347
0.262041414494465
0.331637943556406
0.376399228296681
0.394442823361833
0.384598796795472
0.342621564065107
0.261705253877483
0.137675893861631
-0.024606939906173
-0.207701755282228
-0.383525302952491
-0.520823565651627
-0.594793733593376
-0.594161231130375
-0.523094722308530
-0.398249175346925
-0.242733251505702
-0.079448684184440
0.073281069787919
0.202621283929416
0.300452520836617
0.362172231186909
0.384572671439278
0.363821138881036
0.296263463772802
0.183025541148273
0.035842325308731
-0.120572943845644
-0.252962462560529
-0.329792510030906
-0.332824877011274
-0.264923210738469
-0.149854820118281
-0.022953983500014
0.082729588731708
0.147441522748410
0.167959822284678
0.152681067418250
0.113153468503918
0.058511916108450
-0.004733371777592
-0.070210953631569
-0.129888289567359
-0.174130247598615
-0.193631111120920
-0.182711794056777
-0.141750881782444
-0.076451766240132
0.005128502537836
0.094722452858946
0.183470964242135
0.259933393428764
0.309531825143700
0.318371536975247
0.280152478665866
0.200635550423791
0.096164947264392
-0.011940523642532
-0.103610384095644
-0.164626568472676
-0.188588674740359
-0.176540090442125
-0.135315392023615
-0.074896126098127
-0.005281056762591
0.065035510042232
0.128046463032300
0.174555408789255
0.193853712003864
0.175893291696342
0.116334631444075
0.021924521590700
-0.088410042009104
-0.188633846010323
-0.254495552085323
-0.271794962287809
-0.239688919130175
-0.167957891557027
-0.071739484402856
0.032089541539244
0.126203628146211
0.193932472051474
0.221797988352280
0.202978249722442
0.139885414327218
0.044082378481859
-0.067138196102165
-0.175913349426591
-0.267554849466902
-0.331538694581170
-0.361054658836249
-0.352779914252628
-0.307582107910370
-0.231399859754007
-0.134535071113616
-0.028899550875609
0.074823283119702
0.168134326482336
0.243974309001441
0.295561983414077
0.315935161868829
0.299013086133937
0.242254603905763
0.149897211002023
0.035260482406903
-0.079506716796731
-0.167978118623397
-0.208071754544188
-0.190854315138630
-0.124448687874029
-0.030078415098090
0.067907354309374
0.151392163272308
0.211759211353357
0.247189029491350
0.257533436035969
0.240665422454168
0.192963561423270
0.113511330641170
0.008503499171372
-0.107420197453368
-0.213929136025757
-0.291207153982467
-0.326946772968406
-0.320073340191142
-0.279012694118771
-0.215849142458104
-0.139902744104231
-0.054625252644840
0.040065193985350
0.142162009483801
0.243400597250894
0.329115353224624
0.381722475767426
0.386225178528853
0.335519721499287
0.233435483324173
0.094731052645101
-0.057679388164804
-0.197676244916448
-0.301452903531577
-0.351684862725497
-0.340461363300993
-0.271818576469199
-0.162358328979472
-0.037131461889213
0.078959972164592
0.169611751454737
0.230383833617645
0.264972445374827
0.277073807744540
0.264212710847128
0.218577633142111
0.133707286392868
0.012265412107864
-0.129532328260688
-0.264486796700034
-0.364047125056686
-0.409202442374007
-0.396138688086377
-0.334774841791834
-0.242049334864306
-0.134025613572067
-0.021546829256214
0.088895656191264
0.191549646208252
0.278224877271749
0.337188884864983
0.355091794989855
0.321932515452084
0.236792607623012
0.110940889316365
-0.033729167860808
-0.170406871887278
-0.274522374512614
-0.329348146900701
-0.328795252387506
-0.277823530344355
-0.190665526397497
-0.086352542868305
0.017544240748917
0.109410791448439
0.183505049000475
0.236608042559486
0.265144549569036
0.265260096321109
0.235322795946812
0.178357224113571
0.102627593189403
0.020421064594464
-0.054211515937534
-0.108486966396848
-0.134383905280273
-0.131312319396708
-0.106261886460023
-0.070804974542800
-0.036572157682950
-0.012139039632441
-0.002491521416912
-0.009514852239838
-0.031793073577959
-0.063429884847607
-0.093060278731275
-0.105733494626321
-0.088950316650298
-0.039661902973879
0.032462776182456
0.107478275055952
0.162606447663870
0.181713126117192
0.161706336206310
0.112204985731079
0.049713445317006
-0.009673300940107
-0.055900132880457
-0.086989938640961
-0.106719086029387
-0.119921245812829
-0.129004885029173
-0.133313533207366
-0.130441071648226
-0.117695356725697
-0.092491657808329
-0.052292948161881
0.004362254280461
0.075253234656989
0.151647015880158
0.218127919012628
0.257007921773412
0.255480730098452
0.211397806804564
0.134832477780725
0.044696201204771
-0.038374744613761
-0.099534885704904
-0.133878653284814
-0.145263992776708
-0.141052028176828
-0.126598211868759
-0.102923033853907
-0.068477115022243
-0.023232372041727
0.028175342083811
0.076573833465835
0.111536611204632
0.125707184465459
0.117468717412948
0.090437321369257
0.050572012930555
0.003313225217606
-0.047435551619348
-0.098331094074571
-0.144320592780592
-0.176632075341243
-0.183768592319709
-0.156751959854596
-0.095631873844136
-0.012370228883209
0.072697904075751
0.139779941094496
0.178844492401170
0.192799539097699
0.192279837659435
0.186146155189921
0.174703692549548
0.149851883878318
0.101690816810900
0.027555336320465
-0.062462003916844
-0.147675924539019
-0.205582935780358
-0.222193557381575
-0.198472698117742
-0.148990309455311
-0.093074535834008
-0.044624609470793
-0.007647675726084
0.020878944451065
0.044650057846652
0.063283238241015
0.072127114310891
0.065984986848385
0.043272051575185
0.007514612647900
-0.033950752708043
-0.072385278553926
-0.099675967990442
-0.109243832582737
-0.096288139449437
-0.059010504065673
-0.001116306945889
0.066903596150822
0.129805625898786
0.172349206329632
0.184665743577154
0.165506166399354
0.121542041436274
0.063778305580952
0.003791004346539
-0.048710919548579
-0.087101660727339
-0.107965572145558
-0.110358244799896
-0.095328757971086
-0.066438897244838
-0.030442891791803
0.003340030205918
0.025565183955776
0.030360974200277
0.017936008338506
-0.005116962210956
-0.028219668280821
-0.041265427363722
-0.039245513910682
-0.024518838568773
-0.005342304574103
0.008370894586072
0.009567631734336
-0.003295293234758
-0.026308197754379
-0.052460304012064
-0.075018063713905
-0.090336768534750
-0.098752619909410
-0.103103090200118
-0.105651987341511
-0.105365731570889
-0.097616552454824
-0.076638342250831
-0.039163331110822
0.012630988682018
0.070514600426273
0.122985176247780
0.160229695611863
0.178247179866641
0.179853480284268
0.172125769207631
0.161609439424130
0.150059213637773
0.133638970396422
0.106517431044795
0.066268300384321
0.016653838332184
-0.033838568143843
-0.075511761572710
-0.100837267851107
-0.106917598535984
-0.096093050506511
-0.074231722020241
-0.048197227426377
-0.024130983364096
-0.006169096790833
0.004542503282712
0.009027701404506
0.008164657592988
0.001343888190765
-0.012919826764144
-0.034933756348129
-0.061267737203871
-0.084169470058165
-0.094824565789402
-0.087957627096784
-0.063704659538726
-0.026261192921247
0.018545790773765
0.064929759888699
0.107167772881361
0.138740980314206
0.153012231433559
0.146295641528090
0.120559995108376
0.083241778769277
0.044891387320296
0.015856256094419
0.002687328494158
0.006108890502942
0.021634896432875
0.041579853656964
0.057358910006641
0.061922449884092
0.051477732161871
0.025729436627025
-0.012965562953672
-0.060949281143496
-0.114345558595929
-0.169008081775844
-0.219790629636596
-0.260404089810276
-0.284143151929516
-0.284948143437284
-0.258734412217889
-0.204939478350298
-0.127498139549296
-0.034815252680509
0.061208134342639
0.147545824553412
0.213646397318015
0.254246681968410
0.269435752721108
0.262473597452379
0.237326588542582
0.197213959481111
0.144892280270400
0.084334318134523
0.021792087564480
-0.034862584493181
-0.077602048910523
-0.099769522190733
-0.097655224077964
-0.071709416195982
-0.026855919596300
0.027965637084479
0.080841956446610
0.118628513342357
0.129198514900360
0.104150641813385
0.042172180587403
-0.048080538944491
-0.148011252539037
-0.233409915678890
-0.282072105321277
-0.281747080333867
-0.234478675387228
-0.154739331994794
-0.062711299190436
0.023408748075294
0.092923022488005
0.143968219077666
0.180336411410805
0.206065679952437
0.221251997891173
0.221259047838936
0.199347001295735
0.151398416928460
0.080320764580882
-0.002768695595153
-0.081578492439123
-0.140389914439080
-0.169731553775476
-0.169082938368132
-0.145266072642418
-0.107997370148451
-0.065660283790143
-0.023185966239362
0.017715946509866
0.056455227834978
0.091062989940918
0.116994431807029
0.127949048271950
0.118669959205491
0.088431255082078
0.042602133885926
-0.009234671201118
-0.057428042938409
-0.096053497681045
-0.124182436077454
-0.143870571125885
-0.156391528925445
-0.159815267481004
-0.149622002685348
-0.121728979954359
-0.076304702437431
-0.019747943812569
0.037436585309560
0.085417365434904
0.118425748239865
0.135105915619286
0.136888083410816
0.125368243984079
0.100373865801384
0.060861740578421
0.007854078488015
-0.053634116532876
-0.115177653568076
-0.167358731669555
-0.202662104203332
-0.217123069700662
-0.209479915411504
-0.179361817971721
-0.127301554134255
-0.056458275163856
0.026219473908724
0.110501406674148
0.184828459986372
0.238971369592321
0.266096831766458
0.263606861753687
0.233295322735056
0.180779066320473
0.113822981725495
0.040499014059631
-0.031613490936393
-0.095265654024368
-0.143478990817877
-0.170640893220183
-0.174441537719963
-0.156914701746388
-0.123506650569330
-0.080871764891745
-0.034820024907214
0.010579898378329
0.052448669305815
0.087831922333883
0.113147390517674
0.124904643963556
0.121023557690741
0.102002056307521
0.071593887289992
0.036535582893026
0.004898016163715
-0.016478965030094
-0.024391619864085
-0.020500880239696
-0.010478022564293
-0.000907205181110
0.004327823893766
0.005368210799773
0.004665138437568
0.004487985435972
0.005881929576968
0.009320463830963
0.015927090046183
0.027369965937221
0.043620528683284
0.060542149399467
0.070080818327146
0.063716757087378
0.037300195444366
-0.005838350097114
-0.055856710409021
-0.100701663988291
-0.130582498451147
-0.140784537808751
-0.132607359361670
-0.112066826799033
-0.086859372293070
-0.063138238614542
-0.043141664406005
-0.024497446109068
-0.002390466152915
0.025949109386063
0.057746432280459
0.084926524874043
0.097820577655891
0.090222451440853
0.063013890179056
0.023926637836015
-0.016376835586359
-0.049009419198532
-0.069653629923401
-0.078498339665246
-0.077782295708457
-0.068881949996250
-0.051339854580666
-0.024140807211558
0.012419319435316
0.055426350250789
0.099153848320240
0.136509296801654
0.161437886740065
0.170584064133152
0.163592981979809
0.142487809736167
0.110171720050369
0.068883441977802
0.020329681077873
-0.032884864891491
-0.086711930062565
-0.136761980005582
-0.180019659867796
-0.215703716867711
-0.243987144067153
-0.263059224601745
-0.267448272979208
-0.249475610021674
-0.202671816393690
-0.125366421915823
-0.023213631031680
0.090488624341098
0.197166505774177
0.277346556811889
0.315829295724750
0.306220203140270
0.252722636093671
0.167964916903954
0.068304885399470
-0.030793678313948
-0.117635311924351
-0.184886981595375
-0.228498693264525
-0.246372383090262
-0.237654879210259
-0.202524943361933
-0.142436002717256
-0.061103862865397
0.034101542339870
0.131449436620575
0.215890563215163
0.272231694300750
0.289427281281132
0.263879373510314
0.200299427672786
0.110066546673145
0.007917551430339
-0.091617213763622
-0.176577517763184
-0.238116306698785
-0.270071012788783
-0.269061989679223
-0.235433617580929
-0.173896689724197
-0.092755219024062
-0.001830309746564
0.089557058909281
0.173014219155469
0.240083756997307
0.281920371877309
0.291018206806668
0.264156790171198
0.204578776950542
0.121760143947616
0.028951986327294
-0.059870623598250
-0.132455565902919
-0.179835927014019
-0.197172501163142
-0.184209699384542
-0.145334667036030
-0.088695622702574
-0.024423829301129
0.037161913239236
0.086983551596014
0.118217450176729
0.126830357320341
0.111951560374424
0.076184577820496
0.025500240675291
-0.031754575221638
-0.086553670772821
-0.130614293299989
-0.157256493042426
-0.162024837168413
-0.142899189745881
-0.100235959388138
-0.037357049720907
0.038227216576316
0.114896139181021
0.179698853911864
0.222423473173301
0.238472383585557
0.229126921093341
0.198902869734948
0.151560235927492
0.088211182293393
0.009288636200315
-0.081573781093589
-0.174845002197757
-0.255666077153780
-0.308216693670631
-0.321917893136880
-0.295680726636785
-0.237675860525720
-0.161278393857021
-0.079834697766383
-0.002944327135094
0.064243205131315
0.119394940003229
0.161224533285838
0.188754616127747
0.201243430140162
0.198618114141674
0.182187028910180
0.154651396877303
0.119196354491805
0.078615021769058
0.035200974863895
-0.008621786003168
-0.049576406724394
-0.083673502653111
-0.107397401175035
-0.119086590176985
-0.119642745146868
-0.111810439426853
-0.097943625892707
-0.078008885423094
-0.049973789719588
-0.012678160398701
0.030992458112757
0.073256040870022
0.103989240013338
0.115444741379579
0.106034906190689
0.080494465305185
0.046812716649855
0.012718185103123
-0.016485131918494
-0.038713748848733
-0.054572246230283
-0.065842424166443
-0.073991170167380
-0.079203439737776
-0.080331367109283
-0.076010032108218
-0.066085220583909
-0.052108477056255
-0.036421884234012
-0.020653907658162
-0.005006569887030
0.011305309564971
0.029114276987723
0.048465791601280
0.068081058047014
0.085175905868430
0.095883080811148
0.096545589115175
0.085526856475562
0.064353760640881
0.037176050528890
0.008998579622881
-0.015665743320248
-0.032830878038182
-0.038709672385499
-0.030484680687159
-0.008346943563985
0.022565455412746
0.052072684752660
0.067373145598859
0.057451825616616
0.018077651510623
-0.045152905795218
-0.117793725094509
-0.181168441749923
-0.218667989700842
-0.221122250264759
-0.188620927581251
-0.128459744762766
-0.051518544209646
0.030753598814496
0.107889814279924
0.170518431859528
0.210233210402026
0.220921434373461
0.201368495608264
0.156762218339595
0.097569418800343
0.036413867044962
-0.015821382524804
-0.053094297277528
-0.074701000781931
-0.083139498449324
-0.081355351334410
-0.071132313563206
-0.053184454773039
-0.028560939589658
0.000108864248671
0.028682896614661
0.052564075472771
0.068034324194472
0.073250938214718
0.068484446892822
0.055733169066180
0.037982978391737
0.018253457214884
-0.001228494324645
-0.019082860271861
-0.034093317083929
-0.044895173790801
-0.050414878551632
-0.050304981294939
-0.045241488604455
-0.037361289526795
-0.030280028928832
-0.028295628899395
-0.035242647528273
-0.052939894440295
-0.079279672299523
-0.107667798860657
-0.129075345286473
-0.135494366899204
-0.122864177744895
-0.092458139468617
-0.049963802701426
-0.002306315025789
0.045421669148638
0.090663469232882
0.132242699756118
0.168849464091991
0.197912911711880
0.215390517585582
0.216720297865352
0.198189533977680
0.158094515955879
0.098061148547848
0.024119774743616
-0.053791132122727
-0.123842587326246
-0.174781255895560
-0.198567911201242
-0.192673485377315
-0.160482440218448
-0.109557760755179
-0.049391209379335
0.010317737449478
0.060776167369421
0.094596063929207
0.106477337948663
0.094908457189257
0.063705804280715
0.021577705357480
-0.020348158722978
-0.051947647685164
-0.067240750517166
-0.065810768310818
-0.051658007142349
-0.030303264405645
-0.005974154181929
0.019581295287456
0.045870123306398
0.070908164682065
0.089478341787019
0.094257522896501
0.079678046327638
0.046403888603728
0.003152908516265
-0.036078245637667
-0.058099922245515
-0.056261507165842
-0.032644925497544
0.004083565885974
0.043556977972264
0.078156491796408
0.104575402834406
0.122561763793496
0.132486764103236
0.133380442416354
0.122506110630111
0.096709635125275
0.054697943718575
-0.001032908047075
-0.063394742058559
-0.121499988762304
-0.163273760170106
-0.179097996452457
-0.165037032971343
-0.124441128326148
-0.067172160821361
-0.006607930307090
0.044312978002987
0.076407536490829
0.085650187556103
0.072362123427369
0.039484385819891
-0.008328842338214
-0.064486285879505
-0.120165696405527
-0.165121875910308
-0.189844643845777
-0.188408520394368
-0.160915787890677
-0.113936212727641
-0.058076880153728
-0.004005907471987
0.040811639608870
0.073299815515677
0.093687246435913
0.103270927685325
0.102977214723755
0.093574182645334
0.076598378533925
0.054741720839938
0.031308930176044
0.009079369374520
-0.010647937920617
-0.027896081990136
-0.042852320097769
-0.055027175983507
-0.063412480035246
-0.067101595049416
-0.065798691522947
-0.059934320932405
-0.050191413261741
-0.036907742476472
-0.020196089393018
-0.000703794170688
0.019710701860213
0.037788770252077
0.049470684897391
0.051509267863552
0.043445696352083
0.028408076324527
0.011731299962714
-0.001901376544961
-0.010860608743431
-0.016745201373644
-0.021965741004493
-0.026641133040223
-0.027891955851643
-0.022358753859850
-0.009645653831354
0.005934205897736
0.016794767078259
0.016387704882571
0.003525221944408
-0.016432331316799
-0.034228060990415
-0.041556609410663
-0.035115141772028
-0.017108767058362
0.007591937129344
0.034479765510246
0.060297056903918
0.082169052602839
0.096555938309880
0.099296381415991
0.087050737003626
0.059285610325469
0.019421812486601
-0.025455682732184
-0.065945967680288
-0.092390228269908
-0.097311041425169
-0.077461438758101
-0.034787923371589
0.024074201189777
0.089646468819629
0.151693659924441
0.200597608257268
0.228347134447554
0.229657623107685
0.202767672384727
0.149377365625455
0.074107543604191
-0.015938491582511
-0.111420238917957
-0.201126676061948
-0.272918175314626
-0.315480638442906
-0.320837483220263
-0.286946732969029
-0.219057498392460
-0.128807403481908
-0.031192670254429
0.059166651785082
0.130967228639832
0.177914760703011
0.198777331152038
0.195589692622454
0.171521578852259
0.130262769945857
0.076766690798491
0.017806800391480
-0.038640258736940
-0.085067166290318
-0.116361308817720
-0.130637525792720
-0.128271630166328
-0.110375923964510
-0.078309295393623
-0.034238697830059
0.017990260587234
0.072264761708447
0.120756984918713
0.155828259473883
0.171922871555581
0.166445940401179
0.139952623279729
0.095860487915752
0.039776477753708
-0.021033351691349
-0.078137160580640
-0.123204010905665
-0.149821575390116
-0.154848714351005
-0.139026894894602
-0.106590714112820
-0.063569019576322
-0.015997375795503
0.030574836880431
0.070934345941172
0.100506551721492
0.115800620907053
0.114732341164331
0.097245907718982
0.065807253794863
0.025323288529079
-0.017025674845189
-0.052509760239842
-0.073147040518214
-0.074671101261133
-0.058183936709939
-0.029628365123610
0.002572809962376
0.030562197214256
0.049053450159727
0.055426962219188
0.049017964299753
0.031036270255249
0.004917499972149
-0.023837997825496
-0.048637675624450
-0.063464576622756
-0.064733243973202
-0.052313914936702
-0.029219689570803
-0.000387556625994
0.028946913102546
0.054717172672250
0.074427811496398
0.086357186452190
0.088725580394639
0.079717091243152
0.058158055659082
0.024562311794149
-0.017910238568658
-0.063622619562284
-0.105973973030633
-0.139170575291414
-0.159452985511302
-0.165485637117890
-0.157711358098061
-0.137285696569459
-0.105526231770165
-0.064051052832059
-0.015420314250504
0.036089226761210
0.084581332577964
0.123917791443444
0.149283078726059
0.157978019020812
0.149342889001977
0.124164810906132
0.084415673451775
0.033731771618300
-0.022024754939221
-0.074996995686570
-0.116475986143096
-0.138568059469416
-0.136264628538589
-0.109438067948027
-0.063499635965758
-0.008040611263838
0.045940929314969
0.089259051784940
0.117117184963696
0.129513464750278
0.129046744012972
0.118300748110102
0.099015274890499
0.072534726841375
0.040317691330634
0.004313623578923
-0.033145460951195
-0.069877953753782
-0.103691230972140
-0.131665820833986
-0.150390262393459
-0.157102653519519
-0.150583391333674
-0.131528866362049
-0.102198513844659
-0.065405834019804
-0.024310852493201
0.016555426551533
0.051053093190077
0.073218078329512
0.079877033820725
0.072456997777089
0.056798726073982
0.040531233337855
0.029558785997242
0.025978655857600
0.028065077166817
0.031814119072862
0.033362543386909
0.030998976894529
0.025605865082985
0.019576153478497
0.015153392028444
0.013100364502187
0.012356493571719
0.011232239446345
0.009531588297770
0.009571771872113
0.014887745363630
0.027739526568731
0.047284064798445
0.069218986585254
0.087077877433671
0.094780968517839
0.088977392602796
0.069931680876639
0.040766159875861
0.005749140421918
-0.030954417222231
-0.065419335402164
-0.093792270631255
-0.112558931118720
-0.119142033302897
-0.112493789303582
-0.093583632591635
-0.065545534389748
-0.033109903158512
-0.001489471867961
0.024888017096166
0.043491603719097
0.054204291583494
0.058964355180140
0.060401848813566
0.059879298469995
0.056329639477958
0.046880045701635
0.028690881641375
0.000879128827721
-0.034018466716794
-0.069626693358609
-0.097278707738552
-0.109214753987546
-0.101811025663822
-0.077298575130841
-0.042953167554374
-0.007980496632099
0.020065960189911
0.037282762917755
0.043397230555267
0.040824629647038
0.033436280723007
0.025119762142026
0.018807084176228
0.016284410585072
0.018344102028906
0.025189909317707
0.036891512369937
0.053032029651570
0.071682669962890
0.089115093948624
0.100462735668721
0.100505432588478
0.084928117458854
0.052325802709189
0.005506580022993
-0.049059597515251
-0.103034864478947
-0.148376421997253
-0.179168202174470
-0.192030023872679
-0.185277932647016
-0.158733920895344
-0.114653847821919
-0.058075864923589
0.003980580228580
0.063553128350813
0.112969440748462
0.146311693937162
0.160264312921455
0.154314973362456
0.130667593741396
0.093361827796660
0.046987772200934
-0.003675962720062
-0.053214045578421
-0.095534017175470
-0.124665363188678
-0.136033376373344
-0.127808560682987
-0.101644743378439
-0.062047752829147
-0.014735802881382
0.034625592061746
0.080438822558010
0.116520214153601
0.136175423840462
0.133932133103196
0.108302808297435
0.063402131519501
0.008091382481073
-0.046400246774444
-0.089356603629916
-0.113685051345754
-0.117987244325427
-0.106192379635094
-0.085045749308794
-0.060620216774429
-0.035539083525876
-0.009006515469564
0.020358008530414
0.051535936816046
0.080016023700689
0.098860362075064
0.101696781140379
0.086022137191567
0.054338970590105
0.012921546423523
-0.030397281223206
-0.068650848487139
-0.097442683228112
-0.114885188760571
-0.120427360654140
-0.114204804082762
-0.097225886857099
-0.071705804272839
-0.040929634630578
-0.008243776917921
0.024195261946045
0.055567699898343
0.085139386287353
0.110913433207841
0.129468687555794
0.136912710635019
0.130408173691601
0.109615359430464
0.077019739173836
0.036960378538826
-0.005605924610873
-0.045701724265068
-0.078319262490000
-0.098347174116476
-0.101152775446196
-0.084339698092574
-0.049830557375379
-0.004404423329245
0.042154950023881
0.080441620661023
0.104462259520992
0.112668171036263
0.106826212069593
0.089808764128132
0.063665849255335
0.029146698735666
-0.012978175229851
-0.059769045246873
-0.104906488143138
-0.139631039617897
-0.155458230355373
-0.147102540776160
-0.114522340782598
-0.063563115109458
-0.004430480470181
0.051540896242835
0.094872363067334
0.119519848828998
0.123139882767325
0.106618814999117
0.073569229026656
0.029854298084709
-0.017508092820743
-0.061992583670334
-0.098581172073003
-0.123579773304512
-0.134089284000043
-0.128003811730184
-0.104625345242374
-0.065735094111025
-0.016432049603066
0.035451187032922
0.081291117866734
0.113613829084730
0.127512025247765
0.121825062618153
0.099567363916062
0.067020595286419
0.031897612757976
0.001136372616187
-0.020819650975964
-0.032255024891852
-0.033395710450546
-0.025617839051301
-0.010837470477895
0.008738849485738
0.030470322520627
0.051407585554980
0.068868912239442
0.080811174334157
0.085838874922342
0.083182496868080
0.072676538244503
0.054862837329509
0.031313331549022
0.004690929285352
-0.021848018454132
-0.045571615144277
-0.064915251550431
-0.079783651001435
-0.091032248609025
-0.099155561909369
-0.103215389760674
-0.101177560084093
-0.091426146288849
-0.073891185043628
-0.050042908791969
-0.022234707813812
0.007206568831817
0.036488766933050
0.063799935203317
0.086462863170227
0.101043786583907
0.104351052659964
0.094782954592155
0.073755593352876
0.045981166866104
0.017626532485971
-0.006138768539940
-0.022559530577356
-0.031729459478702
-0.035754422362787
-0.036590433417560
-0.034556246926238
-0.028891155521899
-0.019111052320936
-0.005863000673351
0.008829961562627
0.022050766610286
0.031119589867073
0.034483975427664
0.031749431081575
0.023433734815882
0.010791308956519
-0.004779826784518
-0.022324177552178
-0.041123945525626
-0.060253904440318
-0.078391542295088
-0.093513760503118
-0.102790767746904
-0.102999614722277
-0.091098929546071
-0.065484972180503
-0.028148497356787
0.014015097742446
0.050478606479240
0.070743381510889
0.068770914417657
0.046141284429024
0.011774913814452
-0.022124087587299
-0.045145154279110
-0.051930270463951
-0.042711924462456
-0.021514086243206
0.006452204728473
0.036487720640091
0.064851190497451
0.088601030920077
0.105219838009590
0.112470736997464
0.109156294341650
0.096311463755033
0.077360665391722
0.056542675601778
0.036517561767432
0.016889005576769
-0.005146009093452
-0.032123856309377
-0.063340163882703
-0.093874473367037
-0.116372319148027
-0.124325833331694
-0.114965966375623
-0.090341126652958
-0.056056735638096
-0.018692718886905
0.016192777670841
0.044722194291456
0.064475302838725
0.073848819701361
0.071676662680287
0.057916318200161
0.034959165449994
0.007990130975750
-0.016298800905555
-0.031979974094669
-0.035957553227926
-0.028609938298002
-0.012802611558281
0.007596926078897
0.028735824243498
0.047391380279031
0.061261652240412
0.068763960103216
0.068836467934104
0.061142939514587
0.046198719950192
0.025245079706115
0.000349903564170
-0.025410798610149
-0.048288783037293
-0.064466962902930
-0.070706608591794
-0.065495168873398
-0.050078603766815
-0.028348477576928
-0.005981941435962
0.010850822832672
0.017524971032538
0.012819034956938
-0.000895581843130
-0.019122765575621
-0.037321084879933
-0.052473380689378
-0.063072397867248
-0.067828612660900
-0.064919585932964
-0.052643710337431
-0.030733900525648
-0.001430752696512
0.030446739484927
0.058923562955115
0.079108943051814
0.088850868310770
0.088905455668219
0.081638930540269
0.069200694343598
0.052417312083336
0.031051195382039
0.004924972965280
-0.025327415242929
-0.058184068929293
-0.091125677313511
-0.120633100741439
-0.142879143113863
-0.154590834103640
-0.153327700688438
-0.137422631809672
-0.106092161034442
-0.059912728634018
-0.001839005588172
0.061880382280291
0.122295482945485
0.169959381066376
0.197582999658943
0.202141504399745
0.185427763609718
0.152489327084924
0.108971570598498
0.059289026712646
0.006452598230708
-0.047148147892529
-0.098724094172900
-0.144168364135615
-0.177840201678758
-0.193540204759344
-0.186559920253562
-0.155954552375821
-0.105695637929546
-0.043959226103406
0.018970386071493
0.073079981954188
0.110487556582992
0.126675274788639
0.121170040103113
0.097522405018318
0.062223794813892
0.022413785942265
-0.016534799944101
-0.051796191163862
-0.081872305688877
-0.104736444278476
-0.116979512540918
-0.114772817945522
-0.096150797886825
-0.063008467101725
-0.021542291966127
0.019059493553050
0.049565983156304
0.064570365743625
0.065048593863521
0.057534495242596
0.050394082936677
0.049525921531302
0.055624814865024
0.064324464870574
0.069111263793922
0.065100877314030
0.051490228048278
0.031865549871670
0.012587420983320
-0.000245215365387
-0.003875235321931
0.000087391148823
0.007273568759901
0.013171346820086
0.014945794920319
0.011803959121226
0.004412475825595
-0.005602214851867
-0.015813493084167
-0.023427555169634
-0.026107996959960
-0.022595332280121
-0.012880784301595
0.001997940912071
0.020494463969229
0.041053960074682
0.062164532713613
0.081915231315851
0.097459075743294
0.105048184893640
0.101105734230239
0.084151258276761
0.056465092297888
0.024061908073705
-0.005307038813717
-0.024928729585354
-0.031362594300763
-0.025198502092636
-0.010049626758731
0.009064148385516
0.026725879775378
0.037706240306377
0.037793624616416
0.025004027971671
0.000731165786664
-0.030023726539292
-0.060235304247692
-0.083700002429470
-0.097121753057723
-0.100494726097237
-0.096281656544707
-0.087751167184111
-0.077275326152793
-0.065892621661624
-0.053964400656039
-0.041741736802869
-0.029707404840409
-0.018813732188704
-0.010090847884843
-0.003957293176345
-0.000303675818496
0.000836655187875
-0.000865085387018
-0.005449268748934
-0.012017258573284
-0.018556212824415
-0.022441941707988
-0.021465612430427
-0.014793685545455
-0.003492434765911
0.009355955372388
0.019323876243867
0.022440901020380
0.017205764653640
0.005358620879868
-0.008955871411133
-0.021150170533136
-0.028328499661964
-0.030038278782396
-0.027225996597948
-0.020943257021355
-0.011725091843057
0.000668686676797
0.016621441030310
0.034983327324968
0.052233647050415
0.063625187921365
0.065195381358424
0.055452468538522
0.036069793307810
0.011136939497920
-0.014202180065687
-0.034557677822097
-0.045114301413878
-0.043146678538131
-0.029102669552530
-0.006358652013551
0.019890915742770
0.044350610788790
0.063527396242503
0.076399095671005
0.083383190008252
0.084930596471182
0.080657719949266
0.069178606916968
0.049221900352171
0.021543150459980
-0.010452146785103
-0.041988748314247
-0.068570902786633
-0.087117190951981
-0.096623669624188
-0.097985090463341
-0.093132177501349
-0.084219278028431
-0.072766117969164
-0.058839179592764
-0.041425780735473
-0.020120042774905
0.003574141293912
0.026458545715101
0.044826177984246
0.055757171341160
0.058129944874549
0.053020003263264
0.043186920934769
0.031892253973176
0.021813509361710
0.014530728836608
0.010607834195853
0.010024896412209
0.012281238922116
0.016003064409875
0.018959198272055
0.018823461359617
0.013921120495189
0.003613573813026
-0.011448804655552
-0.029315369538887
-0.046999760898786
-0.060919239947441
-0.067733043535092
-0.065166219628376
-0.052178409816597
-0.029070334570488
0.002019656855120
0.037087746916930
0.071177533363038
0.099498959109479
0.118315788155595
0.125665480381366
0.121475239709190
0.107144630791660
0.085237367978750
0.058924273584985
0.030915622894798
0.002806211345222
-0.024580305137717
-0.050314489617848
-0.072669409184054
-0.089098105355052
-0.097024416689414
-0.095032868634819
-0.083783876955785
-0.066183533931164
-0.046497819107824
-0.028773191529179
-0.015684704006191
-0.008435518822178
-0.007344830064929
-0.012356975495410
-0.022950040567680
-0.037555335550301
-0.053056504158317
-0.065086924565971
-0.069314341901435
-0.062897738259558
-0.045382238502190
-0.019134261172855
0.010783270248993
0.038046760030369
0.057555769119985
0.067134462859614
0.067419517114482
0.060556376021935
0.048559245319808
0.032268679395181
0.011775959849238
-0.012026255103948
-0.036094123972456
-0.055106175671096
-0.063026856583257
-0.055938792503116
-0.034209344489432
-0.002444525132590
0.032351651523694
0.063442658628748
0.086747789305146
0.101459344271097
0.108435271169946
0.107901015196211
0.098596351670649
0.078944322945113
0.049266491014293
0.013510701828889
-0.021055584558293
-0.046206458264856
-0.055600472760601
-0.046969257677729
-0.023094406898108
0.009139451382383
0.041432264422667
0.066801852165883
0.080979092351778
0.082619010690176
0.072672647783776
0.053093086436223
0.025856520446178
-0.006970200016973
-0.042733483550014
-0.077875237378325
-0.107815671604972
-0.127526322766991
-0.133097341650913
-0.123236073320570
-0.099578828878152
-0.066066501318790
-0.027907166214584
0.009722819288719
0.042450604370678
0.066437992240906
0.078232128684279
0.075624840934251
0.058543494700276
0.029275839009920
-0.007512394952810
-0.045269499853276
-0.076968983586672
-0.096613738055488
-0.100438287755288
-0.088084063641170
-0.063010978315367
-0.031303633606118
0.000438181877215
0.026902549505326
0.044972646441649
0.053488111341465
0.052314894799699
0.041823217667822
0.023025336549880
-0.002076762297544
-0.030102423076305
-0.056231145721624
-0.075023310116263
-0.082076099716379
-0.075725170235776
-0.057780668086643
-0.032742126712298
-0.005699489929770
0.019805402569174
0.042335895007161
0.061460838586110
0.076290814568310
0.084615596829166
0.083256037365805
0.069855543636122
0.044851188573497
0.012166445733128
-0.021256158285115
-0.047058654220728
-0.058493560049068
-0.053186537487786
-0.033602925990629
-0.005542137205045
0.024202277797642
0.050293281106681
0.069986583938770
0.082310941530111
0.086942771164656
0.083856107703160
0.073110154464688
0.054882741852244
0.030227183393304
0.001645684451561
-0.027208152420554
-0.052118069477102
-0.069106281783733
-0.075702883234305
-0.071726729114241
-0.058753015452945
-0.039029394797758
-0.014784902585431
0.011821598182965
0.038092905957650
0.060139337732168
0.073360183496820
0.074259894563020
0.062255341782184
0.040170481747323
0.013285990151281
-0.012558060698986
-0.032930485920475
-0.045828627717023
-0.051411300256292
-0.050864069558965
-0.045289096327446
-0.035495836956306
-0.022687528056287
-0.009165505273812
0.001847915139145
0.007368560830160
0.005988099970704
-0.001557417677342
-0.012859632210882
-0.024777668410856
-0.034227084067296
-0.038773167638731
-0.037137050428230
-0.029564871294397
-0.017820808118889
-0.004617972949172
0.007299223518923
0.016180364126859
0.021995511735412
0.026165256398663
0.030353582351908
0.035161645947020
0.039411494015311
0.040559342595495
0.036481809561970
0.027496826159511
0.016662465304560
0.008071092207510
0.004687018338632
0.006999695119161
0.012912543350710
0.019012160119834
0.022663952998305
0.023356111943374
0.022309177424804
0.020994890414364
0.019696169118645
0.017152754476289
0.011784446342941
0.003320292968081
-0.006754199240616
-0.015799829116641
-0.020987304019397
-0.020606678933255
-0.014948055456329
-0.005795811362059
0.004727212108854
0.014876705240159
0.023478847651504
0.029618120192333
0.032094510163144
0.029474323759315
0.020810453251099
0.006273844039598
-0.012690422539882
-0.033514328337139
-0.052893117559419
-0.067513705835312
-0.074837942010190
-0.073565739911217
-0.063765124778813
-0.046728585735049
-0.024729068449002
-0.000910435809721
0.020783346567689
0.036291502082629
0.042956604406294
0.040640302354663
0.031366172537305
0.017952743492725
0.002668055727335
-0.013278621867005
-0.029288249127974
-0.044644307892881
-0.058017508836790
-0.067121909984757
-0.068830202580899
-0.060389984787028
-0.041126975967958
-0.013233437066361
0.018789568744340
0.049542774014767
0.074170599206080
0.089109682754209
0.092110943003468
0.082158959910420
0.059727264766420
0.027087848587185
-0.011690986960550
-0.051257200174293
-0.086119269269793
-0.111859931667490
-0.125744449852330
-0.126738589688499
-0.115183901794319
-0.092514457459299
-0.061221479044829
-0.024670940528579
0.013436399206625
0.049561034593094
0.080455932283133
0.103184490714644
0.115445222065433
0.116155338999691
0.105798671605185
0.086179429191700
0.059863729207268
0.029813021812811
-0.000889605881151
-0.029525206156642
-0.054191101325941
-0.073772658608613
-0.087346288906338
-0.093465872239404
-0.090156003242288
-0.076011170726431
-0.051737079237573
-0.020913265140068
0.010636387021562
0.036513585521693
0.051720463728992
0.054187993330600
0.045258851570931
0.028938150378006
0.010244460872393
-0.006396951525461
-0.017830942056867
-0.022109400983314
-0.018355270137802
-0.006767542872190
0.011261826874284
0.033123056854834
0.055430772150648
0.074850032259046
0.088742466811829
0.095518445978693
0.094881397424196
0.087733859329824
0.075565820077381
0.059745281516437
0.041334267323523
0.021305003441717
0.000670696076818
-0.019330272981988
-0.037072697413542
-0.050794347629535
-0.058979607929318
-0.060604522254756
-0.055434382421653
-0.044169761171667
-0.028149331402695
-0.009200310430430
0.010049600690802
0.026357700897523
0.036917451037707
0.040351622933965
0.037109228653629
0.029249895760651
0.019423006101503
0.009439142028302
-0.000383741363089
-0.010767214221434
-0.022663427806636
-0.036456185737614
-0.051391159983037
-0.065780434603025
-0.077880033501704
-0.086618641307044
-0.091688649037660
-0.093095352419028
-0.090430553632585
-0.082495975800754
-0.067872542784598
-0.045986026685623
-0.017860370312984
0.013700771008487
0.044624517511848
0.070620933111585
0.088237955650009
0.095600014800232
0.092680080997521
0.080961103216877
0.062703490810437
0.040351868629668
0.016257601882450
-0.007475933322179
-0.028841968853217
-0.045487852089050
-0.054833433999424
-0.055034578834158
-0.045896036375098
-0.029145481155215
-0.008252328685993
0.012393992515666
0.029060608121024
0.039775225386748
0.044099255849048
0.042532248655206
0.036162259884449
0.026179931011530
0.013696308061466
0.000314155621901
-0.011551833667981
-0.019246736286692
-0.020572594638063
-0.014358080534856
-0.001177000438988
0.016433769836502
0.034675260081563
0.049418640216785
0.057096473366870
0.055821928326075
0.046105638043250
0.030427998901901
0.012288137315338
-0.004639111901223
-0.017515266754425
-0.025247632584257
-0.028516820341637
-0.028939954649974
-0.028055913931752
-0.026672562529937
-0.024843620179387
-0.022431257908741
-0.019472857265437
-0.015853189868747
-0.011025962927932
-0.004329105310661
0.004464405981183
0.014803417631271
0.025423303531596
0.034693772492377
0.040929825488791
0.042616339129467
0.038786773764975
0.029389013938412
0.015283854181039
-0.001791637766773
-0.019311435186722
-0.034821816019560
-0.047033324529634
-0.055868606702814
-0.061676454466301
-0.064547430499587
-0.063964415785852
-0.058920380440553
-0.048795797282008
-0.034334764863260
-0.017599205746536
-0.001163510894364
0.012546382989327
0.021833661130431
0.026383473223616
0.027362018501247
0.026603853879058
0.025474799832714
0.024104039299796
0.021312173574716
0.015438670034433
0.005646845199946
-0.007315698813348
-0.021300591593407
-0.033516361383494
-0.041554027093384
-0.044383560383473
-0.042590478431114
-0.037449401268564
-0.029766804707406
-0.019695387381286
-0.007373415394044
0.006539370470482
0.020780745017607
0.033653049532021
0.043378704724471
0.048595062287252
0.048663664328403
0.043695484698074
0.034492349320060
0.022482709127881
0.009573307565587
-0.002186318029077
-0.010987197000081
-0.015418557194042
-0.014584014249614
-0.008397703275712
0.002332932549627
0.016081527448518
0.030652643929204
0.043531006706350
0.052659785798924
0.056713625149367
0.054870207094031
0.046898007732993
0.033301756714699
0.015092669415033
-0.006292842423971
-0.028964952573681
-0.051230978275450
-0.072132168816903
-0.090547119986057
-0.104035887871764
-0.109020079786602
-0.101819976106947
-0.080026624345670
-0.044143963681253
0.001743404064719
0.051118147470995
0.096750692795109
0.132002231457571
0.152049933704006
0.154605914111905
0.139498422753991
0.108151941288170
0.063778321566328
0.011260532222053
-0.043679883799165
-0.094919048020996
-0.135973255406117
-0.160820395138189
-0.165344089789728
-0.148423117848146
-0.112583171373028
-0.063986368944369
-0.010985602410628
0.038242113426602
0.077498684715743
0.103279386277308
0.114631656008601
0.112260941330910
0.097447616911771
0.071787928519767
0.037716651755452
-0.001005182601488
-0.039228919860881
-0.071175536157341
-0.091911229587612
-0.098584241521561
-0.090948370492796
-0.071112535972412
-0.042454794638295
-0.008419970122490
0.027730826947031
0.062368017699865
0.091228115495915
0.109800220906546
0.114196082372100
0.102464456890439
0.075705641177960
0.038018959081852
-0.004559254205098
-0.045352392106920
-0.078650467517899
-0.101202054539589
-0.112136683421350
-0.111743981197716
-0.101002775475447
-0.081882559046030
-0.057287758960287
-0.030558228800152
-0.004823870726703
0.017750982395822
0.036342943698489
0.050950927093723
0.061700906253025
0.068837116733140
0.072735336525367
0.073372250593511
0.070061741552171
0.061959474792036
0.048821640717704
0.031478189313697
0.011827930951387
-0.007667738968414
-0.024647740534118
-0.037154229966892
-0.043719957692398
-0.043725394288905
-0.037931174768214
-0.028579715584093
-0.018481572639956
-0.009575121425847
-0.002341860077974
0.003815994739033
0.010101631277756
0.017645409598780
0.026509164582666
0.035293835553959
0.041763663468425
0.043731562388570
0.039769319075487
0.029853658104089
0.015377443724025
-0.001747278356790
-0.019731324590946
-0.036840333843188
-0.051593372003534
-0.063072839828312
-0.070478107725101
-0.072758676600675
-0.069112425890150
-0.059402667438763
-0.044204927843450
-0.025182518643816
-0.005211261002474
0.012555490817544
0.025791623352964
0.033466471574919
0.036008263797833
0.034734856023302
0.030283028141075
0.021901876029223
0.008801449475861
-0.008241069245796
-0.026830161178232
-0.043869026327234
-0.056449931803134
-0.062782230920170
-0.062743651613666
-0.057337846917733
-0.047751405674104
-0.034862298581020
-0.018971817775522
-0.000060028286421
0.020894789395229
0.040876472518725
0.055722873194232
0.062131386999587
0.059019602645937
0.047918144248500
0.032562654087060
0.017563112596285
0.006740702090575
0.002119876442528
0.003791421729517
0.010423621055553
0.020263729217680
0.031982642796742
0.044633618775384
0.057054366645048
0.067556360189990
0.074147337822476
0.075035741170144
0.069117814220548
0.056282863618465
0.037530693082259
0.014840261346065
-0.009294563279347
-0.032364876890205
-0.051955640548733
-0.065763093620987
-0.071969458134545
-0.069573574824515
-0.058477394250510
-0.039770467394783
-0.016101447500036
0.008494215814595
0.029454571293420
0.042909963710098
0.047062788362587
0.042858831348559
0.032897784957306
0.019744088622823
0.005350515728695
-0.008841842815586
-0.021860246778369
-0.032821364698586
-0.040408660965917
-0.042957777242753
-0.038858903258235
-0.027152590406923
-0.008804790914297
0.012442126359693
0.031179019020825
0.042732813297719
0.045063096143099
0.039239473030031
0.028509850612636
0.016444416394467
0.005299404064021
-0.004360263929004
-0.012911873912602
-0.020487983537406
-0.026122152100690
-0.028045600113322
-0.025094475442433
-0.018066966419443
-0.009736238370158
-0.003302887425476
-0.000471906361107
-0.000737809102506
-0.002424454018080
-0.004351312030029
-0.006638014099669
-0.010409738257333
-0.016858352332025
-0.026037319917730
-0.036196172766502
-0.044385402543332
-0.047831708481638
-0.045112499799252
-0.036655122970481
-0.024206936724589
-0.009505575039465
0.006520515550885
0.023211315513118
0.039195572504647
0.052001733016339
0.058338972018714
0.055170116998832
0.041423354073411
0.019069519423193
-0.007337124278492
-0.032112883096328
-0.050191245741884
-0.058749658849991
-0.057826548840839
-0.049506092221161
-0.036470382422762
-0.020688726040492
-0.002840652382024
0.016856328225164
0.036997696155684
0.054276652281679
0.064595597850528
0.065158838235869
0.055947969958936
0.039651835467971
0.020415810744111
0.002323442023239
-0.011801251221526
-0.020922682667704
-0.025564649662916
-0.027124600602949
-0.027095834617241
-0.026418430273280
-0.025182083082443
-0.022979614326741
-0.019747798239902
-0.016309803222980
-0.014070298528034
-0.014118606794625
-0.016567605576342
-0.020481107432849
-0.023965133574375
-0.024463335910941
-0.019519633464112
-0.007639089646074
0.011017135288605
0.034243540614770
0.058226817979527
0.078785720078881
0.092460720026956
0.097109008133255
0.092255877076827
0.078651404167976
0.057104780400693
0.028150900198972
-0.007036820108431
-0.045829833561866
-0.083975771796764
-0.115885263552235
-0.135956807914610
-0.140594756844123
-0.129251033066785
-0.104163117837818
-0.069522979274928
-0.030219185849753
0.009389564480026
0.045883986579847
0.076749783949273
0.100455122335192
0.116134465464547
0.122868804675279
0.119590036481309
0.105979864319506
0.083603932044816
0.056335003191844
0.029559961190522
0.008245356093889
-0.005114737384674
-0.011108862643390
-0.012283154247073
-0.011481165651891
-0.010642218921527
-0.010337211607423
-0.010240131839175
-0.010261436776416
-0.011342797218217
-0.015231317524609
-0.023221279583648
-0.034707856448592
-0.047128921567371
-0.057545189356853
-0.064232832976592
-0.067064147849266
-0.066819545183905
-0.064028080308827
-0.058187228438308
-0.048147286612567
-0.033224261654760
-0.013889962321191
0.008293843561389
0.031070698554148
0.051851135623879
0.068081913281431
0.077757229028471
0.079829970169543
0.074257125324172
0.061754065283536
0.043507453361579
0.021168031579973
-0.002893543292318
-0.025615980472965
-0.043785841703673
-0.054633115417243
-0.056321657278864
-0.048542934082978
-0.032847814039536
-0.012257819075575
0.009484864501364
0.028608931947371
0.042079874593054
0.048260162436725
0.046966517648728
0.039167592654709
0.026709674838314
0.011803436395431
-0.003623851082395
-0.018217024677137
-0.031176725029055
-0.041965680119880
-0.049726741653541
-0.053129674484908
-0.051038804025311
-0.043266725052292
-0.030840092704195
-0.015897603537732
-0.001068088043210
0.011683148632574
0.021643952602962
0.028789937711728
0.033025973747640
0.033906172904523
0.030711883602843
0.022880836491902
0.010639332311670
-0.004547794791268
-0.019909291382658
-0.031842386292452
-0.037106861755880
-0.034138199893366
-0.023369798803001
-0.006638830581176
0.013364789488813
0.033401819836000
0.050091516519739
0.060511491905694
0.062833027783207
0.056644160022858
0.042599253307875
0.021787081960842
-0.004297000172710
-0.033223454344354
-0.061374756188581
-0.084358190620432
-0.097923480195486
-0.099108918630675
-0.087286359662535
-0.064484639262064
-0.034587077984015
-0.001866530553002
0.030311731831963
0.059881284087906
0.085377979848723
0.104924677383786
0.115912387343041
0.115861793590126
0.103832470724481
0.081129179394910
0.050908910682523
0.017111829906411
-0.016692633153239
-0.047857765795353
-0.074285760592652
-0.093717319985768
-0.103585824588930
-0.101667007106477
-0.087159798490555
-0.061450606782575
-0.028003585058232
0.008262651383232
0.041726688525079
0.067063819663871
0.080268172563423
0.079283239700325
0.064311745777588
0.037835276985145
0.004139508484388
-0.031345513385973
-0.062662147104852
-0.084427649640618
-0.093300480144736
-0.088615094816854
-0.071805174758500
-0.045543606443612
-0.013231027958772
0.021324423558585
0.054155493112060
0.081385500459961
0.099730716330969
0.107004079421962
0.102131503955581
0.085199711768982
0.058068529481177
0.024617204498323
-0.010196123408816
-0.041609058430577
-0.065655771693022
-0.079493394891170
-0.081841821120659
-0.073078722161597
-0.055056048819197
-0.030698809966316
-0.003138379342253
0.024864122144118
0.050681478377460
0.071521561367447
0.084520587016132
0.087115861842174
0.077882885723350
0.057480340254679
0.028635450388860
-0.004681235801832
-0.038009147975762
-0.067179187201515
-0.089007851141777
-0.101351628037871
-0.103006154379148
-0.094015051756947
-0.075745533453057
-0.050373532491419
-0.020700147922707
0.009603409702809
0.036344964319679
0.055651599002671
0.064816068814358
0.063347591041878
0.053513082144478
0.039329614792791
0.024846265226513
0.013090752410432
0.005558881585302
0.002008640416031
0.001028992507462
0.001182469899015
0.001857075555585
0.003310221059524
0.006005106912359
0.009762823756930
0.013354211423536
0.014995367120760
0.013349586808179
0.007910332214561
-0.001292167155343
-0.013727954244841
-0.028133668864951
-0.042703470573331
-0.055725610169907
-0.066082326459371
-0.073209434751607
-0.076527226360107
-0.074982839361095
-0.067543683724635
-0.054136348828234
-0.035843350070686
-0.014569054553425
0.007298377502075
0.027535698388155
0.044675660750134
0.057802526236808
0.066040321274640
0.068459859768411
0.064328418257065
0.053760975529332
0.038616238769295
0.022375685926994
0.008659294380192
-0.000109263623113
-0.003122105452822
-0.001253784563344
0.003281134880186
0.008016641505376
0.011317219252596
0.012703184085785
0.012689420217544
0.012254782895532
0.012014501852447
0.011979208420863
0.012065529269439
0.012321055265310
0.012630911604802
0.012747360972394
0.012713869154714
0.012878925777915
0.013493950265220
0.014410068417333
0.014991477769962
0.014376157227250
0.011894391082639
0.007215375377662
0.000423777231776
-0.007703245940637
-0.015692885542939
-0.022107015354649
-0.026349292466549
-0.028643768092731
-0.029282412053581
-0.027876750699532
-0.023460899785594
-0.015481834507847
-0.004459536615753
0.008320892033006
0.021224505374689
0.032297260207960
0.039600346204319
0.041833427588659
0.038437895538817
0.029453339083556
0.015620862545730
-0.001658997098336
-0.020455046737621
-0.038171598892239
-0.051766744276245
-0.058712075704739
-0.057811649693442
-0.049308613057367
-0.034711143213561
-0.016401473396406
0.003121120919971
0.021706974662712
0.037391391293865
0.048255884042432
0.052634988773314
0.049341226065075
0.037963004989966
0.019596943296500
-0.002738336548440
-0.025130280086522
-0.044448733504235
-0.059250276380313
-0.069681245295305
-0.076451318227647
-0.079454467756841
-0.077449645403619
-0.069186334480878
-0.054729569796070
-0.035945592459662
-0.016003894890580
0.001943268979340
0.016070535384670
0.026121787523861
0.032660788931911
0.036123817582921
0.036334512573365
0.032824946322344
0.025624838655697
0.015786288539769
0.005330443497717
-0.003068212698320
-0.006577404856906
-0.003210858942683
0.007071415712169
0.021968352299555
0.037480044551131
0.049424687987300
0.055027074717982
0.053620390868109
0.046135234009822
0.034104211143941
0.019026402393846
0.001945729173707
-0.016580364930922
-0.035463575142331
-0.051918713024333
-0.061978176611614
-0.062702560899598
-0.054043452105831
-0.038827531335436
-0.021165631126090
-0.004482480060282
0.009580765871633
0.020930649609112
0.030153472690253
0.037720929926809
0.043452975281475
0.046496306367601
0.045902530913333
0.041243151426327
0.032789597729091
0.021427908287630
0.008470310896449
-0.004595571507932
-0.016129880514299
-0.024294126573512
-0.027578510631072
-0.025640709166544
-0.019439177057962
-0.010562278499856
-0.000695080382360
0.008347406036537
0.014551739022644
0.015995496826156
0.011496985639140
0.001275388480414
-0.013126559908730
-0.029460462261343
-0.044959862884664
-0.056379269573849
-0.060679914492520
-0.055850500131962
-0.041285412701643
-0.018182171920236
0.010118034721188
0.038595773524467
0.061791935126450
0.075332331053620
0.077194003799617
0.067954322089344
0.049935735625492
0.026103988264129
-0.000532773654039
-0.026981870839670
-0.050146674664014
-0.066918214750415
-0.074567259239937
-0.071262751366821
-0.056727904358709
-0.032932471915184
-0.004083463937849
0.024724454021377
0.049505775264436
0.068376640632535
0.081004107065283
0.087502454890381
0.087593591372586
0.080332948818257
0.064689699994305
0.040748640690869
0.010726809512514
-0.020845224442286
-0.048064561439114
-0.065682407769869
-0.071201608994908
-0.065321434405123
-0.050654250005293
-0.030458441856393
-0.008058886150208
0.013498409649652
0.031450150675694
0.043251985050399
0.047096406345893
0.042465423292229
0.030135914919393
0.012199464030591
-0.007960191042513
-0.026596520261582
-0.040919082441467
-0.049543443776665
-0.052218889265366
-0.049483827787184
-0.042197579903780
-0.031161895536654
-0.017229225257489
-0.001445649934178
0.014966430269326
0.030173753430459
0.041358546072985
0.045491265209979
0.040656252958573
0.026934429176209
0.006667886445817
-0.016224715927934
-0.037720683469369
-0.054847967263970
-0.066010503515843
-0.070918473864398
-0.070224181734944
-0.064710386745266
-0.054634699094127
-0.039826776159636
-0.020385409401818
0.002452313403139
0.025816219668202
0.045602881634204
0.057809743579090
0.060084021779327
0.052588834209244
0.037825035023333
0.019503820363665
0.001146229122226
-0.014597701393785
-0.025804384417340
-0.031124050029300
-0.029987606299323
-0.022749894252811
-0.010576277567092
0.004758204141836
0.021161600949726
0.036493413613285
0.048750920258643
0.056360423611980
0.058324276322888
0.054071422180169
0.043535710135118
0.027670994139574
0.008811208035126
-0.009685491573965
-0.024385262515537
-0.032823263692663
-0.034113714781078
-0.028821115132276
-0.018431948675033
-0.005047042981233
0.008696068435338
0.020084854496966
0.027256403697388
0.029749284632556
0.028207732612139
0.023671818636078
0.016963367736854
0.008459026232457
-0.001580904516679
-0.012508535332120
-0.023221029412839
-0.032371695223437
-0.038482365484194
-0.040269128081846
-0.037210619405466
-0.029740898761109
-0.018991141305390
-0.006412459471026
0.006629298668287
0.019043822270188
0.029835127979337
0.037899797188713
0.042083834756330
0.041456200856534
0.035791395599567
0.026020152573540
0.013959396998505
0.001426635640088
-0.010206771657782
-0.019886779206500
-0.026788293651988
-0.030390240139147
-0.030628702968155
-0.027880312079949
-0.022688295356363
-0.015729377986579
-0.008066037818605
-0.001073201588051
0.004111757922220
0.007109837087906
0.008313873048618
0.008275890488903
0.006892873256854
0.003364785683197
-0.002829125238740
-0.010961909809406
-0.019075132268754
-0.024971708956010
-0.027221058645141
-0.025411262320842
-0.019996764756387
-0.012204569267654
-0.003755179516593
0.003759988708156
0.009387512002431
0.012946676072362
0.014768510112742
0.015019359107678
0.013372821631822
0.009517705460179
0.003641183994074
-0.003581914791500
-0.011066423350556
-0.017506565223341
-0.021859793916334
-0.023594638817608
-0.022514417841062
-0.018737361483364
-0.012769484698328
-0.005192704515147
0.003605208419735
0.013176331650791
0.022697666553355
0.031007025755085
0.036762172787684
0.038681291946584
0.036016481936081
0.028917061428551
0.018411628770058
0.006222927758592
-0.005655813139288
-0.015644464328775
-0.022956826542436
-0.027465989986609
-0.029449179185754
-0.029444140447533
-0.028077890767115
-0.025829411738311
-0.023043654110369
-0.020255125773378
-0.018292970936153
-0.017844863594650
-0.018896221244326
-0.020664717753994
-0.022004220383288
-0.021677862989400
-0.018351828040985
-0.010874552197639
0.000889288416934
0.015405189299769
0.029796383919771
0.040881923978794
0.046247512362297
0.044988837557062
0.037838958975290
0.026713142592345
0.014069514234283
0.002171813728736
-0.007685967846071
-0.015329236979847
-0.020947996793520
-0.024313322299079
-0.024656765425404
-0.020962361137477
-0.012554551378314
0.000096760097931
0.015234785621576
0.030621383501083
0.044218398258935
0.054300263778713
0.059557970569099
0.059244054035076
0.053172054343643
0.041840582001147
0.026642308831560
0.009739207298013
-0.006279711591412
-0.018684331521096
-0.025206203142781
-0.024986633668088
-0.018952566509285
-0.009274400363479
0.001508306113017
0.011349447364276
0.019299232888373
0.025305641437799
0.029354352627927
0.030992794758473
0.029578271929657
0.024587859429664
0.015949817986988
0.004587760586238
-0.007566632009366
-0.018372246765905
-0.026278427735918
-0.030626110667861
-0.031539756670057
-0.029610813449077
-0.025603570631773
-0.020296251752412
-0.014363609598392
-0.008379884419034
-0.003087380084408
0.000580763779726
0.002035432119377
0.001351103265128
-0.000956126896192
-0.004120177390832
-0.007319152632799
-0.010162060796216
-0.012927777803048
-0.016108385938010
-0.019854140366928
-0.023859431918970
-0.027402175007411
-0.029572891039265
-0.029795184934983
-0.027946144892318
-0.024101110803110
-0.018636762483822
-0.012393688132765
-0.006359156128289
-0.001314679528739
0.002170338915057
0.003773624586795
0.003537770613035
0.001839549413940
-0.000525134236829
-0.002207474218165
-0.001672093822876
0.002037330671265
0.008717816837198
0.016826004829583
0.023945902846011
0.028062492193074
0.028621645247362
0.026441234990453
0.022950749586672
0.019395530238982
0.016290582022486
0.013493652382425
0.010798500137202
0.008364064749671
0.006745274579051
0.006718515551968
0.008714463785333
0.012074102747843
0.015068143486751
0.015874162286893
0.013599577294147
0.008566160937985
0.001990640578627
-0.004563727965795
-0.009806959907433
-0.012988971788688
-0.013799999998936
-0.012405919669088
-0.009424142855288
-0.005610327471936
-0.001646821009602
0.001849391938524
0.004242159046765
0.004814863358380
0.002928429528278
-0.001616499527747
-0.008279791341385
-0.015764275783937
-0.022348184653561
-0.026470874678395
-0.027336467110446
-0.025099662802592
-0.020467458884431
-0.014191186266324
-0.006801238062340
0.001477250480084
0.010503099270538
0.019634427329403
0.027421702559551
0.032092286936296
0.032477582718786
0.028877358639882
