0.002406653542553
0.000397207361356
-0.002134317976589
-0.004056354043792
-0.004680848045921
-0.003977058959668
-0.002220617103699
0.000077740065371
0.002156765692326
0.003354604248503
0.003433920303719
0.002533694941721
0.001031433933997
-0.000514565348719
-0.001630141697897
-0.002194115351418
-0.002215514312747
-0.001636256345004
-0.000632244318844
0.000317158101062
0.000849415219161
0.000875889759716
0.000466475051928
-0.000079755422034
-0.000340325216542
-0.000164471332227
0.000223260916609
0.000443634176514
0.000169459114530
-0.000651404119497
-0.001583132471437
-0.001932776905115
-0.001379290620341
-0.000198317855619
0.001082905361321
0.002020465929878
0.002393424531097
0.002179389920510
0.001371294562463
-0.000047832482635
-0.001870417446905
-0.003610488076719
-0.004688501314249
-0.004532665629883
-0.002890696393881
-0.000270074355725
0.002353786074819
0.004214966906795
0.004870742499729
0.004100043749946
0.002121408420497
-0.000369084669463
-0.002576018010415
-0.003795197589289
-0.003569195764716
-0.002139514190574
-0.000363248859013
0.001005440181587
0.001657643081164
0.001624218131188
0.001138242990906
0.000403182507496
-0.000480996380872
-0.001208825437192
-0.001277272015653
-0.000545339855326
0.000578799978315
0.001473293729417
0.001596249673416
0.000792244224694
-0.000550847945374
-0.001830545756617
-0.002612161861259
-0.002653776206770
-0.001859359953894
-0.000420949117889
0.001179310029214
0.002455089250467
0.003096813750634
0.002984326408212
0.002194149462591
0.000970009302448
-0.000326265732232
-0.001325742677779
-0.001817834439081
-0.001826113469870
-0.001544294042145
-0.001194871859526
-0.000956438266755
-0.000902050574516
-0.000879620962497
-0.000619763189409
-0.000095814080607
0.000375461539962
0.000523779169185
0.000399581716931
0.000151292135529
-0.000110533954694
-0.000223444984865
-0.000091403503703
0.000185071696221
0.000399877515164
0.000367313057683
0.000025333233660
-0.000463815676072
-0.000787516645237
-0.000788298015590
-0.000614246735719
-0.000514678104892
-0.000572059786916
-0.000617038292343
-0.000365758083958
0.000356753798758
0.001425243285312
0.002370448707380
0.002613656948893
0.001794060891532
0.000016238171523
-0.002091067853192
-0.003722637146421
-0.004360954786383
-0.003874772403837
-0.002422194535892
-0.000438102989008
0.001532934781783
0.003108113908320
0.003927128764485
0.003514614680557
0.001779888852147
-0.000654848626275
-0.002900300709304
-0.004221926377896
-0.004148701550643
-0.002702766741008
-0.000440823048336
0.001920711208439
0.003727594850222
0.004436916481852
0.003877391882346
0.002352570375559
0.000359817847653
-0.001584071662489
-0.003005722955917
-0.003651001862385
-0.003439183844445
-0.002382485622139
-0.000835119500561
0.000612939005902
0.001708565841781
0.002531165955976
0.003044294417682
0.003157804369704
0.002930645757921
0.002392625412685
0.001463733681544
0.000067937718362
-0.001775290624874
-0.003758967452811
-0.005214444761062
-0.005449675216595
-0.004208440724061
-0.001792002478794
0.001132194797140
0.003697684059991
0.005064589846458
0.004890278102006
0.003531969565636
0.001631553299473
-0.000245878654409
-0.001604830201405
-0.002103236435935
-0.001681031436440
-0.000563644153270
0.000750052251403
0.001666628047200
0.001813090340745
0.001196906560445
0.000126073689943
-0.001004688944632
-0.001823964957940
-0.002004710715593
-0.001393644484878
-0.000179684207256
0.001032478879049
0.001506688036485
0.001020859192429
0.000086405616474
-0.000611915974288
-0.000742245790787
-0.000251147584723
0.000770630393774
0.001912788881636
0.002478976298657
0.001947129671594
0.000367466432181
-0.001693707328284
-0.003488448068484
-0.004370002384941
-0.004020051386596
-0.002477509650078
-0.000004214749646
0.002782732600180
0.004927475546490
0.005766809161902
0.005315910496213
0.003887332483111
0.001798509987126
-0.000490166078773
-0.002452411148112
-0.003719148239270
-0.004079605175352
-0.003528501726035
-0.002351918993536
-0.000990044972710
0.000220191034735
0.001117962331998
0.001588526388862
0.001563489509029
0.001126102303907
0.000510718340925
0.000023170545680
-0.000117601902146
0.000162401309219
0.000895783362852
0.001932243812050
0.002758136852911
0.002929671627298
0.002531807078381
0.001818143523574
0.000781114967251
-0.000558702899063
-0.001849266229738
-0.002691538820872
-0.002975859004445
-0.002818784577718
-0.002309461091135
-0.001364997542005
0.000110732930350
0.001874213856657
0.003354182298013
0.004151471966591
0.004270981024800
0.003818973162623
0.002879358057588
0.001672921342396
0.000432372028823
-0.000734666749099
-0.001633515716614
-0.002019469203066
-0.001941889272778
-0.001682159155413
-0.001460449058378
-0.001380257293263
-0.001406751055604
-0.001397492775224
-0.001245428874350
-0.000841132811571
-0.000041337266078
0.001157700512778
0.002570302183805
0.003910018383168
0.004772924755180
0.004697109776020
0.003498220094547
0.001472662356073
-0.000835222223536
-0.002892432946662
-0.004215090609194
-0.004432849464469
-0.003456148341576
-0.001580563811907
0.000542065107910
0.002152096400250
0.002844771136799
0.002746596218118
0.002145411612643
0.001191097185437
0.000051930625573
-0.000957458518659
-0.001574392627916
-0.001705367247293
-0.001291730450227
-0.000351757954575
0.000799554266960
0.001673718305778
0.001930435784293
0.001458848511119
0.000449578305882
-0.000563625393693
-0.001078300813838
-0.000985625537137
-0.000482044646546
0.000127075144338
0.000600164626942
0.000900872205828
0.001031449729118
0.000836954858623
0.000253587477923
-0.000424834089952
-0.000794371568767
-0.000672811942927
-0.000054641941599
0.000952509977616
0.001997757703093
0.002573826761601
0.002356890719760
0.001375100649031
-0.000068517304670
-0.001540391172891
-0.002634137661078
-0.003156109022486
-0.003193330276688
-0.002952248168798
-0.002577000058229
-0.002034871136782
-0.001140726212452
0.000130270275604
0.001506141667178
0.002701644593341
0.003475852088593
0.003491911873657
0.002598548322752
0.001048107050613
-0.000811859087212
-0.002592316306099
-0.003662892563146
-0.003583043930331
-0.002554780513456
-0.001045571561885
0.000594282971066
0.001976215686367
0.002673204128724
0.002505570589975
0.001608366304493
0.000346841757982
-0.000813767574409
-0.001605942920415
-0.002028610267077
-0.002073341978115
-0.001676449420493
-0.000907638341459
0.000005255013774
0.000799652776259
0.001261870791675
0.001231360002614
0.000640304942862
-0.000394631331069
-0.001532025309883
-0.002267862837651
-0.002199690736705
-0.001326595576413
-0.000042350331170
0.001092323268321
0.001639759064927
0.001565778019693
0.001170364797512
0.000656070022759
-0.000007543094953
-0.000753185242666
-0.001323608932634
-0.001578700158968
-0.001618100033098
-0.001599272349843
-0.001558610809615
-0.001388334850199
-0.000935322374147
-0.000132794723692
0.000882793786845
0.001814696519100
0.002439831478602
0.002728083344439
0.002715364396556
0.002329605101006
0.001347285627982
-0.000352852775186
-0.002370290338126
-0.003893195453687
-0.004412165574876
-0.004026506499363
-0.003029861443747
-0.001590774804821
0.000147249608021
0.001923423760252
0.003307541974204
0.003773035410433
0.003067459681876
0.001537271470894
-0.000134578518423
-0.001424220290890
-0.002097028387602
-0.002172618291098
-0.001893950004209
-0.001460375493095
-0.000850179187002
-0.000080656065214
0.000660393736250
0.001246076117834
0.001609794179914
0.001578344521911
0.001025279710929
0.000054524626410
-0.001031586611065
-0.001810216067454
-0.001982705673397
-0.001652819394525
-0.001135800171341
-0.000508518143960
0.000321572703241
0.001171667121340
0.001665850500631
0.001651626797174
0.001200777286189
0.000469049178847
-0.000278524146069
-0.000794154275140
-0.001030515945667
-0.001023409559892
-0.000743149349471
-0.000203253169081
0.000485803494232
0.001200145088256
0.001800423697174
0.002104571522162
0.001885431941840
0.000911796549141
-0.000793564098522
-0.002663958674819
-0.003866998903362
-0.003991907622194
-0.003195437470561
-0.001836542626054
-0.000339869455954
0.000893783866729
0.001754579430554
0.002359637230031
0.002752462149159
0.002951824801627
0.003072248577343
0.003062428612751
0.002581138289008
0.001403878970639
-0.000249520485538
-0.001890848027326
-0.003161838614754
-0.004029363803883
-0.004560245847404
-0.004633851528616
-0.004015028918819
-0.002632557148795
-0.000759222393108
0.001134209306173
0.002712245605299
0.003802842309781
0.004228178141568
0.003864656820252
0.002788611292277
0.001272656102675
-0.000248063200789
-0.001295446811135
-0.001703759020432
-0.001754838735071
-0.001794850014715
-0.001888338894805
-0.001874288373630
-0.001620292205508
-0.001180685281442
-0.000703836943049
-0.000251338099018
0.000203728161387
0.000596588928163
0.000800128200035
0.000896662668884
0.001066138543645
0.001262045839468
0.001352547318258
0.001359147372804
0.001325135267732
0.001203081108466
0.000959744565696
0.000577060213807
0.000052487439457
-0.000467481520428
-0.000792822500136
-0.000892984303729
-0.000892255728471
-0.000987909276871
-0.001244270593136
-0.001484422914539
-0.001500025611407
-0.001187061633115
-0.000502741813187
0.000502004335400
0.001598673437964
0.002454045482165
0.002826673167320
0.002651336625462
0.002035148772978
0.001276480067853
0.000743882761974
0.000537104643692
0.000331150159896
-0.000248091738047
-0.001126223759207
-0.001813326197505
-0.001954064415710
-0.001725689670637
-0.001565658739805
-0.001645037218389
-0.001810230355411
-0.001832077933756
-0.001479576568286
-0.000564315627035
0.000803121698547
0.002122955346984
0.002924762308618
0.003122988227070
0.002869772985391
0.002381732850101
0.001880160519397
0.001406924533728
0.000803591639096
-0.000011781985727
-0.000901214085806
-0.001669466639780
-0.002197862691003
-0.002457550043914
-0.002566982286680
-0.002663205670073
-0.002645374244292
-0.002260113975953
-0.001383359986286
-0.000112351891963
0.001351807491931
0.002782248454521
0.003892434580734
0.004422931080559
0.004250913579444
0.003380999310739
0.001966769900310
0.000329489951548
-0.001131843475687
-0.002108893099720
-0.002543076762059
-0.002624459891998
-0.002549996949815
-0.002312594346621
-0.001849490089684
-0.001283708669195
-0.000799568419324
-0.000328191473517
0.000316772039865
0.000951764972328
0.001190668048336
0.001075896651850
0.001004597691575
0.001268189610335
0.001940528198610
0.002854622527666
0.003617895945465
0.003790917193213
0.003031786789853
0.001236461687796
-0.001337703372344
-0.004152831721922
-0.006512594357183
-0.007673163219989
-0.007199963679811
-0.005284363854815
-0.002515413849834
0.000519437445909
0.003293015581455
0.005363898280656
0.006513436120840
0.006678767930750
0.005825789205733
0.004035672174120
0.001564044748024
-0.001223313498716
-0.003784475229609
-0.005453107136988
-0.005828026286061
-0.004974430336915
-0.003241748365998
-0.001093531258467
0.000964656254482
0.002521803165934
0.003378228280694
0.003475668336979
0.002834573253038
0.001684854276589
0.000465855462463
-0.000463431957772
-0.001020521822104
-0.001306911275296
-0.001423727344549
-0.001367400855530
-0.001068728792378
-0.000563000991043
-0.000060154927812
0.000271017126836
0.000483830590956
0.000719909697234
0.001063021372762
0.001545237399295
0.002081660463544
0.002423812790449
0.002302680902953
0.001521065718530
0.000028385169144
-0.001839759126494
-0.003439736270264
-0.004288658241870
-0.004202063350248
-0.003151079202578
-0.001344911994244
0.000670684955912
0.002247251754635
0.003005579066082
0.002936382421327
0.002256585275938
0.001277230008469
0.000307808723729
-0.000384661345703
-0.000612927889712
-0.000414202402076
-0.000056030396385
0.000290775703748
0.000666002235520
0.000938728352127
0.000749270649182
-0.000021514293847
-0.001086702935800
-0.001998472288147
-0.002343196450877
-0.001897277400013
-0.000783161306890
0.000693853473140
0.002292181623331
0.003629624125841
0.004176397350067
0.003826181361144
0.002920189441268
0.001660709507380
0.000066999801891
-0.001740222635332
-0.003564067364463
-0.005064377298970
-0.005670463403235
-0.004989269653283
-0.003185513911420
-0.000786167311113
0.001668603732326
0.003760267006264
0.005186679911603
0.005703027312688
0.005124685736862
0.003479600348106
0.001097788181867
-0.001567486364091
-0.004055696631041
-0.005754807095337
-0.006050593372089
-0.004865474629845
-0.002747440023835
-0.000361334485968
0.001799825697998
0.003340672117702
0.004027170862857
0.003853577877943
0.002875283645096
0.001267848488930
-0.000427431490047
-0.001551843947341
-0.001782550101474
-0.001174202714434
-0.000082137259514
0.000880268684297
0.001217142222445
0.000950546368536
0.000435895565476
-0.000010736974971
-0.000200368104342
-0.000133943532627
0.000000050463826
0.000020055356562
-0.000161621355009
-0.000602891794638
-0.001275444019791
-0.001911092236028
-0.002151291733619
-0.001907178261714
-0.001337624037996
-0.000583276794181
0.000267552638347
0.001109612719847
0.001830800295352
0.002346363979109
0.002648414037720
0.002780551653612
0.002616664930768
0.001802793434568
0.000220759517685
-0.001713899583138
-0.003436325348206
-0.004546003236423
-0.004782436141677
-0.004132666693889
-0.002861846013457
-0.001256021075797
0.000486020376997
0.002087866012946
0.003184841975021
0.003509257779407
0.002957683863519
0.001670018437559
0.000199137597478
-0.000735844430097
-0.000853272609290
-0.000376247682273
0.000335073846586
0.000859645019192
0.000847737147048
0.000330928428593
-0.000395824841412
-0.001069055877945
-0.001469472787408
-0.001467276389877
-0.001131652850871
-0.000559179795208
0.000233084625498
0.001071098401228
0.001648829212527
0.001863553254410
0.001842259270157
0.001772883861708
0.001771986901073
0.001718560431077
0.001342314451135
0.000576564718661
-0.000371065015213
-0.001295782150167
-0.002102118116509
-0.002685606222138
-0.002957024346729
-0.002863345420971
-0.002267872276343
-0.001085223991185
0.000478871648780
0.002086660383414
0.003446717706792
0.004175739383116
0.003919213766484
0.002717967762233
0.000883599171626
-0.001266778503848
-0.003221857051372
-0.004264967618030
-0.003953918013977
-0.002466122243095
-0.000452391814417
0.001392797847912
0.002641406938911
0.003182405764532
0.003086463523672
0.002474233628861
0.001580404874724
0.000717732530045
0.000020017383845
-0.000558344419062
-0.001017381853155
-0.001346891854158
-0.001670230748887
-0.002109275992509
-0.002612677801543
-0.002963116124121
-0.002792113555977
-0.001774587509358
0.000036970933692
0.002239044569083
0.004314663774682
0.005746631124559
0.006153784648969
0.005423368769994
0.003649596769256
0.001025554273830
-0.002044753426417
-0.004840713028371
-0.006630620201766
-0.007071290237920
-0.006187233258984
-0.004185211658414
-0.001487611502733
0.001293804538946
0.003615329093395
0.005139202864935
0.005718437731147
0.005370306505189
0.004146601785476
0.002148270103816
-0.000207848510865
-0.002245093227543
-0.003461998400267
-0.003659244866724
-0.002777180904790
-0.001030266157883
0.000945669161473
0.002418670133136
0.002890597718030
0.002149056832032
0.000390765331469
-0.001692232337394
-0.003202411843702
-0.003516444251114
-0.002603405597081
-0.000988243267300
0.000708716733390
0.002165290264202
0.003213302518354
0.003684700612647
0.003525782061601
0.002766600414884
0.001483329572267
-0.000115840574604
-0.001724507104564
-0.003010018256877
-0.003629297916629
-0.003337804356696
-0.002254466589608
-0.000909754290606
0.000201903509196
0.000997674057274
0.001645229068706
0.002224677691040
0.002616635019097
0.002578951875539
0.001880945863784
0.000537057962971
-0.001080076322707
-0.002498571464983
-0.003379323490865
-0.003423806220778
-0.002386118789058
-0.000449048797412
0.001645981403556
0.003141226327335
0.003751133238876
0.003532438777377
0.002613278009677
0.001175542320138
-0.000504516278206
-0.002077887754932
-0.003146915644414
-0.003406559051878
-0.002846921398129
-0.001723322082706
-0.000323516651275
0.001184947552380
0.002661966536549
0.003801298581484
0.004206231479889
0.003735221478319
0.002585088690184
0.000975995533567
-0.000916882471546
-0.002674264946778
-0.003732603893924
-0.003818978677275
-0.002989941945779
-0.001453744122867
0.000404673401079
0.002124515943926
0.003392481215660
0.003975790509461
0.003653368977547
0.002401614503214
0.000468038077737
-0.001701151300758
-0.003464942153620
-0.004174257196219
-0.003624397351034
-0.002150442272737
-0.000246562836608
0.001638175588490
0.003076853334834
0.003765391935712
0.003616241114524
0.002666587166752
0.001062386438568
-0.000836494626755
-0.002596302417283
-0.003842775705578
-0.004176886731746
-0.003405283467083
-0.001815717703440
0.000125221227124
0.002066383694842
0.003643011826299
0.004527183526104
0.004623132280714
0.003883423257554
0.002227334830673
-0.000099563435645
-0.002415990362743
-0.003964016176961
-0.004327604924811
-0.003674760357243
-0.002602362451037
-0.001595682922157
-0.000675558467281
0.000315051033536
0.001282576402789
0.001995941358927
0.002373912339593
0.002393997996699
0.001967132443656
0.001079627964337
-0.000101905598965
-0.001222963519225
-0.001790399006642
-0.001529944508785
-0.000725205959832
0.000006983915419
0.000198687699215
-0.000212875804111
-0.000891806878559
-0.001298153141489
-0.001040882989903
-0.000225690892805
0.000585755075267
0.000853233458929
0.000465085257864
-0.000219325936167
-0.000617718193216
-0.000328294352759
0.000642224400229
0.001955991475268
0.003062112905343
0.003355562971618
0.002497334960625
0.000652161263868
-0.001588545820250
-0.003544056865304
-0.004756658746962
-0.004990891081864
-0.004127102166471
-0.002292628753689
0.000014925966226
0.002154114984245
0.003674594814571
0.004360566417337
0.004100732958913
0.002950722401874
0.001270588915464
-0.000410974745481
-0.001654686481814
-0.002235652063479
-0.002218810153553
-0.001912957387322
-0.001609447191149
-0.001389787295555
-0.001163949113991
-0.000747953939657
0.000019941462220
0.001055103153122
0.002027093534106
0.002577218112394
0.002374655673386
0.001236632647408
-0.000559484991752
-0.002321034867878
-0.003432122441126
-0.003631932685358
-0.002885380004673
-0.001342432626415
0.000561875131250
0.002219988418801
0.003148144948202
0.003212285228330
0.002606593796661
0.001639562739990
0.000557357855969
-0.000474798295269
-0.001259964584340
-0.001580891893455
-0.001430476697761
-0.001089577341502
-0.000930473485397
-0.001169308585619
-0.001650576392897
-0.001839598738864
-0.001268884182121
-0.000041702728173
0.001283536179858
0.002190436226231
0.002462591227657
0.002188896521494
0.001603593532089
0.000839870675349
-0.000037724949107
-0.000786117684092
-0.001084003301502
-0.000928346584232
-0.000669159540057
-0.000653575588810
-0.001052042262571
-0.001826280377842
-0.002572040926379
-0.002666321452236
-0.001819238417866
-0.000285068141273
0.001467962045874
0.002991469810977
0.003848709421975
0.003768897127701
0.002863332155195
0.001535250151092
0.000172503795595
-0.001028858806647
-0.001949184526490
-0.002381723691556
-0.002190446985100
-0.001607228989339
-0.001155469395691
-0.001230458614496
-0.001790856428899
-0.002385155290880
-0.002444889935907
-0.001657388471553
-0.000152332386709
0.001633888136501
0.003270101356570
0.004524268823140
0.005279363846110
0.005482828340036
0.005321405173405
0.005212686915040
0.005625226786381
0.007104484164650
0.010327946073839
0.016003773520970
0.024808567555806
0.037483152891216
0.054920522324654
0.078089746685469
0.107913988913566
0.145121254932205
0.189993085108817
0.242144065117729
0.300421951110217
0.362822061983848
0.426422782724733
0.487639399558558
0.542668514224328
0.587747155123573
0.619364048619791
0.634146972283285
0.628066897464126
0.595767526279471
0.530829975023537
0.426837153747222
0.278954093083660
0.085925222279865
-0.147770800961186
-0.410256468468117
-0.682337817700781
-0.940229609429766
-1.159825899805724
-1.320538938923089
-1.407829612763307
-1.414238723801585
-1.339124990689923
-1.188117287143938
-0.972981429606444
-0.711314873483608
-0.425564904841380
-0.142023476526102
0.110075571592219
0.300710270759446
0.403798853358828
0.404684611472075
0.308155112723706
0.141692671404698
-0.050259304997312
-0.219297034624109
-0.327013646499345
-0.353577030220706
-0.298004571506511
-0.172516769131697
0.003214196121304
0.204444105927701
0.402100085859128
0.565411627404729
0.667523888706688
0.691863490647603
0.635670067968516
0.508854871399919
0.329717470841843
0.120944444367548
-0.092321948678680
-0.283559447269490
-0.427077353067439
-0.502404149522724
-0.500197186156978
-0.426523483228393
-0.302086884261689
-0.156340905891462
-0.019234925914864
0.086733024369567
0.151720411711169
0.178690645715555
0.178809373319974
0.165012328337152
0.146218877000852
0.124175640203897
0.094881739795238
0.054036511848728
0.003299526654461
-0.046230330434105
-0.076313496799560
-0.069963309293357
-0.021434243168497
0.058564083353026
0.145914374587651
0.213516474829056
0.243613089507050
0.234096179471321
0.195125879746839
0.140687496554727
0.083029893655416
0.032776570220355
0.000942124607819
-0.001219379845273
0.035094100539476
0.112608618796470
0.224939915941972
0.355561037530224
0.479955368694459
0.571110547445506
0.606742698766613
0.575169896496309
0.478411715844324
0.333381368502338
0.169380571752931
0.018522365380959
-0.097808544752930
-0.177092373159263
-0.232108557568652
-0.277955986166876
-0.318781621284038
-0.344122902047945
-0.337106071895309
-0.286760253678520
-0.195084671411210
-0.075765851680573
0.052398573745829
0.171716865427291
0.267470600898707
0.326871516126961
0.340418537488665
0.307204934032631
0.237814293004342
0.148193679390622
0.048085409340208
-0.064255783551498
-0.194053549125934
-0.335265239717076
-0.463683146307557
-0.545631559385596
-0.555923006142766
-0.491722155190873
-0.373156563693902
-0.231638927808659
-0.095723226768715
0.015184812232195
0.088544382442181
0.116389342178592
0.098873404815395
0.049314256207762
-0.007523984930438
-0.045859187688308
-0.051350702454164
-0.026596582139047
0.013492049880489
0.051080500362555
0.072169338905104
0.069437621660549
0.044459698760883
0.009452856882436
-0.015987337589854
-0.015446831966946
0.012115902150376
0.048711926126949
0.067782227689922
0.052813262346584
0.009197127624107
-0.041144314023115
-0.077621163464121
-0.095604367100493
-0.105753550747415
-0.120292587241426
-0.139910969926892
-0.153161492894222
-0.147607246180221
-0.121536856482381
-0.086454056015936
-0.059556334387993
-0.052410141976054
-0.063394294294285
-0.078300664595033
-0.078396765333414
-0.051653889581754
-0.001489060900405
0.052650203268160
0.085459689622703
0.082429522669656
0.052434225689197
0.026061622293289
0.038339891179453
0.105804195767506
0.212654923548596
0.315887601032910
0.367544839346414
0.341043427712202
0.245373145489477
0.118460521834704
0.005386641974543
-0.062833775037664
-0.077464619820577
-0.046310849065028
0.017801141377391
0.104361950371359
0.203847170631893
0.301645501878349
0.374888552362830
0.396251473736056
0.343334400419906
0.209321063325429
0.010025686435321
-0.216744643662789
-0.421503704581403
-0.560674274836728
-0.613210892442055
-0.585937878475795
-0.503184767792486
-0.387462492879589
-0.245055949506125
-0.067358986950230
0.152070412698745
0.397533466797276
0.625911071941189
0.782781933423906
0.828723893678879
0.756962045776929
0.591874023873234
0.372328414562283
0.132251691597616
-0.109550869059223
-0.345230821109570
-0.564559926660558
-0.744184116124387
-0.848865805139872
-0.845228215683922
-0.720008848447872
-0.491993926920305
-0.210699343478049
0.058173248030919
0.255027714657284
0.347105364435231
0.337076479283474
0.254835786896850
0.138543412719655
0.016628424402073
-0.100281820988909
-0.214843697823785
-0.329600555310524
-0.433738858374451
-0.499947966376551
-0.495365451785543
-0.400818356977513
-0.226299105984832
-0.012689694313032
0.182385305787120
0.308114962862583
0.341512334091093
0.294891524264535
0.206007279140081
0.116807443103356
0.053562616923214
0.019486157002643
0.002242194762654
-0.010337788210576
-0.017600958036188
-0.005651925664267
0.039933389524916
0.117306983483446
0.201150027967521
0.253138114721904
0.244255718254455
0.172316366381426
0.062482073470819
-0.046170694102137
-0.116918512112538
-0.127833856409563
-0.078961311903149
0.008049487787541
0.100666304617100
0.173481787553166
0.222446109270409
0.264342912707260
0.321835765910722
0.405787573497092
0.506109497787332
0.594631824734060
0.637568130448798
0.610635732501910
0.507336751379914
0.336062917708276
0.112079142591037
-0.146419815903786
-0.416469828007664
-0.667988210913909
-0.865970256510725
-0.977828608974201
-0.981900543213603
-0.872326479419698
-0.659342997357265
-0.367972938830140
-0.037030704453341
0.284087168340189
0.544317188374178
0.704234675351965
0.746778018139648
0.678516510632170
0.521503857034248
0.302799399599884
0.049055170299700
-0.212447915895492
-0.450717170398378
-0.631444742075594
-0.723678200864496
-0.710853241216243
-0.600115155190943
-0.422881181535500
-0.223407297547574
-0.040107006349608
0.108944617042447
0.226171586307284
0.320592054095266
0.391935940541047
0.426026262002391
0.403848770592493
0.316031420244860
0.172608847560421
0.003157870398638
-0.151527048157706
-0.252389116642015
-0.275250557960412
-0.218440848865415
-0.100267014026064
0.051529965369572
0.209660641975853
0.350399529414314
0.452474219116646
0.497921868054908
0.476288076304752
0.388481632959548
0.247809126258965
0.078375872618494
-0.089522623096145
-0.227153194867916
-0.315356636571905
-0.348664287582187
-0.334024929421955
-0.286099341802106
-0.222063765674419
-0.157237214847756
-0.101672536740593
-0.059019732906949
-0.028652050822722
-0.008576990469178
0.004369187272503
0.016755400283785
0.039071721589449
0.080964971293718
0.142933086102234
0.211765764836794
0.266286729336733
0.291238638138615
0.287964633327943
0.271420749751929
0.254857448639333
0.235286567956626
0.192777497467683
0.104454811025600
-0.038072193775850
-0.220831682197580
-0.413805640717434
-0.585441117294687
-0.714692746788627
-0.793661801952268
-0.822250154455650
-0.802253642104426
-0.736287997542909
-0.629760711238651
-0.491569489518702
-0.333364756976914
-0.168918694915111
-0.012609393774907
0.123440944517363
0.231611239999802
0.309047952667835
0.356769424639198
0.378928133646026
0.381613165879011
0.369906980857521
0.344653104747193
0.302488908124027
0.240624542263400
0.163145161588279
0.083589531970500
0.021340535352963
-0.006163171352219
0.009111640368841
0.061719098666675
0.133040570675766
0.197163922555768
0.231748172211993
0.228000779574337
0.192331803980771
0.139107250340873
0.081699922319139
0.028637189693562
-0.014908847093432
-0.045017953312607
-0.060004387769339
-0.062673652106407
-0.058934332277613
-0.052285702822027
-0.040058927896238
-0.016132136790453
0.022133075862382
0.069149807443307
0.113241213615261
0.144463685162731
0.161296822519498
0.169966002380468
0.176800089565831
0.180284169532899
0.170066430415287
0.134496210713845
0.071433756606471
-0.005666759902084
-0.071609319938884
-0.101547612088839
-0.084255932294783
-0.029070705746526
0.038004570019429
0.087472487842164
0.100734712150909
0.076779546091039
0.028749560326346
-0.024847075723547
-0.068305599075027
-0.093186294752448
-0.099287184696783
-0.093692391891370
-0.087743616017745
-0.091745087668008
-0.110406070360615
-0.141894117815840
-0.179388676173736
-0.213128960936571
-0.233133673724611
-0.232286246358532
-0.207847396027166
-0.160950018462519
-0.095590152573504
-0.018152690319400
0.063146711956868
0.140293661735881
0.208457811324237
0.266651645178946
0.314216891625743
0.346470223282262
0.354482761229686
0.329614749713311
0.268851855639560
0.176516542096246
0.061875073659991
-0.063525740510356
-0.186003973300940
-0.289091788355048
-0.355624666921772
-0.373272194000181
-0.340321189755863
-0.268367407850734
-0.180777144161641
-0.106664635116538
-0.070930349573651
-0.083300858119794
-0.131732394007454
-0.185507067220415
-0.209141121141175
-0.180645943738557
-0.102486414386288
0.002021669831368
0.102746522852711
0.176456244981671
0.212973309253158
0.214422040259552
0.191760106431537
0.160178894938346
0.133171986058724
0.117731307036418
0.114706698443658
0.124264000148334
0.150896756716768
0.202322623362279
0.281541881445204
0.377254008270231
0.461106464013114
0.496590915101990
0.455010167011702
0.327975939907150
0.129521425973484
-0.110344579991587
-0.354014286714500
-0.562304402694513
-0.699237381300558
-0.738673358724899
-0.672065426049761
-0.512606212192037
-0.292381810389726
-0.053586572592840
0.162471520294631
0.324454501522276
0.414792132387545
0.428317705493124
0.369906138867316
0.253855092757594
0.102651032461619
-0.058351304020774
-0.208783464360282
-0.337512635040055
-0.439421284685401
-0.507797358555014
-0.529981530070228
-0.491099146906406
-0.383082320253961
-0.211998003340801
0.000873756332009
0.223550940718025
0.420003348809069
0.556991477471138
0.611170534202998
0.575508471056431
0.461628011314414
0.295188897844652
0.106118437134117
-0.080362521860095
-0.246951085457882
-0.381565429642056
-0.472656098644558
-0.506648010616837
-0.469776584456081
-0.354847410527143
-0.170410009531376
0.053816912944153
0.271290549673851
0.432767759153152
0.503440721712569
0.474964444990326
0.366954152258602
0.217094661938705
0.065261727717411
-0.059663240920164
-0.145055540379991
-0.192641611771536
-0.212468456749341
-0.215162881261517
-0.205357334963270
-0.179479964636443
-0.129142666555864
-0.048525558537304
0.058004551062165
0.172674807523544
0.269015158454973
0.323716667042269
0.328609205267766
0.293690453557299
0.238135480798622
0.176123440367257
0.109194817333858
0.030646777349737
-0.063887470684415
-0.169660418865165
-0.273810861342842
-0.360522328941534
-0.415330358842659
-0.426946138774647
-0.388417409069823
-0.300288306462659
-0.174927236126141
-0.037321123934719
0.080961367786147
0.152906838817735
0.166566912313133
0.128996023819287
0.061629596082451
-0.009577671364575
-0.063559058776414
-0.088962949950994
-0.083558718220410
-0.051083859599754
0.000109883789689
0.055943381976006
0.097375892380676
0.106822312706596
0.078198515874193
0.023932294069752
-0.027292933314082
-0.042940598628363
-0.003131093685700
0.087807952095361
0.201216637478891
0.296226744143169
0.338399534090573
0.314871113821620
0.238010806527726
0.136275173038768
0.037351297114726
-0.047071423732056
-0.125077024454537
-0.213522842755358
-0.319464872581825
-0.426900078341196
-0.499297410274006
-0.499145404286429
-0.412639486825086
-0.261048164716627
-0.089405189473831
0.058735157809097
0.161812588461049
0.223288697626658
0.257928611075749
0.272797287298685
0.257488105368623
0.191531823367332
0.064362622521728
-0.106396750872032
-0.272574914694999
-0.373487724183531
-0.365003812550739
-0.241936090486774
-0.039852074487388
0.184637071304124
0.382629820584718
0.532148187257671
0.635816314680374
0.701796634278701
0.725682403090430
0.688102344278813
0.568701021084723
0.365299872196418
0.104166022314811
-0.166655524421947
-0.397140523253320
-0.554742025108840
-0.630904894359292
-0.632788307740170
-0.569375136920390
-0.443937091426741
-0.258370725776971
-0.024683859901557
0.226559056765518
0.448258793504038
0.590024953495971
0.616769732839120
0.522819985155124
0.333988171268864
0.097237231426211
-0.136297784577180
-0.326852152024705
-0.453255596967755
-0.510288128895925
-0.501135074555153
-0.431828005954753
-0.311308874132811
-0.155177819512694
0.012815563856363
0.165291261288187
0.278853313608683
0.339146332524416
0.342092651413199
0.293550999627535
0.207230820523105
0.099502796059967
-0.016603996960442
-0.133599419631094
-0.245930533811252
-0.343483867916192
-0.408174041290717
-0.418472873082984
-0.360935793744742
-0.241012482835747
-0.084612239619298
0.071724562848263
0.195957784636433
0.271050769070117
0.295328189534049
0.275766958008119
0.221208576939979
0.139592263252972
0.038908531448005
-0.070202161565966
-0.172510588613402
-0.249502692520815
-0.284962710744127
-0.272029610703319
-0.216854779122135
-0.136173109044793
-0.049755711327191
0.028027264589266
0.091443725570486
0.139073806902428
0.166631870866589
0.163618578044735
0.116991122424559
0.020340056895000
-0.117231181859414
-0.269291992183327
-0.399679857584884
-0.475378336565695
-0.477042101629943
-0.401531835360735
-0.258025279018337
-0.064881439064589
0.149894265527995
0.349915595629494
0.498194436878939
0.568748397188175
0.555005757346478
0.469963820813302
0.338409360277868
0.186414834826927
0.034068821232106
-0.106415572948799
-0.228096195995605
-0.323577867804142
-0.379609562828212
-0.377405873994946
-0.301430853307366
-0.153060595852044
0.040774594996237
0.233526228647621
0.377890597046919
0.444470159660003
0.429056310534315
0.347958992904603
0.227436906308471
0.094103115046648
-0.029788421253873
-0.127573705402562
-0.189506223210927
-0.214545579532374
-0.209462580517574
-0.183342766292593
-0.140309273399517
-0.076138265273546
0.017335510249590
0.141398451853940
0.280292821911972
0.400387247041854
0.462250446937291
0.439831305238759
0.334290772204911
0.172797038927752
-0.006131640928262
-0.169573411078932
-0.299131079940542
-0.389934040501054
-0.444124905519035
-0.463460855554063
-0.444312722263477
-0.377871613024639
-0.255996690772782
-0.080000736323131
0.131736524575366
0.342610151414073
0.507222919438779
0.588297196727278
0.571149385057947
0.467831391692061
0.310070646207701
0.135536357511499
-0.025539249645516
-0.157428285375076
-0.257546998819282
-0.328929187014223
-0.372635804707890
-0.386183865747607
-0.368190623161572
-0.323649230494754
-0.264649276391932
-0.206055475348033
-0.159510191713190
-0.129195719077457
-0.110500902492695
-0.091969738571525
-0.061289731468767
-0.013903995897805
0.041225544933652
0.084875365634467
0.099744170721851
0.082627505214388
0.046590118805157
0.012021083460464
-0.006173597901339
-0.007139386456393
-0.003714825463433
-0.013254990366542
-0.045015984669927
-0.092067254366060
-0.133318420884679
-0.144652661148719
-0.111721583940170
-0.036520757483729
0.064438077192492
0.167449803897788
0.250997589387267
0.303721023102836
0.326429189814489
0.326546517324712
0.309603440501319
0.274844126011471
0.217950926535354
0.137261738562070
0.037185015893860
-0.073170950600294
-0.181960021084226
-0.273696636298918
-0.328472055571974
-0.326483985482319
-0.258303156063197
-0.134640069108968
0.013365641139539
0.147174235060888
0.240209943348040
0.289746770742978
0.312604371768512
0.328416531063756
0.343151625569635
0.344981162501282
0.314656897052209
0.241175336289705
0.131309265532665
0.008458230678748
-0.096545269290986
-0.157375358293216
-0.162107069725773
-0.117938385101113
-0.049217635538473
0.012122217629870
0.041920394030715
0.036552442513428
0.012615758969599
-0.007615667073734
-0.013354844852894
-0.011131962361196
-0.016088170270154
-0.037551836910652
-0.070115380886498
-0.095734663006507
-0.094875410895428
-0.059068365937221
0.004127126098113
0.077353078070123
0.144742521183553
0.197687281118844
0.230843653732801
0.234509525347156
0.193026519227044
0.092897365426172
-0.064505979981786
-0.255775859407363
-0.441233753334272
-0.580815855049232
-0.648634369581542
-0.637199505649145
-0.552960988842518
-0.411267112142899
-0.235039338966358
-0.054347799675673
0.098104129621777
0.196066257788868
0.227645384986453
0.196269697028996
0.115209253350646
0.001048215484479
-0.129420889679392
-0.258775048874694
-0.367629855611822
-0.435153368572456
-0.443040852953069
-0.381820495031498
-0.255617460154695
-0.082030822132032
0.112529776866423
0.298980547768426
0.450815670818355
0.547992709106175
0.579484607215346
0.544178942355869
0.450461326285775
0.315456052935435
0.163106645353962
0.019229319337863
-0.095282543607707
-0.169246687595907
-0.201725477590549
-0.199128696625309
-0.171107131957889
-0.127312970310394
-0.076364687294175
-0.026975851447290
0.010908568781836
0.028023405654598
0.020730184790813
-0.005519626651661
-0.038192452447412
-0.064075978762761
-0.075707420182522
-0.073844494550920
-0.064606862273862
-0.053580629565990
-0.041488733779721
-0.024632993589379
0.000611822546957
0.032996965868489
0.065191474913864
0.087103908933120
0.090923963197494
0.074795257821230
0.044486925725052
0.012827397460897
-0.004410474958657
0.004193891268328
0.039210209919282
0.089612460351725
0.139293611814589
0.176934901480003
0.202117294331333
0.222773317214694
0.245764866445416
0.267849041153513
0.274287876144785
0.247368399816843
0.179753859370364
0.082500496913247
-0.019878425799406
-0.104706996524660
-0.164710366224453
-0.208772809364413
-0.250029202799137
-0.291652870836004
-0.321100155683316
-0.316322031215353
-0.259355581160834
-0.148635577722949
-0.002799836573211
0.146206405919599
0.266892075356000
0.340950212473796
0.367496647934853
0.356586559564095
0.317433236179328
0.250935517808201
0.152417787148284
0.021548877747725
-0.129834552122617
-0.278677592362674
-0.398826562850623
-0.469443773179114
-0.478781907946065
-0.424234048176378
-0.312249704640416
-0.158661578193933
0.013488483898300
0.180014193399349
0.322133453106957
0.428419692521352
0.491294107841608
0.502783509589973
0.454688236071077
0.343350837215933
0.175262679361446
-0.030470645927273
-0.245386876895547
-0.439875615030306
-0.591405214885519
-0.687708559144807
-0.724197731482454
-0.698974373942164
-0.609879810343442
-0.456495899002427
-0.246075280920074
0.001817278002598
0.256965505283540
0.486489563605878
0.663903527669814
0.772845215112227
0.804056691834562
0.751161572812067
0.611793442370792
0.394297574160740
0.123434603333604
-0.162024227085394
-0.420647723289060
-0.621557428719626
-0.749975562332680
-0.802215126443643
-0.776807336212322
-0.670784292942775
-0.484162980365216
-0.228396276769130
0.068518032368918
0.365173382418277
0.616936945176223
0.787242422802448
0.854955109902159
0.816243300375895
0.681726902362491
0.471617177318753
0.211906339436101
-0.067451775037482
-0.333508949830805
-0.552244252269668
-0.692829619707346
-0.733839857500897
-0.668586381765351
-0.507310406627476
-0.276396423028372
-0.013902282329974
0.239551771597956
0.450639067015090
0.597502684513049
0.666937780801236
0.650010580564279
0.542586999318334
0.351279342946171
0.098280111246534
-0.181053714867647
-0.446781330669462
-0.663464628635473
-0.805643642941103
-0.858980375162629
-0.818955080947771
-0.689979601478412
-0.486327845552463
-0.233160263791825
0.035911278839473
0.286062143464484
0.490304371383835
0.635102017403278
0.718835073365275
0.744470560463619
0.712754633629690
0.621640519418082
0.472142932165808
0.275830049885707
0.057798663241944
-0.148059993901364
-0.308794990755078
-0.401299471205208
-0.417071136754650
-0.363065551029655
-0.259604580195492
-0.134961004237521
-0.016416792249484
0.078688550076852
0.145961466774637
0.188772051397435
0.209640501607996
0.206072228982815
0.174337169781234
0.117185971716014
0.047838666442073
-0.014387167955147
-0.054037172516413
-0.067287922308018
-0.061640558864466
-0.048281199763649
-0.033771801151385
-0.017773069598931
0.002474309546426
0.025982435720549
0.045713733503319
0.052016286724444
0.039532664264115
0.012736421968555
-0.014080934849582
-0.023182850366835
-0.003713080912882
0.039488736499199
0.085215279770752
0.105304129924685
0.078924293688967
0.003556669631030
-0.103661517337869
-0.215388606407176
-0.308225064925109
-0.372030660181716
-0.409963352691833
-0.431697450977083
-0.444093040042618
-0.443968043369294
-0.418086041729990
-0.351549986997623
-0.239147085122265
-0.091544767566217
0.067941412380614
0.213304901753770
0.325199542916782
0.394058506054703
0.417379468935273
0.395727463539121
0.331572271168010
0.231516636949544
0.108935911202227
-0.016493187639392
-0.123260481797255
-0.194057694702558
-0.220130460711585
-0.202519093486387
-0.150552199443750
-0.078493844752317
-0.001108872117507
0.070659762244618
0.131715353626018
0.180956547533964
0.216925347224066
0.235233082641096
0.231232196835237
0.206290629641095
0.171430621180927
0.143135807027465
0.132962656942399
0.139187416757259
0.147802764170663
0.142085371770388
0.112953090826681
0.062940663991504
0.002898660068367
-0.054004805035681
-0.095919944114045
-0.112640732721705
-0.095885398645171
-0.042484608253300
0.040743824285373
0.134972663954338
0.213919768475783
0.254119742165326
0.245260572010299
0.193661760667540
0.116047830702363
0.028505222641001
-0.060469296408159
-0.148428610545071
-0.232378067321546
-0.304307249251100
-0.353273386435587
-0.371748352961248
-0.359780249843035
-0.323340993198006
-0.269080203377561
-0.199956125152572
-0.114751222454123
-0.012128988564619
0.103506415136568
0.219758028398807
0.320308197137423
0.391750785050845
0.427133622253377
0.424168984462918
0.382168260937565
0.302684410153549
0.193071443944787
0.067800912478764
-0.054723813857619
-0.156965163776841
-0.225274629791452
-0.250883216533111
-0.230067958666186
-0.163880099366734
-0.057638090339819
0.079039669293936
0.231067379504532
0.376570634178061
0.488447425145502
0.540701486852287
0.516752648246676
0.414702203320629
0.247330592297132
0.037981642235237
-0.185554135979393
-0.396855096598887
-0.574305216506723
-0.702038535657396
-0.770005831666088
-0.774400024731224
-0.718600917670211
-0.613503888888590
-0.475298333358800
-0.320748463357460
-0.163151506125765
-0.011982324495628
0.124241567421994
0.235119692184627
0.308710748241402
0.335733083153983
0.314901911163650
0.255654437323511
0.176778968132706
0.101027737427537
0.046250725435576
0.016851564909536
0.002484935243216
-0.013107321014080
-0.038954685614083
-0.069845265601132
-0.091928392222425
-0.096756582155203
-0.091345022946302
-0.095399521686938
-0.127919465460748
-0.192489036434657
-0.270787813476213
-0.329485273624261
-0.337447213656966
-0.282258592852200
-0.175228929347602
-0.042709559242763
0.089316775787061
0.206916111764816
0.308983077967011
0.398267530714950
0.471145605879790
0.514388126861911
0.510936478302286
0.450938882194906
0.340781569086997
0.203039864802618
0.066824514273163
-0.044671102754275
-0.121998583601960
-0.169237003828365
-0.196439155638995
-0.209602590683896
-0.205712113852104
-0.177354659187405
-0.123547150942493
-0.057476774773586
-0.003040577534886
0.018761927460289
0.002540675479196
-0.040187453710346
-0.090642102880401
-0.133848475821765
-0.162968889452357
-0.176207514452676
-0.171383723151017
-0.144065534502599
-0.090648083224488
-0.012522312785997
0.082410238201118
0.181152736190916
0.268924801259230
0.333537609758410
0.369090090780157
0.376944417043667
0.363560296475367
0.336378956420963
0.299991249205571
0.254835630879461
0.198527928021717
0.128459206002599
0.045050050427635
-0.045424806304793
-0.130941637507538
-0.197549386269826
-0.234235410298330
-0.235998794116942
-0.204935652233529
-0.150178372511161
-0.086522687234254
-0.030998545550686
0.002257801776624
0.006607886659628
-0.015664691171429
-0.056163186072694
-0.105617664859557
-0.157774745387234
-0.209488995430603
-0.257921367439363
-0.298238557493817
-0.324679791894672
-0.334102857869714
-0.327817627505648
-0.308728531876401
-0.276121714054658
-0.223827980331110
-0.144683431167605
-0.038595633410057
0.081960803247416
0.194101503249130
0.273851296242926
0.306628970355848
0.292161010941817
0.241305038032079
0.168215509936153
0.083965630911065
-0.004839799428876
-0.093125643586445
-0.172998793247143
-0.231481203158203
-0.252903794595275
-0.225289817024596
-0.146943690674478
-0.029442530281318
0.104712641270463
0.229303712267684
0.323788000368550
0.380036111646540
0.401899868006706
0.397859327455104
0.372503346473864
0.323638690957408
0.247164710839322
0.145063200483392
0.029648380492703
-0.078794212896810
-0.159223340050247
-0.197995738290544
-0.193905436504486
-0.157984297210153
-0.108353252348151
-0.062055351326387
-0.027868502356473
-0.004887703996232
0.011830462202727
0.022976438020397
0.021508276482986
-0.002025665903036
-0.049546721880126
-0.109501228506368
-0.160098734890716
-0.179851617543914
-0.158644780163929
-0.103030400611614
-0.033257084250205
0.026573273891907
0.060144290738163
0.065597573288874
0.053606086787537
0.039108821915795
0.032588517874158
0.035950200244603
0.044493195129384
0.052677031806581
0.059310816850232
0.068748780777254
0.087954895795786
0.122170543987022
0.172047756847284
0.233081514330631
0.296401570284143
0.349788733312433
0.379033323128769
0.370824871188577
0.317513935100238
0.221897327456698
0.098475533014447
-0.031044958244715
-0.145556681125324
-0.230494066111923
-0.279520640289032
-0.293369530046179
-0.277431598191981
-0.238737698961724
-0.183633801388367
-0.117568965598446
-0.046750466220684
0.020607010772005
0.075810858731370
0.113582691707405
0.135130127647196
0.147204445569281
0.156478132888880
0.162718679526186
0.156812849517223
0.126455099641832
0.065360532714137
-0.021262941708185
-0.118667346276150
-0.209487783083620
-0.280016859641528
-0.322302056525327
-0.332679709447054
-0.309692100750484
-0.254069152885534
-0.170606499255285
-0.069164195871379
0.036915366582355
0.133837210165520
0.209803280715760
0.256088102516280
0.267216794831044
0.241107762065286
0.179619391097103
0.088829061956334
-0.021790959274707
-0.140883931679687
-0.256546378776453
-0.357468636012624
-0.434376618916163
-0.481571722442069
-0.497194997800835
-0.481109689803047
-0.431723310662112
-0.345548944383187
-0.221737366616064
-0.068368579812233
0.095417780082128
0.244035817290050
0.353988140347139
0.411029590350540
0.412405554839590
0.364000708190996
0.275051370436215
0.154445158579393
0.011070931443762
-0.143367588827621
-0.293061072266101
-0.420016635235830
-0.507301006378769
-0.541425153698390
-0.513681079295200
-0.421518523802974
-0.270201315122384
-0.073695974092204
0.145932960096063
0.361180625358948
0.544333217881511
0.673830449485816
0.738418000195268
0.736711344046383
0.673110770844561
0.553671588623508
0.385133020941206
0.177678868326153
-0.050900479246916
-0.273625329161053
-0.458188195095094
-0.575614033156000
-0.609676626367223
-0.561937021888248
-0.449382747475246
-0.296582961188682
-0.127926537515572
0.036495328561252
0.181719143388534
0.296559415314185
0.371186413559510
0.396372185098349
0.366815695566437
0.286406741719530
0.170016953983988
0.039086395066860
-0.086069300458213
-0.191035450000036
-0.265884537831045
-0.300977847359394
-0.286017137921663
-0.214496622715099
-0.090382252874202
0.068041795683142
0.230605144567615
0.363909632880893
0.442102884612483
0.454066284424750
0.403853993383733
0.305606946464270
0.177093773119374
0.035783986107911
-0.101503230380453
-0.217521604378500
-0.295042424349777
-0.319918099214160
-0.285724246642694
-0.197666423191077
-0.072976199077586
0.063329641352420
0.185191397409886
0.271407668017491
0.308919185469389
0.293546319674440
0.229239415349411
0.126805174637343
0.002189382916860
-0.125895265021795
-0.238558299970651
-0.319037224161524
-0.354769083474461
-0.339046031894673
-0.271757126498631
-0.159336740946614
-0.014697975424170
0.142690562047997
0.287815261398863
0.393580919546965
0.436757304347330
0.404925116279582
0.301667299727138
0.146818579740616
-0.029629264714723
-0.197433971852834
-0.334408218132662
-0.428887743503615
-0.476512343364392
-0.475616920404355
-0.425498343011514
-0.327882568554211
-0.189169763218823
-0.021594702749902
0.157014545584630
0.324647332719865
0.457589204094845
0.533830916428178
0.537167727186459
0.461047613222366
0.310806865881445
0.104417135102528
-0.127961373245643
-0.347796657605103
-0.516996599958839
-0.608586405745212
-0.613078265028021
-0.536511237933557
-0.392393991643309
-0.195511237487149
0.036343561093723
0.276216894051059
0.486914224248120
0.629803496582875
0.679321027942266
0.633737923040428
0.514267206059554
0.352848747278188
0.177766650276909
0.006676696084456
-0.151110954325162
-0.288306583586263
-0.395555132474419
-0.462002267820781
-0.478055731295930
-0.437259605885626
-0.337735149076733
-0.185072256264950
0.004128952955879
0.201768933662468
0.374091810611210
0.492587209884628
0.543462272299187
0.528892329995651
0.459306375236712
0.343840499863896
0.187901489732324
-0.000804598603106
-0.205293755813334
-0.399368497888042
-0.555892136278704
-0.657322218005398
-0.700437869121344
-0.691932741148576
-0.639213188590364
-0.544431144152534
-0.406606336840175
-0.229573784464322
-0.028463167973828
0.171079302853132
0.340182796057309
0.455355027823451
0.504491277894238
0.488595646584294
0.418531701531239
0.309167265687939
0.175594416122762
0.033025184625422
-0.102257356025666
-0.213391867385565
-0.285651770910006
-0.310816693654854
-0.290258639759695
-0.234111969454429
-0.157530260510282
-0.075968589769197
-0.000742619356531
0.062810746612263
0.113189329686804
0.148407338886678
0.162549627430155
0.146329710782651
0.093281126371935
0.007887136857383
-0.091293510876367
-0.176557669628883
-0.221320685592477
-0.210337440346130
-0.144613827072768
-0.038528948582688
0.088245051590626
0.218087845223280
0.337737277870582
0.435916755073890
0.500416839268229
0.519146854613986
0.485533951216993
0.403221219350162
0.285289367064267
0.149070705230976
0.010982100371373
-0.116041330788547
-0.222712713358653
-0.302502973256985
-0.351022921845569
-0.366444025159174
-0.350972481529953
-0.312278229640568
-0.262513331427374
-0.213702499859166
-0.172245739269338
-0.137220668112928
-0.104216636568728
-0.071404391474470
-0.042118644196162
-0.021287588433357
-0.009201936608449
0.000974901166038
0.018947370725610
0.049569138153980
0.088129699815413
0.122606907486499
0.141305679119348
0.140298697266220
0.125397415293182
0.107409744765651
0.094283191423567
0.085735434274174
0.073942203903432
0.049870454061212
0.011137401364286
-0.034025295654678
-0.069512365110776
-0.078851300078168
-0.053123831347566
0.004188011216387
0.077770406017580
0.146394050024090
0.190486052775122
0.197562513327338
0.164290190484261
0.095656011274227
0.002967223962511
-0.097759897663154
-0.187541093902307
-0.247634787272010
-0.263846623471995
-0.230171891978322
-0.150739170422288
-0.039419713858710
0.083728716850359
0.198143558900558
0.287398232248156
0.340539157534730
0.350816908288965
0.314666115833291
0.233530487637892
0.117789262075339
-0.012194677928032
-0.131695853891924
-0.220823866911391
-0.270398021812344
-0.281073278485165
-0.258223696888658
-0.207735758480543
-0.135813668195481
-0.051500140955306
0.032026789100301
0.099520491119584
0.137717015003438
0.138944559334712
0.102789442186072
0.035717533834602
-0.049795669847323
-0.135607104172594
-0.199853760392579
-0.222827190794750
-0.194556240030416
-0.119175889895649
-0.013792734223237
0.096718619468324
0.186516376643023
0.235518712705709
0.234865429595075
0.189204689725798
0.113595063080127
0.025587422110431
-0.062500776295965
-0.145472151284537
-0.220527232923743
-0.280714854586531
-0.312887981692641
-0.302728885448653
-0.243071572175831
-0.139207690854610
-0.007976416874880
0.128147023465566
0.248261079310417
0.337566376379250
0.387240083289531
0.391752077920827
0.348067905059890
0.258351716550569
0.133684053037371
-0.004647150872033
-0.128824700994419
-0.213298281273838
-0.244364755112721
-0.224161860138499
-0.166912852470036
-0.090936826663699
-0.011466857775812
0.062285936178566
0.125308695773416
0.173071458692034
0.199546901482490
0.198107217189283
0.164603858905787
0.101674346417020
0.021669552280667
-0.055670589090076
-0.111218980404528
-0.135314828165060
-0.131407538655824
-0.111834436345946
-0.088715853766162
-0.066868239802077
-0.043726865241466
-0.015442195829089
0.015796689366262
0.038724753904006
0.037211928956029
-0.000387566040265
-0.073065773943386
-0.165920054830778
-0.256693086143030
-0.325802908541918
-0.363544697979632
-0.370241651684957
-0.350398585268288
-0.306421667177318
-0.236761161096057
-0.138940437563474
-0.015005288487939
0.123633696507883
0.254936433159227
0.350711179820695
0.386340500768231
0.351291422684119
0.254121328562517
0.118740502483599
-0.025494767772399
-0.153709845762002
-0.250623234119764
-0.309945063158486
-0.330416729046677
-0.312243854190747
-0.256809895035019
-0.169476814254811
-0.062094727320804
0.048159971678552
0.144060074640649
0.214948205965326
0.260312749165541
0.288039819809267
0.309099974467681
0.331959673648076
0.359035791010457
0.386093381539265
0.404395878279563
0.404278772695793
0.378282593508142
0.322909736903853
0.239098118004424
0.132349022077130
0.013522034057658
-0.100685015142079
-0.190255706541031
-0.238527559419111
-0.239883884465661
-0.202831203358544
-0.145713847913989
-0.087493096914510
-0.039206898593293
-0.001398116690645
0.031169383481558
0.061272771384052
0.084029952507941
0.089522216663444
0.071871325024063
0.037575127598165
0.005815869636223
-0.000462034416980
0.032976408909287
0.103104690779295
0.189396666859550
0.262308405297039
0.297101513678609
0.285709653427232
0.238888483908859
0.177217574543500
0.117256880040465
0.061513266649660
-0.001756853785180
-0.088480776411677
-0.204439223106450
-0.335856192967406
-0.451834504519205
-0.518698805654490
-0.517720722444445
-0.453748003735475
-0.348645565657591
-0.225600619726801
-0.096685223627631
0.037908323821530
0.180111460486625
0.322626068412757
0.445170632281192
0.520931565483166
0.528278892307896
0.459659848789832
0.322922401227055
0.136881069407622
-0.073702455658745
-0.281051472960017
-0.456899587121786
-0.576829780451947
-0.625291557589690
-0.598105378417595
-0.501503528094362
-0.349796193144589
-0.163474299029766
0.032479951213665
0.211044166423886
0.346743176093584
0.420090816269557
0.422469350385986
0.359976599278570
0.253005711161464
0.129830591026548
0.016801201506742
-0.069970830566728
-0.127567283798402
-0.162962367626309
-0.185878945036726
-0.201490973157564
-0.206231773414254
-0.189831597836379
-0.144197973317196
-0.073741110141953
0.000698292797437
0.047596238738339
0.037309153306180
-0.044694085396511
-0.190108970486239
-0.369216368635272
-0.541024530551782
-0.667310118787997
-0.723515363929777
-0.701943275206193
-0.608046242765661
-0.454436058631894
-0.257332955334711
-0.036631828719817
0.183325353923268
0.375334848958752
0.513530308300440
0.578843537138166
0.563821936992493
0.474714982272285
0.330195490662791
0.157752240271778
-0.011009023408061
-0.145038676229086
-0.217925879300191
-0.212234605950487
-0.124398935050175
0.032362612204085
0.230413242614945
0.435507868361394
0.616126017811487
0.748916411136059
0.817642164068084
0.808520209764837
0.708313685329896
0.509418618558673
0.219821370136470
-0.130025824771217
-0.491410459245731
-0.812901370880299
-1.057854689832892
-1.212371489326692
-1.278955834881979
-1.261326283008095
-1.153158538045929
-0.940860082518662
-0.618403171592729
-0.202445645415648
0.263594072583526
0.719620851867985
1.106994365967956
1.384571088602776
1.535491336337265
1.563712062180970
1.484257538901027
1.313685766949397
1.066335817329802
0.757763157385386
0.412117571382708
0.066878364939431
-0.231264445233333
-0.439909922995660
-0.537082018445132
-0.530466715348566
-0.454044420319091
-0.353280756564509
-0.266058734627918
-0.209542386695958
-0.180629972200442
-0.169284568580537
-0.174257288271125
-0.208111633358544
-0.287304595720312
-0.415164630883524
-0.570126303393665
-0.707769066481607
-0.777785950135499
-0.747659298842070
-0.618045740813819
-0.419882777434200
-0.196974681382433
0.013727398740888
0.193259751840455
0.339187272544719
0.455688608313460
0.543406476059603
0.594836944395194
0.596241779829131
0.534632264002164
0.407104352546649
0.227778765034083
0.027524186656601
-0.154688095545561
-0.284798128115193
-0.344130231781620
-0.331934367093403
-0.260077912032876
-0.146064735166968
-0.010584983638427
0.121100765728256
0.219606120786679
0.257098797887379
0.216022901329333
0.095822371596306
-0.085763142393645
-0.296646931193983
-0.496758261447343
-0.644630939754167
-0.704236381403028
-0.652075016393785
-0.483209754072261
-0.214419234255942
0.117493259199497
0.463491921843999
0.773859438171722
1.007371683265724
1.134056296074147
1.133431744444545
0.993096089654235
0.711560898287075
0.305349250636703
-0.184920944869710
-0.696422666974296
-1.156475736106070
-1.500855044491139
-1.688779922683419
-1.706538912795912
-1.559345547879623
-1.259424957400249
-0.820631909942498
-0.264612912460789
0.365960937196876
0.999141303536129
1.541517677984698
1.902620770856701
2.023845893726557
1.895339736887571
1.552115301950218
1.054926404249330
0.470255543693830
-0.139522107511700
-0.715223709251740
-1.196446820565712
-1.521953743461647
-1.638890246046203
-1.518309529362213
-1.170083821213639
-0.649572090292439
-0.049922291423125
0.520459099662958
0.966269196207906
1.225939294446874
1.277232093389669
1.130857453112250
0.820356387946860
0.394755854807499
-0.085514097990325
-0.553552065648792
-0.944509364046002
-1.205804640468061
-1.304523482336022
-1.229254148166239
-0.987919144586507
-0.605514459592562
-0.123623196917379
0.400779370365391
0.901201722795311
1.312410169071948
1.581925852533506
1.678248406101976
1.595087808995288
1.352229106536303
0.992019551114120
0.570008386958536
0.141405259009965
-0.251396687081239
-0.584216540654632
-0.846520559702788
-1.031096989069239
-1.127509886712830
-1.125227071214830
-1.023190343975316
-0.837074202948264
-0.597214251318809
-0.338065144769620
-0.086823030981751
0.142503021102405
0.348107532663974
0.533958943090691
0.701966874847712
0.847227098769880
0.957069059715102
1.012510886653515
0.993648366638460
0.890271659017478
0.712054243751228
0.489927868792922
0.266489002516022
0.080735160568053
-0.044822487364190
-0.108999452971648
-0.127043123946426
-0.118947092986871
-0.099107214282420
-0.074388419843438
-0.049788292537296
-0.034528197094697
-0.041652131294316
-0.080971172113340
-0.152268839376814
-0.246027053513566
-0.350911377470690
-0.459749383656479
-0.569648859446381
-0.678760808906512
-0.782198061425890
-0.868474053928248
-0.918738593734498
-0.911725803917259
-0.833877442414649
-0.687803014795175
-0.492271228029351
-0.274176740730075
-0.058492091635377
0.138349741772536
0.309077923300765
0.450128388010143
0.554727662622480
0.611558642848204
0.610125518876578
0.548018009169432
0.436003668325845
0.298313677279430
0.166258271007673
0.067875780532280
0.020549181735154
0.030125204763428
0.094207499677593
0.205715923062499
0.352383044265978
0.511631143426013
0.648873538450849
0.726263339736465
0.717889459405440
0.621123107458417
0.456058124276311
0.253284472103147
0.039760954444699
-0.167066990384734
-0.356502060815605
-0.519505999516982
-0.646048941712184
-0.727336184732069
-0.762590934504825
-0.764332207830645
-0.755677822852752
-0.760487267440529
-0.792240188872445
-0.847629295659068
-0.908617474629723
-0.951630697795752
-0.958175759490691
-0.921415112431262
-0.845520374205729
-0.738151590286691
-0.602564094006028
-0.437480972165812
-0.243628838496548
-0.028009250584474
0.197680622526855
0.421172842744994
0.633948486861917
0.833669873764637
1.021003237589073
1.191363198334499
1.328530973757863
1.406335827262838
1.398259926374846
1.289555331756394
1.084638424280969
0.805650942371726
0.483839399417676
0.149360226474696
-0.173453495373609
-0.462165345121013
-0.689425764390083
-0.823764857433694
-0.842105482472596
-0.746113389268185
-0.569262900034908
-0.367641161744724
-0.198468564365850
-0.098208119592948
-0.072091016892707
-0.099457975581696
-0.150141511659021
-0.201401800359537
-0.245738322229395
-0.287154676487073
-0.331456169447576
-0.378117943362038
-0.418329897308987
-0.439440581515900
-0.430704167520782
-0.384719386730847
-0.295466435799165
-0.158322140044708
0.025335041458114
0.241991777618716
0.464084923731950
0.655565247160263
0.783286362513105
0.828911064992903
0.794642530225771
0.698447017809033
0.561961985275792
0.400193640059292
0.219180492014494
0.021687334509961
-0.182995240941751
-0.372565570674912
-0.514604113417615
-0.577141237496570
-0.540386812166559
-0.404289601353059
-0.188819056358400
0.072898294242077
0.344051672516507
0.590601689001019
0.783100195772828
0.897116648136642
0.916467027650996
0.839985837658268
0.687375232048122
0.497706743459441
0.318547386721175
0.190399991188224
0.134146664991120
0.147541788431576
0.211843056703029
0.302848660790787
0.398629850053269
0.482512667847474
0.544446300208943
0.580797242518379
0.590909506486028
0.572552198081158
0.519992360705192
0.426060413012289
0.287071597339671
0.107300177344333
-0.100985143269822
-0.322734786980705
-0.546616971795924
-0.767628736019826
-0.984021699456415
-1.191267586801319
-1.377457431573939
-1.522875499673887
-1.604133153220573
-1.601028207578892
-1.502885076809191
-1.311771887959825
-1.041505967545669
-0.713134308805874
-0.350312842877389
0.021977325852597
0.376888623415756
0.686945358016196
0.927217361125868
1.079233683008721
1.134731072148708
1.097219007922790
0.980099583126808
0.801933692149269
0.581080372824174
0.333322329200532
0.073414819963645
-0.183104570053956
-0.420185520684640
-0.621385860830279
-0.769138183500970
-0.846259143988057
-0.840347926207349
-0.748108153736229
-0.577793273012853
-0.349393876258371
-0.091689409109202
0.163416882837440
0.387239825308725
0.559379300584737
0.669301160859005
0.714191135258514
0.696185521983869
0.620780301917600
0.495976392787969
0.332543060616308
0.145049936436398
-0.048904720282001
-0.232380843797193
-0.392917512304343
-0.523179100682709
-0.618529006475320
-0.674485051973697
-0.687062149287179
-0.656577670466968
-0.591425770727382
-0.507259163125981
-0.421420477959800
-0.346446948818737
-0.286407421926741
-0.237845071672672
-0.194892990051249
-0.155938528753617
-0.127221001836210
-0.119778093336056
-0.141573815380669
-0.191244957899307
-0.257939834397148
-0.325579823978533
-0.377068310410333
-0.396574599797838
-0.371401313964449
-0.294627819708072
-0.167120868864791
0.002699478870348
0.200523931095857
0.407587680262216
0.602407522219090
0.764294276286147
0.878040854158721
0.937876737883134
0.949009419390824
0.925532344386751
0.884581600568802
0.838625049188048
0.790534889834446
0.735929079628290
0.670992487996680
0.597865577843901
0.522062064043794
0.445447244975092
0.363259274498103
0.268982130610907
0.163218733232494
0.059125372154511
-0.021280906275743
-0.059308631564772
-0.052794626365532
-0.021238284452171
0.001616122616064
-0.015748520843493
-0.087356010168732
-0.205206847971396
-0.346313752385291
-0.483976626723457
-0.595374959267881
-0.662903075029648
-0.672579061484608
-0.614714309361114
-0.488461410233447
-0.306625103338028
-0.095777869442898
0.109432845975428
0.274897357510394
0.375061837854284
0.397834618673930
0.345669000738781
0.233740310765683
0.086021014338931
-0.070248541919649
-0.210599504665471
-0.318010836241533
-0.384307275127051
-0.408125280288961
-0.391838463867540
-0.340454502449178
-0.263034217264650
-0.173748934501828
-0.089352347335674
-0.023548847668024
0.017987308186884
0.039162275985564
0.051062605760092
0.066140075700370
0.091944505627650
0.128879894170321
0.173250287079088
0.222437143886792
0.277692676212120
0.342451292600385
0.417910922383353
0.499392457173088
0.575835177204874
0.632464480099529
0.654301266185288
0.627104420637921
0.536185589848515
0.368787152005828
0.122796616751246
-0.183854899636867
-0.511902616495689
-0.811007961207104
-1.036615170304145
-1.164098258425589
-1.192550804462677
-1.136937890940658
-1.015042788509028
-0.838489941325640
-0.613175135461640
-0.347721726358767
-0.062985246827133
0.205615492365631
0.415985047724845
0.533101569132007
0.541351180387441
0.449999012724411
0.289698129165764
0.101954311361639
-0.073395571223781
-0.207686431456928
-0.287178637759218
-0.310985332757282
-0.285643476621496
-0.220283233063603
-0.125104771019437
-0.012541714476132
0.101567548935299
0.199474622146366
0.267134161797615
0.301597355885029
0.313892327918149
0.323264417513773
0.345806240322265
0.384878587965390
0.429574171618511
0.462394161331955
0.470166778379167
0.449631614872368
0.404951530707511
0.341363632810163
0.260651617617882
0.161560657212669
0.044136217752286
-0.086273848025661
-0.218459015069733
-0.337443129857157
-0.427577750308516
-0.476497746449367
-0.478731245772870
-0.436335576730609
-0.356432262503333
-0.247945008058607
-0.119278622749170
0.021880456562445
0.166282176771434
0.300337666338812
0.405767515926890
0.463086114689934
0.458678678063755
0.393142005754458
0.285500625279520
0.168181616203811
0.073849529992631
0.021915295094998
0.013141933083017
0.035054196100249
0.073876045469937
0.124801716838615
0.193019200556892
0.284152497737746
0.391629985852465
0.491560268184669
0.549721816832750
0.536272720001998
0.438724224960358
0.265563145782165
0.040533958830265
-0.205853237117598
-0.441700620053662
-0.635592226331659
-0.758508132875980
-0.788523970538045
-0.717402202211377
-0.555553916788856
-0.331917371567980
-0.088088775685630
0.130666314111411
0.284347690678722
0.345869416399144
0.306959291599432
0.180116627140541
-0.005804371635305
-0.215289534580235
-0.416238929592097
-0.585120942601370
-0.705277449267713
-0.761700806708152
-0.739152688412054
-0.627436852508427
-0.429256346289952
-0.162872090864520
0.142305481815521
0.452778695309468
0.735865348524218
0.961458739883802
1.103391069095977
1.142698479070876
1.071843621061918
0.897715583609257
0.642117603214846
0.338392825818409
0.023135077690744
-0.273871766966606
-0.534689559435601
-0.750246850692824
-0.913330489846320
-1.013608491911529
-1.038460280674637
-0.979941763788415
-0.844196685145935
-0.656718740889888
-0.457452020797906
-0.285471752335238
-0.161847060144828
-0.082898110670708
-0.028484200060653
0.022175228581599
0.078628090998558
0.136904323542746
0.185729325607009
0.216498393456719
0.230487892497144
0.238610216303601
0.254424876625953
0.284968539684493
0.324282485797178
0.353760562805225
0.350779811200688
0.300942894642277
0.205629595535757
0.080792371224172
-0.050683657572166
-0.168221721204014
-0.259744105492214
-0.322422033824687
-0.359027002890396
-0.372798096868132
-0.364171118349450
-0.331777405796281
-0.276756268099996
-0.206227792646042
-0.132644076553835
-0.069055310559168
-0.022291091113190
0.011844953027826
0.046007223110691
0.091328461806109
0.147512010727077
0.200762805531743
0.231556141679139
0.227722883934882
0.193734898202765
0.148822055089856
0.115626923683038
0.108485791588411
0.128706030926600
0.167634609026125
0.213662833682626
0.258192915518881
0.297309344819157
0.329381535703745
0.351423891641783
0.356863993113670
0.336381030894903
0.282428669751453
0.195144027150718
0.085308617446620
-0.027709390665314
-0.121709850388140
-0.178711586603244
-0.190630870789161
-0.160959649894667
-0.101998302720818
-0.029470337112452
0.043379434157194
0.109657506402285
0.168334931866566
0.220126705907103
0.263454642723932
0.293960426174098
0.307762037100980
0.305124182414516
0.290615190115435
0.268648492788495
0.237979440961988
0.190824166166846
0.118342356943446
0.018814094415423
-0.096923302215496
-0.206951684183255
-0.287061389575415
-0.321766401789179
-0.310717126232754
-0.267748446534926
-0.213931794562343
-0.168251139006581
-0.141122056393300
-0.134014222576428
-0.143719598688798
-0.167064502932144
-0.202347328261129
-0.246895884425649
-0.293869208682802
-0.332235269983113
-0.350735022377001
-0.342758889706406
-0.308190234188075
-0.251006857321010
-0.175633315635517
-0.086210864719763
0.010764445460285
0.103662333584241
0.176323000615919
0.213262022374147
0.206879700145571
0.161781635294472
0.093022186792728
0.019616678480221
-0.042273630373785
-0.083493613911371
-0.102889376929389
-0.105487049291977
-0.099332231117767
-0.092699345034729
-0.091639090002082
-0.097648911368886
-0.106578745059994
-0.109870080426500
-0.098446705691874
-0.068188613489409
-0.023446496433398
0.024983618658142
0.066717380152103
0.098431847494743
0.125145848518674
0.154845016776942
0.189998355899853
0.222768496757521
0.239232487582225
0.229960426709840
0.197507366425704
0.154445365585859
0.114280145267636
0.082556703902193
0.054374331729403
0.019693743887723
-0.028092199018030
-0.087018917449984
-0.147481648577452
-0.197016633057187
-0.225562452460524
-0.228319144636322
-0.204761663468255
-0.155574403904336
-0.080937279818309
0.018793182239670
0.141075317846763
0.278218166663166
0.414735546364538
0.528026922582931
0.593489892991317
0.591945696335328
0.515888255987627
0.371790975831202
0.178228786985473
-0.038340242243705
-0.248318374378462
-0.423418939462992
-0.540901277590785
-0.588041878075107
-0.566056795161437
-0.490542692128902
-0.386069018962569
-0.276703729706421
-0.178004438018488
-0.095171191724755
-0.026848098830149
0.030008390375393
0.077837342364480
0.118657127256675
0.154255614663474
0.184895098484715
0.207590290595860
0.216256398196472
0.204830779933982
0.171588475824307
0.121207952636803
0.063088267338838
0.007705817765691
-0.036363264167910
-0.063457356992227
-0.069829142739733
-0.051826789733440
-0.005599554551234
0.070649537068550
0.173636122878817
0.293257491637068
0.412485727534707
0.508909765070752
0.559054668406314
0.545996279184720
0.467606724829866
0.339802389250370
0.190319933388970
0.045384261476551
-0.081901333588161
-0.193827309240503
-0.300300736039156
-0.407183671534736
-0.509590681949469
-0.594417358052188
-0.648310548217167
-0.663991375851259
-0.641097749178913
-0.582635655662537
-0.490871967681342
-0.366392600333579
-0.211357133207521
-0.034665288513012
0.144871973020658
0.300810831352496
0.407107049163082
0.447619558576528
0.420997308651967
0.338189956636432
0.215577676201308
0.068819924129761
-0.089760924951678
-0.249772967313319
-0.398377830846048
-0.515881138587863
-0.575750821573643
-0.551902744728732
-0.430844084056992
-0.221600168325762
0.044032280665541
0.322515627498633
0.573751256890725
0.770505897172262
0.898018501487771
0.947826427572828
0.912902761565996
0.788450811993553
0.578171083664780
0.301333639447243
-0.005962643902949
-0.298508475843654
-0.535372752028308
-0.691891559681903
-0.764454360511147
-0.766175225890175
-0.716582203828266
-0.631997457496022
-0.521501956621631
-0.389212106278345
-0.240819213545234
-0.089876910311284
0.041511190136186
0.129428866359208
0.158778717841087
0.131422226633450
0.066665954586726
-0.006467203148079
-0.060698921164333
-0.079434258913272
-0.059200393677608
-0.005812371518829
0.071852945147485
0.166035979998344
0.270416264637355
0.377728822771146
0.477435164532196
0.555830016737177
0.599087031259360
0.598036583752830
0.552305580843999
0.471328962790938
0.371419800661587
0.270317468119041
0.181778951379865
0.112639420068662
0.063347113557052
0.030804111367189
0.011334650954897
0.002054444238694
-0.000024193459347
-0.000222090648006
-0.007558278603159
-0.032622956751980
-0.081280161561777
-0.148398247365044
-0.217386461069900
-0.266773852451542
-0.280195135208862
-0.253863939518803
-0.196663003005467
-0.123245327339020
-0.045626615636548
0.030702476487287
0.103847496132524
0.169180046333463
0.215953190047930
0.229488010573126
0.195990001765499
0.106943837738368
-0.037656164852773
-0.227709761742779
-0.442880525356061
-0.653548751176199
-0.824197595693791
-0.920631784760425
-0.919581548676827
-0.816604805100525
-0.628269997558733
-0.387139785129532
-0.131645962910372
0.104113675530231
0.295897918353164
0.429074066110021
0.495335411586270
0.490296569697043
0.414022563339848
0.273859475333076
0.087361548394085
-0.117375949825738
-0.305648748792565
-0.443529120940148
-0.505901435577427
-0.482286919908099
-0.379250968889097
-0.219388745705312
-0.036224146376824
0.134963841591664
0.266598380382147
0.343214459919185
0.359847243545475
0.318657965014093
0.228366346044547
0.106505792710646
-0.020557084536688
-0.124419385174636
-0.186114616708026
-0.204226704205538
-0.192671126305190
-0.168834468904093
-0.141246785546961
-0.106998928270617
-0.059828545709094
0.000063956770405
0.063194001045433
0.116319294015438
0.151006549711772
0.168172394196693
0.175729507037867
0.182061197223398
0.190364825448267
0.197717460816140
0.198590728792097
0.189310740380506
0.170957947669337
0.149990322143212
0.136334955942792
0.139507419712745
0.164005321896661
0.205488842612308
0.250463604537262
0.281723402193977
0.286941941825526
0.264020559133839
0.219533488786378
0.162438191300183
0.098425292356619
0.029088129196059
-0.044148931363755
-0.115828511389023
-0.176464934194789
-0.215970888845742
-0.226527207587118
-0.203455111991240
-0.145701081815200
-0.057486949220782
0.049714890200125
0.157925348141669
0.247899433189524
0.306118854291916
0.328649481812450
0.320132063348856
0.289674644680150
0.246170762043634
0.195303278073266
0.138954417723298
0.075773450765472
0.002225845557609
-0.084632221054460
-0.182239254686794
-0.278563421350514
-0.353463542062744
-0.386402091427947
-0.366594695700183
-0.299588381893330
-0.206585066882830
-0.116974630973345
-0.057382776316055
-0.041911460645481
-0.068223868974070
-0.121086869093686
-0.180475212667198
-0.229498721022227
-0.258412836229566
-0.263253202964258
-0.241338919432921
-0.188758095251618
-0.103158493544209
0.010147899769540
0.134144439472569
0.242260069992634
0.307231441929458
0.313181016264032
0.263875200326780
0.181220883868818
0.094903004657293
0.029580358806161
-0.003995056338221
-0.010123215485381
-0.001429204588546
0.011300689924480
0.026228761624281
0.049972580971249
0.089708914184647
0.143769888704928
0.198104114386257
0.231285309824049
0.225086441422548
0.174076541595486
0.087590948127133
-0.017096552043294
-0.124411080234988
-0.224930791808748
-0.311496968013274
-0.371592915738645
-0.384630153701779
-0.328957362542149
-0.195110537324002
0.003499404072767
0.230201355921617
0.436571181101725
0.579966207091679
0.637647627973128
0.610051926118143
0.512356860361005
0.361566329202106
0.168965802513078
-0.057354096071591
-0.303318901693488
-0.541660176940002
-0.733868865036479
-0.841802877387779
-0.842620965060062
-0.738510086744737
-0.555972576091500
-0.335032088677679
-0.114079043029318
0.081083284293242
0.238498395903673
0.353263278676820
0.419179909296820
0.425415344113467
0.361258225912868
0.226059830812670
0.036597433869826
-0.173879745080882
-0.364202109875253
-0.497307682434987
-0.551018219868891
-0.522763646764432
-0.426418836289077
-0.284528262581110
-0.120941231740561
0.043553148059554
0.192283362135525
0.311596943824707
0.390174829045377
0.420279167889841
0.400016852415584
0.335080157445879
0.238591081615205
0.127958435365711
0.020023625085269
-0.071760618491618
-0.136705963289683
-0.165504869874902
-0.150297373633555
-0.086584220039982
0.022930817711108
0.164941476395168
0.316504455229890
0.451025289468267
0.546632060156668
0.593240065801308
0.594117479138635
0.560191850336770
0.501231164706173
0.420718767038925
0.317156577332492
0.189539259933569
0.042974830761434
-0.109357468405285
-0.249400386257329
-0.360454144265509
-0.432673235099869
-0.465014726848574
-0.463069693562224
-0.435033652493929
-0.389120689328716
-0.332885430096432
-0.272768072684375
-0.213800345411971
-0.160247722466679
-0.116827032420811
-0.089467202072810
-0.084504025231793
-0.106079369987821
-0.153317372747107
-0.219509882345527
-0.293499034028270
-0.361534975886209
-0.409280278195848
-0.425064956883560
-0.403676064835110
-0.347803189277962
-0.265706355590993
-0.166987585248034
-0.059113224065862
0.053761726831522
0.169217498244427
0.283618832058741
0.390207086523094
0.479476929101671
0.541561137303160
0.569419886332349
0.561045688295029
0.519763414891629
0.453124035691985
0.370808763643366
0.282116589797422
0.194650457773840
0.114914106483974
0.049266469933796
0.003365346906153
-0.020177098272990
-0.024773403483730
-0.021243430921751
-0.024923779944156
-0.048349747658233
-0.094069976904675
-0.153002758102855
-0.209277429046299
-0.248646776464242
-0.266173101557528
-0.268619901714763
-0.269873663503239
-0.282557505650290
-0.311202485275912
-0.350907264796793
-0.391535697824422
-0.423776918059492
-0.443012508280174
-0.449374935446071
-0.444635562664783
-0.428130375921565
-0.394936284543778
-0.337851809454828
-0.251653786155458
-0.137214277188742
-0.003473365064817
0.134348501567853
0.259755603345517
0.359985079450984
0.428521054244459
0.465053292263509
0.473489170103765
0.459089713467466
0.426691303341210
0.381090053518390
0.328540296626827
0.277564363708899
0.238077119014764
0.218549080727932
0.222104296911363
0.244074024093567
0.272878500357730
0.293774863081672
0.293881108581130
0.266724464631505
0.214548905033513
0.147214133843048
0.077814412673318
0.016771980402065
-0.032378208643931
-0.072613914577654
-0.108708396487123
-0.141548072940046
-0.165277607659654
-0.169383866513661
-0.144871629341326
-0.090610814348882
-0.015489223144606
0.064778446225554
0.133907737941219
0.180991119000422
0.202844641942443
0.201295488032819
0.177981693354438
0.131663540681329
0.060520764875705
-0.032772684822222
-0.137385390088614
-0.235451783858528
-0.308585984717113
-0.345916994692704
-0.347922641438141
-0.323786289287413
-0.284710996121426
-0.237518925976189
-0.182019133565737
-0.113113228705346
-0.025823751713521
0.079328381714881
0.192536731959383
0.294615704448468
0.362188023733167
0.376628821183831
0.332261969925429
0.239646411815199
0.122078159602569
0.006414664531851
-0.087064915354163
-0.150211067922565
-0.185982749083811
-0.202863492419713
-0.208201596715520
-0.203757532763088
-0.185471150780985
-0.147288297984288
-0.086899491383626
-0.010242525104811
0.068178603940967
0.130309145751366
0.162588447885540
0.162044028387672
0.136422607292844
0.098422119943294
0.058524775071694
0.021885599685940
-0.009420784325561
-0.032226249395838
-0.040065966577514
-0.024615847333731
0.019685287568509
0.090928905982112
0.178779996878552
0.267301372099061
0.338937413103672
0.378548566053338
0.377016315282802
0.333098747993352
0.252841590697839
0.147171662047382
0.028816703021529
-0.090171733697791
-0.199064874246803
-0.287660618445870
-0.346279368627856
-0.367706079762754
-0.349714427573630
-0.296375901091054
-0.217691971240196
-0.127627899417963
-0.040888961713397
0.030293110780091
0.078471988250928
0.102288582616453
0.105990149660133
0.096540235415177
0.079421270919206
0.055689434265730
0.022854707211112
-0.020536843856183
-0.070432929730358
-0.116815989104331
-0.147538270492341
-0.153830591223438
-0.134718500619387
-0.098326585693561
-0.058908954117127
-0.030562690603343
-0.020825742843579
-0.027606986533219
-0.041215803589941
-0.050840635486603
-0.052272628814801
-0.051885239730114
-0.063361429359285
-0.098675824897709
-0.159283284333072
-0.233617265576645
-0.302716016964681
-0.350232505659827
-0.370000806440350
-0.366264262543377
-0.347971114023078
-0.322585796947433
-0.293064541817586
-0.258426704191498
-0.216501622845293
-0.166816525477411
-0.111980006258455
-0.056716060705901
-0.004999570870677
0.042876992039057
0.091168157926177
0.146649045138686
0.214375619390681
0.292902945926650
0.372049828807875
0.435606941268488
0.467483300278601
0.457297878367311
0.402924474255446
0.310261819421849
0.191410850131601
0.062344209747486
-0.059058541085883
-0.155116036793175
-0.211141572327084
-0.217503950395731
-0.170064041032095
-0.070570886689132
0.071793477491437
0.239000271801401
0.404925881675260
0.539467194102086
0.615669099601956
0.617219746722390
0.543066523830844
0.407509359152855
0.235684851020472
0.056061203352114
-0.106727525835187
-0.235960310028942
-0.323681890751110
-0.369526337434280
-0.378151703729070
-0.355824314335133
-0.307340057044498
-0.235222477358003
-0.142483509995057
-0.036848595638905
0.067759219441092
0.154289848080497
0.208118796298595
0.221566669168284
0.195452692616849
0.137559828824918
0.058770053714793
-0.031318906193713
-0.126886246249526
-0.224924458450117
-0.321535035409034
-0.408452450364973
-0.472874636001919
-0.501383856107073
-0.485800352498223
-0.427707491376040
-0.339192662264417
-0.238822062419028
-0.144573605962490
-0.067844896071847
-0.011661280420319
0.027108488094589
0.054043908908080
0.074401599412222
0.092155413047942
0.110087695327734
0.129608539400043
0.150077649573185
0.168546790971535
0.180683259295200
0.182764738533379
0.173816813020411
0.156899165256363
0.138721367544575
0.126920055593551
0.125926160917148
0.134241919394274
0.145427178749659
0.152478678058827
0.152340794433172
0.146850438350787
0.139890897426054
0.133731652653479
0.127210391630915
0.116590176349474
0.098326994904367
0.071670723261537
0.039191383724497
0.005423943504352
-0.024677200012472
-0.046520384864423
-0.056227962017140
-0.051085457631820
-0.030304262246435
0.003916508928534
0.045957574138142
0.088242487210771
0.124139740153608
0.150551126452093
0.168841336756604
0.183358877622146
0.197741947494553
0.210910024606526
0.215499365906145
0.200331105675375
0.156117826398668
0.080974020906596
-0.018050420295588
-0.127462113069894
-0.231065889549364
-0.313300738317001
-0.361759681167013
-0.368687924606317
-0.331878734241768
-0.255777648602237
-0.152376055309387
-0.039726941589866
0.062987955669190
0.141474629004075
0.189809043316652
0.209526579370023
0.204953724469990
0.178134673115905
0.127641928983346
0.052306007351966
-0.043286746364552
-0.145685919169638
-0.234511423081019
-0.289400621355185
-0.298567882181150
-0.264066799008661
-0.200664055180402
-0.128597336517717
-0.063941329122037
-0.012364817666031
0.029757226885277
0.068211348202052
0.103410812730496
0.128024422866166
0.131732003916556
0.109932783852959
0.069734550494052
0.028050424225698
0.002240577342563
-0.000540492631339
0.012366803457191
0.024340146925283
0.020218156036866
-0.005328936425148
-0.046851692506620
-0.093358129948483
-0.135137651231622
-0.167792410743217
-0.191672216240695
-0.208597492784784
-0.219046380102659
-0.221713615796562
-0.215645701362450
-0.203222390099762
-0.191065309252070
-0.187343176549029
-0.197108469108402
-0.218746922454931
-0.243617561694022
-0.259317036500787
-0.254865027330323
-0.224688974383938
-0.169394446481406
-0.094095914541897
-0.006395491994838
0.085202820500883
0.172328625990202
0.246953892875648
0.301568322286964
0.330285730495841
0.330421460964721
0.303624220916358
0.255986191579835
0.196543065187360
0.134484779857727
0.076826324981481
0.028049711456045
-0.008458216660184
-0.029116930568293
-0.030903937835539
-0.013537599684228
0.019193150103461
0.060428266830519
0.103232509089638
0.143456682257816
0.180211159638964
0.213618852446479
0.241619567559362
0.258687379896864
0.257956323005454
0.235201680419889
0.191974300025059
0.135930115336296
0.077517145488804
0.024681304842588
-0.020274573222926
-0.058880265998816
-0.091442818979628
-0.113372304149402
-0.116515323271625
-0.095182936107386
-0.052146938838162
0.000425463604548
0.045596623569136
0.068509715555986
0.061693225661489
0.026550820969413
-0.028844175218104
-0.093421373455338
-0.155978851305628
-0.207118412551639
-0.240930494441391
-0.255519973639449
-0.251622567053760
-0.230684030848314
-0.194145824448513
-0.144304119738962
-0.086057333495018
-0.027965384555779
0.019123708262793
0.045452384118703
0.045425808356672
0.019134969044750
-0.027574565429611
-0.084637744727972
-0.140405402163096
-0.183481215769286
-0.203354464185211
-0.191540227667629
-0.143734830292604
-0.061969002526544
0.044191072782937
0.158482790641995
0.261513937457718
0.335971764585051
0.370976964173755
0.363485192648001
0.316712754307094
0.237615830476882
0.135457986930095
0.021758735946919
-0.089773039984178
-0.184757146309256
-0.250886128266386
-0.280792702404642
-0.273979426622856
-0.236264306630597
-0.176469762409857
-0.102827204950750
-0.021607055466722
0.061980870210085
0.142200668316098
0.211877659745935
0.262872514404059
0.288284682361831
0.285632475456736
0.259170095691192
0.219833628571430
0.182144264602697
0.158737778607862
0.155187645953635
0.168001526905665
0.186936986696576
0.200821977760291
0.203578388827289
0.196098513118053
0.182676677253756
0.165017769186207
0.138656728211270
0.095074469669880
0.028423829904537
-0.058046924615855
-0.150563650660819
-0.229809043196748
-0.279857104437061
-0.295724082615704
-0.284665139766287
-0.260708446209146
-0.236714013702390
-0.219086751882264
-0.207323105257219
-0.197647073305786
-0.187881968178292
-0.180085743472755
-0.179793934103394
-0.192752996055088
-0.220784630605050
-0.259262751163091
-0.297629881204913
-0.322330872120670
-0.320994210582505
-0.286664256471148
-0.220424870888189
-0.130873298583377
-0.030494891259984
0.069091918556160
0.160247149631284
0.239092839284263
0.302907357454543
0.347619750394241
0.367601008415435
0.358232963204382
0.318908160385340
0.253978275312726
0.171716437367386
0.082134827860629
-0.005396871586960
-0.083351984333288
-0.146464378653777
-0.192867112307908
-0.224816311593080
-0.247082963208820
-0.264095658249121
-0.277515123332020
-0.284847058640621
-0.280512389795412
-0.259705015305563
-0.222018799735910
-0.171951441536314
-0.116772158519812
-0.063609150518234
-0.016910085199935
0.022233281972075
0.054226707364905
0.078886009841874
0.095257336222152
0.102774618122436
0.102670667873206
0.098773847128141
0.096603843343557
0.101034595569848
0.114400017738548
0.135934428229121
0.162067230466195
0.187784032409289
0.208970296689476
0.224264059210784
0.235509764643691
0.246802525386019
0.262176006326574
0.282623970107344
0.304087471135523
0.318233272687770
0.316195077831880
0.292837979983531
0.248684011216838
0.188887133053021
0.120592732308998
0.050357451949408
-0.016853615209838
-0.076894528206169
-0.125346932237338
-0.157259963055045
-0.168095933196451
-0.155778788517686
-0.122776477023515
-0.076567000563462
-0.027527472013035
0.014800894871463
0.044597751140662
0.059854238207364
0.060330802726475
0.046113804619260
0.018090885845925
-0.020816571676609
-0.065219677474379
-0.108300951634663
-0.143693764316398
-0.166814572914479
-0.174949476964639
-0.166682498402750
-0.141833425227037
-0.102358421441084
-0.053540696012857
-0.004047362210759
0.036335016868049
0.060508790821812
0.066965415453468
0.060114663721457
0.048046064201609
0.038647880808581
0.035784916029122
0.037505160424752
0.037115382741558
0.026593674694374
0.001034457479894
-0.037902488173809
-0.081436721945778
-0.116374390196818
-0.129841288644956
-0.114062340012517
-0.069271140619718
-0.003357561251482
0.071724725082216
0.144750122665440
0.208632514263498
0.261186885204450
0.303384764842232
0.336164840340869
0.357731777485982
0.362895349764537
0.344412110198209
0.296055625130570
0.216580116860370
0.111946989752199
-0.005750685003164
-0.121780592852569
-0.223042480699566
-0.300981883785417
-0.351735729652851
-0.374365184354628
-0.369126001335302
-0.337114527019374
-0.281427604823251
-0.208931593714225
-0.130870516487523
-0.060968287674455
-0.011894730635243
0.007951452673270
-0.003761623158028
-0.043192562619388
-0.101632519756876
-0.167500284091452
-0.228267814924333
-0.272141972831413
-0.289636305713654
-0.274789228040847
-0.226081579051833
-0.147399763965458
-0.048432690898846
0.056658330448885
0.152440777200653
0.226125705798654
0.270598635890459
0.285275569221052
0.274548810977400
0.244901984427681
0.202120010477647
0.149795968342196
0.089839292208386
0.024356212841493
-0.042733894171845
-0.105539280106536
-0.157271195974543
-0.191652087424600
-0.204411550834047
-0.194671509284372
-0.165517525391658
-0.123444161067906
-0.076858660326427
-0.033765924033195
0.000813920358863
0.026062931814590
0.044190288112713
0.058108427477907
0.069803444118705
0.079875143904806
0.087770597585479
0.092501990204789
0.093794389993403
0.092882881339249
0.092311104787300
0.095116533718101
0.103626481928050
0.117856490740551
0.134398414137513
0.146871261429817
0.148083690670094
0.133181564875522
0.102520635534511
0.062630157052624
0.023992443673966
-0.003545408703281
-0.014742305913574
-0.009960416089507
0.006735451249850
0.030786516321772
0.059549049272986
0.092074608578888
0.126623390264530
0.158853073839125
0.182850720915307
0.193873095503770
0.190090382180146
0.171859210405822
0.139696834835667
0.093673435309244
0.035237046226140
-0.030511067823789
-0.094773748498851
-0.147748118718016
-0.182268465502239
-0.196413989970131
-0.193829159738802
-0.181370166136580
-0.165309544857937
-0.148426151522968
-0.129519457486710
-0.105715467084713
-0.076479536964149
-0.045884503970643
-0.020622201173834
-0.005850383273407
-0.002523245804616
-0.007864476429377
-0.018640399086043
-0.034683107147284
-0.059247959539474
-0.095631918486667
-0.143234221996949
-0.196363934920318
-0.246098577603819
-0.283610705697067
-0.303264085093609
-0.303756133673625
-0.286746912271098
-0.254550989714717
-0.208718420014943
-0.150149517393094
-0.080711279792305
-0.005151102858109
0.068963951446926
0.133799456301560
0.183926286484611
0.216695916441438
0.230566731250751
0.223653771590962
0.194356351855659
0.143853260897201
0.078239092897802
0.008048637029157
-0.054894807167931
-0.101006287079732
-0.124491061799482
-0.122847482296646
-0.095704821455078
-0.044103260693503
0.029306205433469
0.119274820306207
0.216746570953875
0.308696360278414
0.380293916507679
0.418674730064897
0.416268456695768
0.372470753898661
0.293362077814699
0.189727543861622
0.074339196285264
-0.040401757150741
-0.143782710904453
-0.226782048262691
-0.281378105811876
-0.300750135905610
-0.281270275373764
-0.225075979087414
-0.140767126593096
-0.041176875899744
0.060023697463496
0.150599687606930
0.220671864440321
0.263283647968356
0.275153161186587
0.257319613895114
0.214864904460065
0.155333410348352
0.086652656767735
0.015717846964203
-0.051972740506683
-0.112021959889111
-0.160836947597520
-0.195804898478931
-0.215504664972761
-0.219131892992414
-0.205927262369660
-0.175934261119187
-0.131493194413825
-0.078194624494267
-0.024611532112110
0.019399254657430
0.045268252003249
0.048319265640409
0.029593228728363
-0.003983479911114
-0.041421677308368
-0.070956246574139
-0.083784970211688
-0.076909560169612
-0.053694130496623
-0.022030508384731
0.008524952622634
0.029252792668283
0.033895023768040
0.019687765297824
-0.011927493802511
-0.055112411375667
-0.100116321328972
-0.134907663484370
-0.148823431812471
-0.137288674095227
-0.104248659688712
-0.060207369312896
-0.017452359737210
0.014529743344584
0.031331579486565
0.032908633674054
0.021233263135867
-0.001377073057430
-0.032298957473126
-0.067649873398727
-0.101440060263502
-0.125744516585725
-0.132236425402692
-0.114412033098297
-0.069565317542260
-0.000208197385940
0.085298915513537
0.173557238049135
0.248830322731110
0.297248767232129
0.311047510267486
0.290670770175660
0.243458042940918
0.179756439855188
0.108909481216007
0.037413499163996
-0.030303027438022
-0.089928578284640
-0.136185774249365
-0.163683631099404
-0.168932351089243
-0.152052458483808
-0.117530957704309
-0.073393283084779
-0.028179671348317
0.012634852255615
0.047980536650819
0.079609416934258
0.108826275521481
0.133529390523664
0.147884881781109
0.145145366325515
0.121483364812999
0.078701382382934
0.024851036621009
-0.028066918377506
-0.068904242457316
-0.091750043056614
-0.097125787213963
-0.090174934118244
-0.077592020839120
-0.064649658965176
-0.053767702715727
-0.045319696373266
-0.039106624263115
-0.034533936054789
-0.029433805788106
-0.019066771292643
0.003076152045879
0.042432718929982
0.099957438252401
0.170350854092751
0.243005328101684
0.304599179445583
0.342084384120335
0.345712056318791
0.311266949468790
0.240667592666701
0.141369180777059
0.025484631508145
-0.091187840830929
-0.190853940696148
-0.257139406352611
-0.280260097792391
-0.261164822335691
-0.211050925914149
-0.146270744926905
-0.081948442394663
-0.027470014541008
0.014387806812706
0.044764052443414
0.064835913987300
0.073631269044168
0.068412775757141
0.047032866610044
0.011235674736343
-0.031419156759088
-0.069057531186463
-0.089247883899332
-0.082409898411089
-0.044188692796362
0.022734277286786
0.108018258287452
0.195433445552876
0.267066642656000
0.308343224368128
0.311274952628149
0.274661443925703
0.202748678554908
0.103999231782832
-0.010256742428809
-0.127537034411781
-0.235874810021912
-0.325602510298543
-0.391101293525707
-0.431022274560775
-0.446289763966774
-0.437771041983897
-0.405831051426115
-0.351817458044815
-0.280092434269070
-0.199024823002398
-0.119659789208895
-0.052430306298707
-0.004068712175939
0.023473284036743
0.032004709805230
0.025131030673648
0.006889877401060
-0.018199957197851
-0.044627438390623
-0.066648150690701
-0.080561524547459
-0.086859971863049
-0.090086050859255
-0.095655755178744
-0.105813674687858
-0.117944164847848
-0.126211069659798
-0.125116388011555
-0.112551985226944
-0.090242368905958
-0.061634612463984
-0.029273291555592
0.006261230971335
0.045271355541231
0.087132620265768
0.129511392574274
0.169034034301388
0.202731732323919
0.229035613015194
0.247482043995487
0.257621915088920
0.258398627957859
0.248535712401950
0.227392305980611
0.195751118170564
0.156232903313763
0.113008971702394
0.071164291903084
0.036261774834324
0.013635412805958
0.006976581225234
0.017129283342101
0.041862270162940
0.076166976870686
0.113200785778979
0.146246767440333
0.170416504298927
0.183059625003905
0.183460473343542
0.172577086220809
0.153060199661326
0.129007627287006
0.104654796249575
0.082233380344711
0.060801757758331
0.037785433841701
0.012154402962430
-0.013555757670487
-0.034036703589488
-0.044375239773333
-0.043175217304690
-0.033523423796089
-0.021704016830343
-0.014721949910883
-0.017881304734260
-0.033006553319113
-0.057499912925995
-0.084819182294370
-0.106967316571258
-0.118333645720254
-0.118197013937403
-0.109871002060996
-0.097702388230775
-0.084179256733102
-0.068612716938451
-0.048245327436037
-0.021207005162551
0.010848423806377
0.042368143533030
0.065845310758452
0.074887601610625
0.067031368100012
0.044863701499811
0.015031105309953
-0.014147455630563
-0.035737423138691
-0.046853708874894
-0.049270029634579
-0.047047236189403
-0.042767926606728
-0.035331853016148
-0.020700388359877
0.004687895884599
0.039742272135103
0.077305593522436
0.107138841600815
0.120987539654362
0.116140857791874
0.095553932976134
0.064820107256343
0.028411871229723
-0.011635668955182
-0.053929124871786
-0.095280512059346
-0.130273939667454
-0.153310638198649
-0.161578407222475
-0.156592548689172
-0.142705920190752
-0.123817893253475
-0.101402622902531
-0.074865846849793
-0.043060536468207
-0.006178952648069
0.032946776879911
0.069392608091402
0.097997742978598
0.114849350311477
0.117924443322665
0.107428192810968
0.085766796705184
0.057070977769348
0.026880688889104
0.001495210616023
-0.013691140550490
-0.015701955627773
-0.004326613945781
0.018292668881149
0.048301482473794
0.081197062000252
0.113177732258265
0.141599696685809
0.164268417632325
0.178491167514942
0.180662810521454
0.167150709165402
0.136599393640309
0.092153047233056
0.041711341335114
-0.004230164380936
-0.036581270808842
-0.052149180402551
-0.055312356351286
-0.054744415208292
-0.057929316643516
-0.067509111494994
-0.080942748234971
-0.093093533372623
-0.100131775260315
-0.102231282877659
-0.103205036268073
-0.107465204917285
-0.116597729954841
-0.127928530238335
-0.136266568206637
-0.137744854333614
-0.132745178219159
-0.125667190318929
-0.121845754769345
-0.124012233510421
-0.130874777308853
-0.138510141937434
-0.143030635502021
-0.142247999092000
-0.135676521946650
-0.123973096193325
-0.108646225974393
-0.091959937563965
-0.076574849509419
-0.064868749040946
-0.058040344394471
-0.055065497874945
-0.052868904952294
-0.048454654005764
-0.041041492616413
-0.032503803257509
-0.025997432630445
-0.023424477705444
-0.023635137402478
-0.022909116167000
-0.017154430608864
-0.004330511334204
0.014107946984839
0.033687342709824
0.049331800975546
0.057826790890635
0.058536844716145
0.053036156845146
0.044550963147999
0.036603973548401
0.031130609658215
0.027820249360918
0.025096256449498
0.021344961488077
0.015572685702240
0.007438256142022
-0.003382005404871
-0.017722959946479
-0.036467905556444
-0.059494559518756
-0.084827012541240
-0.108410563679374
-0.124929244738377
-0.129626422452750
-0.120026392425134
-0.096505460247806
-0.061876044852061
-0.020410574103984
0.023473737273200
0.066010291415071
0.103783604557810
0.133176995474180
0.150581468898597
0.153246192412564
0.140109639308474
0.112233027517260
0.072710097098043
0.026150486944316
-0.022081837474467
-0.066796612268355
-0.103874854222523
-0.130729782937902
-0.146160097017436
-0.150030232173686
-0.143032256658681
-0.126179536483204
-0.100304517162062
-0.066334912848751
-0.026065515840726
0.017379270919475
0.059430594328347
0.094324746754101
0.116229923917226
0.121122720254232
0.108430625428682
0.081688944904917
0.048166377443948
0.017424073158280
-0.001504340819908
-0.003556577270948
0.010263537631815
0.033553695481116
0.058001702218655
0.077956258033240
0.092985485602035
0.106857277994931
0.124225142725174
0.147171619012639
0.173368658847347
0.197059266396906
0.212126517384214
0.214730694906150
0.204123268888092
0.182183148069868
0.152369488315921
0.118400475794744
0.083065667024627
0.047628667479746
0.012259603801745
-0.022485136774070
-0.054280992706913
-0.079006891452764
-0.091864016388139
-0.088936387520638
-0.068795083872853
-0.033169771374172
0.014146086765978
0.069199743834971
0.128497858532590
0.188011469208215
0.242658863649365
0.287170267314481
0.317160415192286
0.329850037764896
0.324424688538214
0.301779289773659
0.263778476516712
0.212693191623067
0.151464021461055
0.084306488872806
0.016663414300283
-0.045441729734659
-0.096187615163182
-0.130736582862467
-0.146098145347406
-0.142057963466982
-0.121555715766325
-0.090075835617413
-0.054540854056544
-0.022238550641364
0.000320117667423
0.008603782168165
0.000583061336433
-0.023768665947928
-0.063069944206968
-0.114497560478707
-0.173623089075749
-0.234687283114573
-0.291221454351704
-0.336788690545587
-0.365779915227810
-0.374199272546776
-0.360327731164357
-0.325199740050184
-0.272834363377191
-0.210126508339080
-0.146152285335545
-0.090608363598874
-0.051660465367684
-0.034162463752789
-0.038933322562398
-0.062763370983130
-0.099123719596882
-0.140343576454986
-0.180501925228097
-0.216766519388248
-0.248297236459343
-0.273980084734153
-0.290886715040880
-0.294565207871182
-0.280901991492607
-0.248292996612495
-0.198641172583517
-0.136488761360482
-0.067195480846335
0.004228820346766
0.073228244889222
0.135658589419982
0.188136731373848
0.228364991796640
0.255206094798216
0.268860347371276
0.271054001003064
0.264492683075725
0.251763204069014
0.234834982016191
0.215356520290479
0.195220824084505
0.177185043506913
0.165011982449897
0.162229870805383
0.169806118334841
0.184609021139926
0.199861528607770
0.207370895054427
0.200833596143724
0.178599980112854
0.144249906612427
0.104768265675036
0.067122259431924
0.035088821495860
0.008574590305673
-0.014315644698882
-0.034516361788108
-0.050779174630521
-0.060723872245871
-0.063142811100651
-0.059744932129726
-0.054947671379861
-0.053356728261216
-0.056460036461172
-0.061510298803595
-0.063450271982340
-0.057741022843623
-0.042594387642295
-0.020259813313878
0.003680573482656
0.023299235604911
0.035604055068833
0.041717471629174
0.045564571380512
0.051516812370976
0.062424205822656
0.078599454818215
0.097653162256592
0.114926864951488
0.124594345971993
0.121304768355039
0.101921724626519
0.067206651345521
0.022692262723726
-0.022700718738795
-0.059937674421740
-0.082739937668262
-0.088813181600837
-0.079696874438873
-0.059355722630762
-0.031997464428689
-0.000830709084709
0.031225110873542
0.060375653202941
0.082221752127977
0.093092013946187
0.091064678142339
0.076357834415582
0.051393137982293
0.020614319934995
-0.010298040897150
-0.036114671553441
-0.053706452789843
-0.062392910044163
-0.063408918650912
-0.059315282833704
-0.052923429468115
-0.045979199830219
-0.039184776935702
-0.033506111197842
-0.030923401397141
-0.034016014424265
-0.045232222242941
-0.066220241707683
-0.096998612645172
-0.135372276606289
-0.177136763247556
-0.216650244925029
-0.247568944991729
-0.264128524098633
-0.262517851760131
-0.241581711438229
-0.202773360996918
-0.149664921481287
-0.087679323379601
-0.024217865132310
0.032017899521892
0.073200801479201
0.094717985421041
0.096258906951372
0.081604628614300
0.057373815256598
0.030825913304440
0.007459042628077
-0.010374329675506
-0.023432987625988
-0.034539434522110
-0.046687417850293
-0.061042275032576
-0.076610807602875
-0.092104215399575
-0.107785350971946
-0.124867931994195
-0.143012914440489
-0.158462619185647
-0.164652742348700
-0.155417191166341
-0.128711409835858
-0.088058389320382
-0.040972473449845
0.004226004335727
0.041293138934772
0.067368859942920
0.082675289768835
0.089627595076830
0.091949880679487
0.093359695688043
0.096314144879446
0.101907422759557
0.110127749257829
0.119498200241976
0.127029104758435
0.129242499751548
0.123501762029264
0.108890386249123
0.086690069359268
0.060130478372476
0.033085821224894
0.008667401642499
-0.011421065067772
-0.026631089666910
-0.036464970856233
-0.039408414142580
-0.032928865839304
-0.014522783781140
0.016792667422368
0.059118724066609
0.107250873804046
0.154076787668875
0.193221261027224
0.221224585857507
0.238163256142519
0.246255818417333
0.247096405760579
0.239827418386636
0.222136228695597
0.193139938302492
0.155368295108954
0.114449544862552
0.077268724227951
0.049702099108844
0.034737852337336
0.031530828379849
0.035661247343881
0.040877179978936
0.041717850265383
0.035447238376459
0.022319520383538
0.004348158686585
-0.016414269321714
-0.038882456722633
-0.062805384195033
-0.088255471676778
-0.115313224923531
-0.143177362246902
-0.168753998821608
-0.186699038490133
-0.191636684489597
-0.180573166479097
-0.153792073561810
-0.114463570098935
-0.067519797799954
-0.018253955796463
0.028510608419772
0.068676800253433
0.099319653213348
0.119112401133387
0.128122815152377
0.127317937185041
0.118247310330663
0.102818196850177
0.083116919528097
0.061395824773718
0.040099654600706
0.021674050606769
0.008060742777123
0.000122042380212
-0.002345569635349
0.000059059593862
0.006446719425291
0.014619529929513
0.020645293606502
0.020396236783329
0.011761587840789
-0.004048549514441
-0.022636922388365
-0.038440109348031
-0.047649344139612
-0.049579231530878
-0.045752265356415
-0.038343475432748
-0.029410469584560
-0.020583663892249
-0.012443792712090
-0.004047064698645
0.006553098476059
0.021202243435398
0.040708152816742
0.063951651115767
0.087387643851121
0.105835301406295
0.114410842476920
0.110565647431708
0.095103843034382
0.071700332914056
0.045470914748479
0.021347753295938
0.002848730688714
-0.008308153945925
-0.011988034093820
-0.009499986399901
-0.003562805179429
0.002092367908026
0.003467392589947
-0.002833760806090
-0.018638805483538
-0.043476845425597
-0.074602871510395
-0.107924306441712
-0.139375746350016
-0.165943294230885
-0.185965414676200
-0.198622527733986
-0.202704452806875
-0.195832786810430
-0.175418240781411
-0.140624682561260
-0.093451496317993
-0.038502388153067
0.017662412254425
0.067514583068855
0.104177628260272
0.122841873011700
0.121297188877447
0.100208673779683
0.063538098797914
0.018251536900501
-0.027154419235454
-0.064301439842710
-0.086103826940278
-0.087777452303908
-0.067412279940918
-0.025788198754512
0.033837226965794
0.105248624960497
0.178753099327111
0.242275047914859
0.284311897186293
0.296779523261601
0.276349392257307
0.224816257689111
0.148920790796316
0.059043477194466
-0.033220965952106
-0.117606006055487
-0.186992240204655
-0.238026783799339
-0.270389389455654
-0.285310599574766
-0.284395126043339
-0.269198495399261
-0.241331973108922
-0.203277153145546
-0.159932865039544
-0.119228308913475
-0.090064238575760
-0.078513052312270
-0.085058086454569
-0.104710460198406
-0.129473923687535
-0.151268852150922
-0.164094890397017
-0.164966239096799
-0.153461297573224
-0.130750613666912
-0.099326909369242
-0.063272009425432
-0.027939958275401
0.000970076117208
0.018116089056214
0.019198085445334
0.002387370913150
-0.029965188224163
-0.070665913185077
-0.108798330467400
-0.132694853074841
-0.134080764451598
-0.111285994333603
-0.069436474828417
-0.017969153308983
0.032632408059816
0.073942015408630
0.101795789953449
0.116005043690829
0.117837245023062
0.108015605585496
0.086696097155466
0.054496624622003
0.013590361680898
-0.031633331936122
-0.074924081655836
-0.109494740899678
-0.129412114499542
-0.130424168863742
-0.110305888462674
-0.069306192086462
-0.011044527969360
0.057188560892713
0.125832504699673
0.185373589024983
0.228331001934755
0.250561971399982
0.251351094864251
0.232199035345365
0.196098883576493
0.148241890765314
0.096209910426932
0.048451497616895
0.012528806280230
-0.006102366247139
-0.005548666359229
0.011799772162863
0.040878857379141
0.076479230436757
0.114549696175612
0.152333924485888
0.187734606538054
0.218054449717344
0.239340240771611
0.247352077884982
0.239424059907154
0.215893623151735
0.180490320308966
0.139447172665983
0.099608666307091
0.066620736746405
0.043945163168496
0.032696899450191
0.032081765028660
0.039754737472042
0.051826588350202
0.063290606740469
0.069016600417052
0.064754982052956
0.048256878740532
0.020491759158768
-0.013914377258943
-0.047660782235509
-0.073052275857266
-0.084804614345702
-0.081769832511132
-0.066460488100758
-0.043182665233660
-0.016292448023950
0.010506164896407
0.033544605154076
0.048156983173047
0.048963402023582
0.032052584990088
-0.002602229369001
-0.050765008826118
-0.105673574273754
-0.160099076573161
-0.207725195817316
-0.243788301491635
-0.264889597906695
-0.268476107882344
-0.252887478228551
-0.218022082675636
-0.166141242623266
-0.102566042243822
-0.035849188292552
0.023117263318936
0.063097806395499
0.075292044603646
0.056283969688351
0.009870475134129
-0.053680433074529
-0.120905679353176
-0.179048868347167
-0.218826339850581
-0.235728212863136
-0.229968363528716
-0.205078383660912
-0.165743227682788
-0.115986144985704
-0.058456172308230
0.004716766516530
0.069813910240082
0.129974153459642
0.175773905113938
0.197852316715384
0.190237526104819
0.152620773564777
0.090713844712051
0.014854431040680
-0.062507192021317
-0.129390337382357
-0.176094868162765
-0.196007357125605
-0.185801777151140
-0.145803569666579
-0.080522413862198
0.001491859617099
0.088689166225464
0.167794352537807
0.225437283695322
0.250907559920314
0.239370491605694
0.193810518711244
0.124537291953635
0.046028441959417
-0.027608557657860
-0.086079247029749
-0.123853332934889
-0.139115781666172
-0.131809321194383
-0.102266378989198
-0.051737241126439
0.015883538557484
0.092945395372034
0.168606826325086
0.231336431842643
0.272494345835693
0.288960109546548
0.283239451614215
0.261408686968661
0.230393498424868
0.195750564117126
0.160806361314827
0.127368397824773
0.096827881583580
0.070331662254571
0.048205281299470
0.029664922403556
0.012871466168113
-0.005138598005739
-0.028006513916183
-0.058684354700931
-0.098002258790360
-0.143765511501162
-0.190670248910591
-0.231507121628860
-0.259454914503023
-0.270423393761295
-0.264130519133510
-0.243320817824863
-0.211908293164555
-0.173285623847842
-0.129693812473411
-0.082898856652130
-0.035537263137053
0.008076034426124
0.042767844240590
0.064552665502215
0.072216234622447
0.067581025089919
0.054576063018472
0.037681656504649
0.020865138843209
0.007328765096835
-0.000642757041189
-0.001664698804761
0.005300750025145
0.021019421469097
0.044895635498133
0.073972373446775
0.103051013679755
0.125689672139783
0.135955028000282
0.130748958343088
0.111340683501020
0.082388179423632
0.049196859237859
0.015951730783574
-0.014425213662847
-0.039933653664354
-0.059058687117007
-0.070596546490642
-0.074061003617598
-0.070070349206348
-0.060277564665351
-0.047131982137687
-0.033530592627765
-0.022244914343050
-0.015456104675936
-0.014330760441894
-0.018259909806392
-0.024513153313773
-0.029284162918629
-0.029416106261393
-0.023302017269564
-0.010847397334257
0.006775754145918
0.027508834281321
0.048746182842757
0.067473734572193
0.080811196879981
0.086891673629467
0.085151094991352
0.075941467562180
0.060258882215973
0.039830808462300
0.017097754787488
-0.005023186533083
-0.023594806393060
-0.036408600855090
-0.042439367524310
-0.041640926665809
-0.034592011100586
-0.022359012732772
-0.006459364572619
0.011032588071929
0.027088243355814
0.037616708660338
0.038337622240842
0.026422168827673
0.002342364729736
-0.029181487720932
-0.060595161667557
-0.084865902374728
-0.098285338461623
-0.100803334753226
-0.094420967550413
-0.081534706222053
-0.064358774456485
-0.045324606989538
-0.027347980063553
-0.013044489910192
-0.003619153836175
0.001318635038944
0.002818564517525
0.001475986576071
-0.002953139032930
-0.011190235089026
-0.023332570917482
-0.037607605291403
-0.050501377931782
-0.058507231293586
-0.060222906341604
-0.057285109306181
-0.053256840106792
-0.051205631506365
-0.051755413954142
-0.052918200351752
-0.051764586001041
-0.046587355585967
-0.037771034115442
-0.027082593342385
-0.016561982510990
-0.007511481725919
0.000289421789631
0.008242156961860
0.017518677619521
0.028182145494670
0.039477508512297
0.050144248676328
0.058255763531663
0.061606746381531
0.058929035081009
0.050720306596116
0.038718996996499
0.024743833960537
0.010301143098031
-0.003121114584351
-0.013843954134691
-0.020098750010877
-0.020700096116959
-0.015687027803044
-0.005855800483232
0.008285920490535
0.026792478833873
0.049505133784390
0.075105426757051
0.100648333680439
0.121768536138713
0.133858994925683
0.133552076492363
0.119480249601595
0.092566189751971
0.056050002284747
0.014890404536395
-0.025227135303477
-0.058833371516605
-0.081675724848027
-0.091849343938730
-0.090368263849073
-0.080631100364725
-0.067103324038432
-0.053612387800485
-0.041839589078835
-0.030898286111085
-0.018311093390753
-0.001917874525058
0.018398252111068
0.040325504799907
0.060292796818551
0.075247280264471
0.083737885667897
0.086000964247080
0.083443245131932
0.077527404508291
0.068624576615387
0.056083358558616
0.039343475567859
0.018671623875390
-0.004659461367797
-0.028210819668380
-0.048804040833797
-0.063580977621102
-0.070625857505198
-0.069194290036998
-0.060244877352065
-0.046664192049919
-0.032270752116819
-0.020323387041302
-0.012831267636485
-0.010664037263706
-0.013867122309160
-0.021889410034430
-0.033776276493226
-0.048701439646853
-0.066573970491146
-0.087728835073229
-0.111574850110629
-0.135317912358645
-0.153912711315676
-0.161714665636966
-0.155285348246536
-0.135563304000411
-0.107754944820318
-0.079238142046153
-0.056998301752876
-0.045631499959746
-0.046465917072128
-0.057969333645927
-0.076699443331375
-0.098101456637121
-0.117472700169706
-0.131063387385480
-0.136210646229014
-0.130592469851751
-0.112167407853561
-0.079927518719264
-0.034673536190611
0.020250021774570
0.078970260191676
0.134340768341690
0.179468047406540
0.209044778838444
0.220580661072048
0.214993231528381
0.196228145687912
0.170099897050279
0.142557065238692
0.117869700684932
0.097745863968827
0.082006769842067
0.069843265953043
0.060401989434072
0.053286149814387
0.049315125437117
0.050443937153350
0.058930358908826
0.076509199520097
0.103398101168717
0.137605948709712
0.175327004280279
0.211499196563919
0.239871190373118
0.254180609012946
0.250682701197925
0.229646039681090
0.195103512643057
0.153581069098172
0.111788240169090
0.074426472537303
0.043877156417627
0.021451675534342
0.008306676822563
0.004883423724341
0.009727988108208
0.019228384513317
0.028697600057204
0.033967220220076
0.032385570866249
0.023046727396240
0.006610598740952
-0.015308846941856
-0.040857950829160
-0.067980770619658
-0.094019368238650
-0.115935582272347
-0.131266028814229
-0.138940587020786
-0.139248296193303
-0.132992875086319
-0.120718780348102
-0.102813967427793
-0.080334834713335
-0.055570463173463
-0.031539824031436
-0.010868594323442
0.004856686658594
0.014745687659889
0.017827687438865
0.013075150488826
0.000572385791817
-0.017420668236893
-0.036920611764160
-0.053983211981020
-0.066143176511175
-0.072575200918922
-0.073532530135348
-0.069961945554788
-0.063604663702641
-0.057094689463368
-0.053308996189449
-0.054046029816675
-0.059043950905823
-0.066224576093896
-0.072951861714758
-0.077280653321533
-0.078566916328388
-0.077436316596452
-0.075114087948612
-0.072357772094304
-0.068884071289424
-0.063866193971337
-0.056736585433303
-0.047357573978718
-0.035905569542714
-0.023181124225844
-0.011066887242138
-0.002452606566046
-0.000746292659794
-0.009085067221881
-0.028627283703235
-0.056602428170034
-0.086077697602692
-0.107843271886187
-0.113529868790209
-0.099038717929572
-0.066498161831531
-0.023026403901888
0.022894056222433
0.064558681780705
0.097954002968397
0.120980021738706
0.132096361869724
0.129459286154928
0.111671554824526
0.079834589051414
0.038786097869984
-0.003733161293758
-0.039109267612969
-0.060137955800957
-0.063030897105170
-0.048150507726975
-0.019208707646810
0.018173460116110
0.057856931363721
0.094467317987200
0.124244223256706
0.144685956334633
0.153303223255744
0.146966423256384
0.122827957171375
0.080513726984658
0.023989037800969
-0.038362942079441
-0.095498780897772
-0.136594751383645
-0.154038077210515
-0.145286701942245
-0.112779956513750
-0.062521344339893
-0.002661035447806
0.057835277899159
0.110636084655134
0.148968664544045
0.167910564404890
0.164730687044757
0.139479362451069
0.095070544076772
0.036650701951412
-0.028824091840371
-0.093083072967532
-0.148031759309969
-0.187174786593887
-0.205829669661065
-0.201117812941460
-0.172743977753331
-0.123884722722986
-0.061322545832184
0.005109008047401
0.064009912584040
0.105027016082446
0.121412891736364
0.111542529952082
0.079213803959474
0.032294410667809
-0.019845900446491
-0.068428309080103
-0.106167747070081
-0.127735530366977
-0.130117050333525
-0.112852367853132
-0.078501858323157
-0.032653543172471
0.017471302564376
0.064768582200426
0.103002857943631
0.127175675556395
0.134259889026801
0.123818751691199
0.098506379212607
0.064417799346328
0.029871657119227
0.002462068934519
-0.013314040302546
-0.016638843063141
-0.009963467779401
0.002558196136128
0.017885609878369
0.035611736276581
0.056600727506188
0.080886463582952
0.106744301343591
0.130599185540464
0.147803619292869
0.154804792398990
0.151264371653278
0.140038483312609
0.125531605973699
0.111989869511421
0.102000817513969
0.095733668858889
0.091769344055550
0.088877981314091
0.087047508299636
0.086820158354607
0.087793713117817
0.087704191419771
0.082705418488795
0.068927042309934
0.044541427000419
0.010981687582517
-0.027366845135748
-0.064744812505872
-0.095823048012983
-0.116857617427377
-0.126340341920913
-0.125142773414832
-0.115679140467816
-0.100516161760428
-0.081551603734029
-0.060203985899552
-0.038359840281451
-0.019444851620872
-0.008444490121316
-0.010369916355391
-0.028156599477243
-0.061062528374751
-0.104267232913064
-0.150212305523632
-0.190982710476858
-0.220266472763735
-0.234316215690258
-0.232025951238375
-0.214435066979604
-0.184274715217519
-0.145785437654863
-0.104463436080691
-0.066537069165879
-0.037898254018034
-0.022380636857552
-0.020403239302830
-0.029118358555490
-0.043913729415207
-0.060085819637986
-0.073838896092705
-0.082939736054256
-0.086977032584586
-0.086425173814744
-0.081196840968727
-0.070158653987955
-0.051549233263181
-0.023898534246918
0.012216436150550
0.052708066420308
0.090766454204943
0.119257411128720
0.132856449811682
0.129436445771879
0.110497106113798
0.080241835149771
0.043814133838072
0.006002793807530
-0.029003178197434
-0.057435623626345
-0.075837428044215
-0.081425491961998
-0.073265646363126
-0.053287161688162
-0.025907718887014
0.003415568138131
0.029644752202694
0.049199996250228
0.060268325475510
0.062112470740011
0.054367704653257
0.037239341840563
0.011788386820279
-0.020244357992686
-0.056332333269558
-0.092697484623295
-0.124280162559856
-0.145388650167787
-0.150913032350602
-0.137985492431773
-0.107222030674374
-0.062437575902113
-0.009203741911481
0.046381026158259
0.098432524402170
0.142055705356012
0.174053944912955
0.193267038631367
0.200469485313439
0.197848706688647
0.188445740648537
0.175776067678930
0.163272706253726
0.153366737967811
0.146418483410148
0.140270280584687
0.131353019948244
0.116682902086512
0.095035175549435
0.067024586598331
0.034963686536319
0.002401868069461
-0.027273830355835
-0.052243689967810
-0.072281956784739
-0.087848932854742
-0.099088936264885
-0.104826204407948
-0.102403976055682
-0.089258075170231
-0.065054713480287
-0.032428924781028
0.003823083150633
0.038256808617169
0.066541120819396
0.086572134658130
0.098207360677025
0.102181946789213
0.099363668497493
0.090941115750779
0.078948067229096
0.066324553929096
0.056553425212504
0.052979169939698
0.057792975578631
0.071101335737821
0.090452796126721
0.111090803665619
0.127316127740730
0.134431236635643
0.129916232120097
0.113557420552706
0.087089615938583
0.053386669386271
0.015739994198415
-0.021887284692815
-0.054421788010852
-0.076516985212605
-0.084441192778106
-0.077471257511787
-0.057976681360754
-0.030468868820579
-0.000093148957790
0.028391003671809
0.050637470104966
0.062953479699692
0.063130286238000
0.050987992303124
0.028567095115385
-0.000022500862027
-0.029566444177579
-0.055257908706676
-0.073818235252700
-0.083735957404688
-0.084714868208505
-0.076851232926513
-0.060470410506426
-0.036884612035021
-0.009171977106039
0.017935210874144
0.039190392292331
0.050626246536138
0.051070937160492
0.042159816972335
0.027066728722425
0.009293827482004
-0.008302906932752
-0.024232246684463
-0.037894149347396
-0.048323496827296
-0.053849113980047
-0.052816527427265
-0.044273314536340
-0.028527729625988
-0.007726404735874
0.014440240392335
0.033957690339328
0.047427107810275
0.052601497790030
0.049097241131334
0.038675413554248
0.024243325397853
0.008373276707250
-0.007027659241482
-0.020079411050737
-0.028904365602267
-0.032389833619474
-0.030866109462955
-0.026271736927538
-0.021479823882659
-0.018989496325181
-0.019979000858373
-0.024164199516649
-0.030234088924978
-0.036850380622559
-0.043658228014672
-0.051203909629271
-0.059934660502492
-0.069258358349134
-0.077072653124841
-0.080305630314083
-0.076712432113628
-0.066532329829455
-0.052367584422468
-0.037681180477389
-0.025436153717683
-0.017335715814815
-0.013739929809022
-0.014575290567932
-0.020360256322136
-0.032194099299692
-0.050982672301423
-0.076411388682616
-0.105802525949370
-0.133793539835971
-0.153886322702830
-0.161145446382379
-0.154151578779575
-0.135114088217158
-0.108436110794206
-0.078705118558168
-0.049110830165297
-0.021163794316697
0.004476818647317
0.027185241224693
0.045855544384664
0.058706596081499
0.063806027677804
0.060033954396710
0.048023355892572
0.030501272844708
0.011070731658443
-0.007751493350867
-0.025062859490136
-0.040704679377317
-0.054748938833206
-0.067392332886970
-0.078354436009886
-0.086493282355513
-0.090353506232848
-0.088951629070780
-0.082630778523892
-0.073886207845077
-0.066672818421093
-0.063907246322581
-0.065545435092973
-0.069011422404414
-0.070964045042932
-0.068801613614866
-0.061580309933461
-0.050047157243058
-0.035551158572706
-0.018993243145670
-0.000812818227113
0.018600612650882
0.038513155366605
0.057194636999063
0.071810861207200
0.079712833682586
0.080040260285229
0.074210077903571
0.065121315348909
0.055678844548219
0.047583315044157
0.041161214835470
0.036070161041295
0.031986349576698
0.028823632113835
0.026705314169132
0.025808794843879
0.026169793196673
0.027604081152636
0.029804327035819
0.032691706125653
0.036773098367310
0.043015686657129
0.052128150555117
0.063684475480053
0.075955327895707
0.086811494738190
0.094905810600262
0.100125194556843
0.102947960752794
0.103230427555514
0.099556402943970
0.089615250967389
0.071363072333738
0.044671147529894
0.012360888950557
-0.020423054089872
-0.047886019185581
-0.065373963361680
-0.070816769598731
-0.064838636464270
-0.049299402494666
-0.026128178577200
0.002219436901306
0.032186903117861
0.059766054978195
0.081402832060429
0.094663339948427
0.098925915295578
0.095333889827399
0.085816556182144
0.072307103222404
0.056565114587117
0.039991688586696
0.023494301969003
0.007894023085828
-0.005698436578568
-0.015996178396933
-0.021602347142614
-0.021104115372651
-0.013404305063123
0.002066059107897
0.025046332205748
0.053988387453001
0.085882549307828
0.116322162441950
0.139796761480846
0.150754432970597
0.145647873882435
0.124736292721406
0.092125642768854
0.054300354915583
0.017979762606966
-0.012149222276626
-0.034488940902600
-0.049705106225366
-0.059152730892107
-0.063562937532090
-0.062155130148014
-0.052870101076598
-0.034247953322549
-0.007453291153975
0.023287636361226
0.051748047308822
0.071682687904332
0.079080023082867
0.073285902034886
0.056341208153551
0.031671032149407
0.003277343421125
-0.024614681404645
-0.047876243250909
-0.063065967205212
-0.068162146294753
-0.062957073576971
-0.049141453911862
-0.030129882124919
-0.010119005479690
0.007570167526829
0.021533701094905
0.031797476330327
0.038773350076337
0.042558262179409
0.042518666943664
0.037683027828676
0.028052538379587
0.015466116237246
0.002966907409450
-0.006660257697161
-0.011875124347406
-0.012497542204654
-0.009121278674008
-0.002297980824890
0.007562141875703
0.019411543727657
0.030915975193133
0.038638977474053
0.038987227938020
0.029625445138473
0.010746063341839
-0.014891111715333
-0.043543613383129
-0.072110322873331
-0.098287143895075
-0.120109462028834
-0.135923169949771
-0.144451784997152
-0.144764681520190
-0.136512086123774
-0.120302291392422
-0.097741373255737
-0.071344791541324
-0.044524335141332
-0.021164644292231
-0.004810968956673
0.002019339527789
-0.001633330529869
-0.014900775537307
-0.035397699403204
-0.059850417117803
-0.084712805957334
-0.106925433284130
-0.124496831421328
-0.136387117248412
-0.142079921052647
-0.141193166747351
-0.133104175238946
-0.117095012887799
-0.093316763953556
-0.063774450823372
-0.032273650148341
-0.003387288696389
0.018759052762230
0.031639941193563
0.035013739697807
0.030475990242000
0.020479696692579
0.007761761842336
-0.005009289341580
-0.015682311465040
-0.022802856564715
-0.025450052293367
-0.023405463467488
-0.017681791277756
-0.010337853361202
-0.003300778445298
0.002649924098635
0.007986864744867
0.013889160206329
0.021463250524555
0.031075757581305
0.041986145062035
0.052620206246885
0.061585146314641
0.068393931841479
0.073294121189835
0.076765537904902
0.078946171839616
0.079118784699496
0.075774590271500
0.067498373282573
0.053985716998159
0.036193815983755
0.016037070970185
-0.003694602640327
-0.020029054469464
-0.031167137293266
-0.036949250958595
-0.038106276210331
-0.035451818318538
-0.029463509693873
-0.020034856222482
-0.006806253191559
0.009809390779268
0.027999908594866
0.045002767354787
0.058043519856338
0.065259010630702
0.066284719179299
0.061829518393297
0.052560578144171
0.038555336973555
0.019737831827930
-0.003063498684774
-0.027357700494341
-0.049608725344073
-0.066659781516177
-0.076511834925889
-0.078481767417387
-0.073490425216133
-0.064153999612427
-0.053730223061337
-0.044532526691036
-0.037542291469516
-0.032916651170594
-0.030395443343318
-0.030014062096343
-0.032608536067031
-0.039037872424585
-0.048890017938483
-0.060270616116974
-0.070904470711456
-0.079341206392797
-0.085410641877447
-0.089586068513201
-0.091399480270960
-0.088493629569734
-0.077574107486310
-0.056646424651876
-0.026959907771216
0.006721215450497
0.037773776945943
0.060372009045450
0.071426480201076
0.070566739820931
0.058714884582277
0.036853269344442
0.006275865881474
-0.030031638465162
-0.066869728521038
-0.098140345612443
-0.118730824983011
-0.125771446446254
-0.119094632941621
-0.100473335804920
-0.072090138822071
-0.036001341912691
0.005230387332970
0.048239978820536
0.089212917808156
0.124229559884106
0.149817842654739
0.163883579674236
0.166145113133990
0.157743695167874
0.140772747295681
0.117890125084122
0.091655793251203
0.064144839673454
0.037295978010898
0.013238640496482
-0.005747439634669
-0.017372969329864
-0.019918168044742
-0.013182190198514
0.001013240615651
0.019180825883812
0.037395174568810
0.052986826232176
0.065489659399763
0.075907941384035
0.085091891883514
0.092628821418802
0.096477935264487
0.093276306931594
0.079907112878123
0.055811221976196
0.023835517688743
-0.011225808564412
-0.044695094699812
-0.073185980952567
-0.095047972722118
-0.110299351050137
-0.119642476493745
-0.123329781098739
-0.121287241179475
-0.113748133778735
-0.100952317059550
-0.082636848140409
-0.058625701293363
-0.029880399798971
0.001242244062763
0.031179126265886
0.055551426416280
0.070519233612962
0.074301416035660
0.067320077490485
0.051463034585925
0.029878440690210
0.007229332937815
-0.010809572198383
-0.018958696925785
-0.013835549308849
0.004720042762452
0.033149225760308
0.065507544886477
0.095667645509552
0.118499968487901
0.130304447148487
0.129471699960436
0.116665687915489
0.094003224005599
0.064218850279762
0.030568743136770
-0.003187708684774
-0.033354091037378
-0.056770804682250
-0.070986456196677
-0.074703749396572
-0.068194828640025
-0.053379020816401
-0.033861197962462
-0.014416730422666
0.000574372822287
0.008595299046736
0.009140980084055
0.003198461852003
-0.007153219753923
-0.019567874498640
-0.032322941846340
-0.044214228879244
-0.054234058545461
-0.061673869076108
-0.065698400050258
-0.064650154381917
-0.056459017976606
-0.039922674769118
-0.015561016284977
0.014192882821371
0.045247805684514
0.072935869066591
0.093491689104262
0.104565722457729
0.104737261228474
0.093466149216012
0.071934652849377
0.043481326762444
0.012962190488757
-0.014112210050989
-0.032475668301451
-0.038451194088877
-0.030937818070505
-0.011318437425103
0.016974205203178
0.048964916538842
0.079468386630992
0.104637151083791
0.122187340990621
0.130644050794437
0.129083637238665
0.117460662021290
0.096677523852312
0.068578903490621
0.036502808408286
0.005480787014906
-0.019008393028253
-0.032828392175287
-0.034386944108117
-0.025246992499014
-0.009700764260145
0.007180053977211
0.021629661549728
0.031742117816774
0.037099794518420
0.038481151963300
0.037230712280875
0.034444653232797
0.030754945425893
0.026375023028787
0.021059108302151
0.014561649580361
0.007430639206855
0.001052861944026
-0.003022525528671
-0.003627576547330
-0.000248193600223
0.006842973524925
0.016822356015147
0.028800454309905
0.042011749847654
0.055898079795773
0.070163018943463
0.083953446831288
0.094951765478600
0.100288332306933
0.098585668444090
0.090840658916064
0.079732160915790
0.068374376883523
0.058723814023517
0.050163657287103
0.039906866550368
0.025084846696070
0.004596687678658
-0.020054226893966
-0.044920687227215
-0.065202582585374
-0.077747671745245
-0.082491861377356
-0.081773233294029
-0.078588415006720
-0.075175182219274
-0.072235385061355
-0.068923236799611
-0.064003097160189
-0.057510266913059
-0.051173020108610
-0.047319614704826
-0.047696317919034
-0.052806837131053
-0.061585166454388
-0.071816747873801
-0.081443486460053
-0.089606062497807
-0.096336230760953
-0.101514129897380
-0.104538604094672
-0.104895345782574
-0.102569344068749
-0.097917421912782
-0.091661563044842
-0.085175440171462
-0.080457233166830
-0.079527896336404
-0.083497633413036
-0.091715805004026
-0.101643954480588
-0.109698095656462
-0.112491123518714
-0.107958292050218
-0.096261643629273
-0.079948377979854
-0.062786457919495
-0.048026883492228
-0.037363869579808
-0.030936679942728
-0.028079815012575
-0.028084357743689
-0.030297572682883
-0.033920647128892
-0.037974722340643
-0.041190879106822
-0.041886133552555
-0.038385241595436
-0.029902527829090
-0.016967860362286
-0.001061526483322
0.016024346143607
0.032956254210067
0.049390200973301
0.065226698368370
0.079078001174163
0.088109657335084
0.089563519809943
0.082093702298072
0.066429121545137
0.045746328484888
0.024825564143358
0.007721622095240
-0.004131161846746
-0.011597955794629
-0.016067397515601
-0.018052941968864
-0.016655743603036
-0.009934805203386
0.003479945333974
0.022466545047109
0.043016205914108
0.059895129021336
0.069136648266618
0.069617205766271
0.062969739371710
0.052453091386269
0.041511236425366
0.032326802176271
0.025151747067788
0.019139986038624
0.013746690248192
0.009343077004838
0.006980146836361
0.007538431002646
0.010613897008988
0.014303850363147
0.016421974973364
0.015736574932483
0.012001588371649
0.005592507614051
-0.002486474822615
-0.010666308974250
-0.017156843517372
-0.020439077119385
-0.019723145018760
-0.015121904688372
-0.007615191446514
0.001104356863416
0.009119100845377
0.014947426024905
0.017758576820205
0.017415895937432
0.014886127316734
0.012116509763750
0.010936174502622
0.012327614083063
0.016696240751585
0.024049869361756
0.033639518180800
0.044035453273934
0.053679990496318
0.061150833702694
0.065661319213361
0.067851775281564
0.069400229206334
0.071485886641909
0.073934268665354
0.075533034120600
0.074463661620449
0.068759662798314
0.057246550719841
0.040307994390961
0.019870516342463
-0.001397259120493
-0.021414767046929
-0.039589911470399
-0.056481885037430
-0.072489460543908
-0.086610198614087
-0.096232180649784
-0.097990520248995
-0.089127913820982
-0.068741684379717
-0.038464964454529
-0.002526908050576
0.033009224299473
0.062127021633138
0.080959008463498
0.088423186810795
0.085235775616855
0.072732013340802
0.052221974357483
0.024947679396473
-0.006952399999094
-0.039210852263536
-0.065759219584296
-0.080892616268570
-0.081554760943463
-0.068264495824789
-0.044723665569163
-0.016399801578944
0.011647892071648
0.036186935772387
0.055350076884466
0.067546656282092
0.071379158628535
0.066385581336733
0.053607518004380
0.035615104240303
0.015903946764856
-0.002463440054171
-0.018253074597511
-0.032024409657073
-0.044541660501415
-0.055440776510382
-0.063268662605660
-0.066210148007825
-0.062950817427002
-0.053612592417421
-0.040104287520865
-0.025311753089535
-0.011917340187153
-0.002050598095210
0.002826723201029
0.002631036426941
-0.001363435512385
-0.007766508437298
-0.015828650507038
-0.025191503272866
-0.035638304904162
-0.047001882103845
-0.058679687889486
-0.069186568416197
-0.076507074135069
-0.078860923820439
-0.075256471300253
-0.065904527712775
-0.052504526801397
-0.037833114472966
-0.024539979036691
-0.014178624864245
-0.007138802622185
-0.002999104498544
-0.000815012136402
0.000364115505714
0.000707879070947
-0.000495761383640
-0.004167202358319
-0.010977642065687
-0.021039297227350
-0.033367205953311
-0.045849053792206
-0.056265059248890
-0.063348216419082
-0.066814006269531
-0.066971077018210
-0.064570064112404
-0.060468000278162
-0.055051623111785
-0.047988708769767
-0.038590840499429
-0.026478219349082
-0.012141501793866
0.002800302100596
0.016031003662893
0.025685727783270
0.031214193419704
0.032991468488127
0.031236838309368
0.025747590080670
0.016626280626521
0.004867932068007
-0.007684334330574
-0.018813549193562
-0.026694014555307
-0.030651614207280
-0.031283236598251
-0.029723602553725
-0.026878147877002
-0.023276656586745
-0.019112486812312
-0.014105237048405
-0.007682631951703
0.000345755507284
0.009634035945688
0.020093901157728
0.032216037997660
0.046072755511591
0.060325114268359
0.072438853408187
0.079614335774511
0.079754535782752
0.072425636457076
0.059269114047951
0.043237142971762
0.027305286454434
0.013742178226748
0.003865482907393
-0.002209072847187
-0.005265512165930
-0.005914935396856
-0.004075617131209
0.000498206385576
0.007607102531858
0.016363213966396
0.025175773406948
0.032162427127461
0.036272211323442
0.038207014933901
0.039736724839469
0.042095947375824
0.045136030163731
0.047460507773495
0.047218002141206
0.043519850246552
0.037717305918872
0.032981006482770
0.032070028879139
0.035499634918108
0.041677143724984
0.048204226684201
0.053177769048604
0.056123051766658
0.057999445468763
0.059836618908503
0.061345148221423
0.061275490519818
0.058834059505864
0.054299496109633
0.048690040976761
0.043457439087062
0.040190881886421
0.039824302953582
0.042119661053505
0.046098727971318
0.050491722609492
0.053644203677582
0.053770475593651
0.049849894451511
0.042047687024910
0.031425329390603
0.019772335341805
0.009214915874625
0.001228234033916
-0.003889868928219
-0.006461295471820
-0.006578544050803
-0.003992085841295
0.001231730299373
0.008219445566157
0.015551530023064
0.021798486093213
0.025785431220352
0.026987991654184
0.026105967355350
0.024627602472347
0.023504629642311
0.022639259722379
0.021388763281068
0.019002301209344
0.014825356091521
0.008742469489643
0.001436102044871
-0.006184247146709
-0.013632423188723
-0.020800314896320
-0.027692316326030
-0.034266823207665
-0.040143213908670
-0.044404434566435
-0.046119693507986
-0.045148122399337
-0.042125008873373
-0.037943562545172
-0.033561179749262
-0.029794504085035
-0.026738875997198
-0.023556186918543
-0.019288643267416
-0.013741622391229
-0.007449837255788
-0.001368535707490
0.003374240550214
0.006044499551835
0.006531360096450
0.004746407237438
0.000378005377206
-0.006335380927104
-0.014123102311100
-0.021304507422360
-0.026707729706217
-0.030188271692555
-0.032502704018375
-0.034433704306066
-0.035908040437472
-0.036082433261854
-0.034071071655554
-0.029406632457776
-0.022157705485778
-0.012861787575158
-0.002356730568457
0.007980711076498
0.015856491601169
0.018813147486365
0.015601476378864
0.006378836245845
-0.007750701384305
-0.024651144425864
-0.041425161089426
-0.055509884438677
-0.065283046826263
-0.070030338150072
-0.070291874299000
-0.067757333613250
-0.063912823242722
-0.059291412893430
-0.054165369149685
-0.049060900792523
-0.044689311931706
-0.041979885394262
-0.041927731628681
-0.045158621953353
-0.051655850725831
-0.060529640026615
-0.069933530369455
-0.077734141953716
-0.082550235510283
-0.084081381019743
-0.082631378831877
-0.078504366036691
-0.071505893129426
-0.060871631193739
-0.046275930495628
-0.029014795335716
-0.011619266236242
0.003635497761515
0.015513795460813
0.023715783775511
0.028658791498458
0.030983290254516
0.031095588619515
0.029508924000890
0.027142982210573
0.025091065625685
0.024650340385614
0.027370353415434
0.034558638705941
0.046648397842231
0.062910355532587
0.081482797705874
0.099478823209578
0.113492796932550
0.120686343167063
0.119467960101816
0.109360244456251
0.090999953729255
0.066385123322967
0.038607630804152
0.011276514203575
-0.012012832461189
-0.028459262940432
-0.036636523885834
-0.036203093522591
-0.027474824293864
-0.011706828855266
0.008666171017297
0.030606218607551
0.051216157262548
0.068219273408523
0.080344038070786
0.087253595401606
0.089098778912535
0.086376851917863
0.079883071769359
0.070291716032739
0.057914887645419
0.043037716099784
0.026215057083118
0.008414163070302
-0.008661183239883
-0.022786507883717
-0.032242527986082
-0.036500009327463
-0.036121732854072
-0.032398452729231
-0.026987978176858
-0.021583852169293
-0.017429971876198
-0.014703161582584
-0.012345648373541
-0.008670823245984
-0.002458148144540
0.005972080453539
0.014457972223597
0.019932875937870
0.019893683278303
0.013538997300267
0.002444285078284
-0.009724135608854
-0.018759005542122
-0.021764040118024
-0.018393304676836
-0.011066760761671
-0.003841742232299
-0.000505196811280
-0.003230965695863
-0.012300103462884
-0.026409366233880
-0.043480775287310
-0.061586082127339
-0.078920949940041
-0.093319702773584
-0.102739995889339
-0.106175085095282
-0.103608559363502
-0.095666963057588
-0.084078537164151
-0.071559206915384
-0.060155348811136
-0.050165198633430
-0.040672976813095
-0.030140409559995
-0.016982547731829
-0.001131419023080
0.015033367208243
0.028206525273368
0.036136032489878
0.038012922356013
0.034294259671237
0.026358094278733
0.015413418606931
0.001775100264586
-0.014421782959714
-0.032090192737272
-0.048878578402346
-0.061300616177320
-0.065262926826230
-0.057772527483785
-0.038628813441023
-0.010379364604340
0.022844182253146
0.056534255954271
0.086814453404314
0.110915759740184
0.127089282220892
0.134349169812506
0.132045239410754
0.119475058301654
0.096408186586629
0.064123069893729
0.025346235574018
-0.016449708978352
-0.056847032393895
-0.090478034283303
-0.112558847520266
-0.120384259310408
-0.113447993480722
-0.093225534723720
-0.063175173801208
-0.028122360606195
0.006650433634456
0.035817096515059
0.055015756041388
0.062494359031388
0.058898352079430
0.045484324879038
0.024041759305444
-0.001860919011549
-0.027322060451991
-0.047725776470478
-0.059521640914075
-0.060504412923258
-0.049983406367239
-0.028539235829474
0.001827707236351
0.037081600810907
0.071701444579652
0.100280953700231
0.118407793151441
0.123132762330936
0.113831103204986
0.092305610422441
0.061885479574836
0.026776079066315
-0.008361062367585
-0.039030535238347
-0.061085192870831
-0.070850922312398
-0.066543928716074
-0.049773897078642
-0.024872698825797
0.002780690586889
0.027579985473576
0.044703235109620
0.051490680761488
0.047411051686860
0.033278943903912
0.011307847899845
-0.015197869826195
-0.043173803001820
-0.070433118014880
-0.095122599610223
-0.115085586284514
-0.127600069944286
-0.129691216468150
-0.119328797126322
-0.096628595421995
-0.063744605259951
-0.024079060798729
0.017997446925493
0.057402843104811
0.089138293189834
0.109193483955017
0.115375323966110
0.108053502346080
0.090203091854109
0.066271129244487
0.040616425019435
0.016561639864164
-0.003859923869796
-0.019582618650019
-0.029785580364743
-0.033670615401905
-0.030938563610173
-0.022067876730949
-0.008389066609514
0.007712644444658
0.023307780919029
0.036419330837470
0.046885839958211
0.055485272762846
0.062519443451567
0.067220128712149
0.067866414400700
0.062550763021648
0.050737232243458
0.034200249498256
0.016075380954424
-0.000571768430885
-0.013338976415322
-0.020918863578336
-0.023323181705047
-0.021178373877971
-0.015008925371494
-0.005602384011642
0.005493778744421
0.016362592782069
0.025272828293699
0.030933504749383
0.032862174099949
0.031628282182201
0.028412979467073
0.024157499973979
0.019120389217651
0.013044244104521
0.005584804900011
-0.003076303296131
-0.011947464304693
-0.019857516690289
-0.026131276435817
-0.030610814216591
-0.033686613380999
-0.036247680652489
-0.038967814311257
-0.041728020403174
-0.043948571298598
-0.045295460107660
-0.046130132188136
-0.047551153740663
-0.050929792576019
-0.056931870789983
-0.064716638836569
-0.072233339562575
-0.077169749603328
-0.077588249572035
-0.072581867292489
-0.062945312550538
-0.050589509961732
